Date,Close,High,Low,Open,Volume
2010-01-04,39.124385833740234,39.55204737738231,38.42943455078992,38.522987743892514,7325600
2010-01-05,39.59212875366211,39.71908993664407,38.91054243378745,39.1243731362113,5697200
2010-01-06,39.71241760253906,40.046528467410454,39.45849263149899,39.54536217010337,4718800
2010-01-07,39.87278366088867,40.02647687982133,39.19119983766365,39.625542370147706,5432900
2010-01-08,40.32050323486328,40.340549073024086,39.59214137594246,39.59214137594246,6651300
2010-01-11,42.85305404663086,43.04683894354201,40.66128777527645,40.72811147200274,21958800
2010-01-12,41.59011459350586,42.20487725803659,40.881798761314954,42.104642995789405,13561900
2010-01-13,41.650264739990234,41.950962501515676,41.01545353964936,41.49657148752834,8398700
2010-01-14,41.41637420654297,41.991045186846925,41.26268354537893,41.496560084310495,6224100
2010-01-15,40.44757080078125,41.490380265119306,40.37356452076842,41.342370271548084,9397000
2010-01-19,40.99253463745117,41.1741857627026,39.92953973408099,40.205379761361655,8056500
2010-01-20,40.20537185668945,40.656136241790904,39.90262260724823,40.48121182973795,6953500
2010-01-21,38.247581481933594,40.29956465472745,38.146665917562295,40.0304513501613,13874900
2010-01-22,36.49834442138672,38.71179302160044,36.343605204625376,38.065924316912906,14757600
2010-01-25,37.09713363647461,37.80355297718182,36.88857322687308,37.11058956071586,9777300
2010-01-26,37.574806213378906,38.30813737944906,36.733830223227585,36.996216887977035,15218300
2010-01-27,35.953392028808594,36.222505278090345,34.33199098969872,35.630457669542984,34041000
2010-01-28,34.890419006347656,36.21579824322389,34.446383700730294,36.20906899679248,15623100
2010-01-29,35.14607238769531,36.18215293600289,34.984603856042504,35.50937209261746,13962000
2010-02-01,35.61700439453125,35.993762458204245,35.32098185150883,35.53627144033502,7159100
2010-02-02,36.027408599853516,36.14178266175337,35.40172229789428,35.98031415273442,7665400
2010-02-03,35.91975402832031,36.33015058444392,35.72464704812152,35.791926644631886,6340800
2010-02-04,34.5809211730957,35.56318015663914,34.567465254169264,35.52281239985981,11640200
2010-02-05,34.816410064697266,34.97114935701016,34.10326141770901,34.45310777850766,15988800
2010-02-08,34.16380310058594,35.08551450678181,33.975425325984595,34.742394912809715,8668700
2010-02-09,36.013946533203125,36.49834941116979,35.35462181955653,35.4555399412844,15494200
2010-02-10,35.758296966552734,36.36379808605846,35.28734994041173,36.09468733287419,8581500
2010-02-11,37.77662658691406,37.85735952934417,35.4353481583552,35.724643982388216,16405500
2010-02-12,37.8102912902832,38.045763604838754,36.740569437884446,37.06350399775595,13447700
2010-02-16,38.429237365722656,38.50997290702473,37.80355103613408,38.19376511972911,7364200
2010-02-17,38.68489456176758,39.256757193924756,38.496516766036734,39.05492347471957,8450800
2010-02-18,38.893455505371094,39.054921445764876,38.247584044431406,38.44942031960591,6844000
2010-02-19,39.189483642578125,39.344222926668614,38.55707058154022,38.74544839409295,8005800
2010-02-22,39.04146194458008,39.67387742477939,39.021279345494435,39.512408932730416,6994800
2010-02-23,38.119754791259766,39.2769384296368,37.82373220382936,38.94727475366146,10311000
2010-02-24,38.32159423828125,38.65798464254943,37.98520383401308,38.12648718785648,5810100
2010-02-25,38.207218170166016,38.36195742967638,36.471442659523575,37.22495892294988,9965600
2010-02-26,38.382144927978516,38.50997492517836,37.7430026413447,38.308138627800744,6108500
2010-03-01,38.92036437988281,39.28366659167451,38.5166969666397,38.570520657181355,8398500
2010-03-02,39.12220001220703,39.572961864064006,39.03473779973673,39.20965965822255,6583600
2010-03-03,39.404781341552734,40.319763874496424,39.28368056122456,39.324048343485856,8833800
2010-03-04,39.32403564453125,39.69406454650429,38.89345637194772,39.552781203898114,6195600
2010-03-05,39.848812103271484,40.084286956397094,39.626795742476105,39.969912869689125,6626900
2010-03-08,39.633514404296875,40.02372847635878,39.40476884361178,40.01027255320613,4755100
2010-03-09,39.815155029296875,40.17845715935454,39.29038699684975,39.33075218921999,7692500
2010-03-10,39.54603958129883,40.03044239456561,39.3105674173242,39.76805839286414,6529900
2010-03-11,39.62678527832031,39.6806064011516,38.96745791684006,39.55277898877938,6166500
2010-03-12,40.60905075073242,40.69651297603657,39.929540684566234,40.05064143761654,9688800
2010-03-15,40.01028060913086,40.535048885469536,39.276949331615185,40.39376551360227,7906700
2010-03-16,39.996826171875,40.15156547536331,39.58642940040551,40.13138286904696,7281000
2010-03-17,40.514862060546875,40.70323987008492,40.02373236678328,40.1313771960129,7925400
2010-03-18,40.21209716796875,40.62922042548997,39.922801301789136,40.10445237356152,7204200
2010-03-19,39.9429931640625,40.5754087235502,39.660426475618586,39.9429931640625,9425500
2010-03-22,40.333194732666016,40.548484304667454,39.46530720190478,39.4922190400185,7512500
2010-03-23,41.98824691772461,42.05552396680421,40.37357207526508,40.434122446018684,14315300
2010-03-24,41.75278091430664,42.075715417730386,41.32219900995301,41.68550128872547,11447400
2010-03-25,41.806602478027344,42.86286822918334,41.746052097609564,42.16990476053402,11361900
2010-03-26,42.0084342956543,42.50629324139824,41.70568497391759,41.98152501283573,7887300
2010-03-29,42.70812225341797,42.78885522585292,42.22371928589841,42.22371928589841,6986500
2010-03-30,42.49283218383789,42.80903995847035,42.25735994727428,42.64084477050923,6183200
2010-03-31,42.28427505493164,42.72158363048723,42.136265014314795,42.22372467626172,6660800
2010-04-01,43.05125045776367,43.1925312628412,42.580303319531716,42.580303319531716,7829300
2010-04-05,43.72401809692383,43.73074734142181,43.19252070559432,43.30016808592366,6695600
2010-04-06,43.92586135864258,44.04696211432942,43.44145833589523,43.602924299174205,6389000
2010-04-07,43.374176025390625,43.98640384232924,43.057968249790655,43.89894419216938,6973000
2010-04-08,43.38091278076172,43.49528429682822,42.755223799533965,43.0916168011807,5418000
2010-04-09,43.91239929199219,44.080594487144914,43.60964999388129,43.663473688228564,6022900
2010-04-12,44.8946647644043,45.076313320798704,44.24206657118084,44.356438074573994,11837000
2010-04-13,44.53136444091797,45.24451047275272,44.51118183743741,44.874478965908075,7001400
2010-04-14,45.26468276977539,45.32523569933991,44.5380784124562,44.652455027653815,5497400
2010-04-15,45.897098541259766,46.2267596353087,45.18395266717984,45.18395266717984,7129500
2010-04-16,44.995582580566406,45.90384085822208,44.632280296086265,45.7827400967287,10385300
2010-04-19,45.06959533691406,45.547269205359854,44.24880173964529,44.807211171611605,7969400
2010-04-20,45.41270065307617,45.95092730657284,45.345423604616535,45.55398399471435,7695400
2010-04-21,45.58089065551758,45.695262138179345,44.874468894777614,45.574161411564184,6357500
2010-04-22,45.70274353027344,45.79751994853789,44.66019776443705,45.1340798557593,8718700
2010-04-23,46.562530517578125,46.67761549969405,45.350739681070834,45.49290439396648,9044500
2010-04-26,48.50543212890625,49.304265673859064,47.82845472352005,47.98415663439936,20131900
2010-04-27,46.39326095581055,48.458044116713886,46.22401660376692,48.23464033243364,14323100
2010-04-28,46.69114685058594,47.57121464957611,46.44066327410319,47.00255593314517,8232800
2010-04-29,47.896148681640625,47.902919901485554,47.1311661168413,47.36133594229462,7916800
2010-04-30,46.09539794921875,48.30911738440182,45.91261628705888,48.05863383669583,9428100
2010-05-03,47.34782028198242,47.49675619699608,46.09540745023836,46.28496553793833,7885900
2010-05-04,45.154415130615234,46.41359419426923,44.849777200508505,46.41359419426923,12558100
2010-05-05,44.653438568115234,45.65536761445744,43.38072263377729,44.5857418461163,11419500
2010-05-06,42.98807144165039,45.316875704809824,39.8062766609724,44.578967540757276,19363500
2010-05-07,42.040306091308594,43.63120234885567,41.05191945825836,42.68343529971904,15724700
2010-05-10,45.14763259887695,45.35749397793802,44.13216631578879,44.59927729385789,11852100
2010-05-11,44.7279052734375,45.34395730590781,44.003539521753474,44.12539568394932,7481300
2010-05-12,46.13600540161133,46.23755303262013,45.086688489398824,45.12731064075859,7791600
2010-05-13,45.296566009521484,46.305261016192105,45.13408769434079,46.13601664490846,6531000
2010-05-14,43.92229461669922,44.80913857866,43.26562825344997,44.65343149429302,9938400
2010-05-17,43.1776123046875,44.504487221693196,41.96582487406052,44.01029667432694,11881200
2010-05-18,42.77820587158203,44.36233327215817,42.548033425943984,43.94261054168145,9594300
2010-05-19,41.593509674072266,42.76468080533051,40.13123792020744,42.60897624154687,18582700
2010-05-20,39.71826171875,40.896203498420775,39.26468811289059,39.989053704238195,22798500
2010-05-21,40.67959213256836,40.95715290016343,38.72312689482935,38.79082363523201,15889900
2010-05-24,40.09062576293945,41.37011337963491,40.00261792668213,40.6592872128558,11176700
2010-05-25,40.0838508605957,40.18539855330237,37.734739888468226,38.14769413539474,13793600
2010-05-26,40.43586349487305,41.56641719928063,40.11091462301268,40.3681667816595,11566900
2010-05-27,42.01322555541992,42.05384255358613,41.17377229963985,41.53934077792138,9555100
2010-05-28,41.13315963745117,42.256942399267814,40.65250614023559,42.256942399267814,7704900
2010-06-01,40.12446212768555,41.72889829523427,40.09061376462912,40.64573518264116,8340800
2010-06-02,41.20085144042969,41.22793116046904,40.131225741053356,40.55095365427063,9453500
2010-06-03,41.370094299316406,42.216316151020756,40.90297818439855,42.16892793392244,8982700
2010-06-04,39.10221481323242,40.754041378004146,38.8314253935313,40.273388027501916,10279600
2010-06-07,37.795654296875,39.45424707221418,37.775343216211894,39.2714628410312,8904600
2010-06-08,38.323707580566406,38.70958465864333,37.15930512323114,37.91751941564099,11604900
2010-06-09,38.459102630615234,39.84013512437376,38.310166715787744,38.91944765602304,9749300
2010-06-10,40.58479309082031,40.61864144219607,39.26468672745621,39.474550637927805,9704700
2010-06-11,40.774349212646484,40.78112043294589,39.93489866799192,40.090603162847785,7341400
2010-06-14,41.29562759399414,42.35171342608505,41.214391016899214,41.57995690505849,9783000
2010-06-15,42.96099853515625,43.0286978456734,41.63412303859577,41.83721580521794,11870300
2010-06-16,43.5905876159668,43.67859284532951,42.46680489385138,42.588661069469346,10561900
2010-06-17,43.96969223022461,43.996771953508755,43.10316174484835,43.75305960888055,10574600
2010-06-18,44.5789680480957,44.61281898960324,43.71243766075937,44.09154341398689,11005600
2010-06-21,44.7279052734375,46.2714132179658,44.37587922983209,45.73660034860228,11652400
2010-06-22,43.40102767944336,45.00546620425216,43.24532316526736,44.88361004838151,8659600
2010-06-23,43.54996109008789,43.91552953700926,42.405867533885534,43.36717428416315,9037100
2010-06-24,42.90006637573242,43.631200782680956,42.68343376756513,43.197938148810756,8658200
2010-06-25,43.807212829589844,43.807212829589844,42.595422500721135,43.015150404580226,12068800
2010-06-28,43.59736251831055,44.20664344783052,43.33334164300684,43.63120830249352,6836700
2010-06-29,41.1940803527832,42.55480659083493,40.787894880732566,42.47357001291765,13057100
2010-06-30,40.66604232788086,41.93198965772029,40.5577260202336,41.30917153436467,9630300
2010-07-01,40.59833908081055,41.09253231644976,39.305312236202724,40.39524377694824,11598200
2010-07-02,40.06352615356445,41.0654524810718,39.684417847562734,40.82174018310384,7878200
2010-07-06,40.49001693725586,41.73565538621444,40.083828970714585,41.02482709038314,9357300
2010-07-07,42.094451904296875,42.15537996920354,40.39523730660185,40.51709343641518,7592900
2010-07-08,42.764671325683594,42.88652749336589,42.09446498589545,42.70374582430691,6058800
2010-07-09,43.8139762878418,43.901981486718675,42.649574383058784,42.7308109445081,6456900
2010-07-12,43.51612091064453,44.071242356573286,43.23856018768015,43.665056814540186,4915400
2010-07-13,45.2153434753418,45.60122057713901,44.21341415641504,44.59929125821226,10081500
2010-07-14,45.154415130615234,45.29658500725756,44.35558115652216,44.917473944428835,6851200
2010-07-15,45.0257682800293,45.07992254663598,44.24724323773799,44.93775791255407,8101700
2010-07-16,43.57419967651367,44.83494992465811,43.444718314669814,44.81450618322538,8504100
2010-07-19,44.16030502319336,44.45334427847644,43.315261045238174,43.86044945053343,6826400
2010-07-20,45.2711067199707,45.50280942095423,43.3152429937224,43.3152429937224,9468600
2010-07-21,45.57096862792969,46.37512227948403,45.1075579609437,45.65274361665789,11432400
2010-07-22,46.34103775024414,46.76356084854727,45.29154891845203,45.93896359485156,15905800
2010-07-23,47.23378372192383,47.45867530560479,45.884444618487116,46.00029596790172,8865900
2010-07-26,47.69720458984375,47.758541034657675,47.0770550217179,47.30194665382618,8878400
2010-07-27,47.14519119262695,47.82667704091625,46.40236891434292,47.82667704091625,11948000
2010-07-28,47.51320266723633,47.60179397159216,46.81808406611255,46.81808406611255,7609900
2010-07-29,47.295127868652344,47.901649972556754,46.48415789180976,47.5949781631495,7671300
2010-07-30,47.53364181518555,47.87438476726573,46.60682056958146,46.60682056958146,7218100
2010-08-02,48.41956329345703,48.862524859387705,47.75170498901361,48.20829918119283,6304100
2010-08-03,47.956153869628906,48.405931758826945,47.622222110214835,48.09244893924683,5878900
2010-08-04,48.467281341552734,48.70580037781861,47.89483045518959,47.89483045518959,6204800
2010-08-05,49.039737701416016,49.23736928856955,48.25602766941439,48.2628439860269,7415000
2010-08-06,48.76713562011719,49.0192873073445,47.90846701905752,48.39232144644603,5463400
2010-08-09,49.11469268798828,49.1896565591661,48.67172577629897,49.10787637261069,3625400
2010-08-10,48.67171096801758,49.06015763715241,48.09926543427094,48.30370803947032,6082400
2010-08-11,46.82490539550781,47.81306327755669,46.57957000405608,47.710839331230815,9221200
2010-08-12,46.000301361083984,46.34104433412905,45.50963064800707,46.000301361083984,7639900
2010-08-13,46.34785079956055,46.654517330398306,45.80266007882226,46.16384672159865,6659300
2010-08-16,46.67496871948242,47.00890056032287,45.7004436560463,46.08207930281755,5432500
2010-08-17,47.52680969238281,48.22192799504414,47.226959529826665,47.322367108729495,5946900
2010-08-18,47.53364181518555,48.00386875284014,47.063414877530946,47.581345620503775,4988000
2010-08-19,47.220176696777344,48.044774327269415,46.62728186523637,47.61543991780465,9625400
2010-08-20,46.927120208740234,47.3905308358114,45.97303889426137,47.295123224296,8022000
2010-08-23,45.55051803588867,47.53364463011132,45.46874305011464,46.818082308637656,8878600
2010-08-24,44.32384490966797,44.86903052667507,43.82635789981559,44.698659046486924,9669800
2010-08-25,44.092132568359375,44.282952974454425,43.16531399285769,43.81272607253797,8679500
2010-08-26,43.58102035522461,44.8553981588594,43.458352695017815,44.180728627384234,7075100
2010-08-27,44.909915924072266,45.080287376592025,43.17894134255266,44.133022516528115,7486300
2010-08-30,43.935401916503906,45.08711488528252,43.92858560089993,45.073482254074555,5133900
2010-08-31,44.405616760253906,44.87583842180628,43.560570633559585,43.710498339886776,6760700
2010-09-01,46.450077056884766,46.70903980269344,45.21658415872997,45.693627363313496,9071200
2010-09-02,46.70903778076172,46.87940923231133,46.17066336994604,46.5795538138003,5293400
2010-09-03,47.75853729248047,48.10609138833226,47.390534250409225,47.66994079017196,7837700
2010-09-07,47.49957275390625,47.73809701654857,46.88623950518493,47.55409288247167,6841700
2010-09-08,48.20830535888672,48.71260860823666,47.66993093819639,47.69037988018964,6323200
2010-09-09,48.140159606933594,48.951129425123206,47.71082539694611,48.76712533561116,5355900
2010-09-10,48.56269073486328,48.76713340229755,47.95616864928872,48.337799121292875,5018300
2010-09-13,49.230552673339844,49.39411307509105,48.86936588496001,49.039737403956245,7694600
2010-09-14,48.95112228393555,49.319125209949505,48.773934534523576,49.25778878928537,6040400
2010-09-15,49.155574798583984,49.25098240612128,48.24920252697974,48.64446038706651,5506100
2010-09-16,49.06698989868164,49.30550894860183,48.57631916780277,49.01246977317836,6233000
2010-09-17,49.87113952636719,49.95973082366448,48.44683125869194,49.2169136711162,11341800
2010-09-20,50.94106674194336,50.97514311380819,49.66668634433463,49.92565429212882,8886300
2010-09-21,52.0587272644043,52.54939813072323,50.920646626836444,50.968350449988186,14968300
2010-09-22,51.91559982299805,52.13367511878992,51.45218916952469,51.96330363147361,8386100
2010-09-23,51.97011184692383,52.81515283649696,51.111438228868025,51.39766103511184,8745800
2010-09-24,54.33485412597656,54.471149178664966,52.896918963025094,53.019586590173844,14218600
2010-09-27,54.20538330078125,54.50523872842997,53.76923278746906,54.31441832944718,8361900
2010-09-28,54.293983459472656,54.4779875744457,53.44894235174577,54.13724460527719,7784800
2010-09-29,54.512054443359375,54.51887075801504,54.123607697181505,54.24627536436003,7939900
2010-09-30,53.61930465698242,54.57338584718551,53.29900548890557,54.5461257903998,11940800
2010-10-01,53.30582046508789,53.7555983924533,52.83559359615327,53.353524263434586,8540800
2010-10-04,52.65840530395508,53.33307998723466,52.14047984118314,53.16951965226287,6418700
2010-10-05,54.10997772216797,54.35531304498583,53.29219157966696,53.48301198577764,7140300
2010-10-06,53.89189529418945,54.450713410925765,53.48300487694986,54.2462656026441,6252200
2010-10-07,53.66020584106445,54.375768216219086,53.053683720888834,54.150876589819,8978100
2010-10-08,54.77100372314453,55.20033781214945,53.789662720478546,54.116778121141515,14296600
2010-10-11,54.50526809692383,55.03001017872605,54.18496875377452,54.539339287035794,4593700
2010-10-12,54.069091796875,54.348503526984445,53.36035099713294,54.348503526984445,10034200
2010-10-13,54.71651077270508,55.32984920370117,54.57339933869358,54.76421458404225,8493200
2010-10-14,54.45751953125,55.08448506695313,54.02136394193177,54.85277724764898,5663900
2010-10-15,54.348480224609375,54.839150721224776,53.83736599052214,54.709666784806025,6522900
2010-10-18,54.68242263793945,54.866426727344155,54.28716480011422,54.48479111936465,6542700
2010-10-19,53.530704498291016,54.32122521673749,52.999141278071654,53.81692724810836,9857200
2010-10-20,54.7369499206543,55.0504328258584,53.70790470620001,53.76924114380791,9662300
2010-10-21,54.05854797363281,55.64144966974564,53.11291927158511,55.497549990822925,17736900
2010-10-22,53.67483901977539,54.07227938981625,53.3527754519135,53.969492366120825,6445800
2010-10-25,54.16819763183594,54.81917322266963,53.791313724744576,53.93521342709844,6484700
2010-10-26,53.89412307739258,54.17506873816419,53.35963675322118,53.52409287728178,6240500
2010-10-27,53.59943389892578,53.72963107534942,52.84567150334342,53.585726181427276,6782800
2010-10-28,53.270538330078125,54.13394190530934,52.61270877731872,54.04486261715266,7055800
2010-10-29,53.8598518371582,53.962638861535126,53.160909481732546,53.181465841014884,4563900
2010-11-01,54.31894302368164,54.942513594726755,53.79816467041621,54.1133742720127,7470500
2010-11-02,54.64788055419922,55.113843882776834,54.490273081136245,54.812336661942666,4941400
2010-11-03,54.7369499206543,54.784916494537605,53.825585016871486,54.69583720817274,5771800
2010-11-04,56.99821853637695,57.066741436837965,55.33994029659443,55.381052991278594,13044100
2010-11-05,57.24490737915039,57.45047608850102,56.82691087378634,57.046187300537774,6271600
2010-11-08,56.95711898803711,57.25177223319471,56.4637456261022,57.0461982564007,4283800
2010-11-09,56.12798309326172,57.19695529054638,55.78536326305881,57.011937654577125,6030100
2010-11-10,56.50485610961914,56.76524527242324,55.70998090171214,56.29928736886744,5944000
2010-11-11,56.49115753173828,56.641911088844836,55.86073309038692,56.00463801523485,5006000
2010-11-12,55.5318489074707,56.552855019372785,54.84660892375754,56.08003775766152,6156900
2010-11-15,56.06633377075195,57.27235757391968,54.68215134068133,54.74382042815555,15814200
2010-11-16,55.07272720336914,56.31300962686871,54.61361254248013,56.10743558599513,12510000
2010-11-17,55.620906829833984,55.81277311500161,54.826031473001784,55.20291018230557,5402900
2010-11-18,56.950260162353516,57.16953661209816,56.37465621429699,56.532263613158584,6638700
2010-11-19,57.53955841064453,57.546412269087995,56.53910942434882,56.9365443387124,5740500
2010-11-22,57.56010437011719,57.79993709273376,56.730965398807754,57.4778737675224,6411200
2010-11-23,56.6213493347168,57.135279062570945,56.19650410558737,57.06675614444976,5739200
2010-11-24,58.032936096191406,58.10145900197833,57.04618952337952,57.04618952337952,5865900
2010-11-26,57.64921188354492,57.73144252648048,57.1832486961711,57.44364311815177,2520700
2010-11-29,57.334007263183594,57.484760841069814,56.566542107347225,57.36141747988693,5085700
2010-11-30,57.971248626708984,58.19052501209569,56.71041071772581,56.75837726365535,7768400
2010-12-01,59.924224853515625,60.16406299164142,58.2453892544271,58.26594561416009,8858600
2010-12-02,60.7259521484375,60.91096459166631,59.9242176198734,59.9242176198734,6349200
2010-12-03,61.246726989746094,61.322103780503944,60.18460851373317,60.54778474485856,4996600
2010-12-06,61.12338638305664,61.45230377828974,60.69168720303005,61.178206820256264,4341500
2010-12-07,61.911415100097656,63.04206181962962,61.63731813354978,61.63731813354978,11247700
2010-12-08,61.411163330078125,62.28826901729815,61.18503304972733,61.849716173688144,5246500
2010-12-09,61.445457458496094,61.83604397254608,61.00005050051779,61.76066716913597,3832300
2010-12-10,61.630462646484375,61.78121622272047,61.25357870589414,61.52767564196302,3313200
2010-12-13,62.78851318359375,63.29559433666812,61.808620182334025,62.116981190765316,6637100
2010-12-14,63.10372543334961,63.66562704154356,62.706290355600146,63.17225359003184,4944100
2010-12-15,63.80952072143555,64.63866010477184,63.49431109679261,63.55598015841316,8314300
2010-12-16,63.864349365234375,64.17271042213555,63.41209380093026,63.857500731144206,4863400
2010-12-17,63.446346282958984,64.00824789981492,63.21336727613383,64.00139403844817,6467000
2010-12-20,63.93288040161133,64.10419036492974,63.40524278693017,63.98084698222188,3523200
2010-12-21,64.84423065185547,65.0223944369241,63.89174789116252,64.20695752445995,4108200
2010-12-22,64.80311584472656,64.94701554909669,64.48790622163527,64.94701554909669,2611800
2010-12-23,64.72087097167969,64.91959106105989,64.4125152769644,64.61123536634459,2206200
2010-12-27,64.46051788330078,64.54959718919973,63.87121114466935,64.30976426719056,2620200
2010-12-28,64.20012664794922,64.70034883750226,63.775276036193326,64.60441567161632,2991800
2010-12-29,64.26177215576172,64.56327926821297,64.06990589437038,64.24121580317886,2779400
2010-12-30,64.32347106933594,64.50848354138182,64.08363292280517,64.11104314606484,2325500
2010-12-31,64.17955017089844,64.34400622830233,63.939712103394825,64.29603966039437,2542700
2011-01-03,64.51530456542969,64.96755994909921,64.487894356122,64.67290673399525,5231500
2011-01-04,64.21379852294922,64.85107152269609,63.247613462150184,64.85107152269609,6119300
2011-01-05,64.76884460449219,64.88533930958742,63.720428854377886,63.91229510564544,4118100
2011-01-06,64.09732055664062,64.89904973080745,63.932864496598064,64.89904973080745,4106300
2011-01-07,64.22753143310547,64.91277126168545,63.59025818340749,64.31661072875346,4547800
2011-01-10,63.994544982910156,64.39198532459747,63.391535836462566,63.871201608868056,4154500
2011-01-11,64.37826538085938,64.89219513715562,63.89859969950172,64.46734988451423,5302800
2011-01-12,64.06303405761719,64.83735797404702,64.02192136398801,64.81679639927037,5699000
2011-01-13,64.50846099853516,64.77570404697047,64.20695387600763,64.47419692444295,4539900
2011-01-14,64.41938781738281,64.59069774811772,63.80267102114433,64.3714212458956,4572500
2011-01-18,66.25069427490234,66.41592366848606,64.67411581442869,64.82557828044199,8819200
2011-01-19,65.775634765625,66.64309802208739,65.50713510928719,66.32640100187471,6478100
2011-01-20,64.44690704345703,65.59663694469646,64.24036641036946,65.33502336165917,7160800
2011-01-21,63.85483169555664,65.40387073938416,63.5932181035159,65.23175529006998,6189000
2011-01-24,65.10785675048828,65.19047408853778,63.68962658887163,63.82731689973879,4615000
2011-01-25,64.98391723632812,65.16291879805418,64.00630261525419,64.98391723632812,5436900
2011-01-26,65.92021942138672,66.20249128947886,64.99079701269116,65.3556809377493,6090700
2011-01-27,66.52606964111328,67.32468794394785,65.76187653333261,66.8496475654498,11534600
2011-01-28,65.87203216552734,66.91849190052118,65.33503274542872,66.78768771648897,7240800
2011-01-31,66.78770446777344,66.91850868461316,65.9890859742113,66.18185450643705,6012900
2011-02-01,67.47615051269531,67.51057045526038,66.43657160035985,67.02176314943905,7553400
2011-02-02,68.21968841552734,68.34361176992853,67.2489598498411,67.2902658837923,6527600
2011-02-03,68.10952758789062,68.32294906978781,67.5725282124417,68.32294906978781,5032400
2011-02-04,68.56391906738281,68.6534224772763,67.95118838793947,68.16461515168372,6027100
2011-02-07,69.16975402832031,69.4038285060419,68.49505919083228,68.58456258146992,5697900
2011-02-08,69.26614379882812,69.32810284110904,68.37114133609374,69.23860469585433,5044700
2011-02-09,68.70162200927734,69.15600418736331,68.28854586941335,68.92192963404135,4800800
2011-02-10,69.25924682617188,69.36940322075647,67.985593715927,68.35047758103296,5634800
2011-02-11,71.28335571289062,71.29024180356573,68.98388991438541,69.04585422536502,6445100
2011-02-14,71.0905990600586,71.35221277134848,70.77390711927114,71.29713454185091,4057400
2011-02-15,70.91156768798828,70.98729890863552,70.22999195471006,70.88402858479412,4421900
2011-02-16,71.29021453857422,71.8822920490367,70.84959944974811,71.53117509456565,4852100
2011-02-17,71.1594467163086,71.43483262090554,70.88406081171165,71.13190760059398,2993500
2011-02-18,72.88058471679688,72.88058471679688,71.22138884440446,71.50366077391773,8745400
2011-02-22,70.22998809814453,72.49502799915152,69.89952413050834,72.19210313319722,8241900
2011-02-23,68.85993957519531,70.31259423835168,67.4967882981158,70.1611370706565,8907600
2011-02-24,69.23861694335938,70.16115867225443,67.99938335306683,68.79800172293264,6350900
2011-02-25,70.22312927246094,70.66374456533916,69.63105148780298,69.84447304301156,4623200
2011-02-28,70.8634033203125,71.15944222989363,69.8995553412659,70.71882691133784,4010800
2011-03-01,68.74980926513672,71.35219453962841,68.3986922074925,71.1663121282566,7283700
2011-03-02,69.51399993896484,70.30573218649664,68.45376796655972,68.74292070833906,5420000
2011-03-03,71.77214813232422,71.89607147589199,70.16803075518231,70.18180293366045,7413400
2011-03-04,70.93911743164062,71.73773053387124,70.23688332622557,71.60692633976268,5677000
2011-03-07,70.31259155273438,71.73770706209163,69.56905690842976,71.200707776326,6002100
2011-03-08,71.68954467773438,71.90985230304942,69.65858392100348,70.1473913005291,6165000
2011-03-09,70.47095489501953,71.31776002319091,70.0854179425218,71.31776002319091,6402200
2011-03-10,67.73776245117188,69.36253287215263,67.53810788009278,69.2248426002243,11824400
2011-03-11,68.85993957519531,69.19040351504418,66.7876735602098,67.29024767914198,8172400
2011-03-14,70.2919692993164,70.62931420932195,69.11469990711286,70.62931420932195,7985500
2011-03-15,69.3625259399414,69.79625498046047,67.8479120899142,68.17148472186207,11762200
2011-03-16,69.12157440185547,70.64307453954257,68.18526581673305,70.01657170208752,13046600
2011-03-17,70.99420166015625,71.12500586534514,69.72742887864311,70.14739110896367,9854900
2011-03-18,72.32982635498047,72.72913563254217,72.05444571774382,72.28163421820915,11512900
2011-03-21,74.07159423828125,74.1335585246601,73.40379077927285,73.59655922125846,7688600
2011-03-22,73.5208511352539,73.99589155423207,72.997618590622,73.70673354776186,7012000
2011-03-23,73.50019836425781,74.14734901770265,72.72911909866124,73.03204403381486,7096400
2011-03-24,74.60863494873047,74.97351899824278,73.63101483663021,74.28505694178976,8360800
2011-03-25,75.10431671142578,75.83408999978343,74.83581695287143,74.8702421537315,7659000
2011-03-28,75.31776428222656,76.06818554457286,75.31087818964505,75.41414856816921,5445700
2011-03-29,76.10257720947266,76.27469268029581,74.773845564616,75.48296046399983,5767700
2011-03-30,76.78417205810547,76.9149815292081,76.10948218647306,76.90809543795307,5616900
2011-03-31,76.66022491455078,77.09395923583948,76.29534097937247,76.29534097937247,5168600
2011-04-01,77.87881469726562,78.20238738925383,76.97004516811383,77.16969450373824,6092600
2011-04-04,78.05783081054688,78.43648706561308,77.47263907753008,78.31256367782314,3883600
2011-04-05,77.32115936279297,77.90635621808619,77.04577878682886,77.77554676771977,5338700
2011-04-06,76.41925811767578,78.00272232383544,76.32287388800135,77.69291136912773,5715400
2011-04-07,75.62752532958984,76.35041229814695,75.09741207118208,76.22648896789563,8402700
2011-04-08,75.60688781738281,76.41927309279552,74.95973193199796,76.10258124001396,5394700
2011-04-11,75.0905532836914,75.93736389037855,74.57420676200492,75.74459011014157,5004400
2011-04-12,73.36936950683594,75.05609871675384,73.21102099101537,74.77383212665593,8736300
2011-04-13,74.09915924072266,74.33323903963802,73.23858178634609,74.1886626576085,5835000
2011-04-14,74.06474304199219,74.19554724994394,72.52947047457353,73.54151045254055,5770700
2011-04-15,73.81001281738281,74.4296296882723,73.52774611942384,74.40897666800072,5319100
2011-04-18,71.53120422363281,72.79797180672672,70.33328179135083,72.68782061593731,11445300
2011-04-19,73.0457992553711,73.26610683130015,72.0406456119106,72.41241563114343,7152000
2011-04-20,74.8570785522461,75.00917172592013,74.22105734817282,74.62202930160073,5317800
2011-04-21,75.64521789550781,75.7005254813554,74.9469794032634,75.35486098144052,4051200
2011-04-25,75.25113677978516,75.68667728757605,74.62893982181248,75.52075458250332,3708600
2011-04-26,77.3873519897461,77.56709369045264,75.94247197233746,76.14987273397789,6700000
2011-04-27,77.85053253173828,77.91274958877334,75.87333184485277,77.88510107970436,6070600
2011-04-28,77.87126922607422,77.91274726285936,76.97945451425575,77.62239045652396,6262600
2011-04-29,79.7862777709961,80.36699156542399,79.17790491082813,79.77936300456108,11800000
2011-05-02,79.0672836303711,80.57438075640295,78.75618247866608,80.36006522316066,7623600
2011-05-03,78.30679321289062,79.07416842995613,77.9403898753478,78.8944267800341,6302000
2011-05-04,76.5785140991211,78.74929209917778,76.00471501452935,78.2722733821156,8966500
2011-05-05,75.62444305419922,77.0554931951343,74.93311438177804,76.10146152598398,8779100
2011-05-06,76.28125,77.9197018580107,76.16372531941954,77.09701854510263,7987300
2011-05-09,77.19377899169922,77.76066841619779,76.30196417613068,76.59923578132019,5075800
2011-05-10,78.0302963256836,78.09942816211408,77.33205264656732,77.95424972328375,4923900
2011-05-11,76.0323257446289,77.6707712371096,75.35482136027841,77.66385647390898,9670400
2011-05-12,75.09905242919922,75.77655703514573,73.97218828219644,75.49310966981913,9274800
2011-05-13,73.50899505615234,75.76963798786909,73.29467953429784,75.67976713962065,9250400
2011-05-16,73.34310150146484,74.85019914662355,72.6379481419972,73.19101353036501,8290800
2011-05-17,70.57083892822266,72.7485255105012,70.14912797556727,72.64482514478894,19186700
2011-05-18,72.76238250732422,72.93521476981192,70.36346986008732,71.10319173255782,9472200
2011-05-19,72.79695129394531,73.88233769473631,72.52733338558731,73.70259066435695,8613400
2011-05-20,72.1263656616211,72.93521943594988,71.62169310212411,72.75547239462489,8656800
2011-05-23,70.43949890136719,70.86812470417729,69.38868132838921,70.03852688658554,10095100
2011-05-24,70.20446014404297,71.17231649809494,69.87261991235262,70.77134969759693,7273300
2011-05-25,71.37970733642578,71.84981118894034,69.67212414752115,69.84495636867473,6193100
2011-05-26,72.02955627441406,72.36830594209526,70.53628339134312,71.2552660452935,6640000
2011-05-27,72.31300354003906,72.83841499290125,72.08486373195693,72.39596490872921,4511300
2011-05-31,73.14262390136719,73.6956840394856,72.11253970237,73.56433509168465,6641900
2011-06-01,69.9901351928711,72.92137347760904,69.82421773647374,72.56879426764642,10597600
2011-06-02,70.64690399169922,71.70463639492897,70.03853116673595,70.39111039261957,9125300
2011-06-03,69.89336395263672,70.85431088340754,68.54527445246815,69.47165282193333,9508600
2011-06-06,69.03609466552734,70.24592007035665,68.76647685440471,69.30571247664997,8092800
2011-06-07,69.0499267578125,70.06618105711838,69.00153394710368,69.99013445823013,6772200
2011-06-08,67.77788543701172,69.03610381378914,67.591223681856,68.58673897756415,9761100
2011-06-09,68.62132263183594,68.93241859298944,67.9023397905515,67.9507326128292,6167600
2011-06-10,66.91375732421875,68.37246243279952,66.65796360834005,68.3033305641474,9603600
2011-06-13,65.98043060302734,67.42530544381995,65.48267296093316,67.01050916688175,9767400
2011-06-14,67.6534423828125,68.06132387681008,66.45744113919511,66.95519876025159,8479700
2011-06-15,66.1256103515625,67.30778213784077,66.02882472749909,66.76854643965288,8143600
2011-06-16,65.9942626953125,66.96212430602688,65.13010148474991,65.94586987849786,8886500
2011-06-17,66.33299255371094,67.017411825153,65.89054256832084,66.6855716989005,8314800
2011-06-20,67.8746566772461,68.00601082715647,66.40212834306558,66.7063094055247,7484700
2011-06-21,70.09381866455078,70.48787582490557,68.48302147728211,68.73190023902403,9638100
2011-06-22,69.23658752441406,70.86120931729222,69.18127994884203,69.94174065248492,7445100
2011-06-23,69.51309967041016,69.5822314823196,67.02431224631677,67.68107764550442,10640900
2011-06-24,69.13980865478516,69.89335466644825,68.74575137059722,69.8587913841567,8496400
2011-06-27,69.68595123291016,70.16987932538595,68.48994998376196,69.10523224751859,5614400
2011-06-28,71.78759765625,71.94660563996958,70.10075855739191,70.1284123491006,7884300
2011-06-29,71.45578002929688,72.23698005539147,70.79210469064238,72.20932625697802,8642000
2011-06-30,73.598876953125,73.92380239280024,71.42810454377853,71.4557583337957,10598400
2011-07-01,75.0921401977539,75.47236789357328,73.1080245361378,73.38455712591036,9153800
2011-07-05,74.96077728271484,75.20274129262022,74.20722619538687,74.6081981400414,6880200
2011-07-06,76.10151672363281,76.1291705235177,74.7188583759262,74.73959740723413,6933200
2011-07-07,77.17306518554688,77.87822381803761,76.91036202752584,77.13158712754945,7403800
2011-07-08,76.3296127319336,76.3296127319336,74.52524420362592,75.02299649210737,8293100
2011-07-11,74.7741470336914,75.68670110103,74.14503511313032,74.94697928337236,7568600
2011-07-12,73.92381286621094,74.98154543072492,73.74406584284368,74.40774107402063,7892700
2011-07-13,75.10594940185547,76.3365136415859,74.89854868248588,74.99533955276591,6819200
2011-07-14,74.3731918334961,76.3918717022088,73.97221965734246,75.2373532780912,7394300
2011-07-15,75.6037368774414,75.6037368774414,74.06898571411935,75.19585004084377,6660700
2011-07-18,74.84004211425781,75.305187659349,73.70147421153041,75.29824368647768,6878600
2011-07-19,76.11746978759766,76.34657325845676,75.11774940326724,75.59678297020893,6674600
2011-07-20,76.58263397216797,77.04778500062515,76.09666161013985,76.86033473477039,5761600
2011-07-21,77.47818756103516,78.05441550388204,76.45070200426436,77.09635378796881,9340700
2011-07-22,73.00028991699219,73.92364244051286,71.50765337459036,72.63233876166291,25775600
2011-07-25,73.35435485839844,73.79867381268848,72.06305124227434,72.31298131614996,8662500
2011-07-26,73.0350112915039,73.59041275170657,72.68788670305246,73.52793286820172,7155500
2011-07-27,70.3552017211914,72.6253992594967,70.119159568032,72.50043420879457,10684500
2011-07-28,69.17496490478516,70.87587271238888,69.04305590943578,70.47321234716824,9438000
2011-07-29,68.58485412597656,69.40406809549853,67.53653673268253,68.25855627333742,12283000
2011-08-01,69.92473602294922,71.38265736103325,68.5917796736551,71.11190076810469,12865200
2011-08-02,67.46713256835938,70.50100325885002,67.4254793143286,69.1125049596837,12058300
2011-08-03,66.84231567382812,68.23775812291835,64.94007424800999,67.98088399848143,16922200
2011-08-04,62.170021057128906,65.75234435222886,62.13530647672954,65.53712878451644,18655000
2011-08-05,63.169734954833984,64.21805275861858,60.03867479071431,63.96117864077168,22791500
2011-08-08,57.344970703125,61.20499903852872,57.10198459397997,59.86509815472903,21293000
2011-08-09,60.732906341552734,60.81621283371023,56.123087995417215,59.2888671148934,20473600
2011-08-10,57.976776123046875,60.53855312746146,57.89346427782159,60.205316339966785,15335900
2011-08-11,60.57322692871094,61.64237105394486,58.27526436996963,59.10836107437806,14157600
2011-08-12,62.35051727294922,63.38495236663356,61.656268091701094,63.21832874950936,11463400
2011-08-15,63.43351745605469,64.42629349407363,62.95448406877266,63.48905333692214,10460200
2011-08-16,62.031150817871094,62.73928780657204,61.45492284203991,62.496296404612,10816200
2011-08-17,60.84397888183594,63.037808154119304,60.503798371989205,62.55877467322342,10620900
2011-08-18,57.8517951965332,58.872342510706886,56.58131771167609,58.62935101936893,16793000
2011-08-19,55.51911926269531,59.01119251336694,55.414980804801914,56.872903325203524,13740200
2011-08-22,55.463565826416016,57.65045177357667,55.234462328864716,57.58102791584317,9459400
2011-08-23,57.608802795410156,57.62268544930724,55.401090056689135,55.91483299810059,11696900
2011-08-24,59.28888702392578,59.50410259653427,57.06728624535839,57.789306101140184,10137700
2011-08-25,57.796241760253906,60.30248161647665,57.48383176131119,59.87204523649495,8204700
2011-08-26,59.12226104736328,59.642947917709805,56.268896574128256,57.060340193318915,9456900
2011-08-29,61.19804763793945,61.47574828470348,59.948397375851016,60.47602807503272,7643500
2011-08-30,62.3643913269043,63.08641095012849,60.649595383834324,61.093914337095406,9851600
2011-08-31,63.176658630371094,65.13444058704869,62.4060418211438,63.69734537732471,12664700
2011-09-01,61.47575378417969,64.44713878795945,61.28830357974793,63.30857080140271,10690900
2011-09-02,59.27500915527344,60.19141810950928,58.573821106955954,59.1847586442124,11950700
2011-09-06,59.49714660644531,59.7193061097703,57.00479484404001,57.09504532152504,8647900
2011-09-07,61.57293701171875,61.586819659256015,59.99698903294954,60.95505591068376,9318700
2011-09-08,60.42744445800781,61.77428945505977,59.983125441873234,60.621833365479134,9947800
2011-09-09,58.28914260864258,59.87897337799261,57.71985866781543,59.72623775784643,11669500
2011-09-12,58.22666931152344,58.41411422312731,56.40773490679395,56.879824469266495,10842300
2011-09-13,59.025054931640625,59.878983637541474,57.88648685490629,58.21278477263507,9802300
2011-09-14,59.3235969543457,60.37191481659438,57.29639039298254,59.43467937799922,10622100
2011-09-15,60.12195587158203,60.87868995444176,59.545727992375845,60.15667043652658,8298500
2011-09-16,59.63599395751953,60.71902077155299,59.156960422066334,60.71902077155299,10488600
2011-09-19,58.73344802856445,59.122230962343075,57.15750556680022,58.2613586278103,8936500
2011-09-20,58.080902099609375,59.54576332831301,57.9698196632269,59.45551282127882,8999300
2011-09-21,55.09560012817383,57.89342270319291,55.04700291086703,57.69903383396569,16459600
2011-09-22,51.304996490478516,53.151695872146746,50.402470771521806,52.96425099340595,20947300
2011-09-23,51.27724075317383,52.415808893481625,50.69406873437932,50.98565739212681,12104700
2011-09-26,53.35302734375,53.457165738944845,50.84678837043499,51.86733510928666,10016400
2011-09-27,53.922325134277344,55.43578835070255,53.54049131573485,55.01923995924703,10814900
2011-09-28,52.124237060546875,54.94983140998152,51.985384026933616,54.241694180308016,9380700
2011-09-29,52.33942794799805,53.65155804054514,50.819021051647006,53.38080137361949,10260900
2011-09-30,51.26335144042969,52.68656422629338,50.839864358768644,50.99953868698339,10537000
2011-10-03,48.979270935058594,51.0897833143851,48.944556365055966,50.52744329790071,10783200
2011-10-04,50.36082077026367,50.51355639068324,46.889575930543536,47.729616546151895,14700000
2011-10-05,51.554935455322266,51.79792156121642,49.63186263860312,50.56909778802335,9672300
2011-10-06,53.51967239379883,53.58910155648911,51.09674398288909,51.77016660605375,15808200
2011-10-07,52.42969512939453,54.00564371570153,51.86041102032568,53.991755766111574,14024700
2011-10-10,54.93593215942383,55.36636853004326,53.596031116672,53.64462834426609,10302400
2011-10-11,55.998130798339844,56.33136737549119,54.116711215677434,54.206966981876676,17854600
2011-10-12,56.72013854980469,57.48381665173367,56.27581963415471,56.935359331575256,10423700
2011-10-13,56.53964614868164,56.86594406016712,55.7759679317156,56.386910505288434,7952500
2011-10-14,58.379432678222656,58.469688495020364,57.1992107527239,57.51856485848588,7353700
2011-10-17,56.59518814086914,59.274990272402924,56.46328440467698,58.893156419519485,10196700
2011-10-18,58.81680679321289,59.40691769154334,56.06757995543269,56.54660841343153,13574600
2011-10-19,58.011451721191406,59.30275544021239,57.67127115335905,58.78206862759748,8731100
2011-10-20,58.82123947143555,59.33782611337229,57.592595933567225,58.56992589946203,9446500
2011-10-21,61.00625991821289,61.08305046487885,59.5472501835982,59.63101781558338,11480300
2011-10-24,64.06391143798828,64.85275894136741,63.38676655619531,64.05693435153056,16383300
2011-10-25,62.75149917602539,64.56653759202594,62.14415712456278,63.77769542717734,10711700
2011-10-26,63.924278259277344,64.39898098800201,62.842233629884426,64.09880124298466,9747800
2011-10-27,67.24722290039062,68.21757063225334,66.04650346429611,66.31875899619884,13928100
2011-10-28,67.61022186279297,68.37812214215057,66.77251343549746,66.80741484645627,8699300
2011-10-31,65.94178009033203,66.75854658102074,65.51594347702867,66.34667479249264,9273900
2011-11-01,63.9661865234375,64.92257475711956,62.13020595036173,62.82829815205119,13543700
2011-11-02,65.57878112792969,65.78820558642715,64.36409689935758,64.9435146873065,9303400
2011-11-03,67.01683807373047,67.26116923067033,65.52990389633669,66.63986772044336,11159000
2011-11-04,66.8353271484375,67.00985014989908,65.48103227878886,66.52817028755828,6818800
2011-11-07,66.31875610351562,67.19137131540398,65.19482728452176,66.73761034001792,7285300
2011-11-08,66.94004821777344,67.01683877161416,65.57877081063296,66.98891444967028,7316700
2011-11-09,63.97313690185547,65.60667460533703,63.631073385603564,65.27158817287322,11208500
2011-11-10,64.36408233642578,65.20179595893768,63.66599031400894,64.90859858776727,7323000
2011-11-11,67.10761260986328,67.15647885908088,65.18088164697946,65.32049798016638,9818400
2011-11-14,67.3868179321289,68.46188021973157,66.93305708022882,68.04302609721577,8584900
2011-11-15,67.76377868652344,68.23149896862422,66.877204340959,67.16341924268545,8760700
2011-11-16,66.8423080444336,68.55263128957539,66.73759318072672,67.1843716282581,8117500
2011-11-17,65.4880142211914,67.05872135084086,64.7829450777274,66.80740778401537,10084000
2011-11-18,65.5718002319336,66.17215994702033,65.02728917081323,65.99763689789096,6065700
2011-11-21,63.61012649536133,64.29425347423164,62.45827396446757,64.27331157247283,9853100
2011-11-22,62.8213005065918,63.67995604992248,61.83699351040347,63.3867586745489,7490600
2011-11-23,61.26457595825195,62.5490631125551,61.034204242745055,62.40246438251101,7643800
2011-11-25,60.53853988647461,61.711334674903334,60.47570883612019,60.94343453003176,3078700
2011-11-28,63.861446380615234,64.14766127675297,62.8212856633353,63.072599161709945,8339500
2011-11-29,63.20525360107422,64.09881055530934,63.142422548281665,63.9731537757438,6054600
2011-11-30,68.32923889160156,68.35018612418521,66.07440485115453,66.07440485115453,13076500
2011-12-01,67.58929443359375,68.41304353821722,66.84931832005826,67.87551482529494,7491800
2011-12-02,67.21929168701172,68.41302858752883,67.02382674321059,68.23850555541779,7897900
2011-12-05,67.61022186279297,68.39208696735032,67.24721629790366,68.22454634709528,7484800
2011-12-06,66.98892211914062,67.66607235725132,66.2419637311879,67.44966549493488,6443200
2011-12-07,66.2419662475586,66.51422177049918,65.4810483311402,66.30479731301753,8146300
2011-12-08,64.8667221069336,66.68874306718781,64.64333282919463,65.85801169402394,7842300
2011-12-09,66.99591827392578,67.21930759485349,65.2297456231502,65.3623795372494,7139000
2011-12-12,65.09011840820312,65.96971611434698,64.44089241752903,65.87198362766668,6326700
2011-12-13,63.51242446899414,66.09536322520415,62.898099984604954,65.648584687114,8464700
2011-12-14,60.73400115966797,62.688660798662596,60.23835650196997,62.542056798621815,13564500
2011-12-15,61.2226676940918,62.04641648629916,60.79683113810209,61.98359076132662,7645200
2011-12-16,60.87363052368164,62.48622693701466,60.87363052368163,62.00454167154919,11556900
2011-12-19,60.908531188964844,62.6328193997153,60.6921243584077,61.4949259528047,7919100
2011-12-20,64.03598022460938,64.15465458399474,62.290750259462726,62.31169216688142,7844300
2011-12-21,63.9661865234375,64.23146496873282,62.75848999708641,64.07090141889509,7177300
2011-12-22,64.09182739257812,64.57351259627114,63.54033405128222,64.24540849091616,4766000
2011-12-23,64.39897918701172,64.51765353436932,63.980125103031625,64.36407246083894,3368600
2011-12-27,63.91032409667969,64.48973640315964,63.882399777834266,64.01503363482597,3216200
2011-12-28,62.38846206665039,64.08482524447525,62.2488405200289,64.05690093515095,5248800
2011-12-29,63.233158111572266,63.42862296832232,62.45129335855417,62.45129335855417,3570800
2011-12-30,63.24714660644531,63.81958194628256,63.107530309322215,63.330919580331376,3279800
2012-01-03,65.606689453125,66.39553150717678,64.7619934340008,64.7619934340008,8177000
2012-01-04,66.21404266357422,66.67478606203562,65.20879353914873,65.20879353914873,7335200
2012-01-05,66.6817398071289,67.12852354894615,65.55083427227243,66.20703707459074,5555900
2012-01-06,66.84931182861328,67.15646878073302,66.54214955047264,67.03779438273173,5474100
2012-01-09,67.78475189208984,68.00116409686085,67.01685153347296,67.0796772752956,6536300
2012-01-10,69.78130340576172,69.79526823388089,68.60850816675642,68.72718257566244,9545000
2012-01-11,69.55789184570312,70.12334470520807,69.3903512440016,69.69053104031083,7226500
2012-01-12,71.16350555419922,71.23331369426296,68.87376447358247,69.80222285586765,10471800
2012-01-13,71.54048156738281,71.69405735727754,70.19316358597557,70.31183796608427,9914300
2012-01-17,72.16178894042969,73.1600609484108,72.12688220180677,72.47592828395373,8864700
2012-01-18,73.10841369628906,73.27670319131288,71.87427824985235,71.98647481308595,6794400
2012-01-19,74.15324401855469,74.1602576436006,72.6666711486984,73.38191110818552,9464800
2012-01-20,74.07608795166016,74.27242659536887,73.51511581264086,73.87273568501134,6601100
2012-01-23,74.58798217773438,75.19803368304547,74.07609465333175,74.26542504105589,7003800
2012-01-24,74.53187561035156,74.88949547535422,73.73249380610565,73.92883244576933,5577300
2012-01-25,76.46724700927734,76.628522934235,74.32153251123636,74.32854613618227,10649400
2012-01-26,78.05195617675781,79.93821938111634,77.62421615383765,78.6830484523635,18539000
2012-01-27,78.03092193603516,78.52177386946094,76.90196944393031,77.505012589396,7835100
2012-01-30,77.42086791992188,77.65927758114826,73.24163707768513,77.14739014700581,5968400
2012-01-31,76.51632690429688,78.53581742646797,76.22882714758612,78.03795708297596,7608300
2012-02-01,77.49800872802734,78.10806557290557,77.09130951460239,77.65928996856775,6737900
2012-02-02,77.36478424072266,77.84861727681964,77.03521347638737,77.69435500505793,5125400
2012-02-03,79.89617156982422,80.39403191256572,78.46569711259058,78.6550221753911,10225500
2012-02-06,79.7839584350586,80.11352917033116,79.09677317199514,79.40530303813864,5029600
2012-02-07,79.80500030517578,80.00835259099097,78.879399933433,79.27208260768838,5139200
2012-02-08,79.96627044677734,80.16962270435975,79.39127643734061,79.81200284793368,4123800
2012-02-09,79.1177978515625,80.38699060728953,78.94950302054893,80.21168750402,7566200
2012-02-10,78.3604965209961,78.38153203992877,77.36477605945282,77.84160077129178,6351700
2012-02-13,79.72786712646484,79.84006370566274,78.31142008796918,79.02665455596005,5702400
2012-02-14,80.2537612915039,80.27480215847243,79.38425936739343,79.46139316346567,6425000
2012-02-15,78.90747833251953,80.42910887864163,78.49376533373352,80.28185482738748,8201900
2012-02-16,79.91017150878906,79.97328341226404,78.80926815770046,79.04066955406452,5456900
2012-02-17,79.9031982421875,80.28886743091397,79.25808373543524,80.20471996705659,4296000
2012-02-21,80.63945007324219,81.6491979426259,80.21170995356313,80.28884376857593,7520200
2012-02-22,81.20742797851562,81.65620360615411,80.28884120160365,80.47115797215287,5004800
2012-02-23,81.48090362548828,81.65620677902834,80.63945062842707,81.2565158029501,5064900
2012-02-24,81.34066009521484,82.00680991296018,81.1092586575371,81.54401238743218,4473500
2012-02-27,81.08121490478516,81.69127182201203,80.32390932629575,80.5272562822102,4909600
2012-02-28,81.1723403930664,81.49489742119579,80.77965785244436,81.20739779948724,4013200
2012-02-29,80.08549499511719,81.62115238909732,79.71385315178432,81.43182198034005,6780300
2012-03-01,79.51049041748047,80.9059018905358,79.24403157508526,80.40804162326133,7465000
2012-03-02,78.87940216064453,79.89616361842938,78.39556911504928,79.34921865829631,5404800
2012-03-05,77.19649505615234,78.46569354097468,76.79680407525292,78.22027019302377,8392200
2012-03-06,74.27943420410156,75.14192786179022,73.7675467674556,74.72820973905011,12630800
2012-03-07,75.92729187011719,76.16570691215719,74.55291595370028,74.7913309957403,7385800
2012-03-08,77.32969665527344,77.52603525616703,76.19373607872461,76.84585842462448,6171200
2012-03-09,77.28766632080078,77.89771795909893,76.99315826439282,77.75046393089495,6526500
2012-03-12,76.39010620117188,77.79953974624227,76.20778941804294,77.21052370051038,6499200
2012-03-13,79.44737243652344,79.50346536645172,76.64953091930504,76.944044213104,8077600
2012-03-14,78.72514343261719,79.55257459012255,78.01692249386004,79.38428504871598,6181000
2012-03-15,79.55253601074219,79.5735768743137,78.10804033537576,79.15284520009102,5316700
2012-03-16,79.64370727539062,80.11351830886728,79.26505192980721,79.95223709970492,5776000
2012-03-19,79.7489013671875,80.00133294974114,79.08274627069503,79.58762013545613,4736500
2012-03-20,77.66632080078125,78.53582305811558,77.49101762431225,78.52880943310488,8086900
2012-03-21,76.43216705322266,78.08001545642304,76.43216705322266,77.7294091855367,7925000
2012-03-22,74.63004302978516,75.68887535223952,74.11815557527397,75.22607255639434,9449700
2012-03-23,75.61174011230469,76.15868496982694,74.18827968828487,74.74223281846405,6025000
2012-03-26,76.25688171386719,76.92303164407996,75.81511963539404,76.29194448906928,4570800
2012-03-27,75.77301025390625,76.83184247616288,75.64679180787681,76.20776386796899,4211400
2012-03-28,73.10841369628906,75.70991132071916,72.61055348404976,75.70289769806041,10244900
2012-03-29,74.34254455566406,74.51784767514526,72.5614695695825,72.65963888850584,8316800
2012-03-30,74.69316101074219,74.98066073393076,74.034024829222,74.81937948802519,4780300
2012-04-02,75.20502471923828,75.68886295385173,73.65534606397246,74.32149565815199,5211700
2012-04-03,74.47578430175781,75.79406196996582,74.20231183521373,75.47851846236179,5828000
2012-04-04,74.51084899902344,74.91754822273326,73.16451680213586,73.46603842047172,5583200
2012-04-05,74.23738098144531,75.12791864263869,73.91482382267338,74.12518439587544,4576600
2012-04-09,72.62458038330078,73.12945425298412,72.08464909756145,72.62458038330078,6335700
2012-04-10,70.42274475097656,72.6876626167431,69.98098297026905,72.60351522287391,9162300
2012-04-11,71.34834289550781,71.87425205689976,70.47182762652123,71.36236478588876,6178100
2012-04-12,74.63705444335938,74.67912547816319,71.61482516406068,71.64287430387202,8973200
2012-04-13,74.25138854980469,74.97363654308282,73.79559937108911,74.4407189139577,6321600
2012-04-16,74.847412109375,76.40410453559512,74.44071297220516,75.67484297782416,6813500
2012-04-17,76.01846313476562,76.57241639986998,74.8334120882762,75.66084319857852,5321000
2012-04-18,76.57942199707031,76.94405551922851,75.48553213025009,75.48553213025009,4871700
2012-04-19,75.60061645507812,77.29768412172983,74.90348113126396,76.90334581693902,5628500
2012-04-20,75.86116790771484,76.48788647294302,75.776664536099,75.88933032579675,4014600
2012-04-23,75.27667236328125,75.37525690991545,74.02323566539931,74.8752908884263,5462600
2012-04-24,76.33293914794922,76.60756829240236,75.41750508480222,75.52313291861991,5703200
2012-04-25,72.8402328491211,75.42456690627901,72.03746971078024,75.2414789741705,15948300
2012-04-26,73.5091781616211,73.6218492773724,72.53037067646324,73.21342454145567,7317200
2012-04-27,73.62889862060547,73.97394993680791,73.31202046016807,73.93169557561568,4687200
2012-04-30,72.36842346191406,73.31906875301692,72.21350870182098,73.22752210789862,5325600
2012-05-01,71.9036865234375,72.88249447352695,71.64313847384373,72.39660945785052,5732800
2012-05-02,72.26984405517578,72.33322291958308,70.87557350768829,71.53045978679789,5620200
2012-05-03,70.88966369628906,72.79798720090575,70.76995461468867,72.45998445609796,6102000
2012-05-04,69.3193359375,70.50939399521086,69.00949566634281,70.41785272075796,9055000
2012-05-07,68.4390869140625,69.1503030895919,68.32641581351103,68.77708947080932,7245700
2012-05-08,67.94619750976562,68.27011904919833,66.13645856551666,68.19265896667564,10411600
2012-05-09,67.5941162109375,68.51659401992214,66.2491376020101,66.78430957990356,7733500
2012-05-10,67.206787109375,68.57993281779953,67.02369922410016,68.4109315088676,4982000
2012-05-11,67.24906158447266,68.08703590350723,66.40404934705361,66.54488292913786,4531900
2012-05-14,65.91111755371094,66.7350052471739,65.80548968654624,66.42517030860235,5213300
2012-05-15,65.26329040527344,66.65756677192724,64.98866110725126,66.08717829933997,5304800
2012-05-16,64.68583679199219,66.24911390592946,64.5802089435589,65.7913968110222,5803400
2012-05-17,61.82688522338867,64.53092855583641,61.68604627537168,64.09433587566855,12695100
2012-05-18,62.44659423828125,63.24231457806169,61.98183351724279,62.15084034623465,8655900
2012-05-21,64.77033996582031,64.99567686804126,62.8972226009886,63.04509943940339,6811300
2012-05-22,64.42529296875,65.47452285904991,64.00278692023514,65.31960272102141,7210500
2012-05-23,65.11540222167969,65.34073918030653,63.27749547031889,63.73521267853316,6668600
2012-05-24,64.3759994506836,65.46043502361842,63.495776294644536,65.45339173408249,6421600
2012-05-25,63.33382797241211,64.5520539989496,63.11552894290746,64.35488484129891,4637400
2012-05-29,65.1506118774414,66.14350643720081,64.00280251436479,64.22109619525209,8238800
2012-05-30,63.50282287597656,64.080249081372,63.02398123937136,64.07320579147097,6350800
2012-05-31,61.70013427734375,62.319809545519895,60.56640623886601,62.2634739650157,12370400
2012-06-01,60.22135925292969,61.1227124897122,59.6580195239548,59.91152428235347,9572500
2012-06-04,58.629905700683594,60.524142286283514,58.25669194072224,60.51710436917708,9812600
2012-06-05,58.90453338623047,59.714339746537505,58.460897486933604,58.460897486933604,9212900
2012-06-06,61.024112701416016,61.024112701416016,59.51716573634222,59.658004662845045,8464000
2012-06-07,61.36211013793945,63.284519683939564,61.20719001824905,62.54513015721908,7773300
2012-06-08,61.686031341552734,61.735323618311185,60.08754861885291,61.143816297209824,4399100
2012-06-11,59.988975524902344,62.995815726468344,59.91855336826177,62.81272778962411,6436400
2012-06-12,61.2987174987793,61.2987174987793,59.686148696117755,60.43257590594796,5270100
2012-06-13,60.05939865112305,61.26354351693347,59.62984923804685,60.735409521097836,8308300
2012-06-14,60.48189163208008,60.73539632479742,59.50308393559863,60.07346680798483,6124300
2012-06-15,61.214256286621094,61.22833749712658,60.34107617893471,60.84104242496713,6571800
2012-06-18,61.08043670654297,61.326898087364256,60.326965986629226,60.80580754327708,4722600
2012-06-19,62.559207916259766,63.22818063512092,61.404355743491294,61.66490369156838,6254700
2012-06-20,61.38325500488281,62.474734121355844,60.911456572841246,62.066309192518204,9413700
2012-06-21,59.841102600097656,61.58041931085678,59.74251264881119,61.32691457316383,8578400
2012-06-22,59.8270378112793,60.59459559456477,59.74957770363237,60.207295056330096,6408200
2012-06-25,58.369380950927734,59.13693864513656,57.82716563278296,59.1158087680371,7390700
2012-06-26,58.256690979003906,58.812987278753425,57.60180474437808,58.66511043512252,5590300
2012-06-27,57.91866683959961,58.355259332230865,57.53840990197642,58.18625266720664,7407600
2012-06-28,58.186248779296875,58.235541043521756,57.01027235246475,57.50320036716745,9716100
2012-06-29,59.79182434082031,59.812948845175484,59.01722336474491,59.376356056156425,7053400
2012-07-02,58.92564392089844,60.19316708650066,58.474970211451954,60.10162046359614,6420600
2012-07-03,60.8832893371582,61.052290719703954,59.066507014305856,59.08059359678463,4357800
2012-07-05,61.11565017700195,61.65786523609516,60.29880057140604,61.00297904280029,5547600
2012-07-06,59.58059310913086,60.03126729598426,59.031334279682035,60.03126729598426,6952000
2012-07-09,58.545406341552734,59.39746177327527,58.41865398305522,59.10875135097638,6291200
2012-07-10,56.52439880371094,59.3622423187581,55.71459792735409,58.841146425375435,15154700
2012-07-11,56.151214599609375,56.8553933819507,55.80616850055029,56.70047319024237,8184100
2012-07-12,56.080787658691406,56.56667264986473,55.101979757963115,55.6160325400334,8743600
2012-07-13,57.79193115234375,57.84122343404241,56.01740363873617,56.29907074989665,7619500
2012-07-16,57.144107818603516,57.63703080481305,56.475134768796146,57.63703080481305,4989800
2012-07-17,57.67925262451172,57.94683846991017,56.2990582973177,57.665166048595985,6462700
2012-07-18,58.480106353759766,59.068310393125444,56.75801859240152,57.069838643493505,7457800
2012-07-19,58.5579948425293,59.10367931202295,58.14696617741449,58.79185961516943,5616100
2012-07-20,57.367462158203125,58.5155220688187,57.1619503670292,58.06196873773698,5897000
2012-07-23,57.813926696777344,58.53677555470361,55.83671531170923,56.45326684257401,7567700
2012-07-24,57.70762634277344,59.03285561153542,56.88555760105194,58.6430807069637,8780500
2012-07-25,58.536766052246094,60.55649604026968,56.89972259986604,60.32971943471581,19877300
2012-07-26,59.03282928466797,59.98954268848184,58.182413164893845,59.415510320769954,10138200
2012-07-27,61.05967330932617,61.371487821133684,58.13283094405185,58.94781138150363,11229000
2012-07-30,60.72658920288086,61.63369572448122,60.23759989707574,61.38565962979071,6504600
2012-07-31,59.677738189697266,61.201396063629126,59.62813097551255,60.7832734811172,9192500
2012-08-01,58.57220458984375,60.28720308036562,58.465901868726235,60.23759586474824,9366200
2012-08-02,58.9052848815918,59.741524677548774,58.18243069169317,58.437555063800794,8097300
2012-08-03,60.25175857543945,60.946264903321065,59.57851711421951,59.90450811488876,6941300
2012-08-06,61.19428634643555,61.65492769215803,60.57774052985249,60.75490986230122,6384800
2012-08-07,61.81086349487305,62.590407803252724,61.47778414508271,61.65495355184087,6049800
2012-08-08,61.81086349487305,62.27858791718837,61.1943120129134,61.293526448155475,6139600
2012-08-09,62.647098541259766,62.92348236221688,61.8321182508664,61.94550925781332,6700600
2012-08-10,63.029815673828125,63.04398685318469,62.108532218931764,62.54791447395338,5500300
2012-08-13,62.79592514038086,63.26364956401062,62.08015922116763,62.95891796725895,5403400
2012-08-14,62.27149963378906,63.53294483543316,62.19354466903301,63.41955382968591,5485600
2012-08-15,62.0872688293457,62.17231212046991,61.0596880771478,61.83214436275615,6345200
2012-08-16,62.78174591064453,62.95183242731527,61.81794935008202,62.17937103275009,4979200
2012-08-17,63.7880859375,63.851864339890646,63.14318658826748,63.68178319340009,7848500
2012-08-20,64.0927963256836,64.12114407515868,63.23529717948871,63.596718820040195,5296000
2012-08-21,63.98649597167969,65.25502942177732,63.74554279566409,64.48965637812391,7159700
2012-08-22,62.87388229370117,63.97941770316864,62.101420839735795,63.80933658020013,8843500
2012-08-23,62.10140609741211,62.873867368002024,61.75415564347433,62.81717187154439,5469400
2012-08-24,61.988033294677734,62.18646216642006,61.229748445215996,61.59825843462585,4979000
2012-08-27,61.39272689819336,62.36361697250151,61.328948521544056,62.11558094089869,4273400
2012-08-28,60.953346252441406,61.64784709447126,60.86121472773772,61.208470555532266,4697200
2012-08-29,61.01005172729492,61.18013824344837,59.847820900817986,60.64863004572607,8731900
2012-08-30,59.86199188232422,60.8187054673973,59.8549035931188,60.63444779551982,5170100
2012-08-31,60.47146224975586,60.90375602790714,59.706089127116094,60.36515952603681,5481300
2012-09-04,58.57928466796875,60.329713548963944,58.26037654932136,60.25884688041349,11287600
2012-09-05,58.6430778503418,58.8769427816928,57.95565963764548,58.53677511729301,6234700
2012-09-06,60.08879470825195,60.18800917331897,59.0682968883823,59.21003570046577,6982600
2012-09-07,62.43449783325195,62.6754510378652,61.47778411852737,61.83921122205664,10698000
2012-09-10,61.725807189941406,62.81008286509868,61.71163601937899,62.321099082384265,5591600
2012-09-11,62.788841247558594,63.15735666825738,61.94551848656954,62.15103025541194,5877800
2012-09-12,63.157344818115234,63.95106020894571,62.831353795912634,63.41955204968005,6016400
2012-09-13,64.26289367675781,64.46841085737071,62.57624270705502,62.810102237534345,7836600
2012-09-14,66.02747344970703,66.81410581280151,65.1841510025721,65.34714378020524,11375700
2012-09-17,65.19124603271484,66.26135064255196,65.0069937633823,65.86449294641342,7996500
2012-09-18,65.95662689208984,65.95662689208984,65.0353438092004,65.0353438092004,6596500
2012-09-19,66.57318115234375,66.77869832268648,65.77237193570112,66.11962788220167,6785200
2012-09-20,65.58100128173828,65.89990392002967,64.66680687004958,65.89990392002967,7094100
2012-09-21,64.9999008178711,66.20465039872352,64.7518647755521,66.20465039872352,10786300
2012-09-24,64.39752960205078,65.04242334787723,64.09988092796576,64.09988092796576,8604700
2012-09-25,61.662017822265625,63.462058942556574,61.65492953485772,62.831336532730816,13936300
2012-09-26,61.619510650634766,62.31401702682445,60.804535795664215,61.58408001729465,8864800
2012-09-27,61.5982551574707,62.328192214023474,61.47778126414821,62.25023724616047,7585300
2012-09-28,60.97462463378906,61.364394090693516,60.54233084198535,61.20140126172041,7519300
2012-10-01,60.5706672668457,61.76124569248813,60.40766906157941,61.456514148818336,7385000
2012-10-02,60.5706672668457,60.896658270597996,59.776946514157316,60.68405285621245,8819000
2012-10-03,60.436012268066406,60.69113658344105,59.91868075567552,60.59901046108127,5584500
2012-10-04,60.91792297363281,61.300609508394864,60.37932650914021,60.60610311417172,5076900
2012-10-05,60.54231262207031,61.895883692027695,60.24466940125619,61.54863326774455,6547700
2012-10-08,60.54942321777344,60.81163050123483,59.83365724106466,60.195084374798235,4532600
2012-10-09,60.0604133605957,61.052562863247644,59.88324399964999,60.74783134614983,5810600
2012-10-10,58.933631896972656,59.79113114540615,58.53676876378434,59.45096351792774,10634900
2012-10-11,58.71392822265625,59.31630300018268,58.28872281538937,59.09661471123047,7643800
2012-10-12,58.69268798828125,59.59979459605086,58.437563578998315,58.82025019292272,6012400
2012-10-15,58.68558120727539,58.96196499578845,58.182420838270076,58.7564532816881,6357300
2012-10-16,60.20927047729492,60.26596600385515,58.969084219400735,59.238379860387305,6943000
2012-10-17,61.39272689819336,61.49194131083449,60.38640619467338,60.67696655082237,7339000
2012-10-18,61.756370544433594,62.40515893520192,61.1931335584861,61.585256855925614,6813600
2012-10-19,59.788578033447266,60.94357040076741,59.52478196946443,60.83662575648083,9874300
2012-10-22,60.65839767456055,61.34283590892717,58.66924650619899,59.13266975722485,17158300
2012-10-23,59.58896255493164,59.9882168360855,59.16118933377656,59.8171086355098,7496100
2012-10-24,58.98295211791992,59.988218951105736,58.83322631777668,59.93831216420193,5509000
2012-10-25,59.55331802368164,59.56044911919887,58.71915934942586,59.45350444416892,5983300
2012-10-26,60.066654205322266,60.116561000141076,59.346565789137195,59.5176794623154,7165300
2012-10-31,60.46589279174805,61.257275645614094,60.20922778836277,60.97922279851859,5914600
2012-11-01,62.49070358276367,62.64042395141145,60.60136579651531,60.75821726065072,8550000
2012-11-02,61.164581298828125,63.09669410396947,61.10041234072717,63.08956301097376,6982000
2012-11-05,61.8632698059082,61.870400898177415,61.02198041931957,61.20735074231155,4044600
2012-11-06,62.79726791381836,63.168003243406126,62.241162199720975,62.27680679403687,7048900
2012-11-07,60.6155891418457,62.19122857089547,60.48725669095479,61.83475014502394,8209200
2012-11-08,59.6459846496582,60.77245256471345,59.54616566635515,60.71542013923623,6240600
2012-11-09,60.56572341918945,60.808131741541324,59.10416414641978,59.17545879201758,7282200
2012-11-12,60.72970199584961,61.0077549029529,60.0523947481739,60.20211512588856,5800500
2012-11-13,59.360809326171875,60.72968564480178,59.29664035903839,60.401726033427806,7695300
2012-11-14,57.82081985473633,59.81710191508757,57.663968422067605,59.81710191508757,8497000
2012-11-15,57.963417053222656,58.868870218229134,57.393049171398985,57.999061646192104,7794600
2012-11-16,58.412593841552734,58.61222102219813,57.15066176993991,58.01333948026193,8050900
2012-11-19,59.61749267578125,59.77433871605593,59.28240186721246,59.43925334691978,5674800
2012-11-20,59.41071319580078,59.724410603813155,58.88312105429547,59.67450382712273,5535900
2012-11-21,59.211082458496094,59.703019101586875,58.92589856370949,59.13978240522667,4517100
2012-11-23,60.002479553222656,60.02386739855366,59.35368590121312,59.61748201896947,2663700
2012-11-26,60.35184097290039,60.4659113207875,59.752953968336065,59.752953968336065,4240800
2012-11-27,59.895503997802734,60.68688650350801,59.81707831241365,60.244851316717586,4195600
2012-11-28,60.558589935302734,60.66552917016161,59.17545114385226,59.62461224855582,4884700
2012-11-29,61.4925422668457,61.656524772906636,60.94356776111712,60.99347453436518,7846300
2012-11-30,60.77248001098633,61.56386306583558,60.6227596275598,61.54960631288513,5663400
2012-12-03,60.237754821777344,61.25728387795197,60.194979128608274,61.25728387795197,4714100
2012-12-04,60.002479553222656,60.5728420399657,59.7101644952144,59.92405382738784,4468400
2012-12-05,61.34996795654297,61.72070329946266,60.29478892919491,60.33043896422426,8604400
2012-12-06,61.27865219116211,61.549579333356576,60.658383080201624,61.19310083209459,4132300
2012-12-07,62.02011489868164,62.41937443375235,61.68502430865567,61.813356759316065,7337200
2012-12-10,62.19125747680664,62.34810348797021,61.58523951961031,61.89181132592868,4336600
2012-12-11,62.262542724609375,62.854298402887274,62.055784519930434,62.45503874169345,5371600
2012-12-12,62.70458221435547,63.2892068881927,62.35523471691693,62.661806523894484,7093300
2012-12-13,62.99690246582031,63.67420967131878,62.61190490162898,62.633292748623155,6100000
2012-12-14,63.453189849853516,63.809668444515616,62.968378743535794,62.989766588906456,5866400
2012-12-17,63.90946960449219,63.945119632807746,63.381882909891765,63.63141678980882,6092800
2012-12-18,64.71512603759766,64.9432721359607,63.9308741644392,63.9308741644392,6653300
2012-12-19,64.72940826416016,65.47088467320772,64.69375821548688,64.81496511731578,7065800
2012-12-20,64.1772689819336,64.62901762093341,63.560593110479296,64.4640958592466,6893600
2012-12-21,63.02996826171875,63.23074543880681,62.01173802319059,62.74314137840677,10727800
2012-12-24,62.728755950927734,62.97972723606543,62.49929570869275,62.75026699383044,2326700
2012-12-26,62.86501693725586,63.58925330918365,62.79331161159578,62.86501693725586,3236100
2012-12-27,62.857845306396484,63.39564341283411,62.06190367120759,63.00842811970719,3953800
2012-12-28,62.24835968017578,62.814841220556225,62.162315452268615,62.449136839648894,3309200
2012-12-31,64.2561264038086,64.39237035882338,62.147955806600905,62.24834436163309,7213000
2013-01-02,67.04550170898438,67.71954379766622,66.65111421650764,66.65111421650764,11590000
2013-01-03,67.6908950805664,68.11396054201266,66.60812607079063,66.84475868690551,9329000
2013-01-04,68.06372833251953,68.06372833251953,67.43271384510459,67.81275697222753,5658600
2013-01-07,68.27166748046875,68.60151628667002,67.69084735115396,67.81274692655703,5368800
2013-01-08,67.404052734375,68.25736111006204,67.0957148275041,67.88448456322101,5616100
2013-01-09,67.71953582763672,67.95616282450811,67.47573118713609,67.47573118713609,3546100
2013-01-10,68.1784439086914,68.25732138343211,67.56894062541096,68.1999549525727,4596400
2013-01-11,68.25733184814453,68.40074247651579,67.49007349775225,67.80557797432196,4288500
2013-01-14,67.85580444335938,68.46531358010127,67.51161658362273,68.35058064634413,3685800
2013-01-15,68.60151672363281,68.71624959822381,67.53309281513584,67.55460386143051,4789800
2013-01-16,68.25733184814453,68.60151954454146,67.99918834046444,68.1927932358421,3809700
2013-01-17,68.6230239868164,69.04609460009159,68.18561450039012,68.63019615877408,4824100
2013-01-18,69.99978637695312,69.99978637695312,68.90267391280173,69.14647850620112,8330900
2013-01-22,70.0715103149414,70.0786824883275,68.87401448543467,69.11781367290847,8330100
2013-01-23,69.4476547241211,70.07150244023448,69.26838870497222,69.8994085936657,4971000
2013-01-24,69.26838684082031,70.08583942847869,68.83814950059451,68.83814950059451,5816300
2013-01-25,68.5369644165039,69.03890692554609,67.87726698440188,68.78076350067782,8902700
2013-01-28,69.87789916992188,70.8029125791291,69.146496144679,70.31530873871208,15997500
2013-01-29,70.7025375366211,71.13277501425753,70.07152293413876,70.21493360309545,6961900
2013-01-30,70.7383804321289,70.96066857093936,70.45155367416245,70.86745219967554,5681000
2013-01-31,70.55193328857422,70.78139357174987,70.20057342669125,70.26510656691346,7154500
2013-02-01,71.3407211303711,71.49130396728613,70.95350577654696,70.98936117756935,6138500
2013-02-04,70.45873260498047,70.89614222190727,70.2077612192272,70.81726471913254,5765000
2013-02-05,70.58780670166016,71.06106626307542,70.50175702196371,70.6881952592563,4178000
2013-02-06,70.05715942382812,70.81007890683969,69.81336025912866,70.1790644769427,4489600
2013-02-07,68.91705322265625,70.38703728807498,68.2716942312342,69.85640574470203,6210100
2013-02-08,69.4476547241211,69.91374746806112,68.90985666667447,68.90985666667447,3934200
2013-02-11,69.26838684082031,69.5480413855053,69.05327090608971,69.5265303391087,2739200
2013-02-12,69.71295166015625,69.849195548726,69.31856433575076,69.31856433575076,4149000
2013-02-13,69.11064910888672,69.91376302282984,68.85250554621807,69.61976406004823,3718500
2013-02-14,68.8883285522461,69.32573796826,68.60867406932093,68.88115638144296,3586300
2013-02-15,68.5584945678711,69.13931470035027,68.3290342896651,69.02458729662956,4377200
2013-02-19,68.55132293701172,69.10346532599551,68.2143019540048,68.65171146759702,4368800
2013-02-20,66.84474182128906,68.19282087496694,66.72284219069007,68.12111553171854,8570800
2013-02-21,65.63287353515625,66.53637579631815,64.94449268357351,66.51486474951318,7193400
2013-02-22,65.64005279541016,66.32126154802573,65.28869289453851,65.96272947385643,5851800
2013-02-25,63.933433532714844,66.12764778223448,63.876067095544045,65.83364889480757,7540300
2013-02-26,64.49993133544922,64.67919740972313,63.460190292967056,64.24178775083345,7114200
2013-02-27,66.14915466308594,66.22803214153774,64.57878273669984,64.57878273669984,6147300
2013-02-28,66.23523712158203,66.80171862434626,66.1348485485116,66.32128134377558,5446500
2013-03-01,65.51099395751953,65.94123143727076,64.6290024738781,65.64006574852154,4924400
2013-03-04,64.35652923583984,65.07359362843974,63.9549749266294,64.97320505113711,6350500
2013-03-05,64.68634033203125,65.4535985641232,64.52858538268757,64.88711736909995,5352500
2013-03-06,64.27761840820312,65.28868130383385,64.11269674699236,65.23131486916736,7135900
2013-03-07,64.28479766845703,64.82259574353486,64.01230980912804,64.46406369348297,4738200
2013-03-08,64.9014663696289,65.05204915823651,64.54293435748762,64.84409993470285,5084900
2013-03-11,65.38191986083984,65.62571908482035,64.60748914213794,64.88714376765259,4846300
2013-03-12,64.34932708740234,65.3675622084026,64.10552793344364,65.3675622084026,6593300
2013-03-13,64.01947784423828,64.47123169939547,63.91191714202159,64.39235421582087,5836100
2013-03-14,63.60359191894531,64.21310086141087,63.223548770853576,64.15573441281741,7328500
2013-03-15,63.696815490722656,63.997981147846374,63.180528380930106,63.53906048820095,7379400
2013-03-18,64.07684326171875,64.55010268486973,62.86500327950902,63.022758244147504,7159800
2013-03-19,63.29525375366211,64.10553979105387,62.70009463271437,64.10553979105387,7509300
2013-03-20,62.341556549072266,63.01559310397526,61.96868014181393,62.821988198073306,9389000
2013-03-21,62.26268005371094,62.6140399474749,61.97585330602466,61.97585330602466,5449600
2013-03-22,62.728755950927734,62.836311165441245,62.363051809290695,62.391735023415535,5115500
2013-03-25,62.12641906738281,63.07294324544351,61.703353970496465,63.05143220265454,6685300
2013-03-26,62.38457489013672,62.66422944336236,62.14077572917684,62.42759698424381,4173000
2013-03-27,62.31285858154297,62.49929674105213,61.524089327754076,61.97583764846387,4838700
2013-03-28,62.363075256347656,63.08731164069554,62.13361492784096,62.420441706165775,6213400
2013-04-01,61.40938186645508,62.3415675787614,61.24446015276101,62.28420112583909,5666900
2013-04-02,60.86442184448242,61.681874789807786,60.57042829715446,61.681874789807786,6514300
2013-04-03,60.31941604614258,60.67794798906144,59.946539761879535,60.16883328660826,9222400
2013-04-04,60.68511962890625,60.7568303999381,60.118638456489734,60.3552708710619,7646200
2013-04-05,60.663597106933594,61.20856713322499,59.552151486179824,59.81029489490929,8985600
2013-04-08,60.36962127685547,61.20141269088218,60.02542814192988,60.72815328496932,6722000
2013-04-09,61.5958137512207,62.13361188268521,60.2692461210947,60.5058731411573,10533700
2013-04-10,62.07624053955078,62.29852866571199,61.59580889298587,61.93999660634742,6258700
2013-04-11,61.452388763427734,62.384574245050466,61.16556751132662,62.305696759493244,6920000
2013-04-12,60.98630905151367,61.18708614117296,60.44851093102683,60.94328148175426,4934500
2013-04-15,58.99286651611328,60.47002241785399,58.73472844951686,60.40548379813081,10345400
2013-04-16,59.236656188964844,60.03976982096816,58.88529636842265,59.9680590459169,6566500
2013-04-17,58.419227600097656,58.526788335943756,57.80972405799144,58.469421880723665,9405300
2013-04-18,58.06558609008789,58.70065391085354,57.7697041586302,58.70065391085354,6886900
2013-04-19,58.0439567565918,58.57077862804831,57.74085647729787,58.41922298249254,7009500
2013-04-22,59.68937301635742,59.992473338565866,57.36559286760686,58.62851638271829,18449600
2013-04-23,60.69248962402344,61.139927328500626,59.71101727646058,60.555375969256986,12932500
2013-04-24,60.4615364074707,61.089391545970265,60.10791950473084,60.82237155481145,7022000
2013-04-25,60.988365173339844,61.356413101787034,60.63474272394198,61.12547880111294,6556100
2013-04-26,61.111061096191406,61.39973041124172,60.80074254604643,60.872908498331704,6160700
2013-04-29,61.19765090942383,61.70281797704812,60.670829105265845,61.42136696709915,6065100
2013-04-30,61.103824615478516,61.61620988148741,60.15843825905863,61.20485801971083,6954300
2013-05-01,59.95637893676758,60.872897934142586,59.65327868622544,60.670831100447835,11607000
2013-05-02,60.80794143676758,61.02443922470819,59.97080124018963,60.14400057172361,5798600
2013-05-03,62.77089309692383,63.13172829279831,61.6883875093004,61.76776618695729,11890000
2013-05-06,63.21109390258789,63.470895630380376,62.69870869108243,62.87912625172127,6381000
2013-05-07,64.79879760742188,64.81322859543475,63.44205899193453,63.58639089570007,10406900
2013-05-08,65.17404174804688,65.23899493684003,64.35855630722779,64.7771263944053,7431000
2013-05-09,64.91427612304688,65.4483163959272,64.62561225284284,64.93593086863153,5166100
2013-05-10,63.954429626464844,65.1307503374126,63.434826083547975,64.9214652711873,6967500
2013-05-13,63.557518005371094,63.86061828103208,63.32658367545194,63.64412044380654,5483600
2013-05-14,63.182228088378906,63.506977475378974,62.68427388946591,63.37707661939761,6856900
2013-05-15,62.785316467285156,62.91521734228135,62.381182858811414,62.763667239103704,6925400
2013-05-16,62.62656021118164,63.25441547920582,62.13582408932458,62.46057909247165,8192200
2013-05-17,63.26884078979492,63.40595992366143,62.857488894103426,63.0667739646704,6690800
2013-05-20,63.74513244628906,64.0482326200876,62.98015826196486,63.19666153233918,5603200
2013-05-21,63.57914352416992,64.21421682400364,63.312129073927714,63.976064336566,4730000
2013-05-22,63.290470123291016,64.29359119402328,62.89355484326457,63.571921042077406,6479100
2013-05-23,62.74922180175781,63.059540208558445,61.90486898763981,62.08528653796793,6026800
2013-05-24,62.2152099609375,62.583263438759886,61.89767319529397,62.25129568645469,4637400
2013-05-28,62.20075607299805,63.06675810747643,61.99147105505266,62.81417463957912,5800400
2013-05-29,62.417259216308594,62.53994734494016,61.580124578175116,61.868793783220404,5110500
2013-05-30,62.35953903198242,62.78532190551736,62.056433293465744,62.402837492095685,3568000
2013-05-31,61.91934585571289,62.74926272372769,61.91934585571289,62.229664464887996,5522300
2013-06-03,62.15745162963867,62.28013974671797,61.87600069534528,61.99868881242458,6092700
2013-06-04,62.005916595458984,62.40283749957126,61.6595179026955,62.02756582551821,5105500
2013-06-05,60.92340087890625,61.86879264569517,60.786287276108744,61.68115683997956,7359000
2013-06-06,60.62028503417969,60.84400099086841,60.11511819459043,60.83678825452114,7009400
2013-06-07,61.089378356933594,61.60898173786845,60.3604899750163,61.089378356933594,5474100
2013-06-10,60.47597122192383,61.175986763417285,60.35328309073593,61.13268830882582,4965200
2013-06-11,60.27389907836914,60.598654006379924,59.631612972674795,59.92028218449307,5275900
2013-06-12,60.05019760131836,60.894550708052826,59.90586571339931,60.74300057396525,4748100
2013-06-13,61.44302749633789,61.544060928441546,60.03577218781616,60.129587373081236,6352100
2013-06-14,60.5264892578125,61.44300810432165,60.18730334026815,61.349192948665554,5147500
2013-06-17,60.56257629394531,60.93062972530206,60.20174110796245,60.295561780099106,4389500
2013-06-18,61.01723098754883,61.248165281934156,60.59144261314309,60.68525777758129,3723900
2013-06-19,60.800750732421875,61.55128885024346,60.800750732421875,60.98116839038158,4711700
2013-06-20,60.04296112060547,60.38936525468318,59.42954252437672,60.03574838253598,7628100
2013-06-21,59.985225677490234,60.6347244167236,59.12643642525511,60.6347244167236,9736500
2013-06-24,58.83055877685547,59.357380503620554,58.35425925533894,59.220261388591155,7525600
2013-06-25,59.41513442993164,59.66771800733576,59.15533260577053,59.42234717077958,6249000
2013-06-26,59.24913787841797,60.20896081789763,58.960468621428305,59.84090737758812,6950600
2013-06-27,59.86975860595703,60.021308685918434,59.573876689624754,59.573876689624754,4658000
2013-06-28,59.53056716918945,60.03573956107825,59.400666326235886,59.72542118657285,8448800
2013-07-01,59.69658660888672,60.07907110555016,59.37183156963555,59.92752095626327,4676300
2013-07-02,59.523372650146484,60.324421669975344,59.205835935538715,59.73265220560219,3659900
2013-07-03,59.0687370300293,59.537824017409,58.85945189701651,59.285240410638295,2928200
2013-07-05,59.277992248535156,59.63160911956218,58.74395782001785,59.55944319774744,4819500
2013-07-08,60.04296112060547,60.04296112060547,59.35737660233338,59.46562823835185,4879100
2013-07-09,61.580142974853516,62.24407849066922,60.418253069221656,60.67083663437885,7882100
2013-07-10,61.31312561035156,61.89767695909578,61.190442945587044,61.64509338284267,4216800
2013-07-11,62.568843841552734,62.70596302845372,62.13584254796717,62.395644425300546,5434500
2013-07-12,62.90800094604492,62.98016687740609,62.45335062315273,62.518298309605484,4876100
2013-07-15,63.07398986816406,63.52864020781297,62.92243975494776,62.95851996900431,4161800
2013-07-16,63.629669189453125,63.88947093857848,63.08841646309322,63.30491975600016,5432100
2013-07-17,62.54716873168945,64.22866199061446,61.97704848701888,63.831741090556484,15077400
2013-07-18,62.292816162109375,62.93231110319306,62.074803624952445,62.409085449447716,7045900
2013-07-19,62.24195861816406,62.41636535300431,61.87860801974429,62.09661505222207,5086200
2013-07-22,62.49632263183594,62.896010633826066,62.045765751800886,62.045765751800886,4835000
2013-07-23,62.14748764038086,62.77245115067675,61.85681157964921,62.12568749025503,6891800
2013-07-24,60.63597869873047,61.97310688048508,60.05461524491981,61.46441801662035,16602100
2013-07-25,59.69121551513672,60.01096570691085,59.117121100036925,59.625815090976516,9941300
2013-07-26,59.63310241699219,59.64763954670133,59.17528262838359,59.502295971062516,5727000
2013-07-29,60.330726623535156,60.570539332035054,59.589493895059704,59.89470704535608,9068800
2013-07-30,60.454261779785156,60.86121259129777,60.06911111256228,60.657737185541464,5266000
2013-07-31,60.250797271728516,60.9702298848606,60.19992286679868,60.73768572989417,7012900
2013-08-01,61.36265563964844,61.63153155518483,60.396141641549704,60.766760833356464,6570400
2013-08-02,61.260921478271484,61.537065974841724,60.67955822368153,61.25365291290912,4864700
2013-08-05,60.723148345947266,61.25364264263551,60.67954804966521,61.12283620949937,3758400
2013-08-06,59.97466278076172,60.548757524564515,59.69851825794033,60.54148895851117,7223600
2013-08-07,59.901973724365234,60.14904944465279,59.44415401332617,59.86563645053962,4292400
2013-08-08,61.01383590698242,61.471655695703724,60.25806594634611,60.27986609662467,6400600
2013-08-09,61.41350173950195,61.616977128032744,60.679532192911466,60.89754470593074,5478600
2013-08-12,62.728851318359375,62.82332048437282,61.08650495038,61.18097966068395,8608300
2013-08-13,62.9105110168457,63.53547437670177,62.823304893043996,62.946848287835365,6710300
2013-08-14,62.365501403808594,63.22300910540059,62.285563822315986,63.121271373371926,4462900
2013-08-15,62.394554138183594,62.88144252308424,61.6823846521002,61.740522068166015,5138900
2013-08-16,61.885868072509766,62.78697588025378,61.87133094576989,62.38728805924789,4706500
2013-08-19,61.188236236572266,62.13294997436632,61.00656094424956,61.878605673972515,3766000
2013-08-20,60.94114303588867,61.377162503651654,60.51238658584844,60.89754275239888,4690000
2013-08-21,60.272586822509766,60.933881894555284,60.19264926351792,60.69406921757975,5562600
2013-08-22,61.166446685791016,61.39899087848124,60.35980780458318,60.5414831283815,4739900
2013-08-23,60.962982177734375,61.333601457360466,60.60690003143035,61.31906432403841,4487200
2013-08-26,60.723148345947266,61.609724665615595,60.69407963366257,61.02836705279158,4123300
2013-08-27,60.09819793701172,60.70862993890614,59.938328301180746,60.22900439853973,5569900
2013-08-28,59.91650390625,60.069116017317285,59.19707136450033,59.4514156424634,6762900
2013-08-29,59.97466278076172,60.359813617217554,59.60404353212114,59.95286262689311,3706400
2013-08-30,59.98191833496094,60.14179348770429,59.7421056058459,60.01825006876338,4425700
2013-09-03,59.960113525390625,60.708614823883934,59.38601895074775,60.4252018185183,7544200
2013-09-04,60.70861053466797,60.8539485368932,59.80750272343484,60.13451600058631,4482200
2013-09-05,60.279869079589844,60.69408858825177,60.10546232444028,60.585087831465046,3728400
2013-09-06,60.59962463378906,61.202788079950636,59.8801918556167,60.476086735936576,5566500
2013-09-09,62.19834899902344,62.51809928038772,61.05742841104338,61.07196553889983,6702200
2013-09-10,62.93959426879883,63.143069727065914,62.62711251666282,63.08493229776377,6298400
2013-09-11,63.317466735839844,63.31746673583984,62.6852403083255,62.85964702512709,4382900
2013-09-12,63.106746673583984,63.38289675287539,62.94687702339993,63.17942124873962,3980600
2013-09-13,63.23024368286133,63.36831307680493,62.772418590531636,63.29564409931552,3276000
2013-09-16,63.35380935668945,64.10957925233592,63.24480307037976,63.9206353923518,4866600
2013-09-17,63.27387237548828,63.55001683167385,62.98319079070396,63.48461638584967,3415400
2013-09-18,63.83342361450195,63.95696701835872,62.64163422320623,62.72157178981786,5564700
2013-09-19,63.76801300048828,64.13136350191556,63.4482627850599,63.97875695663074,4765200
2013-09-20,61.58791732788086,63.69535159604084,61.58791732788086,63.66628288714954,13435200
2013-09-23,61.791419982910156,62.053032933959074,61.3190629577223,61.76961982770471,6048400
2013-09-24,61.84952163696289,62.08933429403825,61.42803373257986,61.86405321726054,3720900
2013-09-25,61.406246185302734,62.16928459822059,61.35537732739419,61.871334470263626,3824700
2013-09-26,61.188236236572266,61.660593105469296,60.97022921235897,61.4716492490525,3475100
2013-09-27,60.8975715637207,60.984772171955875,60.592352802024706,60.76676510707698,3017600
2013-09-30,60.60688781738281,60.919369589330294,60.192668309851584,60.27986891504293,5401500
2013-10-01,60.86848449707031,61.26090374870453,60.374327536970476,60.723140953341364,3866000
2013-10-02,61.09376907348633,61.224575509997386,60.556011743069774,60.69408119962193,3324900
2013-10-03,61.02110290527344,61.23910994675276,60.62141501279246,60.96296547649614,4223500
2013-10-04,61.188236236572266,61.29724252082388,60.70861634787108,61.02109807243773,3212000
2013-10-07,60.70135498046875,61.15918031974684,60.53421679651848,60.650486114359026,3364300
2013-10-08,60.207176208496094,60.96294590712452,60.04730110282431,60.708601668232404,5671300
2013-10-09,60.69408416748047,60.96296561798174,59.91651407472316,60.352539247274485,4577500
2013-10-10,61.57341384887695,61.73328350431273,61.0937882496941,61.36266977144435,4317100
2013-10-11,62.212894439697266,62.38730118725009,61.297249312536486,61.50799334029598,4110300
2013-10-14,62.67070770263672,62.80151413574768,61.66786207831264,61.81320009541817,4689600
2013-10-15,62.31463623046875,63.041337527617074,62.27103592681294,62.67071831366998,4896500
2013-10-16,62.692527770996094,62.85240296718567,62.2056391602673,62.53992114125834,3549500
2013-10-17,62.82423400878906,62.92668426589666,62.16562122515427,62.443705279978005,3850700
2013-10-18,63.91458511352539,64.22194139325677,63.13156943418285,63.16084172668673,6752700
2013-10-21,64.17802429199219,64.2512078081166,63.804815158726015,64.19266322846443,3883500
2013-10-22,65.25376892089844,65.25376892089844,64.06095220787446,64.30975834135259,9152900
2013-10-23,61.2947998046875,61.946093178893356,60.77522899959748,61.58019777391834,20968800
2013-10-24,61.8582878112793,62.202230449416746,60.833779369605715,60.97282143603282,8368700
2013-10-25,62.03390884399414,62.041228315879685,61.185034348271095,61.70460518972044,4886400
2013-10-28,61.67533493041992,62.00464417873454,61.58020412523822,61.83632981851311,3979200
2013-10-29,61.52165603637695,61.543608868399225,60.950860071313436,61.404572404551104,5324100
2013-10-30,61.09720230102539,61.72654273238329,60.89230180395441,61.59482018667768,4657000
2013-10-31,61.00205612182617,61.66798256918535,61.00205612182617,61.060600701386086,4651300
2013-11-01,61.17039489746094,61.32407589017741,60.592285035082796,61.30943694652768,5880200
2013-11-04,61.38993453979492,61.463112508862004,61.06794477615436,61.33138993129279,3892500
2013-11-05,61.50701904296875,61.60946930843522,61.00208160379775,61.18502930400513,4010900
2013-11-06,61.631412506103516,61.733862755556906,61.36064794219393,61.68995710096827,3664100
2013-11-07,61.21427536010742,61.78507104672382,61.104505670423116,61.433809156357704,5431600
2013-11-08,61.64604568481445,61.70459027950974,61.10452214168268,61.11915549879657,4557300
2013-11-11,61.580177307128906,61.81435006515842,61.338685080158776,61.60944959977247,2522500
2013-11-12,61.36065673828125,61.675327001887645,61.1338033795606,61.4557931143543,3483000
2013-11-13,61.61676025390625,61.653352013571265,60.73861385313252,61.07523682619974,3952800
2013-11-14,61.2947998046875,61.61678396454336,61.14843829282501,61.47042803580168,4496300
2013-11-15,61.2801628112793,61.550927429497385,61.10453457457833,61.470429991192574,4743900
2013-11-18,61.49968719482422,62.18025272595612,61.28014776550956,61.507006664633266,4803100
2013-11-19,61.228919982910156,61.83630753892159,61.089883561296475,61.550909643083806,5010300
2013-11-20,60.50444030761719,61.258183648556496,60.343445500209064,60.87033556695616,7443000
2013-11-21,60.094669342041016,60.80450180896717,59.91172162122965,60.77523508678415,6208500
2013-11-22,60.65082550048828,60.702050638236415,60.0068515426373,60.16784642788036,4403800
2013-11-25,61.763145446777344,62.15831315393528,61.37529721098922,61.763145446777344,8111400
2013-11-26,61.73387145996094,62.07781402438704,61.47774580021405,62.0558611939974,3834900
2013-11-27,61.96072769165039,62.15099486905222,61.711921491534916,61.78509945726765,3053600
2013-11-29,61.90946960449219,62.33390939619283,61.858244497433006,61.93874189182857,2284400
2013-12-02,61.65338897705078,62.26809070950501,61.4923940709922,61.98269267899097,4834700
2013-12-03,61.37529754638672,61.43383656830272,60.93621859173126,61.32407241275969,3924300
2013-12-04,61.44846725463867,61.74849854467751,60.81912679285566,61.287472403979756,5246700
2013-12-05,61.770469665527344,61.8948727727712,61.25089323763363,61.41188812141802,5291900
2013-12-06,62.56809616088867,62.62664074870711,62.15097574314085,62.246106511006424,5759300
2013-12-09,62.999847412109375,63.321837049102186,62.61199930379657,62.71444953681811,6023400
2013-12-10,63.24136734008789,63.570676590284926,62.875471895283226,62.91206367301226,4987000
2013-12-11,62.40711212158203,63.09499718953588,62.290028508829124,62.95595516521666,5624100
2013-12-12,62.61933898925781,62.71446978402799,62.08512924478956,62.47298306143897,4551700
2013-12-13,62.97061538696289,63.102337985275206,62.61935326375604,62.692531244346874,4226200
2013-12-16,63.94387435913086,64.28781690834059,63.25599484383183,63.29990050266868,6976200
2013-12-17,63.607234954833984,64.14144452708962,63.212067377367966,63.82677435891032,4764400
2013-12-18,64.52201080322266,64.73423086212236,63.40969094543076,63.673136150746096,6963200
2013-12-19,64.06095123291016,64.28048506796979,63.85605075360675,64.03167893827833,4299700
2013-12-20,65.07815551757812,65.20987808379023,64.25854781857828,64.2878201203055,7389700
2013-12-23,65.83189392089844,65.912391348484,65.32695652661097,65.35622882601665,5733300
2013-12-24,66.52709197998047,66.57831710316327,65.85384032556678,65.86115979548423,2675700
2013-12-26,66.70272064208984,67.08324933366025,66.37341149094034,66.58563145507142,4790800
2013-12-27,66.49784088134766,66.90764199744493,66.27098190654685,66.69542196714556,3373800
2013-12-30,66.49784088134766,66.61492452175196,66.06608134849822,66.4832019368462,2625000
2013-12-31,66.45388793945312,66.7246524116445,66.19776240257912,66.59292990937814,3098900
2014-01-02,65.76604461669922,66.1904790595396,65.37087689423043,66.16121233916799,4898000
2014-01-03,65.72945404052734,66.0441243299116,65.56113968815482,65.86117661708636,3722000
2014-01-06,64.86592102050781,66.08069614665379,64.6756538933641,66.00019873067451,5233900
2014-01-07,65.07815551757812,65.29769498897186,64.94643295136602,64.96106631066928,3512100
2014-01-08,65.23179626464844,65.72941396344636,64.887853880949,64.96835127216026,4421600
2014-01-09,65.6489486694336,65.71481274131688,64.90252454785258,65.31964505937853,4466400
2014-01-10,66.23439025878906,66.3002487542594,65.3416045438288,65.4294214542436,5416000
2014-01-13,65.7806625366211,66.78321775921613,65.72943741331301,66.05142709303223,5213600
2014-01-14,66.2709732055664,66.38074294242934,65.75872187770035,65.75872187770035,3712100
2014-01-15,67.62478637695312,68.20289616049232,66.5051418315266,66.5051418315266,10121900
2014-01-16,67.77210235595703,68.3981884580446,67.54376084043231,67.68371154804996,4771000
2014-01-17,67.35224914550781,67.95623889037282,67.0355224732245,67.8752153960952,6833400
2014-01-21,66.73353576660156,67.65425233517942,66.02642611628673,67.47010902146386,5544900
2014-01-22,66.02639770507812,66.89555399660134,65.81279087873028,66.72613974825458,4787300
2014-01-23,65.1719741821289,65.6139168084983,64.85524760296985,65.33401550343356,5014800
2014-01-24,63.470497131347656,64.81105983140613,63.25689027666282,64.80369814716637,8087400
2014-01-27,67.24176788330078,67.99307007222596,65.60657448549051,67.5953198711688,22202300
2014-01-28,68.11092376708984,68.25823615722231,67.2859597713686,67.32279067870545,9409600
2014-01-29,66.74825286865234,67.73525807383554,66.50518240960639,67.25648445984983,8145900
2014-01-30,68.64861297607422,69.1273866310637,66.82928207848533,67.41853720649726,14764700
2014-01-31,69.1716079711914,69.74613430146032,67.77211744230551,67.88260457188235,9697300
2014-02-03,68.07406616210938,69.19366011861482,67.72787599950053,69.0463421666508,9084100
2014-02-04,68.13302612304688,68.24351323527611,67.38908556161851,68.11829713056669,6839700
2014-02-05,67.73526763916016,68.1403851281126,67.07235066615038,67.94150722640602,5134500
2014-02-06,69.11266326904297,69.40729366684418,67.61005329790346,67.72054039952985,6844200
2014-02-07,69.8786849975586,70.15121342062235,69.14947365572424,69.3630805076105,9140200
2014-02-10,69.60616302490234,69.95972061130679,68.96534235812243,69.95235330627975,5933400
2014-02-11,69.94498443603516,70.22488020512012,69.44411447794144,69.69455226679183,6006100
2014-02-12,70.83624267578125,71.18243297589078,70.0996694822231,70.20278927975265,8002000
2014-02-13,70.79203796386719,71.01301213195005,70.05546489639971,70.18804827332812,4387000
2014-02-14,71.11614990234375,71.21190240227904,70.59317794688994,70.60791255894642,4145300
2014-02-18,71.12348937988281,71.40339072547489,70.60052320733735,70.60052320733735,4871700
2014-02-19,70.86572265625,71.94111909303592,70.79206644379238,70.85099366160199,5865200
2014-02-20,71.38867950439453,71.8306223395305,70.19543441148822,71.08668738790138,7718400
2014-02-21,71.81587982177734,72.14733548080429,71.38866605977289,71.5286167520588,5554600
2014-02-24,71.68331146240234,72.36095753202983,71.58019165265938,71.85272578961329,4887800
2014-02-25,71.01300811767578,71.4328545176146,70.57842711024088,71.32972912396069,5989200
2014-02-26,71.59489440917969,72.11786619215411,70.96144117025895,71.19714992856072,4753900
2014-02-27,71.22660827636719,71.91898870848559,71.09402490893189,71.60226208736825,4337700
2014-02-28,71.42549133300781,71.83060314881354,70.93198872594672,71.17505356758754,5411100
2014-03-03,70.93936157226562,71.20452836814711,70.41639528583477,70.94672887759774,4859200
2014-03-04,71.46233367919922,71.78642770491966,71.12351066122233,71.59491708793868,6261300
2014-03-05,70.98355102539062,71.37393386570811,70.62262616355164,71.10876710254779,5384800
2014-03-06,71.8895263671875,72.29464378019505,71.19715154260126,71.41075277534391,6714300
2014-03-07,71.48442840576172,72.08841818045701,71.07931091436541,72.02212367295247,5259200
2014-03-10,71.26342010498047,71.30025099370344,70.60787074686478,71.18239664547362,4640300
2014-03-11,71.32975006103516,72.1178888248337,71.16770866825857,71.51389337154333,5731200
2014-03-12,71.31501770019531,71.6243770985303,70.93200210505783,70.93200210505783,4448600
2014-03-13,70.42375183105469,71.98528876603388,70.01863439379864,71.59490031758415,8434600
2014-03-14,70.26168823242188,70.89514137374532,70.12173758364419,70.30588080799157,5002000
2014-03-17,70.46793365478516,71.04245966379837,70.37954849623279,70.70363677693432,4697200
2014-03-18,71.01300811767578,71.18978407038523,70.49003632408305,70.79940126583234,4921300
2014-03-19,70.74047088623047,71.24134074600093,70.15857754770258,70.77729616409823,5109200
2014-03-20,70.86572265625,70.88781895802641,70.04812577287016,70.4974359743531,4396000
2014-03-21,71.73484802246094,71.91162397883345,71.2045145337371,71.49914487409549,8339700
2014-03-24,71.33712005615234,71.88955000850191,71.02039332535428,71.88955000850191,4808600
2014-03-25,72.61875915527344,73.17118913183813,71.55809742160287,71.71277714068798,9070400
2014-03-26,72.03685760498047,73.36268592690577,72.03685760498047,73.12698273947856,5610200
2014-03-27,72.51561737060547,72.8397113235989,71.66119552126816,72.0515783539521,4947700
2014-03-28,73.20799255371094,73.37740682219997,72.7586825585946,72.85444064845605,5821500
2014-03-31,73.19329071044922,74.12136902063709,72.95758747966381,73.65732986554315,5772600
2014-04-01,73.5173568725586,73.71623474993729,72.87654189337668,72.87654189337668,4814300
2014-04-02,75.59452056884766,75.69027870049364,73.56894386488445,73.68679829779992,9358300
2014-04-03,75.53559875488281,76.01436693330194,74.84321801251622,75.0715539511228,8230200
2014-04-04,75.25566101074219,76.14691365394778,75.06415607953188,75.78599446247581,4889200
2014-04-07,74.47491455078125,75.18202412800748,73.95931557351443,74.84320114014537,5215100
2014-04-08,75.41773986816406,76.0511933568308,74.36443982255389,74.37917443556009,6626900
2014-04-09,75.85968017578125,76.01435988949845,75.01998709011183,75.60924795917478,4062000
2014-04-10,75.32196044921875,76.39735641048661,75.12308258195321,75.80073404790261,4538900
2014-04-11,74.72533416748047,75.20410777705932,74.37178224812834,74.46753472220153,5363900
2014-04-14,75.70499420166016,75.74182511028391,74.35706386838086,75.26305139621334,4114100
2014-04-15,75.49874877929688,75.93332424559063,74.58539963584712,75.59450126688519,6317900
2014-04-16,76.26188659667969,76.42488774400941,75.72843035185375,76.03220624509481,3801400
2014-04-17,76.18779754638672,76.63975322252288,76.01738571247627,76.35079869551075,3556800
2014-04-21,76.0469970703125,76.2989093935567,75.23940793540278,76.23963524071166,3821400
2014-04-22,76.82496643066406,77.15837369875766,76.13591984426813,76.15073555837876,4528500
2014-04-23,76.59529876708984,77.51403153692065,76.44711897979923,76.72866283673002,6427400
2014-04-24,78.00302124023438,79.5737528244706,77.63997684226274,78.551293179393,8849200
2014-04-25,77.56587982177734,78.00301406547675,76.52860455600012,77.81778654132708,5731800
2014-04-28,77.24727630615234,78.10672894587204,76.49895564157711,77.78813742750394,4036200
2014-04-29,78.01783752441406,78.166017286628,76.9286987487852,77.63997178226421,4975800
2014-04-30,78.09193420410156,78.71429604281685,77.78815831661237,77.96598082998482,5199300
2014-05-01,77.8474349975586,78.38089124948253,77.52143269856147,77.94375128921854,2970800
2014-05-02,77.802978515625,78.22529708631495,77.59552457250658,77.7437043453923,2677000
2014-05-05,77.43994140625,77.64740103674048,76.9138957760744,77.54367404784371,3166400
2014-05-06,76.9583511352539,77.40289616299096,76.75830219851936,77.21025791164944,2836300
2014-05-07,77.5140609741211,77.54369807337369,76.63237564262715,77.12878433653606,3399800
2014-05-08,77.7510986328125,77.81036713784998,77.16577904376948,77.4621441797361,3118400
2014-05-09,77.84001922607422,78.01784173355938,77.27693157712557,77.76592934097002,2761800
2014-05-12,78.6846694946289,78.90694483976331,78.27717223214495,78.3216250400931,3664200
2014-05-13,79.38853454589844,80.17389760330039,78.40312255516419,78.90694175208348,3951500
2014-05-14,78.92916107177734,79.30702684872982,78.7587548948059,79.16625210477385,3082300
2014-05-15,77.78815460205078,79.08474735682181,77.08429222482484,78.89951982042595,5151000
2014-05-16,78.55870819091797,78.57352956053904,77.18061475636378,77.83261935498072,4403300
2014-05-19,78.08452606201172,78.18825303850834,77.58811758124985,78.10675246373296,3924300
2014-05-20,75.24684143066406,77.65479968714754,74.6244795484365,77.63998396967872,9277600
2014-05-21,76.22481536865234,76.3137265996608,75.18754593702612,75.18754593702612,5460200
2014-05-22,76.37303161621094,76.96575643770554,75.95071299047605,76.23966754215273,3112300
2014-05-23,77.07688903808594,77.16580029917507,76.42489008152135,76.42489008152135,2888600
2014-05-27,76.81756591796875,77.41029630938556,76.65456477769433,77.20283671550251,3443400
2014-05-28,76.24708557128906,76.95094813107396,76.20262710718983,76.70644636296866,3353300
2014-05-29,76.75826263427734,76.81012609990258,75.98771567877833,76.52117169817717,3071200
2014-05-30,75.74324035644531,76.29892291931282,75.23942127333764,76.23964875596008,5939300
2014-06-02,76.87682342529297,77.01018745182151,75.58023092120236,75.88400108275948,3747000
2014-06-03,77.4177017211914,77.4769758911633,76.350794925177,76.6249280690791,3643600
2014-06-04,77.28433227539062,77.86965194447778,77.10651543057162,77.36583284024425,2879900
2014-06-05,79.24776458740234,79.36631294806521,77.62516923018535,77.64740128733236,5389200
2014-06-06,80.15164947509766,80.285013510272,79.26255967573209,79.33664955023005,4299600
2014-06-09,80.57398986816406,80.98149276765642,79.76640040714766,79.82566893123112,3900400
2014-06-10,80.98889923095703,81.12967399012248,80.31467382943686,80.3887637253725,4752700
2014-06-11,80.52950286865234,80.74436742872501,80.26277483909276,80.70731967079399,2738800
2014-06-12,79.01808166503906,80.38876453814551,78.86249118619207,80.36653813440977,3408600
2014-06-13,79.10697174072266,79.44779537337749,78.58833691310994,78.94397626111271,2009100
2014-06-16,79.13661193847656,79.18847542327887,78.33643326619732,78.90693159902284,2137200
2014-06-17,79.03289794921875,79.27739969745627,78.53648941990996,78.91435524421368,2138400
2014-06-18,79.63304901123047,79.72195463785543,78.57354695660209,79.00327067491692,2218700
2014-06-19,79.46263122558594,79.58858462239644,79.0477232583527,79.26999296107175,2592400
2014-06-20,81.0407485961914,81.1518862470695,79.75156654301439,80.05534241190148,7762900
2014-06-23,80.59622192382812,81.38899572259832,80.23317745780734,80.9444506709631,2839500
2014-06-24,79.87752532958984,81.01111700953685,79.27738988789935,80.43320796899101,2864200
2014-06-25,80.34429168701172,80.67028828163687,79.53669675233917,79.63301868142679,2176200
2014-06-26,80.40357208251953,80.61103168592182,79.90716360723054,80.42580413669192,1522900
2014-06-27,80.59622192382812,80.67031182365116,79.81826949664074,80.27021958137036,3632100
2014-06-30,80.51470184326172,80.78142994019962,79.99606701738004,80.52211252725878,2249200
2014-07-01,80.88519287109375,81.31492229087303,80.76665013790873,80.81851364355808,2346300
2014-07-02,81.17412567138672,81.46308021841612,80.98149307516488,80.99630879306785,1849000
2014-07-03,82.30032348632812,82.3595976713008,81.27045854639181,81.42604904242204,2876200
2014-07-07,81.6186752319336,81.83353422842487,81.1815352483593,81.6334909496343,2697100
2014-07-08,81.10000610351562,81.78164193158747,81.0555533133745,81.65568859105791,2450600
2014-07-09,81.60382843017578,81.71496606273361,81.07037231605402,81.34451105600404,2270600
2014-07-10,81.02593231201172,81.1815227610708,79.87011431746102,80.12202104850076,2303600
2014-07-11,81.47049713134766,81.49272353624943,80.49990643265643,81.12967906656064,1992300
2014-07-14,81.56678771972656,82.27065568497775,81.56678771972656,81.81870008548134,2375100
2014-07-15,81.38899993896484,81.81131860780113,81.05559254614047,81.68536520630724,3212900
2014-07-16,82.53742218017578,82.58187499665337,81.44087226791274,81.6335105604788,3974100
2014-07-17,81.32209014892578,82.51504165268189,81.21770724787471,82.3137333973524,3164700
2014-07-18,82.1422119140625,82.1422119140625,81.30714903135599,81.59047312535438,2424900
2014-07-21,82.18695068359375,82.42554088894939,81.60538172512764,82.0154613070385,2075900
2014-07-22,82.06023406982422,82.96986143632557,81.86638334693585,82.64179761537312,2879400
2014-07-23,80.80760955810547,82.00056648539861,80.68085973332364,81.8589015703835,4471400
2014-07-24,78.31732177734375,79.20458190022195,77.60900291264231,78.73485327590289,8690300
2014-07-25,78.17566680908203,78.54846446261932,77.61647032877609,77.64629482367197,4126200
2014-07-28,77.65373992919922,78.21293631992062,76.92305414240974,78.12346284956685,4474300
2014-07-29,78.05633544921875,79.36112658352583,78.05633544921875,78.28746805842445,7947100
2014-07-30,77.07963562011719,78.52609223898489,76.81867841785765,78.34715097006983,5856900
2014-07-31,75.11872100830078,76.5651776053372,75.1112634630801,76.22965633169004,6711400
2014-08-01,74.94723510742188,75.19328291526013,73.89594871970291,74.94723510742188,6011900
2014-08-04,75.9090576171875,76.08800458944872,74.63409030414078,74.82794667987002,5183900
2014-08-05,75.67790985107422,76.40113807704272,75.26037837564486,75.38712818948025,5685400
2014-08-06,75.67047119140625,75.9388859750095,75.01434932506565,75.12618976630718,5526900
2014-08-07,76.00598907470703,77.14674900916353,75.96124948717087,76.54281861761382,5752800
2014-08-08,77.00506591796875,77.12436387201092,75.88667319680125,76.058162583627,4690200
2014-08-11,77.91468048095703,78.17563760325338,77.48969154223481,77.99669638916997,5197900
2014-08-12,77.78795623779297,78.40680167993071,77.63883377005108,77.98180691319668,4200900
2014-08-13,78.40679931640625,78.66029897126514,77.78795389292323,77.78795389292323,4664900
2014-08-14,78.77958679199219,79.03308641419046,78.28003371502803,78.66774638107664,4178800
2014-08-15,78.8392333984375,79.3462383526066,78.3844198797664,79.04054728424397,4099200
2014-08-18,79.76377868652344,79.8532464718148,79.2418586224169,79.54755539133588,3478600
2014-08-19,80.00235748291016,80.30059097580288,79.68175135845516,79.97253299593304,3639200
2014-08-20,80.30060577392578,80.63612704792018,79.92780815066996,80.06947306780806,5341600
2014-08-21,80.50189208984375,80.94924794676399,80.18128601617055,80.65100881267105,4118100
2014-08-22,80.00983428955078,80.39008950654336,79.43572837941305,80.21114821731669,4603700
2014-08-25,80.50189208984375,80.77030674168357,80.32295088476332,80.49443454717088,3014100
2014-08-26,80.56901550292969,81.00146208421555,80.50937221013574,80.5615636466054,2865800
2014-08-27,80.93437194824219,81.21023856815567,80.58394124770709,80.62121759957721,3281900
2014-08-28,81.00890350341797,81.13565329697934,80.37514884717227,80.53917498025467,3227800
2014-08-29,81.32209014892578,81.34445710080223,80.71070214772318,81.19534029599826,4437200
2014-09-02,81.21022033691406,81.81415626141288,81.1431195055472,81.29223625643317,4040200
2014-09-03,80.86724853515625,81.76196611990834,80.5615574844846,81.60538613403611,4669000
2014-09-04,81.13565826416016,81.63520561414738,80.64356845790923,80.7479513164606,4604000
2014-09-05,80.92689514160156,81.40407556411766,80.66593798685673,81.26986821475755,4305000
2014-09-08,80.4571762084961,80.86725013222154,80.1663888635902,80.69576643145406,3496900
2014-09-09,80.07691955566406,80.67339225744561,79.92034525812993,80.39006815073235,3578500
2014-09-10,78.98088073730469,79.12254561147887,78.57080120071551,78.74229055831786,8154700
2014-09-11,78.7273941040039,78.7795912286851,77.98179890716277,78.7795912286851,5460100
2014-09-12,78.30241394042969,78.35460538258387,77.84014850661846,78.26513758942845,6904200
2014-09-15,78.1831283569336,78.21295285335611,76.9603524458154,77.7805061878911,7051900
2014-09-16,78.1831283569336,78.9063567519669,77.37042647263273,77.69849024483943,5289700
2014-09-17,77.5344467163086,78.59319627078463,77.45243078557228,78.4217068642159,5122200
2014-09-18,77.79539489746094,77.95197488413746,77.09453932751052,77.76557609741158,3915800
2014-09-19,76.43095397949219,78.2874841538052,76.11034786446761,78.1756437530405,8285400
2014-09-22,75.2305679321289,76.2445780090123,75.17091894209088,76.12528002893623,5093200
2014-09-23,74.55206298828125,75.37221657645733,74.47004706061965,75.2007328647576,5710300
2014-09-24,75.45423889160156,75.67046220206446,74.47751091023511,74.58935133819047,5797000
2014-09-25,74.19419860839844,75.45425094522687,73.95560831191837,75.30513414309235,4960800
2014-09-26,74.84284210205078,75.03669844156597,73.99286405213618,74.14198650116317,2935900
2014-09-29,74.4327621459961,74.63407032535073,73.2621780359016,74.07487398571757,3156400
2014-09-30,73.83628845214844,74.63407505302304,73.66480474932438,74.5818836188888,3746100
2014-10-01,72.77755737304688,73.8139343804855,72.52405201415505,73.54551961857211,4827300
2014-10-02,72.62840270996094,73.05339157993211,71.6889515332318,72.80734389509676,4460800
2014-10-03,72.613525390625,73.32183864613913,72.34511062910707,73.09816347050129,3921900
2014-10-06,73.06834411621094,73.16526946362835,72.25564791720683,72.92667917976611,3982400
2014-10-07,70.60783386230469,72.70295937296473,70.60038200907397,72.38980519570967,6479500
2014-10-08,72.06180572509766,72.21838009642516,69.81756169251902,70.51842327807832,6214200
2014-10-09,69.71316528320312,71.96486073916897,69.51930889927776,71.73372800077715,6414500
2014-10-10,69.43726348876953,70.51092215834205,68.30396153967307,69.51927939760847,6179100
2014-10-13,68.3561782836914,70.1306930745705,68.31144438536931,69.55658718848751,5852400
2014-10-14,69.19121551513672,70.83897971679,68.88551884688141,68.97499229114989,6791300
2014-10-15,69.03465270996094,69.15395066527927,67.14084602101896,68.1697652876614,9377600
2014-10-16,70.04889678955078,70.73255996056831,67.81760856839657,67.81760856839657,7439400
2014-10-17,71.40870666503906,71.82190456637177,70.60484246844584,70.77011818991414,7442600
2014-10-20,70.64240264892578,71.59652531558262,70.07143192023683,71.01804023036793,4270800
2014-10-21,72.03974914550781,72.36279757928118,71.40116663179931,71.40116663179931,3990500
2014-10-22,71.0480728149414,72.1073732609407,70.6574123572981,71.7692960895104,6211300
2014-10-23,74.57905578613281,75.0824143184302,73.12909501959328,73.32442809583148,11670100
2014-10-24,74.70677185058594,74.88707620711311,73.90290800184427,74.75936086006354,4133800
2014-10-27,74.03064727783203,74.20343733692133,72.98637537225657,74.13582533078396,4346100
2014-10-28,75.9990005493164,75.9990005493164,74.39878073517313,74.70680631261332,5069600
2014-10-29,75.27023315429688,76.50983213887798,75.00728235706084,76.27693875686354,4426400
2014-10-30,75.2477035522461,75.56323766320618,74.42129650196043,74.8495230044843,2650900
2014-10-31,76.18680572509766,76.90802908673646,75.75857344323292,76.14172532440077,5367700
2014-11-03,75.29277801513672,76.44974215067451,74.954700841348,76.33704975941161,4434300
2014-11-04,74.08324432373047,75.12751634234712,73.65501770985007,74.93969755149125,4849000
2014-11-05,74.68424224853516,74.85703226964853,73.96301328427143,74.71428820125446,3515600
2014-11-06,75.81117248535156,75.8712701367221,74.55653872224708,74.75938620741671,3427700
2014-11-07,76.44975280761719,76.50234183330093,75.80365578820323,76.07411527222646,2708200
2014-11-10,76.78784942626953,77.04328601445157,76.52490421179964,76.52490421179964,3308100
2014-11-11,77.02821350097656,77.23106093092794,76.3295276244922,76.86293210820806,2464400
2014-11-12,77.37382507324219,77.54662087744425,76.26944970022213,76.75777968763722,2808700
2014-11-13,75.96143341064453,77.5165727937843,75.63838485609016,77.42641770933609,3924100
2014-11-14,76.13420867919922,76.40466814815125,75.61583280685252,75.87877792061876,2660500
2014-11-17,76.40467834472656,76.69016656214991,75.46558443325364,76.06660682930605,2477000
2014-11-18,76.66011810302734,76.96813793846141,76.11168471361114,76.40468156780862,2761200
2014-11-19,76.10417175292969,76.85544687099701,75.79614620327042,76.52488398487962,4679100
2014-11-20,76.69766998291016,76.7352360295301,75.18009684691239,75.37542997214294,3052600
2014-11-21,79.97322845458984,80.47658710477923,78.28285955669013,78.35799164868256,8738000
2014-11-24,79.6051025390625,79.98825441430367,78.95900554621414,79.93566539078222,4108600
2014-11-25,79.81547546386719,80.10847233266723,79.13181801392538,79.71029739464538,3321500
2014-11-26,79.47740936279297,79.96573942150965,79.22197279734219,79.85304698768653,2463800
2014-11-28,75.57825469970703,78.59086868971976,75.21764595317657,78.42558729265468,5780900
2014-12-01,74.37619018554688,75.48056483568831,73.46714854886935,75.30776914459128,7431800
2014-12-02,74.75939178466797,75.09746330947296,74.16588372832906,74.7368544472509,3900400
2014-12-03,75.26270294189453,76.22433368254877,75.09742158363746,75.15752493787119,6930700
2014-12-04,74.87957763671875,75.78111107292145,74.75937661762241,74.89460634646414,3390100
2014-12-05,74.21095275878906,75.0974575976726,74.15836373155759,74.98476518738397,3605000
2014-12-08,71.55892944335938,74.19590577105026,71.52136340816052,74.1207794324248,7192100
2014-12-09,71.7092056274414,72.2501246136977,70.46960630434053,70.74757442155205,6562900
2014-12-10,69.88359069824219,71.38614054172149,69.6807489913525,71.30350557356108,6749600
2014-12-11,69.63567352294922,70.83771223744321,69.51546678561346,70.3794340819529,4664900
2014-12-12,67.99037170410156,69.1172839422911,67.5846826105407,69.1172839422911,10327200
2014-12-15,67.42694091796875,68.58390527167215,67.15648142064722,68.5538535795504,6924100
2014-12-16,67.11891174316406,69.30512493966681,66.97617337802194,67.03627675901541,7649500
2014-12-17,67.42694091796875,67.71993775143804,66.13474681560459,67.1639957766212,8671600
2014-12-18,68.8844223022461,69.03467504382148,68.02796906536207,69.03467504382148,8344400
2014-12-19,68.8994140625,69.10226147666032,68.27585457715101,68.80175039790893,9689200
2014-12-22,69.35771179199219,69.72583495843891,69.00461160443619,69.4628898395484,4577200
2014-12-23,70.24422454833984,70.5747874392057,69.60564183516435,69.86107262772481,3554200
2014-12-24,70.40950775146484,70.60484089474133,70.07143049597386,70.34940436402984,1654200
2014-12-26,70.79263305664062,71.11568147788758,70.40948127056346,70.58227127973488,3127800
2014-12-29,70.4019546508789,70.83018102008265,70.3117996193413,70.77007766572424,2390500
2014-12-30,69.560546875,70.34187353334201,69.50044923341459,70.31933620127583,3197400
2014-12-31,68.76419067382812,70.29679215750515,68.70408730620802,69.78592499627948,3251100
2015-01-02,69.0271224975586,69.39525125476591,68.11057211019599,68.94448181588115,3767900
2015-01-05,65.38347625732422,67.93029859116699,65.06042770925517,67.87770955923828,11301400
2015-01-06,64.96273803710938,65.87177992955843,63.986078426763896,65.57126883931579,8660600
2015-01-07,65.96944427490234,66.21736635677976,64.92517266771578,65.63888723083815,6511100
2015-01-08,66.64558410644531,67.07381049573749,65.99197299362184,66.99868416515092,7617800
2015-01-09,65.84925079345703,66.78083013051616,65.3759439046126,66.68316645003975,4857100
2015-01-12,65.27831268310547,65.93943290720959,64.66226714443829,65.9093869381022,4351600
2015-01-13,64.88762664794922,66.03707653107733,64.00863050340394,65.87179510677355,5078100
2015-01-14,64.66224670410156,64.77493911384671,63.30994925070796,63.775741869493324,10366700
2015-01-15,63.86693572998047,65.26818969196911,63.851789568664536,65.16214922644167,6683900
2015-01-16,63.51850891113281,63.8669283689617,62.90498832003968,63.806332173138074,10424800
2015-01-20,63.60183334350586,64.00327306653864,63.011034824418225,63.942676864895844,5937300
2015-01-21,64.6622543334961,64.68497646813567,63.31401463089558,63.31401463089558,6613100
2015-01-22,65.7605209350586,66.16953661848763,64.70768651575435,65.17729839941843,5567800
2015-01-23,64.84403991699219,65.89687457724635,64.53348865379411,65.73781384930577,5027500
2015-01-26,65.16216278076172,65.3363754553786,64.30626290846328,64.65468247892387,8140500
2015-01-27,60.481204986572266,61.617357888431876,59.91312853564246,60.39788664480076,27489500
2015-01-28,60.602386474609375,61.50373035131024,60.564512406535016,60.897785713520705,14269300
2015-01-29,60.59482192993164,60.731160510424886,59.693472104516694,60.526655529071284,9157000
2015-01-30,60.572105407714844,61.21592429460928,60.15551365684447,60.22368584279283,8150700
2015-02-02,61.2310676574707,61.26136576330904,60.20853114521154,60.65542098286088,7149000
2015-02-03,63.563968658447266,63.70788321390593,61.46587543102114,61.51889567059443,10895300
2015-02-04,62.07180404663086,63.109492212536395,61.85215295325689,62.70047656565621,8806500
2015-02-05,63.29885482788086,63.34429908736778,62.0112173930648,62.41265709525669,6640200
2015-02-06,63.02619552612305,63.73061064111252,62.715650033908965,63.321594853818,5581500
2015-02-09,64.13202667236328,64.28351715523775,62.82923741349818,62.90498554432092,7693800
2015-02-10,63.548797607421875,64.38197495103411,63.2155243584688,64.38197495103411,6569100
2015-02-11,63.17766571044922,63.374594679616685,62.29146223411031,63.29127635467225,5722600
2015-02-12,63.2685661315918,63.813920441571426,63.10192945034553,63.68515783470746,4623000
2015-02-13,64.48046112060547,64.75313827446543,63.647283496598874,63.7078797038505,5645500
2015-02-17,64.6698226928711,64.82131321746246,63.77604882348629,64.27595888647883,3924400
2015-02-18,64.23052215576172,64.995527724322,64.06388544854318,64.32141070240942,3568600
2015-02-19,63.09435272216797,63.6245550359589,62.26874537209716,63.48064050274201,5733500
2015-02-20,63.95782470703125,64.09416326260666,62.412656336767185,63.094349114644196,6029400
2015-02-23,63.23824691772461,63.60939423070349,62.97314582186147,63.54879804342892,5180000
2015-02-24,64.00328063964844,64.14719519088563,63.32158773743614,63.45035034708387,3678700
2015-02-25,64.49561309814453,64.6546738081904,63.75332400582476,64.01842518923453,3449500
2015-02-26,63.47307586669922,64.45773821831109,63.29128724711387,64.45773821831109,4457000
2015-02-27,62.79135513305664,63.76087089230086,62.783779165908555,63.76087089230086,4370500
2015-03-02,62.86713409423828,62.920154337624666,62.29148160977674,62.79139171493961,4155000
2015-03-03,62.74592971801758,63.46549663128799,62.60202095838111,62.64746522155347,4331700
2015-03-04,61.90516662597656,62.57170736212863,61.22347395333776,62.54140926792573,6863600
2015-03-05,61.738563537597656,61.905200256856084,60.640278696473345,61.905200256856084,7123500
2015-03-06,60.64023208618164,61.51128331720025,60.25394447438681,60.87504081864221,7913800
2015-03-09,61.20833969116211,61.60977944242039,60.6705613660074,60.72358160147977,4740500
2015-03-10,60.526615142822266,61.17043354048689,60.39784684027439,60.6099276509151,4850500
2015-03-11,60.36758041381836,60.70842970575387,60.03431287037002,60.70842970575387,4612200
2015-03-12,60.73874282836914,60.95839977427181,60.44334350289355,60.79933326476359,3612500
2015-03-13,60.0115966796875,60.526652874654864,59.223863335691995,60.51907690418956,7272700
2015-03-16,60.572105407714844,60.59482754343995,59.88283647059714,60.26913011424303,3598500
2015-03-17,59.42078399658203,60.10247677346165,59.269299281173886,60.10247677346165,6979900
2015-03-18,61.602203369140625,61.68552169960966,59.26930167355123,59.26930167355123,12154300
2015-03-19,60.6629753112793,60.973526480830394,60.26153562675425,60.973526480830394,5236200
2015-03-20,61.49617004394531,61.54161430992087,60.73873479090014,61.06443218086046,8216600
2015-03-23,61.42042922973633,62.04910195173798,61.367408986842996,61.49617738710371,4704000
2015-03-24,60.95838165283203,61.50373009090216,60.746294962793655,61.465861801759594,3978700
2015-03-25,60.4887809753418,61.38255482288873,60.46605884190143,61.37497885215111,4803000
2015-03-26,60.50391387939453,61.20075856523878,60.22366659001257,60.32213107293444,4238500
2015-03-27,60.34488296508789,60.50394372153984,59.65561968712943,60.18582220863594,6336900
2015-03-30,61.63249969482422,61.74611034330963,60.59481146807567,60.60238743756521,4621200
2015-03-31,60.61753845214844,61.08715035899126,60.45090178266318,60.981109892731915,4848600
2015-04-01,60.32215118408203,60.988692215838434,60.132792345413066,60.617550510103754,4446200
2015-04-02,60.7765998840332,60.97353465750493,60.14035707880896,60.291841809927476,3555300
2015-04-06,61.72337341308594,62.1096668616224,60.57965078159252,60.85989801901865,4495400
2015-04-07,61.00383758544922,61.67795451616799,60.97353948107424,61.51889380227876,3526300
2015-04-08,60.92805099487305,61.53399530628601,60.5341817026247,61.23102026119536,4196200
2015-04-09,61.10987091064453,61.51131063378684,60.80689568111974,60.97353234629697,4291900
2015-04-10,62.56413269042969,62.7156231645836,61.155303064037206,61.427980138743536,6831900
2015-04-13,62.215728759765625,62.57172423920691,61.8067130458611,62.56414826892012,5293900
2015-04-14,62.86713409423828,63.048916960309725,61.76127917591289,62.52629049800769,5898700
2015-04-15,64.503173828125,64.93491159017472,62.86711129060753,63.08676815603929,9643800
2015-04-16,64.41153717041016,64.83922031657985,64.15187760547362,64.45736390226155,5692300
2015-04-17,63.60199737548828,63.838746465270795,63.128499195923254,63.770015114043325,5314000
2015-04-20,64.6100845336914,64.72464258856162,64.06021053164612,64.12130893779887,3914600
2015-04-21,64.09078979492188,64.8926907284605,63.854040643369544,64.65594157690816,5620900
2015-04-22,64.81631469726562,64.86977436618996,63.456900866522716,64.25116296673197,6520700
2015-04-23,64.75523376464844,66.824895544601,64.03734159369252,66.32848086950742,18917600
2015-04-24,64.6100845336914,65.04540048086648,64.16712982908108,64.68645462804999,5848100
2015-04-27,65.16761016845703,65.63347541075034,64.45735707993332,64.73992706755439,5912000
2015-04-28,65.83204650878906,65.84732402899377,64.53373697139224,65.23635140747366,5736500
2015-04-29,66.82487487792969,67.14563287894374,65.26689995300424,65.44255647355956,7021800
2015-04-30,66.35137176513672,66.67213559743603,65.8549630630864,66.32846131140107,5460100
2015-05-01,66.72557830810547,67.42055381036222,66.25971311164824,66.9699661302908,4850100
2015-05-04,66.67210388183594,67.17615110424755,66.5728175273225,67.00050049138594,2754500
2015-05-05,66.44300079345703,67.37473116213745,66.21388466695147,66.87831677248549,4623700
2015-05-06,66.43536376953125,67.16089430462627,66.00004777914035,67.0157870322742,4464700
2015-05-07,66.0076904296875,66.3513588220165,65.59528486289332,66.1757081598628,3892800
2015-05-08,66.67974090576172,67.08450762517629,66.21387578392041,67.0386867366884,3577100
2015-05-11,67.7947998046875,68.3064919381126,67.27547473653544,67.512229726429,6882600
2015-05-12,67.32892608642578,67.4663888026278,66.64158337208315,67.35183653912613,4066400
2015-05-13,67.54277038574219,68.02390741261473,67.3671138559314,67.65732265880685,3178300
2015-05-14,67.7718505859375,68.42100509318512,67.70311925269849,67.80239978737632,3228400
2015-05-15,67.53510284423828,67.63438338080678,66.90122001230637,67.58856249110818,3205000
2015-05-18,67.42818450927734,67.58856345216748,66.93940892332704,67.50455460208246,3074400
2015-05-19,66.62630462646484,67.1379966429112,66.06879753212739,67.12271912361443,5676800
2015-05-20,67.15326690673828,67.3060071364577,66.54229433452808,66.92415073549289,3841500
2015-05-21,68.22248840332031,68.44396588782696,67.16092772608827,67.38240521059492,8155500
2015-05-22,67.68785095214844,68.3522830638885,67.68785095214844,68.10789524577696,3483800
2015-05-26,67.08451843261719,67.32127332349638,66.66447995825914,67.30599580709628,3149600
2015-05-27,67.1456069946289,67.83294946516794,66.93940716679941,67.19906664085613,4517100
2015-05-28,65.68692779541016,66.78667006832117,65.47308918197372,66.69502827779996,5899100
2015-05-29,65.15997314453125,65.93132467181788,64.99959416242204,65.48073110874968,4685700
2015-06-01,65.3203353881836,65.96185697889538,64.68645255466224,65.72510211930835,3976900
2015-06-02,65.80912017822266,66.19861527613989,64.96903739630861,65.07595670527955,2817800
2015-06-03,65.85497283935547,66.48885018458645,65.53420895943827,66.13754291293205,2841800
2015-06-04,65.27455139160156,65.98480471846939,65.15999327565491,65.29746184945732,3775200
2015-06-05,65.71748352050781,66.0611519223857,64.84685146419577,64.92322157276132,3937600
2015-06-08,65.79386138916016,66.04588802115109,65.5112855448067,65.5265630643212,3355800
2015-06-09,66.23682403564453,66.91652806749342,66.00006906859569,66.030618284559,3984900
2015-06-10,67.57328796386719,67.74893858477371,66.71792782322838,66.78665915488807,4717100
2015-06-11,67.3365707397461,67.78716441905753,67.14564249845613,67.68024507006855,2872900
2015-06-12,67.09217834472656,67.51986153879685,66.87833966102498,67.16854847081039,2212800
2015-06-15,66.54231262207031,66.7408796366099,65.94661740511941,66.5499513836555,2721000
2015-06-16,66.12987518310547,66.45827185376717,65.862576922489,66.28262120821852,2895000
2015-06-17,66.63392639160156,66.86304250928735,65.92367341877348,66.35898938104457,3402800
2015-06-18,66.77904510498047,67.00815543528621,66.31317985869312,66.31317985869312,3372600
2015-06-19,66.84014129638672,67.17617679092966,66.55757129112673,66.64921309751755,3910900
2015-06-22,67.41293334960938,67.45112132427371,66.98525600136979,67.18382298162398,3648600
2015-06-23,67.5503921508789,67.68022774999713,67.21436249433594,67.52748170005394,2539000
2015-06-24,67.3365707397461,67.82534657131502,67.26020060856361,67.81007487574553,3413600
2015-06-25,66.22917175292969,67.45874976773995,66.1833508516736,67.37474089765979,3239100
2015-06-26,66.30555725097656,66.4048378356261,65.53420554972298,66.06116934312072,4387300
2015-06-29,65.14468383789062,66.24442596450913,64.99193782956552,65.84729799619276,4747300
2015-06-30,64.77812194824219,65.87023152720924,64.76285025538942,65.74803467772118,4077900
2015-07-01,64.11368560791016,65.25925477893892,63.800566397695334,65.21343387663093,5296200
2015-07-02,64.44207763671875,64.74756389204629,64.03731082474268,64.55663571079978,2582200
2015-07-06,63.502716064453125,64.26642881128559,63.1819581091833,63.884572437869366,4896600
2015-07-07,64.14423370361328,64.24352009244332,62.509888847481164,63.380520936199545,5192000
2015-07-08,62.83066177368164,63.56383133245949,62.44117236474844,63.426362768522075,4325100
2015-07-09,62.38770294189453,63.9227615348633,62.212046427276306,63.7165616345142,4570700
2015-07-10,62.73898696899414,63.31941013680565,62.52514838786999,63.11320448596141,3495000
2015-07-13,63.876914978027344,64.17476239595952,63.14375165491243,63.288858898861385,4228500
2015-07-14,64.503173828125,64.67119155409277,63.78528202686832,63.79292078532108,3797700
2015-07-15,64.2740478515625,64.80864427966986,63.96092292462529,64.57189526531718,3661700
2015-07-16,64.55924224853516,65.4302040986189,64.28947582421426,65.32229752889054,3686000
2015-07-17,64.0968017578125,64.4744748524819,63.788494670534625,64.39739955077958,2931500
2015-07-20,63.395408630371094,64.19700477646005,63.31062402681088,64.01972627434257,4291400
2015-07-21,63.372291564941406,63.88870264107853,62.624648664624,63.04857171546466,4691900
2015-07-22,61.4762077331543,62.52444842773686,61.00604069159288,62.431954526284535,10180700
2015-07-23,59.25637435913086,60.9212285499699,59.079101812058155,59.88840103221605,13909900
2015-07-24,58.65518569946289,59.418241017541774,58.46249454678366,59.27950903286135,9175900
2015-07-27,58.05401611328125,58.36232327104544,57.63009303629674,57.94610949013427,10269600
2015-07-28,59.950077056884766,60.235262111101505,58.41625695983721,58.51645425325328,15699000
2015-07-29,59.603248596191406,59.70344591196571,58.97122164026055,59.580126591048824,13794800
2015-07-30,60.389400482177734,60.40481906602617,59.10222511277102,59.333456826763495,7386200
2015-07-31,60.605228424072266,60.92124478506438,60.23526464782631,60.58210642311542,6203600
2015-08-03,59.549285888671875,60.45107922966733,59.15619422190399,60.44336993568057,6443300
2015-08-04,59.04058074951172,60.011746015184734,58.82476755279962,59.60324162419847,5822300
2015-08-05,59.25637435913086,60.05797016800151,59.13305509340202,59.73425047993835,4581900
2015-08-06,59.70344543457031,59.84989263992804,58.71686735324696,59.333481594308665,5609500
2015-08-07,59.572418212890625,60.235276479371926,59.302651681292275,59.74969084202554,7851300
2015-08-10,61.78451156616211,61.900121586232174,60.04258140465583,60.1504880103672,9041600
2015-08-11,60.15046310424805,60.836443048146286,59.526145732500936,60.68229249823502,8992500
2015-08-12,60.82875061035156,60.982907083441546,59.287221162260735,59.587818934200996,7236800
2015-08-13,59.93465805053711,60.56668479900264,59.888408174964376,60.54356280144994,5662500
2015-08-14,60.497318267822266,60.682306025513036,59.811338171005595,59.85758805066221,3811500
2015-08-17,60.53584671020508,60.61292198688046,59.51072847706916,60.21983043122934,5226800
2015-08-18,60.751670837402344,60.890408712726,60.258381920799955,60.512735672304615,5146400
2015-08-19,59.66490173339844,60.53586377828456,59.387425954759465,60.312341296577145,5862700
2015-08-20,58.894126892089844,59.98861123105437,58.894126892089844,59.56468834178844,7767300
2015-08-21,57.80735778808594,58.8093543419335,57.776526491609395,58.531878554113206,11805500
2015-08-24,56.12708282470703,57.71485615723156,54.13080515948195,55.35631815758364,15209300
2015-08-25,55.54131317138672,58.185036840303226,55.51819116677754,57.97693291835151,9427200
2015-08-26,56.93638229370117,57.09824215169902,55.90355468682858,56.8978417120729,8288100
2015-08-27,58.31607437133789,58.74770082777534,57.213880343961314,57.83819802280397,8537700
2015-08-28,58.539581298828125,58.59353459692829,57.52217204860459,57.95380431387441,6649500
2015-08-31,58.91727066040039,59.17161860747794,57.73029201231704,58.05401185802991,7019600
2015-09-01,57.73025894165039,58.53185468170125,57.39112069919569,57.42195198309758,9053100
2015-09-02,58.65518569946289,58.70143557482367,57.768805221044985,58.50103512950643,5325900
2015-09-03,57.38343811035156,58.58583522017262,56.867027095741975,58.539585332565245,11077100
2015-09-04,56.34290313720703,56.774535404262785,55.764829563541156,56.265827836811944,12007300
2015-09-08,57.267818450927734,57.51446291492297,56.697448350058586,57.48363162186509,5647800
2015-09-09,56.234989166259766,57.9615003666736,56.096251291554424,57.80734978609775,5859200
2015-09-10,55.81878662109375,56.504766837605175,55.51818881298061,56.18104702586315,6109100
2015-09-11,55.98064041137695,56.20416288948557,55.402566861931,55.6723392227137,4413800
2015-09-14,56.08854675292969,56.18104063739639,55.50276979271185,55.76482697799854,4231800
2015-09-15,57.483612060546875,57.60693131034578,55.99603648940676,56.28121556232879,5109400
2015-09-16,58.3006477355957,58.477926223152444,57.483638947086604,57.691742851161486,5225800
2015-09-17,57.082820892333984,58.331461584700584,56.96721091380021,58.115648450815044,7745000
2015-09-18,55.38715744018555,56.651211206185394,55.194466245606684,56.52018260518423,9260100
2015-09-21,55.61837387084961,56.14248813015777,55.42568272946856,55.726280439585636,7594900
2015-09-22,55.2484016418457,55.34089550223998,54.446805826495336,54.816775387605766,5717300
2015-09-23,54.10768127441406,55.34861295053283,54.07685586026503,55.24070635960669,4754300
2015-09-24,50.71631622314453,51.409999702415774,49.829935701282,51.02461737816837,22589600
2015-09-25,50.08430099487305,50.69320003277041,49.89931320264374,50.099713703991014,12365100
2015-09-28,49.167083740234375,49.57558811380256,48.55047253289537,49.51392552295158,12572000
2015-09-29,49.5678825378418,50.400309935364206,49.02064023404524,49.05918082633506,8784400
2015-09-30,50.37718200683594,50.59299518515002,49.444557411711166,50.06116565254168,7850300
2015-10-01,49.629539489746094,50.94754644571306,49.02834395338938,50.5852860890704,7933000
2015-10-02,50.63924026489258,50.662368146320155,48.63525314868169,49.16708269262003,8782700
2015-10-05,53.32149887084961,53.552730618681196,51.27126207351023,51.40229653353086,10661900
2015-10-06,54.585548400878906,54.83990212862583,53.24441965166262,53.59897065982476,9664100
2015-10-07,54.24641799926758,56.0423011791339,53.29838070206298,55.00177000005674,8307700
2015-10-08,55.371734619140625,55.63379768158038,53.83791447406378,54.20017483305713,6091600
2015-10-09,54.95552444458008,55.87273042187801,54.616386101110116,55.37173220006136,5573500
2015-10-12,54.338905334472656,55.13279194671145,54.200167468612754,55.11737924182361,4643500
2015-10-13,54.084556579589844,54.747414679672076,53.38316377350666,53.92269670126296,4724800
2015-10-14,54.500762939453125,54.77052936731654,53.62209178557392,54.03830536590624,4042700
2015-10-15,54.59326171875,54.66262771481352,53.76854377623387,54.315785973560686,4547900
2015-10-16,53.70689010620117,54.593270779304504,53.26755441681515,54.431410881158975,8310000
2015-10-19,53.390869140625,53.54502561167482,53.02861466471113,53.37545643375407,5712000
2015-10-20,54.16163635253906,54.870744391137876,52.805094627542125,53.074861113736496,6385800
2015-10-21,53.69917297363281,55.41798076957066,53.629806976182046,54.40827505642346,8679400
2015-10-22,55.24235153198242,56.76214332855431,52.8496595325992,52.935391651973404,13909200
2015-10-23,55.92041015625,56.45038780045634,55.07089040316771,55.88923430115711,7942500
2015-10-26,55.74114227294922,56.34906243851727,55.66320561977962,55.95157777731117,6254500
2015-10-27,54.860450744628906,55.39822379873705,53.262722481772336,54.696781977332066,8280500
2015-10-28,56.091888427734375,56.201000974780605,54.93061577920646,55.14104542102766,5486900
2015-10-29,56.091888427734375,56.559514478816475,55.55411519858664,55.717784019155985,4321300
2015-10-30,56.8868408203125,57.11286132178093,55.826885477102394,56.32568729200283,7388700
2015-11-02,57.93901062011719,58.17282661228995,56.76215304576063,56.89464599977094,5876500
2015-11-03,58.25851821899414,58.70276353813445,57.82985784693615,58.01691288902521,5006100
2015-11-04,58.1026725769043,59.178212822244106,57.931208346592214,58.71837639129931,5477800
2015-11-05,57.845458984375,58.889823063165174,57.05828522818334,58.18059189473901,6238900
2015-11-06,57.549293518066406,57.55708896636384,56.372436511100695,57.2219560437919,5538600
2015-11-09,56.029518127441406,57.370050056677776,55.70997604450625,57.22976169324174,5914800
2015-11-10,56.45039367675781,56.56730165897929,55.826888402367956,55.95159183572072,4373800
2015-11-11,56.04509735107422,56.7777089220073,55.97495021087685,56.53610354771726,4190700
2015-11-12,53.51213073730469,55.328078125685145,53.317286112038396,55.19558520758873,8731700
2015-11-13,54.26811981201172,54.65780904045232,53.387424296362816,53.54329760926476,6429600
2015-11-16,54.860450744628906,55.03971041139359,53.95637479962931,54.15121941967592,5167600
2015-11-17,54.08106994628906,54.83706799105425,53.81608412855338,54.65780833197343,4812000
2015-11-18,54.8058967590332,54.90721382502727,54.07327905453196,54.47855921088054,3788300
2015-11-19,54.57207107543945,54.64221822104409,53.465355212573854,54.16679693769469,6296000
2015-11-20,55.444984436035156,55.49954069163474,54.68119685764096,54.930597732694196,6495100
2015-11-23,55.351463317871094,56.03732026370212,55.250146244594504,55.32029340777567,3847600
2015-11-24,55.647647857666016,55.889253384398515,54.89944491852387,55.16443085801263,3846500
2015-11-25,55.71776580810547,56.02951838899484,55.1176469954968,55.91261042788808,3493000
2015-11-27,55.50733947753906,55.74894491740347,55.10205931485255,55.47616362301039,1642100
2015-11-30,56.621864318847656,56.73097686225994,55.45279625698372,55.593084662254896,5632900
2015-12-01,55.772315979003906,56.614046071716174,55.218958032735266,56.372440672324515,6578400
2015-12-02,55.3592643737793,56.21657969668723,55.03972222036063,55.4917573167532,5068200
2015-12-03,54.27590560913086,55.50732477909319,54.06547607951727,55.452768534661175,8130800
2015-12-04,54.54090881347656,54.57987416988414,53.62124196641731,54.05769201377223,5252000
2015-12-07,53.278316497802734,53.56668869296723,52.779514717000424,53.52771738820388,6805900
2015-12-08,51.85986328125,52.34308025193448,51.57928645261876,52.21058134394504,6866300
2015-12-09,51.368831634521484,52.23393616169756,50.78429785231447,51.67278872557432,8578000
2015-12-10,51.73514938354492,52.288507476603314,51.368846435944135,51.4234027001559,5768700
2015-12-11,50.994728088378906,51.51691018047306,50.254320999360935,50.955756790563136,7572600
2015-12-14,51.532508850097656,51.57926965758078,50.44917320470718,51.150609101698464,7371100
2015-12-15,52.02352523803711,52.18719404209745,50.84666180367493,51.018126059220215,6061200
2015-12-16,52.77951431274414,52.904211783896486,51.54809482436382,51.610446533033105,6747600
2015-12-17,50.581661224365234,52.61583939946969,50.566070325923484,52.35864309085062,6800000
2015-12-18,50.74534225463867,51.337671668795366,49.95816818613186,50.347857494832084,13490900
2015-12-21,50.846656799316406,51.29869780195706,50.176390746073125,51.119438112569675,5311500
2015-12-22,53.31728744506836,53.61344914225073,51.524714469326405,51.63382698650865,9697200
2015-12-23,54.470760345458984,54.93838623438311,53.769318538979896,54.23694442790402,7586300
2015-12-24,54.073272705078125,54.47855281383744,53.82387184822065,54.36164486145743,2322100
2015-12-28,53.44977569580078,53.91740157803097,53.021115168481444,53.870640773663666,3884000
2015-12-29,53.925209045410156,54.22137078271605,53.48096346635781,53.948589452804434,3539500
2015-12-30,53.53550720214844,54.26811889584232,53.44197964827479,53.51212680022643,3158500
2015-12-31,52.96656799316406,53.85505910554513,52.95098303776559,53.348461835387255,4356400
2016-01-04,52.98992919921875,53.060076338561885,51.220743066288286,52.124818806489024,8586900
2016-01-05,52.436588287353516,53.34067026632895,51.76632225361283,53.29390350957011,6139100
2016-01-06,51.610443115234375,52.10144940957006,51.14281722355479,51.4233939477997,6639300
2016-01-07,49.83345413208008,51.064870465643075,49.61522913012801,50.72194801094068,8601500
2016-01-08,49.32686996459961,50.293297717763615,49.04629320623158,50.13742438364206,8278500
2016-01-11,47.90838623046875,49.646399525435854,47.425169531959895,49.62301615415811,9669400
2016-01-12,48.00972366333008,48.71116563775114,47.066676210125685,48.6644018484252,8593100
2016-01-13,47.45635986328125,48.91379693250484,47.0666705847546,48.37602679845162,7237300
2016-01-14,48.53189468383789,49.07746017373421,47.05886994228275,47.72913586074742,9241800
2016-01-15,47.24559783935547,47.41920881952824,46.36176586908038,46.96940128936845,12674500
2016-01-19,46.58272933959961,47.77432720964583,46.1487048414327,47.55336692978573,8501100
2016-01-20,46.40911865234375,46.858926216553584,44.47573362512917,45.83304936853672,10857700
2016-01-21,47.103553771972656,47.679623021132564,45.967198363942835,46.55905070339274,8798300
2016-01-22,48.121551513671875,49.36838883862351,47.82167875027685,48.31883567189961,7815600
2016-01-25,45.69890213012695,46.83525779379273,45.58053043148126,46.527494989694745,10971500
2016-01-26,46.6853141784668,47.079882419667605,45.84093838312241,46.08557177638095,8141900
2016-01-27,46.02244567871094,47.26138988393618,45.343787729796794,46.10925118524422,11013800
2016-01-28,48.200462341308594,49.281578581393106,46.21972789767487,48.93435656974766,13567000
2016-01-29,49.11585998535156,49.1553162106185,47.947935247294396,48.68183247646416,8221000
2016-02-01,49.47884750366211,49.77872014595426,48.4371878097169,48.902778355519395,5955700
2016-02-02,47.87690734863281,48.57134827291846,47.72697250568156,48.35828106852457,6282300
2016-02-03,49.92867660522461,50.18909013643794,47.19037144456831,48.508231225951356,8332100
2016-02-04,52.05144500732422,52.864254673217665,50.18908230732407,50.18908230732407,12598000
2016-02-05,52.177711486816406,52.682758403296475,51.43592119420887,51.8225964226252,7463700
2016-02-08,50.962440490722656,51.79892331773565,50.23643329014395,51.62531231123088,6315500
2016-02-09,50.44949722290039,50.828285396011715,49.81029556738151,50.42582409094976,5638500
2016-02-10,49.03694152832031,50.80460559893707,48.92646290019637,50.71780010246345,5955400
2016-02-11,48.460880279541016,49.17110444995941,47.75065610912262,48.06631196493465,7055000
2016-02-12,49.833980560302734,50.08650404701457,48.78442737277375,48.918582168392966,4297400
2016-02-16,51.4595947265625,51.72790428962894,50.118061962815815,50.631004944962186,4819400
2016-02-17,53.07732391357422,53.49556530502648,51.86205295275729,52.083010214608755,7373800
2016-02-18,52.177711486816406,53.345630223438754,51.404355009349594,52.990521179881696,6175500
2016-02-19,51.62532424926758,51.704236719390266,50.5678839042253,51.23075587801857,4994900
2016-02-22,53.116798400878906,53.282516413639094,51.625330265400976,51.625330265400976,5787700
2016-02-23,51.909400939941406,53.061539572569224,51.8462685714219,52.95895398920055,5599400
2016-02-24,51.98832321166992,52.05934864483067,49.7708510290554,51.05714167231178,6439200
2016-02-25,52.453914642333984,52.453914642333984,51.16761803605374,51.99621393555163,4277200
2016-02-26,52.769561767578125,53.66128387633011,52.43811985030726,53.17991011284761,4149800
2016-02-29,53.42453384399414,54.11897775483566,52.469679487220205,52.98261937028274,8643200
2016-03-01,54.52143096923828,54.83708673326727,53.14044226966528,54.008497125903226,4451600
2016-03-02,54.75029373168945,55.18432125877446,53.82700537840058,54.25313985391105,4801300
2016-03-03,56.62055587768555,56.880972422841936,54.758192861242584,54.93969694379748,7172700
2016-03-04,57.48070526123047,58.36454039309142,56.4548313256089,56.88885282969078,9521500
2016-03-07,59.003753662109375,59.76133025970367,57.449159282061544,57.449159282061544,10740400
2016-03-08,56.60477066040039,58.48291359079641,56.43904667713994,58.22249706925504,8748400
2016-03-09,56.71524429321289,57.37022303413613,56.23387053068381,57.07824637271068,4907900
2016-03-10,56.31277847290039,56.84149845807922,55.62622758276515,56.84149845807922,6352400
2016-03-11,57.44914627075195,57.68588363582666,57.038791871607415,57.1019242438811,4787000
2016-03-14,57.393917083740234,57.9542034401669,56.92043022872237,57.39391708374024,5060000
2016-03-15,57.16505813598633,57.18873127105975,55.91822084328658,56.37592152348794,4674400
2016-03-16,58.664424896240234,58.79858272351941,56.97567268133001,57.2834355415758,6641200
2016-03-17,59.89546585083008,60.21112167760092,58.0173169928923,58.553930092212504,13316000
2016-03-18,59.556148529052734,60.71618045726301,58.90116361411784,60.0375224043051,13750200
2016-03-21,59.8875846862793,60.25058685189434,59.21681968415072,59.603494987861374,4315700
2016-03-22,59.61925506591797,60.03749637804443,59.37461869758097,59.65081522251045,3625600
2016-03-23,58.143592834472656,59.27995161958371,58.056787315019164,59.161579909362096,5352900
2016-03-24,59.41408920288086,59.461435467390054,57.393901642037335,57.551726537490545,7036100
2016-03-28,59.437782287597656,59.61928639686779,58.75912417219156,59.30363047936609,3425400
2016-03-29,59.982276916503906,60.013843104171876,58.5460484911022,59.161574099040834,4085000
2016-03-30,60.37683868408203,60.960798041027616,59.982270411971825,60.71616763892218,4886800
2016-03-31,60.4005126953125,60.86610037326772,60.16376932035058,60.21112160772344,4348700
2016-04-01,60.5977897644043,60.660922126446486,58.92481829408672,59.69817467752002,4878300
2016-04-04,59.75341033935547,60.79507016689242,59.51666700647446,60.41628203840941,4349500
2016-04-05,59.374637603759766,59.856011423616515,58.869590648604266,59.43776997831286,4386800
2016-04-06,59.35885238647461,59.635048975462794,58.15936145624864,59.595589739621296,4929800
2016-04-07,58.5302619934082,58.93272335767537,58.206719108097666,58.78278547241935,4800800
2016-04-08,58.672306060791016,59.382530217687616,58.39610944995194,59.20891919926461,4911000
2016-04-11,58.89326858520508,59.80077697632833,58.877488500597636,58.877488500597636,3904800
2016-04-12,60.05329132080078,60.558338240148124,58.767000888812106,59.2325885717028,5129600
2016-04-13,62.44437026977539,62.46804942255979,60.41628966688012,60.660926080581696,9365700
2016-04-14,62.381229400634766,62.9099492976804,61.844616454498656,62.68899208820655,5372300
2016-04-15,62.47594451904297,62.957318337033726,62.12872850161614,62.641662486126485,5508500
2016-04-18,62.539085388183594,63.028352324579835,61.66314314273612,61.92355970665519,4822200
2016-04-19,63.43867874145508,63.83324696650238,62.704781602041756,63.123022957290566,6283500
2016-04-20,62.925743103027344,63.60440097768496,62.57852713551985,63.32820440558796,5356800
2016-04-21,62.67872619628906,63.411809220034044,62.3042146726065,62.75043806456644,6509100
2016-04-22,62.4078254699707,63.093100855619554,61.515372249759594,62.893893036055125,10099600
2016-04-25,61.188636779785156,62.838076263451754,60.718503454841496,62.551216694176134,8079800
2016-04-26,61.87394714355469,61.94565903723575,60.93368603502797,61.47553152264235,6085900
2016-04-27,62.69465637207031,62.86199013399706,61.834077528443565,62.136877165647824,4459300
2016-04-28,61.953617095947266,63.085115781938065,61.834091216871904,62.17672882790728,4844600
2016-04-29,61.92972946166992,62.94967255055406,61.610995726558535,62.16877520349819,7702700
2016-05-02,62.02531814575195,62.208591938911844,61.05318949471476,61.63487268299633,3330100
2016-05-03,60.846012115478516,61.43566531904653,60.22448494423957,61.23645758060647,4790900
2016-05-04,59.15673065185547,60.806170548403465,58.88581103491097,60.70258470886668,6938100
2016-05-05,58.0013313293457,59.44359354642047,57.92961337548113,59.0850220151125,8071200
2016-05-06,58.455535888671875,58.50334381411394,57.06905133679688,57.499340903793836,6942800
2016-05-09,56.39970016479492,57.873836376228105,56.23236637554084,57.634790711295864,9405000
2016-05-10,57.77822494506836,57.93758873383442,56.24830460795551,56.39970446282046,6507300
2016-05-11,57.71446990966797,58.65473073832352,57.65869198251629,58.04913747257805,4691900
2016-05-12,57.132789611816406,58.359910282021474,56.71844009896204,58.104924563494386,4526500
2016-05-13,55.833961486816406,57.19654209821592,55.825991472666125,57.07701620331992,6417200
2016-05-16,56.33595657348633,57.13278767681337,55.85785912735788,56.08894087684338,4515900
2016-05-17,56.61484909057617,57.51526599736251,56.1367455924072,56.33595335686477,4841900
2016-05-18,56.24829864501953,57.26824745474863,55.841919202945114,56.272208682204685,5166000
2016-05-19,55.32398223876953,55.87379763046298,55.01321860329202,55.72239777957031,6137100
2016-05-20,55.674591064453125,56.39970420314056,55.57896914403045,55.778176918740236,5731600
2016-05-23,56.096900939941406,56.53515432143306,55.45146372678007,55.61880357861516,4002000
2016-05-24,56.64672088623047,56.77421678235072,55.97738566961597,56.399705186671156,3872400
2016-05-25,57.82604217529297,57.92962804673339,56.78219520834616,57.07701887296115,5035400
2016-05-26,57.435577392578125,58.63878777210919,57.41963736885552,58.35989815034165,4146400
2016-05-27,57.339969635009766,57.53120741149803,56.97342803034922,57.491369501038434,3002100
2016-05-31,57.77822494506836,58.30413031146742,57.33199539371347,57.395743340955434,4072600
2016-06-01,57.58698654174805,57.762290373549384,56.79015536398885,57.35591085001658,2699900
2016-06-02,58.66269302368164,58.678626966767006,57.59493645684269,57.849922101569746,4615300
2016-06-03,59.794212341308594,59.87389424326025,58.24835791022077,58.68661748996405,6619300
2016-06-06,60.89383316040039,60.981485070565085,59.849986331234206,60.04919411263777,4775100
2016-06-07,61.204593658447266,61.57910524087721,60.909770047942715,60.9814819274691,4235200
2016-06-08,62.240478515625,62.710605952647605,61.563173287697026,61.75441105196564,5987800
2016-06-09,61.48350143432617,61.75442113800977,61.06914578484079,61.666769215208625,3784600
2016-06-10,60.583072662353516,61.00539220822525,60.06513118786693,60.8141544303349,4879500
2016-06-13,59.94560241699219,60.83007928729622,59.94560241699219,60.32010790291442,4086700
2016-06-14,59.650794982910156,60.20061055644009,58.92567554075672,59.81015882020022,4058400
2016-06-15,59.818115234375,60.51932447008676,59.23642580978393,59.91373716261087,3802000
2016-06-16,59.7543830871582,59.87390900923263,58.4475801189839,59.29222551012651,4064800
2016-06-17,60.503379821777344,61.085069143497456,59.95356447049899,60.041216369379256,5442000
2016-06-20,60.90178680419922,61.63486978367902,60.8699128382213,61.28426831659677,4090800
2016-06-21,60.949615478515625,61.276319181591376,60.567139915149276,60.91774150167851,3292100
2016-06-22,60.90178680419922,61.42769204449129,60.70257907634031,61.26832829393912,3056800
2016-06-23,62.328128814697266,62.352032774696234,61.531297724924784,61.88190534981308,3600800
2016-06-24,58.19257736206055,60.248403168680575,58.16070338684095,59.92169948218412,12179500
2016-06-27,56.87778854370117,57.93757512005666,56.2004834815857,57.77024135736959,7337400
2016-06-28,57.786170959472656,58.08897057530437,56.98137617263051,57.563059292651594,4743700
2016-06-29,59.14876937866211,59.284229193225116,58.00133076274438,58.36787230297627,4015400
2016-06-30,60.40776824951172,60.439642225408846,58.941601834279496,59.100965634425854,4695500
2016-07-01,60.91774368286133,61.34803326655975,60.017326602496276,60.06513452979399,4630100
2016-07-05,59.2682991027832,60.5193237725891,58.72645367437013,60.288248087526085,4776300
2016-07-06,59.62687683105469,59.65875080679858,58.53521595934865,59.43563297659134,3740500
2016-07-07,59.80216598510742,60.34401128112961,59.268284621562756,59.81809992940024,3080900
2016-07-08,61.65083312988281,61.69864105726752,60.38386834013063,60.495424223588095,5491500
2016-07-11,61.993473052978516,62.58312646978287,61.610991381948175,62.152836869626206,4511300
2016-07-12,63.58711624145508,63.69867209512508,62.39186974127237,62.726537302282395,5545800
2016-07-13,63.499454498291016,64.00942577294114,63.00541716626372,63.73053618201328,5162500
2016-07-14,63.79429626464844,64.54331944807628,63.72258438334434,64.14490389592765,5441700
2016-07-15,64.30426788330078,64.38395585744728,63.87398443547192,64.13693408040314,4642100
2016-07-18,64.21578216552734,64.27209743953976,63.451502569943834,64.26405064670813,4136700
2016-07-19,64.15141296386719,64.17554720177341,63.676756583967936,63.82960880334195,3308400
2016-07-20,64.11116790771484,64.24793263126057,63.499740839408254,63.91808179904859,4185500
2016-07-21,64.3686294555664,65.47080050543124,64.15140905184906,64.72260848644471,6472300
2016-07-22,63.86178970336914,64.19164065516055,63.44344859206941,64.18359386324023,4133800
2016-07-25,63.30670166015625,63.708955438883066,63.025119104723025,63.67677440003625,5798100
2016-07-26,66.57295227050781,66.77407901452747,63.34687757782014,63.58823212580418,11007600
2016-07-27,67.65906524658203,67.81192360345906,66.54884734048015,66.54884734048015,8460900
2016-07-28,66.70972442626953,67.34528574483052,66.33160512326094,67.33723895555963,5065600
2016-07-29,66.58101654052734,66.8867270620608,66.07417308426324,66.61319756456814,4274200
2016-08-01,65.92935943603516,66.67755134181742,65.59146790126962,66.58101441068587,3377100
2016-08-02,65.35816192626953,66.1224474340067,65.10071987283978,65.96958910487872,3909500
2016-08-03,65.99375915527344,66.21097965012707,65.10880199993288,65.2857946585822,3101700
2016-08-04,65.7845458984375,66.40401983121521,65.48688218597503,65.82477371045249,2407500
2016-08-05,66.42011260986328,66.7419167181318,65.96959054102906,66.1465831074719,3286100
2016-08-08,67.1280746459961,67.40965090449733,66.61319059105037,66.77408955650762,3544800
2016-08-09,66.6373291015625,67.37747421084171,66.53273924318658,67.19243486457067,2314900
2016-08-10,66.49253845214844,67.02351014934575,66.35577366598142,67.02351014934575,2290300
2016-08-11,66.96715545654297,67.29700624562115,66.76602872307602,66.77407551102692,2229300
2016-08-12,66.77410888671875,67.40162362672208,66.43621727870216,66.98328251268782,4342800
2016-08-15,67.69929504394531,67.80387879028474,66.74192932887755,66.77411035957522,4056000
2016-08-16,67.81192016601562,67.86823543076241,67.2889892002791,67.74755810976114,3161800
2016-08-17,67.90846252441406,68.16590460877626,67.44988748193096,67.90846252441406,2983400
2016-08-18,67.07980346679688,67.26484281062075,66.37988617967298,67.1039438369584,5003100
2016-08-19,67.44988250732422,67.88431714350163,66.5810193728724,66.82236785659119,3823900
2016-08-22,67.24874114990234,67.4015994530458,66.77408493810141,67.27288151716316,2885000
2016-08-23,67.5866470336914,68.12566534825228,67.53837243117232,67.56251280138306,3178400
2016-08-24,66.894775390625,67.6590547809827,66.7499638480632,67.10394898274822,2200600
2016-08-25,66.6453628540039,66.91085166068395,66.44423608613754,66.83040218111776,3082900
2016-08-26,66.50056457519531,67.49815173173339,66.19484792713344,66.94303982901262,3596800
2016-08-29,66.85454559326172,67.05567238875162,66.29943981148342,66.37988930209885,2253600
2016-08-30,66.35578155517578,66.89480010914588,66.21901061484333,66.66149219670244,3468700
2016-08-31,65.92935943603516,66.24311673801779,65.65582994729236,66.01785571484078,4041700
2016-09-01,65.52709197998047,65.9695732803138,64.81912803734838,65.63972246771964,4102200
2016-09-02,65.72020721435547,66.26727245644592,65.54321461575209,66.12246088830716,2449400
2016-09-06,66.033935546875,66.15461282356668,65.5512325780095,65.9776203028057,3071000
2016-09-07,67.3533706665039,67.36141746033053,66.29946777771177,66.37187050843553,3996700
2016-09-08,67.20854187011719,67.5464334695137,66.83846924155381,67.17636084095032,3400500
2016-09-09,64.99616241455078,66.77412327360044,64.972028171336,66.68562695654276,5311600
2016-09-12,65.90522766113281,66.06613278219046,64.44102481797341,64.57778956744534,4110800
2016-09-13,64.5456314086914,65.37427304870391,64.30427673350718,65.24554891849783,4740600
2016-09-14,65.18118286132812,65.66389218213271,64.54562745554978,64.66629864784694,5324800
2016-09-15,65.99375915527344,66.25120134842534,64.95594358784373,65.0283524654303,3499400
2016-09-16,66.00982666015625,66.03396089717943,65.33403733398939,65.66388827438237,6715400
2016-09-19,65.87305450439453,66.25117391166181,65.44666662399645,66.11440914585553,4351200
2016-09-20,65.72824096679688,66.50861399438527,65.69606607761473,66.33966820561407,2774600
2016-09-21,67.15222930908203,67.16831675536176,65.97764931773492,66.21095718516676,4264300
2016-09-22,67.17636108398438,67.9406405812754,67.02350272936468,67.55448050568337,3925200
2016-09-23,66.32357788085938,67.24071563030594,66.28335006427365,67.18440036982774,3031500
2016-09-26,66.26726531982422,66.51666060668649,65.97764221473751,66.13049442060311,3340800
2016-09-27,66.67755126953125,66.67755126953125,65.7040983416273,66.12244550241897,4295600
2016-09-28,69.66230773925781,69.71862916170825,66.88675906998526,66.9752553939707,9497100
2016-09-29,70.3702621459961,71.48048013077408,69.41289639102327,69.41289639102327,10616400
2016-09-30,71.41609954833984,71.58505145721129,70.6437733933814,70.78858493105501,6379100
2016-10-03,71.02189636230469,71.75400087831434,70.93340007711883,70.98167468406756,4294600
2016-10-04,70.40242004394531,71.56090612715361,70.13693122029045,71.1988803770077,4743300
2016-10-05,71.93905639648438,72.30108844023505,70.82883829903975,70.8932003696494,5189500
2016-10-06,71.83443450927734,72.13210432443105,71.36781895186935,71.56894571234848,3786900
2016-10-07,71.17477416992188,72.19649591762834,70.74838620896001,72.01950329883557,3774200
2016-10-10,70.97361755371094,72.0033856626884,70.90925551242432,71.68158159415742,3785700
2016-10-11,70.3702621459961,71.85859958485257,70.20131633121929,71.68160697758994,6471900
2016-10-12,70.458740234375,70.59550498175584,70.00821204020478,70.39437818693601,3950000
2016-10-13,69.968017578125,70.04846709976333,69.3968179952163,69.91170229918767,5677000
2016-10-14,70.53115844726562,71.13453896443538,70.44266214704841,70.65988257045576,3601000
2016-10-17,70.22544860839844,70.571387020771,69.91169122716565,70.29785132503488,4479700
2016-10-18,70.16912841796875,70.95754214294388,69.80709644646072,70.88513943138446,3715700
2016-10-19,70.79664611816406,71.02190719192996,69.87950823902925,70.24153408788102,5943900
2016-10-20,70.30967712402344,70.82910632721412,69.98503851609266,70.6586692004251,4576600
2016-10-21,70.06620788574219,70.30968687545901,69.27894614894514,69.57924371422315,3592500
2016-10-24,69.79023742675781,70.71547094282289,69.4250159517103,69.89575053134581,5096500
2016-10-25,68.56473541259766,71.13753462040351,68.07776502790583,69.6847536748004,11639200
2016-10-26,68.2806625366211,68.4916826091557,67.2661512926271,68.02094790584204,6582100
2016-10-27,67.3716812133789,68.45111673998976,67.12819597731183,68.40242216961106,5003200
2016-10-28,68.07775115966797,68.31311847976575,67.36353756881167,67.6232521647671,4974000
2016-10-31,67.73688507080078,68.48356385008188,67.69630833684634,68.3293623537188,4679400
2016-11-01,66.7467041015625,67.89107544958749,66.26785789522596,67.74498562201161,5139600
2016-11-02,65.8295669555664,66.6736405517614,65.19651330644055,66.6736405517614,5228600
2016-11-03,65.95942687988281,66.28407155181416,65.48058078764767,66.25972428503368,3859000
2016-11-04,66.80352020263672,67.28237262782494,65.40755203711701,66.01625865402964,5745800
2016-11-07,67.97224426269531,68.30500687845051,67.3391903217882,67.9641264400445,3786400
2016-11-08,68.72705078125,68.98676541512943,67.41224196418742,67.98848361460473,3407700
2016-11-09,74.01875305175781,75.64197137475325,72.52539516680352,72.8662695285318,19281900
2016-11-10,75.8448486328125,77.06226197325626,74.53815781870277,74.70048331267928,14174400
2016-11-11,75.48775482177734,76.56719008576385,74.52193813033573,75.79616401261845,7369900
2016-11-14,76.42920684814453,77.50864814612272,75.49585539644974,75.68252816362245,7552800
2016-11-15,76.6483383178711,76.66456776962197,75.18743997693836,75.85295895623354,4645400
2016-11-16,75.76368713378906,76.61587892814626,75.3497648743512,76.10456137469822,3297200
2016-11-17,75.30108642578125,75.8854459306332,74.99267721692522,75.8854459306332,3942200
2016-11-18,74.94396209716797,75.80427173309978,74.58685839539073,75.48774476066218,4715900
2016-11-21,75.39847564697266,76.16950170284181,75.30108034000688,75.58514224521734,3783200
2016-11-22,75.98282623291016,76.05586806054235,75.31730719322884,75.80427128703003,3172800
2016-11-23,78.06053161621094,78.25531598690299,76.46977917271164,76.94862537401364,6535900
2016-11-25,77.76023864746094,78.27155616426397,77.2732745964783,77.88198120822756,2006900
2016-11-28,77.02169799804688,77.8008419219012,76.67270586831245,77.51678000050933,4916000
2016-11-29,76.32368469238281,76.75383632280165,75.99092214532938,76.29121960056663,3806000
2016-11-30,77.55734252929688,77.83329276816,76.57529652833252,77.71155019784052,4641900
2016-12-01,78.1092300415039,79.04258141023634,76.33181096047626,77.91444566113454,9361600
2016-12-02,77.21646881103516,78.0361955185361,77.04603168826287,77.39502375643976,5038300
2016-12-05,76.65644836425781,77.90632665410807,76.41296944052098,77.80893756144684,4980300
2016-12-06,77.28137969970703,77.35442150889571,76.34802847688258,76.37237574661214,3663100
2016-12-07,78.993896484375,78.993896484375,77.0460338671863,77.30574847000581,4901100
2016-12-08,78.13357543945312,79.05069733450763,78.01995070429156,78.93707259934607,3861600
2016-12-09,77.53298950195312,78.15793176025986,77.25704547564493,78.10111939060323,6550200
2016-12-12,77.16780090332031,78.44202704483578,77.02982883135495,77.92259767454199,3596700
2016-12-13,77.93067169189453,78.320246627616,77.24892329448636,77.7034222260918,3803300
2016-12-14,76.0801773071289,77.91441420874249,75.97467043370384,77.72774153351827,5647400
2016-12-15,76.72139739990234,76.88372291435086,75.52021955340956,76.12892630039968,4200100
2016-12-16,75.13874816894531,76.68080620901912,75.09816524996282,76.57529309649827,7872700
2016-12-19,75.24425506591797,75.3010674372253,73.85640468790953,74.61120115932647,3856300
2016-12-20,76.56718444824219,76.96487728725151,75.72311659944704,75.99906066692145,4302400
2016-12-21,76.1451187133789,76.53469356645307,76.03149400458274,76.5022284793567,2829300
2016-12-22,76.3886489868164,76.65647527775027,76.06400411576996,76.11269867919687,2534900
2016-12-23,76.55096435546875,76.61589456472717,75.99906996094326,76.12081255528142,1545900
2016-12-27,76.73760223388672,76.94050440140934,76.37237461709637,76.5671589641349,1735200
2016-12-28,75.60136413574219,77.02167959543429,75.3335317343858,76.77819446836776,2700300
2016-12-29,75.71498107910156,76.16947999792633,75.47961379840064,75.70686325781301,2387200
2016-12-30,75.26861572265625,75.68253803982144,74.93585925786144,75.51210089559699,3471200
2017-01-03,76.28311157226562,77.25704587552809,75.68252277677497,76.29122939428255,5054900
2017-01-04,75.94223022460938,76.69702660715679,75.82860549537284,76.66456151422017,3772100
2017-01-05,75.47962951660156,76.66457779607009,75.0088948571719,75.62571936980095,4698800
2017-01-06,75.51209259033203,75.96659159160873,75.00078121389573,75.84484901852834,4023100
2017-01-09,74.96832275390625,75.87732083695782,74.83034452308446,75.42282179543203,3095000
2017-01-10,76.15325164794922,76.64833348828796,75.29294214934825,75.46338543845403,3980200
2017-01-11,76.81878662109375,76.89994627584392,75.79615763340433,76.67269676570955,3720500
2017-01-12,76.28311157226562,76.59152688806984,75.30106563907015,76.59152688806984,3102700
2017-01-13,76.68081665039062,76.80255303974641,76.0315270107635,76.34805400725837,2609500
2017-01-17,75.94223022460938,76.526589513302,75.65816840151805,76.48600659911038,5040300
2017-01-18,76.37596130371094,76.44960918419264,75.72128434104988,75.93405529043406,3425700
2017-01-19,76.41687774658203,76.90788860980925,76.07317513709296,76.5805501154786,3540100
2017-01-20,77.39888000488281,77.74258255564546,76.61327149879904,76.9324247592874,5045200
2017-01-23,77.30068969726562,77.5298247699294,76.56417964694458,77.41525723359752,3254900
2017-01-24,78.75733184814453,79.15832443011823,77.57892212467645,77.75895234765798,5768200
2017-01-25,80.32038116455078,80.68044790384562,79.64115485379,80.05032642748262,7557900
2017-01-26,79.55931854248047,80.99960417129805,78.57730305959747,80.56587707636713,9097300
2017-01-27,81.00778198242188,81.39240423961789,79.78845250765387,79.94393969506393,6371400
2017-01-30,79.20744323730469,80.68045732859163,79.02740672489482,80.52497635798048,5221800
2017-01-31,78.28270721435547,79.07649481002005,77.40707406703822,79.04376033543657,5724700
2017-02-01,77.83260345458984,78.9864638413271,77.25158067212476,78.40544105886201,3582500
2017-02-02,76.73604583740234,77.84899318635108,76.51509590117537,77.55438910907266,3807500
2017-02-03,76.33503723144531,77.29249708303126,75.95041500641629,77.18611473623123,4677900
2017-02-06,75.99951934814453,76.20410510538717,75.63944641748968,75.95041452085225,4621300
2017-02-07,76.3595962524414,77.67712920485019,76.12227599307047,77.18612457046255,4995600
2017-02-08,76.03228759765625,76.10593550612174,75.37761038623925,76.10593550612174,4083500
2017-02-09,76.89153289794922,77.07156941629864,75.85223969220074,76.15502270627599,3994300
2017-02-10,78.81462097167969,79.06831157504291,77.3334219772197,77.63621116805736,5600200
2017-02-13,80.60678100585938,81.05687212814969,79.51020444385935,79.94392521072388,6995100
2017-02-14,80.27127075195312,80.80319500948166,79.59205073185534,80.43494311613391,4342600
2017-02-15,81.03235626220703,81.03235626220703,80.19764878725985,80.28766705578391,4326000
2017-02-16,80.41038513183594,81.07324096560713,80.03394810009787,81.05687685268879,3062400
2017-02-17,80.89324188232422,80.97507497164955,79.8212140521941,80.25493504473637,3631500
2017-02-21,80.2794418334961,81.17961782629628,80.13213985333162,80.90956939887907,3916600
2017-02-22,80.3613052368164,80.79503240697882,79.88667089339823,80.2303735624656,3031100
2017-02-23,78.19271850585938,80.60682916624414,77.84083057549657,80.55773055755421,6024800
2017-02-24,78.13540649414062,78.15177060997199,76.51508431447519,77.62803149489004,5018200
2017-02-27,79.73937225341797,79.80483497164943,77.84081606850152,78.13542015266648,5445000
2017-02-28,79.10105895996094,79.87029734429738,78.92102245188326,79.57569328443634,3951700
2017-03-01,80.6722640991211,80.99141740786351,79.73116828773037,80.36128972606576,5564900
2017-03-02,77.21885681152344,80.79501847082362,75.9749717806962,80.59861162797986,23059200
2017-03-03,77.84078979492188,78.4790963473439,77.09609465478837,77.21884735566839,8163300
2017-03-06,78.28270721435547,78.51184229297722,77.00608767945016,77.186124167928,4706100
2017-03-07,78.50367736816406,78.74918286915162,77.54621715254818,78.27454223042326,4683100
2017-03-08,76.29413604736328,78.13540816927188,75.99134682855835,77.00609060535172,9370400
2017-03-09,74.78836822509766,76.28593745266703,73.98639556047681,75.6558098298603,9260900
2017-03-10,75.54125213623047,76.18774395646722,74.31373744441802,75.19754952095401,7169000
2017-03-13,75.81133270263672,76.53965783517467,75.50036445571575,76.37599165120884,4376100
2017-03-14,75.17300415039062,75.28757169479698,74.15826036702167,74.64926502068646,5781100
2017-03-15,76.40052795410156,76.7524158088689,75.33667920895462,75.59036986743764,6434600
2017-03-16,75.98316192626953,76.99790570676932,75.81131061014591,76.89970852239175,3717900
2017-03-17,76.03228759765625,76.36780514199562,75.81951656742604,76.09775032402626,7141400
2017-03-20,78.06993103027344,78.13539997506209,76.01588815263055,76.21228874353429,6516200
2017-03-21,75.63945007324219,78.06174480685233,75.36121018334434,78.05355962799771,7720200
2017-03-22,75.63945007324219,76.21228772382285,75.0584272438069,75.28756230403917,5035600
2017-03-23,75.47579193115234,76.10591341336517,75.25483578296793,75.65582218073973,2585700
2017-03-24,75.41030883789062,76.30229971267556,74.92748322039935,75.483956711165,3634600
2017-03-27,74.8865737915039,75.26301084296527,73.92910768388184,74.38738403460772,3425700
2017-03-28,76.06497955322266,76.23683707792212,74.88656987566871,74.92748327969966,3866100
2017-03-29,75.9913558959961,76.31050926906524,75.61491874425978,75.90952281839492,2513700
2017-03-30,76.28593444824219,76.40868714530816,75.61489344687128,76.08953387901356,3672600
2017-03-31,75.90950775146484,76.30230894337065,75.30392936179463,75.80311915258264,4020600
2017-04-03,75.50851440429688,75.97496971732319,74.46922142385658,75.63945229596996,3685800
2017-04-04,77.03064727783203,77.56257163490208,76.15502025685706,76.834246647524,5797500
2017-04-05,77.12067413330078,79.15835353250905,76.89153899848158,77.67714785077492,6061300
2017-04-06,78.41363525390625,78.90463986309508,77.1370220213228,77.2679536701574,5421600
2017-04-07,78.16813659667969,79.06831907551808,78.08630352863881,78.45456170001711,4463800
2017-04-10,79.49385833740234,80.10761574040481,78.64278065602335,78.81463197964845,5168300
2017-04-11,79.46112060546875,79.6329719220552,78.29088962193569,79.62479298564364,4250400
2017-04-12,77.6280288696289,79.19106098236837,77.46436274299926,79.12559827779403,4773900
2017-04-13,76.1877670288086,77.62805311820746,76.17958184688156,77.41528209235588,4706000
2017-04-17,77.0388412475586,77.21069259911702,76.50691682980295,76.67058924328539,3719100
2017-04-18,77.24342346191406,77.36617620540723,76.20413021972821,76.51509842557553,3310400
2017-04-19,76.49053955078125,78.53639754136185,76.34323752572092,77.62803609406701,5550400
2017-04-20,78.10782623291016,78.35536468013291,76.72158952436001,76.96912797158278,4852500
2017-04-21,77.82727813720703,78.59465931461149,77.40645457661115,78.545152882303,4128700
2017-04-24,79.88187408447266,80.08815927220888,79.04848645865181,79.0814865488042,6739400
2017-04-25,86.16117858886719,86.5489956720323,84.16433987908411,84.89046132937166,18383500
2017-04-26,86.3592300415039,87.44841553081523,85.51758298889004,85.64960852472124,9856100
2017-04-27,84.72542572021484,86.01264286943109,84.62640659515115,85.85587045723317,6727400
2017-04-28,84.37889099121094,85.42681692574929,84.3541377770971,84.84922094534612,4016000
2017-05-01,84.16435241699219,84.98123995717226,83.67752241986511,84.70069513753782,4512100
2017-05-02,83.76004028320312,84.75020667675315,83.54550192298167,84.38714272796676,4516400
2017-05-03,83.78479766845703,84.30463410664281,83.15768889715972,83.37222726805808,4278400
2017-05-04,82.01074981689453,83.75179754032433,81.39189417004485,83.70229110308043,7271600
2017-05-05,82.21701049804688,82.50580845466452,81.70542104966468,82.10149131539981,4086800
2017-05-08,81.9942398071289,82.59658903816056,81.63942902756561,82.08500579459796,5094600
2017-05-09,81.92821502685547,82.68734290594362,81.89520864576596,82.28302575441329,9742000
2017-05-10,82.81112670898438,83.09992471428653,81.93647952283372,82.28303712919632,4696700
2017-05-11,83.33094024658203,84.09832119023199,82.63782522409699,84.0818211495968,5220300
2017-05-12,83.09990692138672,83.29793889757461,82.65433025347168,83.00088778563126,4112000
2017-05-15,84.51087951660156,84.62639867069743,83.67749223281305,83.82601146351767,3756100
2017-05-16,84.44490051269531,84.82447079389244,83.56200017058741,84.78321123866364,3115900
2017-05-17,82.62960815429688,84.44491559270188,82.42332293196333,84.44491559270188,4618500
2017-05-18,82.69558715820312,83.0668978886065,80.6492358185708,81.80443385084763,5931500
2017-05-19,84.51914978027344,84.87396048114658,83.56198368663502,83.80952837852716,4636500
2017-05-22,84.40365600585938,85.03076479749082,84.00758563869087,84.71720725401264,4376300
2017-05-23,85.50931549072266,85.60833462600395,84.21384504024327,84.41188331080586,3327200
2017-05-24,85.77336120605469,86.56550170673952,85.11325251591474,85.26177807287776,5170900
2017-05-25,86.6562728881836,87.41540711088415,86.01266415430669,86.18594294455633,5220000
2017-05-26,87.18436431884766,87.22561757425672,86.32621728526217,86.63976846673003,2894100
2017-05-30,87.02757263183594,87.34937693463458,86.64800874379965,86.85429387612302,3211700
2017-05-31,86.99456024169922,87.26685810842083,85.48455166659451,86.84603470488035,4131400
2017-06-01,87.17609405517578,87.81970263032807,86.77177697763798,87.27510688500085,4211300
2017-06-02,87.42364501953125,88.09201319374894,86.78828952044093,87.19260665622568,3702800
2017-06-05,86.80479431152344,88.43032240769551,86.75528788677053,87.11835178915476,4319500
2017-06-06,86.26844024658203,87.06882122916267,85.86411687619825,86.46647220034161,3800200
2017-06-07,85.41032409667969,86.3839904711292,84.53567058704989,86.06218606981597,5121700
2017-06-08,86.64802551269531,86.9615767081919,85.41031447922225,85.41031447922225,4649300
2017-06-09,87.39889526367188,88.30654871053622,86.66452059613698,86.71402702013867,3881000
2017-06-12,87.52266693115234,87.75370530177587,86.55725389876544,87.39889457679732,4167400
2017-06-13,87.25863647460938,88.0095175974705,87.06060445239332,87.61344725771391,3522700
2017-06-14,86.40047454833984,87.45665354671159,85.80637228792489,87.29988110794677,4100200
2017-06-15,87.79496765136719,87.99299964745619,85.64960319031927,85.64960319031927,5974100
2017-06-16,88.78510284423828,89.04090064059612,87.79493691511813,88.09198795291846,7350400
2017-06-19,88.69437408447266,89.1482039978571,88.01775894699662,89.07393805961051,4347600
2017-06-20,88.32303619384766,89.26369582101212,88.22401707165903,89.16467669882348,5314100
2017-06-21,85.3773193359375,88.0920333155127,85.11327453251536,87.98476098281562,6274100
2017-06-22,85.68260955810547,86.3592309937149,85.39381156444541,85.45982433308889,3652500
2017-06-23,85.90538787841797,86.03740710009504,84.41188541546126,84.57691101638837,12089800
2017-06-26,86.02090454101562,87.15959626286819,85.35254269289813,86.35921519693674,2857700
2017-06-27,85.75687408447266,86.82955952363044,85.55884207712741,86.22720403649512,3380700
2017-06-28,87.83622741699219,87.98475299889742,86.44174387639073,86.51600351968129,4118300
2017-06-29,87.1678466796875,88.26528511553474,86.4829785163853,87.83620850670717,3550000
2017-06-30,88.66960906982422,89.1481921338253,87.32463214374175,87.5474173381846,4702100
2017-07-03,88.26530456542969,88.98317296883894,87.86098737193174,87.88574058648734,2404900
2017-07-05,88.69437408447266,89.01617846111832,88.00125890256632,88.29005689502729,3483600
2017-07-06,87.8857421875,89.02443414507057,87.71246338712997,88.47984452895396,2921700
2017-07-07,88.2240219116211,88.76861767055182,87.34112181680031,87.96823036775379,2767900
2017-07-10,88.983154296875,89.51949691589051,87.66293066990649,88.06725407388655,2951500
2017-07-11,89.31322479248047,89.50300991744591,88.3313116712251,89.04093315450221,2559900
2017-07-12,89.90730285644531,90.76544968160091,89.80828373593127,89.87429648294064,3611600
2017-07-13,89.50300598144531,90.14661467162023,89.09043566258207,89.84956353841281,3051100
2017-07-14,89.75054168701172,90.23737792214646,89.15644573384942,89.56901604026181,4480200
2017-07-17,89.80831909179688,90.25389586654231,89.09870381571103,89.11520386129811,2969500
2017-07-18,88.98551177978516,89.94127412796432,88.5699634841215,89.94127412796432,3984400
2017-07-19,89.63377380371094,89.75843957126834,89.04369593408784,89.17667444368622,2857900
2017-07-20,89.19328308105469,89.88309475162465,88.97719619879204,89.65869512830017,3759700
2017-07-21,88.58659362792969,88.88578894522688,87.35657407083201,88.68632751395027,4258100
2017-07-24,89.9080581665039,90.17400890688435,89.16838247167183,89.64210742612345,5980400
2017-07-25,95.19380187988281,95.48468441120316,92.91659905370734,94.11337380267733,14264600
2017-07-26,94.3460922241211,95.19381438765478,93.98041399702674,94.95279558981734,5741200
2017-07-27,95.05250549316406,95.06912463261732,94.12167516471041,94.51229151987188,5583500
2017-07-28,94.828125,95.49300484581067,94.31284914322266,95.11900755475563,4704500
2017-07-31,94.70349884033203,95.29358327915733,94.48741818973039,95.1606047180793,4477200
2017-08-01,93.99703216552734,95.10239225907733,93.51499457485323,94.96941374823024,3683700
2017-08-02,93.98871612548828,94.3959580450947,93.15761948414904,94.03858623568827,2830600
2017-08-03,94.37934112548828,94.51231964373592,93.78926321748503,93.78926321748503,2438900
2017-08-04,95.03590393066406,95.27692272835209,94.28791565176402,94.64528747719602,2631900
2017-08-07,95.33509063720703,95.56779667169072,94.99434432693131,95.14394196920853,2269400
2017-08-08,95.08576965332031,95.78388778755435,94.90292737794545,95.23536096142975,2601200
2017-08-09,95.02758026123047,95.95841071691024,94.83643159795895,95.06913762668796,3170100
2017-08-10,94.03857421875,94.85304527235544,93.79755546266905,94.65358387933662,3186700
2017-08-11,93.78923797607422,94.47073684677038,93.70612959491869,93.9720802190742,2130300
2017-08-14,94.50401306152344,95.0525399739043,94.13832845326952,94.29623886879101,1968900
2017-08-15,94.45413970947266,94.93617730953125,94.17987628108438,94.74502228165818,2826800
2017-08-16,94.84477233886719,95.16889959467916,94.43753032760347,94.5871280103448,2268600
2017-08-17,94.0302505493164,95.05250195865791,94.0302505493164,94.74499399372304,2905100
2017-08-18,94.67853546142578,95.27692610575774,93.65629006132926,93.90561526929112,3875700
2017-08-21,94.41259765625,94.81983332337929,94.13833418336544,94.53726344763075,3137400
2017-08-22,96.25762939453125,96.29087402682634,94.74503349931317,94.91956306328849,3881100
2017-08-23,95.36831665039062,95.89190512579664,95.36831665039062,95.57609076074006,2447600
2017-08-24,95.39326477050781,95.61766439871795,95.0691376104387,95.57610703326756,1861200
2017-08-25,95.86699676513672,96.93911219844233,95.70077997238599,95.96673064524569,3282200
2017-08-28,95.63429260253906,96.45707652215945,95.29354626845965,96.20775132812277,2011000
2017-08-29,96.41553497314453,96.90587900816249,94.99436030288281,95.06084322337063,4355700
2017-08-30,97.6954116821289,97.81176470341235,96.30747548693785,96.50694324407871,3401000
2017-08-31,97.64554595947266,98.75921879420311,97.5291929329617,98.02784966668926,3357700
2017-09-01,98.30213928222656,98.75093236439211,97.57077630060459,97.64557197724915,2992200
2017-09-05,98.31873321533203,99.0085385946911,97.9198040456331,98.18575471184437,3826800
2017-09-06,97.22168731689453,99.05841012246357,97.22168731689453,98.69272557339971,4292600
2017-09-07,97.87825012207031,98.01122863023699,96.8227601617455,97.55412293436939,3270100
2017-09-08,97.91980743408203,98.77583597242297,97.23830843203508,97.42946345222238,2787000
2017-09-11,98.7924575805664,98.83400860714102,97.62892104348917,98.7509002132278,3527500
2017-09-12,100.5128402709961,100.88683126213252,98.95037436492522,99.05842099760916,5554000
2017-09-13,99.42411041259766,100.5627153400323,99.24127443822248,100.1471669295363,2532200
2017-09-14,100.13052368164062,100.38816160508973,99.07502742220998,99.55706498414266,2904900
2017-09-15,100.87019348144531,101.03641025996026,99.98922680117782,100.57099820750747,4610100
2017-09-18,102.91470336914062,103.41336010880823,102.10022583309741,102.74017382729518,4349000
2017-09-19,103.67101287841797,103.8289232991915,102.85654156664633,103.0227583900545,3050000
2017-09-20,103.76241302490234,104.11978482956225,103.20557980438419,103.86214690321351,3151600
2017-09-21,103.71255493164062,103.92032910058596,102.90639014161046,103.4881552783516,2615400
2017-09-22,103.41336822509766,104.23615222716279,103.34687896371977,103.53803400498994,2616700
2017-09-25,103.32195281982422,103.70425658285282,102.76511949154987,103.36351019568691,3268500
2017-09-26,103.47985076904297,103.9452628869458,103.32194036871256,103.63775482860883,2301900
2017-09-27,103.48814392089844,104.23613211516546,103.33854628204503,104.06160259329711,2140600
2017-09-28,104.07823944091797,104.11979047022557,102.74017328638315,102.98119208311921,2067800
2017-09-29,103.64605712890625,104.34418157619112,103.47984034376238,104.17795845028334,2273500
2017-10-02,103.65438842773438,103.74580957815989,103.01444037475575,103.38843771943243,2502600
2017-10-03,104.31096649169922,104.32758563861455,103.34689111070128,103.87048617963715,2166100
2017-10-04,105.33319091796875,105.62407348635274,104.3857412147955,104.46054321281677,2792300
2017-10-05,105.05064392089844,105.47450509309213,104.72651665415202,105.38308393162357,2496200
2017-10-06,105.4911117553711,105.54097553181045,104.70157237151126,104.81792541037976,2697400
2017-10-09,105.44954681396484,105.49110418519211,104.66832022916174,105.48279144279374,1979600
2017-10-10,106.53829193115234,106.6213939952996,105.77367811997246,105.98145230263512,4414300
2017-10-11,106.8790283203125,107.0868024712606,106.10610188439114,106.52165018628733,2177800
2017-10-12,108.03428649902344,108.17557144488117,106.6962200335099,106.71283284017659,3372300
2017-10-13,108.63265991210938,109.21442509084102,107.37769572492063,108.873672385609,3478200
2017-10-16,109.26428985595703,109.804497666489,108.82380959653129,109.081447557909,2914200
2017-10-17,108.4913330078125,109.26425935773361,108.3085034423264,108.98999598721491,2380300
2017-10-18,109.11470794677734,109.41390334222201,108.45814696647146,108.45814696647146,2511400
2017-10-19,109.33078002929688,109.39726929109902,107.54391440738054,108.87367428036339,4837600
2017-10-20,109.82405090332031,110.28388314199702,109.08831932143758,109.80732625177626,3086800
2017-10-23,110.09156036376953,110.64335894403166,109.65682156462557,110.31729846608927,5549500
2017-10-24,115.57612609863281,117.41544261051779,114.23007845564375,117.09773796273979,18886700
2017-10-25,114.4056167602539,115.2333147438303,112.69170365170895,114.71496538934014,7438600
2017-10-26,114.48921203613281,115.57608455246714,114.41397025412947,114.43905084813058,5745400
2017-10-27,115.21656036376953,115.7098289936458,114.45574842179053,114.47247306808877,4064600
2017-10-30,114.11300659179688,115.21659115624354,114.10463788782751,114.79020824043903,3044500
2017-10-31,113.53611755371094,114.2216750900996,112.93415774962016,114.12135270847433,3988300
2017-11-01,113.94578552246094,114.79020816387879,113.2267786259636,113.42743616353403,3629000
2017-11-02,114.09627532958984,114.53102692417154,113.44415431630227,114.05447008367757,2722600
2017-11-03,114.23003387451172,114.49756445467204,114.00429577828659,114.10461815120065,2105400
2017-11-06,115.13298034667969,115.75165202598659,114.36379958471726,114.37216828773659,2780900
2017-11-07,116.05262756347656,116.12786934481072,114.25511697114962,115.20821780622178,3222100
2017-11-08,114.78182983398438,116.00247409345573,114.68986339829017,115.7098501370188,1933300
2017-11-09,113.15152740478516,114.33036642008776,112.5746481948639,114.07119176222044,2940300
2017-11-10,114.10464477539062,114.44742997238751,112.92581834708776,112.94253024169386,2016900
2017-11-13,114.14641571044922,114.16314035719886,112.75856344508512,113.31036197331436,1894100
2017-11-14,114.99085998535156,115.47577282962739,114.09628885122844,115.37545043328461,3041300
2017-11-15,112.11483764648438,114.33873141535997,111.87237486162134,114.1046373344257,3746200
2017-11-16,114.00433349609375,114.88219282103296,112.95090996047031,113.2602458840767,2812900
2017-11-17,113.81202697753906,114.00431581180399,112.88400659350125,113.53612764637424,2312700
2017-11-20,114.46416473388672,115.21660828710525,113.9123659910344,114.07121830402274,2124000
2017-11-21,115.04100799560547,115.37542441277506,114.68149822783799,115.18313561076097,2221400
2017-11-22,115.3837890625,115.72657420811738,114.70658747448535,115.55936598691875,4887500
2017-11-24,114.86546325683594,115.72659789155102,114.82365800368845,115.459067234317,944400
2017-11-27,114.69824981689453,115.60118966394295,114.44743106651916,114.93234391533247,2585400
2017-11-28,116.20310974121094,116.21146568573045,114.7650963394904,114.96574106529602,2592700
2017-11-29,115.42562866210938,116.38709854521787,114.7066216154991,115.51759512471675,3098200
2017-11-30,118.00899505615234,118.15949138190037,114.63134313730228,116.12787390590229,7507800
2017-12-01,118.318359375,119.05407818109205,115.69315046455907,118.38524522231218,5481600
2017-12-04,118.30162048339844,121.38666124951898,118.25145929324518,120.6007685846659,4922300
2017-12-05,117.16459655761719,118.8785096555705,116.82181138659242,118.51064388736543,3884100
2017-12-06,117.331787109375,118.0006327001195,116.62950497981912,117.17293484639171,2881400
2017-12-07,119.46375274658203,119.55571919471096,116.3703555706007,116.8636243573053,2977100
2017-12-08,120.27473449707031,120.65932496796222,119.49719760748292,120.28309044487389,2490100
2017-12-11,120.19949340820312,120.98538625025508,119.9570305915672,120.91850039591318,1913500
2017-12-12,119.90686798095703,121.0606266297443,119.73130377789855,120.42521739954974,3397100
2017-12-13,124.2125244140625,124.61382668293486,120.45028215581523,120.54223583080115,6486500
2017-12-14,122.29798126220703,124.57204922159104,121.96356475642725,124.44664622121661,4616900
2017-12-15,122.6407241821289,123.602180872582,121.63746225357619,123.19252270784153,7931700
2017-12-18,125.21578979492188,125.24922633606336,122.73270881786802,123.52695743096487,3534800
2017-12-19,126.16886138916016,126.31934492511284,124.17904958823121,125.32443902464837,3554100
2017-12-20,127.5149154663086,127.58180129399231,125.99329159013013,127.02163408178704,3076000
2017-12-21,129.287353515625,129.67194386010277,126.92131983335945,127.65705122775101,4017400
2017-12-22,130.2153778076172,130.25718304855573,128.7104784340088,129.39604866532923,2486400
2017-12-26,130.79226684570312,131.24373031331095,130.14014586073108,130.45783765009605,1870600
2017-12-27,131.69520568847656,131.83733331175412,130.68357491939946,131.2102929258517,2520500
2017-12-28,132.4476318359375,132.63992062395053,131.45272584512216,132.04632961312018,4064000
2017-12-29,131.74537658691406,132.51454465277638,131.68684668980865,132.13832294494387,2616100
2018-01-02,131.2938690185547,133.25860034012072,130.4494593639493,132.34730485784848,5108400
2018-01-03,131.4945526123047,131.6701295394402,129.92276724294393,131.29389508945977,4146100
2018-01-04,133.3004608154297,133.41750787305799,131.2772115294705,132.00457447636262,4865800
2018-01-05,135.40728759765625,135.48252938267927,133.46763653593362,133.98598584231803,3945400
2018-01-08,138.80999755859375,139.1444139423959,135.90053419657963,137.20477595344227,5929200
2018-01-09,139.14443969726562,139.96378167642104,138.02413057128132,139.06084196442526,4522900
2018-01-10,138.67623901367188,140.06409137628643,137.53084939583033,138.70131960696997,5478600
2018-01-11,141.4603271484375,141.73622648545023,138.4839770989729,139.53740049351805,4199000
2018-01-12,142.3799591064453,142.68929491801737,141.48537545209527,142.12078447975864,4127900
2018-01-16,141.55223083496094,144.83792806701604,140.09750575753844,144.5536601518676,8530600
2018-01-17,140.8751220703125,142.2211697410339,140.8751220703125,141.56069258602685,5571400
2018-01-18,141.15097045898438,142.76454823669394,140.53228602865659,141.56899737638093,4668800
2018-01-19,143.13323974609375,143.16683148653894,141.62135509839547,142.47809186815505,5796700
2018-01-22,143.53643798828125,143.5532402705906,141.51219231894194,143.05768188174738,3540900
2018-01-23,142.3101043701172,144.51074160185868,142.11692301259097,144.46874231116584,5036500
2018-01-24,141.39453125,144.8466615956098,140.83177682979536,143.96472805311186,8241000
2018-01-25,142.2596893310547,145.39265396123795,136.45575220005702,145.39265396123795,16937100
2018-01-26,140.31944274902344,141.94891758134762,138.21121195978975,141.7893279902504,9045300
2018-01-29,136.55653381347656,139.32831984648584,133.90233808167946,139.07633696777927,9496800
2018-01-30,137.54763793945312,138.34558578675438,134.22989997948952,134.66666940911014,8694800
2018-01-31,136.72451782226562,139.25271570088088,135.97697673414473,138.3371902994574,7014000
2018-02-01,136.27099609375,137.53089801201787,134.5407200268987,135.43106148157145,4323600
2018-02-02,132.2812957763672,135.06147706276886,131.47495297596723,135.03628005179237,7602800
2018-02-05,126.89732360839844,133.49080266898363,119.98466529177277,130.13106419743391,11390500
2018-02-06,131.37417602539062,131.50016109091138,123.31079860604969,124.36912442196443,13908700
2018-02-07,129.63546752929688,132.78522141532517,129.58507351774145,130.49220417488337,7156500
2018-02-08,122.62203216552734,129.50949193476245,122.56323060350826,129.22391730422422,9101900
2018-02-09,125.32662200927734,126.73770570059939,120.00983552645162,124.90665479404355,9528100
2018-02-12,127.91362762451172,128.88795478335098,126.20016677309111,127.56085664970112,5756800
2018-02-13,129.32469177246094,130.3578074254083,126.8300857493,127.04006933497764,5512100
2018-02-14,132.76002502441406,133.2051892170573,127.95559938269713,127.9975986646483,5560100
2018-02-15,134.37269592285156,134.67507280645393,132.27286001349668,134.22151388924104,4914500
2018-02-16,131.27330017089844,135.229395581463,131.1053159073647,134.49865698608355,5991600
2018-02-20,130.66018676757812,132.91961224273598,129.57667708423844,130.33261288039347,5094600
2018-02-21,130.3830108642578,133.04560132407283,130.22342128064673,130.7777810501226,4179400
2018-02-22,133.43194580078125,134.20468371683242,131.19771778171545,131.37410960064324,4723300
2018-02-23,136.41372680664062,136.4725155405663,133.73433445553982,133.88551647110273,4450800
2018-02-26,137.48886108398438,137.79123797425592,135.69140201858724,136.95130359198845,6254400
2018-02-27,135.44781494140625,138.25320554080903,135.4310254814229,137.12768371922223,4127700
2018-02-28,129.87905883789062,136.35494580816277,129.4926833792501,135.6494039964349,7298600
2018-03-01,126.1833267211914,131.18934080509206,124.73863869506344,129.07270277344733,9434800
2018-03-02,122.94959259033203,125.88936277554733,122.51282314565626,125.25941202157263,9509400
2018-03-05,126.930908203125,127.55246439924436,120.95897289372493,121.91649779151807,8453000
2018-03-06,129.1399383544922,130.17305427274053,127.39287293504742,128.20761048200927,5795600
2018-03-07,127.2584457397461,127.89680403310675,124.99062561174883,125.99014951519025,5491000
2018-03-08,129.0054931640625,129.32467226739504,126.23370768788887,127.4432150095922,4105000
2018-03-09,132.91958618164062,133.06237345663493,129.62704567959324,130.29058805355245,4576700
2018-03-12,129.7698516845703,133.83513069377375,129.2238995063007,132.9112106369805,4880400
2018-03-13,129.0895233154297,132.60044304610187,128.67795083491907,131.28175266861558,4819100
2018-03-14,128.12359619140625,130.3998242048179,127.09048039981997,130.02185626315293,4873600
2018-03-15,129.8286590576172,130.68538286963562,127.37603946914939,128.66113800355816,5268800
2018-03-16,131.4161376953125,132.24766452245603,128.77033672939564,129.61867864897462,10897600
2018-03-19,127.7959976196289,130.04702819055322,126.67889628777453,129.55147003335765,5479200
2018-03-20,129.4002685546875,130.3577930874046,128.12356490560487,128.5099402999621,3557600
2018-03-21,130.86175537109375,132.104854440759,128.6863287950848,129.48426374892978,3887400
2018-03-22,123.3863296508789,128.9299005332578,122.840377543902,128.4007378825967,8225600
2018-03-23,121.19412231445312,124.78905314108873,120.77415513740114,124.0583015378791,6533100
2018-03-26,125.30982208251953,125.62059372637935,122.00887304434714,124.15911599243745,5454900
2018-03-27,123.46192169189453,126.93084091425098,122.45399048843117,125.90612025607352,4915300
2018-03-28,121.92486572265625,124.51186489738072,120.63976727256374,123.4619470253195,4933900
2018-03-29,123.78952026367188,124.9570284188534,122.26924124322473,122.80679867835046,4209400
2018-04-02,120.85811614990234,123.76429375138815,119.06905243026394,122.99995065069618,5397500
2018-04-03,121.84085083007812,122.33640892331597,119.58983336605488,121.62247255586617,4845700
2018-04-04,121.94168853759766,122.17688199634568,115.9529640723015,117.49004579542883,6188200
2018-04-05,124.41948699951172,125.04943780065736,123.02519281704441,123.0587845538975,4584800
2018-04-06,120.1021728515625,123.47030373408667,118.27951752488161,122.43718845469294,5707400
2018-04-09,120.17781829833984,123.29396781798572,119.94263768615457,121.62250652541057,4050800
2018-04-10,124.38590240478516,125.1586406402154,122.3112630748126,123.26039320207484,3991600
2018-04-11,123.29395294189453,124.60426124417931,122.89919560337057,123.20155965422792,3218900
2018-04-12,126.10771179199219,126.964448206945,124.00787643324955,124.00787643324955,3958000
2018-04-13,126.1833267211914,128.43435731721559,125.14181638820172,127.46003045003526,3603200
2018-04-16,127.78762817382812,128.86274325683024,126.22534956628087,127.4516595165335,3055600
2018-04-17,128.77035522460938,130.64340555764338,128.51837231313255,128.79555223411873,3817200
2018-04-18,130.98773193359375,131.97045337967026,129.82863148806624,130.3493865749499,3087100
2018-04-19,130.77781677246094,131.2985849480277,129.31633874730332,130.5174390928701,4013200
2018-04-20,129.36807250976562,131.80770481379966,128.62520441522315,131.05639972033353,4057800
2018-04-23,129.9927215576172,131.4700074502781,128.46477504295714,130.5498595905,5350300
2018-04-24,121.93096923828125,135.99473522899672,121.0192711780916,134.8551094335317,24122300
2018-04-25,122.5640869140625,124.5985238128785,120.00627282569152,121.41602416726575,9963700
2018-04-26,123.50951385498047,124.42964863758591,121.56793594829085,122.67380054345597,6558900
2018-04-27,122.16732788085938,123.75435918958573,121.69459843934375,122.96928053206703,3860600
2018-04-30,121.86341094970703,123.41666828499581,121.22185149754237,122.5809548861474,4764800
2018-05-01,121.91410064697266,121.92253764550307,118.43615087720289,120.78292456003582,5004400
2018-05-02,121.44135284423828,123.79656317133967,121.12056661554112,121.55109821319508,4637600
2018-05-03,121.37379455566406,122.53029411963347,116.6211511991789,119.60949640368943,7703200
2018-05-04,123.56018829345703,124.25240843940541,119.06924586500435,120.07380233583096,4678400
2018-05-07,126.47254180908203,127.85696899660262,124.93615854147902,125.08810174065275,6844600
2018-05-08,126.56539916992188,127.52775771115827,125.41734943141509,127.17319778496069,3853600
2018-05-09,128.82772827148438,129.45241358838018,127.04654365582427,127.25758442601666,4668200
2018-05-10,129.97584533691406,131.21676661893255,128.9966126592416,129.32583588421107,3911000
2018-05-11,130.72718811035156,132.31421995198374,129.80705278979482,130.21224774988042,3507900
2018-05-14,131.08164978027344,132.02710836387024,130.33034510989944,131.36022515884903,3563900
2018-05-15,128.8108673095703,130.3388007321152,128.06801240810694,129.84919738199775,4127200
2018-05-16,129.83238220214844,129.89146696423995,128.6083473891402,128.7771775562937,2693400
2018-05-17,129.73947143554688,131.05636424235036,128.95439279708424,129.74790843218656,2885800
2018-05-18,131.4446563720703,132.39855202057996,130.0095686400906,130.12775097180457,3889300
2018-05-21,134.1544647216797,136.41682964777237,133.96874771726488,134.44147722635236,5849700
2018-05-22,131.8583221435547,134.5174446151692,131.80767439987065,134.24730614097248,3512400
2018-05-23,133.1583251953125,133.37780301884885,129.76478508146928,130.54985077716123,4010000
2018-05-24,133.12461853027344,133.71553056902053,131.71486663750667,132.71098654360867,2891000
2018-05-25,131.56283569335938,133.01479738171145,131.03944576696694,132.46608359059604,2359700
2018-05-29,129.6803741455078,131.45312239357287,128.8530976408359,130.22063819277062,3795800
2018-05-30,131.23365783691406,131.67261356412413,129.86610426563152,130.50767674232847,2688200
2018-05-31,128.23690795898438,131.10705932396212,127.89079775812023,131.098622324276,4546000
2018-06-01,129.59600830078125,130.1615964055734,128.53235384858883,129.4102912656656,2755500
2018-06-04,128.73489379882812,130.7862042843929,128.38034678456665,130.66802194630574,2470900
2018-06-05,129.16543579101562,129.24142028568116,128.32972227789486,128.65049560738387,2916600
2018-06-06,132.12002563476562,132.1453495094626,129.1654533649322,129.70571749332237,3689300
2018-06-07,131.93426513671875,133.31869231435516,131.29270572105116,132.62648516599126,3149100
2018-06-08,131.115478515625,132.23820461412404,130.87910088966925,131.84989662480126,3254100
2018-06-11,131.94276428222656,132.60121081496982,130.60898433923256,131.0057422347206,2758300
2018-06-12,132.94732666015625,134.38240216790987,132.01874157112593,132.06938932490684,2595600
2018-06-13,130.60052490234375,132.8291157566356,130.43168191810506,132.68559664385046,4189300
2018-06-14,129.27517700195312,132.83754742724471,128.95439080185528,131.43623315208228,3967600
2018-06-15,126.64138793945312,127.46866440642937,125.29915843866178,127.34204505772752,8852500
2018-06-18,125.51022338867188,126.16868277116559,124.69983363945515,125.29074551511584,3651600
2018-06-19,120.96862030029297,123.50111055271677,120.14134375782308,123.24785895129209,6792000
2018-06-20,120.82511138916016,122.14200423030994,119.71925939770519,121.7452464024108,4128300
2018-06-21,117.78610229492188,120.20040980872939,117.43999225615599,120.08222746389585,5914900
2018-06-22,118.1322021484375,120.29325791387475,117.98869594786329,118.94259162002227,5114700
2018-06-25,115.29582977294922,117.32181662340673,114.11399337609045,117.22052114515692,6078200
2018-06-26,114.41787719726562,115.92893657471862,114.1983993971427,115.43932036129806,4285300
2018-06-27,113.63282775878906,117.72702511181609,113.60750388905161,115.45622366534813,5665000
2018-06-28,114.83155059814453,115.41402542703679,112.00359794922858,113.26984309693809,4215900
2018-06-29,114.52764892578125,116.36793186788742,114.45167730987757,115.32116459653913,4107900
2018-07-02,115.05104064941406,115.16922302715855,112.44257846003799,112.94908172517901,3172600
2018-07-03,112.97438049316406,115.94583903440042,112.5522988263201,115.65037671524556,1837400
2018-07-05,114.64582061767578,114.8821853213169,113.19385864907447,113.97048737259675,3366300
2018-07-06,114.30818176269531,114.68805275864241,112.54388315244559,114.05493013842634,3179600
2018-07-09,119.00172424316406,119.0692588658191,114.89065230599513,114.99194779952157,5562300
2018-07-10,119.23806762695312,119.75300776167583,118.30104583691376,119.5419669340175,3761700
2018-07-11,115.44778442382812,117.6679383353536,114.67115562487474,116.604297065661,5231700
2018-07-12,117.6932601928711,117.95494878706056,115.50688006880478,116.91663140721126,4250800
2018-07-13,118.81597900390625,119.23806063447074,117.39779090804592,117.79453579034013,2838700
2018-07-16,116.56208801269531,118.925748193944,116.41013189715267,118.925748193944,3723100
2018-07-17,117.29649353027344,117.61727972140154,115.25361979294833,115.63349071980984,3306000
2018-07-18,119.1283187866211,119.44910495716034,116.77310888651472,117.33869674236952,4394800
2018-07-19,118.4148941040039,119.36615005681242,118.10064268242762,118.54230278618458,3576700
2018-07-20,116.20660400390625,117.70143643890445,116.05371619766163,117.5145807645436,5247000
2018-07-23,115.74797058105469,116.18963069090182,115.17042601885429,116.0367428621549,3542300
2018-07-24,117.18333435058594,119.41710066789786,116.66523690299266,117.97321361205917,5064700
2018-07-25,119.315185546875,119.79931518611662,116.07920477051996,117.20882763552738,5041800
2018-07-26,121.09884643554688,121.92270691639753,118.96700862215172,119.54455335187689,5385600
2018-07-27,121.0818099975586,122.26239112042906,119.56998706208101,122.26239112042906,4649400
2018-07-30,118.69515991210938,124.59806509393606,118.10911375738694,123.75722753271553,13837700
2018-07-31,122.13500213623047,122.9673510773734,119.05189612296248,120.58070955763628,7608700
2018-08-01,117.66748809814453,121.5150079389316,117.30227833553626,121.43006880535692,6364500
2018-08-02,117.21733856201172,117.81188657400412,115.24687768078051,116.41897032627257,4195000
2018-08-03,117.6419677734375,117.71841815085273,116.41893021333382,117.37867469536197,3594100
2018-08-06,118.46585083007812,119.47656674654863,117.18335305634365,117.650492298396,3125200
2018-08-07,120.9289321899414,121.72731319567853,119.1623049125397,119.42559801871064,4813000
2018-08-08,118.66120147705078,120.94591334955791,118.27898841714426,120.87797760901708,3435100
2018-08-09,117.65049743652344,119.6719163978553,117.4211721695206,118.99245524507629,3338500
2018-08-10,115.44218444824219,116.80113237502759,114.43146870968013,116.80113237502759,6268600
2018-08-13,114.67778015136719,116.13014289719005,114.42297580441429,115.44218023233844,3879400
2018-08-14,114.59283447265625,115.89232231166282,114.38049968902921,115.17039182326289,3537900
2018-08-15,112.12977600097656,113.17445969244561,109.929977403968,113.17445969244561,5682200
2018-08-16,115.73094940185547,115.97726501606002,113.51417367345006,113.57363363546051,5539400
2018-08-17,118.3469467163086,119.08588079348954,115.03452830098203,115.21288231417395,6611700
2018-08-20,117.77790069580078,119.37466301872044,117.68447283733438,118.7546488452025,3311100
2018-08-21,118.89904022216797,119.72290056669495,118.11764944424495,118.11764944424495,3021400
2018-08-22,118.59325408935547,119.50204042790494,118.363928842851,119.17930029715045,2209500
2018-08-23,116.18113708496094,118.20256911306636,115.86688563719012,118.10065252673884,3905300
2018-08-24,117.38719940185547,117.67597167573643,116.26606521870787,117.05595756772372,2565400
2018-08-27,120.64010620117188,120.92889131150652,118.31292562887144,118.39785175318248,4770900
2018-08-28,120.60617065429688,122.10950472009446,120.17301231257709,121.81223080565326,3234000
2018-08-29,120.48725128173828,121.10726522703764,120.00312174973428,120.97136785385545,3369900
2018-08-30,118.10912322998047,120.156034092271,117.59102572873451,119.78232271958349,4773300
2018-08-31,117.93072509765625,119.09431537816168,117.53153473166535,117.65044167303171,4552200
2018-09-04,117.41268920898438,118.05818251979068,116.30004365288477,117.08993607363553,3955600
2018-09-05,119.4085922241211,119.8417635003154,116.93701209956946,117.48909034258648,4579400
2018-09-06,120.24095153808594,120.49574291910045,118.95844110750625,119.19625503637789,4588100
2018-09-07,120.02864074707031,120.72509226091086,118.94997616551015,119.52752069113939,4173400
2018-09-10,120.64867401123047,121.03936290893822,120.34291128438052,120.41085999700182,3069100
2018-09-11,120.63167572021484,120.98839671827683,119.22176918509533,119.42561530965544,2583200
2018-09-12,122.54267883300781,122.94186935925565,119.434093740908,120.2494652089582,5630600
2018-09-13,123.6128158569336,124.39421929017995,122.74649924336033,123.19664796214461,3670700
2018-09-14,123.06924438476562,125.02272712862761,121.65084948184473,123.68927132930892,4699600
2018-09-17,124.19039154052734,125.75317271771296,122.7719964868969,123.02680086488975,3827100
2018-09-18,126.61101531982422,126.78936931479052,124.2328626944566,124.85287675296425,4496400
2018-09-19,129.74502563476562,130.0422994793973,126.86576683974063,127.19700854324316,6000100
2018-09-20,132.4969024658203,133.95776678620874,131.18892592587954,131.9957954963544,6774100
2018-09-21,132.81967163085938,133.592560473058,131.4777141054449,133.03200643627517,5932100
2018-09-24,130.7982940673828,132.58191235225902,130.60294959462377,132.49697321111506,3844500
2018-09-25,130.8747100830078,131.2229423608117,129.78755664587135,130.90018922919919,3454600
2018-09-26,130.0933074951172,131.7749957898291,129.85549351242622,130.75579115545492,3096100
2018-09-27,129.49874877929688,130.8407062696389,128.42008436720712,129.96588793098044,2674100
2018-09-28,129.5157470703125,129.87246800060032,127.87651557649036,129.09956617169914,3599900
2018-10-01,129.33740234375,131.2229368419597,128.82779352157252,130.46702529699388,3736300
2018-10-02,131.49472045898438,131.9703484071913,128.67490768048677,129.34588004458806,4344000
2018-10-03,134.38250732421875,135.35924264228737,132.3186054373151,132.49697244873377,6043300
2018-10-04,133.13392639160156,134.66273962156893,131.8174479724661,134.22107958626984,4130800
2018-10-05,130.2122039794922,133.18489148314987,128.7683297839791,132.93008710514428,4955100
2018-10-08,130.24618530273438,130.5094784090466,128.14831621968708,129.05710252082577,3463200
2018-10-09,126.9422607421875,129.6176744219777,126.61950765272967,129.6176744219777,4996900
2018-10-10,122.06704711914062,126.69594378369493,122.06704711914062,126.29675326973494,9419300
2018-10-11,119.73137664794922,123.91012495448395,118.77161897563266,121.41306503670192,7608300
2018-10-12,120.6656265258789,122.64457545982036,118.6951533585015,122.32183537611301,5596200
2018-10-15,120.43630981445312,121.60838918203221,119.85875237777026,120.60617507469328,3741700
2018-10-16,122.05857849121094,122.21145337200076,119.98618815233836,121.75281576973971,3573400
2018-10-17,120.04563903808594,121.89720584432784,119.85029458638203,121.52349439940423,4807500
2018-10-18,115.34029388427734,119.58699091271251,114.21067091952669,119.04341421146844,10250200
2018-10-19,112.24607849121094,117.04122638174792,112.20333826763975,116.40871802584054,7055100
2018-10-22,110.01517486572266,113.79317848702387,109.97243464199488,113.4085295159589,7858900
2018-10-23,101.69843292236328,104.70715819040616,98.82646463315558,102.29675693209713,24113300
2018-10-24,96.02286529541016,103.97206388359494,95.94594072257718,102.57027070565043,15304200
2018-10-25,98.83501434326172,100.08295202277885,96.15964176880816,98.15121635898493,13568900
2018-10-26,98.33924102783203,99.5187966899085,96.03995557425495,97.527222543176,10820400
2018-10-29,97.4246826171875,101.15994647744033,95.78355303289854,99.90345939061864,8069600
2018-10-30,100.39921569824219,100.63854532583443,96.67249472825182,97.44177318925777,8057600
2018-10-31,103.69854736328125,105.04050819516058,101.93775973605221,102.06597388355506,10341300
2018-11-01,106.58761596679688,107.0406401923948,103.37375181010218,104.78408797762455,10138900
2018-11-02,107.51927185058594,109.66470153551093,106.21150212735685,108.59626136669746,7683900
2018-11-05,108.0492172241211,108.5107776242686,106.45937777975192,107.77569028886174,4844200
2018-11-06,110.54512786865234,110.69043420946602,107.96377200584814,108.04070311178921,4728200
2018-11-07,115.4770278930664,115.57959398387675,111.86997255142177,114.12651784663458,7551900
2018-11-08,112.30590057373047,115.13512850920154,111.88706726486754,114.39149820564444,6269400
2018-11-09,108.47661590576172,110.77590164527595,107.46800794595082,110.76734577521309,7248400
2018-11-12,106.8440170288086,109.7587249435503,106.49356552275829,108.70737694664066,5870100
2018-11-13,107.66461944580078,110.93831642260709,107.08338751017112,107.27143409541068,5820200
2018-11-14,106.92951202392578,110.26304731682241,105.75850553997026,108.78432296020357,5516300
2018-11-15,110.62203979492188,111.357127285943,105.2456471088453,106.26280442063457,5815200
2018-11-16,111.08363342285156,112.75894091023251,109.45105312370464,110.08356158542536,5957700
2018-11-19,107.68169403076172,110.68187632961452,107.35688399400314,110.39125064502203,5385600
2018-11-20,104.51057434082031,105.96365735111507,103.62163757277877,105.86108471422872,7746200
2018-11-21,105.87818908691406,107.88685605454128,104.71572522489487,104.98069639949328,4759500
2018-11-23,104.55329895019531,106.03202326848823,103.91223473822438,104.24558760674988,3130100
2018-11-26,106.67308044433594,107.5192833223744,105.2712873149874,105.69011407990153,4696600
2018-11-27,106.50214385986328,106.50214385986328,104.61314190715812,105.98929374277587,4049400
2018-11-28,111.77596282958984,111.78450565736452,105.85252256044839,107.10046666726478,5745200
2018-11-29,111.31437683105469,111.89561511685815,109.05783151481356,111.80159185191128,4999600
2018-11-30,115.96426391601562,116.22069226081689,110.98105554208028,111.16055929618739,8458200
2018-12-03,118.767822265625,121.72527078275968,118.40882788651922,121.27225313466303,9365800
2018-12-04,110.53657531738281,118.02420087989226,110.29723267078667,118.02420087989226,8113400
2018-12-06,109.72455596923828,109.99808298405785,106.03203256657562,107.03209125984856,6595200
2018-12-07,105.60465240478516,111.100703596356,104.92084793601263,110.3485304189431,6413700
2018-12-10,105.46788024902344,106.30554032847867,103.56178637179424,104.63022669081039,5970900
2018-12-11,105.33966827392578,109.3911987422923,104.49346534980161,108.70739431555538,4449900
2018-12-12,107.16030883789062,109.38266373428515,106.92952204208152,107.47656304669422,5544100
2018-12-13,107.61331939697266,110.35707358724041,106.87823187321015,108.0834292646162,4544100
2018-12-14,108.3569564819336,109.18606733499364,105.26275703596909,105.49353730951748,4483300
2018-12-17,106.39103698730469,109.10915000063792,105.71578177882402,108.38261173268192,5662300
2018-12-18,106.22007751464844,110.04937112287291,105.64739497370934,107.58768656695642,5377900
2018-12-19,104.56185913085938,110.22031565443817,103.25408904636149,106.90387880192911,6416500
2018-12-20,103.89513397216797,106.450841259979,103.21987894217098,104.0575324579958,7563500
2018-12-21,102.63011932373047,105.75851620490218,102.20274312824209,104.04901142294865,10034100
2018-12-24,99.96328735351562,102.21983309517414,99.72395773261897,101.00608629134508,2986600
2018-12-26,106.63888549804688,106.64742832468872,99.22817902349102,100.86075884344105,5093700
2018-12-27,108.271484375,108.28858307480655,103.36520745068235,104.10884438242942,4599000
2018-12-28,107.36541748046875,109.62196262210159,106.8867583659531,108.66463787182894,3813500
2018-12-31,108.61337280273438,109.50231596339103,106.41665968691443,108.2116381846139,3455200
2019-01-02,108.02359771728516,109.305726219401,105.13453717349823,106.01493103488558,4783200
2019-01-03,103.8609619140625,107.27142203158887,102.94637714245165,107.10901699510184,6165800
2019-01-04,109.53650665283203,109.91259976750895,105.73286136573238,106.13459600709312,5456600
2019-01-07,109.60489654541016,110.77591620171667,108.29712641746167,109.91260793095607,4653400
2019-01-08,110.92121124267578,112.39992909137366,109.60488537766189,111.03232017440848,4202600
2019-01-09,111.34858703613281,113.01535143154506,111.04087568294246,112.0494771479921,4865600
2019-01-10,113.64785766601562,113.78460810502462,108.76721689043201,109.9296803981509,3418500
2019-01-11,112.91276550292969,113.10081202144494,111.16052096721002,112.04091464822103,2908600
2019-01-14,112.65636444091797,113.16066520663276,110.37417718892553,111.3827787203551,4482300
2019-01-15,111.70758056640625,113.77607957457802,110.74170629041637,112.9213272715739,3224100
2019-01-16,112.53670501708984,113.271792608687,111.32295816445023,111.76742002542585,3636900
2019-01-17,114.99839782714844,116.16086177124686,110.39983815743312,111.5195618672104,6878500
2019-01-18,117.51029968261719,118.4737766663886,114.98115947382782,116.21992309661358,6122400
2019-01-22,113.75961303710938,116.08228843997213,112.839138036401,116.07367752786693,5188700
2019-01-23,113.3983154296875,114.83493330714887,111.961684425835,114.44780977987864,3123600
2019-01-24,114.18111419677734,114.40478786284186,112.86493118643178,113.0455896762232,3943600
2019-01-25,117.7339859008789,117.75979238811426,115.17903865344036,115.93606394939023,6417400
2019-01-28,106.98944091796875,109.94010270855317,105.93993343513762,109.24329479434813,17421400
2019-01-29,108.84757232666016,110.44763992261433,108.05614287751158,108.05614287751158,8550800
2019-01-30,111.92728424072266,112.99400045502102,108.65832705300076,110.05193636079298,7181600
2019-01-31,114.55107116699219,114.70591010695853,111.00682673316952,112.10796052063617,6643300
2019-02-01,112.61548614501953,115.15322452374646,111.92728256950254,114.43921446270683,5646700
2019-02-04,112.58970642089844,112.95960821890566,111.91871138503848,112.58970642089844,4541700
2019-02-05,113.55316162109375,113.63919199409075,112.34881515748742,112.37462164410813,3614500
2019-02-06,112.29718780517578,113.63919072644242,112.14234888717876,112.92518064298635,3098200
2019-02-07,110.78315734863281,112.21117760520958,109.56160212207438,111.22188077023007,3682100
2019-02-08,110.6283187866211,110.6283187866211,108.86480105443019,109.6648349996061,3135000
2019-02-11,110.91217803955078,111.8928769834587,110.70572615779439,110.92938673849423,2648100
2019-02-12,114.12954711914062,114.89517030960407,111.83267754775028,112.05633817734389,4505600
2019-02-13,114.49945068359375,115.54034738220501,113.94027947544045,115.44571921629554,3189600
2019-02-14,114.08650207519531,114.62846449426236,112.92517091112538,113.36389426736638,2877500
2019-02-15,117.16622161865234,117.20923680789711,114.99838471936583,115.3597018079076,5217500
2019-02-19,116.8221206665039,117.8372108259877,116.13391705129189,116.4350102349447,3881300
2019-02-20,120.70183563232422,121.02873526672526,117.28663754851465,117.32965273089226,6199000
2019-02-21,119.47169494628906,121.27821465229621,119.06737581833677,120.22010931546401,4051100
2019-02-22,119.29964447021484,120.16850668765242,118.65445599258172,119.3856748511232,3485000
2019-02-25,121.64810943603516,122.62879515074832,120.5899911473892,121.28680555444502,4444100
2019-02-26,118.69746398925781,119.60073042847948,116.36619044881277,117.45010230004333,7275600
2019-02-27,120.07389831542969,120.12551130192671,117.974882688582,118.5942647793369,3441000
2019-02-28,118.14690399169922,119.57492422267833,117.97485636629759,119.18781378392656,4024000
2019-03-01,118.25873565673828,120.0050445742668,117.80280356258896,119.45448432134734,3811000
2019-03-04,119.01577758789062,120.23733290986118,117.94046341787497,119.40288806381753,3859800
2019-03-05,117.97481536865234,119.1103529291967,117.85438076008441,118.76624467158271,3122900
2019-03-06,115.9876708984375,118.42218337017688,115.90164052786062,118.31894430020631,3886000
2019-03-07,114.24136352539062,115.97046373520001,113.22626026998216,115.60056201488126,4290800
2019-03-08,112.9939956665039,113.66499052445839,112.03050543666868,112.26277692638864,4238000
2019-03-11,114.50804901123047,114.7575161081365,113.20907429706453,113.47575009505154,3914800
2019-03-12,113.96607971191406,114.74031369771743,113.48434112148998,114.61987905011141,4208800
2019-03-13,114.84354400634766,115.54034543155662,114.14674258113871,115.256460938621,4285200
2019-03-14,115.00700378417969,115.33390349393756,113.57038562105531,114.27578489437195,3742200
2019-03-15,114.12954711914062,115.72961518449496,113.53597157654873,115.1618461327641,7049900
2019-03-18,115.3597183227539,115.44573558716482,114.00911732019522,114.15535848344898,4095400
2019-03-19,115.4026870727539,116.74468989932751,114.85212685918175,116.43499895879374,3315900
2019-03-20,114.4219970703125,115.40268282483908,113.60476112927209,115.12740929138113,3522100
2019-03-21,115.32527923583984,115.789822256629,113.56176156700681,113.6908071289559,2635700
2019-03-22,111.6347885131836,114.6714738349412,111.39391925617772,114.40479809514112,5745800
2019-03-25,113.0197982788086,113.55314978188458,111.17025046334506,111.47994139689673,3199800
2019-03-26,113.41552734375,114.89516061814713,112.80475627636565,114.14674619351817,2638200
2019-03-27,112.86494445800781,113.9574670571454,112.04770851827735,113.78541945821115,2378300
2019-03-28,113.87145233154297,114.24136719011993,112.83055568289896,113.46713319901085,2487200
2019-03-29,116.555419921875,117.23501247828182,114.94674152646961,115.27364112712546,4681600
2019-04-01,120.65023803710938,120.75346398685599,117.26945691898385,118.44799693323233,5081500
2019-04-02,120.5986099243164,121.02873549612643,119.77276305082924,120.56419252779278,2529000
2019-04-03,119.79859924316406,120.90833084440843,119.06739346559412,120.30615751982319,4821800
2019-04-04,120.54701232910156,121.1835898556721,119.57492421239694,119.69535886280697,2988900
2019-04-05,120.74485778808594,121.42445045389428,120.36634516352778,121.38144839542387,2812300
2019-04-08,120.28033447265625,120.53839934310305,119.23942469841613,120.43517339492433,2497300
2019-04-09,117.29524993896484,119.49749078998782,117.05438066628363,119.27381708936178,3316500
2019-04-10,118.31034088134766,118.89531849536,117.23502693228691,117.99205215287078,3310600
2019-04-11,119.46307373046875,120.082455612367,117.83719957208356,118.3619533018476,2762900
2019-04-12,121.46745300292969,122.08683484661249,120.27170449595123,121.29540540777116,4383000
2019-04-15,120.65023803710938,122.52557946493228,120.15129073601342,121.8717932392164,3030200
2019-04-16,122.1814956665039,122.33634773202998,120.08248031563993,120.91692515801444,2672800
2019-04-17,122.79228210449219,124.30631975104464,122.55141277723143,123.0159427294075,3469400
2019-04-18,124.07311248779297,125.29342179465876,123.25957294988245,123.58845400715347,4504500
2019-04-22,123.22498321533203,123.91734505674495,122.40278041823184,123.71829168763652,3637500
2019-04-23,122.92208862304688,123.87410614684023,122.41146704481142,122.89612570930325,5930500
2019-04-24,119.2005844116211,121.42483754813497,118.18799115071154,120.94882878293178,8694400
2019-04-25,117.81584167480469,118.96691255950516,116.05028437573117,118.61206847804971,5094700
2019-04-26,120.32566833496094,120.32566833496094,117.60810717227552,118.18796747702545,5119200
2019-04-29,120.3170166015625,121.55462591838345,120.14392614405715,120.73243634076644,3374300
2019-04-30,120.6632308959961,121.16520260579232,119.070777116893,121.1565527026086,3862000
2019-05-01,119.5640640258789,121.10459169447444,119.12268133632288,120.80168666648932,3652000
2019-05-02,116.98495483398438,119.90156896371292,116.30124298853559,119.88426916425108,5405700
2019-05-03,120.35163116455078,120.47279580716578,117.53021836882667,117.80716046367999,4154800
2019-05-06,118.361083984375,118.99288345156481,116.24069566761574,116.64746560174015,4866500
2019-05-07,115.68678283691406,117.70331922900822,114.29338272074416,117.01094412176387,5622900
2019-05-08,114.19819641113281,116.33589774543626,114.05971872977877,115.12425104848467,4140500
2019-05-09,113.549072265625,113.96449201273845,110.93536272787674,112.7009197635313,5906200
2019-05-10,113.67022705078125,114.0077580421554,110.71033684812623,112.96920216146223,5240600
2019-05-13,108.44284057617188,110.36416863075267,107.38697150468595,110.35551872903639,8580700
2019-05-14,110.3208999633789,111.26425428832852,108.78902216933366,109.48139728346393,4019100
2019-05-15,110.17376708984375,110.74497091895114,108.16588727917204,108.97077050430646,2875900
2019-05-16,109.57660675048828,111.238299217955,109.41216616362122,111.15174737035407,4316600
2019-05-17,106.24456024169922,108.64189707855414,105.86375325995444,107.64661030543483,6122600
2019-05-20,105.95894622802734,106.47822423095003,104.98962244705443,105.20598883185372,6312500
2019-05-21,108.13993072509766,108.24378898055305,106.2099460161486,106.73788059283379,5492900
2019-05-22,106.93692779541016,108.56400735498204,106.90230837893219,107.5341011744427,4620400
2019-05-23,105.81182098388672,107.11001932105816,105.07617658008522,105.67334332515891,4964900
2019-05-24,106.36572265625,107.38697231968625,105.76854928437419,106.90230709778159,3802500
2019-05-28,105.23193359375,106.85035625001525,105.16270138081701,106.36569774459973,4889400
2019-05-29,105.13675689697266,106.30513405751586,104.0808878797633,104.28859776090968,5330000
2019-05-30,105.44833374023438,106.17532833435568,104.96367507947285,105.24928033441262,2878300
2019-05-31,103.69143676757812,104.50497658646324,102.7653887919663,103.67413035999665,4711500
2019-06-03,104.41841125488281,105.31849614447724,103.64814750760078,103.77796864991319,4161800
2019-06-04,105.65604400634766,106.25321079147722,104.50497315213106,105.42236459231461,4060400
2019-06-05,106.55612182617188,107.00616101080244,105.55217860995096,106.79845112581742,3598400
2019-06-06,106.78978729248047,107.2744458585097,105.78585074813738,106.53880150565026,3295700
2019-06-07,107.7158432006836,108.7284363248862,107.38696866374839,107.64660437091463,2547500
2019-06-10,108.82365417480469,110.15647213175902,108.39092132915637,108.58998134346545,3705000
2019-06-11,110.1564712524414,112.16435797908181,109.87952249755638,111.64507328606561,4516200
2019-06-12,110.00067901611328,110.3641729919131,109.11790698874535,109.69776736961343,3034600
2019-06-13,110.06127166748047,111.12579078258395,109.70643416343907,110.21705575785893,3495200
2019-06-14,110.11316680908203,110.47666069587257,108.61590874733477,109.57657587883621,2530100
2019-06-17,110.19108581542969,110.97865611996103,109.63718833007303,110.09588406610474,2607900
2019-06-18,112.796142578125,113.67892126093314,110.96135958001543,111.12578696463468,4756100
2019-06-19,113.03846740722656,113.84334411099351,112.39801808152949,112.78748818305037,3847200
2019-06-20,115.6521987915039,115.7993263924218,113.8174023200265,115.02039925078817,3803600
2019-06-21,115.87718200683594,117.05421568353711,114.71746133880933,115.4098364202729,5742500
2019-06-24,116.29261016845703,116.79458180860638,115.58293523304398,115.66082396876787,3197700
2019-06-25,115.72142028808594,116.75997644857675,114.78671578185678,116.47437119339911,3751800
2019-06-26,116.9676513671875,117.4003840961907,116.12814881644486,116.19738763779996,3343700
2019-06-27,117.27059936523438,117.71198210685525,115.94643793441355,117.44368985963717,3594400
2019-06-28,117.95433044433594,118.80249645369027,117.70335116790928,117.70335116790928,10469400
2019-07-01,118.22258758544922,121.31229242275931,116.8118746541703,120.55934169549016,4834800
2019-07-02,117.5735092163086,118.56013949031303,116.8984470923033,118.2226084283104,3204900
2019-07-03,117.34850311279297,118.11876713644762,116.25802097324726,118.08415431552423,2538600
2019-07-05,117.26191711425781,117.3484557346072,115.29730686955783,116.34451265568123,3071800
2019-07-08,116.69939422607422,117.8158523974435,116.34455011232374,116.96768648565572,2742100
2019-07-09,116.22338104248047,116.3532088188216,115.4098543914843,116.06760355802109,2618700
2019-07-10,114.79534912109375,117.26193120158084,114.71746039163571,116.604168936941,3933300
2019-07-11,115.93778991699219,115.9810526368277,114.75209293883857,115.28002753922446,3164200
2019-07-12,119.74581146240234,119.76312447069942,116.49166581821999,116.5868675549199,4149800
2019-07-15,120.85359191894531,121.15651010133077,119.65924540159682,119.76311023307565,4498700
2019-07-16,120.37762451171875,121.70178601439191,119.57274772638989,120.6545798825581,4051600
2019-07-17,117.46963500976562,119.87562817421792,117.46963500976562,119.60733596757095,3750200
2019-07-18,116.74266815185547,117.64274667237237,116.00701702190675,116.7253551401267,3548200
2019-07-19,118.80955505371094,119.5247037609462,117.05658903662909,117.05658903662909,4837100
2019-07-22,117.94618225097656,119.18459807490184,117.38802281895994,118.93167438883009,3267800
2019-07-23,120.44046020507812,120.553827398759,118.19909270921204,118.54793736411878,4122200
2019-07-24,115.04199981689453,117.1350942732266,112.02444177965296,114.23091673245611,12664900
2019-07-25,117.48395538330078,117.64964794193457,114.25708249054054,114.31813762338223,4823200
2019-07-26,115.9228515625,117.50139565822488,115.66994117184706,117.25720172670783,4238000
2019-07-29,117.26595306396484,117.43164566345244,115.86183104567425,116.41999060718005,2715600
2019-07-30,115.94901275634766,116.48973928995683,114.67571774517954,116.27170804622261,3257200
2019-07-31,114.83268737792969,117.18742201596801,114.25708173311112,115.90539731049498,4322000
2019-08-01,110.57672882080078,116.15833011482803,110.2540401775614,114.80653371220929,5530100
2019-08-02,108.61443328857422,110.58543737925297,107.70742261546351,110.3674061593836,5968600
2019-08-05,106.09400177001953,107.10566325464256,104.9427970992221,106.49517844959291,5482500
2019-08-06,106.46900177001953,107.83823749888604,105.21313987467744,107.07948649481946,3713900
2019-08-07,105.33525848388672,105.70154939410155,103.4776345931237,104.65500203526324,5048700
2019-08-08,106.41670989990234,106.48648151013859,104.97770869805495,105.52714515764467,3734800
2019-08-09,104.11427307128906,106.13760266845338,103.61716212102239,105.97190345422133,3805600
2019-08-12,101.79443359375,103.8090402645927,101.22755099890833,103.73926866595062,4321500
2019-08-13,103.79161071777344,106.39926292139326,101.8554919180406,101.98631201468486,4331900
2019-08-14,100.47752380371094,101.9514172320949,100.32926414567322,101.67233748893557,5543100
2019-08-15,100.5124282836914,100.81767076984757,99.39610910358478,100.36416859809944,4171900
2019-08-16,101.5415267944336,102.79738908168639,101.09674112540047,101.384544008527,3551900
2019-08-19,102.35256958007812,103.3380682329774,101.78568711536545,103.10259745884548,2630900
2019-08-20,101.75080871582031,102.72759098218873,101.5763864003689,102.5531620129525,2402000
2019-08-21,102.63166809082031,104.06195252820184,102.50957112571108,102.91074781875365,2783000
2019-08-22,102.81481170654297,103.73054558233137,102.23048957624793,103.19854882078351,2118200
2019-08-23,99.47457885742188,101.95141740420486,98.8292081978613,101.3845348035782,6102000
2019-08-26,99.78855895996094,100.87871540722615,99.282724771521,100.34671852865777,5200400
2019-08-27,98.88153076171875,100.69555237068174,98.68094573650583,100.43391886121458,3160700
2019-08-28,100.17227935791016,100.25076741513168,97.45997003971456,98.42802933482801,3187900
2019-08-29,102.71015167236328,103.02411718433844,101.59383280924509,101.7072133103271,3442900
2019-08-30,103.78289031982422,104.29744095196203,103.30321883750364,103.80032989473284,2912000
2019-09-03,102.06481170654297,102.8235630304794,100.64325001733856,102.8235630304794,3780600
2019-09-04,103.87007141113281,103.99216836148213,103.13748970903693,103.27702622924267,3688400
2019-09-05,107.2626724243164,108.35282888304656,105.0910826215863,105.0910826215863,5355100
2019-09-06,107.00973510742188,108.4400195787136,106.80042696995584,107.89058322269561,3315700
2019-09-09,110.97791290283203,111.10000987784856,107.44580377957716,107.6115096687222,4433300
2019-09-10,113.62914276123047,113.62914276123047,110.95172634666011,110.98661213970067,8479700
2019-09-11,116.07109069824219,116.15830850447061,112.91400306479215,114.1175395913864,7592600
2019-09-12,114.90245056152344,115.72225006096475,113.43728718108567,115.1204817770102,5594600
2019-09-13,116.6728744506836,116.85602654505048,114.36174866206947,115.81819572796958,3704900
2019-09-16,116.12342834472656,116.6903175300501,115.11177354631626,115.9838984705953,2876500
2019-09-17,115.26873779296875,115.78328825156976,114.41405918117414,115.635028626595,2888900
2019-09-18,114.30943298339844,115.3123714353383,113.13205888105882,114.79782086634556,3005700
2019-09-19,113.48090362548828,115.14666561163773,113.2628723699474,114.65827772843767,2725700
2019-09-20,111.77154541015625,114.23966080600555,111.51862835668682,113.38496870760628,6412300
2019-09-23,111.99830627441406,112.39948968480631,110.1842844285382,111.05640954823392,2723500
2019-09-24,109.87902069091797,112.50411865595002,109.5127298084815,112.27737095946192,3370700
2019-09-25,110.41973876953125,110.60288420778674,109.03305666018932,109.75692195456953,2354100
2019-09-26,110.2278823852539,110.69010758812426,109.58251172391337,110.57673372920061,2227400
2019-09-27,110.40227508544922,111.09125447495016,109.5912054102041,110.75984944677094,2214300
2019-09-30,110.15809631347656,110.84707579746417,109.78308233241457,110.18425899642284,2795300
2019-10-01,106.7219467163086,112.06807097525132,106.66089822784318,111.10873473345777,3718200
2019-10-02,104.62010955810547,106.26842520264407,104.07938968674182,105.65794039125399,4255800
2019-10-03,104.68988037109375,104.70731994252394,102.25665094878359,104.0793889104716,3110200
2019-10-04,105.56201171875,105.65794600188921,104.08811832668908,104.41080697486515,2442300
2019-10-07,104.8730239868164,106.1376024877213,104.43696151701675,105.39629761981894,2334500
2019-10-08,102.88459014892578,103.95730020235739,102.64039620680431,103.59973240247548,3530000
2019-10-09,104.16661834716797,104.7073316210216,102.9107561429911,104.21022060749927,2557300
2019-10-10,107.00101470947266,107.297534005486,104.44568828095946,104.6898822079788,3242900
2019-10-11,111.9808578491211,113.70767513369557,109.36448919514706,109.54763466823592,6747800
2019-10-14,111.96341705322266,112.12039317301185,109.89647831011335,110.59417435083628,2851500
2019-10-15,114.2745361328125,114.84141205208212,111.32675606822514,111.62327537037936,3289000
2019-10-16,113.54196166992188,115.82692502803357,113.47219006945491,114.24838082673826,3038300
2019-10-17,115.18155670166016,115.87052960568415,113.5332276540093,114.22221386560489,3418300
2019-10-18,114.89149475097656,116.05174150843125,114.25862800612057,114.39925462884374,4329200
2019-10-21,116.2275619506836,117.29991899553565,115.58591008357543,115.98144853830854,4225200
2019-10-22,117.51085662841797,118.01186833203731,115.093661252348,116.54397311312098,4681600
2019-10-23,118.96112823486328,119.53247317772309,114.88266231689784,117.98546007672961,11295900
2019-10-24,117.65150451660156,118.91722473172439,116.35940255641778,118.7414313750829,3916200
2019-10-25,122.81987762451172,123.03962263521079,118.53046413594235,118.66230577749337,8319500
2019-10-28,123.10994720458984,124.48995236069824,122.06395876900125,123.03084221673143,6174000
2019-10-29,124.22625732421875,124.33173064277996,121.9760704471012,122.51224883674027,4427900
2019-10-30,123.35608673095703,123.93621692270858,122.71443489520574,123.93621692270858,3948100
2019-10-31,121.12346649169922,123.35607015547777,119.88410127008503,122.50345834306283,4037600
2019-11-01,127.00383758544922,127.109310903983,122.38039374453304,122.50345042021303,6220200
2019-11-04,129.13978576660156,129.2101058009883,127.46972853948607,127.75979365176563,5437800
2019-11-05,128.6563262939453,130.08906829749563,128.0410428425405,129.08703141601538,4516700
2019-11-06,127.88280487060547,128.744201514135,127.15324986204512,128.744201514135,3736600
2019-11-07,129.21885681152344,130.44943697157976,128.99032681896531,129.55287353402284,3816700
2019-11-08,130.22972106933594,130.24729101811155,128.15532707896816,128.91125065373373,2776600
2019-11-11,130.0890655517578,130.22090721278565,128.86728364826538,128.98155536260487,2205100
2019-11-12,128.6299285888672,130.50216026049782,128.34866196624006,130.1857269274359,2843100
2019-11-13,127.00383758544922,128.20803601261565,126.30065083348995,126.88956588225646,3194400
2019-11-14,126.08092498779297,127.75098204204997,125.87876329246527,126.75774351305816,2581700
2019-11-15,127.72461700439453,128.22564218090506,127.02143012733943,127.06538182193802,2827400
2019-11-18,126.21272277832031,127.25871102313718,125.71171120108876,126.7840677703826,2638600
2019-11-19,125.85236358642578,127.24115374623103,125.48319355592137,126.88078210046817,2085100
2019-11-20,124.39324951171875,125.43043944182831,123.14509955974641,125.21069444861831,3484700
2019-11-21,126.01055145263672,126.5203613735601,123.89220680160197,124.41960007487943,3297700
2019-11-22,126.46765899658203,126.97746905564452,125.72052055902093,126.5028122986473,2258300
2019-11-25,128.7002716064453,128.83212667589333,126.39734791155138,127.23237636936483,3085200
2019-11-26,128.4102325439453,128.9024593803178,127.88285239590712,128.68271429892468,2468100
2019-11-27,128.05860900878906,128.08497733801102,126.30943383476207,127.46969396921331,2660200
2019-11-29,127.21476745605469,127.8564324916906,126.38852413731142,126.74012417303726,1652500
2019-12-02,125.65902709960938,128.3662745672553,125.55354034542046,127.6279343488064,2896200
2019-12-03,123.10994720458984,123.43516554056656,121.7914770915968,123.10116223221831,3839600
2019-12-04,123.16266632080078,125.0612662320097,123.05719301867907,123.91858961440232,2484600
2019-12-05,123.98011016845703,124.04163178345271,122.64405704489147,123.5669885671714,2277700
2019-12-06,125.4480209350586,126.06330422448183,124.96457927473683,125.615029273367,2271400
2019-12-09,125.54472351074219,125.94026185509205,125.14038678200748,125.66778018258817,1585100
2019-12-10,125.57987976074219,126.21274649143201,124.59542636285651,125.42166978415555,1888900
2019-12-11,126.57312774658203,127.11809108804057,125.94904600703174,126.37096608961696,2265700
2019-12-12,129.01670837402344,129.5616717879268,125.69416440196628,126.16880779275743,3714100
2019-12-13,127.91798400878906,130.44065282336422,127.58396724983486,129.03429258831517,3311700
2019-12-16,127.7685317993164,130.35273511417338,127.65426010879668,129.83414013933344,2414800
2019-12-17,128.6563262939453,129.20130313276675,127.8564645132057,127.8916178194974,2850800
2019-12-18,129.31556701660156,129.47379043217404,127.97952672510063,128.77060356644128,2629500
2019-12-19,127.46971130371094,129.19250497062572,126.83684449197844,129.19250497062572,3576800
2019-12-20,129.71112060546875,129.88691397123836,127.66309503442646,129.54411221372672,6805400
2019-12-23,130.528564453125,130.5549327871113,129.01671738109806,129.8077942250353,2346500
2019-12-24,129.6319580078125,130.7922179683515,129.46494967299222,130.70431460933995,966200
2019-12-26,130.2824249267578,130.291209898933,129.20128321367193,130.00114487109607,1576900
2019-12-27,130.33518981933594,130.9065216144339,130.0802914493224,130.65162324442036,1544500
2019-12-30,129.66714477539062,130.50217316649878,129.21885635212013,130.4582214801938,1789200
2019-12-31,129.80776977539062,130.29121149437202,129.0254780527376,129.5880247587783,1952500
2020-01-02,132.31283569335938,132.33041904575924,130.07143439434336,130.96799759638338,3311900
2020-01-03,130.47579956054688,131.81185297959118,129.6056044907179,130.7658645838232,3100600
2020-01-06,130.38787841796875,130.58125507379327,128.80571187584502,129.4473768757033,2549600
2020-01-07,128.66510009765625,129.7110884712908,127.90037835713821,129.5177117931985,2841900
2020-01-08,129.80776977539062,130.59007491021507,128.7354264335202,129.06064476621157,2153200
2020-01-09,129.48255920410156,130.06268930165322,128.77937242635764,129.92204926366998,2272500
2020-01-10,128.44540405273438,129.84297960353592,128.18170726280414,129.60565115138112,2393700
2020-01-13,129.0518341064453,129.06061907697946,127.93552588884539,128.79692242709862,3355200
2020-01-14,128.9287872314453,130.071463978306,128.60356890500333,129.60560562501354,2742200
2020-01-15,127.953125,128.9815299902354,127.62789327982031,128.52445663496286,2640500
2020-01-16,129.97476196289062,130.02749861436882,128.5420337531106,128.70902867873497,3070900
2020-01-17,130.80682373046875,131.24054996338745,129.7623583412473,130.30229773069678,3331500
2020-01-21,129.0985107421875,130.88649540086166,128.95688418320776,130.29344937966752,2476700
2020-01-22,126.24830627441406,129.72692158678038,126.1509397297137,129.4525286443289,3602400
2020-01-23,126.35455322265625,126.76172620206158,123.74337601492707,125.5225140737099,3182700
2020-01-24,124.2567367553711,126.31026741017692,123.26536455412932,126.17750098004372,2526200
2020-01-27,120.14085388183594,121.98195904594662,119.99924079710058,121.17647300422537,2920500
2020-01-28,121.03482055664062,121.79604635283022,120.04344824837584,121.28266025714416,2763800
2020-01-29,120.18507385253906,121.9376584370241,120.08770729194264,121.78718529905701,2620000
2020-01-30,119.8221664428711,120.35325925365201,117.64471563242198,119.28222703753593,3862600
2020-01-31,116.26388549804688,119.48581509519913,115.54690618266011,118.45019631464132,6785700
2020-02-03,114.86534118652344,117.8659840446104,114.44932169976441,116.3435326263112,4385300
2020-02-04,118.17577362060547,119.2999122137792,117.44110121758635,117.7243542672438,3501600
2020-02-05,121.65441131591797,121.68096460295762,119.88412014660892,119.98148670117091,4448100
2020-02-06,121.4862289428711,122.44218777497477,120.49487023087445,122.32711452938607,2283800
2020-02-07,118.05184173583984,120.8135046630622,117.72434224857606,120.41517841436608,3812300
2020-02-10,118.89276123046875,118.90160782405174,117.5296294687028,117.7597624581082,2331600
2020-02-11,120.54798889160156,121.46853442986908,119.54776997964917,119.92838963447431,2381900
2020-02-12,123.55750274658203,123.86730918852628,122.22978400611262,122.50417705147575,3222000
2020-02-13,123.67252349853516,124.36293586983943,122.53067830320659,123.92036314432399,3318800
2020-02-14,122.14126586914062,123.58404424515605,121.16760014989522,123.46898448288319,2813400
2020-02-18,120.89319610595703,122.65464083513929,119.56547761329477,121.67212861031919,3869700
2020-02-19,121.14103698730469,121.45084337443518,120.43291774975721,121.07907030737816,2134900
2020-02-20,121.20299530029297,122.93788683053552,120.5568427152735,120.60994929674749,2678200
2020-02-21,121.45085906982422,121.65443881856848,119.59204751932474,120.82239961989258,2855600
2020-02-24,116.98968505859375,118.48558319060133,116.88347191519648,117.3083379950347,4964800
2020-02-25,114.18380737304688,117.84831041825733,113.51994802785474,117.69783725409746,4840200
2020-02-26,113.51992797851562,115.94523188685653,112.90032873368418,114.75912646817854,3902500
2020-02-27,109.11188507080078,113.76775238799056,109.06763184675987,111.17427574921486,7369000
2020-02-28,109.97048950195312,109.97048950195312,105.3588816504106,105.8368610936907,8300700
2020-03-02,112.944580078125,113.19241977192004,108.88176491243102,110.68746279267008,6100200
2020-03-03,110.09441375732422,114.67946850450478,109.56332771678457,112.41349779653537,6358100
2020-03-04,112.76754760742188,112.80295424079742,110.03244426900339,111.59030237190316,5074700
2020-03-05,107.96121978759766,110.51043691764683,107.31506046911915,109.0056919612594,6015300
2020-03-06,107.46553039550781,107.85498986686822,105.18185312977519,105.33232626082638,5767900
2020-03-09,92.1170883178711,100.0125842488166,92.08168168887875,100.0125842488166,8636200
2020-03-10,94.25917053222656,96.53399487593728,87.72679722401037,96.16223527574945,8293200
2020-03-11,89.12529754638672,92.71898591339058,88.57650493610889,91.87810043690531,6543600
2020-03-12,81.66353607177734,83.45152723703164,77.45024106686486,82.76111474002131,10285900
2020-03-13,88.1958999633789,88.43489303794253,79.78701743844441,87.08946805220332,8718600
2020-03-16,82.68144989013672,93.69265604963427,78.33538195486953,78.77795473427558,9899000
2020-03-17,88.69159698486328,88.90403681642191,82.29199731620852,84.98284107115234,7206100
2020-03-18,88.62078857421875,91.12574573494108,82.41591542022846,83.19484119331739,6995100
2020-03-19,91.1788558959961,92.40920781732375,86.08041502764794,87.83300639752949,6870800
2020-03-20,84.5313949584961,92.04627833670646,83.34530323408592,91.27620607636155,7650300
2020-03-23,81.30060577392578,85.1863936416974,80.22958062218079,83.11515659281626,6737500
2020-03-24,89.70066833496094,90.31142107211842,84.23932060079937,85.02709978921565,7417100
2020-03-25,92.64820098876953,96.03831072067348,87.18685351139482,89.55019096552199,6578100
2020-03-26,97.80858612060547,98.22460562170893,91.07262774888211,92.80751226698122,6059600
2020-03-27,93.32975006103516,97.04735871392174,91.52405230722249,92.43575115404647,5746500
2020-03-30,98.87960815429688,99.87982019036457,92.87832243164154,94.1175275469298,5725600
2020-03-31,102.7123031616211,103.48238231668269,97.5961623290722,98.01218186962988,8970800
2020-04-01,98.56095123291016,103.34073833971904,96.9234333892868,99.21595701973465,6847000
2020-04-02,103.3318862915039,104.90744423931164,98.36621937552032,98.45473933017196,8106500
2020-04-03,101.4996337890625,103.4203979208137,99.24251679537136,102.23430618150627,5036400
2020-04-06,106.59809875488281,107.74879088592793,104.56226090861092,106.25289246619444,5785600
2020-04-07,107.91693878173828,114.0067442025659,106.66888712630659,108.77553100553224,8489900
2020-04-08,112.76754760742188,113.4579533223081,107.13802121008219,108.86405238010977,4686100
2020-04-09,110.66974639892578,114.71486802213953,109.00567520562993,113.87396894948081,4752100
2020-04-13,101.0304946899414,106.26170720785935,100.53481543050191,106.1731872659965,10519600
2020-04-14,103.10177612304688,104.30556808570567,101.35803797945613,103.11947606601758,7166300
2020-04-15,98.72026824951172,100.10994629775956,97.18897044477376,99.98602647840934,5652800
2020-04-16,100.21619415283203,100.43748057102742,96.35695847925425,99.00354214999605,5926400
2020-04-17,103.8875503540039,104.10193375471728,101.69902956941286,102.23499147875899,4132300
2020-04-20,102.36897277832031,104.57535577213575,100.15366197113799,102.22605279807857,4083800
2020-04-21,98.12592315673828,99.18891896687724,97.00933320999542,99.18891896687724,5743300
2020-04-22,98.83161926269531,100.13579564046547,97.55423995605827,100.07326686944653,3794000
2020-04-23,100.85934448242188,102.93173524347111,99.10852537047343,99.44797309111371,3545400
2020-04-24,101.86872863769531,102.17243781346116,99.34076751653193,101.82406231649503,3045300
2020-04-27,102.90493774414062,103.73568102574977,98.01874534061689,99.01920567795268,5344800
2020-04-28,103.13719940185547,105.40611143184759,101.27026391978893,105.28105387874866,5604600
2020-04-29,107.24625396728516,107.92514272103574,104.09300431471941,104.47711161833972,4261100
2020-04-30,103.95899200439453,105.62941308334337,103.02106050160864,105.40609508528134,4040500
2020-05-01,99.04601287841797,102.36005171501499,98.7691006946038,101.83302442128792,3960400
2020-05-04,96.22325134277344,98.51002525408035,95.20492190944934,98.27777264898704,4500700
2020-05-05,97.28626251220703,99.23358904420061,97.13440108378215,97.58103711004671,3477400
2020-05-06,96.17858123779297,98.4742896861381,95.31210642779281,98.28670341002316,4465300
2020-05-07,95.83914184570312,98.30457416904608,95.38357127380718,97.38449839812424,4377900
2020-05-08,100.14472961425781,100.22512082713145,96.74136530011006,97.33985593525222,3911300
2020-05-11,97.01829528808594,98.94775971811421,96.6341879651224,98.40286993984725,4207300
2020-05-12,93.79354858398438,97.66141750883932,93.79354858398438,97.4648966023388,3874100
2020-05-13,93.32906341552734,94.0526115690832,91.6050481486214,93.9186194033924,5376100
2020-05-14,94.85655212402344,94.9369433295967,89.5237174036873,91.56037639303443,5542400
2020-05-15,96.40190887451172,96.46443763948746,93.15039946552488,93.95434559744454,6583100
2020-05-18,102.74413299560547,103.31583329296099,100.05538942968366,100.24297571462304,5603500
2020-05-19,100.117919921875,103.11931416303231,100.05539115914772,102.68160600881737,3404900
2020-05-20,103.3426513671875,104.94160924303314,100.98441356982723,101.21665940879623,3735700
2020-05-21,101.88661193847656,103.33371517110183,101.67222854609233,102.68162354972975,2342300
2020-05-22,100.46630096435547,101.97593279565272,99.57302898183626,101.94912891147268,2735100
2020-05-26,104.87906646728516,105.90632379242295,103.60168726298514,103.60168726298514,4185100
2020-05-27,109.3543472290039,109.4168759910381,106.77279191554048,106.94251576182924,4462700
2020-05-28,107.85366821289062,111.50715453624385,107.44276387702236,111.43569113475587,3743700
2020-05-29,107.30876922607422,107.8268686522155,105.02199495224367,106.86213319977139,4219000
2020-06-01,107.6392822265625,108.26456993668344,105.05772654243833,107.06758865870195,2131300
2020-06-02,110.1583023071289,110.60493830526276,108.33602661692785,108.83625675399793,2977500
2020-06-03,113.52593231201172,113.75818493432043,111.6679317789151,112.06096681460174,3712600
2020-06-04,115.19637298583984,115.25889494346642,111.42675691736362,112.02525438812975,3076700
2020-06-05,120.69889068603516,124.4952961326958,119.153534167746,123.13753270437387,5591900
2020-06-08,123.02139282226562,125.00445729959132,120.87754596419532,120.87754596419532,4139200
2020-06-09,119.86814880371094,120.95794152450476,118.99274622856792,120.60956605672617,3819600
2020-06-10,118.30494689941406,120.93116878330896,116.62559116299167,119.4483339790317,4018700
2020-06-11,108.57718658447266,113.30258825981834,108.55038270661647,112.91848794047587,5969300
2020-06-12,110.00646209716797,111.81086876707123,106.61202534115645,111.12305223860264,4492700
2020-06-15,110.41735076904297,111.10516719982235,105.41502900891062,105.86166500204966,4093100
2020-06-16,116.22364807128906,118.3049739612869,112.90067435157817,117.34916615173866,6892400
2020-06-17,114.54426574707031,116.54519995149045,114.12443362809668,116.26828780990422,3228100
2020-06-18,113.97257995605469,115.2142275861403,113.17756836024806,113.5706102512536,2467700
2020-06-19,113.85646057128906,116.1253725136006,112.31110366123205,116.1253725136006,6488000
2020-06-22,112.36468505859375,112.98104491592724,111.30168920380108,112.87384982309223,2806300
2020-06-23,112.77558135986328,113.95470003692185,112.40040878423648,113.7939108166355,2357100
2020-06-24,109.03277587890625,111.51607089700752,108.82732713963493,111.47141138700802,3766500
2020-06-25,111.39996337890625,111.50715848493421,107.90727299278039,108.6308212168745,2903400
2020-06-26,109.32754516601562,111.15875525139191,108.48786741553351,111.06049479909619,3645800
2020-06-29,111.88231658935547,112.58800227827292,110.12256968112294,110.5156115370072,2798700
2020-06-30,112.99891662597656,113.4991468033227,110.77467108441962,110.77467108441962,2778800
2020-07-01,112.60588836669922,115.58941416436457,112.44509910235567,115.5715585346193,2807800
2020-07-02,114.08869171142578,116.42905980063148,113.6152586801017,114.56212474274987,2527500
2020-07-06,115.6162109375,116.5720187061942,114.49069290515838,116.24151236349702,2491900
2020-07-07,113.62419128417969,115.00876555673769,113.26688795008339,114.10655896335878,2018100
2020-07-08,114.45494079589844,115.5268644237164,112.97210606845522,115.5268644237164,2279500
2020-07-09,112.31108093261719,114.65145580463317,111.76618451896127,113.92790091880589,2663500
2020-07-10,114.3477554321289,114.54427638251758,112.39149418763543,112.52548636427544,2691400
2020-07-13,116.6345443725586,117.99230814767044,115.09811527365524,115.60727328175956,3708400
2020-07-14,122.27106475830078,122.65516514134107,115.43752639287746,116.41120314456244,6540800
2020-07-15,123.5931396484375,125.20996011703954,122.47654942092208,125.20996011703954,4915200
2020-07-16,123.7717514038086,125.94240919311558,122.91421801883965,123.5395056183477,3621500
2020-07-17,123.20478820800781,124.58172892361017,122.87180667343192,124.07775241755047,2458200
2020-07-20,121.16185760498047,123.24976177256148,120.8288624117807,122.17880506806796,2478000
2020-07-21,122.27781677246094,123.45676464321002,120.98186946245845,121.28786693955743,3221100
2020-07-22,123.27676391601562,124.0777293713024,121.66583833105092,121.71983384205248,2156800
2020-07-23,122.93479919433594,123.76276248207358,122.13383366460822,123.20477677443516,1613700
2020-07-24,123.81675720214844,124.8157154390796,123.15978887424929,123.47476729311643,2036300
2020-07-27,125.89568328857422,126.30066344100759,123.34878918761599,123.42978247163661,2506900
2020-07-28,124.22174835205078,125.98567983746392,124.12275198706847,125.04071703214723,2029900
2020-07-29,126.47163391113281,126.96661566034042,124.01474197893745,124.71671110242184,2338300
2020-07-30,123.0517807006836,125.18469963695088,122.36781463390149,125.16669655478269,3063500
2020-07-31,119.58694458007812,121.62984825557668,117.18404789641106,119.18195072934742,6780900
2020-08-03,118.59698486328125,119.69493954263464,117.98501732781455,119.0649689230867,2851100
2020-08-04,118.36299896240234,119.19096230469891,117.59802581550349,118.2279964311281,2301800
2020-08-05,121.4678726196289,122.3408368609538,119.34396174367302,119.49695363627332,2767800
2020-08-06,120.94588470458984,121.68386008774561,120.32490876811228,121.06288415126805,2446400
2020-08-07,121.42285919189453,121.59385415188629,119.26295610184762,120.59489588296559,2223700
2020-08-10,127.81261444091797,127.93860857887597,122.10684459596874,122.15184544502468,5181600
2020-08-11,128.2715606689453,131.57441899220777,128.05556488250778,129.61250876163007,4206000
2020-08-12,128.30760192871094,129.74753303517363,127.19164399202869,129.54954027653113,2541200
2020-08-13,126.59764099121094,128.46056874760353,125.787680760284,127.43461271334253,2939900
2020-08-14,125.95869445800781,126.79565257230968,124.88773742220394,125.49970502418839,2038500
2020-08-17,124.84271240234375,126.53464512173977,124.4647300627118,126.12965129211484,2284000
2020-08-18,124.5277328491211,126.09367161370102,124.26674992118934,125.0497124373144,1563200
2020-08-19,124.2127685546875,125.9226909921151,123.7087919934386,124.64474650256781,1849500
2020-08-20,123.72679138183594,124.17677245263492,122.07985901483175,122.41285434520908,2279700
2020-08-21,124.58171081542969,125.09469565531779,123.1147823554402,123.1147823554402,2524600
2020-08-24,127.50663757324219,128.01962261742958,125.1667440987208,125.77871180161101,2921700
2020-08-25,127.02964782714844,130.43150354436,126.48067038430042,128.39759409548535,2467500
2020-08-26,127.6416015625,128.1905788864383,125.82367462763936,126.42664746994386,2379900
2020-08-27,129.0275421142578,129.90050631609694,127.14662490919403,127.91159806992472,3010300
2020-08-28,129.2615509033203,131.2594677106718,128.41558439703064,129.8465207305219,3698700
2020-08-31,128.07357788085938,129.23453644090011,128.03758544649696,129.14453475650055,2886500
2020-09-01,131.43943786621094,131.50242805822012,126.8136342627106,127.49760036111952,2673900
2020-09-02,134.3373565673828,134.58934487565793,131.7544558090636,132.17743912631101,4515500
2020-09-03,132.0784454345703,136.0742797363992,130.76450833350634,133.72537788234212,4479100
2020-09-04,133.35635375976562,135.69626029813764,131.43043575627337,133.8243378139059,5129400
2020-09-08,133.662353515625,135.67825950785297,131.14245729301038,132.29440749780628,4775200
2020-09-09,137.41519165039062,139.92607943601604,134.28332792522087,134.8143021772868,5345100
2020-09-10,134.86827087402344,137.91914071309841,133.8693127639373,136.80318317902527,4387000
2020-09-11,138.44119262695312,138.95416396145686,135.2103314904512,135.42631363873323,3237100
2020-09-14,138.15316772460938,139.3141264455403,136.9832280592545,138.59415406755437,2569300
2020-09-15,133.73434448242188,139.0171164667328,133.5183486817345,138.77412290750064,4092400
2020-09-16,135.99327087402344,136.776233491672,133.52736982364223,134.9943124128749,3302000
2020-09-17,138.4771728515625,140.6190871818631,134.22935036738616,134.85933486382712,4487000
2020-09-18,137.14520263671875,140.58306391798416,136.84821354181915,138.30614752375382,5113500
2020-09-21,130.79148864746094,134.54432881330342,129.47753798939956,133.69836227442804,4278200
2020-09-22,132.42941284179688,132.74440505859727,130.04451885401562,130.50349456515522,2579500
2020-09-23,129.93653869628906,134.01336610849205,129.23456932281917,132.72641310224225,2420100
2020-09-24,130.62049865722656,132.69041423389135,128.45158670025904,129.61254549947614,2138800
2020-09-25,131.31344604492188,132.02440991409344,128.70354825736072,129.4955191352867,1848900
2020-09-28,132.90638732910156,135.27329188603707,132.66340746584783,133.1943817731028,2212700
2020-09-29,132.66343688964844,134.06737578471072,131.58348494978006,133.52739294860953,1605600
2020-09-30,134.2293243408203,135.84925865752268,132.960388380706,133.19437355276798,3642800
2020-10-01,132.033447265625,135.2733026238281,131.07947589339432,134.9223179500478,2157400
2020-10-02,134.9403076171875,136.11925566744836,129.3695405103848,129.83752460632712,3220500
2020-10-05,138.13514709472656,138.99910276682928,136.4522091241126,136.94719088017555,2597700
2020-10-06,136.37123107910156,139.89908022074582,136.14624059507582,138.59413815986233,2559800
2020-10-07,139.28712463378906,140.44806958863975,137.87417768148785,137.9461762904265,2334200
2020-10-08,140.988037109375,141.0510273027076,138.8101309197149,140.16906846974786,1842900
2020-10-09,143.0399627685547,143.44494292291358,141.65401359562642,142.0769968350745,4084200
2020-10-12,146.3428192138672,146.8737934902874,143.56193997058494,143.9669201181541,4279800
2020-10-13,145.90182495117188,146.85578240799774,145.00186301343737,145.54184566900983,3319000
2020-10-14,147.2427978515625,148.33175802089403,146.24383938401536,146.38783661393768,4087100
2020-10-15,148.52972412109375,149.19570095228033,144.12891044051162,144.23691521972026,2958500
2020-10-16,151.86865234375,153.45258119640528,149.9517280709302,150.51870876736112,5569000
2020-10-19,150.77066040039062,153.0115711348288,150.11369186500895,151.85962066224198,2757700
2020-10-20,152.08456420898438,154.12746780494547,151.11260372326498,151.37358662823817,3007100
2020-10-21,150.65362548828125,153.46151612053887,150.05966103567852,152.82253709147597,2502000
2020-10-22,152.68759155273438,152.85858656948116,150.19469239074232,151.17564790200868,2356800
2020-10-23,152.65133666992188,154.51658008700971,151.71871496137797,153.35759361782488,2857300
2020-10-26,147.77090454101562,150.88568568008094,145.62497115392335,150.88568568008094,4506600
2020-10-27,142.98106384277344,146.5485752578249,142.16614228299318,145.742717132309,4857900
2020-10-28,136.86920166015625,140.73550209175252,136.28970838546718,139.2596131452749,5645100
2020-10-29,140.0473175048828,140.8078996166574,135.48381101802985,136.3621072005096,3867200
2020-10-30,142.2023468017578,142.41964813174494,138.571447162858,139.4044816485042,4373500
2020-11-02,147.8342742919922,148.3594420970895,142.7455860228384,144.14905004140118,4072400
2020-11-03,151.83642578125,153.02257489081626,147.6532095160723,149.40073879872594,4843600
2020-11-04,140.5543975830078,147.02843776333722,140.5543975830078,144.13095789219813,9081700
2020-11-05,147.67127990722656,149.36449734459856,142.70031968408273,142.76369461888828,4821600
2020-11-06,146.04148864746094,149.88968972990884,145.56159644129946,148.44096349447742,2983000
2020-11-09,154.67050170898438,159.69578773878723,154.0366694023364,157.5770171495097,5969600
2020-11-10,156.01060485839844,158.4462920349581,154.62525354810847,155.64841293061096,3499100
2020-11-11,153.43907165527344,156.40897574937352,151.63720346595156,156.08300999191343,2345500
2020-11-12,153.14027404785156,154.92402925451705,151.80018487681912,152.86863360419866,2185500
2020-11-13,155.47634887695312,155.93812792750248,153.1945886526382,154.19964855247406,2120200
2020-11-16,156.81646728515625,158.45534608261718,155.5850423286658,158.45534608261718,3902400
2020-11-17,155.657470703125,156.17357518416512,154.10008001079996,155.89288508546852,2110800
2020-11-18,156.40899658203125,158.79940784972354,155.77516421306524,155.77516421306524,3165100
2020-11-19,156.55384826660156,156.87076442829314,154.5709047547671,156.19167020998884,2012100
2020-11-20,155.94717407226562,156.75303189717832,155.11415358711363,156.14637612482431,2449800
2020-11-23,158.25611877441406,158.9080503426549,156.8617180300258,157.33254675003832,2403500
2020-11-24,160.17568969726562,161.46145362046752,158.6998009395751,159.58714688064282,3447000
2020-11-25,158.12030029296875,159.7953910547408,156.44519571498964,159.7772918234748,2506400
2020-11-27,158.52777099609375,159.2883532767541,157.4412229071206,157.92111509488547,976900
2020-11-30,157.17861938476562,158.3466691938727,156.12828366301858,157.19673243271504,2382600
2020-12-01,156.87982177734375,159.87690268081366,156.59008208101247,158.8084538735852,2710200
2020-12-02,157.43215942382812,157.93016466084194,155.99248286099512,156.87982885481435,1971000
2020-12-03,158.12030029296875,158.52775405576696,156.897925188367,157.4321426510626,2903900
2020-12-04,164.98373413085938,166.43246062452943,159.01674724142234,159.28838777655156,6086200
2020-12-07,161.81460571289062,163.3357704055166,159.8678603115729,163.3357704055166,4587400
2020-12-08,161.9322967529297,163.65267727554902,160.7189849150946,160.86386168217584,2001600
2020-12-09,163.04600524902344,163.4172329307075,160.26623954713253,162.63853765483586,2915500
2020-12-10,161.94134521484375,162.55705069370475,160.3930042692483,162.2944736668276,3109400
2020-12-11,162.33975219726562,162.7834321198177,159.56904962607663,160.25720736850099,2673400
2020-12-14,161.2169952392578,165.9978181736879,160.97251741414223,163.52591870350412,2533600
2020-12-15,164.55812072753906,165.48167894355822,162.09527118573934,162.91922836086925,2360300
2020-12-16,162.52992248535156,164.13258909928925,161.4976995748618,163.75229790239416,2031800
2020-12-17,162.23104858398438,163.6435620756711,161.69683121760113,163.58923675925308,2296500
2020-12-18,163.8518829345703,164.15973570914676,160.69182573800353,163.04602489746767,5262700
2020-12-21,163.1274871826172,163.78846834528875,159.65052814255532,160.21190826842374,2071000
2020-12-22,159.88592529296875,163.12746963192706,159.795373881542,162.33971103788997,2493300
2020-12-23,161.55201721191406,162.33976223819226,160.2753165156487,160.6737207456501,1862500
2020-12-24,162.58424377441406,162.84683466662466,161.48864593317893,162.4846427146463,585700
2020-12-28,161.5067596435547,163.9967725447042,161.45243429994164,163.41727918581242,1508800
2020-12-29,159.94932556152344,162.42123855968984,158.55492479165667,162.23108609205866,1490300
2020-12-30,163.01881408691406,165.0017712861965,161.79645286306223,162.77435013186752,2720600
2020-12-31,164.81167602539062,164.88411441431344,161.8508207781412,163.20900948397176,1717800
2021-01-04,164.92935180664062,168.39726144474403,163.20898522808434,165.6989974853783,4078300
2021-01-05,166.2784881591797,168.23428289097865,164.07822944806165,164.07822944806165,2933700
2021-01-06,175.53224182128906,178.6289092293651,168.55114846174416,169.45660725297824,8034700
2021-01-07,175.8673095703125,178.71045046954075,174.0292287815616,178.23962170543535,5297500
2021-01-08,175.8944549560547,176.79991392820486,173.23241718354748,175.5232272777908,3186600
2021-01-11,175.53224182128906,176.9809814137455,172.31786034916712,173.44968383820972,2540800
2021-01-12,178.86436462402344,179.28088184278965,175.0342769259202,176.27475133364592,2466100
2021-01-13,177.37037658691406,181.24574029940962,177.2888885865422,179.99620236220562,3154700
2021-01-14,178.73757934570312,179.19937222193943,176.89044928937662,177.56049384175907,2486600
2021-01-15,176.22044372558594,177.20740463429044,172.8340355703803,177.1621289165355,3317100
2021-01-19,176.6482391357422,178.5143085672157,176.08387220231037,176.8575988223837,2361200
2021-01-20,175.0825958251953,176.50262508192748,173.3348664407774,175.37389100079088,2501100
2021-01-21,174.94602966308594,176.33875149266686,172.99803865447683,175.0916772257167,1951200
2021-01-22,174.7184600830078,175.51950778559635,172.32442862895454,173.72626210848446,2027000
2021-01-25,170.53118896484375,174.19960199353218,170.19439111879612,173.46228028206767,3837100
2021-01-26,170.41287231445312,172.41547786750988,170.06696279438899,170.76787959935993,2506000
2021-01-27,164.42324829101562,168.90180699475187,163.24898383026434,167.6729281664711,4095300
2021-01-28,167.80035400390625,170.77696182322867,165.04221752838268,165.90697736013115,3445400
2021-01-29,166.43496704101562,171.87843100595214,164.5142828960028,167.0357529191072,4541400
2021-02-01,168.14625549316406,170.03963204686437,165.68851202364417,169.2750032145187,2738200
2021-02-02,175.2282257080078,175.4831020160421,168.98372838173375,169.76656672490108,5265400
2021-02-03,174.2724609375,174.34528473587892,172.09690031116185,173.78091766059134,2979000
2021-02-04,174.4544677734375,175.3283392352706,173.13456976177707,174.77307007164185,2253800
2021-02-05,175.68338012695312,176.89404964640767,172.96164814955821,175.2464512572093,2240000
2021-02-08,179.7340850830078,179.81600663125596,177.2035176236435,177.50391052360328,2725700
2021-02-09,179.57931518554688,180.83550097904651,177.4037552892439,179.81598203357254,2331600
2021-02-10,179.9798583984375,181.79131351001212,178.6508486877342,180.6898729087657,2816400
2021-02-11,180.5533447265625,180.6170568572849,176.94864376701113,179.86152571478576,2178200
2021-02-12,180.22564697265625,180.92654986826045,179.10599689111658,180.2165353183517,1804200
2021-02-16,184.22177124023438,186.77053444918093,181.36350345044337,181.82773948713339,3722700
2021-02-17,184.14895629882812,184.6951139171104,181.8641531764008,184.2308778581127,2290400
2021-02-18,181.9824676513672,184.6768920760761,180.7627005322866,183.4662227212693,2345800
2021-02-19,191.07614135742188,192.48707269492425,184.51304175277198,185.0136966002363,4937300
2021-02-22,198.494873046875,199.2321947214666,190.5572615883269,190.8212495272028,4578300
2021-02-23,200.42466735839844,200.93443385114998,194.14376524430742,199.83299320624374,4125100
2021-02-24,202.50921630859375,206.33237487298476,200.15160348101963,200.63404892018445,4925000
2021-02-25,201.9175262451172,204.26602723338047,200.00594016847555,203.556012722563,4313000
2021-02-26,196.510498046875,202.4454909103054,196.4558836784565,200.94354021992785,4461300
2021-03-01,200.04232788085938,202.60931388321953,199.2594896556412,199.6327062967869,2871200
2021-03-02,196.45587158203125,199.66003470950827,195.71853598462994,199.06836056844958,2854300
2021-03-03,195.62753295898438,198.03066244951353,192.9877226805546,193.1060630745049,2664000
2021-03-04,193.67950439453125,197.22957663143143,189.76531328095228,195.23606918697405,3568400
2021-03-05,200.40647888183594,200.9708458708108,192.52348100684162,195.10866295018624,3602300
2021-03-08,201.69908142089844,204.17503477023473,198.63145386465402,201.14381216484026,3048700
2021-03-09,197.3479461669922,202.3817740546222,196.74716034897315,201.51701416550105,2902400
2021-03-10,201.22576904296875,202.12694799401754,197.70300258929512,198.19454590549964,2435800
2021-03-11,200.04232788085938,203.53779965957477,199.4870587456498,202.99162828766816,2960000
2021-03-12,208.45327758789062,208.47148700343755,198.54946676695386,199.35051437444562,4756500
2021-03-15,210.0371856689453,211.0020764495758,205.5677251234734,208.33495932244605,4215300
2021-03-16,206.14120483398438,210.46501784260363,204.60283545698422,207.28814812649932,3539200
2021-03-17,212.66787719726562,213.27776071110247,206.7510806690303,207.66135705798956,3518500
2021-03-18,209.9825897216797,216.4455588390377,209.12694142456638,213.0047145611504,4336200
2021-03-19,205.07618713378906,209.04499324022046,203.94745316012433,208.22574994386915,7485100
2021-03-22,205.74073791503906,206.79664830155653,203.51056283985722,206.28689558605436,2211600
2021-03-23,198.66787719726562,205.03071592773128,197.2114290135858,202.13602898234046,4017600
2021-03-24,201.38043212890625,206.7328614878942,200.72503204863366,200.72503204863366,4258000
2021-03-25,204.1294708251953,204.78487090624603,196.6560959044684,199.55987967390135,2901800
2021-03-26,208.90846252441406,209.21795320943656,205.00338234294972,206.04109702604438,3040100
2021-03-29,209.5638885498047,211.0476439133097,207.2790991904869,207.63410652344416,3003200
2021-03-30,212.167236328125,213.66008914839284,210.40129779530602,210.45591215987298,3139100
2021-03-31,211.06582641601562,215.74464748730458,208.3168011416769,213.32332233775227,4512300
2021-04-01,211.85775756835938,213.91497745765398,207.16982526045712,210.54695718626414,3787100
2021-04-05,212.74070739746094,214.51574363157405,211.5209264432485,213.91495786319243,2323400
2021-04-06,209.94615173339844,215.44421516677903,209.57293506983507,211.63926642034988,2614500
2021-04-07,209.73680114746094,213.17764503318764,208.77191032835572,211.1477324294257,2449600
2021-04-08,209.800537109375,210.31940141427867,206.78752392603297,209.48194864804145,2158900
2021-04-09,210.04632568359375,211.3662239771179,207.124331682868,210.54698059209426,2482900
2021-04-12,210.2101593017578,210.54697107391482,208.38960618203475,209.6366945140533,1688200
2021-04-13,208.7719268798828,212.54956890845008,207.58856461765245,212.46764735460857,2286400
2021-04-14,211.71212768554688,213.20498071440565,208.9539907718,208.99950737853777,2491000
2021-04-15,211.65753173828125,212.49498459422793,210.03724040334018,212.2309965859994,1860200
2021-04-16,212.4220733642578,214.77058783461604,211.42987555208526,213.56901647734327,2128400
2021-04-19,211.53916931152344,212.18547178087042,209.2816873308978,212.00340535701966,1712600
2021-04-20,207.2062530517578,210.54696628367756,205.35839278845776,210.18284733418636,2815800
2021-04-21,211.60289001464844,211.73942593938375,205.74070689090658,206.9240691675773,1977700
2021-04-22,208.3531951904297,212.48584454090914,208.2439664511229,212.32200143194893,2410700
2021-04-23,210.41055297851562,211.81870924316704,208.37146457328916,209.72475960006483,3458300
2021-04-26,210.8220672607422,212.91603126402728,210.27344082266882,210.83122010383815,1864800
2021-04-27,210.62086486816406,211.0963521970785,208.5543457868282,210.57514251783533,1959300
2021-04-28,212.41307067871094,213.71150446029213,209.74305014795917,210.35569055495512,2965300
2021-04-29,207.9965362548828,215.0647752664665,204.09208250845802,214.8818998443331,5442400
2021-04-30,208.58180236816406,208.83783081886926,205.62832234234799,206.213532222889,3953500
2021-05-03,208.63662719726562,211.16034175049475,207.7588195059258,210.30996467747795,3182900
2021-05-04,213.4280548095703,213.96754227268286,206.05806391924497,207.56680382862825,4040700
2021-05-05,217.51539611816406,218.84126064688897,212.00161796889526,214.53447169844105,3690600
2021-05-06,216.7747344970703,220.34999358438802,215.79632918871673,217.62511163946857,4527000
2021-05-07,220.359130859375,221.18207732307664,213.19944639616406,215.467132568199,3327900
2021-05-10,221.84042358398438,224.73904167388218,221.822131855428,222.6542310984825,3752900
2021-05-11,218.8138427734375,222.18794893202718,216.29011383400243,218.338355386623,3163100
2021-05-12,217.0033416748047,222.40738344625026,216.19867289692297,220.6151843805181,3668500
2021-05-13,219.5178985595703,220.3591367757744,214.48874704025084,215.8328892463851,2228100
2021-05-14,221.49301147460938,222.51713926816674,219.52707566490892,221.28270537207274,2041600
2021-05-17,223.83380126953125,224.43730277120036,220.47798745631283,221.95931059245532,1998400
2021-05-18,218.96926879882812,224.5196163054323,218.91440755747004,223.83382288345055,2436200
2021-05-19,216.5918426513672,216.7838709456353,212.08390065822056,215.88777146155695,3143100
2021-05-20,214.872802734375,217.25936443136166,212.6782553845867,217.14962799474526,3339200
2021-05-21,216.93019104003906,218.9052655895549,214.89108845158677,216.3449811823115,2479100
2021-05-24,218.58523559570312,219.188737181708,215.99750663071575,217.34166291204318,2372700
2021-05-25,216.8661651611328,221.1820928593765,216.4729836315802,219.00583727905368,2265700
2021-05-26,217.3599395751953,218.99669369376366,216.36324255740527,217.08561942307423,2070000
2021-05-27,220.6243133544922,222.53538766356618,218.47548839763675,220.82548053992133,3594700
2021-05-28,220.44142150878906,221.52039637540395,218.34745794866095,221.2003678423834,2290700
2021-06-01,221.97760009765625,223.96182730419142,221.10893125829787,223.1205890843126,2476000
2021-06-02,222.61770629882812,224.1173074340737,220.0939774462781,222.26109425912043,2348500
2021-06-03,222.9651336669922,225.34255622732576,220.24939084747712,221.67583880267662,1923200
2021-06-04,223.12974548339844,225.5711683235223,221.57528322726185,224.13556743619154,1837900
2021-06-07,219.23443603515625,223.41321064875453,218.19203059222957,223.1571822208429,2330700
2021-06-08,219.60020446777344,220.56031806429974,215.8511947870528,218.9052581928576,2212300
2021-06-09,214.5618896484375,218.7132335127302,214.37901419881064,218.53949695220882,2919600
2021-06-10,206.405517578125,216.39066760990852,206.2683644818445,215.92433313005264,6281800
2021-06-11,201.8061065673828,208.40801121581626,201.19346622414875,206.92670214568315,8734900
2021-06-14,200.26083374023438,202.96743812936526,197.14277000879977,201.23010023906437,7213300
2021-06-15,200.67230224609375,201.87929139497186,197.74623919517165,201.0654837714661,5055900
2021-06-16,198.5691680908203,200.60825627002527,198.1485420595603,200.26078319865834,4156900
2021-06-17,191.5192413330078,199.58417872091988,190.08365434971347,198.3954673252125,7995300
2021-06-18,190.9797821044922,193.6772338556069,187.90742654306018,188.52920597748445,7156400
2021-06-21,194.95733642578125,196.80439643851,193.30227678194828,193.4394438211616,5633900
2021-06-22,194.8842010498047,196.43866330033316,193.10112704662242,195.21338244012267,3776400
2021-06-23,195.48765563964844,198.2125510032869,194.38125028708055,195.31393306096015,3283400
2021-06-24,200.5625457763672,202.9308154387711,196.89584239226883,198.00224783883536,6827600
2021-06-25,197.79196166992188,202.7662521165918,196.84100094453038,202.24504242635126,11274200
2021-06-28,197.75540161132812,198.22173613080153,195.27739515882425,197.91998534084698,3172000
2021-06-29,196.68556213378906,199.97736224015813,196.219213669822,199.37386067061436,3443400
2021-06-30,198.9989471435547,199.2915450514079,195.73456409491735,196.24662089803658,3249500
2021-07-01,198.15769958496094,200.97401186867825,197.64562885360246,200.39795496871372,2426300
2021-07-02,199.1178436279297,199.67562287668474,197.12447729951248,199.02641286981648,2433600
2021-07-06,195.24081420898438,198.9349485420696,193.247434124632,198.7977954421726,4348100
2021-07-07,196.31063842773438,196.64895868878168,193.0828387811159,194.48185612585414,2707700
2021-07-08,193.95155334472656,195.58830775198268,191.95817291006023,192.02218700293025,3723800
2021-07-09,198.80691528320312,199.87675121740392,196.04545019900456,197.4170368765699,3163800
2021-07-12,199.8676300048828,200.20595028380203,196.4569547384063,197.52679076722055,2509000
2021-07-13,196.76783752441406,200.29738798830516,196.3197808295347,200.21509613184833,2373300
2021-07-14,193.5217742919922,197.17933949422414,193.1377316200583,196.83186633521083,3185200
2021-07-15,193.3114776611328,195.12196861815042,192.13190501227697,192.27821097612812,2737500
2021-07-16,190.1476593017578,194.49101777705584,189.28812928687725,194.2715728047482,4368800
2021-07-19,186.6910858154297,187.30701394487104,183.15178202687,185.9464564951704,5391100
2021-07-20,191.17724609375,191.7931741601645,185.9832032209017,186.6542869309688,3934300
2021-07-21,193.72373962402344,193.93518834669936,190.82795539874974,191.87595496886,3407300
2021-07-22,192.2803955078125,194.3212384284036,191.7104211426164,193.97190065883592,1931500
2021-07-23,192.62060546875,193.39281280964943,191.08537872170658,192.59302763710224,2302600
2021-07-26,193.99949645996094,194.9555744355852,192.59297134748925,192.90552936639915,2157600
2021-07-27,192.96070861816406,194.02709801858816,190.29474914448278,190.78197612396676,2472000
2021-07-28,194.37646484375,195.5255878963853,191.30601141367987,193.05267284273313,3246900
2021-07-29,195.4060516357422,197.19868058161293,192.76766990585494,196.7298434811173,3419700
2021-07-30,190.06494140625,191.82999262502003,186.75546160394364,191.12212893975834,5834900
2021-08-02,188.60324096679688,193.88000418573236,188.41018215341643,191.21404474969296,3977100
2021-08-03,191.67367553710938,192.3999149462351,187.0128269096126,188.74111202192142,3580500
2021-08-04,188.014892578125,192.67572767317915,187.87698941645237,191.41629348869998,2948700
2021-08-05,190.4694366455078,190.90150801321457,188.18037859280903,188.6859955153787,2685800
2021-08-06,191.53582763671875,193.4111902044485,190.89230753351836,192.14255392113168,2677100
2021-08-09,192.03221130371094,192.9423216230685,189.48575121794505,190.561328489525,2747200
2021-08-10,196.79417419433594,197.55717936317316,192.09655978857924,193.05262375321576,4193600
2021-08-11,203.7716827392578,204.60824763352525,197.25386057685517,198.32023603926345,7794100
2021-08-12,202.46624755859375,205.70216723381253,200.83908576114743,204.3048440216226,4444500
2021-08-13,200.93104553222656,202.7512523234247,200.15882426341508,202.1353241169935,2049400
2021-08-16,200.14044189453125,200.4070322332535,197.04239704111504,199.81868187403083,3132500
2021-08-17,196.21505737304688,198.9269849115998,193.585863325876,198.77070586319567,4022800
2021-08-18,192.8779754638672,196.31615618041656,192.79524198284392,195.35089015300824,2947700
2021-08-19,187.95054626464844,192.0965908318328,186.8106252796038,191.37033727454173,4788100
2021-08-20,188.40097045898438,190.5337349333532,187.15991231026783,188.84222965585775,2765500
2021-08-23,192.26206970214844,192.8228422956649,189.21919419683374,190.52459626115163,2827400
2021-08-24,195.43359375,196.05872379713716,192.62054360632484,192.82279032504186,2485900
2021-08-25,197.42849731445312,198.292639958454,195.0291281969655,195.96681638804932,2599800
2021-08-26,194.19259643554688,197.19869206311589,193.4939206834869,197.19869206311589,2513900
2021-08-27,195.65428161621094,196.75743689897197,195.0935090269285,195.13027479115567,2511400
2021-08-30,194.38563537597656,196.4908364752701,193.78809705305312,196.0127974005035,1922100
2021-08-31,193.85243225097656,195.16703614282278,193.43875081244954,194.22934792875014,2857900
2021-09-01,191.17724609375,193.9627183172166,189.93618800206136,193.85239300253508,4122900
2021-09-02,194.68898010253906,195.76455735981907,192.0597865756175,192.0597865756175,2921600
2021-09-03,193.39276123046875,195.62666318980814,193.0526253792756,194.10981271683013,2512000
2021-09-07,191.42547607421875,193.36519599757665,191.0761522679736,193.08940370931478,2641100
2021-09-08,190.0832977294922,191.32434191563107,188.24470128124702,190.4050436915085,2603100
2021-09-09,188.84226989746094,191.35195052541442,188.36423081634314,189.83511382253022,2777900
2021-09-10,188.46534729003906,191.10374305964825,188.29069238875616,190.38669147794553,2551200
2021-09-13,189.5592803955078,191.08531872868173,187.4724696159207,190.44181281330023,2699100
2021-09-14,186.0016326904297,189.4673913202999,185.36731459869603,189.41222163753145,3757600
2021-09-15,189.1272430419922,189.91784017331972,185.5787508982261,185.85454320494586,3342700
2021-09-16,187.1691436767578,189.7339798190705,186.45209210891215,188.86983715336441,3120100
2021-09-17,183.62982177734375,186.86575548051016,183.3540295023653,186.27740517333245,6351100
2021-09-20,175.42050170898438,178.3346755265554,173.26933310748157,177.47972084563207,9151100
2021-09-21,174.51959228515625,177.1579880412229,171.89039848994844,176.50528005231584,5699900
2021-09-22,175.90777587890625,178.80356058069998,175.73310691724834,176.50531430074238,3924400
2021-09-23,180.75241088867188,181.65333324079896,177.2866667112353,177.34182235985992,3367800
2021-09-24,180.936279296875,181.82798564982633,179.19879222452903,179.8606880537911,2199500
2021-09-27,183.85968017578125,185.6890890433872,181.65336962462402,181.65336962462402,3033100
2021-09-28,184.36524963378906,185.5971058072333,182.71051013277165,184.04348966537185,3247500
2021-09-29,181.90151977539062,184.92601853297577,181.7452407737569,184.3008884990643,2954700
2021-09-30,176.4777069091797,182.82085996848997,176.16514883402778,182.5910353789877,4978100
2021-10-01,178.64724731445312,180.06296057981677,175.8066188228432,177.33264339976316,3695500
2021-10-04,177.5441131591797,180.09976171391023,176.88221715663553,179.02418421662128,2864600
2021-10-05,176.96493530273438,178.71159658567956,175.33777326864808,177.20394782783197,3074600
2021-10-06,176.3765869140625,176.8638139309687,172.64423775328825,174.66669137425095,3777700
2021-10-07,179.95265197753906,180.54100236032957,177.98535407001646,178.09566538323352,3510500
2021-10-08,179.41024780273438,180.71564961965066,179.0241442253967,179.99859811496958,2713200
2021-10-11,177.3234100341797,181.25800478190396,177.1303512610404,180.49498567524762,2015200
2021-10-12,174.59310913085938,177.95774384525933,174.28055111539106,176.79943318520657,4706700
2021-10-13,173.69224548339844,175.81582258633483,172.57070029033045,175.12634877227077,3253200
2021-10-14,178.64724731445312,179.0793186545545,177.06605305437563,177.93019573457838,5212900
2021-10-15,182.9587860107422,183.35407762096017,179.53899456924185,180.14573492794904,4736300
2021-10-18,182.1865234375,182.64617257003266,179.76877853899552,181.4510960473504,2809400
2021-10-19,184.9076690673828,185.22022713898255,182.44395622906075,182.57265743662413,2626900
2021-10-20,187.7115020751953,188.62159831748139,184.34686728994222,184.92602964585325,2936000
2021-10-21,185.8269500732422,185.9740411616963,183.62063985594372,185.33053518393243,3071300
2021-10-22,185.47569274902344,187.04714030133977,184.135352870429,185.4664540840074,2632400
2021-10-25,186.91770935058594,187.93451248681177,185.346261958984,186.05803402772352,3294700
2021-10-26,184.54208374023438,187.45385712835025,184.38494180262114,187.41688836266636,2933600
2021-10-27,181.2975311279297,185.2723292278495,181.10340632399078,185.1059486286151,3406700
2021-10-28,188.65554809570312,189.03454494505596,182.14795920934438,182.4345129864732,4462700
2021-10-29,188.58160400390625,193.88751779263407,187.86984591766816,192.26062403216167,4292200
2021-11-01,189.84800720214844,191.23456871754868,188.3967327123763,188.8404284479511,3215200
2021-11-02,191.45639038085938,192.09421087091334,187.64797297974278,190.19000217035506,3429600
2021-11-03,188.15635681152344,190.95720929449243,186.55719351742866,190.66140280284284,3137000
2021-11-04,188.19334411621094,189.3950334235065,187.28746132971546,188.5723409316743,2543500
2021-11-05,190.31021118164062,193.083334457356,189.709359342335,189.9404529486446,2591300
2021-11-08,198.0471649169922,200.0992766923598,195.27404242107164,199.5631379839022,5944700
2021-11-09,193.94296264648438,199.2673674499591,193.15725298266048,198.90684794529454,3310300
2021-11-10,191.0404052734375,194.0723513790402,190.81855039808963,193.44378372280002,3261800
2021-11-11,192.75973510742188,194.525293070869,192.158897568261,192.158897568261,4819800
2021-11-12,193.44381713867188,194.7564269753548,192.54717292339447,193.5177687765624,2018000
2021-11-15,192.00180053710938,194.75643212338912,191.1236336294673,194.11861157145248,2392600
2021-11-16,189.8942108154297,192.43624020919307,189.7370688727588,192.26985960101194,2138000
2021-11-17,187.62948608398438,189.67235943452704,185.66057847273294,189.4967260657905,3135700
2021-11-18,186.18746948242188,188.30429452436482,185.48495009341048,187.89756757631469,2119900
2021-11-19,185.2815704345703,187.57401454489099,184.5605596732208,185.72526610967049,2980100
2021-11-22,187.07489013671875,189.06228939689925,184.9580649236673,186.25219750887422,2596500
2021-11-23,189.80177307128906,190.0236279767737,186.34460817785586,187.6942008360977,3127100
2021-11-24,191.41017150878906,192.51016495381452,187.72191338953502,188.2580521157184,3880500
2021-11-26,183.70091247558594,186.21521186128572,181.74124334740327,185.79924622056456,3496000
2021-11-29,181.10337829589844,186.26138764637773,178.6630311509778,186.01180268132052,4559900
2021-11-30,178.72776794433594,181.8983648704079,177.0638914634558,179.18070230244234,6358000
2021-12-01,176.98992919921875,183.42356573239826,176.88824747302732,182.6378561253109,3425300
2021-12-02,181.90760803222656,182.67484037584475,177.30422807534958,177.7664152145293,3445700
2021-12-03,182.84121704101562,184.31096861343906,180.93700847224102,182.72104388313912,3250900
2021-12-06,186.0580291748047,187.88828605613742,183.34036689671137,184.4865959290208,2838400
2021-12-07,189.02528381347656,190.61520855390012,187.7126741519326,187.9160234979581,2818000
2021-12-08,188.74795532226562,190.60594224051906,188.21181663581766,188.95131875867105,2341200
2021-12-09,188.69252014160156,189.46899112634136,185.68830382949076,187.74041579261146,1646600
2021-12-10,188.0731964111328,190.32865779663433,186.8252854965333,189.86647065860964,3315200
2021-12-13,186.03030395507812,188.80342649850786,185.2908017891974,188.40595237093498,1868500
2021-12-14,186.39083862304688,188.5538711618016,184.68999324752178,184.87486529184704,2248800
2021-12-15,187.23199462890625,187.27821615927945,183.61768816811593,185.7992118163217,2193700
2021-12-16,190.57826232910156,192.4824712761147,189.17320933617754,189.49674600788052,2856800
2021-12-17,186.14122009277344,189.72779634725632,186.0118082745617,189.45048127827965,6079600
2021-12-20,180.67819213867188,182.61013088284326,178.4596855368285,182.61013088284326,3605100
2021-12-21,183.31265258789062,183.96896450194706,181.86139237106357,182.10172459481993,2303400
2021-12-22,186.8622283935547,188.01769607866157,185.64206185259349,185.78071233287426,3558700
2021-12-23,190.60597229003906,191.6227896323701,187.91603977018963,188.0362129392375,2669600
2021-12-27,190.77236938476562,191.2530338573174,189.62614019402906,190.3656424427355,1711200
2021-12-28,190.9942169189453,192.51019023506024,190.55052119601314,190.5874899625772,1393000
2021-12-29,191.65049743652344,192.7782350468836,190.49502972958317,190.67066307781093,1334900
2021-12-30,190.4950408935547,193.11102162795683,190.35637629769718,191.65050866821124,1465900
2021-12-31,191.1051483154297,192.02952261763386,190.11606104175164,190.60597829353324,1374500
2022-01-03,191.34547424316406,192.82447871982663,190.23622793808312,191.6505194454069,2055600
2022-01-04,201.5875244140625,202.36399534606218,192.2143707211215,192.5286545595741,5242300
2022-01-05,203.13125610351562,206.4682479511387,201.67998165591482,201.67998165591482,5378200
2022-01-06,205.20181274414062,205.86736322844305,201.56901517525404,204.73962569142114,3913200
2022-01-07,207.23545837402344,208.88084335513648,205.42367869901054,205.67326368744466,3673400
2022-01-10,204.87832641601562,208.6775054853915,203.92622198227622,207.93800319869592,3734900
2022-01-11,203.31610107421875,205.29426128445468,200.21020321933298,205.21107099218483,2944300
2022-01-12,205.58082580566406,206.77327647670518,203.42704623377512,205.32200214625684,2506900
2022-01-13,209.8329620361328,210.6464159179249,205.80268960199442,206.0337831725188,5002300
2022-01-14,211.62623596191406,212.27329509427008,206.67158958371036,207.72537562921335,3970600
2022-01-18,212.48590087890625,213.00354819371617,209.7035395093872,210.48926325104392,5411900
2022-01-19,205.8910369873047,213.4612375966364,205.21295922630122,213.32191431603226,4991700
2022-01-20,201.2188720703125,206.0860876030397,200.6708341008885,205.352294710108,3545600
2022-01-21,198.8595428466797,202.0362408897754,197.30834905849764,202.0362408897754,3754700
2022-01-24,199.08248901367188,199.67695861834662,191.95813725162802,196.13800564573037,5107300
2022-01-25,199.0638885498047,201.40461859204663,192.3668191092327,196.99253571498414,4554300
2022-01-26,199.04531860351562,203.30879496395875,197.14116775107735,199.70481515958497,3558500
2022-01-27,197.07614135742188,202.39850294352476,195.19984098047078,199.8998825031881,3678100
2022-01-28,186.849365234375,193.2027602963828,182.7995375766162,190.96420568174855,10747300
2022-01-31,187.22093200683594,187.25809432653844,180.83037365213417,185.26103775405804,6179000
2022-02-01,190.74130249023438,191.14998876146393,186.27347642491725,186.51498896390638,4026400
2022-02-02,190.36048889160156,191.15930871537122,187.07231796711628,188.74426808352635,3492300
2022-02-03,186.3199005126953,191.22427692839952,185.85547082050158,190.41617379942866,2748200
2022-02-04,184.29502868652344,186.71005503836807,182.51162003225798,185.96697872904485,3930800
2022-02-07,185.604736328125,187.19307834348763,183.9420696689939,184.69444369451017,2402000
2022-02-08,187.16522216796875,187.9175962275703,185.05670676361447,186.01343108301813,2407100
2022-02-09,189.11581420898438,189.5802439941997,187.71322718673989,188.22410278513118,2743700
2022-02-10,188.62353515625,192.04173185108107,187.22094801959864,188.15910533315187,3538500
2022-02-11,186.9236602783203,190.09105988305203,185.89262583519547,188.9485668536225,3826700
2022-02-14,185.66976928710938,187.35100311641787,184.01640011560244,186.65435832482984,2730500
2022-02-15,188.9392852783203,189.9052927737166,185.78115495939946,186.4220701836878,2752600
2022-02-16,189.15293884277344,190.80630753875502,188.5584693585247,188.66064446550197,2253900
2022-02-17,180.88612365722656,187.4067078463032,180.6074629424937,186.70077965248294,4699600
2022-02-18,178.2946014404297,181.70351454916835,177.57937556364644,179.6042969078025,4385200
2022-02-22,177.6072540283203,181.03473411771256,176.99420327804606,178.29460107565237,3488000
2022-02-23,173.3902130126953,178.63827805028052,173.111552308999,178.0809566428879,3550400
2022-02-24,171.55108642578125,172.0898267091268,166.88820713930795,169.08031642145363,5919500
2022-02-25,173.75244140625,174.5605445688489,171.02159243478746,171.78326396485033,3594600
2022-02-28,174.23548889160156,175.34083410503942,170.60364438266953,171.22597862610237,5168500
2022-03-01,169.8234100341797,174.82996293723156,167.78920515063734,174.41197893301938,5110600
2022-03-02,178.90762329101562,179.79003695388434,171.83900214919103,172.02477120875224,5849900
2022-03-03,180.98826599121094,182.59518884002603,178.6568197460405,179.56711219413842,4429700
2022-03-04,181.74069213867188,182.06578452941235,176.7712870788715,177.5050941782392,4334700
2022-03-07,182.7067108154297,189.0229599786082,179.8458210717172,180.93258528333192,6912300
2022-03-08,195.06051635742188,199.60263924281378,188.5584991455078,189.36660246354128,9318600
2022-03-09,194.85617065429688,198.40442121869765,192.69192603107865,197.44769694050015,4798300
2022-03-10,196.72314453125,202.04551959694146,193.36996121598054,194.4938874315798,4886300
2022-03-11,199.546875,202.27772401864104,197.1968617529698,197.1968617529698,4045500
2022-03-14,200.11346435546875,202.9371905957748,197.7820182726927,200.91228397826407,3530700
2022-03-15,201.06094360351562,201.9154926852135,195.53421796509542,200.74512058612598,4364200
2022-03-16,200.70797729492188,203.87539182560744,197.21547041917174,202.02695618161377,4378700
2022-03-17,205.9281463623047,206.00245682239245,199.09173994021094,200.0020324463329,3600400
2022-03-18,205.1943817138672,205.92817457620436,202.4913968225857,203.86610508937855,4105100
2022-03-21,207.79519653320312,210.89758433268972,205.26869717571364,205.27798066974563,2902200
2022-03-22,206.8662872314453,209.78290523720972,205.5937401908853,208.49179121304294,2461500
2022-03-23,206.36474609375,208.78907033959237,205.91889743166215,205.91889743166215,2001700
2022-03-24,206.40187072753906,208.99338243347498,205.7516577546849,206.70838188262982,2110900
2022-03-25,207.47003173828125,207.8787321333118,205.4079627802775,206.29037635685566,1581100
2022-03-28,206.06748962402344,206.83843055105962,203.45738247433414,206.52262171669884,3072500
2022-03-29,205.31512451171875,205.6773791971933,201.1352562147326,205.0922072734409,3667800
2022-03-30,207.20997619628906,209.81078559624444,204.99928608033633,206.20680624888035,2507400
2022-03-31,206.96847534179688,209.1698677654946,206.60620653964833,207.3307299706746,3152100
2022-04-01,204.135498046875,209.47644126455967,202.64931687351398,208.38967712801497,2618300
2022-04-04,205.10147094726562,205.60306303146544,201.19098025545347,203.5688583891175,2181300
2022-04-05,200.65225219726562,206.55050207795426,199.83485122426032,204.34910938952342,3582100
2022-04-06,200.8287353515625,201.68328446149133,198.35796547549973,199.8162676410859,2783300
2022-04-07,200.54075622558594,200.9215920142803,198.36722844220546,200.1320699596015,2253600
2022-04-08,201.5903778076172,202.37991405841333,198.80379928471973,200.43858691577526,2450200
2022-04-11,200.6800994873047,203.1973008163162,200.4014388003209,201.59037783639852,2494700
2022-04-12,201.2838897705078,203.86611854639372,199.6862499874494,200.12281517080106,2508200
2022-04-13,202.74217224121094,204.0518533981657,201.00519529377004,201.49748970755357,1898900
2022-04-14,211.60348510742188,212.91318043297417,203.0579803530707,204.2655005644323,5337900
2022-04-18,213.56338500976562,217.70610481911368,211.77997638312144,211.77997638312144,3644000
2022-04-19,215.64404296875,216.3685523055222,211.38058090852763,213.86991777368908,2689400
2022-04-20,218.35630798339844,219.55453058459514,216.03415907363788,216.93515398448673,2907700
2022-04-21,216.02484130859375,220.97564952629085,215.1702781728966,220.36261308305754,3571400
2022-04-22,201.87582397460938,214.46622090272334,201.2225070133873,213.16891499356743,5053700
2022-04-25,202.2491455078125,202.52914256236826,195.5946262219505,200.9518395882378,4145500
2022-04-26,196.2759246826172,203.64909912160132,195.38927928672527,201.71714666876233,4176700
2022-04-27,199.69187927246094,201.17584518565292,193.47600431678916,197.03192854853842,3358300
2022-04-28,198.27325439453125,198.758581725613,188.52945268037246,193.5973415280134,6092800
2022-04-29,196.4999542236328,202.72517211579634,196.14530453185392,198.51591619885022,3404000
2022-05-02,197.9279022216797,198.5812191582672,193.81198415931655,195.9959354507268,2639500
2022-05-03,199.37454223632812,200.99851380555307,196.73326177339686,197.76924093559788,2121100
2022-05-04,207.7463836669922,208.399700693668,199.5705572162143,200.61586445889554,3023700
2022-05-05,201.53050231933594,208.2690311115787,199.51455473127348,207.56904555206242,3005600
2022-05-06,200.3358612060547,202.53848300044245,196.32262206244982,202.53848300044245,2268400
2022-05-09,192.53335571289062,197.90925393969692,191.74004728792283,197.89058367050865,2929900
2022-05-10,189.45343017578125,195.5479699772648,187.96012195168038,194.35332909448118,3040400
2022-05-11,191.52537536621094,195.72528843550722,190.0133969772199,191.85202672685563,2552400
2022-05-12,189.4907684326172,191.64672181432027,186.0095106829677,190.03209234198857,3282000
2022-05-13,190.7040557861328,192.69201920979327,189.38807959747754,191.46936587857428,2323800
2022-05-16,193.3733367919922,195.25863512635715,190.09739542149418,191.34804704916237,2540800
2022-05-17,198.87986755371094,199.5145284495156,195.19328027413584,198.60921277249773,2275900
2022-05-18,194.0733184814453,203.36911809209755,193.68132830424832,199.57986547128507,4723300
2022-05-19,192.97203063964844,195.32398631094395,188.258805523547,192.13205359195058,2887700
2022-05-20,184.62818908691406,192.85068344987005,181.10024893558702,192.68267951826306,5404500
2022-05-23,190.5360565185547,191.7867081617281,185.87882855015215,186.5974701108374,3246600
2022-05-24,191.93603515625,191.98270370857168,187.86678519142413,188.5387724693765,2467800
2022-05-25,195.35195922851562,196.07994303965125,191.1613883077142,191.32937799894148,3080200
2022-05-26,198.7865753173828,199.39322378598186,196.36928097465466,197.44260073457073,2016000
2022-05-27,202.65980529785156,203.11713429351627,199.8785335117732,200.66251386899125,2020400
2022-05-31,201.45584106445312,203.54645539793506,199.25321936221889,200.4665162202252,3773500
2022-06-01,203.06117248535156,204.39580492371377,200.0092311366135,203.89182153388492,2314000
2022-06-02,205.3291015625,206.11308198693123,202.76248779296876,204.94643936441705,1784100
2022-06-03,208.0356903076172,209.15567852970412,203.69578579137666,203.69578579137666,2222500
2022-06-06,208.71701049804688,209.77164561440156,207.42903264478758,208.03568103701602,1565400
2022-06-07,211.95562744140625,212.1142891216982,206.86905445215635,207.19572006767888,1799000
2022-06-08,214.47555541992188,216.85550891681137,209.64098159880515,210.26630025636197,4171300
2022-06-09,208.75436401367188,212.9916180225709,208.70769546020517,212.26361991922502,3045700
2022-06-10,200.8305206298828,205.53443165557383,200.67185894228413,204.8624443661894,2604100
2022-06-13,193.08401489257812,195.87461478293366,191.2360428230289,195.60395997504088,3559400
2022-06-14,192.9066925048828,195.74396108651715,191.58138819940783,194.18532825737597,2359000
2022-06-15,192.26271057128906,194.7359873166068,189.58410357829473,193.64401149464143,2343100
2022-06-16,181.80023193359375,187.82944677703014,180.36293460701154,187.66145708900078,4789900
2022-06-17,179.79364013671875,184.55354807367772,178.1416700774809,182.6309089315523,7226100
2022-06-21,183.27487182617188,185.1881684391802,180.94158674719634,183.95620132292692,2755400
2022-06-22,175.3043670654297,179.93359644415534,175.19237394471185,177.3296566987773,4008700
2022-06-23,166.75521850585938,174.74438444262282,164.28194198615182,174.1377360106167,6667900
2022-06-24,173.12042236328125,173.22308747493324,167.40853088783584,169.24716064299466,4868900
2022-06-27,175.0803985595703,177.4043559276031,173.42844276230298,175.53772762143038,3061100
2022-06-28,174.94036865234375,180.22292901473253,174.93102639847183,177.301651800953,3327200
2022-06-29,171.24444580078125,175.06171081877392,169.9844804670965,174.82838232276848,2436900
2022-06-30,166.83921813964844,169.99382425558824,165.30858363345874,168.2391892455991,4197100
2022-07-01,166.4005584716797,169.22851319208488,162.13532059779507,167.3525428060366,3423100
2022-07-05,162.1726531982422,162.78864392331454,159.22339145996577,162.1819954536555,3724900
2022-07-06,160.81932067871094,163.0219421187642,158.0007086281895,161.91129626568255,3190600
2022-07-07,168.25787353515625,170.32983208391488,164.5712854972052,170.32983208391488,4677600
2022-07-08,167.1565704345703,169.15386215157312,164.6272828147649,168.21120574300932,2491100
2022-07-11,163.3486328125,167.78187465296693,162.97529863908358,165.57925287415893,2773300
2022-07-12,162.85397338867188,165.42058702108645,161.09001040731664,163.08730190070955,2718400
2022-07-13,162.2753143310547,163.56329231705425,160.3993581594297,160.76335008052837,2389000
2022-07-14,158.607421875,159.31673556004583,155.93814261848598,158.43008989342732,2531200
2022-07-15,161.8179931640625,161.8179931640625,157.91673306293836,160.76334373937306,2282100
2022-07-18,161.920654296875,164.91658432302344,161.19267050129267,164.38460273759407,2476400
2022-07-19,168.6873016357422,168.88465464058703,162.4751275165917,163.43372793527053,2671400
2022-07-20,169.13841247558594,169.91846021189875,166.4129562300268,168.02003095413065,2175900
2022-07-21,170.09703063964844,170.17221752011213,165.85845808864863,167.6817005037075,2214500
2022-07-22,167.8696746826172,171.7981070604521,166.66671317467546,170.5669522625143,1961500
2022-07-25,170.86767578125,171.6101372835369,167.07083142591748,168.38656601924274,1845600
2022-07-26,170.32261657714844,172.59696646383244,169.71174274931457,170.2568370042043,1767700
2022-07-27,174.1006317138672,174.97465229331542,169.4673532296661,171.91086226349694,1856500
2022-07-28,176.5347900390625,178.11368619417016,173.11386510016928,175.60438266271368,2229200
2022-07-29,186.31825256347656,187.48362788078015,177.73774030288823,177.80353421116104,5188100
2022-08-01,183.13226318359375,185.32203279873505,181.76012763532188,183.33902353114746,3185100
2022-08-02,172.46534729003906,178.06664781059345,172.1364208315848,176.68511939996563,8193100
2022-08-03,171.86390686035156,174.27923748425684,170.67035253549088,172.28683494095702,4155900
2022-08-04,172.58755493164062,174.73972408529514,170.21921809191704,171.85450068084597,2478900
2022-08-05,174.2322235107422,174.89949816887858,172.20222058674588,172.5311614242162,1908500
2022-08-08,174.626953125,176.685149447609,173.07626473038306,175.52918147452306,2655000
2022-08-09,174.8336944580078,176.57235706065197,174.0160604124431,174.75850757536267,2460000
2022-08-10,179.24143981933594,179.99329435970475,176.16824209356088,177.37120362197797,2304300
2022-08-11,182.32403564453125,183.80894445980775,180.3598265372812,181.2244542638157,2538900
2022-08-12,184.99310302734375,185.11528351468183,182.1360729437898,183.16046741943637,1864800
2022-08-15,184.15667724609375,184.67357817012737,181.45002081372098,181.7601470277077,1752400
2022-08-16,185.63217163085938,186.45919867311662,183.2168413838842,183.5645825145685,1959300
2022-08-17,184.1378631591797,185.0494844459606,182.20184742533402,183.26384248611498,1576200
2022-08-18,185.472412109375,185.73555904313608,183.49879576573449,185.19046486879316,1750900
2022-08-19,183.8277130126953,185.35020783985146,182.1454371087159,183.5175725218986,2003600
2022-08-22,180.21881103515625,182.25820663986278,180.02145803429156,181.4875662595788,2008900
2022-08-23,185.3408660888672,186.21488688962546,180.89553216578759,181.14928615393185,2444900
2022-08-24,182.47438049316406,186.7223315621238,181.8071059112972,185.66974394722132,2503200
2022-08-25,186.9103240966797,186.9385173862172,182.8597256415593,183.72435331505136,1888700
2022-08-26,180.36920166015625,188.3106315170049,180.19063460619162,187.39901028181927,2560400
2022-08-29,180.23764038085938,181.54398208341297,177.62495697575224,178.56477156292553,1996600
2022-08-30,175.68894958496094,180.40682305250365,173.4803794637836,179.9745020120314,2691200
2022-08-31,173.59312438964844,176.74149403003102,173.39575705556848,175.39756631945644,2656600
2022-09-01,171.45974731445312,172.18340844260732,169.2605849846876,171.29998058182196,2686200
2022-09-02,169.94667053222656,174.56116351584177,169.02565626830662,173.72472912157693,2185400
2022-09-06,169.7869110107422,172.6063548428418,168.78130249388553,171.89208656083284,2141700
2022-09-07,169.97488403320312,170.8958984066375,167.46558055203653,168.33020833899613,2166900
2022-09-08,172.1270294189453,172.24920989961254,167.36217709853915,168.86587177709836,2245700
2022-09-09,178.0854949951172,178.33923464232373,175.9521115828885,176.26225215879762,2279600
2022-09-12,180.82032775878906,181.1022750138221,179.13806589313273,179.36362656524577,1937200
2022-09-13,173.21719360351562,178.61173354147292,172.45594621713494,176.54414468379488,2207500
2022-09-14,173.53677368164062,173.99728803409516,170.92409003720718,172.8507129854809,2295000
2022-09-15,171.50677490234375,175.3130126351381,170.74551301535186,173.55556388738205,1933100
2022-09-16,168.6685028076172,169.4861368014204,167.0708210887381,169.16660332573073,5088300
2022-09-19,171.1495819091797,171.7322621833916,166.15917029506636,166.5820838599114,2923700
2022-09-20,167.27761840820312,169.84330844401157,165.69872230432836,169.72112794787608,2512400
2022-09-21,161.60108947753906,169.62711279536603,161.5353099240121,168.48993101748596,4061900
2022-09-22,160.28533935546875,164.11037628134608,160.0409784479741,162.30593446038705,2508400
2022-09-23,154.3551788330078,159.24221263739005,151.99623464591832,158.50915828375446,4047200
2022-09-26,152.83262634277344,155.8682374421392,152.45670628646835,154.12957491575858,3213400
2022-09-27,152.66348266601562,154.66529231030609,150.93422728056078,154.56191213289125,2753500
2022-09-28,157.66329956054688,158.33996725165753,153.69728061448356,154.59950898277555,3694800
2022-09-29,155.9152069091797,156.56368115497634,153.69724429913674,155.72724689282282,3518100
2022-09-30,154.2047576904297,157.68206831019975,154.02619064928712,155.9058195616418,2963000
2022-10-03,160.92446899414062,162.93567190262482,156.0562356732099,157.3531702232566,3444700
2022-10-04,168.8188934326172,169.3451872899738,163.72510025544122,163.80968012385236,4008200
2022-10-05,167.6441192626953,169.41096081508493,166.05583042377816,166.48813707387384,3067400
2022-10-06,168.04823303222656,170.08762883197727,166.2437908638817,166.73249843252665,2415000
2022-10-07,166.8640899658203,168.18923203218102,164.59913327204347,166.08404210421295,2759200
2022-10-10,167.9166717529297,170.25681525404096,165.47316241331603,168.98805981624142,2633900
2022-10-11,168.93165588378906,172.06123988054077,166.0370255113542,166.17800629020297,2542400
2022-10-12,168.6967315673828,170.21922672852293,168.0200638645575,168.67793125885052,2260800
2022-10-13,172.11766052246094,173.81872280473007,162.31540025924866,163.29280122006992,3745900
2022-10-14,167.46556091308594,173.23602181271804,166.84527985373649,172.6909276399957,2830200
2022-10-17,169.91848754882812,173.21723172935515,168.4147784084005,171.32820949031657,2940000
2022-10-18,172.50296020507812,174.36378896299203,170.02185041438236,173.77170121893374,2674000
2022-10-19,173.31124877929688,174.52360354800143,171.04629169482024,171.92971989145002,2088700
2022-10-20,169.6741180419922,174.56116533260152,169.5989454951379,173.43337636373323,2953900
2022-10-21,179.96775817871094,180.14752010284576,169.551166778019,170.04313006509474,3483800
2022-10-24,180.98951721191406,181.7842403129559,178.29311773205237,178.4823354556737,2919500
2022-10-25,184.33872985839844,185.123997186424,178.73780107714902,180.03395774190585,2545000
2022-10-26,186.344482421875,188.82326805051994,184.08329647512778,187.61225717573245,3546000
2022-10-27,200.70631408691406,205.42737382429465,196.19339818958716,198.82356369238775,7872200
2022-10-28,207.51821899414062,207.66959893189866,199.826411775273,201.04687823703173,5161000
2022-10-31,204.79347229003906,207.07356966593494,203.42161132020453,203.733827058667,3786100
2022-11-01,206.72352600097656,207.64124715689877,205.03000781503857,206.84652402281796,2717500
2022-11-02,202.97694396972656,209.75104533836378,202.39982052615633,205.8720314574575,3150000
2022-11-03,207.44256591796875,209.83620566847193,199.96835700763367,200.13864864060795,3570400
2022-11-04,215.56959533691406,217.3482593335444,211.54865719497846,211.94601876134442,4973800
2022-11-07,216.2886505126953,216.7806282129321,210.66879526286468,215.71152699022207,3405600
2022-11-08,217.4239501953125,220.09196785566266,214.45318705114525,216.28862936732017,3676600
2022-11-09,213.3841094970703,216.79008679355863,212.92998400300158,213.88555747483286,6248300
2022-11-10,219.92164611816406,220.05409996471704,214.1315002025817,219.704046463767,4590800
2022-11-11,223.74392700195312,225.55097294876137,219.49591889181798,220.44202199048962,3585400
2022-11-14,223.75338745117188,226.92283867165273,221.86118121479834,223.28033589207848,3217700
2022-11-15,221.94631958007812,226.49707311596796,220.2054933657862,224.32104756629678,3371000
2022-11-16,219.89328002929688,222.01255616326122,218.3984354039632,221.38812465463053,3062000
2022-11-17,218.0199737548828,218.10511955863683,213.35567854086204,215.4749544202945,3256900
2022-11-18,218.95664978027344,219.3445555448425,215.361469282126,218.40792264550342,2868700
2022-11-21,219.65675354003906,221.07590818064125,215.9669572490284,219.0701742415675,2522600
2022-11-22,224.47242736816406,224.68057121532988,220.78263087093094,221.38813630730738,2523300
2022-11-23,224.15074157714844,226.71468729421372,222.91134884334613,224.82248112074151,2311300
2022-11-25,222.99647521972656,224.69000768175042,222.51396788464666,224.22641201255792,1034800
2022-11-28,219.77975463867188,222.29639236797104,219.0891034127652,221.33136315666314,2862100
2022-11-29,222.44772338867188,223.0248467718651,219.07014332758584,220.72582350798118,2277900
2022-11-30,223.66822814941406,223.99935555898168,218.35111912905043,223.1857063489437,3850000
2022-12-01,222.98704528808594,224.22643805782403,219.43915860995583,224.13182197185208,2504700
2022-12-02,223.40333557128906,225.6172134195058,221.00022554892348,221.28405937375874,2218300
2022-12-05,220.03518676757812,223.1951673964916,219.7418827041781,222.1449924645609,2064500
2022-12-06,215.98583984375,220.4892992030237,213.40298278771016,220.05408548647748,3633800
2022-12-07,216.638671875,217.45232107368346,213.61114500887095,214.7653918822681,3044000
2022-12-08,218.47415161132812,219.968996416114,217.16852456134274,218.46469577632436,2189400
2022-12-09,215.039794921875,220.26228874818062,214.94519326153267,219.49594744837714,2257000
2022-12-12,220.49874877929688,220.82042031400792,214.7842933764867,215.2857267795319,2709200
2022-12-13,222.79782104492188,225.0968446157328,219.61891409671313,225.0022429689119,2945200
2022-12-14,221.84225463867188,225.38068549026835,220.5555538232175,223.3370992945959,3513800
2022-12-15,218.22811889648438,220.37576228720835,215.44657379914267,219.64727337991292,2953200
2022-12-16,220.17709350585938,220.65014501056663,215.7587941842599,216.30753566208668,7610700
2022-12-19,219.77027893066406,224.16019666097733,218.4835781595522,221.29350547266864,2622400
2022-12-20,222.46665954589844,223.0154010199997,219.36344285099815,219.91218432509942,2649900
2022-12-21,228.70152282714844,228.87182891031904,224.85089030445843,224.85089030445843,4143600
2022-12-22,224.7373046875,227.82160976744066,220.479841103776,227.20663414351534,3129900
2022-12-23,226.9417724609375,227.57565987954416,223.7534092615069,224.17915281891266,1959900
2022-12-27,230.0354766845703,231.84253683092857,226.79980624355449,227.71752728389828,3381500
2022-12-28,226.4781494140625,230.6788492044058,225.43743029973902,230.03549163290037,2270000
2022-12-29,227.2539825439453,228.5879915018428,225.42801032319446,228.2095560017419,1652500
2022-12-30,226.64845275878906,227.21612038440918,224.8887004430316,226.48761696668709,1521100
2023-01-03,226.005126953125,227.70810108804073,223.46956298331898,227.70810108804073,2651900
2023-01-04,228.35142517089844,229.07992853748567,225.69287799817315,227.06472448801094,2387900
2023-01-05,227.32965087890625,228.5217355834324,224.75624930143832,227.56617665303833,2355900
2023-01-06,235.44720458984375,236.44061567535712,229.18400704537112,229.79896825067678,3945100
2023-01-09,233.3279266357422,237.44348062601713,232.74134737176604,235.58911231933763,3417100
2023-01-10,237.00830078125,237.3205165608517,233.1671242069075,233.6401757936273,3011900
2023-01-11,237.21641540527344,238.3138984159683,233.8104530623959,237.93546296777757,2402400
2023-01-12,241.322509765625,243.50800548203722,237.48131928992146,238.41796649826387,3881500
2023-01-13,244.52978515625,244.64331290211297,241.4738763602149,242.95925063534042,3067800
2023-01-17,242.44837951660156,246.4598472537277,242.1456196077838,244.9082243756172,4100100
2023-01-18,239.19378662109375,244.9555508896177,238.4842093140424,243.4133982559822,3361400
2023-01-19,233.61367797851562,238.84206141241933,232.23528888335193,238.11008367020662,4885200
2023-01-20,237.37808227539062,237.5777033060279,232.6725263370927,234.67832460315532,2964100
2023-01-23,240.22044372558594,241.15204250422318,236.9598407477377,238.36674709785618,2610200
2023-01-24,244.88795471191406,246.25684284788787,237.41613356265646,240.39156362195408,3505100
2023-01-25,245.67698669433594,246.38994807136783,241.76045683818302,241.96007790081958,2424900
2023-01-26,249.17523193359375,249.3083319761255,244.2035333963405,247.1599325101861,2677200
2023-01-27,251.47572326660156,252.90164589726425,249.17522199119225,249.4984276395527,2783000
2023-01-30,248.5858154296875,251.91296783505618,248.4051962639873,250.33494349868246,3426900
2023-01-31,239.83067321777344,244.67883045466922,234.24106638606807,244.30807664679435,10992100
2023-02-01,237.2164764404297,240.2204235207877,233.19537878537636,239.31734211197815,6022000
2023-02-02,232.8056182861328,237.2069705779854,229.85872035524528,237.0168504703853,6130300
2023-02-03,235.5244140625,238.55687883699136,231.12307559991183,231.95010617286886,4134700
2023-02-06,239.00367736816406,239.6881214884046,235.75257504964023,235.85714330426688,3528800
2023-02-07,237.33058166503906,239.5550176332339,233.23343269222906,238.17662856774064,3467900
2023-02-08,236.57962036132812,239.13677778827815,234.87802539049517,235.847657038666,2300300
2023-02-09,234.11752319335938,239.52652630018488,233.35702809041555,237.65381309259624,2464900
2023-02-10,235.43881225585938,236.35140902632637,232.55845000363482,234.11745800320597,2820300
2023-02-13,235.89512634277344,236.11377825498238,230.66674340182334,231.47477202206417,3068100
2023-02-14,232.29229736328125,235.09660889794418,229.71612416037672,234.81142147801148,2512900
2023-02-15,236.41799926757812,236.4845492946347,231.21813292074026,232.1402308326814,2398200
2023-02-16,234.34564208984375,236.25637324811893,232.44441186082884,234.32662572608766,1934900
2023-02-17,235.5529022216797,238.4712974541558,233.49958469089566,235.61945223920787,3759300
2023-02-21,228.8225555419922,235.75253288855,227.90995870979782,232.42538020665515,3105900
2023-02-22,226.14183044433594,230.26749658620994,224.7444250567277,229.27886324315512,3145200
2023-02-23,226.19888305664062,228.93665946363743,223.96494604849642,228.7845575509739,3219000
2023-02-24,224.50680541992188,225.0011294192446,221.51237313692687,223.61322474988233,2105500
2023-02-27,228.1286163330078,229.33590161749655,226.93084648323244,227.29208487667847,1720900
2023-02-28,227.71986389160156,229.19332028684775,226.92135064051817,229.04121838038344,2647700
2023-03-01,236.38946533203125,237.36859776667748,229.64010653520944,230.05836501278085,4117700
2023-03-02,239.7261199951172,240.0208228740862,233.97490997945638,234.3361338705311,2676500
2023-03-03,242.70155334472656,242.78710522757586,237.5682373004615,239.9257588276938,2314700
2023-03-06,241.43722534179688,243.07228451691614,239.15575484430917,243.02475085962772,2317100
2023-03-07,233.98443603515625,242.16923388219885,233.80381681760534,241.5038061111461,3018400
2023-03-08,236.4369659423828,238.70893523121856,234.56425321626585,235.74302104803118,2068600
2023-03-09,229.06024169921875,237.77738121795335,228.72752058188127,236.65564775526866,2518800
2023-03-10,215.79913330078125,226.36998330518128,214.64889712781243,224.6398568232142,5767500
2023-03-13,213.6031951904297,217.05393240474402,210.59924820241307,211.58789596048058,4885100
2023-03-14,214.52532958984375,218.25173941838912,211.226693698549,217.6813790038005,3754900
2023-03-15,206.53065490722656,210.25706478266238,202.072281765263,208.56497087252154,5471700
2023-03-16,207.9090576171875,208.95472563828466,202.78524224862454,205.01917927453906,3555000
2023-03-17,204.3917694091797,206.6637391622954,200.98856524457466,206.6637391622954,7203000
2023-03-20,209.43002319335938,210.91298051939256,205.7891653966311,206.61621044786975,3464200
2023-03-21,213.81236267089844,214.83902879692806,212.56705911685142,212.99483304305465,3074600
2023-03-22,209.0877685546875,215.39985164106636,209.0022166850411,214.0499800674542,2930200
2023-03-23,208.60299682617188,214.17360234532254,206.85386838120817,209.6201475231532,2957400
2023-03-24,206.29296875,206.69222533418724,202.61409311301884,206.14088136452486,2976800
2023-03-27,207.2340850830078,208.1466819317317,203.35557386009214,204.3156898580876,3209500
2023-03-28,209.28744506835938,209.66768534472962,206.95844073880897,207.37669924072154,1802000
2023-03-29,211.98719787597656,212.19633438856022,210.56127502030856,211.7400431362129,1857300
2023-03-30,213.45111083984375,215.16222094227976,212.92828413249663,213.93593383025464,1921100
2023-03-31,217.5387420654297,217.7478785344495,213.79331649055467,215.20023719218523,2746700
2023-04-03,218.5178985595703,222.30135727732534,217.55778248579574,218.65098409955132,2242500
2023-04-04,206.7112274169922,218.15664006063673,205.57049232594122,217.59576619054442,4282100
2023-04-05,202.98484802246094,207.1200296497111,201.1026341221319,205.52298868485934,4265300
2023-04-06,198.8401336669922,202.48099078177128,198.62149628301245,202.16728609767856,4180100
2023-04-10,204.88609313964844,205.4184353314447,198.9827808635488,199.83832874247327,3839000
2023-04-11,209.7056884765625,211.89209151494626,205.4944562092353,205.4944562092353,3882000
2023-04-12,209.6106414794922,212.19631585906853,209.0307656552805,211.17915068166604,2385100
2023-04-13,210.7228546142578,211.2076631097952,205.96027802381818,209.07829449701697,2909100
2023-04-14,212.63356018066406,214.6773911717061,210.50419182452566,211.97764800289687,2246900
2023-04-17,214.11654663085938,215.71357300863727,213.2229661315258,213.89789471788367,1751800
2023-04-18,214.0785369873047,216.2649548161638,212.99483625546833,214.420759034476,2567100
2023-04-19,213.5557098388672,214.03101746326283,211.42634096492674,213.69831082932842,2078400
2023-04-20,211.293212890625,213.14690935169108,210.0193776896049,211.4357993471552,2826800
2023-04-21,210.52859497070312,211.2167542408338,207.8810937393384,210.91089919456624,2712500
2023-04-24,213.54885864257812,213.79736954310755,210.77711623123886,210.77711623123886,2790700
2023-04-25,208.96112060546875,213.35767743765734,208.61704097651736,212.52615774434614,2505600
2023-04-26,206.6290283203125,210.6432809617998,206.56211706070167,208.10091560806842,3254700
2023-04-27,204.85128784179688,206.52389433953638,195.0163534680646,201.17154771318144,7711100
2023-04-28,209.12364196777344,210.8058012729803,203.58014222055965,203.80953354653175,4669500
2023-05-01,207.66127014160156,212.14385791164784,206.9539912830367,209.6397171109822,2876400
2023-05-02,205.63504028320312,207.5083661999835,201.27670745376372,207.5083661999835,2858000
2023-05-03,206.10336303710938,209.47724831808335,205.35785954966295,206.10336303710938,2635100
2023-05-04,201.0760040283203,207.33632031920578,200.07243708771392,206.49524800682713,3211000
2023-05-05,205.5776824951172,206.14158635810122,203.0066448958521,204.14401970747988,2716600
2023-05-08,205.2909393310547,208.46411984913823,204.18225123396292,206.86797708876662,2414100
2023-05-09,204.04844665527344,205.86441364790414,202.57654472383985,204.28739044819704,4111900
2023-05-10,203.7425994873047,206.43789257612957,200.8943934489077,205.90264620872398,2446100
2023-05-11,200.74147033691406,200.98041414435068,199.2026716336635,199.75702301699312,3263300
2023-05-12,200.27313232421875,203.15002505784136,198.7343336432495,202.3471773766328,2172600
2023-05-15,201.9457550048828,203.87642517799785,199.90039646361342,201.00909930235068,1925600
2023-05-16,198.03662109375,200.97085799614345,197.89326064547802,200.76058628269632,2771500
2023-05-17,202.7199249267578,204.3829644342326,199.4224888330293,200.02463187344443,2897400
2023-05-18,205.2240753173828,206.12250644041262,200.93263893387874,201.66859000461204,2643600
2023-05-19,205.28140258789062,210.16541459310469,203.53233216814758,209.7544382448014,4402100
2023-05-22,204.7843780517578,207.5561347325792,202.51919561685648,204.77482555050324,2540600
2023-05-23,203.3029327392578,205.74014763463987,202.00307798920093,203.7712532155767,2298300
2023-05-24,200.42605590820312,203.08310978933224,199.96728789712304,202.44274215737386,2964000
2023-05-25,200.6936798095703,202.42363065189656,199.37471990205773,200.4165114083023,2243600
2023-05-26,202.43319702148438,203.84774028110206,200.91351790300487,202.37585284100933,1973900
2023-05-30,200.61720275878906,203.47497577315042,199.0401795586597,201.84059381216778,2885900
2023-05-31,196.65074157714844,201.4582895240786,196.5073811349822,199.8812663243633,5937000
2023-06-01,199.82391357421875,201.25757627025772,196.9279015109666,198.49537214194368,2989100
2023-06-02,216.60733032226562,217.70646592848504,204.54543782222763,205.44386881081056,8358200
2023-06-05,212.63131713867188,216.95142527303707,210.987382572072,216.95142527303707,3438400
2023-06-06,216.65512084960938,218.17481454010473,211.65642050990365,212.0482918520302,3230100
2023-06-07,225.13284301757812,225.9070185677412,216.27280315510507,217.73513799074013,5586400
2023-06-08,224.0814971923828,225.83056759334366,221.4913545157483,224.16751346194502,3546800
2023-06-09,224.63583374023438,225.381337195171,221.19503734516414,225.27620134465576,2488500
2023-06-12,227.37889099121094,228.3251135926659,223.0014538568093,224.82697321828525,3644200
2023-06-13,234.58543395996094,235.77058570516763,229.08016025949587,229.46247903534487,4335100
2023-06-14,232.55921936035156,237.33809516916392,230.88661282726724,235.88531283977292,3122400
2023-06-15,236.71682739257812,237.39543415955288,232.7121272188402,233.20913437561165,2743900
2023-06-16,234.42295837402344,239.79440966635167,234.13622293271698,238.37029954437747,5261200
2023-06-20,230.4851531982422,232.46361460118482,229.91169690438176,231.61297536891712,2979800
2023-06-21,230.80059814453125,234.41342734232398,227.50317652228838,228.27735212410502,2892500
2023-06-22,226.84368896484375,230.322710209127,225.5151619821525,229.60587878859636,2421600
2023-06-23,224.07192993164062,225.42912890323888,221.05167693818285,224.07192993164062,3354000
2023-06-26,226.47093200683594,229.02285005522347,224.73142871664203,225.04683628450638,1748300
2023-06-27,230.04551696777344,230.1888774028092,224.91300921789897,226.97747240226903,2283000
2023-06-28,231.17333984375,231.34538696109846,227.3406865935971,228.70743811088343,2200100
2023-06-29,233.4385223388672,235.94264850548905,230.69543780645247,231.2402366293123,2070000
2023-06-30,235.16848754882812,236.00955979582469,233.10400964589007,235.66549472930697,2377900
2023-07-03,236.39187622070312,237.40499557464426,234.42298168999156,235.07290180988898,1045700
2023-07-05,234.00244140625,236.5543594122571,233.32383460472573,234.16492143839594,1820600
2023-07-06,229.94039916992188,233.08489315829166,228.27734507311058,232.01442960207592,3079700
2023-07-07,234.3369598388672,236.8411008152662,229.49118709022753,229.567650857382,2903900
2023-07-10,237.80642700195312,238.33210628277823,233.29516685664512,233.69659069364639,2771900
2023-07-11,241.66775512695312,243.21610621984198,238.79086256057133,238.79086256057133,3293300
2023-07-12,242.3845977783203,246.24593777285548,240.3201198357355,244.19101233208897,2986200
2023-07-13,244.54466247558594,245.11811889027402,241.5626482840827,243.30215170113516,1949400
2023-07-14,244.3152313232422,245.13721309315196,241.72508891701966,245.13721309315196,1936800
2023-07-17,246.0738525390625,247.40239394735516,240.86488108761242,243.0249421777266,2674500
2023-07-18,252.1429901123047,252.4775171822213,245.56725371416343,246.23630785399666,3832400
2023-07-19,252.3735809326172,252.5368802573135,249.44404205112417,249.8666680901605,2771900
2023-07-20,250.77914428710938,254.9189333053944,250.15481966556686,253.7375266878701,2102300
2023-07-21,247.47500610351562,251.42271123216304,247.3405501576221,251.41309676731606,2249900
2023-07-24,249.12705993652344,252.07582777036887,247.9072248164865,248.0993089097606,2195300
2023-07-25,251.71083068847656,253.45896302346137,249.1943033531683,249.82824241901082,2016600
2023-07-26,248.1185302734375,252.17187678530408,247.09077927800743,250.24124557307985,2622800
2023-07-27,248.0993194580078,250.78876068970249,246.67778572025819,248.74287301319364,2284400
2023-07-28,250.14520263671875,252.5945167132783,248.76206815669218,249.66494842316482,2101200
2023-07-31,254.69801330566406,254.73641253493102,251.32661960080307,252.37357018990824,3568700
2023-08-01,277.250732421875,277.3756031987339,259.8175115396412,261.97865535096906,11823200
2023-08-02,276.2134094238281,282.27421512235213,274.7918464300994,276.3862939019817,6288300
2023-08-03,270.3350830078125,276.56877273115526,269.95085622333755,274.26355858624663,4743500
2023-08-04,265.52294921875,272.3041362997779,264.48558371314545,272.01599549954926,3888200
2023-08-07,270.52716064453125,270.824915876736,264.9946526909957,266.1760591567152,2438200
2023-08-08,271.7182312011719,272.73636774465007,263.92849295355325,267.0213311268709,2519500
2023-08-09,273.2934875488281,275.78120109382365,272.66916287439034,273.41835834619445,3088600
2023-08-10,272.61151123046875,276.29986010573316,270.0853693548257,273.2550354673899,2647100
2023-08-11,273.9561462402344,274.7437699884648,271.4492046299848,272.7266969334972,1874100
2023-08-14,273.3030700683594,274.3212066337939,270.16218882060673,272.84201548098906,2194000
2023-08-15,266.4161682128906,271.47806544272447,266.1087985383791,271.36277983049354,2593600
2023-08-16,263.6691589355469,270.58480153098554,263.25611806387644,266.0608153688257,2831300
2023-08-17,264.3031311035156,268.51013361975674,263.81326239918656,266.08004834001804,2534700
2023-08-18,262.9871826171875,264.80255752463137,260.40341273099705,262.22840210220187,2533000
2023-08-21,261.9786682128906,265.3308331759614,258.1846482773353,263.8996850283839,2207400
2023-08-22,259.5293884277344,263.3041795069053,259.0203201344548,263.12168056097573,1668800
2023-08-23,262.2475891113281,262.9487707472116,258.4823835467251,259.6253908085302,1677800
2023-08-24,258.6648864746094,263.8420405419404,258.56885908968934,260.8740732631528,1433600
2023-08-25,261.7961730957031,262.8143096778,258.21346612999844,260.7972361295812,1291700
2023-08-28,263.9381408691406,266.06085646232657,262.25725098174325,262.69907668753183,1550700
2023-08-29,268.9711608886719,269.0672175892961,262.63179970853616,264.1398049024071,2065800
2023-08-30,271.1802978515625,272.60186070065544,268.75982746651084,268.97114046688426,1431000
2023-08-31,270.0277099609375,273.56237356018033,269.7491543393595,272.4385952354347,2579000
2023-09-01,274.9455261230469,275.73315003634673,272.4481984512417,273.5527772351969,2336600
2023-09-05,270.50799560546875,277.9807500673959,270.2678684963935,275.03198213297753,2515600
2023-09-06,271.7278137207031,273.23581890606755,268.02026545911565,269.34577170804033,1688900
2023-09-07,270.31585693359375,272.28491663144706,266.68513655614373,269.8356027603205,1593200
2023-09-08,271.1322937011719,272.1984732036031,268.097083821914,270.45034098558443,1240100
2023-09-11,270.91131591796875,273.744826726583,268.8942722235739,273.3222007894531,1515300
2023-09-12,270.6808776855469,273.4663462636086,268.76947529424496,269.19210134745606,1587300
2023-09-13,265.0234680175781,271.5741124693578,262.24758490842805,269.14402759715216,2119300
2023-09-14,271.4012756347656,271.9967862064881,266.8580599405848,267.9818677673847,2660500
2023-09-15,268.1258850097656,270.7384687478083,266.37775287578694,270.7384687478083,4940900
2023-09-18,269.84521484375,271.5837325906745,267.8377559346601,268.0394544781871,1363200
2023-09-19,268.6253967285156,272.304130997628,266.6851510034529,269.0191793770304,2313500
2023-09-20,267.60723876953125,275.28172103348663,267.09817047573017,270.3831221934364,2380300
2023-09-21,261.2870788574219,265.3019966267904,260.874067312044,265.3019966267904,2277600
2023-09-22,262.2763671875,264.2358121262584,260.88361857020726,261.2678453007598,1707800
2023-09-25,263.4385986328125,263.9764809312158,259.4044813947874,260.0576199982219,1257400
2023-09-26,258.8762512207031,262.6222579776658,258.5208677507869,260.4418848313239,1756400
2023-09-27,261.9402770996094,263.4002688479426,258.568912039086,260.29781569512903,1991600
2023-09-28,265.330810546875,267.2614416617542,261.46957762950444,262.68941265084686,1994700
2023-09-29,262.21875,268.51006725856234,260.6435024135715,268.05862721244057,2257800
2023-10-02,260.9894104003906,265.87839588985855,259.56784705219184,261.8730912519515,1778200
2023-10-03,258.34796142578125,262.7758913524411,256.97444136419364,260.49949099427613,2187900
2023-10-04,254.56353759765625,257.24336421499873,252.40239371872616,256.93599449502176,2970100
2023-10-05,250.50059509277344,255.43762265598517,250.14521165191815,253.47817718659758,2639300
2023-10-06,255.53366088867188,257.819675552272,248.07049192075502,251.24018720270095,2293400
2023-10-09,260.5859069824219,260.88366222976134,254.1985322352275,255.53365292885005,1640800
2023-10-10,262.4205322265625,264.2359074524737,261.09502574016284,261.88264978460245,2009000
2023-10-11,262.0555114746094,263.5731312634736,259.2412287085713,262.72787912472273,1538200
2023-10-12,258.9626770019531,262.98720987471154,255.67775441809505,262.98720987471154,1910500
2023-10-13,257.3586120605469,263.121662214661,255.59128019743855,259.80789665108983,1918300
2023-10-16,260.0960998535156,263.15050978901456,258.93386348624307,261.37356323616643,1678600
2023-10-17,261.8825988769531,264.67768172615354,257.97332281102626,257.97332281102626,2110100
2023-10-18,248.9829864501953,258.3767573478174,248.53154633363476,257.8965031520036,4257100
2023-10-19,242.90298461914062,249.73220037724306,241.81760536597986,247.72474120708227,3850000
2023-10-20,240.59548950195312,244.73737039470214,239.59140564633478,242.63263491091712,3103500
2023-10-23,238.78041076660156,242.92227688625553,238.04664302178395,239.07970456486115,3193200
2023-10-24,240.93341064453125,243.02848198711882,238.7128232953982,241.60923773376504,2304600
2023-10-25,236.4825897216797,242.11129029058637,236.0577799078866,241.24235710821165,2542400
2023-10-26,234.05926513671875,238.21079582511044,232.10902317653114,237.0522328900057,3859200
2023-10-27,230.32286071777344,235.4977881434076,229.64703366687294,234.65783271814018,3229900
2023-10-30,233.79856872558594,235.18884996390264,230.92145321165412,232.6206923837857,4478300
2023-10-31,218.24484252929688,222.57980027506113,216.0339044734244,219.78958813974356,12093300
2023-11-01,223.82525634765625,224.6169353055057,216.1883733584013,217.33728678374902,4932800
2023-11-02,230.86355590820312,231.31732872230654,224.8390227710463,227.65819797301043,7749900
2023-11-03,232.43727111816406,235.80677206528122,229.95600221185003,233.17102417832498,3929500
2023-11-06,230.05255126953125,234.53233850700894,228.19884772973975,233.1710201360613,2891500
2023-11-07,226.80856323242188,228.95191114305734,225.50518554531175,226.48030645776535,4074000
2023-11-08,226.71202087402344,229.57945762724412,226.35478640734453,227.85127015346643,2532500
2023-11-09,226.0651397705078,231.01801314691755,225.74654714814542,229.24154917021397,2708800
2023-11-10,231.40423583984375,231.85800868966072,226.51895169357059,227.2140924536337,2525200
2023-11-13,233.3254852294922,234.9088578295875,230.63182634669252,230.63182634669252,3035700
2023-11-14,239.3017578125,240.93340694483297,236.24121503745354,238.23008389748352,3441800
2023-11-15,242.4202423095703,244.1967063845465,240.01622763447605,240.90445967196413,3739900
2023-11-16,239.63967895507812,244.1870413081086,238.08526930620812,241.85060212922224,2625000
2023-11-17,244.33187866210938,245.48077736799274,241.3678740968753,241.454762995888,2792500
2023-11-20,241.8023223876953,244.16772450047776,240.07413496937107,243.88774426123564,2661400
2023-11-21,240.79824829101562,241.2230581044902,239.74588790067912,240.8272112572138,1765500
2023-11-22,237.51564025878906,239.07971411866333,233.4606628736366,233.48962584030778,3593700
2023-11-24,238.81903076171875,240.30585038925074,238.18181603623677,238.23009255760832,982200
2023-11-27,238.84796142578125,239.64930443001012,237.8149147213867,238.43281580836845,1743300
2023-11-28,238.95419311523438,240.2768843386661,237.51563529561304,239.1859115756879,2149900
2023-11-29,240.83685302734375,242.8933119537228,239.7362161509561,241.0589073384598,2224700
2023-11-30,242.06300354003906,242.81607009378385,239.28244104502738,242.3719467439708,3210500
2023-12-01,247.8944854736328,248.55099905860462,242.34300930978557,243.21194254698136,3731500
2023-12-04,245.95382690429688,246.70689338024877,243.70427688646794,244.81457778034223,3028700
2023-12-05,246.37869262695312,248.3192999136191,245.017374175814,245.017374175814,2682200
2023-12-06,247.13174438476562,251.99772906062898,246.7455616722992,247.93307277653713,3632600
2023-12-07,248.52200317382812,250.42398306061872,246.97724300025686,248.3288971031881,2162500
2023-12-08,250.53985595703125,252.60597912375752,248.12617719058585,248.4930610773019,3258200
2023-12-11,251.91085815429688,253.18525825008217,250.53987554368058,250.86813234591727,2898300
2023-12-12,252.40321350097656,253.42661095952317,250.17297663717665,251.01293214901654,2375700
2023-12-13,258.7174072265625,258.96843925294473,250.32745726876317,252.37425219936435,3708300
2023-12-14,275.32354736328125,275.60351291150295,261.2083279125313,263.0427475118034,6464100
2023-12-15,275.87384033203125,276.94552910894396,270.31274405674924,270.42859593233885,7321200
2023-12-18,275.84490966796875,278.90546790454385,274.74428725711664,276.83934433504595,2691700
2023-12-19,282.84454345703125,282.91213353839,276.27934855358126,276.89723503839986,3659600
2023-12-20,279.70672607421875,287.9711593452018,279.52328414125355,281.85007387594595,3818400
2023-12-21,280.0543518066406,280.691566593123,276.70416420332157,279.8902086718788,3209300
2023-12-22,280.33428955078125,282.7190053254325,278.9343735593187,280.2860277615022,2833800
2023-12-26,285.42236328125,286.83194351531324,280.9522252241204,281.52184991142093,2019000
2023-12-27,287.82635498046875,288.820789433491,284.55342196085246,285.4223404063527,1876500
2023-12-28,286.62921142578125,288.8691125942865,285.8182188228097,286.8416163549301,2267400
2023-12-29,285.46099853515625,287.94223813375737,283.0762825246593,286.6002479422491,2300600
2024-01-02,282.60308837890625,286.3974128784665,281.2900615888364,283.29822887478,2433100
2024-01-03,274.4835510253906,278.9536890347694,273.5374077593068,278.4323556095674,3043400
2024-01-04,276.2214050292969,278.26819991721067,273.99116819729153,274.5897558195472,2995400
2024-01-05,278.9536437988281,280.95217666290864,275.6131210134698,276.3661875249402,2684800
2024-01-08,282.1590270996094,282.57417274566035,275.3910629065298,277.63096370880703,2369100
2024-01-09,282.1976623535156,282.2652229634429,278.0557815246761,279.243322031924,1974500
2024-01-10,283.2210693359375,284.379617453201,281.39631406525865,282.0624917548222,2048000
2024-01-11,281.9756164550781,285.3933939667359,279.417122759229,284.42792242386054,1941400
2024-01-12,280.3825988769531,285.6154382249613,278.9536903631957,285.07477650923767,1955600
2024-01-16,277.3123474121094,280.1894331880474,275.7386243920331,278.90536925226627,3140100
2024-01-17,269.00933837890625,272.2822715597423,267.3776891284508,269.20241500749944,3789200
2024-01-18,272.1664123535156,272.7746641180873,268.0728225859063,270.3513212033184,2479300
2024-01-19,276.7057189941406,277.48166262281126,270.5659843713251,273.8346920476369,3116000
2024-01-22,279.9939270019531,281.85620409962564,277.50116221981574,277.50116221981574,2072200
2024-01-23,280.1490478515625,284.0773407097461,278.8784229656797,281.7688681383389,1866300
2024-01-24,281.94342041015625,283.81540592717545,279.6737541521555,282.0986150603212,2765900
2024-01-25,291.73016357421875,294.1938306133404,284.31980382553144,285.1636507089196,4647100
2024-01-26,290.430419921875,293.87374000964877,289.68357345343156,291.95323960462804,2920500
2024-01-29,294.1356506347656,294.5721374717276,288.50998473811745,290.0327750085304,2101400
2024-01-30,295.6002502441406,296.54109744977455,291.4779867473526,291.4779867473526,2150200
2024-01-31,291.2840576171875,296.56055855775656,290.91547393672454,296.38597563554566,2813000
2024-02-01,298.4421691894531,298.8107527658751,292.86498936812905,294.1259051397661,3196300
2024-02-02,305.6197814941406,307.8312535714337,296.80299033333984,297.77293474619387,4661500
2024-02-05,311.7401428222656,324.8052958530729,306.41515722096494,324.8052958530729,6557500
2024-02-06,313.02044677734375,317.58887645015403,309.4801557638011,313.4763218130834,2825700
2024-02-07,313.86431884765625,317.9671944988419,311.44916665601255,313.2338608795979,3203000
2024-02-08,312.3221130371094,316.6189598484103,311.75955828001884,314.9118777439027,1986100
2024-02-09,307.6275939941406,312.64219036593465,306.08538582716795,312.3221217125599,2823000
2024-02-12,311.9632263183594,313.3793368733723,306.99711565939265,307.67605898834336,2483600
2024-02-13,303.43743896484375,306.5024671887744,301.4490645463254,306.2987871284263,2923200
2024-02-14,307.1910705566406,308.2968213373306,304.5334324772566,306.5121272635502,1887100
2024-02-15,313.3599853515625,313.49576219311723,305.97869211103614,306.45398505737234,2362900
2024-02-16,312.23486328125,318.43279375489396,311.7789881446628,313.9904606029167,2513200
2024-02-20,304.3103332519531,309.4122500445498,303.34038889444673,307.7245563346015,2701600
2024-02-21,307.6082458496094,308.2678010760904,303.49566060135527,303.49566060135527,1779700
2024-02-22,312.409423828125,313.6509516175238,310.71202093478684,311.3521878637458,1875800
2024-02-23,314.14556884765625,315.309484263109,312.37055417857255,313.2920131161134,1575000
2024-02-26,315.6004943847656,317.4045766507087,312.56456386162813,313.9224800188464,1650000
2024-02-27,317.7828674316406,318.0932567231395,314.0388669037711,317.1524095335255,1640900
2024-02-28,319.6548767089844,321.7111541177367,317.1621124765224,317.55011391997726,1471000
2024-02-29,323.92266845703125,324.82473937039816,320.17869676199257,321.05164092298037,2699800
2024-03-01,326.58026123046875,327.61807914657976,323.57342794743437,323.9613997516176,1815500
2024-03-04,328.4716491699219,330.0332749701811,324.72767817612043,325.51333073389435,1551000
2024-03-05,323.505615234375,328.8015043637312,321.76940614458056,325.3388247024365,2030000
2024-03-06,325.5424499511719,327.57933915030526,324.11663047181395,326.14381075464786,1542300
2024-03-07,329.9944763183594,332.0507536565043,328.2582675996847,328.3358797258524,1732500
2024-03-08,328.99542236328125,334.1458244298614,327.93818658693874,331.7888667926845,2307400
2024-03-11,324.90228271484375,328.04489315543856,321.5656715506066,326.87126869835976,1868000
2024-03-12,327.1040344238281,328.2194941451509,322.7392846980194,325.2029517202415,1645900
2024-03-13,331.2554626464844,332.78799166066335,327.24961639126246,327.9770748270114,1818800
2024-03-14,331.6434020996094,336.41551196892834,328.7529571329858,334.19433100598485,2110200
2024-03-15,336.5416259765625,336.85201530370347,330.8965421906527,332.661848188367,4406000
2024-03-18,341.3234558105469,342.7201782265779,337.4048718322178,337.6182608013435,2528200
2024-03-19,343.2633056640625,343.36030602086214,339.111944956073,341.0324454594354,2207600
2024-03-20,345.7366638183594,347.41464854343536,337.67642890783793,340.5668440298076,2563900
2024-03-21,353.60296630859375,354.22374499984903,345.9986049428598,346.92006406258025,2616300
2024-03-22,347.3467712402344,354.53406272104917,347.1042851427724,353.6417304585873,2052000
2024-03-25,345.2517395019531,348.08396072536766,344.35937758202795,346.23136327015305,1774800
2024-03-26,345.678466796875,348.7822708281956,345.30017430786353,345.7463404022978,1637200
2024-03-27,353.690185546875,353.84538018800174,347.1236732461079,347.9384229117601,2262800
2024-03-28,355.4167175292969,356.1829818893889,352.60388470407713,353.66112054250596,2028600
2024-04-01,352.8076171875,356.8716871744427,351.7407018747543,356.4352298920535,1953800
2024-04-02,353.86480712890625,354.0200017870105,350.6155170260229,351.42055786456206,1968900
2024-04-03,364.4953918457031,364.7669750769106,353.64171231221127,354.50494738269686,2623700
2024-04-04,358.6757507324219,369.57791640045343,357.79309776956694,366.02791631701143,2492200
2024-04-05,367.89990234375,369.54881967852026,360.615639963367,361.3042922053774,2068300
2024-04-08,362.24517822265625,370.5285126464834,361.682623429633,367.71564988029485,2690000
2024-04-09,360.7223205566406,365.8242376309791,354.5243911620914,363.7582512993446,2042700
2024-04-10,360.8872375488281,361.42069515460906,353.4380712989327,355.19366838021483,2148500
2024-04-11,360.79998779296875,362.14819533809117,355.872652855955,361.4304458363868,2535700
2024-04-12,354.6408386230469,361.6341306995914,351.7794902952883,357.5603812571011,2072900
2024-04-15,352.97247314453125,363.2053748110279,351.2265554495368,361.76016711490513,2171000
2024-04-16,349.0635986328125,352.5359865927357,346.44473688847705,352.1092086847647,2513900
2024-04-17,347.55047607421875,352.00251721008914,342.2739762982938,351.75032220009865,2313800
2024-04-18,347.1722412109375,352.55545115439605,345.4651589531435,350.2954638057707,2380700
2024-04-19,345.25445556640625,351.3776537090252,342.801296411258,348.78819308001897,2929600
2024-04-22,348.126220703125,352.39981280343915,343.87211721901224,346.6562858844819,2085400
2024-04-23,353.61669921875,355.826488681317,349.5183557030339,350.4528884205093,1810700
2024-04-24,353.87945556640625,358.4061615461345,349.3819825079762,354.2980745643872,3032700
2024-04-25,329.0362854003906,332.8717995062746,321.55996509878923,321.67677796158677,6459600
2024-04-26,334.2735595703125,336.33733237017543,329.35746785688303,329.4645661027445,3324600
2024-04-29,340.5233459472656,341.64287189084394,334.85771402990343,334.85771402990343,2171400
2024-04-30,325.697265625,338.5471859658534,324.2857075037865,337.81707584279616,4201700
2024-05-01,322.2900695800781,329.5230197219856,321.9688045047305,324.53880627448945,3520600
2024-05-02,326.544189453125,327.2450963613905,320.5183448453551,324.6750944616648,2492000
2024-05-03,327.8194885253906,332.55058848735086,326.0964391025028,329.1239485524528,1977100
2024-05-06,333.0275573730469,333.46560560522323,330.6912110100054,331.8301661219198,1653900
2024-05-07,335.8506774902344,339.29680580366403,334.2931031892076,335.33473415952176,1965600
2024-05-08,335.3638916015625,337.0869406689559,329.75663676654654,330.98323118877,2260300
2024-05-09,342.45086669921875,343.52170087066264,336.26926143103935,336.746286935017,3208900
2024-05-10,345.3810119628906,348.0288790152904,344.14467322631026,345.58543446496697,2210600
2024-05-13,347.22088623046875,349.0412893233518,344.9721495029949,345.3907388296272,2051200
2024-05-14,348.6811218261719,351.04667152058977,347.5616255669758,348.2333292641449,1563400
2024-05-15,350.4918212890625,353.6750908640994,348.6227262240286,351.8838908520818,1913900
2024-05-16,341.4189453125,349.2554483134348,340.3383669422814,347.28902918652363,2821700
2024-05-17,346.82177734375,346.95807883060746,342.23669395728103,343.60930459313,2104300
2024-05-20,353.12994384765625,354.76538345968413,345.36156112813666,346.9483386132889,2247900
2024-05-21,349.5475158691406,353.6069113567335,348.0191449417925,352.65291984682017,1841100
2024-05-22,346.5005187988281,349.6740735196529,343.2101512160783,348.99262554741557,2104200
2024-05-23,341.3995361328125,351.7573505619477,339.54018528719246,350.84227674874705,2749200
2024-05-24,339.6472473144531,344.52439278788614,337.48612000910197,343.28808358708625,2635200
2024-05-28,337.2816467285156,339.96846127366234,335.2665358196556,338.77107007240033,2264900
2024-05-29,329.1434020996094,336.15247197525014,328.76376023998654,335.8506954661298,3040000
2024-05-30,330.2530822753906,335.4125142714109,329.493769081481,329.493769081481,2745800
2024-05-31,329.54248046875,331.84965331467504,326.1742475622404,330.34074129941155,8319400
2024-06-03,322.5723571777344,332.34610586674387,317.11114798355203,331.8301625932743,3878600
2024-06-04,318.8829040527344,321.5696891004001,315.8943128230096,319.99265599001313,3706600
2024-06-05,320.71307373046875,322.4847851711989,318.03600309735384,320.7422769490451,2616300
2024-06-06,319.58380126953125,322.2511273280492,318.4156132263048,321.462610796761,2452100
2024-06-07,320.2165832519531,324.0520976631753,315.1350153579347,317.5492569782155,2499100
2024-06-10,320.8688049316406,323.10782728965233,319.7298496971022,319.9926786647052,2640500
2024-06-11,318.6297912597656,319.92453651921335,315.14474533161746,319.0678692184599,3247000
2024-06-12,320.01214599609375,326.28136064829727,317.3545344451846,324.314911697653,4817300
2024-06-13,317.7049865722656,319.19443981113375,312.925224892006,318.8147682698713,3183900
2024-06-14,312.9446716308594,314.1225743189724,307.4737178254129,312.86680628884454,4195300
2024-06-17,313.8499755859375,315.2517892944829,310.4233363585236,312.94464623074293,3198900
2024-06-18,316.5173645019531,316.9651570728312,312.48714223927715,314.4827647534523,3275300
2024-06-20,320.40155029296875,322.31930751907475,315.9721974569073,316.43947865854653,4463300
2024-06-21,319.145751953125,321.7838750326105,317.5297712219551,321.7644161231719,8265100
2024-06-24,321.2485046386719,324.82119047401585,317.4227341225032,320.6254629757707,2447300
2024-06-25,318.7174072265625,320.7325183432829,315.7677634487972,319.3112455888229,2990400
2024-06-26,318.06512451171875,319.019115878692,315.1933466878575,317.59784342641973,2198600
2024-06-27,318.7757873535156,320.4988661552896,316.0597992463471,317.38371793121354,1995100
2024-06-28,324.2662353515625,325.32732512207707,319.6130015456586,319.79796514593926,8891500
2024-07-01,320.35284423828125,326.39817753990326,316.7412410924515,326.2229285294051,2950200
2024-07-02,319.06781005859375,321.3360053567643,316.9456011085772,319.30143574884266,2119800
2024-07-03,321.84228515625,322.621087166599,319.5546303782636,319.5546303782636,1352200
2024-07-05,319.6421813964844,324.5971913020744,317.96779451672035,322.77678835598726,2280900
2024-07-08,320.3334045410156,324.4220334213844,318.4643391218396,321.59891696632735,1913400
2024-07-09,317.4129333496094,321.3652603572605,317.1890222215357,319.8271748015011,1896100
2024-07-10,319.7687683105469,319.7687683105469,313.11016769235897,317.45188081512566,2904400
2024-07-11,322.3484191894531,325.5608911271274,320.5669342521108,321.2483820974358,3016400
2024-07-12,326.690185546875,329.2601872893469,324.58746495074035,326.0671737266806,2451300
2024-07-15,336.6002197265625,338.67373719295256,328.88052929098666,330.1071237828245,3394300
2024-07-16,351.0174255371094,352.6723535156875,336.1037336567713,337.6320747664893,4637000
2024-07-17,348.3111877441406,353.07151996435596,346.75364326199275,349.4501725976744,3061000
2024-07-18,346.5881652832031,359.4381162093521,346.31559200698825,347.0457021798772,3876300
2024-07-19,338.410888671875,347.035908015222,337.49581500998767,345.9261561601541,3462700
2024-07-22,340.023681640625,340.86429959043136,333.68007510864885,340.15075422379005,2659600
2024-07-23,336.4071350097656,340.7958518997833,333.68005611087426,337.93194626244303,2027800
2024-07-24,328.4605407714844,337.04250444750096,327.8838519509006,335.2146875453081,2835800
2024-07-25,336.5341796875,340.3462376703105,326.4176514647527,327.94246272617954,3291300
2024-07-26,342.5747985839844,344.97930397894277,339.055992012556,340.77630407619705,1894900
2024-07-29,336.75897216796875,343.4544733520092,335.3905557534564,342.2815279514325,2190300
2024-07-30,334.0124206542969,337.92219964834027,330.9823359680639,335.9086658527476,1970800
2024-07-31,338.3913879394531,343.07332686412025,333.162052506124,337.56055392736863,2568100
2024-08-01,324.04241943359375,341.9394274733269,320.68000766081593,338.48904926704074,3747900
2024-08-02,313.6326904296875,316.1056244403759,310.4951011516848,315.47029132222997,4246700
2024-08-05,309.6545104980469,313.3492507656864,300.1244233967526,302.03045274871107,4681300
2024-08-06,319.0769958496094,324.67776376416975,303.4965276018423,306.9664437635007,5071700
2024-08-07,318.45147705078125,327.6199132742145,317.1319505454657,325.9875973002595,3011700
2024-08-08,328.5778503417969,328.84174970151184,320.22067933317715,322.55678674308285,2268300
2024-08-09,330.63043212890625,330.8650092961957,324.98080332582185,328.4213977061204,1668100
2024-08-12,328.45074462890625,332.1845905792245,326.075561143198,330.63045707020876,2127600
2024-08-13,331.15826416015625,331.862025562258,326.202642025821,329.5748084627388,1503800
2024-08-14,329.9755554199219,334.08083512553986,327.0530052881326,331.94022882851345,1610900
2024-08-15,337.8439636230469,339.79885281009126,333.1033513786159,336.72966246839553,3232600
2024-08-16,335.73272705078125,338.03948229864784,333.0740761884332,337.46279348668116,2483800
2024-08-19,336.8763122558594,338.2936190125146,335.5567559357399,335.9281896970286,2252600
2024-08-20,335.5567626953125,338.3620541170975,334.1101635907255,337.2184306621577,1479500
2024-08-21,335.2342224121094,337.8049068413354,334.1394890800997,336.8078941195618,1433200
2024-08-22,334.6379699707031,337.35529500917113,334.06128114826635,335.2635489281409,2021400
2024-08-23,340.5515441894531,341.65606157913356,335.33199257003895,337.1891317124207,2183900
2024-08-26,343.23944091796875,346.41613579024914,341.06951276588757,341.919884774404,1718100
2024-08-27,343.20037841796875,343.7868512040342,339.27106146104694,342.4477567372192,1210800
2024-08-28,340.34625244140625,346.43571375957964,338.0394674655152,342.68232973553563,1514500
2024-08-29,343.7087097167969,348.4199710638072,339.65228986345136,343.2981697688486,1664500
2024-08-30,348.0680847167969,348.20491147187647,341.939486985898,344.6372440666476,2974100
2024-09-03,332.56573486328125,344.6762875460686,330.76724041283524,344.2657476969735,3107200
2024-09-04,329.1545104980469,333.1620398285345,327.72744955453516,330.9530052090093,2782500
2024-09-05,326.0364685058594,328.90037446506227,323.1041342551201,328.44097423927656,2525500
2024-09-06,321.93115234375,330.98229925639026,320.71913053538964,326.66201065154524,2676600
2024-09-09,326.5056457519531,328.7732948538717,325.459772732505,326.3785731644553,2355800
2024-09-10,326.6229248046875,328.17705829947795,321.9605243203162,327.55147937291713,1869200
2024-09-11,327.4439697265625,327.913153914251,318.7544721521993,325.4890803550606,1934700
2024-09-12,331.920654296875,333.347745019575,326.1537365988206,327.717654066745,1747000
2024-09-13,337.52142333984375,339.3883462762701,332.673306032185,334.6966236984384,2518600
2024-09-16,340.1116638183594,343.53272041278666,336.52445832229495,340.4928815854909,1648200
2024-09-17,345.71240234375,346.5823125753183,341.36276169817745,342.10562918118603,2088400
2024-09-18,347.110107421875,353.47328105370013,344.3732745851979,346.9928188473375,1990700
2024-09-19,364.889892578125,366.2387710885852,353.1214495861671,354.81243972060935,4066600
2024-09-20,360.50115966796875,363.07184398920424,357.5883637375403,362.0455091616253,5440500
2024-09-23,362.79815673828125,364.557545239011,358.70266112312413,360.6673046554487,2442700
2024-09-24,377.2252502441406,380.64630691480903,370.9402875767605,371.42900995828455,4024300
2024-09-25,369.7184143066406,379.87407786366134,369.3958707184304,378.27105442609366,2661500
2024-09-26,382.1417541503906,388.26056723899126,377.4891378742388,381.21319962524024,3906800
2024-09-27,382.2590637207031,386.6380267561225,380.3628484279015,382.18088126884084,2683700
2024-09-30,382.2981872558594,383.9012109698039,378.0951867470725,380.5974429299521,2251300
2024-10-01,383.53955078125,386.56960557183527,377.90945960784757,382.4447876303417,2091400
2024-10-02,385.162109375,386.73581100549274,379.8741592860267,383.13882132043494,1767900
2024-10-03,382.26885986328125,385.1132276367577,379.95232060169894,383.4906657885248,1866100
2024-10-04,388.1335144042969,388.4951641725379,383.0117136944609,387.7718646360559,1675100
2024-10-07,389.2673645019531,392.12151624413633,387.2049704355615,387.50797591612854,2224500
2024-10-08,379.2094421386719,386.09066126376416,376.16960340220254,385.36736172219815,2438800
2024-10-09,387.2538146972656,387.654570600275,378.75981794210816,379.4147190102564,1757900
2024-10-10,387.69366455078125,388.0064241719902,381.6921400158497,386.26657386905697,1331700
2024-10-11,392.9522705078125,394.49664969258515,387.6936435741632,387.6936435741632,2110400
2024-10-14,385.0643615722656,387.3515786506034,378.1440362108117,384.5169949122829,3006100
2024-10-15,379.23876953125,383.61773264036333,378.84779760686837,381.81923792481115,2715100
2024-10-16,384.7417907714844,385.69969734770734,378.20268312578173,378.66208334315195,1551600
2024-10-17,385.5921630859375,388.1628475058077,384.2921747162187,386.2372801890766,1561500
2024-10-18,384.976318359375,387.5079261396887,380.92971320007746,387.3124252867115,3024100
2024-10-21,383.0439147949219,385.6630519532068,381.8275083467268,384.81944371088804,2375900
2024-10-22,381.0623474121094,383.8384710263657,378.3843553699575,382.30818130616,1523900
2024-10-23,378.3843078613281,382.60240823856924,375.4021921420419,379.5810758190645,1500900
2024-10-24,379.6889953613281,380.96422675234675,374.9411698079835,379.58110452295,1844100
2024-10-25,378.61981201171875,384.564406485822,376.99142049813264,382.1904783925071,1606800
2024-10-28,383.17138671875,384.11312647026216,379.9930973825383,380.9936921264681,3213900
2024-10-29,380.1304626464844,382.1806581377759,378.2077663535196,382.0825565005566,2186400
2024-10-30,372.0179443359375,380.86619138343855,360.20724928551795,366.8777417055982,4037500
2024-10-31,369.0357971191406,371.6941804906447,365.65148567953366,370.1638909535388,2394500
2024-11-01,372.4005432128906,375.9712095200408,369.7617676747639,370.8702533760522,1633300
2024-11-04,369.3497619628906,374.2251173792941,368.1529937338212,370.89969012888207,1793600
2024-11-05,376.06927490234375,378.7178693303332,368.49628980102517,369.9481161451964,1724100
2024-11-06,408.941162109375,410.3341036144922,396.3162563860983,397.454169550745,4720000
2024-11-07,400.4362487792969,410.530299654798,399.7790246816385,407.0184885191412,3211100
2024-11-08,385.87884521484375,395.3843158878292,384.92731623310124,393.3243012953911,3345900
2024-11-11,388.9884948730469,394.4229722726762,387.4876326410109,390.3324004743346,1858900
2024-11-12,385.5257263183594,391.13679873473006,383.70113164876875,390.21469722342175,1737100
2024-11-13,379.6988220214844,383.7501769683257,378.3254889724912,381.5430249457389,2001900
2024-11-14,379.9832763671875,382.74958074285394,378.8551824361848,381.1015810904457,1372500
2024-11-15,376.7559509277344,381.09176167224405,374.9215671561022,378.6393705472994,2165500
2024-11-18,377.1385192871094,378.9434756149172,375.6278678646584,378.6492006459763,1626200
2024-11-19,375.049072265625,375.951565385867,370.8309714387321,370.8309714387321,1793200
2024-11-20,374.2348937988281,378.84540118847826,371.26259688826264,376.6971041214302,1859600
2024-11-21,382.17083740234375,384.5545545011253,371.78251170973715,376.60883083852,1833500
2024-11-22,389.92041015625,390.5776642179141,380.50325120904836,382.92618515279,1893000
2024-11-25,397.925048828125,399.39648376519665,392.38264988577254,392.38264988577254,4398000
2024-11-26,400.0634460449219,400.63241753639585,394.10906329075647,395.96305536896733,1796600
2024-11-27,396.01214599609375,404.2717828568214,395.5608844576038,400.62262352570093,1371900
2024-11-29,398.3762512207031,403.3595272724779,397.28740381676016,399.5730194123733,1962100
2024-12-02,394.8448181152344,400.3773973164788,393.1575717047862,399.70053492333045,1548500
2024-12-03,391.65667724609375,397.8072633388652,389.04732952710793,395.8355313176718,1716200
2024-12-04,391.9019775390625,393.8246440766429,388.5863394692104,390.979875947929,1193800
2024-12-05,387.45819091796875,393.7853420834388,386.7028352892001,392.8730597660999,1291400
2024-12-06,387.5072021484375,392.1274983703457,385.26080362963927,390.56778130018336,1331000
2024-12-09,391.65667724609375,401.9076540673795,390.8522857817207,394.87421316717126,1739800
2024-12-10,380.9937438964844,387.938903373218,378.26665584063653,383.2793595763817,2251000
2024-12-11,381.46453857421875,383.89732140250965,380.0519588592648,383.0438940614782,1651600
2024-12-12,373.5286560058594,382.44554798042566,372.9106485529772,381.64115637710535,1804600
2024-12-13,373.26373291015625,375.5984139542901,371.67458831679824,373.35201539463014,2034800
2024-12-16,371.70404052734375,375.0392865536996,370.5661274244382,374.49974253082024,1311100
2024-12-17,368.64349365234375,371.67467601658353,366.7110078724361,368.869124456848,2138700
2024-12-18,356.9602966308594,373.9014056280047,356.1166584231655,371.48826087501544,2820700
2024-12-19,353.5072937011719,362.5321055928161,353.15416372607075,361.4236199436092,2616700
2024-12-20,359.0693054199219,364.41550008198175,350.4368707442384,351.6728854442811,5142000
2024-12-23,358.43170166015625,359.37341149629924,354.61576659344695,357.92158513258283,1804900
2024-12-24,360.5701599121094,360.5701599121094,355.75366027846485,357.50958065941484,886000
2024-12-26,360.1287536621094,360.49170278551867,356.94064496476574,358.0981664762919,1097900
2024-12-27,357.9117736816406,360.40341157008584,354.8610133407139,356.46979636777166,1245800
2024-12-30,356.0970153808594,357.87254418481166,351.9083121225723,353.56613094073566,1422200
2024-12-31,355.8517761230469,358.80443472012604,354.9100363642802,356.57767432606596,1168100
2025-01-02,352.918701171875,361.8258027529474,351.2707014742336,358.54941171010705,1802600
2025-01-03,356.8621520996094,357.5390144388998,352.64402144091645,354.7040359545651,1390800
2025-01-06,357.2643737792969,363.7779094544891,355.67519908266905,360.0110400393628,1590700
2025-01-07,356.08721923828125,359.1183713138073,354.2135886796712,357.19570490342284,1607400
2025-01-08,354.1939392089844,355.9694679215127,350.8881208871655,355.5476638486831,1828800
2025-01-10,344.31573486328125,352.9972059603653,343.1385750772161,351.01565465170285,2773900
2025-01-13,355.5967102050781,356.28339168900555,345.1004643017002,346.23837736672624,2746000
2025-01-14,364.4939880371094,364.9157921174519,358.22566207722576,358.52975617574384,2331700
2025-01-15,367.75079345703125,372.70461176439306,367.20143028030446,371.91985854578286,1984500
2025-01-16,373.302978515625,374.1564358044468,367.584015378207,369.14373259750283,1974700
2025-01-17,378.6688232421875,379.48303391424395,374.7253888279667,377.37398339372595,2605900
2025-01-21,392.2063903808594,396.36120388381227,384.76317453896854,384.96009709303127,3144500
2025-01-22,391.46795654296875,394.2936478280461,389.00657496953545,392.52143506747706,1994800
2025-01-23,400.1221923828125,403.2629177512462,391.13322184875483,391.2316831233397,2587400
2025-01-24,401.3332214355469,403.0758688958747,399.01951658404,399.4625773169836,1938200
2025-01-27,388.8786315917969,393.36818944617966,383.8967973933268,391.0544846197368,2964400
2025-01-28,384.26104736328125,390.74924547103933,380.5099043151285,387.953119658405,1788900
2025-01-29,387.1556701660156,393.19095299582824,385.0782483389556,385.88558876638797,2675800
2025-01-30,369.18756103515625,374.92748972581103,367.3956680131068,367.73041230632003,4234600
2025-01-31,365.7022399902344,372.1609029929804,365.5447079601476,371.6292361472078,2858000
2025-02-03,355.96502685546875,362.85689595273755,354.1337732032107,358.51504486208324,3079300
2025-02-04,356.35882568359375,363.9497178186951,353.8580536660011,363.9497178186951,2709800
2025-02-05,353.3067626953125,357.39265062574003,351.6822566562468,357.2646539600027,2134200
2025-02-06,359.8047790527344,361.8624904919387,356.92001694439756,358.2787044129063,3007000
2025-02-07,358.2590026855469,363.8217188320024,356.9790662857453,363.5460453075492,1804800
2025-02-10,357.60919189453125,360.58252989100725,355.96497585373504,359.68658343119137,1944400
2025-02-11,356.6345520019531,358.79072491939695,355.4038610694471,356.15210072501833,1516900
2025-02-12,346.6019287109375,353.3854809509633,346.01119110251506,351.4853015179816,2833100
2025-02-13,348.236328125,352.06622279122377,345.00699622865767,347.12377868317634,3547200
2025-02-14,347.86212158203125,353.3362314728661,347.3501350155906,351.09145281292774,2045300
2025-02-18,348.5316467285156,351.41637885335325,345.6862750774155,349.9789403616924,3120200
2025-02-19,347.5470886230469,348.3839643924199,344.18976045035555,346.4345393110035,2211000
2025-02-20,343.7565612792969,351.3376289131758,342.08283975553985,349.51620045088924,2174100
2025-02-21,334.7873229980469,346.5625653863147,332.38501190247126,345.1152716528832,3225200
2025-02-24,333.6846008300781,340.1137284996224,331.03615177032975,338.0855524232136,2513300
2025-02-25,337.0714416503906,338.9125804037597,331.18383584396764,335.73246442557314,3323500
2025-02-26,337.2880554199219,343.39229426298175,334.8660641572831,340.11374694685884,2397800
2025-02-27,334.7479553222656,341.56107398619713,333.23173558229087,338.34156706869766,1971000
2025-02-28,338.63690185546875,339.57220886148275,333.50736082682283,336.6973318995042,3210300
2025-03-03,326.910888671875,342.77201833166924,324.93192811950314,342.26006174154617,2569700
2025-03-04,321.7026062011719,326.79275706206613,313.7572584176563,322.3327343738093,3500200
2025-03-05,333.26123046875,334.2654934422316,323.5732356033692,324.0359765695788,3189100
2025-03-06,335.7423095703125,336.62840094813606,327.38343712102653,330.09095691480894,2234100
2025-03-07,344.8887939453125,346.68068704521295,334.15717567534114,334.15717567534114,3063800
2025-03-10,339.8774108886719,346.9662019661777,336.56932841661074,339.6706632457086,2809100
2025-03-11,334.521484375,339.8183830933584,331.17401096094244,338.6074024138907,3190900
2025-03-12,332.9068298339844,339.58209635070847,330.26823564598305,337.7311323529218,1816700
2025-03-13,328.1612548828125,335.38786802589414,326.5466040943191,330.8392394029492,2490300
2025-03-14,334.39349365234375,336.70716846181153,331.7450444840493,332.5031392468886,1936100
2025-03-17,337.34716796875,339.04056985085,333.7633815441694,334.4919409628558,1683800
2025-03-18,331.5086975097656,336.71698917632443,330.169720396017,336.71698917632443,3310000
2025-03-19,333.3892517089844,336.7170448544057,331.46939184935616,331.7253551362737,2407200
2025-03-20,331.05584716796875,334.53131701594504,328.4566136037328,329.40180583408994,2782900
2025-03-21,330.5931091308594,330.7604963125648,324.1245905882954,326.093696016449,6766100
2025-03-24,336.3921203613281,337.8492390677125,334.0488802245435,335.28939614401094,2277200
2025-03-25,337.32745361328125,339.48362650889334,335.5650958028505,338.2726158269496,1678000
2025-03-26,335.8407287597656,341.9055764859718,333.55658952342833,338.0559721479962,1703200
2025-03-27,334.0587463378906,336.71705086317166,331.43000724033834,335.81124908498094,1481100
2025-03-28,324.5971984863281,333.02496762095075,322.9825175544914,331.7942766836967,1965200
2025-03-31,324.7054443359375,326.85179189768076,317.02594586451636,320.5998767075799,2837500
2025-04-01,325.4635925292969,327.07824332971575,318.88678771894143,321.9585873287523,1955300
2025-04-02,329.49041748046875,331.1543139839905,321.06264858562196,321.0921839654291,1747600
2025-04-03,301.0368347167969,319.6842647350646,300.288565071028,314.7319659949201,4638700
2025-04-04,283.6299133300781,289.7440069012417,277.15157013306947,280.5975043976014,7216800
2025-04-07,275.7338562011719,289.8031241994144,263.17095279293244,271.7365742160352,7824700
2025-04-08,269.7083740234375,287.2727909103276,264.12594689101314,285.4120018969625,4989000
2025-04-09,296.3602294921875,297.19707528315416,264.9726833749045,266.5775091463791,6457300
2025-04-10,284.6932678222656,293.6625286699032,275.4778387487216,292.0970934522842,4116800
2025-04-11,288.9169921875,290.8467070021474,279.7508092602211,284.48650518541905,3197900
2025-04-14,293.51483154296875,297.8074967258339,291.1420560482425,294.05635352877937,2758400
2025-04-15,288.8972473144531,297.0690515008984,287.87333429647106,292.2447199726609,3611300
2025-04-16,285.65814208984375,291.16178821775117,283.16719485096013,288.1884197583291,3017200
2025-04-17,289.70465087890625,293.1013699340157,287.3909458736988,287.65679434959094,2717600
2025-04-21,281.69134521484375,287.88433050814757,279.4357578535473,286.23219752676295,2978300
2025-04-22,288.0525207519531,290.09046237413554,283.9271547319852,284.42180134301657,2231200
2025-04-23,292.6032409667969,302.0905591990628,292.0195615975646,298.11361137560755,2458300
2025-04-24,303.57452392578125,304.91007590301973,293.88936437169406,294.24549546384554,2874400
2025-04-25,303.1689147949219,304.69240459345525,300.65610160040467,301.83336292980124,2162400
2025-04-28,303.77239990234375,308.0956068158599,300.59677684584636,303.1689454777274,2189600
2025-04-29,304.1087341308594,305.3651558603275,299.66681717071947,301.7344364071339,2651000
2025-04-30,305.95867919921875,312.666085495257,298.94459444438525,311.8350828787638,5124800
2025-05-01,310.5985107421875,315.4757495734319,307.68998607429256,308.04614735548125,2961000
2025-05-02,320.21441650390625,321.1938373040389,315.07010996597603,315.07010996597603,3765200
2025-05-05,319.6505432128906,322.9745843953571,315.9604985313184,315.9604985313184,1829100
2025-05-06,317.454345703125,320.6299687844505,316.4254722041614,318.1072527217754,1724200
2025-05-07,316.8607482910156,319.34385385632555,314.70406602834447,319.284498675694,1555500
2025-05-08,320.7783203125,325.3488500689946,319.44276845344876,321.4015798594461,2553400
2025-05-09,322.1336669921875,324.23096387611923,319.8484019732964,322.1633445824003,1646200
2025-05-12,338.88238525390625,347.24192515812035,336.09260127886597,339.43638704971806,4592000
2025-05-13,348.7654724121094,351.5255790131789,344.34333010305403,345.19410785915363,4132500
2025-05-14,345.916259765625,348.6565910278965,345.04567692958483,347.9542013177954,2052200
2025-05-15,346.0646667480469,347.5782842014577,344.76869501562214,345.6986330788506,1580400
2025-05-16,349.79425048828125,350.4274125810287,344.51142881409453,347.77611424701684,2561700
2025-05-19,348.7951354980469,349.1809441741663,344.80828482702765,345.95586864328686,2277700
2025-05-20,345.7480773925781,348.6862794601769,343.76949095489095,347.0836292761836,2266000
2025-05-21,338.84283447265625,344.6895610952833,337.99202659410554,342.92862035037615,2093400
2025-05-22,341.494140625,343.65079267204493,336.9433856202792,338.33829273075344,2174100
2025-05-23,339.7134704589844,341.24686313162096,332.63999859331466,334.0151308920595,1936600
2025-05-27,347.7464904785156,349.5568838967642,342.9088318482066,346.2031953771393,2240100
2025-05-28,345.7480773925781,349.02263553168376,345.12481783417337,348.7159570491089,1924400
2025-05-29,348.0234680175781,349.30953711874685,345.00610560201625,348.4290818579979,2290300
2025-05-30,344.3037414550781,349.45795102673617,343.3045455741754,348.06304386921414,4867100
2025-06-02,340.979736328125,342.760452198753,335.86507666316015,342.760452198753,2552700
2025-06-03,345.6590576171875,347.08364232113115,341.2270431523266,342.2954665848672,2614300
2025-06-04,345.58978271484375,347.96411056429275,345.58978271484375,346.5493983332601,1616300
2025-06-05,345.2237854003906,347.7465014582875,342.14709769436064,347.24195220854097,1753300
2025-06-06,349.5668029785156,353.61300906124995,348.4884768754644,349.7844487179925,1608000
2025-06-09,354.2362365722656,356.6006317091543,350.1405480800188,351.41674480901605,2147100
2025-06-10,354.73089599609375,356.50170921661737,352.277437811386,355.5915763127079,1894300
2025-06-11,359.251953125,360.3896342857881,353.9196481965603,357.07549597240563,2551700
2025-06-12,357.09527587890625,358.1241492916305,354.0383634208363,355.9971748851093,1571800
2025-06-13,353.22711181640625,356.52147495646835,351.89159019885653,353.40520753080006,1609600
2025-06-16,358.5594482421875,360.7061976895981,356.3434410214193,357.1348635457411,1579800
2025-06-17,353.85040283203125,358.5099957824339,353.20736825693876,356.85786276901604,1560100
2025-06-18,355.9477233886719,360.3303157281208,353.13813399122586,353.3063271390877,2000500
2025-06-20,356.65997314453125,360.3500476445672,355.29477389055603,359.0639785625257,6268300
2025-06-23,362.3088684082031,363.16954868282056,353.89987600155763,356.0664305780659,2927400
2025-06-24,369.026123046875,370.10444896654127,363.980752092121,365.92966082163963,3841800
2025-06-25,367.6015319824219,370.1836027791975,365.5537181259531,369.00634152635365,1737700
2025-06-26,377.79132080078125,378.2364846601638,369.04597187005993,369.99568496091086,2575100
2025-06-27,380.59100341796875,383.341237486264,378.6519970725463,378.91909538532093,4455000
2025-06-30,384.0534973144531,384.98343531979157,380.6899065374658,382.17384630885715,2791400
2025-07-01,386.7345275878906,389.6727297253374,380.13592837737315,382.4508709415988,2393600
2025-07-02,394.1640930175781,394.3718663325584,385.25058157592434,388.49546215144966,2713700
2025-07-03,393.6001892089844,398.11139410432855,393.3330909061186,394.64886780625375,1737800
2025-07-07,387.3182067871094,393.79806544504976,383.9348106159338,393.79806544504976,3012900
2025-07-08,390.06842041015625,391.7106507287577,387.3280589512205,388.22831937718564,2003600
2025-07-09,397.8739318847656,399.43703204745333,392.63069000169736,395.44027906647665,3101000
2025-07-10,403.9580993652344,407.5888188755932,399.12047107344466,400.3274100457096,3382800
2025-07-11,401.57391357421875,402.5236266035374,397.39909501532196,401.1089445573215,2072600
2025-07-14,401.4255065917969,402.43460501738736,397.92343026425846,399.6744684280277,2497500
2025-07-15,400.3076477050781,404.3736285982821,398.7049672295982,401.91029798972306,2167000
2025-07-16,408.4593811035156,408.6473492267164,399.00174053009374,400.663745859712,3242100
2025-07-17,413.5938415527344,415.40423493937664,408.4594071044277,410.4181884422973,2444700
2025-07-18,409.280517578125,415.40424544391357,407.7471250586095,414.21711161324083,2526600
2025-07-21,407.16558837890625,414.47344487317486,406.93720650042405,414.2649407328225,1833300
2025-07-22,414.23516845703125,415.5557351258968,407.4734041065726,407.4734041065726,2185000
2025-07-23,424.5614929199219,425.1274630376006,416.47916207836687,417.02525445767975,3254900
2025-07-24,426.47784423828125,427.1133258794811,421.49341010852885,424.015428632213,2511400
2025-07-25,430.6778869628906,431.78994951154556,425.58421627000536,426.64664507330065,2218400
2025-07-28,429.8736267089844,433.30911214989794,428.06650991523253,428.1955940149908,2550300
2025-07-29,427.0040588378906,432.12751557520323,421.79124318266,431.47218654237406,2383700
2025-07-30,431.0452575683594,433.7360549928062,423.4097210338985,426.9544431012923,3172600
2025-07-31,434.9176330566406,438.02546911260214,430.6083755293752,431.0552004433919,4116400
2025-08-01,425.6537170410156,427.80833059944524,418.3061351282559,423.945898083872,4027300
2025-08-04,430.62823486328125,433.79564339887656,426.94448995108075,427.8083231332557,4059500
2025-08-05,431.15447998046875,436.62543357024634,423.54873000458963,424.6210673308223,4329900
2025-08-06,424.6905822753906,431.6310643998266,422.52602986682575,430.2707725678517,2630800
2025-08-07,414.1656494140625,424.30332632000045,407.05635808006286,423.8168065511041,4261100
2025-08-08,413.56988525390625,418.9117849483701,412.8152887430536,417.5415542845643,2965200
2025-08-11,405.64642333984375,415.32736656410714,403.9187267133106,414.02664738578204,3416000
2025-08-12,409.7868957519531,415.22809353555084,406.73866263021955,408.0890156311732,2765100
2025-08-13,410.7698974609375,412.5968616493398,407.63227516951906,412.2393956660485,4403000
2025-08-14,414.54296875,416.2706351388714,404.1173372005988,406.4010348479905,3676000
2025-08-15,404.9017639160156,413.6096379363489,404.21664853854804,412.77559102061275,3107400
2025-08-18,409.7174072265625,410.21386587415105,402.5882380181033,404.1173391370768,3185200
2025-08-19,413.1429443359375,418.8919438289143,411.12732348453875,416.3401391658903,3543600
2025-08-20,417.611083984375,418.93168096348427,409.13156174957726,411.8620843272812,4060200
2025-08-21,414.9302062988281,417.601125837863,411.22661402860825,416.9557356823022,2504300
2025-08-22,432.58428955078125,434.7389031036899,417.07489601043176,418.6238445604498,3785100
2025-08-25,429.2381286621094,433.80555421719157,429.1090748687191,431.9190174426706,1857900
2025-08-26,428.2055358886719,429.1289417298995,424.2139888435439,428.3445285576261,2792200
2025-08-27,429.60552978515625,431.97858631057096,425.9118763180238,426.68635057880493,1970900
2025-08-28,431.82965087890625,432.89207962362246,429.56580072927153,431.82965087890625,1651700
2025-08-29,416.0720520019531,425.0678798428946,411.43511512210426,422.39693002220184,3673800
2025-09-02,413.10321044921875,414.2549980973624,407.6123792593749,410.9783832873242,2329500
2025-09-03,412.1798400878906,415.1685309687239,408.4564000741345,415.1685309687239,1496700
2025-09-04,417.24371337890625,417.80968351816506,411.355721000711,412.8649444039695,1634600
2025-09-05,420.0834045410156,421.8905211556343,414.9500394770874,417.8592796623642,1843200
2025-09-08,419.7855529785156,420.90755431720123,413.8280494893642,419.65646888802195,1876700
2025-09-09,415.1287841796875,420.5501040730873,413.49047671920977,420.1628820885599,1710700
2025-09-10,419.9146423339844,423.47921166351506,416.52879083902593,416.84653163477435,2221000
2025-09-11,428.32464599609375,432.7034146827129,420.3217354255125,420.9174918327981,2737900
2025-09-12,428.46368408203125,429.54596035765877,424.72039658001137,426.0211158847566,2341800
2025-09-15,432.8523864746094,435.6424817684878,427.5601200976567,430.7573151360263,2255800
2025-09-16,437.54888916015625,437.6779429586783,431.20413293453333,433.0410360385961,2366300
2025-09-17,447.4681091308594,449.1362029041625,439.86235906037064,441.8481936385213,4512200
2025-09-18,463.6526184082031,464.3973063261607,445.6907494632387,447.76594282510894,4331900
2025-09-19,463.2356262207031,468.77609118997424,459.4327361522109,466.9292796340272,5069300
2025-09-22,468.7562561035156,469.8881660511759,456.35469861432335,464.00017382604767,3180000
2025-09-23,467.9222106933594,481.9024727714083,464.8739473478069,469.90804526873984,3856600
2025-09-24,466.4626159667969,473.14492984695335,465.31082828950133,469.3520088785465,2776700
2025-09-25,460.43560791015625,464.6852927083376,456.3249157761264,461.418586332889,2979200
2025-09-26,462.461181640625,465.13213166120516,459.10511624367706,462.18316600249256,2329000
2025-09-29,468.2696838378906,469.143455855129,464.14908336250573,464.76468720153383,2892100
2025-09-30,473.7704772949219,474.0584317924693,466.9094152075619,468.2796459114551,2315300
2025-10-01,477.41448974609375,480.50244791571475,467.80305783049585,470.65272555141894,2964700
2025-10-02,487.0954284667969,492.46711449011406,480.7606114873317,483.4116836079354,2648600
2025-10-03,494.3238525390625,500.9068986691116,489.0415255654699,489.7564271882225,2996500
2025-10-06,491.8713684082031,502.0090453813247,489.54794560259205,496.875679997982,2629200
2025-10-07,483.26275634765625,494.8501142295862,480.1251341360099,494.40328933719013,2135400
2025-10-08,498.56365966796875,505.87154719010715,485.8741770265309,487.51248460930117,3959400
2025-10-09,496.8160705566406,502.9423834437411,493.6189060373594,500.48987657535594,3113900
2025-10-10,487.82025146484375,507.87719280264673,487.82025146484375,499.55654108113106,3889100
2025-10-13,501.1849365234375,502.7934576706514,491.94087906016154,498.59340666292456,2618400
2025-10-14,523.7340698242188,527.7951283293116,495.47568167566504,497.0345388393733,5459800
2025-10-15,530.2675170898438,534.6363778229407,523.4759961172366,530.4164789386709,3447100
2025-10-16,537.1285400390625,541.1299650629068,530.9128683267998,534.2490557586478,3463100
2025-10-17,523.3468627929688,538.3697062564357,523.2375958327661,533.5738987713356,2814700
2025-10-20,528.9330444335938,531.9402889588746,524.7109898118837,527.319902069204,2170800
2025-10-21,522.4307250976562,531.123777254608,519.8317193549713,522.8489314563171,2259100
2025-10-22,511.73614501953125,523.5758651619266,508.0518141729861,523.5061539671825,4149000
2025-10-23,518.2982788085938,520.6781836666389,510.83997132200443,516.1374749519597,2619400
2025-10-24,520.5188598632812,524.9998250975391,518.8161319715309,520.6483148322071,2392000
2025-10-27,524.8405151367188,527.2303267340226,519.2243576010392,524.8205802875564,2493800
2025-10-28,522.25146484375,528.0468535604762,519.4633209878451,523.7352132024248,2775400
2025-10-29,583.0133666992188,593.6880526871995,555.639659164687,555.8188904711803,6948500
2025-10-30,580.6832885742188,591.2583609074264,573.334501254264,575.4455287512561,2574800
2025-10-31,574.8181762695312,584.5667422886486,568.9331417766034,581.5595583407443,2974800
2025-11-03,568.1763916015625,573.7825203975904,562.9983758056021,573.4937689973461,2439400
2025-11-04,545.2637329101562,564.1036835771206,542.8937955380007,562.6100286338449,3440700
2025-11-05,566.7424926757812,571.5819200576002,548.0319363743565,549.6052699165808,2701300
2025-11-06,567.369873046875,581.5197261806529,561.8433007959958,570.7753895089952,2245800
2025-11-07,560.7180786132812,563.1876296117598,548.0021366805005,561.1661872814028,2320100
2025-11-10,568.4352416992188,571.7511725922435,559.1347845640804,567.58886156732,1829900
2025-11-11,565.5276489257812,568.0370087749421,557.8901100417276,566.3142853462349,1517400
2025-11-12,570.5961303710938,578.8112326626548,568.08677058613,568.08677058613,2645100
2025-11-13,551.20849609375,574.3800844827823,542.3262443124925,570.3472279571033,3458700
2025-11-14,551.6865234375,555.9483877514742,538.7116101964168,546.6379618675601,2764500
2025-11-17,549.7147827148438,559.2144668309496,545.2537528363878,550.2525373792113,1941100
2025-11-18,544.5667114257812,549.2368752337318,535.7740451634994,541.0516140949732,1918600
2025-11-19,550.7703247070312,558.537318475393,545.3234920334479,547.6734946239051,1880900
2025-11-20,543.8198852539062,566.463685758122,538.7115801950738,563.556054320649,3195000
2025-11-21,548.1016845703125,552.6423934284032,534.8081791200474,543.5111993666397,2921600
2025-11-24,557.23291015625,563.3469530086793,548.3406906718061,549.7945368623165,4653500
2025-11-25,564.2131958007812,564.7409830463101,545.2338230179016,562.2017818336255,3105100
2025-11-26,571.3031005859375,572.4482603925884,563.625752810959,564.2132230737277,1995100
2025-11-28,573.3245849609375,574.917792761404,569.9788121137689,571.3628863199191,1019500
2025-12-01,565.6571044921875,573.1552817747241,564.601590721917,567.9971396843886,1764500
2025-12-02,580.006103515625,583.0830594555778,566.6528549997921,568.9132722735536,2749500
2025-12-03,588.9879760742188,590.7305735401902,559.8318626475932,578.9406910055246,2545700
2025-12-04,596.6156005859375,600.1704458876488,584.5169711650028,587.6835123697294,2313600
2025-12-05,600.6185302734375,604.4323461140822,595.2115068592616,601.4450363309812,2177300
2025-12-08,593.976806640625,602.2914618527999,589.4261304348183,602.1022631211982,1822500
2025-12-09,591.8458251953125,597.4520149924787,589.7248302955759,590.5413689647821,1755300
2025-12-10,612.7470092773438,614.6190616297847,596.157508791491,597.5914199385314,2797900
2025-12-11,622.963623046875,624.158559140762,601.7039589519935,607.867777365794,2779500
2025-12-12,595.3609008789062,624.8456340606156,593.2598409030406,623.3519791584787,4581100
2025-12-15,587.2653198242188,601.5944645862521,585.4032348025482,599.9813220624196,3968600
2025-12-16,586.4388427734375,596.127665820769,583.800088631783,588.2013751941017,2319400
2025-12-17,559.5132446289062,588.5000960242694,555.1019906270719,585.1045469159837,3753300
2025-12-18,563.4365234375,572.2291282680936,559.5330615044821,566.0952121657389,2193000
2025-12-19,573.7825927734375,579.2692955089734,567.9175533312607,570.2675560780841,5355600
2025-12-22,579.9463500976562,583.3120573923233,573.2548052036037,582.0175686121378,2387700
2025-12-23,579.9563598632812,586.2197922061376,578.0444984363945,578.0444984363945,1731000
2025-12-24,581.2907104492188,584.6464505189552,578.5423754987806,580.195326972621,947000
2025-12-26,580.533935546875,581.3604417007998,576.2023601670514,580.74306913579,954400
2025-12-29,576.1624755859375,581.4997882964747,572.2092977870332,577.6362565410699,2585700
2025-12-30,574.9476318359375,578.5224119575116,573.0755794488327,577.556544269184,1216700
2025-12-31,570.44677734375,576.4911087733359,569.6302386185839,574.8580313230038,1163900
2026-01-02,595.878662109375,597.0735981908765,572.8764008426111,575.1467854751612,2761600
2026-01-05,613.493896484375,619.1200215133827,603.6556836406288,605.3086959398505,3444800
2026-01-06,620.454345703125,624.1187719488267,606.3243672074964,613.3943097788975,2706800
2026-01-07,593.9967651367188,622.3562764954288,593.259905029665,620.3647364106434,3312400
2026-01-08,605.5576171875,607.0014958482016,591.656646056704,593.99674203149,2075400
2026-01-09,615.0075073242188,616.5310647081172,605.6273702586875,607.3898419586903,1822000
2026-01-12,627.1060791015625,628.3109218788456,610.3671881862361,612.0500418817664,1856800
2026-01-13,633.8374633789062,641.8633665920232,630.3223663493819,630.521532490985,1959100
2026-01-14,636.048095703125,637.0239308670776,620.4344291949926,631.4177408326162,2105700
2026-01-15,644.4423828125,649.6004638111567,641.3156506127934,642.211867870051,2052800
2026-01-16,644.1536865234375,652.9064831697896,638.298553910055,649.212154494662,2554900
2026-01-20,627.8047485351562,642.8760305313668,623.9321165959363,640.7800454047223,2659000
2026-01-21,644.1536865234375,645.9702355620277,626.128005656419,632.4659153407424,2490700
2026-01-22,647.1778564453125,654.533907925249,639.6821782128686,647.8765384804376,1565700
2026-01-23,625.4293212890625,645.2715511220819,622.3851289393759,642.8960686125528,2267800
2026-01-26,634.7116088867188,637.7857733335521,618.0832929936029,626.8066755140387,2532900
2026-01-27,637.6959228515625,642.9060355381346,632.0267232406292,638.7838784489842,1827500
2026-01-28,642.0576782226562,646.0500774825832,627.7848021330749,636.7577097226922,2720700
2026-01-29,663.9758911132812,678.6978629395247,641.5086552096884,653.9250189697414,4441900
2026-01-30,656.1109008789062,676.5420364273238,649.0743091405816,654.4041891286149,3300100
2026-02-02,689.5971069335938,690.0662455181919,656.1807450791478,658.5662182249329,4450000
2026-02-03,701.5543823242188,708.680829509524,690.0862253810304,693.0405617977318,3524700
2026-02-04,690.5054321289062,721.7858467057549,673.7173856675988,705.656580247396,7146700
2026-02-05,677.0210571289062,685.1954967372362,663.806225831836,680.2448999136648,2792800
2026-02-06,724.820068359375,726.0178002725005,689.2078757187766,691.2539680724791,3359700
2026-02-09,740.7098388671875,742.0872215022189,720.2388016648257,723.123324785955,2496800
2026-02-10,740.9593505859375,750.5710566234125,736.2682692982056,741.3386333870208,4008700
2026-02-11,773.52734375,774.0662957102252,754.663233192813,757.2383477300212,3926300
2026-02-12,756.8490600585938,788.3091846105693,754.5734242387266,775.2141203737337,4893400
2026-02-13,772.7288818359375,782.510247748964,745.999739795348,763.5463514387212,3232800
2026-02-17,763.3068237304688,772.9484411321599,748.5748607243452,763.5463579388321,3450300
2026-02-18,750.5410766601562,771.2317269197716,748.9541320943854,763.6561226404459,2563700
2026-02-19,759.0848999023438,760.5520774246734,742.7360196636963,750.5710790332733,2908000
2026-02-20,758.2963256835938,770.5030666368694,750.6808194025572,753.5653424199725,2095100
2026-02-23,755.0325317382812,766.5206702635879,751.3496019329682,757.5078606846106,2289600
2026-02-24,766.7702026367188,772.4693745205891,750.2616536005371,753.5653615568204,2615300
2026-02-25,765.1532592773438,776.1223661347269,755.3020193022942,771.0320816140714,2606500
2026-02-26,751.499267578125,769.1456645551114,727.0159114072754,769.1456645551114,3350900
2026-02-27,741.4185180664062,750.0620358397822,729.6508820143395,743.803930375333,3441900
2026-03-02,750.8904418945312,754.2939353765836,723.6822318513574,732.0962057771593,2473100
2026-03-03,720.8077392578125,730.2796970464432,705.2573266044255,726.8861941225689,3332700
2026-03-04,730.5791015625,744.592462130189,729.4513048029638,735.689428725424,2823700
2026-03-05,704.7383422851562,726.6865477144968,692.2620944586389,718.6318748073958,3713200
2026-03-06,679.606201171875,695.0068742964228,673.7872620837095,681.1731643019936,3564400
2026-03-09,703.480712890625,707.2834707164229,661.5904323360513,663.9559240037976,3584400
2026-03-10,715.3181762695312,729.4013501993434,708.9303739321189,711.4256234981032,3089100
2026-03-11,706.2454833984375,719.0510603171668,702.2929861525735,712.1442265716278,1947500
2026-03-12,699.3585815429688,702.4327461172825,678.4683591358591,691.6831913122745,3231800
2026-03-13,692.6712646484375,705.5866783889378,685.8742075041827,703.0016340433469,2042200
2026-03-16,698.4503173828125,708.6508682450784,693.28010673519,704.0296612307346,2145500
2026-03-17,700.6660766601562,707.6527754302717,693.5895221014149,706.0158770978132,1824900
2026-03-18,692.302001953125,710.4874126057266,691.3837671632582,699.9773921129927,1796200
2026-03-19,687.3414306640625,692.1721994339167,667.7287458248552,675.2045033516707,2240200
2026-03-20,679.586181640625,692.7411294028627,669.166017522727,685.3252553634701,5131100
2026-03-23,700.3666381835938,710.647053886031,693.2401910282354,697.6717565538422,2981000
2026-03-24,715.2682495117188,719.7796800070197,691.7131190945474,692.4816144993522,2098300
2026-03-25,717.6736450195312,727.9640513308992,715.6375433960025,725.8680661572424,1591500
2026-03-26,701.8538208007812,716.6057045872205,695.1066562134266,708.720752494015,2428700
2026-03-27,694.07861328125,707.0139474772166,691.014439637954,693.1503268744318,2059800
2026-03-30,666.1617431640625,701.6541696664626,663.3071923525498,700.8756834993125,2610000
2026-03-31,707.1138305664062,707.5430061848704,670.7230886755175,678.7078873502261,3002200
2026-04-01,728.9322509765625,738.6038404452144,718.3723380680742,720.6280533561188,2435800
2026-04-02,715.8571166992188,734.0125546852682,704.109523357077,704.2292904607782,1764300
2026-04-06,719.8695068359375,721.1969966583447,702.9317820751278,715.3780576309246,1246500
2026-04-07,723.0634155273438,724.3509423277178,707.582878011192,718.2226559053267,1549100
2026-04-08,770.1138916015625,772.928540460653,751.6689651333924,763.1670947842849,3014000
2026-04-09,785.5744018554688,794.0083571878253,771.5211398831668,771.5311306280439,2801900
2026-04-10,789.1575927734375,796.3339330605637,784.7460085375411,789.1675835189072,1872000
2026-04-13,790.2255249023438,797.0225820153474,783.8377228167669,786.9218170439946,1820100
2026-04-14,792.7407836914062,796.4836580242269,780.553962932838,794.4874583800558,1866300
2026-04-15,768.7064819335938,788.4688451733938,755.2122144835043,785.6043037102696,2764700
2026-04-16,771.1917724609375,771.3415118001224,753.0164139074433,766.5406541503489,2005100
2026-04-17,793.1400146484375,800.2464802094331,774.5254293813317,779.0268691367888,2818800
2026-04-20,798.4000244140625,799.6300048828125,786.8300170898438,790.9000244140625,1454100
2026-04-21,800.4500122070312,820.2000122070312,797.7899780273438,804.8800048828125,2293500
2026-04-22,808.8699951171875,817.8499755859375,805.47998046875,812.5,1628400
2026-04-23,835.239990234375,845.27001953125,815.4600219726562,817.1099853515625,2601800
2026-04-24,830.7899780273438,839.5,826.6500244140625,839.260009765625,2253900
2026-04-27,828.7899780273438,836.02001953125,816.719970703125,829.760009765625,1986700
2026-04-28,817.8699951171875,825.0,805.0,814.3499755859375,1875600
2026-04-29,810.0499877929688,823.2100219726562,809.0999755859375,822.9299926757812,2566300
2026-04-30,890.1099853515625,896.97998046875,850.7999877929688,856.6300048828125,5203300
2026-05-01,889.6699829101562,905.0,879.5800170898438,896.8400268554688,2376500
2026-05-04,874.780029296875,892.8400268554688,869.5900268554688,887.280029296875,2669900
2026-05-05,904.5900268554688,908.9000244140625,888.0999755859375,888.0999755859375,2581100
2026-05-06,926.9299926757812,930.5399780273438,905.3499755859375,913.5,3010600
2026-05-07,895.6900024414062,931.3499755859375,886.8800048828125,929.9600219726562,2957300
2026-05-08,897.4500122070312,914.77001953125,893.8499755859375,911.0,2029300
