Date,Close,High,Low,Open,Volume
2010-01-04,28.060314178466797,28.07047441006057,27.72501361594402,27.938386231370213,4874200
2010-01-05,28.2872314453125,28.338035181546115,27.758878790047792,27.979026591069875,5296800
2010-01-06,28.222883224487305,28.36513162261736,27.90790315206479,28.321103094811036,7195200
2010-01-07,28.111114501953125,28.13482256745078,27.857098407055958,28.131434962669587,3752200
2010-01-08,27.606475830078125,27.657279576736475,27.128924229069856,27.166180137686922,8150200
2010-01-11,27.48454475402832,27.54550872630582,26.929096377271392,27.311813068577813,7054200
2010-01-12,27.325355529785156,27.501472201727868,26.96973199745851,26.96973199745851,5733800
2010-01-13,27.454057693481445,27.569212995911744,27.24068511189989,27.274553406502243,4570600
2010-01-14,27.237302780151367,27.42696991781592,27.14585810862358,27.35923073151224,5403800
2010-01-15,27.095046997070312,27.504859272822795,26.952798620492104,27.277938874378744,7913200
2010-01-19,27.29487419128418,27.342292905074068,27.02392524725572,27.10520967206573,4460400
2010-01-20,26.827484130859375,27.13569154263106,26.553147596326216,27.13569154263106,7762000
2010-01-21,26.929649353027344,27.573345078803346,26.653780498671374,27.328127164523323,9020200
2010-01-22,27.48821449279785,27.648287526041756,26.6878519249978,26.922852982178807,10959000
2010-01-25,27.406478881835938,27.740245898160758,27.1885078430549,27.63126037877024,6220000
2010-01-26,27.375810623168945,27.50523264435858,27.07610125539518,27.198710223670435,5581400
2010-01-27,27.379220962524414,27.525670439558205,27.13059906331136,27.379220962524414,6222200
2010-01-28,27.242998123168945,27.835609295197024,27.1340126085005,27.488216180777854,8153400
2010-01-29,27.25661277770996,27.539294757703946,27.0079908711948,27.40646878607666,6692600
2010-02-01,27.225967407226562,27.389444360372334,26.912631816595084,27.389444360372334,6400400
2010-02-02,27.60401153564453,27.61082199270925,27.06930101059729,27.191907426697522,5937400
2010-02-03,27.525680541992188,27.66531961483163,27.396261053698286,27.569955014677547,5777600
2010-02-04,27.13399887084961,27.501825771036184,27.113564909200903,27.403057292370253,7284000
2010-02-05,26.994367599487305,27.263426072145716,26.589076626968847,27.123787045224,6091800
2010-02-08,26.936477661132812,27.174885279558364,26.888796657131667,27.08633372994774,3262400
2010-02-09,27.304290771484375,27.45074023677692,26.939870371582245,27.079509381976337,4059600
2010-02-10,27.185100555419922,27.341767072766466,26.926258979690136,27.341767072766466,3793400
2010-02-11,27.358787536621094,27.379221501775667,26.99096057332624,27.099946051515225,3524000
2010-02-12,27.13060760498047,27.334955112093493,26.936474485040637,27.283867585710357,4864600
2010-02-16,27.457551956176758,27.515449914465638,27.007986600582548,27.219144471616897,3914400
2010-02-17,27.65509796142578,27.716402472014565,27.433723016140224,27.525678482813667,3467800
2010-02-18,28.077411651611328,28.176180148014428,27.59719267928097,27.604005733332926,4855200
2010-02-19,27.842411041259766,28.07059898519453,27.665310609745024,28.07059898519453,4863000
2010-02-22,27.954805374145508,28.046760825415227,27.757268362180586,27.8764708354632,4043400
2010-02-23,27.890090942382812,28.09443838570009,27.668713462781295,27.971829400025978,4416600
2010-02-24,28.25450897216797,28.28175598854056,27.87646506485843,27.954799587324995,4016000
2010-02-25,28.30560874938965,28.373723721432015,27.5427101491527,27.839013135798588,5434400
2010-02-26,28.24768829345703,28.40094815785036,28.10123888148266,28.397541632432105,3667400
2010-03-01,28.53720474243164,28.55423218709778,28.234088684124853,28.34307420398325,3972200
2010-03-02,28.5610408782959,28.69386687912095,28.469082817158945,28.65980939657441,5687800
2010-03-03,28.5610408782959,28.69727340690141,28.472489344939408,28.526983395749358,3841400
2010-03-04,28.663206100463867,28.826683000025703,28.45885607838387,28.58146505226448,3954800
2010-03-05,28.68023109436035,28.741535576080132,28.48950719497359,28.738129049757298,5870000
2010-03-08,28.591684341430664,28.704076342962562,28.417990446429013,28.629148341941296,3466000
2010-03-09,28.779006958007812,28.925456446464608,28.43161653803204,28.47929752511854,4540800
2010-03-10,28.465679168701172,28.85053366227164,28.339663623774143,28.843723205062872,5145400
2010-03-11,28.63595199584961,28.635951995849606,28.19319718883383,28.35327012057673,4436200
2010-03-12,28.659805297851562,28.710892813574876,28.50994927797491,28.52357278872906,4126400
2010-03-15,28.734729766845703,28.76197418657772,28.55422022041143,28.60190380138446,3536800
2010-03-16,28.819866180419922,28.891387632985193,28.63935668765855,28.758561707018565,3490600
2010-03-17,28.823286056518555,28.857346137135092,28.54060661570437,28.857346137135092,4796600
2010-03-18,28.87096405029297,28.90502412736914,28.578067655106597,28.7824151254683,2695800
2010-03-19,28.89480209350586,28.97994708213371,28.707484677575895,28.89480209350586,5987200
2010-03-22,28.93226432800293,29.157048331482443,28.734729941258163,28.734729941258163,4573800
2010-03-23,29.065088272094727,29.143422794698694,28.7721919400404,28.932262315068503,4531200
2010-03-24,28.724502563476562,29.010590981300844,28.639357603164974,29.003780527779828,4359600
2010-03-25,28.407773971557617,28.792628367363868,28.394150462181457,28.768787875560275,5516600
2010-03-26,28.758573532104492,28.84031199744328,28.435021001172725,28.435021001172725,5112200
2010-03-29,28.942480087280273,29.027625059461894,28.693855625205874,28.727913094394854,2998400
2010-03-30,29.10596466064453,29.163862633388547,28.826689182116827,28.92205116038204,3925800
2010-03-31,29.037843704223633,29.13661218942387,28.93907521902339,29.014003214583468,3754600
2010-04-01,29.225173950195312,29.266044492592968,29.04126040703532,29.068507435300422,3489200
2010-04-05,29.160449981689453,29.340956900613374,29.082115466735818,29.286462873094624,3914400
2010-04-06,28.925464630126953,29.058290645792933,28.714304057274028,29.048073659729344,4068200
2010-04-07,28.98675537109375,29.068493819181906,28.779001425121763,28.881176434045774,4380000
2010-04-08,28.799449920654297,29.034451000717468,28.748364988831632,28.973146484110543,4190600
2010-04-09,28.700674057006836,28.864153592338628,28.61212513218705,28.796038635028168,5346000
2010-04-12,28.877765655517578,28.894793088885503,28.666605214094652,28.775590661637896,3557000
2010-04-13,28.796043395996094,28.945896846538805,28.680244831319985,28.874375350012162,3755000
2010-04-14,28.82668685913086,28.857340405913916,28.58487540561062,28.74154187133843,2644800
2010-04-15,28.69387435913086,28.799453362073606,28.44524973473209,28.796049431825157,5188400
2010-04-16,28.69387435913086,28.86075788600618,28.506554258664664,28.605322802690473,5536400
2010-04-19,28.659805297851562,28.67683273748001,28.27154433582477,28.35328280193068,5416000
2010-04-20,28.792631149291992,28.833501681369356,28.547413153665765,28.72110966697084,3439600
2010-04-21,28.847135543823242,28.922063587059274,28.680252010155808,28.81989110862662,4145000
2010-04-22,28.782007217407227,28.891678962558906,28.6689074948125,28.734023377546503,3404000
2010-04-23,28.53866958618164,28.75115972957716,28.302191445794666,28.75115972957716,6383600
2010-04-26,28.85740852355957,28.925955008270165,28.555811835176048,28.631211660967185,4110600
2010-04-27,28.648344039916992,28.980787273644545,28.617500085338968,28.720318496827364,4482200
2010-04-28,29.1315860748291,29.179567301534597,28.504399535317756,28.775152237316327,6286000
2010-04-29,29.06304359436035,29.412621493378197,28.912243951954565,28.960225180941702,6213200
2010-04-30,28.823131561279297,29.28923711688933,28.795712972177395,29.213837304249388,5243600
2010-05-03,28.881397247314453,28.946515749827945,28.62435382974754,28.89168118043305,4227200
2010-05-04,28.401586532592773,28.764873746143387,28.350177323276117,28.734027174640993,5942000
2010-05-05,28.350170135498047,28.672331991740634,28.257633059233317,28.41528862510802,5291000
2010-05-06,28.024585723876953,28.620928332475163,27.24660213419655,28.35360359782534,9461800
2010-05-07,27.489925384521484,28.075983828310363,27.315135198373284,27.966312118620863,8095800
2010-05-10,28.507837295532227,28.562671881392184,27.942341084128522,28.034878206515813,5709200
2010-05-11,28.38786506652832,28.620917782715644,28.182230932193598,28.30903729739707,5098000
2010-05-12,28.6346378326416,28.679191083807325,28.261066705181346,28.377594414448343,4711400
2010-05-13,28.49068832397461,28.792287574162916,28.473553666892457,28.792287574162916,3443000
2010-05-14,28.36388397216797,28.703180538333235,28.261065563133275,28.583227470979935,5933600
2010-05-17,28.72374725341797,28.850556293932048,28.408441255945323,28.439287828948697,5550400
2010-05-18,28.49754524230957,28.874541703012955,28.439282699655006,28.81970452302231,4739600
2010-05-19,28.15482521057129,28.528393753522636,28.004025556281388,28.39473137441334,6132000
2010-05-20,27.520769119262695,27.983446515348177,27.520769119262695,27.781237768822503,6360200
2010-05-21,27.277442932128906,27.496789027635575,26.97584629982562,27.373407992879564,10941400
2010-05-24,26.982698440551758,27.256876445315545,26.897017323791793,27.15406067407169,5781800
2010-05-25,26.845605850219727,26.866168479765648,26.232128792560218,26.43776293235928,5927800
2010-05-26,26.725671768188477,27.123231038362338,26.691397208271617,26.98271527887408,8645000
2010-05-27,26.99642562866211,27.150653324872078,26.82506326495025,27.010134931532917,5342000
2010-05-28,26.763351440429688,27.03753205038858,26.735935471257864,26.77706073240564,5300600
2010-06-01,26.365793228149414,26.81133607908716,26.338374643369825,26.653680523994606,6696000
2010-06-02,26.807918548583984,26.814771890059355,26.26641305468843,26.482328610708525,9404000
2010-06-03,27.03411293029785,27.092378093978823,26.677679066492654,26.996413018708203,4201000
2010-06-04,26.472036361694336,26.866170010723735,26.400064539402376,26.72907970478567,5903800
2010-06-07,26.609128952026367,26.903872219923883,26.461757318077613,26.461757318077613,5416600
2010-06-08,26.992990493774414,27.037543750891633,26.561156761386044,26.609137996675727,4894400
2010-06-09,26.979290008544922,27.147224386913923,26.87304618352524,27.01698993641295,5436600
2010-06-10,27.236310958862305,27.32884540475948,27.126639245497554,27.136920560066137,3870200
2010-06-11,27.126638412475586,27.14377306463708,26.825039248899287,27.05123862158151,3579400
2010-06-14,27.184917449951172,27.383698362189012,27.16778017259979,27.16778017259979,3712200
2010-06-15,27.695556640625,27.71269390574072,27.308279027937335,27.32884165425257,4172200
2010-06-16,27.633882522583008,27.67501041436518,27.479657504266786,27.479657504266786,2863400
2010-06-17,27.726402282714844,27.740111571400497,27.47621234006573,27.69898370534354,3043600
2010-06-18,27.620166778564453,27.83608489154754,27.596176167653052,27.746975787542134,5187800
2010-06-21,27.815521240234375,27.949183583962302,27.705846891759787,27.81209326314945,5114400
2010-06-22,27.74011993408203,28.086269772323945,27.70584539464559,27.81894509931326,5446200
2010-06-23,27.531057357788086,27.788100710802908,27.43509492436072,27.66129171532806,4431200
2010-06-24,27.52762794494629,27.76068067744692,27.39739359420008,27.520774606393356,4429800
2010-06-25,27.085525512695312,27.620175067619794,27.075244192759268,27.58933110781166,9237400
2010-06-28,27.15749168395996,27.27059140915136,26.92443889331438,27.116366412821794,3760200
2010-06-29,26.732507705688477,27.020394995116824,26.53372689263741,26.9724137802121,6413600
2010-06-30,26.992990493774414,27.160924817288308,26.639984570665504,26.735947041244874,7761200
2010-07-01,27.020401000976562,27.06838484132682,26.59542331102575,26.945003799924862,7912800
2010-07-02,26.979290008544922,27.19177765858429,26.866190224940834,27.19177765858429,3917800
2010-07-06,26.99642562866211,27.19177861870234,26.79079131516431,27.143797366045593,4166000
2010-07-07,27.753826141357422,27.757251503096057,26.962130911481008,27.12321181571517,5472000
2010-07-08,28.08970832824707,28.127408244001337,27.801820914975814,27.853227513930516,4827200
2010-07-09,28.15482521057129,28.25764101731171,27.99717221507779,28.021162831461996,4259400
2010-07-12,28.39129066467285,28.43927449070454,28.024575627374247,28.05542218591034,6071000
2010-07-13,28.49754524230957,28.614070327618705,28.39472683721744,28.54895444485564,4135800
2010-07-14,28.552379608154297,28.56951688047688,28.267920236976185,28.435854523658794,2638200
2010-07-15,28.47697639465332,28.6037853962752,28.278198179252435,28.49754164194194,3370600
2010-07-16,28.38786506652832,28.52495536101143,28.17194700291396,28.404999719101284,4734600
2010-07-19,28.483835220336914,28.648341526548943,28.367307523221186,28.497544514984682,3807400
2010-07-20,28.778581619262695,28.792290915387667,28.298766714012167,28.319329350809188,3872000
2010-07-21,28.456411361694336,28.857398350462528,28.33645832421412,28.826554404301948,4568800
2010-07-22,28.480554580688477,28.753046578709895,28.40122040138486,28.659915036415303,5431600
2010-07-23,28.791004180908203,28.801351550831857,28.377090962906735,28.473672555879276,3247400
2010-07-26,28.884124755859375,28.966908954372492,28.690966889152566,28.76340108916762,2953800
2010-07-27,29.17730712890625,29.21869922188318,28.73235462940053,28.922062467827256,4770200
2010-07-28,28.92551612854004,29.204905554662812,28.811689832127612,29.177310822518255,5583400
2010-07-29,26.94564437866211,27.463033845468825,26.442052280093044,27.249178585153643,32939000
2010-07-30,27.242277145385742,27.414740275212857,26.838711421590617,26.842161421029143,17946000
2010-08-02,26.99048614501953,27.445788809231455,26.93874666762699,27.445788809231455,11233600
2010-08-03,26.952539443969727,27.021523647684543,26.77662630344465,26.869757873196207,7014800
2010-08-04,26.92493438720703,27.093950095193826,26.90423966034239,26.938731748976014,4265200
2010-08-05,26.60416603088379,26.96633971838073,26.54207918821514,26.921500244289643,6605600
2010-08-06,26.38686180114746,26.54897758228555,26.228196019831977,26.428253904282336,7069600
2010-08-09,26.30752944946289,26.54207945393941,26.155763657092667,26.507587348017953,6702600
2010-08-10,26.89389991760254,27.10775250667516,26.145410592691512,26.14885796042735,10654000
2010-08-11,26.376508712768555,26.683492840932335,26.37650871276856,26.628303382055222,5965000
2010-08-12,26.566226959228516,26.66280855008222,26.179911122130783,26.238547971464648,5652800
2010-08-13,26.34890365600586,26.617945583636512,26.31786157123796,26.469627260509714,4805400
2010-08-16,26.273038864135742,26.321328341536418,26.0453888466153,26.183359909865434,4632400
2010-08-17,26.369604110717773,26.48343037609507,26.21438838998712,26.366156743823513,3880600
2010-08-18,26.490339279174805,26.5903655842931,26.255789304197474,26.31442614004714,3802200
2010-08-19,26.473087310791016,26.535174135480105,26.259232107622335,26.43859521520335,5859000
2010-08-20,26.224735260009766,26.469632515357546,26.176445808621626,26.35925625053069,5389200
2010-08-23,26.0488224029541,26.414445921432527,26.02123031019806,26.276474931341294,4743600
2010-08-24,26.031578063964844,26.193693782382717,25.748738714249974,25.748738714249974,4310400
2010-08-25,25.96603775024414,26.06606664028524,25.84186413719846,25.87980622071672,4848600
2010-08-26,25.52109146118164,26.110915008868663,25.496946729928197,26.079872910790662,7080400
2010-08-27,25.610774993896484,25.686659192708746,25.22100926458997,25.58663026078154,6941600
2010-08-30,25.476253509521484,25.738398201240752,25.476253509521488,25.56593507303201,4520800
2010-08-31,25.469356536865234,25.81083546602807,25.421067065755523,25.44521180131038,7446600
2010-09-01,25.841880798339844,25.976401860606735,25.662520259177033,25.779793951787497,5829800
2010-09-02,25.810823440551758,25.903952339565585,25.700447182072093,25.828068168440016,5507000
2010-09-03,25.817731857299805,25.9522528976701,25.565937143408203,25.872921325953623,7356800
2010-09-07,25.786693572998047,26.128169908223775,25.700461989142525,25.765996203398938,7220000
2010-09-08,25.728036880493164,25.86945784654473,25.583168548131077,25.859110484458487,5151400
2010-09-09,25.717702865600586,25.94190547627803,25.659066028961796,25.886718639317614,4286000
2010-09-10,25.931549072265625,26.00743324927365,25.76253598902452,25.779780718249572,7164200
2010-09-13,25.886709213256836,26.072967022808037,25.83496976323584,26.041924931742084,4388000
2010-09-14,26.017784118652344,26.141957764745612,25.879813108373362,25.879813108373362,5886600
2010-09-15,26.30752944946289,26.404111030253574,25.914313652484452,26.021242601893675,5240800
2010-09-16,26.41445541381836,26.41445541381836,26.128165967023243,26.32477384329413,5804200
2010-09-17,26.686935424804688,26.707630150344272,26.448935554789436,26.448935554789436,9000400
2010-09-20,26.99048614501953,27.059470360490163,26.611067696772785,26.621415065935466,6515400
2010-09-21,27.093948364257812,27.249164068981766,26.862845858863743,26.955977386960125,8600200
2010-09-22,27.059459686279297,27.20088069326028,27.028417591036504,27.076707049132917,5327400
2010-09-23,26.92493438720703,27.052558009886873,26.780066035999212,26.883544933477754,5026800
2010-09-24,27.083600997924805,27.245716714611927,26.949080005690337,27.124993084603783,5762800
2010-09-27,27.22503089904785,27.31471246708693,26.952538826928887,26.99048092757701,4768000
2010-09-28,27.18363380432129,27.314707448506454,27.0180706969838,27.30436008324513,6266000
2010-09-29,27.011171340942383,27.249171273920894,26.952534515349424,27.159489720228116,4592400
2010-09-30,26.511024475097656,26.86629799357825,26.335111399263813,26.49032974790934,11758800
2010-10-01,26.41099739074707,26.690386753314577,26.366157934896084,26.597257842984707,9056800
2010-10-04,26.359272003173828,26.642111515294815,26.30063515310005,26.373069373469892,5963200
2010-10-05,25.841880798339844,26.248893985387635,25.662520259177033,26.1799097699202,15187600
2010-10-06,25.51074981689453,25.88327086685231,25.438315606888118,25.77634455183031,9862400
2010-10-07,25.438322067260742,25.697016867944747,25.410727323608675,25.676322125995497,7566800
2010-10-08,25.83497428894043,25.88326374899852,25.393469150364645,25.445205977871023,6490400
2010-10-11,25.817731857299805,26.121268671738388,25.714255550941957,25.92121079523636,4662600
2010-10-12,25.848783493041992,25.986751938357255,25.724609786994726,25.848783493041992,6356200
2010-10-13,26.121267318725586,26.217846252288528,25.914309453572347,25.990193653251392,5276600
2010-10-14,26.159204483032227,26.37305969678542,26.059178190350767,26.114365019706803,4183200
2010-10-15,26.176454544067383,26.345467680327904,26.072975609944596,26.266136111535225,5683000
2010-10-18,26.466190338134766,26.53862452942019,26.248885132700245,26.283377228801175,5691400
2010-10-19,26.300628662109375,26.52138126920603,26.19714972621715,26.31787602861763,4975000
2010-10-20,26.621414184570312,26.73868787330359,26.317879962337962,26.3765168067046,6251600
2010-10-21,26.638778686523438,26.9339954449938,26.503327476065966,26.857586526320308,4943600
2010-10-22,26.68740463256836,26.916631410667573,26.60405064497569,26.722137889692842,2964000
2010-10-25,26.69782066345215,26.84369077393525,26.604045128302342,26.791593548827016,3994800
2010-10-26,26.551937103271484,26.583196485531737,26.287982529695746,26.583196485531737,7292600
2010-10-27,26.222000122070312,26.437334057124062,26.10738677035906,26.36787021528029,5880600
2010-10-28,26.02056884765625,26.395665786889783,25.836494233895987,26.360935177651633,15811800
2010-10-29,26.784635543823242,26.895775000446008,26.013604404226825,26.1733672075112,8847000
2010-11-01,26.83326530456543,26.83673650888981,26.68392137561393,26.7186519672778,5421400
2010-11-02,27.107641220092773,27.177102402745998,26.871469489387845,26.871469489387845,6532200
2010-11-03,27.25004768371582,27.25004768371582,26.892317423997227,27.18058647494969,6120800
2010-11-04,27.243101119995117,27.475799071278626,27.15627328893932,27.43759461363207,6851000
2010-11-05,26.94093894958496,27.194477378739453,26.788121121065814,27.194477378739453,5781000
2010-11-08,26.923572540283203,26.975669768586105,26.697822300595806,26.798542902041387,4638200
2010-11-09,26.739486694335938,26.96871334235344,26.670025519055837,26.840207253333872,5745000
2010-11-10,26.72214126586914,26.805495263993073,26.54501170130194,26.805495263993073,3476800
2010-11-11,26.65613555908203,26.74990842055532,26.531103310601463,26.649190500732782,4405600
2010-11-12,26.59709930419922,26.680453272113144,26.485959797055703,26.4998525666705,4214200
2010-11-15,27.218780517578125,27.441059480289844,26.954823255692617,27.128478860922037,9339800
2010-11-16,26.676979064941406,27.229205388293167,26.538056670177912,27.229205388293167,8066600
2010-11-17,26.871463775634766,26.979129380786308,26.541516603753866,26.6040327147585,6586800
2010-11-18,27.163206100463867,27.260452803429615,27.027754957079583,27.062485543885362,4312600
2010-11-19,27.27434539794922,27.295183219947898,27.07985199323111,27.20488422477101,4925600
2010-11-22,27.225723266601562,27.2674015622402,26.937454350425863,27.24308988556117,2817400
2010-11-23,27.006919860839844,27.038176597187704,26.881887615900023,27.02428383110837,3700800
2010-11-24,27.07986068725586,27.173633566129734,26.85410782728757,27.093753456306573,5101600
2010-11-26,26.878416061401367,27.048597823327533,26.788114399047426,26.937458334958997,1707000
2010-11-29,26.808948516845703,26.87840968693727,26.5206796263955,26.819367427382062,3018400
2010-11-30,26.58668327331543,26.822855082835055,26.569316646969444,26.64225170802732,5459400
2010-12-01,26.822845458984375,26.8992516980773,26.715177183865148,26.77074824841368,4992800
2010-12-02,27.006919860839844,27.09027380754166,26.8436831716254,26.850628229777975,5585600
2010-12-03,27.072906494140625,27.09027311373857,26.909672458880927,26.961767018126512,3047800
2010-12-06,26.99997329711914,27.14931722658315,26.96871655944668,27.114586634800094,3966000
2010-12-07,27.149322509765625,27.22920527120849,27.045130714141028,27.138903595180647,6150600
2010-12-08,27.31602668762207,27.361176190162315,27.09027387537246,27.100692787514504,4426000
2010-12-09,27.156265258789062,27.47231709249208,27.114586958287575,27.39590819979319,4348400
2010-12-10,27.163206100463867,27.354228302556535,27.0867972196268,27.15626104301228,3927800
2010-12-13,27.55915069580078,27.68418297383535,27.16321603194961,27.177108801706215,5752600
2010-12-14,28.05580711364746,28.125270965304022,27.652927373139406,27.673765203748875,6626000
2010-12-15,28.12874412536621,28.239883645965364,27.97245508538387,28.059282918657434,5406600
2010-12-16,28.194725036621094,28.194725036621094,27.899511028622822,28.045381105547946,6601800
2010-12-17,28.132204055786133,28.21903184608177,28.007171825778507,28.14262296665779,7349000
2010-12-20,27.937715530395508,28.24334845167033,27.937715530395508,28.232929538979896,3850600
2010-12-21,27.750160217285156,28.08357858892229,27.566085739693435,27.982858041796437,5964200
2010-12-22,28.104434967041016,28.14611328468185,27.62514623816083,27.798801920334505,3753200
2010-12-23,27.968982696533203,28.229466210011076,27.916885463882565,28.024553784633973,2650200
2010-12-27,27.927291870117188,28.014119660809346,27.836990225860653,27.941181984826912,1822000
2010-12-28,28.05580711364746,28.100959279667975,27.78490471662437,28.05233325862088,4481200
2010-12-29,27.944660186767578,28.100951824197818,27.944660186767578,28.028014136865796,2249800
2010-12-30,27.889087677001953,27.9446560856542,27.83699047217091,27.93076332104766,1972000
2010-12-31,27.913415908813477,28.010662668964994,27.83005927173319,27.840480838699836,2218400
2011-01-03,27.71196174621582,28.000230686277966,27.48968278393939,27.902981321729563,6693400
2011-01-04,27.673770904541016,27.875212141179404,27.552212451319765,27.621673667510322,5136000
2011-01-05,27.500110626220703,27.5730456859851,27.22920821858862,27.253519905176752,7206600
2011-01-06,27.33687973022461,27.541794832265456,27.208373559460835,27.406343599465437,8646800
2011-01-07,27.204885482788086,27.361174454553172,27.09027215694754,27.329917720109766,6400600
2011-01-10,27.052082061767578,27.25352328981504,26.965254220344576,27.076393751375,6887600
2011-01-11,27.163206100463867,27.197936687269646,27.031228810692337,27.111108895368236,3457600
2011-01-12,27.2326717376709,27.395905771507593,27.010390137806304,27.288240150306475,5763200
2011-01-13,27.197940826416016,27.36812523227969,27.031232924468096,27.36812523227969,4260200
2011-01-14,27.197940826416016,27.19794082641602,27.02775907032667,27.14237240902482,4035800
2011-01-18,27.229204177856445,27.427171496346375,27.14585021474877,27.211837554395604,5760800
2011-01-19,27.437589645385742,27.486213009990532,27.177106199385246,27.29519075634698,5880400
2011-01-20,27.434123992919922,27.58346798593447,27.263942165923254,27.42717893151769,5106400
2011-01-21,27.622934341430664,27.675383484474555,27.27677426561975,27.48307084920503,6760800
2011-01-24,27.916645050048828,27.93762630770246,27.573982297905278,27.573982297905278,5271200
2011-01-25,28.01455307006836,28.09847010277916,27.780280574419375,27.930633369683182,5345200
2011-01-26,27.972583770751953,28.129928487393045,27.92712928248693,27.969086450832037,4402600
2011-01-27,27.05997657775879,27.455088342219046,27.035500674963437,27.091447120023293,15442400
2011-01-28,26.92011260986328,27.164874300735704,26.864168833563454,27.01801621914294,6718800
2011-01-31,26.843198776245117,26.899145243546638,26.713827239040533,26.839704122794565,6763600
2011-02-01,26.82221221923828,26.990048903624654,26.787247021395917,26.927110480438962,12784400
2011-02-02,26.591432571411133,26.654370977536608,26.175339627155328,26.654370977536608,15127600
2011-02-03,26.54948616027832,26.710328242167723,26.497037017392287,26.59144600812199,7590800
2011-02-04,26.657880783081055,26.682356695617287,26.486549395327437,26.54948783723123,6769800
2011-02-07,26.671857833862305,26.731298933320698,26.504023827429968,26.72430696124995,9052800
2011-02-08,27.469093322753906,27.643922078968327,26.99355889243667,27.014540157201477,11213600
2011-02-09,27.385162353515625,27.521528500667184,27.2033417132048,27.392154326434838,5434200
2011-02-10,27.178871154785156,27.448106181772353,27.03900765981452,27.364189151859684,9367200
2011-02-11,27.594966888427734,27.647416042455603,27.000550256578006,27.119432515878035,7893000
2011-02-14,27.626422882080078,27.860692623189408,27.4166290442557,27.566979116096572,9117400
2011-02-15,27.35718536376953,27.622925648603378,27.297744265273643,27.612436356830386,5812800
2011-02-16,27.462087631225586,27.49006085849159,27.259285735057716,27.325721482896032,4828400
2011-02-17,27.41314125061035,27.41314125061035,27.266285779867854,27.357194784989794,4111000
2011-02-18,27.42011833190918,27.552989781752547,27.374663854036523,27.47955941859023,5642400
2011-02-22,27.483076095581055,27.591471723277053,27.2103437008987,27.31174468542735,5638000
2011-02-23,27.40264892578125,27.66139463148545,27.322226557261207,27.500552562119378,4921400
2011-02-24,27.154396057128906,27.45509897896835,27.011035236876676,27.36768462545095,5621800
2011-02-25,27.315237045288086,27.406146048552387,27.10893779212069,27.266285222707534,2969000
2011-02-28,27.455093383789062,27.490061252209273,27.27327273930352,27.360687075006414,3830600
2011-03-01,27.147397994995117,27.594959001793796,27.14390067434618,27.378173139692326,5588600
2011-03-02,27.028505325317383,27.217317884614488,26.976056206546858,27.213823232989984,5767000
2011-03-03,27.29775047302246,27.39915142934318,27.098445880991804,27.199846837312524,5616600
2011-03-04,27.098447799682617,27.339712253103272,27.011033451941707,27.290760431782296,6091800
2011-03-07,27.11243438720703,27.175372824221913,26.95858428168751,27.101945092316917,5569400
2011-03-08,27.33970832824707,27.39914943593579,27.11592784356993,27.231312738591036,5980200
2011-03-09,27.622934341430664,27.626431662346718,27.2418090594819,27.2418090594819,3783600
2011-03-10,27.615936279296875,27.72782651487616,27.420126366277895,27.514535336479142,5688800
2011-03-11,27.685876846313477,27.766299233150548,27.41314446363279,27.479577564750766,3771200
2011-03-14,27.367677688598633,27.58096887053238,27.248795478431592,27.52152776544886,5188400
2011-03-15,27.018028259277344,27.17537570231601,26.90264333559168,27.025022901727667,6373600
2011-03-16,26.804729461669922,26.955079537253248,26.783748209993863,26.948087565143524,7681000
2011-03-17,26.818721771240234,27.119427351550485,26.75928065290954,27.04599961696416,6285000
2011-03-18,26.90613555908203,27.04599905103742,26.710328270949027,27.01103384496713,8786400
2011-03-21,27.416627883911133,27.45159307745648,27.02151346059624,27.038997391205548,6728800
2011-03-22,27.423633575439453,27.67538736319417,27.332721892600336,27.409646957489233,4960600
2011-03-23,27.374671936035156,27.54950059624664,27.23131115417839,27.42012642732763,5456200
2011-03-24,28.077478408813477,28.091462351344184,27.40963177686423,27.514530019556435,7165400
2011-03-25,28.025039672851562,28.14741922289454,27.745312700461223,27.780277905091488,4327000
2011-03-28,28.1439151763916,28.30475721339262,28.021535655594466,28.021535655594466,6445600
2011-03-29,28.119443893432617,28.234831461007264,28.06000278323013,28.066994756564693,4509800
2011-03-30,28.395673751831055,28.406163045753853,28.046016393476766,28.13343073306534,4420000
2011-03-31,28.238338470458984,28.448132422239844,28.18938663729928,28.343234112511997,4148600
2011-04-01,28.15441131591797,28.441130263378284,28.084480906361453,28.322248033597383,4520800
2011-04-04,28.329238891601562,28.367701415644856,28.161404848207216,28.18588075735531,2608800
2011-04-05,28.266294479370117,28.36070344302431,28.063495275471972,28.26279982714104,3474000
2011-04-06,28.507568359375,28.55302553022401,28.266303891559023,28.322250357934927,5786800
2011-04-07,28.51805305480957,28.56351021832613,28.322245789427207,28.54602628348531,4862400
2011-04-08,28.420143127441406,28.615950349455122,28.308252905194525,28.52853602995995,3974000
2011-04-11,28.535541534423828,28.57400406306031,28.357215507806895,28.357215507806895,4217200
2011-04-12,28.860727310180664,29.27332322314244,28.469109991338634,28.539043084529034,9322800
2011-04-13,28.535541534423828,28.90617753654883,28.52854689230392,28.87470965003226,5330800
2011-04-14,28.615964889526367,28.72436051479519,28.41316559268486,28.476104041408,6710000
2011-04-15,28.605466842651367,28.66141329892518,28.51455785271722,28.601972189889654,6609200
2011-04-18,28.44462776184082,28.563512660038477,28.35371609471016,28.462111698176226,4185000
2011-04-19,28.469093322753906,28.521542445019186,28.30475398457017,28.430630810937576,5560200
2011-04-20,28.41665267944336,28.717358224637383,28.35721156805416,28.717358224637383,5601800
2011-04-21,28.4025821685791,28.592754767267174,28.31806190922349,28.46597303480846,4190200
2011-04-25,28.138431549072266,28.346210913914476,28.103215026352217,28.282820098279004,4346800
2011-04-26,28.367351531982422,28.465958900075712,28.17365656833541,28.194785950969898,6781600
2011-04-27,28.54695701599121,28.642044612737127,28.38143635168109,28.511740482209106,4868400
2011-04-28,29.219589233398438,29.318196551664528,28.173642331929877,28.44481245716162,9176000
2011-04-29,29.70559310913086,29.93450456375284,29.466116965146885,29.466116965146885,9857400
2011-05-02,29.776033401489258,29.84294400662676,29.582338444080015,29.72672971903039,5176200
2011-05-03,29.828857421875,29.86759641409127,29.621077997123404,29.652772070655317,5027600
2011-05-04,30.163423538208008,30.23737906902806,29.716165206823174,29.779556045647425,9848200
2011-05-05,29.8992919921875,30.14933285861037,29.849988310743505,30.08241956800104,5351800
2011-05-06,29.892248153686523,30.092985345917345,29.793640787236182,30.05072658135247,4097200
2011-05-09,29.927465438842773,29.99437604069528,29.754899871859728,29.902813598823634,3274600
2011-05-10,30.09649658203125,30.156364934072265,29.945063129496297,29.945063129496297,3917200
2011-05-11,29.959163665771484,30.142291261764953,29.874643443532147,29.96620589810417,4254400
2011-05-12,30.712797164916992,30.800839813372843,29.867587202371148,29.941542704652257,7400000
2011-05-13,30.480375289916992,30.688154714116763,30.392332614540972,30.596589579407922,5354600
2011-05-16,30.269065856933594,30.57545528528765,30.25498139556336,30.49093508282228,4838400
2011-05-17,30.381759643554688,30.469802302722904,30.1810224881251,30.1810224881251,4063400
2011-05-18,30.360641479492188,30.438119478074153,30.124687710610537,30.392338245661957,4759000
2011-05-19,30.603639602661133,30.62124652856358,30.339511532477378,30.40994460978651,3589800
2011-05-20,30.480375289916992,30.63532857152131,30.445156070287204,30.56137304662736,3543400
2011-05-23,30.31132698059082,30.48741230119071,30.170458186741158,30.35358842480035,4220800
2011-05-24,30.14581298828125,30.30781119648783,30.057770308591852,30.286681813154168,3033200
2011-05-25,29.962678909301758,30.015505043047497,29.744332143682133,29.952114219922365,4389200
2011-05-26,30.047212600708008,30.13877776118502,29.786606960573415,29.885214354848667,3827600
2011-05-27,30.18808937072754,30.24443531643188,30.04017824054663,30.135263199419878,2344600
2011-05-31,30.825490951538086,30.843100555571056,30.28667038504865,30.350061197979667,6172200
2011-06-01,30.60715675354004,30.748022883724012,30.5578503837566,30.65646043647427,5999800
2011-06-02,30.10354232788086,30.586014302373343,29.99789007925642,30.586014302373343,5045600
2011-06-03,29.621089935302734,29.93452177184818,29.55417661507944,29.807740052925265,5099200
2011-06-06,29.733787536621094,29.860569268500242,29.529527781165733,29.62109296237858,4025800
2011-06-07,29.54360580444336,29.81477880311822,29.54360580444336,29.71264895696728,4422600
2011-06-08,29.656291961669922,29.730247480355505,29.44499009587555,29.56824929368485,4298400
2011-06-09,29.9697265625,30.06833393034752,29.705598532830173,29.73729529355217,4473600
2011-06-10,29.828857421875,29.94507439852381,29.550644931375224,29.617555537781225,6594200
2011-06-13,30.054248809814453,30.128207027545166,29.68799361502609,29.849991828411177,6105200
2011-06-14,30.497983932495117,30.589549072366808,30.05777053079383,30.12116136811279,6611400
2011-06-15,30.202157974243164,30.547283732638103,30.092983237451715,30.346546554471935,5845800
2011-06-16,30.4874267578125,30.543775376811432,30.212733957317802,30.30781889331595,5717000
2011-06-17,30.948759078979492,30.998062760327358,30.51559063758767,30.603633309544445,8481600
2011-06-20,31.381935119628906,31.441803501087293,30.920592306150283,30.96637353546854,7005000
2011-06-21,31.315027236938477,31.4699832504415,31.086115677040823,31.4699832504415,6509800
2011-06-22,30.825490951538086,31.388963351564673,30.81140380568138,31.251617038022204,5510600
2011-06-23,30.360641479492188,30.62476955455814,30.068339098241935,30.62476955455814,8119000
2011-06-24,30.09649658203125,30.46979652634373,30.0154988555871,30.31836307380878,6827800
2011-06-27,30.07889747619629,30.226808509122524,30.07889747619629,30.156372764741757,4582600
2011-06-28,30.223291397094727,30.272595083459287,30.12468402436561,30.212726705280804,3188600
2011-06-29,30.547290802001953,30.607161872878272,30.28316273345526,30.307814579045633,4652800
2011-06-30,30.78325080871582,30.82550958498224,30.427557549656974,30.529687403717432,3861600
2011-07-01,31.156526565551758,31.205830223769883,30.69166158317526,30.751529927176144,4042400
2011-07-05,30.983978271484375,31.230496678018763,30.86423884056116,31.195280146635152,4290600
2011-07-06,31.138927459716797,31.138927459716797,30.871279706852906,30.88184439619638,4055400
2011-07-07,31.26571273803711,31.35375540859335,31.18471498576085,31.293887037458884,3319000
2011-07-08,31.138927459716797,31.25514441619254,30.931148071031767,31.110753163568354,3548800
2011-07-11,31.096681594848633,31.22698306657207,30.899464126893083,30.94524804882824,4276000
2011-07-12,30.973400115966797,31.300918848879686,30.93818359683762,31.16357254348217,4624800
2011-07-13,30.95581817626953,31.255162860663564,30.899469550719886,31.1142939836398,2664200
2011-07-14,30.667030334472656,31.001591480738156,30.603639490387128,30.948765329525273,5098200
2011-07-15,31.34670639038086,31.378400455231564,30.522625775232136,30.642365178425727,8058600
2011-07-18,30.987503051757812,31.304457259131905,30.857201595895358,31.149501271782448,4148000
2011-07-19,31.174144744873047,31.27275478379154,30.948755743899856,31.07201762083577,3779800
2011-07-20,31.188247680664062,31.311509619994705,31.082598044330894,31.15655359581917,2769600
2011-07-21,31.343189239501953,31.49462273318923,31.191755745814667,31.34671169847578,3847000
2011-07-22,31.059602737426758,31.343185700579916,30.999338957536605,31.29355861441628,3446000
2011-07-25,30.76186180114746,30.95328187224232,30.737048238476394,30.822122924137833,3677600
2011-07-26,30.800830841064453,31.017064305725093,30.72993577586929,30.761837743865097,2804200
2011-07-27,30.3045654296875,30.776025583131744,30.279751879741703,30.623598717900677,5197000
2011-07-28,30.088333129882812,30.602331977473863,30.003258484392443,30.159230921519967,5712800
2011-07-29,29.911083221435547,30.237207550590245,29.896903667605052,30.01742852292759,4304800
2011-08-01,29.783479690551758,30.148597236137025,29.411276422441894,30.120238119193154,4906200
2011-08-02,30.052875518798828,30.237207010831455,29.69484922827159,29.716119910874315,7853600
2011-08-03,29.889820098876953,29.981985861511905,29.648773053544325,29.939447193109512,6139000
2011-08-04,29.273025512695312,30.088329741141138,29.21985285107465,29.599147204073642,9213200
2011-08-05,29.82956886291504,30.070615987837623,29.021352827725988,29.53180349472846,9120800
2011-08-08,29.35100746154785,30.067057393404525,29.248207718531198,29.343916331975105,12356800
2011-08-09,29.52824592590332,29.59205256555813,27.869275999351593,29.574327447247715,14092800
2011-08-10,28.42227554321289,29.41836589719299,28.35138045280249,29.134782831077057,10443600
2011-08-11,29.836645126342773,30.180491898635047,28.55696935754039,28.695216638538,11204600
2011-08-12,30.25138282775879,30.435714313502032,29.88981368952893,29.967799879306973,5925000
2011-08-15,30.577510833740234,30.577510833740234,30.162766292953247,30.44635198013555,5299200
2011-08-16,30.563325881958008,30.79019330985341,30.28683137324005,30.36127199447388,4065200
2011-08-17,30.595224380493164,30.868175998570635,30.304550352399822,30.66257657018265,3630000
2011-08-18,30.145050048828125,30.44281264729867,29.60978323932138,30.1237820645014,7562200
2011-08-19,30.127330780029297,30.43573013506663,29.797663436532364,29.88274079932002,8272200
2011-08-22,30.2017765045166,30.55271459974856,30.063529147416162,30.50663034439836,4744600
2011-08-23,30.843372344970703,30.843372344970703,30.184037900901565,30.208851446453686,4991400
2011-08-24,30.946163177490234,31.0099698054541,30.605859358701057,30.807915934314003,6631600
2011-08-25,30.78666114807129,31.229762208649387,30.683861377480262,31.091514894106957,5548800
2011-08-26,31.137584686279297,31.201391323114837,30.145040307638162,30.705120486030882,4417400
2011-08-29,31.82175064086914,31.832387340108447,31.293574833256876,31.343201945141264,4597800
2011-08-30,32.13014221191406,32.22230798495841,31.548793867124967,31.82528848178391,4772000
2011-08-31,31.892629623413086,32.25419875437978,31.77565034109589,32.13367661221527,6008400
2011-09-01,31.86782455444336,32.19040067706387,31.76502479760472,31.90327209365264,4504600
2011-09-02,31.37864875793457,31.77921391447767,31.3680147634201,31.672868560383552,4411400
2011-09-06,31.545249938964844,31.601968172851272,30.811474691023236,30.811474691023236,6368800
2011-09-07,32.54487609863281,32.548421663309846,31.80046708038868,31.843005743092768,6716600
2011-09-08,32.06632614135742,32.612226783796906,32.04505816323423,32.33218668579055,7282000
2011-09-09,31.534608840942383,31.952896255947604,31.41762953826475,31.8961807393144,5230600
2011-09-12,31.095056533813477,31.44244620694005,30.57396931964971,31.375096693278152,7486400
2011-09-13,31.71184730529785,31.82528103617041,30.875272525935166,31.176580620021017,5570200
2011-09-14,32.3960075378418,32.69022731850541,31.711859328496327,31.729584454357795,8185000
2011-09-15,32.71503829956055,32.72567229245145,32.232944122361424,32.60869296170293,5005400
2011-09-16,33.193572998046875,33.22547766782119,32.53069310612239,32.53069310612239,8423800
2011-09-19,33.08015060424805,33.16168238427084,32.7150357858516,32.800110426916284,5026000
2011-09-20,33.30701446533203,33.636681705850044,33.0907809686227,33.11914008069332,4885400
2011-09-21,31.899730682373047,33.29993165150188,31.896187821122485,33.28220652735213,8199000
2011-09-22,30.98516273498535,31.633860432810746,30.389634984501324,31.48852473595532,12041200
2011-09-23,31.520416259765625,31.637395514101254,30.839814114586098,30.970972918338695,6220600
2011-09-26,32.2187614440918,32.37118830454266,31.743758444461765,31.757935297294104,6402400
2011-09-27,32.282569885253906,32.91709091131979,32.17268169064431,32.63350515845571,5937400
2011-09-28,31.453079223632812,32.25774936395203,31.41762898382982,31.98834322739609,7382200
2011-09-29,31.740224838256836,32.0060855528569,31.265218955177698,31.76149282999283,5136800
2011-09-30,31.43535614013672,31.899725103323345,31.417631019086976,31.55942387406363,5520800
2011-10-03,31.300655364990234,31.846553410830474,31.27584181745204,31.321923347316154,5884400
2011-10-04,31.343189239501953,31.396361896244755,30.62359370440719,30.995799597133146,6600000
2011-10-05,31.72601890563965,31.772100417590707,31.041871127205045,31.33254515872026,6267800
2011-10-06,31.97064208984375,31.977730519837863,31.562988401060068,31.79340159076175,5129000
2011-10-07,32.04861068725586,32.34637326353435,31.924540242665927,32.13013975741473,3892200
2011-10-10,32.520076751708984,32.580340559633385,32.08052119643612,32.332202308909885,3497000
2011-10-11,32.02735137939453,32.473998106980254,31.95645627541737,32.46690697389762,4008000
2011-10-12,32.335750579833984,32.64060439328166,32.07697831326566,32.07697831326566,3683000
2011-10-13,32.29674530029297,32.49879924433488,32.13723002506603,32.32864727354883,3413400
2011-10-14,32.7327766418457,32.77531533857582,32.481095437929284,32.562627263876436,2951400
2011-10-17,32.23649597167969,32.81784446847594,32.19750285382965,32.57679733289153,3115600
2011-10-18,32.7327766418457,32.902928724290575,32.03445129240326,32.115980413874816,4034200
2011-10-19,32.6760368347168,32.924172286975704,32.594505069275385,32.63349816955516,3479600
2011-10-20,32.47752380371094,32.96316064823815,32.40662603863431,32.6760321369791,3796400
2011-10-21,33.504940032958984,33.504940032958984,32.716546844695124,32.76649010753872,6095600
2011-10-24,32.54888153076172,33.40148794038056,32.434725103749685,33.40148794038056,7195200
2011-10-25,32.09938049316406,32.57027592408491,32.017329315197,32.552437883139014,6079600
2011-10-26,32.29917526245117,32.559593416926596,31.657043459338922,32.39192823883511,7540800
2011-10-27,32.58099365234375,32.74509336712325,30.829402773761558,32.65590856202324,10546400
2011-10-28,32.54175567626953,32.727258893598,32.05659006577408,32.25279774711583,4726800
2011-10-31,32.2385139465332,32.67373336904861,32.23137764026872,32.38477556451463,5125200
2011-11-01,31.425151824951172,32.060149826630656,31.393046606430623,31.72481413966219,7302600
2011-11-02,31.37165069580078,31.78546681288688,31.268195986103134,31.74979343202326,4431200
2011-11-03,31.57855224609375,31.671305198583756,31.257489148950903,31.471532120947487,6782200
2011-11-04,31.41446876525879,31.471548372174716,31.089837346467206,31.40019886352981,5767400
2011-11-07,31.553573608398438,31.828264250887603,31.043436565479148,31.557141761622614,4856800
2011-11-08,31.906742095947266,31.963818929722528,31.571406511769943,31.721236262345894,5662200
2011-11-09,31.196836471557617,31.56784550099394,31.089816363378286,31.42871745516827,5402800
2011-11-10,31.442995071411133,31.528611723327526,31.104093896368205,31.40018538460079,3877600
2011-11-11,31.810426712036133,31.892477907275545,31.58211389272232,31.58211389272232,2960800
2011-11-14,31.62493133544922,31.78546289037724,31.439425423123694,31.63206492205982,2543800
2011-11-15,31.67485237121582,31.789008728777233,31.525022662235635,31.664150637960415,4131400
2011-11-16,31.621349334716797,32.02446348344921,31.393036559294526,31.510761099600593,4620800
2011-11-17,31.407320022583008,31.64990279152915,31.20041062989573,31.489368515808,4001200
2011-11-18,31.61066436767578,31.785465833715804,31.450132797882514,31.557152937176554,3874000
2011-11-21,31.193267822265625,31.475092038297554,31.03273359400009,31.221804881814375,4075200
2011-11-22,31.46438217163086,31.781879698811608,31.246771139962764,31.310984275892743,4613200
2011-11-23,30.850805282592773,31.343104367966212,30.747350594463526,31.200408152556772,4408600
2011-11-25,30.93998146057129,31.182564142699587,30.832958648392882,30.89003548563904,1153200
2011-11-28,31.492942810058594,31.607099269366323,31.321709481949334,31.42872963159145,3898600
2011-11-29,31.999500274658203,32.06728158327378,31.560712649682863,31.63205939012812,4760600
2011-11-30,32.641624450683594,32.69156770205222,32.29201896940015,32.33126048429022,6007400
2011-12-01,32.14575958251953,32.81286265990395,32.102949911953125,32.5381720367502,5925600
2011-12-02,32.17432403564453,32.55246688966368,32.138647921962814,32.424040501184464,3954600
2011-12-05,32.256351470947266,32.456127234441006,32.14219505825237,32.40974940566574,3482600
2011-12-06,32.29917526245117,32.40976357010199,32.127939207719656,32.345550389790766,3442200
2011-12-07,32.534629821777344,32.66662436997803,32.07087026857695,32.31345315177754,3932000
2011-12-08,32.30271911621094,32.55600349197598,32.206398057353574,32.413307340666776,3609000
2011-12-09,32.2706184387207,32.47039146240954,32.20283713923914,32.27775474482578,2969400
2011-12-12,32.18143844604492,32.406183131088795,31.88891245144813,32.263489648224976,3299600
2011-12-13,31.99593734741211,32.31700042625169,31.931724187303416,32.174306934191385,4277800
2011-12-14,31.856807708740234,32.26349012870681,31.79615998374582,32.03874271861218,3762200
2011-12-15,32.31342697143555,32.39191000560545,31.960253317670954,32.02803461476373,3940800
2011-12-16,32.0672721862793,32.47752262787895,31.84966115347521,32.4632527396308,6571400
2011-12-19,32.074405670166016,32.54886648459699,32.01019253954866,32.27061049248935,3302800
2011-12-20,32.659461975097656,32.67729729504494,32.22423988717921,32.277751290427105,3367000
2011-12-21,33.166038513183594,33.17674025198584,32.670171322852575,32.73081632386775,5460400
2011-12-22,32.96626663208008,33.13749990238889,32.78432890088618,33.13749990238889,3233200
2011-12-23,33.2088508605957,33.23025706337964,32.948432768444064,32.948432768444064,2386400
2011-12-27,33.298030853271484,33.479968581294976,33.18387443448696,33.20884606604284,2254200
2011-12-28,33.08041763305664,33.39791521136913,33.03760796164136,33.337267496438336,2821000
2011-12-29,33.25521469116211,33.28731989925887,32.96982236235486,33.08754690211557,3420400
2011-12-30,32.95914077758789,33.20885717669397,32.85568606318547,33.10540518399618,2985400
2012-01-03,32.491798400878906,32.862807397417185,32.32056243259071,32.60238665270258,6347600
2012-01-04,32.32057571411133,32.49181175276569,32.15290783005723,32.46327195937255,4350200
2012-01-05,32.15646743774414,32.26705570561853,31.93172274834347,32.16360374504791,5232800
2012-01-06,32.03517150878906,32.26704974092611,31.88890717484093,32.25278257236347,3881000
2012-01-09,32.028045654296875,32.19571351750614,31.92102552493431,32.15647198689528,4152400
2012-01-10,31.910322189331055,32.16004127673716,31.83897543390317,32.11009800359679,5679200
2012-01-11,31.57497787475586,31.88890729669567,31.446551583575193,31.881773712387094,5438000
2012-01-12,31.589250564575195,31.767620126833204,31.47509415359821,31.66059730079699,15039200
2012-01-13,31.57855224609375,31.62493008319078,31.33953763939263,31.489367447619834,14450200
2012-01-17,32.010215759277344,32.063724472187346,31.760496638310634,31.760496638310634,14860200
2012-01-18,32.21712112426758,32.28490245340249,31.94243309652342,32.01734801318092,3905400
2012-01-19,32.095829010009766,32.27776677967855,31.960266360501738,32.0993971643927,5160600
2012-01-20,31.95577621459961,32.192752948612906,31.708028308924266,32.17479916960145,6467200
2012-01-23,31.729595184326172,31.93784437133488,31.654194191542405,31.80499617710994,4333600
2012-01-24,31.686498641967773,31.740357261186528,31.316673657022516,31.499791866621013,5123200
2012-01-25,32.113765716552734,32.16762158326928,31.56800252601673,31.56800252601673,4835000
2012-01-26,32.79956817626953,33.083221042399515,32.221491266963156,32.26457871451218,9754800
2012-01-27,32.458473205566406,32.63800015610674,32.329213582028245,32.59491270180607,5654600
2012-01-30,32.138912200927734,32.562595870909036,32.03478625142617,32.523099726637284,5652400
2012-01-31,32.573368072509766,32.64876905775421,32.232265246655,32.23585655243721,5923200
2012-02-01,32.7205696105957,32.943183937817544,32.59131003212662,32.70620713083659,4334400
2012-02-02,32.6343994140625,32.986273340699746,32.59490327721455,32.91805224262364,3845000
2012-02-03,32.86779022216797,33.0688595044129,32.78879793575359,32.86779022216797,4805000
2012-02-06,32.760074615478516,32.950372729928304,32.655948663553154,32.77084579337361,3161200
2012-02-07,32.86779022216797,32.95396238036386,32.67749211727708,32.68467198905861,2961200
2012-02-08,32.8426399230957,32.97548802897659,32.641570742716766,32.97548802897659,3217400
2012-02-09,32.946773529052734,32.961136008064855,32.695434255384704,32.8318764363185,3353800
2012-02-10,32.734920501708984,32.88213381260199,32.64156852536711,32.78518779338905,3855200
2012-02-13,32.903690338134766,33.02935862150449,32.76365957389948,32.85342302478688,2681600
2012-02-14,32.997047424316406,33.00063872962719,32.76366188765496,32.84983403957063,2877400
2012-02-15,33.09040069580078,33.24479120548466,32.94677862283741,33.00422580840484,3347400
2012-02-16,33.506900787353516,33.54280561978192,33.16938933592756,33.16938933592756,3708600
2012-02-17,33.48176193237305,33.69719363285894,33.34891105971478,33.60743019604293,3483800
2012-02-21,33.524845123291016,33.68282688931687,33.37045192194227,33.596654767906195,3421600
2012-02-22,33.44226837158203,33.56434807950413,33.180160649975335,33.420726021686384,2930400
2012-02-23,33.510494232177734,33.71515480338748,33.26633752096582,33.338147190407966,4214200
2012-02-24,33.499717712402344,33.654110942503785,33.27351208494973,33.654110942503785,3677400
2012-02-27,33.1729850769043,33.467409125168956,33.108355274145545,33.38841683964565,4871200
2012-02-28,33.3812370300293,33.406370690073146,33.13348899576605,33.27351977877654,3728200
2012-02-29,33.456626892089844,33.567932672529444,33.255557678557,33.38481724136028,4390000
2012-03-01,33.3381462097168,33.571531737583335,33.25197406104844,33.392004829895725,4123600
2012-03-02,33.463809967041016,33.492534925829546,33.2950569977248,33.32377921715049,2521600
2012-03-05,33.51767349243164,33.58230328949685,33.374051416801926,33.39200520351686,2335000
2012-03-06,33.51408386230469,33.68283960415204,33.338148249030446,33.54640013213414,5260200
2012-03-07,33.330955505371094,33.589474606714475,33.212467127361656,33.48893727002135,4056000
2012-03-08,33.729530334472656,33.74030151511982,33.4925534027777,33.535640864730695,2766400
2012-03-09,33.74387741088867,33.786962113800435,33.4961294116936,33.67206500709722,3145400
2012-03-12,33.923397064208984,33.973664366442755,33.74745876702826,33.86953845771208,2965800
2012-03-13,34.19268798828125,34.19986785757749,33.91262377720189,34.038294774467815,4342200
2012-03-14,34.163978576660156,34.3758190593166,34.13525360768049,34.163978576660156,3552000
2012-03-15,34.26092529296875,34.35068877533727,34.0526733564264,34.0526733564264,3156000
2012-03-16,34.03470993041992,34.34708772167003,33.952126351343544,34.28245792828598,6149200
2012-03-19,34.24298095703125,34.3111993542451,34.038320286660465,34.246569524687764,3946600
2012-03-20,34.343505859375,34.4943078389463,34.06703282413044,34.06703282413044,2969200
2012-03-21,34.53020095825195,34.61278453199849,34.29322689071317,34.29322689071317,3887800
2012-03-22,34.56969451904297,34.605599346074186,34.37580516583913,34.40453012320919,2968400
2012-03-23,34.447628021240234,34.58765880674417,34.336319462466776,34.5409800520005,2988400
2012-03-26,34.7599983215332,34.77076949748925,34.50147914113559,34.55174919453572,3088800
2012-03-27,34.724098205566406,34.93235010021651,34.698964545133705,34.82822415289146,2962800
2012-03-28,34.487117767333984,34.6630533581372,34.4153053654203,34.63073709243528,4100000
2012-03-29,34.7169189453125,34.78154875032989,34.300415148675185,34.34350259847464,4815000
2012-03-30,35.108272552490234,35.162131158745005,34.803077436196546,34.82821108720044,6021800
2012-04-02,35.34526062011719,35.34884918614852,35.06519906532364,35.072378936749686,5235400
2012-04-03,35.26985549926758,35.46015357237937,35.18368061609906,35.363207513655546,4879600
2012-04-04,35.13340377807617,35.27702580505318,35.03286918100096,35.03646048500003,3540400
2012-04-05,35.24473190307617,35.28781661759503,34.928762719997415,35.11547228079192,4318800
2012-04-09,34.842594146728516,35.065208572379845,34.78155563528616,35.065208572379845,3772800
2012-04-10,34.53020095825195,34.75999515559504,34.422486469139024,34.74563267584074,4731600
2012-04-11,34.663055419921875,34.97543322326005,34.663055419921875,34.81744866901593,7085000
2012-04-12,34.9862060546875,35.05442441958708,34.60560713230656,34.62356091954311,14848400
2012-04-13,34.90363311767578,35.16574369873793,34.73487732787245,34.9933966025189,12762000
2012-04-16,35.068782806396484,35.25908087568351,34.96106831364536,35.01851549524003,13182200
2012-04-17,35.39912414550781,35.445802907625115,34.993394207951745,35.205237442154626,3506200
2012-04-18,35.36680603027344,35.46374936940191,35.15496556285466,35.26627138543988,2653000
2012-04-19,35.25189971923828,35.463740131474886,35.09750648650064,35.43501791140685,3531200
2012-04-20,35.7288703918457,35.77223166508994,35.33862995973721,35.345855460225046,4065200
2012-04-23,35.30971908569336,35.4759331488279,35.136276765986096,35.47231902054154,3243200
2012-04-24,35.56625747680664,35.60239047961932,35.309709573033814,35.41088308361787,2960400
2012-04-25,35.98180389404297,36.039616163244744,35.562653226048354,35.64576163669287,4974200
2012-04-26,35.942054748535156,36.075747164293126,35.59878425369504,35.97457363125292,3556400
2012-04-27,35.548194885253906,35.73609093866597,35.432567604989494,35.68550417584852,5788200
2012-04-30,35.75056076049805,35.75056076049805,35.42897215658351,35.465105181010514,4164400
2012-05-01,35.8083610534668,35.98541474359242,35.60601397903751,35.76138841312346,3598200
2012-05-02,36.26002883911133,36.26002883911133,35.80474518697614,35.84088095431747,3708000
2012-05-03,36.12995910644531,36.42625429670685,36.04323930257612,36.18416001765338,4760600
2012-05-04,35.81919860839844,36.19137660842929,35.80835898100596,36.19137660842929,3420400
2012-05-07,35.989017486572266,36.057672118008206,35.77221672444503,35.858936477941675,3400600
2012-05-08,35.8372802734375,35.93845384370375,35.710813310604685,35.880641556454336,3518000
2012-05-09,35.80113983154297,36.014326559465495,35.62047199156559,35.62047199156559,3820200
2012-05-10,36.00708770751953,36.129940469899914,35.8191916798218,35.96372644956511,4669400
2012-05-11,35.884239196777344,36.06490700504914,35.880627825487736,35.95289384608766,4174600
2012-05-14,35.77584457397461,35.89869737548611,35.685510658708274,35.685510658708274,3184600
2012-05-15,36.509361267089844,36.79120268596559,36.010718968830666,36.01794447020859,13296200
2012-05-16,36.61052322387695,36.83455229040851,36.49851006899711,36.54909683292813,4099400
2012-05-17,36.064903259277344,36.63220000805935,36.064903259277344,36.57077362125208,4256200
2012-05-18,35.69633865356445,36.216662718085416,35.59877651308106,36.17691558778054,6050600
2012-05-21,35.757781982421875,35.78307537217043,35.41090002725335,35.772235741817155,4970000
2012-05-22,35.840885162353516,36.173313309456574,35.75777674719159,35.81920314804866,4480600
2012-05-23,35.55182647705078,35.801149042532955,35.306118041194296,35.70720096967728,4600000
2012-05-24,35.81919860839844,36.003480544386456,35.569878908055564,35.569878908055564,3501000
2012-05-25,35.69996643066406,36.003487079837186,35.65299102774026,35.89147390075269,2481600
2012-05-29,35.90229797363281,35.95288472657574,35.68188308290808,35.83003197136328,2796200
2012-05-30,35.7108039855957,35.9420585877529,35.580722927285734,35.768616257748846,5429800
2012-05-31,35.51929473876953,35.775842713975216,35.42534669988069,35.775842713975216,4892400
2012-06-01,34.86166763305664,35.432575912533544,34.83998561764286,35.30610897583842,4616800
2012-06-04,35.11098861694336,35.1579640213541,34.76410668257724,34.86528023550412,3371400
2012-06-05,35.139896392822266,35.226616187859385,34.8219219731711,35.067630356420096,3095200
2012-06-06,35.53013610839844,35.53013610839844,35.08207790513532,35.21938722026563,4058000
2012-06-07,35.681884765625,35.92036754654933,35.63129801029646,35.678270638309705,3901600
2012-06-08,36.19498825073242,36.24196364548086,35.68189233398545,35.69996021762285,3109600
2012-06-11,36.12995910644531,36.37928164393872,36.08660058289714,36.332308991170585,3559800
2012-06-12,36.15162658691406,36.20221334855912,35.87701076886109,36.12994457708636,3719600
2012-06-13,36.20943832397461,36.332293855316756,35.89146400440551,35.98902339851899,3333000
2012-06-14,36.61052322387695,36.657495859878075,36.23111973762246,36.30338851236096,3255200
2012-06-15,36.6864013671875,36.83093615200298,36.6069070977004,36.71169474777233,4105600
2012-06-18,36.73699188232422,36.765899393595575,36.455150539358556,36.639432477748414,3005600
2012-06-19,36.603302001953125,36.84539622287956,36.49851433391656,36.72615479820635,3321800
2012-06-20,36.39733123779297,36.39733123779297,35.99624855594337,36.19498145478079,5206000
2012-06-21,35.93482208251953,36.45876032399914,35.931210711619855,36.45876032399914,3446000
2012-06-22,36.09743118286133,36.31423201668111,36.06129817002006,36.10465668272071,6369000
2012-06-25,35.887847900390625,35.97095629261349,35.772220630844615,35.83364701474715,3051800
2012-06-26,36.169708251953125,36.332310994543285,35.94568184987376,36.01072239555522,3040600
2012-06-27,36.67557144165039,36.71170445821871,36.231127343219974,36.23474147190854,2985600
2012-06-28,36.85261917114258,36.85623329924455,36.469604295493944,36.53825894557134,2936000
2012-06-29,37.61503219604492,37.69814058992647,36.84538842621603,37.123615601473766,5399200
2012-07-02,37.47772979736328,37.51747693488527,37.21756771786364,37.36571664076779,3448000
2012-07-03,37.7993278503418,37.99806358832845,37.405470503269875,37.47051103963163,2071600
2012-07-05,37.81377029418945,37.94023720016899,37.54999409877059,37.73066189496187,2461200
2012-07-06,37.68368911743164,37.80654189512519,37.54999395631944,37.61503447297243,1952000
2012-07-09,37.672847747802734,37.79931464745135,37.49940545916202,37.78486089366699,2553800
2012-07-10,37.542762756347656,37.763177653935045,37.47049399505675,37.75233802893425,2585400
2012-07-11,37.51747131347656,37.636712708176084,37.351257289094576,37.636712708176084,3325400
2012-07-12,37.43798065185547,37.604194692227146,37.20672609509733,37.46327403285177,3586000
2012-07-13,38.1064567565918,38.21485855270311,37.4741193784109,37.4741193784109,2849200
2012-07-16,37.71259689331055,38.106451367051086,37.70536863764694,37.96914483393244,3687600
2012-07-17,37.9980583190918,38.10284323174762,37.80293673706428,37.85713487920617,2958400
2012-07-18,38.041412353515625,38.32325368655624,37.85713042161526,37.93662469642608,2789200
2012-07-19,38.16426467895508,38.25098444563849,37.77402159372224,38.04140914911288,3061000
2012-07-20,37.764442443847656,38.2842034007909,37.68084332539484,38.12427609925472,5090400
2012-07-23,37.36100769042969,37.73174513654698,37.29194763973066,37.517299592029744,2995000
2012-07-24,37.110206604003906,37.382808517509886,36.89939379202727,37.361001251805426,3574400
2012-07-25,37.164730072021484,37.36100379587692,36.924839040736984,37.2047119105689,3331200
2012-07-26,38.66585159301758,38.82941439302058,37.86622048094692,38.08066597286547,5617400
2012-07-27,38.9529914855957,39.1383615444708,38.05158946908307,38.09520399607736,6594800
2012-07-30,39.06203842163086,39.43641128321204,38.94936384819773,38.989342912117436,3473400
2012-07-31,39.022056579589844,39.15290572364686,38.84032196540511,38.982074742625194,3465000
2012-08-01,38.745811462402344,39.923450751005866,38.625865975429406,39.18560880825351,3948600
2012-08-02,38.29875564575195,38.665857589498614,38.08430734752591,38.48049026968407,4284200
2012-08-03,38.69492721557617,39.069300014183845,38.58588812922279,38.72400541449028,3599400
2012-08-06,38.65494918823242,38.87303015544383,38.509560952408165,38.6622201252011,2405800
2012-08-07,38.12064743041992,38.90937767571733,38.095204698187736,38.745814877324854,4507600
2012-08-08,38.26240539550781,38.31329363994276,38.04795987653645,38.109748981353604,3280000
2012-08-09,38.14610290527344,38.31330122785126,38.080678318671474,38.18608475114412,3117600
2012-08-10,38.29875564575195,38.33146654699559,38.06250008003014,38.07703918271075,2454400
2012-08-13,38.36417770385742,38.40415954034293,38.08430484845887,38.16426852142989,2173000
2012-08-14,38.316925048828125,38.45867782478909,38.182443210278045,38.33146415059978,2428000
2012-08-15,38.34600067138672,38.713105340524116,38.16426607104839,38.18970880417376,3286200
2012-08-16,38.4659538269043,38.502300199593996,38.21152367197545,38.30239099022493,2100200
2012-08-17,38.59315872192383,38.67312238744662,38.48048416035073,38.5640805211792,2992000
2012-08-20,38.50956726074219,38.65859098946268,38.26240805126827,38.593166411276925,2601600
2012-08-21,38.418697357177734,38.67676295650774,38.30602278074507,38.48412193095643,2243800
2012-08-22,38.29875564575195,38.4296047968271,38.16427102574408,38.280581074138624,1870600
2012-08-23,38.058860778808594,38.34236631990742,38.040688982075345,38.280577219524346,1942800
2012-08-24,38.444149017333984,38.49503727368634,37.98254419794157,38.131567951218,2335800
2012-08-27,38.455055236816406,38.52774799173141,38.26241416749504,38.35328149766421,2283400
2012-08-28,38.65494918823242,38.767626526847444,38.31692271848726,38.31692271848726,3483600
2012-08-29,38.684024810791016,38.8548557685158,38.65858207919688,38.80033483708558,2672200
2012-08-30,38.45866775512695,38.571345071092345,38.45503506042278,38.51682414698644,1894600
2012-08-31,38.64042282104492,38.71675104606989,38.440516357327404,38.582269171381036,2697200
2012-09-04,38.97116470336914,39.03658926464314,38.4986536749403,38.58588827200542,4388400
2012-09-05,38.709476470947266,39.022060258659984,38.68766920256512,38.71674463605785,4020600
2012-09-06,39.069313049316406,39.12383399720837,38.84759656145952,38.92392477928803,3355800
2012-09-07,38.63677978515625,39.25467635937074,38.50956333777375,39.13109815374789,3502200
2012-09-10,37.69175720214844,38.491391154165676,37.51729352854292,38.46231295088139,9646000
2012-09-11,37.37190246582031,37.684486194919685,37.277399698800764,37.5463688993141,5936400
2012-09-12,37.299217224121094,37.62997281551529,37.255599913728815,37.38644907185522,4108000
2012-09-13,37.99707794189453,38.055231583297044,37.324660344822135,37.44823856595902,5306800
2012-09-14,37.70993423461914,38.07340348025403,37.619066923210426,37.957093432572876,5587600
2012-09-17,38.218788146972656,38.33509818374021,37.324654219375255,37.324654219375255,5985600
2012-09-18,38.53137969970703,38.61134338613746,37.800805660016024,38.044329415562835,4507800
2012-09-19,38.487762451171875,38.66586162475811,38.360548755753136,38.53137976376569,3657200
2012-09-20,38.814876556396484,38.974803893237755,38.42960008824247,38.42960008824247,3586000
2012-09-21,38.72037887573242,38.94573080971101,38.56408698683847,38.89120986743632,11937600
2012-09-24,38.86940383911133,38.97844295408715,38.58226278882264,38.62587732559281,2546000
2012-09-25,38.76400375366211,39.18562672527998,38.75673281431218,39.00389206424364,3584000
2012-09-26,38.80034255981445,39.17107997584103,38.763996189309935,38.81124619366078,3162000
2012-09-27,39.01841735839844,39.109284656751974,38.651312696596186,38.90937826420412,2638600
2012-09-28,38.97116470336914,39.06203199552471,38.70583099013301,39.04749289601386,3019800
2012-10-01,39.251033782958984,39.52363565275766,38.72036914251684,38.833043694657746,3412400
2012-10-02,39.22560501098633,39.461860603492454,39.07294857510875,39.35281870755098,2655400
2012-10-03,39.26557540893555,39.4145991050793,39.0983799174656,39.26921087722071,2630600
2012-10-04,39.421871185302734,39.64722309952555,39.29465751318101,39.43641028683808,2598400
2012-10-05,39.41823196411133,39.50183109671858,39.211054639793126,39.46911742811581,3713200
2012-10-08,39.432777404785156,39.55272292053207,39.23650368075847,39.38552740148346,1822200
2012-10-09,39.0474967956543,39.538179667688524,39.00024679731247,39.39279143110987,2794400
2012-10-10,39.14200210571289,39.27285124982082,38.9384574520727,39.05840296301332,3013000
2012-10-11,39.26557540893555,39.48002366896317,39.20378631333683,39.410963636794136,2968400
2012-10-12,39.21469497680664,39.52001057178991,39.00751762676627,39.40370052918918,2574800
2012-10-15,39.421871185302734,39.45094938837343,39.10201927067525,39.26194384146395,2830400
2012-10-16,39.469120025634766,39.55635463228332,39.291020889898114,39.52727643006714,2413600
2012-10-17,40.188785552978516,40.3341737739135,39.461847221353295,39.461847221353295,4812000
2012-10-18,40.20695495605469,40.305090398077105,39.90163945400291,40.181512228637814,2506200
2012-10-19,39.38088607788086,40.1338546247207,39.27123241363156,40.11923357841824,4758400
2012-10-22,39.36262512207031,39.51248601696695,39.136003011056424,39.30048495718109,2180200
2012-10-23,38.938621520996094,39.20179485572688,38.76682766145348,39.15793170371166,2678400
2012-10-24,38.9495849609375,39.29682862514267,38.807033208780474,39.117722853515524,2859200
2012-10-25,38.23317337036133,39.110416924535585,37.666622275036566,39.110416924535585,6010000
2012-10-26,37.966339111328125,38.375717308091204,37.90419895902246,38.26971679966368,4940400
2012-10-31,38.36474609375,38.45978149797373,37.85302064081836,37.999228311467306,4664400
2012-11-01,38.69736862182617,38.796057196043044,38.10157285183307,38.26240156844657,3944800
2012-11-02,38.36474609375,38.96053907494622,38.32819487325761,38.75950596789836,2789800
2012-11-05,38.46345520019531,38.65352330764367,38.211246921696706,38.211246921696706,1935800
2012-11-06,38.613304138183594,38.74854674201056,38.40495908231382,38.558475904811594,2978400
2012-11-07,38.36842346191406,38.5986987893208,38.13449217381425,38.5986987893208,2817800
2012-11-08,38.0394401550293,38.44516516620765,38.0138540186793,38.32819957308198,2874800
2012-11-09,37.966339111328125,38.26606362910673,37.89323386999199,37.948062103824135,2813600
2012-11-12,38.12716293334961,38.33185480896735,37.834750350392305,38.01019734243076,1892000
2012-11-13,38.11620330810547,38.52192836978126,37.9407562909203,37.99192856998931,3007800
2012-11-14,37.84206008911133,38.364750691970016,37.70682027821232,38.19295686751804,3215200
2012-11-15,37.92978286743164,38.06868142346821,37.7397148284864,37.77261009364475,2772600
2012-11-16,38.434200286865234,38.47075151203859,37.93709581620437,37.96999108225648,4087400
2012-11-19,39.0775146484375,39.0775146484375,38.67178961219226,38.711996798752054,3025800
2012-11-20,39.0775146484375,39.14330518424819,38.7448920666574,38.96785817805991,2351200
2012-11-21,39.037315368652344,39.128694849582075,38.774142017385856,39.05193363156231,2120200
2012-11-23,39.47593307495117,39.47593307495117,38.920347095730435,38.93131218650685,1423600
2012-11-26,39.42476272583008,39.508830285025994,39.1433123682567,39.22372675613481,1964800
2012-11-27,39.34434127807617,39.65137772318213,39.26758286396966,39.421099692182686,2469400
2012-11-28,39.3881950378418,39.44302326018929,39.17253810692276,39.249296502737565,2202400
2012-11-29,39.47958755493164,39.59655316662962,39.256621421901094,39.45400141451896,1873000
2012-11-30,39.65868377685547,39.7500632325625,39.42840855239841,39.52709713754295,3135000
2012-12-03,39.508819580078125,39.84144213278041,39.4795802740561,39.706199536294925,2029200
2012-12-04,39.32241439819336,39.51248246973363,39.304137388629044,39.475931239285124,2070400
2012-12-05,39.18716049194336,39.399161471639786,39.106746134908214,39.366263421634805,2765400
2012-12-06,38.98249053955078,39.187179702398616,38.85455981277088,39.11407722671887,3161000
2012-12-07,39.611175537109375,39.61848466803658,39.146966245844816,39.15793133657575,3134800
2012-12-10,39.03364562988281,39.60750845600329,38.97516144416583,39.34799115641295,3695800
2012-12-11,39.432064056396484,39.54902965507642,39.106753397921665,39.13599549476161,2862600
2012-12-12,39.10673904418945,39.545361969756996,38.99342944637361,39.47591271242273,2731200
2012-12-13,38.803367614746094,39.24198782116038,38.741227474749344,39.19447151521393,3116400
2012-12-14,38.68640899658203,39.110411053107335,38.63523671923311,38.80337738901381,3452400
2012-12-17,38.8216552734375,39.000758261065364,38.635240366252454,38.73027579973427,2951200
2012-12-18,39.205440521240234,39.23833578510401,38.74123134751256,38.89840411511397,3721400
2012-12-19,38.755855560302734,39.293167223406925,38.75219960112604,39.16523653902016,2961200
2012-12-20,38.66813659667969,38.949584135345006,38.507307838196596,38.75951606605779,2994200
2012-12-21,38.415931701660156,38.7741404797186,38.32089626443154,38.44517380368132,5503400
2012-12-24,38.39764404296875,38.510953662800055,38.233159368167854,38.244124455418714,1251000
2012-12-26,38.273372650146484,38.5036478851714,38.14909792324791,38.39765016572487,2688400
2012-12-27,38.478065490722656,38.5767568786758,38.20392708435516,38.218548134003036,2801800
2012-12-28,38.02848434448242,38.478069819846624,37.999242241896674,38.30262278169292,2012600
2012-12-31,38.21124267578125,38.24413794914029,37.58255142390309,37.929792323201205,3558400
2013-01-02,38.858211517333984,38.858211517333984,38.463454259414995,38.602350073434586,4150200
2013-01-03,38.986141204833984,39.055587710693295,38.74124208833964,38.8143473427709,2959600
2013-01-04,39.439369201660156,39.49785059661665,38.99343706181448,38.99709302046156,2504800
2013-01-07,38.77413558959961,39.20909995041615,38.69006525406163,39.20909995041615,2803600
2013-01-08,38.86186981201172,38.86186981201172,38.65352468412677,38.71200889692011,1771200
2013-01-09,38.79240417480469,38.978819038751446,38.70468068122722,38.87281853920053,1967800
2013-01-10,39.25296401977539,39.25296401977539,38.76317141025125,38.85455087817859,2521600
2013-01-11,39.143310546875,39.44669107296018,39.103106143487096,39.31510440595167,2032000
2013-01-14,39.45034408569336,39.519793373837565,39.11041235276234,39.22372200084599,1464400
2013-01-15,39.38088607788086,39.44302622183618,39.04095442021709,39.22006014591266,2236000
2013-01-16,39.413787841796875,39.47226924383591,39.11771650647273,39.25661506508989,1461000
2013-01-17,39.81953048706055,39.94746122506641,39.54173603547572,39.603873424124146,1881200
2013-01-18,39.8451042175293,39.8451042175293,39.56000072205565,39.75372474904774,2743200
2013-01-22,39.87083053588867,39.87083053588867,39.606151881097894,39.716435588804444,2610400
2013-01-23,39.99949264526367,40.0215510693926,39.67967494402149,39.782604907852594,2253200
2013-01-24,40.35239028930664,40.48472959492338,40.16858600979792,40.17593975157148,3297000
2013-01-25,40.492095947265625,40.59134905507349,40.216389442138485,40.44430502474603,2874600
2013-01-28,40.492095947265625,40.609730610601275,40.15757070815486,40.50680063076153,3188000
2013-01-29,40.771484375,40.8045678134903,40.223745364294714,40.4222544091324,3249400
2013-01-30,40.749412536621094,40.940570578217844,40.613399150294086,40.79352657805827,2889600
2013-01-31,39.470149993896484,40.83397803334409,39.238554701120094,39.753207479406285,9270000
2013-02-01,40.37812042236328,40.41120664915403,39.87449852083228,40.01051188477601,4831800
2013-02-04,39.970088958740234,40.21638607626193,39.937002722485666,40.01052332918035,3299000
2013-02-05,40.23844909667969,40.48107219172389,40.164928476465505,40.242125969079964,4633600
2013-02-06,40.367103576660156,40.3928360690937,39.848776856318416,40.131834273087385,4342200
2013-02-07,40.506805419921875,40.51415636022314,40.19066169896091,40.370789184977106,3165600
2013-02-08,39.88186264038086,40.749419300225604,39.856130146429166,40.4553340557251,7647200
2013-02-11,39.80833435058594,40.05463143155522,39.56571133616417,39.76054624378966,3744200
2013-02-12,39.72011947631836,39.87819132281571,39.62454043306535,39.848781954948365,2875600
2013-02-13,39.66496658325195,39.82303838579492,39.47013448341242,39.80097996371227,3292400
2013-02-14,39.82304763793945,39.970091665919504,39.54366426524052,39.562045820474864,3427800
2013-02-15,40.44429397583008,40.55457766960534,39.95905077155444,39.95905077155444,5396400
2013-02-19,41.13908386230469,41.18687197538864,40.4075406562397,40.49576874834576,5458400
2013-02-20,41.212615966796875,41.53978752024059,41.153797222314715,41.172178781123414,3273800
2013-02-21,41.572879791259766,41.76771482026881,40.99205999159993,41.080285322431486,4462400
2013-02-22,41.896358489990234,41.98090690930176,41.4699311077239,41.57653795329048,3723600
2013-02-25,41.911067962646484,42.536001620212204,41.8191657892026,41.999293263855726,4942600
2013-02-26,41.874290466308594,41.958838860579114,41.34861013779712,41.50300505269768,5666400
2013-02-27,42.07647705078125,42.24557665829487,41.47727608472444,41.741954706791276,4004200
2013-02-28,42.065460205078125,42.52864791440752,42.05810926571868,42.150011433185455,3905800
2013-03-01,41.94781494140625,42.06177270278233,41.68681318831955,41.94046119927374,3515200
2013-03-04,42.21617126464844,42.23087594554791,41.85591639882028,41.936790741451816,2275200
2013-03-05,42.53599166870117,42.70509129172039,42.31175019358998,42.3595411075642,2893000
2013-03-06,42.403656005859375,42.6242206286355,42.21617481441556,42.58746032561137,2423400
2013-03-07,42.425716400146484,42.90360597089936,42.381602351691605,42.90360597089936,3718800
2013-03-08,42.54702377319336,42.62422125206254,42.27499416127844,42.58011000964094,2969400
2013-03-11,42.51026916503906,42.62790383497599,42.363225126459966,42.58011571440628,2661000
2013-03-12,42.29704666137695,42.55069750510969,42.27499104179365,42.52864188552638,2449600
2013-03-13,42.23823165893555,42.33381068692579,42.13530169246817,42.29704758064638,2309000
2013-03-14,41.84856414794922,42.26764055694637,41.80077603679563,42.2566099424052,4585400
2013-03-15,41.20157241821289,41.5802088261587,41.20157241821289,41.5177160374869,8422800
2013-03-18,41.26774978637695,41.33759352603139,40.92219674154927,41.03983140292846,3896800
2013-03-19,41.37067413330078,41.422139115359506,41.16113733359564,41.212602315654365,4108000
2013-03-20,42.12794876098633,42.2014721703304,41.48831052516505,41.48831052516505,3447800
2013-03-21,41.80079650878906,42.120617175966686,41.79711963547459,41.94784059040978,2341800
2013-03-22,42.058101654052734,42.274989383798875,41.66843462736598,41.81547862962715,4500400
2013-03-25,42.054439544677734,42.308087662866996,41.944155803112274,42.190452980692136,3294600
2013-03-26,43.12785339355469,43.14255807839068,42.201480685941966,42.201480685941966,3123400
2013-03-27,42.90728759765625,42.99551289971147,42.66834138348456,42.82641323550905,2134800
2013-03-28,43.38885498046875,43.54324996337903,42.74553974704405,43.05065564515141,3380000
2013-04-01,43.27121353149414,43.42928536199782,43.11314170099046,43.33003226127756,1855600
2013-04-02,43.70867156982422,43.73440406462485,43.36679539339779,43.39620476020753,2619800
2013-04-03,43.124176025390625,43.78954968456822,43.0249229096786,43.74543563056742,3354000
2013-04-04,43.03962707519531,43.278573290045095,42.91463865934991,43.20872673987761,2603000
2013-04-05,42.90728759765625,42.97713414762551,42.649959826766825,42.78965292670536,1962000
2013-04-08,43.27488708496094,43.27488708496094,42.69774166521563,43.046968731474,1488200
2013-04-09,43.10212326049805,43.407239177159525,42.8742048399861,43.37782980587437,2649400
2013-04-10,43.477073669433594,43.57265270344014,43.12049563590682,43.17931156131988,2460600
2013-04-11,43.68659591674805,43.81526114465,43.45500355485938,43.484412910073004,2118400
2013-04-12,43.51383590698242,43.83365363014511,43.37781969995088,43.59103338514691,2151000
2013-04-15,42.96242141723633,43.613087455564425,42.96242141723633,43.377818157723546,3040400
2013-04-16,43.86673355102539,43.92187540024193,43.0359373554875,43.179304480671924,3551800
2013-04-17,43.32267761230469,43.80792090435079,43.105789861181904,43.749104980428015,3133000
2013-04-18,43.58735275268555,43.81159422903859,43.37781595728054,43.396197509623356,2743400
2013-04-19,44.26395797729492,44.326811232638114,43.84246712728636,43.87204612538028,2951600
2013-04-22,44.519065856933594,44.77047884418246,44.119757899288686,44.234372975335454,3267200
2013-04-23,44.89619064331055,44.899888722977146,44.24177158273724,44.574525411715506,3784800
2013-04-24,43.59104537963867,44.75569217932831,43.513402635767115,44.75569217932831,4436200
2013-04-25,44.15304183959961,45.25483563392452,44.1160694992926,44.58932222516333,5879800
2013-04-26,43.994056701660156,44.71133192597187,43.82028360539423,44.32311531427955,3885600
2013-04-29,44.134552001953125,44.341599340497574,44.01993409313737,44.090183506204276,2610600
2013-04-30,44.149356842041016,44.28615481505462,43.74635062283777,44.01994938967439,3388000
2013-05-01,44.04951477050781,44.5375569591271,43.9533844364561,44.1604346037066,2393600
2013-05-02,44.637386322021484,44.77418425562488,43.90901969319434,44.056911867000274,2341200
2013-05-03,44.79267120361328,44.94425863454087,44.40445460544732,44.83703688056353,2120800
2013-05-06,44.4414176940918,44.8370275491462,44.37117111327067,44.792661881429275,1797200
2013-05-07,44.489498138427734,44.5523514011697,44.30463360979218,44.50428763921565,2657800
2013-05-08,44.55974197387695,44.62629331288509,44.308326117713854,44.42294403649983,2090800
2013-05-09,44.437740325927734,44.6299982119878,44.28984812544586,44.49319743290047,3025200
2013-05-10,44.633689880371094,44.729820219995005,44.40815494172002,44.55234904075154,2484000
2013-05-13,44.703922271728516,44.811141169503365,44.485780755768964,44.663251867410764,1837600
2013-05-14,45.60608673095703,45.60608673095703,44.73722385658198,44.73722385658198,3101000
2013-05-15,46.04975891113281,46.120005519508005,45.350971162413686,45.41751969009258,7490600
2013-05-16,46.12739562988281,46.364021988841685,45.35096521324848,46.075633790161106,3077800
2013-05-17,45.875980377197266,46.14218573974641,45.683719694996775,45.94992505754592,4148300
2013-05-20,45.51363754272461,45.88336652815829,45.41750721668553,45.87597318960527,2321300
2013-05-21,45.53582000732422,45.90554896683491,45.247429049427076,45.55060668339352,2895900
2013-05-22,45.41012191772461,45.942532653667925,45.269625893876814,45.47667325971753,3059500
2013-05-23,45.084747314453125,45.35095259944232,45.01079983484061,45.15869197325771,3159600
2013-05-24,45.23265075683594,45.33617726062162,44.72242568181757,45.010813890341375,1756700
2013-05-28,45.572792053222656,46.03125517031357,45.39532091261529,45.742867035033676,2717100
2013-05-29,44.05691146850586,45.24004320663474,43.92380879536529,45.17349187006445,4483400
2013-05-30,44.0938835144043,44.4414268734732,43.87204666757535,44.18261768897417,2961000
2013-05-31,42.770259857177734,43.97557744132104,42.76286651677347,43.93860227687271,4731300
2013-06-03,43.332237243652344,43.38399907747638,42.53362407836121,42.82201224418324,4101400
2013-06-04,43.53188705444336,43.79069901948631,43.06603059482065,43.48012522559639,3066800
2013-06-05,42.81462860107422,43.45795641057918,42.81462860107422,43.42837740717897,2584900
2013-06-06,42.91815948486328,43.05126220166203,42.20088404664889,42.74068825552846,3861600
2013-06-07,43.70198059082031,43.73155959723529,43.19914876500298,43.26570011903202,2980200
2013-06-10,43.49492645263672,43.88683835411762,43.36921992605185,43.835076511311044,2710200
2013-06-11,43.3470344543457,43.80550052236984,42.93293971007731,43.22132792720962,2338900
2013-06-12,43.00688552856445,43.997759554042474,42.999492188282744,43.62063714187805,2344900
2013-06-13,43.22871017456055,43.369208987434995,42.2895982592337,42.97729436399424,2516500
2013-06-14,43.49492645263672,43.63542248013902,43.04385654748609,43.26569341962983,3099100
2013-06-17,44.10127258300781,44.30831991055732,43.650202773010726,43.7019646048981,3724200
2013-06-18,44.14564514160156,44.308323990738806,43.982963471655786,44.14564514160156,3156100
2013-06-19,42.88856506347656,44.21958893231931,42.87377556461283,44.12345860010928,4256400
2013-06-20,41.31352233886719,42.68152148594493,41.18041965816106,42.592784484935024,7546900
2013-06-21,42.00861740112305,42.2156647749644,41.417048640189606,41.698043519552094,6013600
2013-06-24,41.52057647705078,41.956856900760236,41.017744706646354,41.61670400609207,4418700
2013-06-25,41.57234191894531,41.89770251937654,41.306136509133744,41.771995976303984,4152100
2013-06-26,42.14911651611328,42.297008717173746,41.72022941511884,41.98643481286586,4130400
2013-06-27,42.437503814697266,42.762867213969606,42.252639272677634,42.52623800504015,2983100
2013-06-28,42.363548278808594,42.644540279746465,42.00121262807204,42.223049457531324,5508900
2013-07-01,42.85158920288086,43.37660367573141,42.577990548421994,42.59277722526128,3727600
2013-07-02,42.6815071105957,43.03644653266374,42.51882548434494,42.84418591603869,3355700
2013-07-03,42.75545883178711,42.844192996767,42.289599529228276,42.54841150656463,2443200
2013-07-05,42.785037994384766,43.05124331117381,42.23044452467699,42.88856165740089,2501300
2013-07-08,43.31745910644531,43.361824789436696,42.87378253086889,42.87378253086889,2492100
2013-07-09,43.61323165893555,43.80549231487396,43.494918494053586,43.650203994059595,2916100
2013-07-10,43.3470344543457,43.82768336343882,43.250906929174185,43.620635991304624,2434900
2013-07-11,43.59104537963867,43.89422301700729,43.35441906856112,43.80548885555524,4292100
2013-07-12,43.731544494628906,43.79809582567457,43.38399834130064,43.61323133063755,2651200
2013-07-15,43.49492645263672,43.827683171256766,43.31745808324527,43.80550033028506,3302400
2013-07-16,43.24350357055664,43.48012990526983,42.95511540142547,43.41357857233122,3068000
2013-07-17,43.15477752685547,43.41358674768258,42.94033398913647,43.33224590090579,2873500
2013-07-18,43.48012924194336,43.62062806534167,43.04384891507017,43.13258590484017,3242900
2013-07-19,43.79252243041992,43.82227062850889,43.323953554636304,43.48758141159262,3135900
2013-07-22,43.6214485168457,43.933825806311475,43.47269621067494,43.70325958988608,2303700
2013-07-23,43.44294357299805,43.72557266053331,43.30906678612419,43.591695873659454,2627100
2013-07-24,43.48756790161133,43.62888101958154,43.28675273151849,43.509879752550304,3935200
2013-07-25,44.34288024902344,44.55113455491639,43.509871537092046,43.65862380209745,4558000
2013-07-26,44.81147003173828,44.81890637175078,43.99333644405305,44.2238998682329,4022400
2013-07-29,44.68503189086914,44.89328345546576,44.513964863133594,44.618093482646685,2992400
2013-07-30,44.80402374267578,45.13127653763812,44.5585820185434,44.923025016954284,3269000
2013-07-31,44.528831481933594,45.1238378598905,44.51395596783289,44.87839897026449,3867500
2013-08-01,45.04203414916992,45.235410189653145,44.8040315590915,44.82634341528176,2799300
2013-08-02,45.01971435546875,45.056904561192134,44.63295948110321,44.818899160862735,2508800
2013-08-05,45.354408264160156,45.42878584153742,44.967653373441784,44.989968065262204,2965100
2013-08-06,45.36184310913086,45.555219117418304,45.19077611610471,45.235402658269905,2586100
2013-08-07,45.32466125488281,45.49572544220741,45.10897335438686,45.220535474529996,2469800
2013-08-08,45.302337646484375,45.74115534786301,44.99739672432052,45.570091204913915,2817000
2013-08-09,45.13127899169922,45.40646892145434,44.97509034269342,45.24284393368298,1656000
2013-08-12,45.33953094482422,45.35440645970784,44.804026595085624,44.84865030252213,2276400
2013-08-13,45.42877960205078,45.51802984543081,45.21308891310279,45.36927754832137,2430100
2013-08-14,45.123844146728516,45.47341168376259,44.95277996655844,45.369285907764684,2383200
2013-08-15,44.48420333862305,45.056897806897844,44.3949502629237,44.84864346747997,2814400
2013-08-16,44.231319427490234,44.380068859483586,43.97100224707477,44.268506785488576,3130100
2013-08-19,43.993324279785156,44.16438842492094,43.81482095947902,44.090010859287545,2351400
2013-08-20,43.94870376586914,44.34289498752157,43.89664088139484,44.06026871100803,1946300
2013-08-21,43.5173225402832,43.91895293999564,43.46525965556653,43.88176557051437,3036800
2013-08-22,43.472694396972656,43.576820155783736,43.323942097007915,43.487569910690546,3035500
2013-08-23,43.904075622558594,43.94126582772769,43.46525787137774,43.5173207539573,2728900
2013-08-26,43.3016242980957,44.067694707464746,43.28674878642078,43.94125711404855,1960700
2013-08-27,42.87025833129883,43.06363721514545,42.69919414156668,42.81075910049471,2780300
2013-08-28,42.595054626464844,42.77355509854075,42.49836521571565,42.77355509854075,2641000
2013-08-29,42.58017349243164,42.81073964540323,42.34960733946005,42.461172247688054,2627300
2013-08-30,42.96694564819336,43.00413302025859,42.580190736842745,42.63969280191882,3502500
2013-09-03,42.72894287109375,43.428075109321064,42.676879982992496,43.398324076916175,3376100
2013-09-04,42.98923873901367,43.279304086608285,42.58760848670726,42.728924410970656,2797900
2013-09-05,42.78843688964844,42.97437656372091,42.661999273142,42.90000182897762,2758900
2013-09-06,43.13800811767578,43.30907229215944,42.74381688244015,42.959504766745496,2752700
2013-09-09,43.561946868896484,43.718135515097266,43.13800463651477,43.13800463651477,2094000
2013-09-10,43.576820373535156,43.94869970669821,43.35369334108015,43.7255726742432,2351100
2013-09-11,44.06769943237305,44.07513577040095,43.45781757437893,43.50244411418852,2194100
2013-09-12,44.090030670166016,44.164408269219344,43.82227698800464,43.963593007598305,1737700
2013-09-13,44.20158386230469,44.39495989384254,44.08258257277034,44.20158386230469,1754500
2013-09-16,44.64038848876953,44.80401627759473,44.38007129407366,44.46188518848626,2384100
2013-09-17,44.47677230834961,44.6180882854779,44.1346439671596,44.38008287724306,2898000
2013-09-18,45.510589599609375,45.510589599609375,44.47676555669814,44.67014438955599,3832500
2013-09-19,45.34696960449219,45.57753298952693,45.220529148028405,45.5477847973128,3252800
2013-09-20,44.95277786254883,45.361847445129314,44.95277786254883,45.25028249765928,3985400
2013-09-23,44.77428436279297,44.975099597357506,44.58090546852419,44.96022407955107,1935500
2013-09-24,44.528831481933594,44.93789818945308,44.4990832909464,44.64039641908173,2600300
2013-09-25,44.1346321105957,44.72220204123569,44.09744475084168,44.64038814744865,2714500
2013-09-26,44.915584564208984,44.930460077722586,44.246203479381506,44.35032923676262,2687700
2013-09-27,44.57345962524414,44.83377403832093,44.36520809478271,44.67758539047486,2945800
2013-09-30,44.10489273071289,45.02715481702507,43.94870407618715,44.744525701301505,5172800
2013-10-01,44.69245910644531,44.75939750100171,43.94126408950276,44.052826188953965,2676400
2013-10-02,44.20158386230469,44.43958644137337,43.90407921986156,44.402399070371615,2736900
2013-10-03,44.04540252685547,44.261090449422014,43.67352308056243,43.971024935267856,2620000
2013-10-04,44.12721252441406,44.24621382312854,43.80739600214113,44.04539859957009,2172500
2013-10-07,44.037960052490234,44.19414872730972,43.79252111166174,43.889207717665336,3725600
2013-10-08,43.852020263671875,44.32802546447576,43.83714474649491,44.104898381250784,3958200
2013-10-09,44.49908447265625,44.826337279919464,43.83713684506053,43.93382627067563,4594700
2013-10-10,45.213104248046875,45.2205405886782,44.70734796866569,45.108978455918106,3003900
2013-10-11,45.70396041870117,45.71883592917534,45.01226478632669,45.138702369536844,2573500
2013-10-14,45.76348114013672,45.80810769254142,45.41391640988518,45.48085481988481,1954300
2013-10-15,45.54033660888672,45.92709140327468,45.43621086370799,45.748588099244174,3007400
2013-10-16,46.32129669189453,46.37335958039562,45.54035052716351,45.61472810874695,2544400
2013-10-17,47.16173553466797,47.325363344367894,45.95684732498739,46.031222054552416,4795900
2013-10-18,46.967323303222656,47.20660890734832,46.45884068132827,47.20660890734832,4716400
2013-10-21,46.55604934692383,46.94488917385482,46.25694376256039,46.929933466760225,3253500
2013-10-22,47.46084213256836,47.565529209974514,46.5485641394423,46.65325121684845,3688600
2013-10-23,47.46084213256836,47.677692713263,47.169213030505816,47.25146512524714,4075600
2013-10-24,47.139312744140625,47.333731240550996,46.309289502426786,46.67569435979892,5188300
2013-10-25,47.55805969238281,47.64779393644133,47.169222711500595,47.28886551773578,4429800
2013-10-28,48.425472259521484,48.447904393658916,47.602925493532695,47.62535762767013,4087300
2013-10-29,49.30783462524414,49.35269888953785,48.395556551149745,48.52267576999415,4525900
2013-10-30,48.76943588256836,49.38260548992741,48.64979024941645,49.33774123000434,2721700
2013-10-31,48.40303421020508,48.77691828018806,48.35816424239477,48.6049290977879,3944900
2013-11-01,48.89655685424805,49.02367606529775,48.27590794615645,48.47032925453823,3770700
2013-11-04,49.15079116821289,49.20313469790147,48.76194862908331,49.02366627752618,2657200
2013-11-05,48.87413787841797,49.173246347585994,48.64233152469703,49.01621568490217,3571100
2013-11-06,49.360191345214844,49.39010276440157,48.896572905350396,49.061082858367456,2523600
2013-11-07,48.455387115478516,49.33027463910045,48.32078859607366,49.33027463910045,4245600
2013-11-08,48.47779846191406,48.49275131098253,47.954357464248766,48.34320000023062,3020200
2013-11-11,48.32078170776367,48.68718651751479,48.26843816351351,48.530155884764305,1940000
2013-11-12,48.39555358886719,48.50024066915686,47.85715963022428,48.18617942828783,3570800
2013-11-13,48.67222213745117,48.694659972318966,48.17121888740784,48.30581737152581,2727600
2013-11-14,49.05359649658203,49.13585146121731,48.78439946777912,48.85170157748937,2673700
2013-11-15,49.18819046020508,49.33026824143386,48.889082044205885,49.14332619456169,2364300
2013-11-18,48.739524841308594,49.30035091464138,48.61987920725571,49.203143115736786,2039200
2013-11-19,48.814308166503906,48.89656312656233,48.56754328632865,48.5825018454404,2381900
2013-11-20,48.79935836791992,49.165763218837476,48.634848437502505,48.93395688325971,2202300
2013-11-21,49.3377571105957,49.38262138495946,48.844227272515845,48.88161797116539,3404500
2013-11-22,49.54713439941406,49.66677437346654,49.23306734435886,49.3228016036632,2780700
2013-11-25,49.3153190612793,49.71911464391615,49.225590512928626,49.666771089038384,2165800
2013-11-26,49.360191345214844,49.681731970197305,49.18820211114614,49.42748775962007,2539800
2013-11-27,49.2255744934082,49.53963572046956,48.933945396134405,49.524682868950435,1764000
2013-11-29,49.21063232421875,49.651818608689425,49.15081519320515,49.27793444101107,1621600
2013-12-02,48.814308166503906,49.322790780947436,48.64979824638707,49.08350518032805,2458500
2013-12-03,48.88161849975586,48.926482774604764,48.51520790509082,48.61242144062304,2183700
2013-12-04,48.63484191894531,48.70961759410761,48.09644792974744,48.56006624378301,2762600
2013-12-05,48.260963439941406,48.64232684405919,48.208619890750256,48.48529049146676,2057100
2013-12-06,49.098472595214844,49.255503264099055,48.672239158932285,48.7021505775321,2389300
2013-12-09,49.12089157104492,49.34521859290583,48.97881379702025,49.15080298163002,2340700
2013-12-10,48.37312698364258,48.94890599100568,48.27591346582769,48.94890599100568,3225300
2013-12-11,48.5600700378418,48.859172761860265,48.417992250419886,48.477815077231085,3187900
2013-12-12,47.8347282409668,48.66475132257165,47.82724896225359,48.61988135531052,3165000
2013-12-13,47.84221267700195,48.051589728390276,47.587971355859324,47.954376203897226,2130400
2013-12-16,47.88706970214844,48.156266673951436,47.730039086099666,47.961845370978644,2676600
2013-12-17,47.54309844970703,47.916982509792774,47.318765731648384,47.85715969097473,2243900
2013-12-18,48.33573532104492,48.365646733232204,46.95984173803209,47.692654221564794,3940300
2013-12-19,48.03660583496094,48.27589132248815,47.89453382065843,48.17868355427948,3558000
2013-12-20,48.410518646240234,48.64233070105552,47.9842909390243,48.05906662879527,4667700
2013-12-23,48.328250885009766,48.545104321464876,48.11887672705806,48.545104321464876,2525900
2013-12-24,48.38808059692383,48.5226791040718,48.26844064891382,48.38808059692383,1051200
2013-12-26,48.47779846191406,48.5077098650678,48.22355438761564,48.38806425245283,1683300
2013-12-27,48.88161849975586,48.9414356312145,48.5974628789936,48.65728571547194,1814500
2013-12-30,48.92647171020508,49.061070209332925,48.75448252047901,48.92647171020508,1892700
2013-12-31,48.76195526123047,48.9937615378056,48.6049246508069,48.91898587165404,1827400
2014-01-02,48.08150100708008,48.627368637608505,47.85716824890572,48.52268153846555,3004300
2014-01-03,47.99176788330078,48.22357422181246,47.849692938648154,48.01420001863815,2113700
2014-01-06,47.961856842041016,48.26844457409478,47.8496933119695,48.18618960720325,2583500
2014-01-07,48.00672149658203,48.29087709539348,47.8796022576502,48.223574983299464,2872100
2014-01-08,47.513187408447266,48.00671140497508,47.41597675336923,47.98427927399901,3286300
2014-01-09,48.61989212036133,48.81431347482531,47.70761673848539,47.954378792985466,4826400
2014-01-10,48.66475296020508,48.94890280566986,48.51519590599866,48.694664371046365,2956500
2014-01-13,48.37312698364258,48.89656244488176,48.26096061194313,48.53015762201433,3140800
2014-01-14,48.49275588989258,48.59744295830731,48.27590247531425,48.38058954372897,2480000
2014-01-15,48.4404296875,48.58250749047666,48.11888908946084,48.500252520860634,2287400
2014-01-16,48.58998107910156,48.694668172709996,48.14879486602142,48.29087265235517,2636400
2014-01-17,48.3806037902832,48.68719151307625,48.36565093539968,48.53764014416488,3937400
2014-01-21,48.410518646240234,48.91152774824658,48.07402518976113,48.64233070105552,2828700
2014-01-22,48.11734390258789,48.63602405494767,48.01210125134365,48.51575247437803,2323200
2014-01-23,47.68886184692383,47.914378940218825,47.531002175672505,47.681345948679514,3263800
2014-01-24,46.899566650390625,48.072244789469146,46.899566650390625,47.65128274446342,5429400
2014-01-27,46.68906784057617,47.09499505247878,46.56879342974223,46.95968598184458,4636800
2014-01-28,47.26038360595703,47.305487597794055,46.75673526783712,46.75673526783712,3377600
2014-01-29,46.29819107055664,47.200250893088565,46.17791661872366,47.200250893088565,5682200
2014-01-30,46.223018646240234,47.96699955737891,45.9524004242413,47.68886256945279,5456400
2014-01-31,46.02757263183594,46.29819086414594,45.102962249822866,45.561509491507124,6831800
2014-02-03,45.23075485229492,46.08019481988879,44.91503547725624,46.02005902503014,6868200
2014-02-04,45.36605453491211,45.606603399429076,45.20819488024197,45.36605453491211,5220800
2014-02-05,45.4186897277832,45.6968267760242,45.118004979578096,45.21572888484033,5981000
2014-02-06,45.55398941040039,45.734402515922554,45.30592461632257,45.486334854275704,4190900
2014-02-07,45.74943923950195,45.96743758211225,45.50889033302479,45.68930057909808,3651200
2014-02-10,46.245582580566406,46.320753056159504,45.711864748173845,45.734415317337806,4451800
2014-02-11,46.90707778930664,46.96721357591734,46.147843051918365,46.35832260640912,3701400
2014-02-12,46.54625701904297,47.16266682588057,46.36584677063569,46.914599149859065,3972100
2014-02-13,46.839420318603516,46.914590764075285,46.185425399210644,46.19294416429903,3090900
2014-02-14,47.1175651550293,47.28294361387097,46.4635729540353,46.89205089960751,3116100
2014-02-18,46.899566650390625,47.25287413222702,46.60639783251333,47.25287413222702,2951100
2014-02-19,46.25309371948242,46.749226263003095,46.18543915138554,46.58385066020923,3358500
2014-02-20,46.50115203857422,46.68908103784582,46.11777527422155,46.21549915676209,2658300
2014-02-21,46.275638580322266,47.01231992557457,46.25308515008879,46.57632326360151,3166400
2014-02-24,46.56880569458008,46.95969834963193,46.29067158394337,46.46356591582938,3236300
2014-02-25,46.659027099609375,46.77930158411139,46.36585822285884,46.636476529880845,3961200
2014-02-26,46.56880569458008,47.01231823900728,46.50115114144479,46.689080137090734,3026300
2014-02-27,46.69660568237305,46.764260249485304,46.32074761343154,46.41095561462755,2469700
2014-02-28,47.23032760620117,47.47087654747085,46.674056387284054,46.899570661278176,3366200
2014-03-03,46.771766662597656,47.079970083019305,46.60638823832355,46.77928256026069,2714800
2014-03-04,47.36562728881836,47.553556302270785,47.1100437158203,47.1100437158203,2937600
2014-03-05,47.07246780395508,47.32053552724689,47.01233199888327,47.22281161798923,2401100
2014-03-06,47.373146057128906,47.50093640984857,47.087493153750195,47.19273294247678,2665900
2014-03-07,47.455833435058594,47.53100389048961,47.24535099822744,47.42576410585856,1992800
2014-03-10,47.39569091796875,47.50844945950417,47.252865917250205,47.313001703185286,1955500
2014-03-11,47.576114654541016,47.974523286644676,47.40322028839094,47.485906654104,3367300
2014-03-12,47.52348709106445,47.65879620233046,47.260384766905446,47.290454095535445,2368700
2014-03-13,47.531009674072266,48.01962629653602,47.44080454306506,47.59866423922003,2633000
2014-03-14,47.98203659057617,48.1023110432283,47.403214891072444,47.46335068361394,3620000
2014-03-17,48.41051483154297,48.628513174550086,48.04217270482166,48.147415360720004,2838300
2014-03-18,48.365394592285156,48.55332355306054,48.26767359733119,48.500703673448896,2148700
2014-03-19,47.65127944946289,48.350375598014885,47.46335043893964,48.312787501854935,2285500
2014-03-20,47.80162811279297,47.8843173446783,47.41073538687922,47.5836297501079,1978900
2014-03-21,47.70390701293945,48.207555465686234,47.59866720893682,48.154935563684916,5963400
2014-03-24,47.59114456176758,48.14741570521951,47.55355646489321,47.936933259485954,2417900
2014-03-25,47.936927795410156,48.33533920982601,47.59113913710639,47.89934257038911,3161400
2014-03-26,48.312774658203125,48.5232599115491,47.88429972509219,48.012090041842555,2737000
2014-03-27,48.154930114746094,49.553122478442944,48.10231308626821,48.29775800479058,8116000
2014-03-28,48.18498611450195,48.56084404945928,47.899336148583686,48.139884997550894,2857600
2014-03-31,48.763816833496094,48.80139919075543,48.13237243907973,48.4856798611161,3568300
2014-04-01,48.27519989013672,48.93670787057924,48.132372022429614,48.763816411379985,3089100
2014-04-02,48.3353385925293,48.560849939775515,48.01209763228368,48.35788915374015,2969600
2014-04-03,48.320308685302734,48.60596446607628,48.26768878912949,48.478168373822484,2426400
2014-04-04,48.27519989013672,48.598437982484946,48.207542471435275,48.53829932922536,2435300
2014-04-07,48.801395416259766,49.08705113205295,48.04216361020469,48.04967950756148,4229000
2014-04-08,49.33511734008789,49.36518666728338,48.66609058161693,48.741261032036796,4400900
2014-04-09,49.41029357910156,49.59822257292341,49.20732705409682,49.31256683182604,3408700
2014-04-10,49.56816101074219,49.84629229468072,49.15471486551106,49.305055790064934,6901000
2014-04-11,49.094581604003906,49.816228444522125,49.04948046870254,49.432857324181974,4838300
2014-04-14,49.508018493652344,49.62077704586107,49.259950825820795,49.35767758079952,3040300
2014-04-15,49.89139938354492,49.96656984615843,49.48547200326555,49.68091405903294,4172700
2014-04-16,50.50028991699219,50.665668383457366,49.92147101950301,50.04174261820745,3575800
2014-04-17,50.590980529785156,50.76480348989107,50.28111368588905,50.44738313714674,3599300
2014-04-21,50.51537322998047,50.67408909043884,49.99389885288265,50.409566500364434,2132200
2014-04-22,50.152626037597656,50.70433192059308,50.145066764039335,50.56829959276101,3283700
2014-04-23,49.78229522705078,50.31132897962999,49.72939185179286,50.16773163277187,3688200
2014-04-24,50.20553970336914,50.22821176265143,49.84276945674004,49.91835067573096,3992000
2014-04-25,50.06194305419922,50.590982764849564,49.82009814151372,50.25844384764292,3169500
2014-04-28,51.28627395629883,51.35429011896621,50.31889453589939,50.379357191183395,4539000
2014-04-29,50.66655731201172,51.25605391575343,50.65899803692755,51.203150522239106,4473600
2014-04-30,50.86305618286133,51.15024519881229,50.69678673350759,50.870609691623066,3839500
2014-05-01,50.643882751464844,50.95374382216237,50.288671798539575,50.77236159136291,2652400
2014-05-02,50.711883544921875,50.885712214325736,50.485157266697534,50.56073269277231,2538900
2014-05-05,50.560752868652344,50.74213511681809,50.38692412988346,50.53808080838634,2032600
2014-05-06,50.41714859008789,50.74968747140747,50.34157314416169,50.356685926932165,2012900
2014-05-07,50.81014633178711,50.93862515684962,50.45493541987837,50.45493541987837,2191000
2014-05-08,50.711883544921875,50.908384265544626,50.545614147936114,50.742114868558865,1714000
2014-05-09,51.1275749206543,51.18803758907676,50.651438614374214,50.651438614374214,2418100
2014-05-12,50.7799186706543,51.20314577956762,50.68922467615705,51.20314577956762,1690900
2014-05-13,50.832820892333984,50.93106839292292,50.63632012511934,50.79503028731844,1797000
2014-05-14,50.606082916259766,51.07465984025669,50.56073880833739,50.802583660650235,1604000
2014-05-15,50.19042205810547,50.70433739482987,50.1148408464348,50.43982045209322,2440500
2014-05-16,50.57587432861328,50.61366494623054,50.107302959975975,50.107302959975975,2840300
2014-05-19,50.4322624206543,50.492719312116996,50.12239562549879,50.30377783195965,1832500
2014-05-20,50.30379104614258,50.575867310323126,50.1677529140523,50.40959784154192,1778900
2014-05-21,50.492733001708984,50.52296433865485,50.22821601098013,50.40204475690935,1706400
2014-05-22,50.34157180786133,50.485169187535206,50.1601895892458,50.4171472517814,2679200
2014-05-23,50.4322624206543,50.75724199716638,50.258433721853535,50.4851658044569,3253500
2014-05-27,50.41714859008789,50.59097730515138,50.27355120660227,50.553186699169814,3614400
2014-05-28,49.971256256103516,50.417155484267404,49.95613770522877,50.40959620883003,3281200
2014-05-29,50.57587432861328,50.60610566949935,50.07707161908991,50.167759875709415,6367200
2014-05-30,51.694393157958984,51.74729654486624,50.52295360582258,50.59097554101003,7885400
2014-06-02,51.550785064697266,51.59612916803969,51.24847758833155,51.49032241621702,2924900
2014-06-03,50.81770706176758,51.5054569278503,50.72701882696972,51.41476292701513,3143700
2014-06-04,51.17291259765625,51.18803114587756,50.621206674349196,50.893277115929045,2659500
2014-06-05,51.361839294433594,51.54322145858896,51.172897858344875,51.271145329338395,2872700
2014-06-06,51.407188415527344,51.54322649344111,51.2862688829571,51.42986623354264,2941800
2014-06-09,51.72463607788086,51.87578699832933,51.30140312175673,51.308962397590555,2260000
2014-06-10,51.91355895996094,52.10250042565765,51.59613291540314,51.611251461639,2931800
2014-06-11,51.860660552978516,51.92111744561119,51.626369192144615,51.85310127913574,2063900
2014-06-12,51.27116012573242,51.84554387169391,51.11244996553978,51.65660238107838,2131500
2014-06-13,51.28627395629883,51.3694086658053,51.1804671925699,51.22581130101482,1559000
2014-06-16,51.46010971069336,51.52813165635345,50.885731640422584,51.1124580052018,1810000
2014-06-17,51.308956146240234,51.42988148069619,51.14268669438196,51.414762930870545,1644400
2014-06-18,51.94379806518555,51.974023630111795,51.21070414593284,51.21070414593284,2337700
2014-06-19,52.47282028198242,52.48793306108734,52.079824598863816,52.079824598863816,3072200
2014-06-20,51.67928695678711,52.50307505377406,51.641502109132574,52.37459619288007,4035200
2014-06-23,51.263607025146484,51.66416206586953,51.172913033156895,51.656602791694546,2656100
2014-06-24,51.354305267333984,51.558365347601615,51.05200343381403,51.21071362622337,2438700
2014-06-25,51.354305267333984,51.460112062273545,51.16536373836508,51.32407969681229,2117200
2014-06-26,51.316505432128906,51.414752922722,51.02175719431343,51.271155557516856,2154600
2014-06-27,51.71708679199219,51.76243092367803,51.06712732964576,51.225837556585354,4109300
2014-06-30,51.52812957763672,52.04205072285664,51.33162878992509,51.626377088473845,2711400
2014-07-01,51.75484848022461,51.84553669289942,51.35428773211252,51.76996126032511,2150000
2014-07-02,51.74730682373047,51.9589204133935,51.618827968011885,51.66417208978601,1194200
2014-07-03,52.01179885864258,52.01179885864258,51.72460994845288,51.72460994845288,1205500
2014-07-07,52.04203796386719,52.11005412407049,51.85309649747674,51.9891345839193,1951800
2014-07-08,52.52573776245117,52.58620042717771,51.807762358444,51.837987924770204,3835000
2014-07-09,52.63908767700195,52.820469849528735,52.465259010722114,52.54839370772091,2497500
2014-07-10,52.46528625488281,52.69201841280518,52.3745980045445,52.39727006712908,2933900
2014-07-11,52.540855407714844,52.616436628635796,52.336801102926046,52.50307056329197,1681500
2014-07-14,52.744895935058594,52.98674076069749,52.69955183213738,52.7373366625599,2198500
2014-07-15,52.64665603637695,52.75246280244999,52.41236468346982,52.64665603637695,2835200
2014-07-16,52.76061248779297,53.10247740041662,52.66945314788579,52.87456745866752,2499400
2014-07-17,52.114864349365234,52.79858823389411,52.114864349365234,52.69223182918844,2366300
2014-07-18,52.34279251098633,52.42635911470477,52.07690140642371,52.25162736256855,2395800
2014-07-21,52.236412048339844,52.335169900051945,51.99331089367346,52.084470204180406,1516400
2014-07-22,52.10725402832031,52.41113188563948,51.96291653798444,52.23640602997289,1965700
2014-07-23,51.788211822509766,52.183254981291675,51.63627571281892,52.114879674737054,1919700
2014-07-24,51.74262619018555,51.917352116609706,51.651461057274865,51.909759369193274,1917300
2014-07-25,51.34758377075195,51.78820655845544,51.30200410167589,51.735028345869885,1594300
2014-07-28,51.15006637573242,51.575492062845754,50.967736113263605,51.38556905310012,1711600
2014-07-29,50.41315841674805,51.14246199541474,50.337190380718326,50.952539007345614,4919000
2014-07-30,50.22324752807617,50.69425873851626,50.154872221984235,50.48913861623146,3740600
2014-07-31,48.16447830200195,49.3723859088391,48.16447830200195,49.17487014414266,6849300
2014-08-01,48.582305908203125,49.12928219928021,47.777031312957405,47.90618046504172,5261900
2014-08-04,48.43795394897461,48.71903913867969,48.286017888373756,48.52911906292863,4342400
2014-08-05,48.44556427001953,48.67347131432949,48.22525287138861,48.240447060741985,4336500
2014-08-06,49.22804641723633,49.56990551619327,48.55951371386768,48.55951371386768,5742500
2014-08-07,48.962158203125,49.43316943666935,48.85580176264584,49.35720137861157,2797600
2014-08-08,49.5167350769043,49.54712345873503,48.86339935752147,48.901386283807696,2175300
2014-08-11,49.425559997558594,49.911762417148005,49.38757887489725,49.63827283163021,4085500
2014-08-12,48.93936538696289,49.2584346889825,48.870995877669095,49.02293198453816,4138700
2014-08-13,48.90896987915039,49.15207109230964,48.65827591894781,49.07610304994552,3686800
2014-08-14,48.77981948852539,49.03811776583471,48.65067324786554,48.924162813962646,4143700
2014-08-15,48.71906280517578,49.12929732326672,48.384799252284644,48.92418296221725,3972300
2014-08-18,49.09130859375,49.37998952286534,48.848207338707844,48.88618846843846,3797400
2014-08-19,48.81781005859375,49.03052289348248,48.65067688946974,49.022924350525,3273800
2014-08-20,49.12928009033203,49.235636506309426,48.802612299547185,48.93935709094526,2815800
2014-08-21,49.23563766479492,49.38757954547343,49.03812191389804,49.03812191389804,2500000
2014-08-22,49.05329895019531,49.357176827262194,49.02291058288978,49.30399863347462,1642200
2014-08-25,49.281219482421875,49.48633376118108,49.16726452933802,49.31920060279004,1556800
2014-08-26,49.2204475402832,49.463548759135435,49.15967078657258,49.30401412763774,2390400
2014-08-27,49.250823974609375,49.32679200033151,49.06090101230962,49.22043560512276,2084400
2014-08-28,49.00773620605469,49.182462133360524,48.962150741374124,49.09889554343498,2204600
2014-08-29,49.17488098144531,49.19767082116427,48.92418115255313,49.18247373069044,2102500
2014-09-02,48.93936538696289,49.15207825497596,48.741849607231295,48.954562475244366,3045400
2014-09-03,48.93936538696289,49.296421613695244,48.85579878938761,49.26603323312324,3304200
2014-09-04,48.855796813964844,49.09889805272043,48.68107087772934,48.9849488751715,3288600
2014-09-05,49.27362060546875,49.288811894314954,48.71145018232481,48.82539933864547,3441700
2014-09-08,48.34679412841797,49.022919484772856,48.33919848420943,48.95454999291178,3739100
2014-09-09,48.187259674072266,48.4075710307647,48.14167711468925,48.24043787768841,3520600
2014-09-10,48.62028121948242,48.68105796204418,48.13407887096673,48.240435272455215,2769700
2014-09-11,48.93936538696289,49.000142148106896,48.45316288979273,48.59750624851201,3271900
2014-09-12,48.98495101928711,49.04572198464297,48.68107300854393,48.757041062231984,3230400
2014-09-15,49.00773620605469,49.220449054595925,48.719049515042656,48.787424814068295,3135900
2014-09-16,49.48633575439453,49.683857294629696,48.81021034711755,48.908968219240165,4466400
2014-09-17,49.56229782104492,49.69904259457526,49.25841990253426,49.69144984870468,3709500
2014-09-18,49.615501403808594,49.721857860297554,49.41038703657766,49.59271156255985,3443400
2014-09-19,49.592689514160156,49.8889689106555,49.554708394295645,49.8357907060535,5260800
2014-09-22,49.9041748046875,50.05611090294514,49.615488103611106,49.72184453158958,2871100
2014-09-23,49.68385314941406,50.01811365578185,49.6458662346955,49.729432810284806,3138500
2014-09-24,50.31440734863281,50.41316522921792,49.72944122057763,49.72944122057763,4024400
2014-09-25,49.74464416503906,50.18526120383332,49.729447076396205,50.1548728225387,2553000
2014-09-26,49.91176223754883,50.025717197102864,49.42555981970893,49.70664794714356,1988000
2014-09-29,49.85858154296875,49.9041670021112,49.524321019865845,49.691454179412155,3073900
2014-09-30,49.547115325927734,50.01052792979597,49.50153565865881,49.957349719318806,5033900
2014-10-01,49.29641342163086,49.60029138086159,49.22804392369869,49.54711317269546,3385200
2014-10-02,49.21284866333008,49.364790546576224,49.00773436593555,49.19005882984071,3230500
2014-10-03,49.72943878173828,49.84339374358814,49.273624730329004,49.53951577731857,3793100
2014-10-06,49.5850944519043,49.75222761980921,49.334400496036935,49.50153366394185,3154700
2014-10-07,49.304019927978516,49.59270084808028,49.10649835317682,49.19766349446781,4280100
2014-10-08,50.0029411315918,50.03332951557231,49.26603875904128,49.30402568801482,3696600
2014-10-09,49.53192138671875,50.07890061266134,49.49394026024478,49.7750226209165,4065400
2014-10-10,49.600303649902344,49.95735990561999,49.56231672210588,49.67627170950385,3860900
2014-10-13,48.76462173461914,49.64586126721821,48.74183190646408,49.64586126721821,3706800
2014-10-14,48.9317626953125,50.23083527182658,48.6202862047383,48.89377577831913,4631700
2014-10-15,48.53450012207031,48.92412233549305,47.88513365207702,48.64145432519547,5418100
2014-10-16,48.21364974975586,48.43519946347984,47.77055032230789,47.98446169713431,4995000
2014-10-17,48.68729019165039,48.80188563919651,48.14487795706977,48.51157930922075,3832000
2014-10-20,49.30610656738281,49.351942420742624,48.57270377078925,48.57270377078925,3018100
2014-10-21,49.97837829589844,50.09297372871972,49.13038025301309,49.54292031403022,3013100
2014-10-22,49.902008056640625,50.19231157914764,49.85617219218392,49.97076768189441,4656000
2014-10-23,49.695716857910156,50.24576445167756,49.53527975259134,50.222846530507994,4083000
2014-10-24,49.92491149902344,50.26869786837684,48.89356404809729,49.02343617874396,4384400
2014-10-27,50.505516052246094,50.665947333956446,49.856149675256745,49.9096267691602,3265300
2014-10-28,50.26105499267578,50.74999015107015,50.10062369025577,50.704154301397814,2840000
2014-10-29,50.306907653808594,50.50553944971181,49.90200863688306,50.261071788818924,2384200
2014-10-30,50.73469924926758,50.92568967409651,50.05476797459661,50.23812297899933,2161800
2014-10-31,51.09376525878906,51.27712029515486,50.77290268799827,51.20071944905266,4362600
2014-11-03,51.49868392944336,51.53687853431404,50.96390700414347,51.0326666186192,2817400
2014-11-04,51.98762130737305,52.06401634882467,51.29241302445669,51.31533095403538,3836300
2014-11-05,52.06401443481445,52.568226352713495,51.85774141905334,52.568226352713495,2529900
2014-11-06,52.033443450927734,52.10219722154084,51.75077546064089,52.08692054870454,2507300
2014-11-07,51.98762130737305,52.102210955266465,51.60564027154685,52.01053923695173,1892500
2014-11-10,52.369590759277344,52.37722618173595,51.811896005760765,51.88829103031415,2475000
2014-11-11,52.3084716796875,52.48417965085647,52.178599556898845,52.339030854796604,1510000
2014-11-12,52.484188079833984,52.61406605204777,52.048729964586315,52.132766252490924,2156300
2014-11-13,52.17095184326172,52.70572277000906,52.14803392191054,52.66752817727908,2316700
2014-11-14,51.61327362060547,52.209163079965975,51.575079015699274,52.10220886052013,3054800
2014-11-17,51.888282775878906,51.92648319636203,51.44518354396442,51.55214355560398,1950200
2014-11-18,51.92649459838867,52.03344880494742,51.66674450491235,51.94941252428453,1880800
2014-11-19,52.17095184326172,52.19386976461289,51.67437550924435,51.88828387994329,2136700
2014-11-20,51.99525833129883,52.25500847450797,51.88066867987974,52.033458767484014,1654400
2014-11-21,52.20915603637695,52.6064195080673,52.20152061356651,52.43070569778752,3142700
2014-11-24,51.91121292114258,52.36195350901027,51.88065957184018,52.331394331140665,2521200
2014-11-25,52.20151138305664,52.29318306910843,51.811889231638546,51.92648466776928,2570600
2014-11-26,52.47654342651367,52.51473802339132,52.20151668330166,52.3084708802656,1895200
2014-11-28,53.164119720458984,53.400951934792616,52.5835127212556,52.62170732909968,1876700
2014-12-01,53.018959045410156,53.32454498276445,52.43070509600391,52.46126427259604,2507600
2014-12-02,53.37038040161133,53.40093957795624,52.82796813576479,53.102994894302036,2365500
2014-12-03,52.75920486450195,53.248139994900264,52.54529647352351,53.248139994900264,2408700
2014-12-04,53.05715560913086,53.148833142301534,52.58350292583364,52.75921091203513,3071000
2014-12-05,52.99604415893555,53.003679582096176,52.377230997454035,52.90436662390232,2521900
2014-12-08,53.04951477050781,53.33217693560229,52.881442224469694,53.09535061813036,2613700
2014-12-09,52.96548080444336,52.996039980378285,52.537658169921286,52.659894873660974,2781900
2014-12-10,52.61405944824219,53.24050798854173,52.575859020873835,53.03423500645964,2323100
2014-12-11,52.92727279663086,53.462049556045876,52.6828052527333,52.6828052527333,2607000
2014-12-12,52.384883880615234,53.17176395485731,52.37724262719066,52.537673977695185,3369900
2014-12-15,51.91121292114258,52.83561202313837,51.78134078662215,52.445989791009886,4459400
2014-12-16,51.5750732421875,52.33903519760431,51.37644150178032,51.766063731041704,4427400
2014-12-17,52.453636169433594,52.72865714000617,51.590355338800016,51.63619119580082,3811700
2014-12-18,53.08008575439453,53.08008575439453,52.415436673163235,53.0189673915891,4104900
2014-12-19,53.46207046508789,53.71417352904806,53.15648445855962,53.21760282557893,5595600
2014-12-22,53.67596435546875,53.85167232725845,53.32454258332265,53.44677345562418,2562700
2014-12-23,54.241302490234375,54.40173381225625,53.7065314168281,53.767643947669136,2251200
2014-12-24,53.836395263671875,54.478120452878066,53.80583608867634,54.24129413237102,1126900
2014-12-26,54.14963150024414,54.256585727860966,53.91280511460236,53.91280511460236,1303300
2014-12-29,53.844051361083984,54.13435486073748,53.729455880394774,53.97392351919989,1715200
2014-12-30,53.50789260864258,54.004469013376344,53.36273798132601,53.73707768335808,2085900
2014-12-31,52.8585205078125,53.79055486637036,52.80504341323457,53.546081487081324,2202300
2015-01-02,52.743934631347656,52.91200719579881,52.48418453304119,52.843247588265505,2522800
2015-01-05,52.35430908203125,53.041875970977394,52.29319072999896,52.667536264771606,2950700
2015-01-06,51.80426025390625,52.61406392012208,51.66674686368601,52.50710970868049,3437400
2015-01-07,52.21678924560547,52.285548840278715,51.75077206899239,52.0487167125888,2908000
2015-01-08,52.92727279663086,52.95019071815781,52.4688968803937,52.67516400270232,2745200
2015-01-09,52.40778732299805,53.04951837616363,52.36959272357212,52.98075877148979,2284300
2015-01-12,52.14805221557617,52.68282332992254,51.77370660696571,52.40779652009641,2353900
2015-01-13,52.50711441040039,52.96549047599044,52.20152842381773,52.45363729989102,4434200
2015-01-14,52.293174743652344,52.4306880794029,51.82715765186242,51.865358067346214,2579200
2015-01-15,52.19387435913086,52.66753281349221,52.10983808773503,52.53001944471417,2383700
2015-01-16,52.843257904052734,52.912017525008935,51.96470030927523,52.14805541277951,3787800
2015-01-20,52.68281173706055,52.85852553800451,52.239712437781634,52.74393008769903,3275000
2015-01-21,52.490821838378906,52.95928466316433,52.03772171622984,52.32954861562308,3373100
2015-01-22,53.235774993896484,53.32793366735025,52.298848987497784,52.59068185718977,3084400
2015-01-23,51.56157302856445,52.98999957273572,51.530853485133974,52.87480274965988,4587800
2015-01-26,50.90879821777344,51.52317150137216,50.862721832770816,51.42333738081523,5433500
2015-01-27,50.42498016357422,50.63232976167836,49.81828235253435,50.44801835679091,5951000
2015-01-28,50.01029586791992,50.847381817762276,49.87973628690572,50.72450944988323,6750300
2015-01-29,53.013038635253906,53.343266408607015,52.39098398325426,52.682810861900805,6902200
2015-01-30,51.85340881347656,52.675137699206786,51.80733241998948,52.490826266103646,5926600
2015-02-02,52.98231506347656,53.059110987897554,51.43869764740813,51.73052450386929,4609000
2015-02-03,53.13591003417969,53.15894822440383,52.60600822241178,53.13591003417969,3345500
2015-02-04,53.14359664916992,53.59670263531995,53.020724322536374,53.18199754701725,3075300
2015-02-05,53.596675872802734,53.896183977163965,53.22037187024786,53.36628231907034,3408400
2015-02-06,53.22038269042969,53.55828588301076,52.959269552502896,53.53524769478394,2667900
2015-02-09,53.04376220703125,53.3048754207247,52.913208529761704,53.089838596854776,2113000
2015-02-10,53.32791519165039,53.46615022436061,52.92089144510212,53.27415744888278,1962700
2015-02-11,53.350955963134766,53.65814559056192,53.03608498375435,53.41239506045115,2232000
2015-02-12,53.64276885986328,53.65045020980797,53.23574520009376,53.23574520009376,2829900
2015-02-13,53.81943130493164,53.87318906275876,53.37400653484623,53.39704473689269,2554900
2015-02-17,53.903892517089844,54.111242132727426,53.47382472378078,53.75797613550691,3342300
2015-02-18,54.172691345214844,54.22644909702594,53.57367472241816,53.57367472241816,2771400
2015-02-19,53.919246673583984,54.364671288419,53.696534366166475,54.03444350282119,3245500
2015-02-20,53.942283630371094,54.02676091259719,53.427744445287786,53.857806348145004,2358900
2015-02-23,54.280189514160156,54.53362134568714,54.11123495980884,54.53362134568714,2389100
2015-02-24,54.533634185791016,54.69490742769308,54.11892905269068,54.41843733895953,2497100
2015-02-25,54.533634185791016,54.67186923015779,54.33396004189344,54.56435373555641,2498500
2015-02-26,54.61042404174805,54.74865907070208,54.26483939894014,54.47987036416767,1855900
2015-02-27,54.38770294189453,54.625772063642096,54.31858836815624,54.556657489903806,1997300
2015-03-02,54.533634185791016,54.5873919330917,54.05748995315989,54.387717789194134,1787700
2015-03-03,54.280189514160156,54.52593999526563,53.98068129841141,54.52593999526563,2010300
2015-03-04,54.280189514160156,54.34162859922494,53.93460491418965,54.12659766065185,2715900
2015-03-05,54.87919998168945,54.95599590009785,54.364660883284884,54.502895880081205,3713300
2015-03-06,53.1820068359375,54.51059962084201,53.09752953324185,54.3954027663338,3555200
2015-03-09,53.443111419677734,53.60439052297858,53.036087633144874,53.08216988801159,2564500
2015-03-10,52.52922821044922,53.220403422262024,52.52922821044922,53.20504071802455,2492600
2015-03-11,52.13755798339844,52.54458173262732,51.98396610566645,52.429384894751045,2643200
2015-03-12,52.62905502319336,52.66745591928508,52.337228134020286,52.46778180608555,2456700
2015-03-13,52.57529830932617,52.62137469821138,52.16059323189653,52.444744634715235,3451400
2015-03-16,53.00537872314453,53.105218746101514,52.66747532150414,52.75962813142594,2969300
2015-03-17,52.536903381347656,52.8440871200962,52.47546428993625,52.64441886174049,2843100
2015-03-18,52.47545623779297,52.790321279441756,51.361894848661066,52.41401715580914,5386900
2015-03-19,52.44473648071289,52.62904786675162,52.076107849482106,52.36025920812153,2881200
2015-03-20,53.420066833496094,53.45846773143361,52.621376201461935,52.72121619243771,4508200
2015-03-23,53.88853073120117,54.05748531082391,53.220399623435206,53.48918833685568,3123400
2015-03-24,53.22806930541992,54.2571535148068,53.22806930541992,53.7426143396903,2849300
2015-03-25,52.90553283691406,53.688866702621475,52.85177508998551,53.53526895485778,3458500
2015-03-26,52.790321350097656,53.15126863329409,52.590653122112975,52.77496450915781,2890600
2015-03-27,52.79802322387695,53.05913063542578,52.54459130620499,52.920901435774496,2004200
2015-03-30,53.21271896362305,53.37399219377186,52.63674063059673,52.79801386074555,1967200
2015-03-31,53.25110626220703,53.558295833660516,52.86712076267862,52.882483463785846,4180400
2015-04-01,53.059112548828125,53.251105295105525,52.69048975710155,53.251105295105525,3075100
2015-04-02,53.24343490600586,53.33558768319141,52.84408667435447,53.02840394703397,1914000
2015-04-06,53.71957015991211,53.988364702506836,52.89784140816213,53.00535688153847,2021700
2015-04-07,53.5352668762207,54.09588838026949,53.51991003161809,53.70422146262321,1777400
2015-04-08,53.681182861328125,53.94997158350754,53.31255414294299,53.55830466881485,1498700
2015-04-09,53.72724533081055,53.804041251652734,53.2050248662692,53.60437302929368,1853100
2015-04-10,53.4584846496582,53.788712555304414,53.435446447266465,53.673515684189454,1708400
2015-04-13,53.22806930541992,53.581335270088886,53.08983428801434,53.25878884919381,1553600
2015-04-14,53.47382736206055,53.773335632288806,52.99000766226598,53.020727210386156,2468600
2015-04-15,53.66581726074219,54.03444595922831,53.46614899741849,53.542944934016404,2370700
2015-04-16,53.81943130493164,53.98838593214722,53.4968847579689,53.72727263758964,2166500
2015-04-17,53.20502853393555,53.63509040762049,52.9746407555273,53.51989944799316,2238000
2015-04-20,52.57529830932617,53.14359525580935,52.4601014779589,52.75960972402127,4681500
2015-04-21,53.29351806640625,53.540640352878484,53.00778052910458,53.00778052910458,2934100
2015-04-22,53.50200653076172,53.52517331647385,53.046377366801885,53.285775341637866,2350100
2015-04-23,53.4556770324707,53.67190823807061,53.12360599762557,53.23172160042552,2378200
2015-04-24,53.41707229614258,53.641027772226806,53.29351410801381,53.47885433613677,2282600
2015-04-27,53.270328521728516,53.6178420633356,53.146764485334636,53.51745070265873,2265400
2015-04-28,53.10813903808594,53.42476740156317,52.845574349027515,53.12358748559315,2420700
2015-04-29,52.907371520996094,53.27033354732351,52.74519812682262,52.89192306906065,4647300
2015-04-30,51.957489013671875,52.258668998372364,51.57136022386533,52.119662398367694,5582300
2015-05-01,52.26640319824219,52.28184576036405,51.66404311388874,51.95749892907509,3135600
2015-05-04,52.405391693115234,52.706571631087186,52.289551895774444,52.382224912018444,2377400
2015-05-05,52.03471755981445,52.6988596002572,51.98838398690019,52.62163501478069,3182200
2015-05-06,52.351356506347656,52.4131385438479,51.849387762412114,52.32046548759754,2248800
2015-05-07,52.42085266113281,52.706590142682494,52.12739684441126,52.490358920691996,2338200
2015-05-08,52.66796875,53.007763997373615,52.49807701817141,52.89964839900169,3029900
2015-05-11,52.38223648071289,52.8687566667647,52.37451225468911,52.444018505186875,2187500
2015-05-12,52.42085266113281,52.598474531687245,51.99611444418259,52.14283940661391,3209000
2015-05-13,52.20460891723633,52.88419932832298,52.11966011585049,52.52895567242359,2315500
2015-05-14,53.00004196166992,53.06954821598632,52.521245975337116,52.5289643099268,2269900
2015-05-15,53.00004196166992,53.20855483276066,52.84559278385775,52.945984160249814,1946000
2015-05-18,52.984596252441406,53.14676964706585,52.82242285781696,52.891923216145386,3359800
2015-05-19,53.39387130737305,53.432486530602745,52.89190286466619,53.03090941969492,2505800
2015-05-20,53.20083236694336,53.502012397945286,53.20083236694336,53.42478780648353,2020700
2015-05-21,53.14677429199219,53.17766530679068,52.876485277328705,53.13905006532791,1808800
2015-05-22,52.89964294433594,53.20854714719994,52.86875193486378,53.20082292186749,1714600
2015-05-26,51.857093811035156,52.89964028797414,51.82620280311419,52.8378582721322,4847100
2015-05-27,52.15827560424805,52.32044898263256,51.95748699164256,51.97293544207396,3315600
2015-05-28,51.99611282348633,52.22778660045831,51.87254876228096,52.15828623492433,2077400
2015-05-29,51.57909393310547,52.011556371810144,51.54047869028162,51.903440762133975,4755200
2015-06-01,51.66403579711914,51.83393341569273,51.24701597658162,51.517304964376855,3447100
2015-06-02,51.53274917602539,51.7953139163202,51.39374258061709,51.64086476224767,2537300
2015-06-03,51.4091796875,51.7180838547443,51.35512190012152,51.58680149851897,2668200
2015-06-04,50.90723419189453,51.66404944957098,50.85317638005047,51.13118966720838,3280400
2015-06-05,50.56742858886719,50.968999935334246,50.16585135054241,50.88405113076007,5740400
2015-06-08,50.45930099487305,50.6137560262314,50.0654539215875,50.49791622567688,3079300
2015-06-09,50.99216842651367,51.370573001099274,50.320308084759745,50.52881504451078,5780600
2015-06-10,51.79533004760742,52.104234343816074,51.47870741559161,51.54048356134582,4716500
2015-06-11,51.39375686645508,51.540481836051605,51.10029514354362,51.31652637609362,3863300
2015-06-12,51.192962646484375,51.30880247760792,51.00762245180183,51.30880247760792,2543300
2015-06-15,50.45930099487305,50.89176919081943,50.358909643382866,50.70642904504641,3378200
2015-06-16,50.95356750488281,51.03079209933987,50.32803473850521,50.32803473850521,2204600
2015-06-17,51.285621643066406,51.41690399951533,50.96899325084106,51.03077526276653,2356100
2015-06-18,51.87253952026367,52.15055271658402,51.40918615701565,51.42462871598559,4435100
2015-06-19,51.66403579711914,51.88026698735533,51.43235615509006,51.57908698783235,3674400
2015-06-22,51.926597595214844,52.18144400852941,51.81075778081207,51.88798825165239,3128700
2015-06-23,51.748985290527344,51.949768031624984,51.61769701598428,51.795318862802475,1727500
2015-06-24,51.347412109375,51.83393822440018,51.33969377462056,51.687207378045464,2815400
2015-06-25,51.32424545288086,51.586816131669416,51.216129847455754,51.362860694186374,2680600
2015-06-26,51.355133056640625,51.74126187661536,51.30879948363828,51.55592169274779,2588200
2015-06-29,50.50564956665039,51.23156772356583,50.48248278072921,50.969002960648304,2270400
2015-06-30,50.51336669921875,50.8763227807792,50.43613623451582,50.85315599811122,2786600
2015-07-01,51.092559814453125,51.11572659711254,50.621482260854236,50.6523673764953,2986600
2015-07-02,51.092559814453125,51.41690655539941,50.9535532266394,51.26245151790791,2024700
2015-07-06,50.93812561035156,51.20841467168675,50.68327911315282,50.72189436128341,1835600
2015-07-07,51.98065948486328,52.034717283595704,50.93811285681911,51.07711946668221,2893500
2015-07-08,51.31651306152344,51.86482111990174,51.31651306152344,51.68719928675899,2104600
2015-07-09,51.10029602050781,51.880278030042525,51.084853457286016,51.85711123928019,3004700
2015-07-10,51.4632568359375,51.67176973131151,51.37830801069018,51.55592988853252,2221800
2015-07-13,52.08106231689453,52.127395894517065,51.67176666960536,51.70265179344785,2087300
2015-07-14,51.94976043701172,52.12738225786311,51.68719571002656,52.12738225786311,2143600
2015-07-15,51.671749114990234,52.18916019552273,51.55590931842974,51.772140463019035,3360300
2015-07-16,52.220069885253906,52.3050187070028,51.880274598258325,51.99611443626672,1912000
2015-07-17,52.12739944458008,52.22007249799531,51.895719756971594,52.0192838281919,1792000
2015-07-20,52.35905838012695,52.482616510516856,51.849365626144305,52.026987435159825,2214900
2015-07-21,51.98632049560547,52.52994559823551,51.85429217776454,52.4755830879725,2699400
2015-07-22,52.03288269042969,52.172672761526,51.823200546317985,51.98628797508609,2825500
2015-07-23,52.06395721435547,52.17268218650868,51.88533423149427,52.03289209015932,2667900
2015-07-24,52.03288269042969,52.1493754038542,51.862027500749136,52.04065045134213,2317000
2015-07-27,52.26588821411133,52.273650052942756,51.67566258419332,51.84651783956968,3576300
2015-07-28,53.11238479614258,53.17451505017524,52.24257901488671,52.3746072859729,5569600
2015-07-29,53.53175735473633,53.76474285453726,52.91046663864544,53.00366202357929,4974900
2015-07-30,52.825035095214844,53.430796164710806,52.273642440027736,53.39196327593789,5488800
2015-07-31,52.825035095214844,53.03472321448147,52.65418578978807,52.85610022121978,3548000
2015-08-03,53.13569641113281,53.174529311585,52.49110818406642,52.54547661472697,3069700
2015-08-04,53.15896224975586,53.36088254721302,52.85608476610271,53.073534659488026,2770500
2015-08-05,53.64823532104492,53.764728038844034,53.07353949325349,53.40748212424255,2578900
2015-08-06,53.31431198120117,53.819109990941946,53.30654421718636,53.74144420092959,2989000
2015-08-07,53.19004440307617,53.35313187535093,53.04249245677069,53.298769384592674,2286500
2015-08-10,53.38419723510742,53.64824785213307,53.32983474411201,53.46185709009127,3016200
2015-08-11,53.01142501831055,53.24440457208654,52.957062529922794,53.1046144697942,2592600
2015-08-12,52.80949401855469,52.91045121233123,52.00958645422532,52.801726257474755,3310600
2015-08-13,52.54545593261719,52.949290683052716,52.47555792432915,52.832797952616914,2225900
2015-08-14,52.646419525146484,52.76291226971325,52.413434036012966,52.623122161246556,1829600
2015-08-17,52.54545593261719,52.65418090100623,52.0950205349675,52.39013031701399,1870500
2015-08-18,52.56875228881836,52.82502918079861,52.41342667618427,52.55321676502181,2230700
2015-08-19,51.83097839355469,52.42120397885398,51.72225340745579,52.29694346613103,3165400
2015-08-20,51.24851989746094,51.68342576120329,51.22522253289867,51.41160737446409,3715900
2015-08-21,50.46415328979492,51.31842366143017,50.370957896045134,51.1165032708396,5799400
2015-08-24,48.11101531982422,48.53815045128884,39.48287322159774,48.07218539196991,9060100
2015-08-25,46.88397216796875,49.306998911762186,46.84514223786702,49.11284629871979,6483500
2015-08-26,48.32845687866211,48.46048216544009,47.015986585287465,47.78482909566994,5329000
2015-08-27,48.99635314941406,49.151675831097904,48.10324995163231,48.60028312552733,5006900
2015-08-28,49.198265075683594,49.22156540098486,48.553680017994516,48.934217435025396,3486900
2015-08-31,48.77889633178711,48.96528115364197,48.46048621212951,48.833258818372556,3634600
2015-09-01,47.58291244506836,48.35952272888694,47.30333226888837,47.85472485939161,4289000
2015-09-02,48.28964614868164,48.32071128292027,47.7848480861737,48.149856007142034,3402200
2015-09-03,48.86433029174805,49.02742074511568,48.33623788750555,48.33623788750555,4046500
2015-09-04,47.730472564697266,48.297397778527206,47.676110075873396,48.041117897290896,5100300
2015-09-08,49.260398864746094,49.43901890470762,48.266338481470214,48.52261837792506,6568500
2015-09-09,48.452720642089844,49.80402103054676,48.35176046420586,49.73412894108876,3645900
2015-09-10,48.09547424316406,48.52260929902478,47.61397670542288,48.367286652566406,5223900
2015-09-11,48.08770751953125,48.23526536999196,47.66834021633364,47.66834021633364,3463100
2015-09-14,48.23526382446289,48.25856118430151,47.80036101143262,48.017813899214275,3704100
2015-09-15,48.48378372192383,48.64687118217698,47.6605756957127,48.20420352575653,3467400
2015-09-16,48.980796813964844,49.105054306501366,48.53812931164522,48.61578913353093,2889600
2015-09-17,49.1361198425293,49.7729369050358,48.91090220958006,48.93419956383952,4595500
2015-09-18,48.68570327758789,49.43901628834828,48.65464111415458,48.67793847736293,13468600
2015-09-21,49.00410842895508,49.26039124831822,48.87208610082243,49.05070611316651,3991200
2015-09-22,48.27409744262695,48.716765088665525,47.94792252977044,48.538145070310776,3911000
2015-09-23,48.227508544921875,48.39836379471346,47.95569606801144,48.18091381318512,4005600
2015-09-24,48.34400177001953,48.47602412793748,47.73047878755253,47.99452646592226,3791600
2015-09-25,49.03517532348633,49.462310408658176,48.64687016196042,48.747830333466474,4545600
2015-09-28,48.27409744262695,49.143900172777606,48.27409744262695,48.90315286925016,4581800
2015-09-29,48.980796813964844,49.07398919273415,48.227484099037774,48.27408176968858,3884500
2015-09-30,49.283687591552734,49.695293053922036,48.99634261784821,49.439010239850596,3529400
2015-10-01,49.48561477661133,49.66423481000527,49.08954182047099,49.37688979650489,4253800
2015-10-02,49.9205207824707,49.9205207824707,48.97305800994975,49.09731556843777,3504100
2015-10-05,50.75148391723633,50.87574441415828,49.9671058243497,50.16125840699029,3690200
2015-10-06,50.31657791137695,50.71265079083356,50.26998319322884,50.71265079083356,2941500
2015-10-07,50.75148391723633,50.85244705225206,50.324351790467,50.51850437310759,2278100
2015-10-08,51.17862319946289,51.209688324440215,50.4952023000952,50.619462800004506,2587600
2015-10-09,51.52031707763672,51.582447314752436,51.085417267957745,51.2562724574932,3478400
2015-10-12,51.45044708251953,51.70672997679596,51.24852668778039,51.51257734629589,2419400
2015-10-13,51.232967376708984,51.48148236264385,51.08540956706919,51.232967376708984,2200800
2015-10-14,51.0621223449707,51.34170250025641,50.86796978852595,51.23297754265261,2326100
2015-10-15,51.698944091796875,51.76884209531267,51.22521136541714,51.38053697041558,2418300
2015-10-16,52.1260871887207,52.23481216030235,51.80767411118404,51.95523196907338,2410800
2015-10-19,52.22706604003906,52.36685619358022,51.94748573295675,52.04844298409852,2384400
2015-10-20,52.07948684692383,52.21927694336178,51.924167150911266,51.99405923659694,3281900
2015-10-21,52.196651458740234,52.71994429046632,51.97015024228415,52.18102739755931,2755100
2015-10-22,53.610321044921875,53.78214995193011,52.07167887068098,52.44657884586558,3660400
2015-10-23,53.84463119506836,54.047696292799145,53.38381679273211,53.672802297886456,3956700
2015-10-26,53.67280197143555,54.141422441642455,53.62594171206463,53.750904389997935,3933600
2015-10-27,53.85243606567383,53.89149025373851,53.352573444374734,53.41505776174524,3307500
2015-10-28,53.75870895385742,54.01645226226897,53.20417411259217,53.891483642857885,3364000
2015-10-29,54.07111740112305,54.235134223310766,53.43847427687789,53.59468503050736,3511000
2015-10-30,51.82174301147461,53.16512603014138,51.82174301147461,52.86833446323015,7455100
2015-11-02,52.71212387084961,52.77460818796222,51.829555237255626,52.149776934500984,5351700
2015-11-03,53.11045455932617,53.196369006643444,52.25131604498593,52.51686545754295,3728100
2015-11-04,52.70433044433594,53.14952088260967,52.32943041055253,53.05579438445535,3732800
2015-11-05,52.79803466796875,53.02453583272272,52.48561906283113,52.727744285199606,2802700
2015-11-06,51.407798767089844,52.493438530698704,51.07976501668275,52.493438530698704,5226700
2015-11-09,51.368751525878906,51.52496235113431,50.98604543196211,51.14225625721752,3623800
2015-11-10,51.84517288208008,52.00138367349057,51.22034759293529,51.290637979945714,2813700
2015-11-11,51.89984893798828,52.50125010063176,51.89204286697523,52.08730190129247,2622600
2015-11-12,50.978233337402344,51.79832378217764,50.95480320335168,51.66554905000143,2811200
2015-11-13,50.42369079589844,51.204726928220694,50.384642564582,50.90793534311805,3499100
2015-11-16,51.2125358581543,51.314068404030685,50.45492990224588,50.45492990224588,3187400
2015-11-17,51.01729202270508,51.517154789217535,50.87670524719631,51.48591262145623,2296600
2015-11-18,51.595252990722656,51.657737321112265,50.861082964562826,51.017287831703115,2921400
2015-11-19,51.84517288208008,52.290363209643296,51.70458614922683,51.79831262407313,2964600
2015-11-20,51.626487731933594,52.47000819439231,51.57962747029685,52.134162415385575,3027900
2015-11-23,52.2435188293457,52.28257302877567,51.60306928699997,51.626499423124265,2811100
2015-11-24,52.1888313293457,52.39970845189639,51.876415701376274,51.884227730754446,2242000
2015-11-25,51.88423538208008,52.35285591372506,51.868617279853034,52.274753484923124,2996000
2015-11-27,51.98577880859375,52.134177625515925,51.69679916574691,51.94673056544843,1265500
2015-11-30,51.298458099365234,52.14978470119136,51.27502796666666,51.98576781346797,3561800
2015-12-01,51.41560363769531,51.60305061770811,51.01727359119008,51.36873742356808,4519000
2015-12-02,51.298458099365234,51.86861714997509,51.22035567075886,51.40780269118083,3667300
2015-12-03,51.2203483581543,51.517139928019624,50.75953396514938,51.31406887556835,4809300
2015-12-04,51.81392288208008,52.14196251497915,51.31406034288241,51.524943389662624,4603800
2015-12-07,51.81392288208008,51.98575174721019,51.6186638914925,51.852977063730194,3895600
2015-12-08,51.68896484375,51.938896135673644,51.45465165058257,51.587432304754536,2436600
2015-12-09,51.610862731933594,52.40751686743021,51.35311940971949,51.56399651772881,3052500
2015-12-10,51.64990997314453,52.063864070090844,51.5327593369476,51.6108617473562,2628300
2015-12-11,50.93136978149414,51.37656017621911,50.79078302743188,51.0563384334754,3525600
2015-12-14,51.43122863769531,51.4702828282364,50.76734911032684,50.993850306032854,3353800
2015-12-15,52.1419792175293,52.41534070015102,51.728030978297355,51.8061334077845,3726300
2015-12-16,53.368186950683594,53.49314960188335,52.32159569758296,52.329407725417724,5133100
2015-12-17,52.5871696472168,53.34477572717973,52.56373951424201,53.25886126704991,4224800
2015-12-18,51.2125358581543,52.30598756898607,51.2125358581543,52.251315281386105,5115600
2015-12-21,51.532772064208984,51.66554679057873,51.15787205929235,51.5640082690214,2725300
2015-12-22,52.00138854980469,52.087303003428794,51.30626684963359,51.66554276531943,2104300
2015-12-23,52.454383850097656,52.63401880421281,52.15758633817012,52.220070652137196,1675500
2015-12-24,52.32161331176758,52.548114524577535,52.220080751059655,52.32942534223228,882100
2015-12-28,52.2435188293457,52.2903791015943,52.056071781517105,52.141986253195675,1525700
2015-12-29,52.837093353271484,52.89957767138716,52.509059621412995,52.58716203964132,1671700
2015-12-30,52.74336242675781,53.16512260021085,52.63401785869577,52.84490092483831,1707200
2015-12-31,52.032630920410156,52.55592371543891,52.02481889036754,52.49343939276393,2002100
2016-01-04,50.54084396362305,51.0875727942938,49.97068798340862,51.07976076502971,5722600
2016-01-05,50.76734924316406,50.970420308609924,50.454933594516476,50.556472106655846,4307000
2016-01-06,50.09565734863281,50.48617541711847,49.95507060562466,50.15032963986749,4407600
2016-01-07,49.21307373046875,49.90819822630373,49.01781474363566,49.517680252637554,4476300
2016-01-08,48.85380935668945,49.533309955845965,48.713222614875505,49.28337863249147,3219800
2016-01-11,49.0568733215332,49.36147689158812,48.48671738640703,49.088112497870554,3079100
2016-01-12,49.502079010009766,49.595802527005176,48.9475410008628,49.416164544673606,2834900
2016-01-13,49.13498306274414,49.93944932721959,49.04906861131153,49.673896922526275,3575600
2016-01-14,49.619224548339844,50.095657065910146,49.18965527131325,49.22870648205814,3894200
2016-01-15,49.478641510009766,49.923831900543775,48.67417518666176,48.713226400329965,6703000
2016-01-19,50.21281814575195,50.39245313527999,49.75200666735755,49.82230004471997,5106800
2016-01-20,48.775699615478516,49.73637355409115,47.95561239758148,49.56454467779077,8221500
2016-01-21,50.017295837402344,50.26089739632378,48.64997177419607,48.972156898621606,5645300
2016-01-22,50.77167510986328,51.00742278563988,50.1901687726872,50.55164714330509,4360100
2016-01-25,50.23732376098633,50.771680015101964,50.103733198629165,50.55165202728606,3728100
2016-01-26,50.551658630371094,50.92884780294901,50.27662061201909,50.30019718354789,3658900
2016-01-27,50.528076171875,51.156726680737115,50.19803120741756,50.520216316861806,3265900
2016-01-28,51.0938606262207,51.51034901402148,50.54379067299379,50.73238522905547,5576500
2016-01-29,53.06626892089844,53.160569204275916,50.56736836687189,51.070291220925114,9512900
2016-02-01,52.02113342285156,52.71265689010099,51.777531835241646,52.59478302679132,4897600
2016-02-02,51.361053466796875,51.92684325944317,51.21174616170571,51.56536777976675,3717000
2016-02-03,51.88754653930664,52.068287264851385,51.078155193187875,51.73823924408767,4037600
2016-02-04,51.85609817504883,52.044698702688784,51.47104925624673,51.78537747366791,3078800
2016-02-05,52.01327133178711,52.11542546632429,51.40033453393844,51.85610420713823,3899900
2016-02-08,51.918968200683594,52.09184903062996,51.266738158726845,51.58892625004733,4029200
2016-02-09,51.769657135009766,52.1075589154435,51.02313287362249,51.45533491672797,4423900
2016-02-10,51.71464538574219,52.51618255637183,51.6360648384069,52.17042095372285,3117500
2016-02-11,50.638099670410156,51.313903440951506,50.29233792865025,50.850267833108546,4744300
2016-02-12,51.628231048583984,51.66752433974381,50.716685447758124,50.90528005563339,2579100
2016-02-16,51.71464538574219,52.41402244905565,51.48675760175185,52.272575065727565,3481200
2016-02-17,52.69694137573242,52.80695539150235,51.83254296811981,51.9582766977507,3112400
2016-02-18,52.82265853881836,52.916952811154204,52.35902305035524,52.571197153735554,2470100
2016-02-19,53.011260986328125,53.02698069760385,52.14686272087339,52.806946706936316,3373200
2016-02-22,53.1291389465332,53.74207583677552,52.956258081015896,53.011265084106526,2900800
2016-02-23,52.80696105957031,53.207729871642776,52.66551359621032,52.95626838070443,2083200
2016-02-24,52.11543655395508,52.641933044087914,51.887548671215335,52.60264575105186,5260200
2016-02-25,52.979820251464844,53.00339381981365,52.123281959792216,52.34330992479757,3008400
2016-02-26,52.08399963378906,53.06627182360951,51.91897862533687,52.806950526621634,3273400
2016-02-29,51.58108139038086,52.41404636374818,51.55750781495563,52.209738046520016,3625900
2016-03-01,52.909114837646484,52.95626198797006,51.80896869935479,51.91112285682724,3629600
2016-03-02,52.71266555786133,52.97984076300315,52.17044929466622,52.69694584266785,2546900
2016-03-03,53.1291389465332,53.1291389465332,52.421901767286805,52.53977562971349,2415000
2016-03-04,53.56132888793945,53.68705658260754,52.86980558367186,52.97981956474856,2827300
2016-03-07,53.09769821166992,53.3884528996118,52.94053708026574,53.2784389085663,2764100
2016-03-08,53.06626892089844,53.380597203510035,52.53977249482917,52.814807493871825,2253000
2016-03-09,53.419891357421875,53.89138079136435,52.88553506687017,53.34130478900361,2711800
2016-03-10,53.616336822509766,53.78921165630818,53.06626091212869,53.5220365533641,2454300
2016-03-11,53.72637176513672,53.820666075755845,53.396323692025476,53.65564503685761,3186900
2016-03-14,53.62419128417969,53.89922624480364,53.30200918610948,53.702771845027605,2280100
2016-03-15,53.89924240112305,54.024976132418445,53.1998650079067,53.302025163412786,2474800
2016-03-16,53.96995544433594,54.07996943367762,53.32558522305775,53.75778732069491,2603300
2016-03-17,54.89722442626953,54.999378567886126,53.89137874006152,54.032826164391594,4243300
2016-03-18,55.38443374633789,55.400147462290086,54.740063476659955,54.99152489908761,7731800
2016-03-21,55.34513854980469,55.69090024192968,54.85007557770001,55.06224370994116,4128700
2016-03-22,54.66147232055664,55.24298168227815,54.44144434382427,55.00723399560049,3637400
2016-03-23,54.850074768066406,55.07010275242069,54.64576049888903,54.69290763973269,2296900
2016-03-24,54.93651580810547,54.975803094146364,54.52002740981843,54.645761113900484,3806000
2016-03-28,54.93651580810547,55.313704929725624,54.802922248690045,54.991522804813115,1926200
2016-03-29,55.408016204833984,55.53374393855671,54.65363181655505,55.007247437671545,3217100
2016-03-30,55.57302474975586,55.98950714187696,55.1486825025062,55.40800376393313,4354100
2016-03-31,55.51801681518555,55.79305178690351,55.40800282649837,55.57302380952915,2944600
2016-04-01,55.950225830078125,56.00523283711914,55.0779675789178,55.17226787469415,3257300
2016-04-04,55.918785095214844,56.0052195183119,55.470863293284715,55.69089726443577,2641100
2016-04-05,55.903072357177734,56.162393644747716,55.78519849961743,55.8952125012568,3870600
2016-04-06,56.11524963378906,56.123103494835185,55.69090732006124,55.879501905502345,3442000
2016-04-07,55.510162353515625,55.75376392423215,55.227267499316234,55.71447663606259,2995100
2016-04-08,55.848052978515625,55.9109198213228,55.40013721531071,55.863766691561366,2816000
2016-04-11,55.74592208862305,56.107397592447995,55.635908065516084,55.887369546234076,2996300
2016-04-12,55.97380447387695,56.083818486137716,55.61232301037557,55.6594761551402,2549000
2016-04-13,55.65945816040039,56.18595447676229,55.46300377411801,56.052366932965164,2600000
2016-04-14,55.63591003417969,55.942378537295475,55.56518330521421,55.643763896597655,2744900
2016-04-15,55.9895133972168,56.15453440147624,55.57303095856486,55.65947138869792,2799700
2016-04-18,56.04452896118164,56.162402838036854,55.620186601691515,55.71448690223857,2152700
2016-04-19,56.311710357666016,56.41386452048579,55.83236098657075,56.16240304674027,3609900
2016-04-20,55.55318832397461,56.51713313868916,55.54529148512179,56.367008806788,3467800
2016-04-21,54.502323150634766,55.561078005291364,54.36799855643817,55.466261708467854,4127600
2016-04-22,54.565547943115234,54.58925051895981,53.917651414834765,54.32851615654747,3228600
2016-04-25,54.84998321533203,54.9289937997713,54.186287072296814,54.415421986855506,3038600
2016-04-26,54.48652267456055,55.11071645890322,54.34430122967082,55.10281359304256,2913400
2016-04-27,54.7630615234375,55.10281241071074,54.41541379859346,54.605040378337506,4470900
2016-04-28,56.22479248046875,56.564537389402695,54.82628042612424,54.83418329297329,6293900
2016-04-29,56.03514862060547,56.56452605915176,55.647992616248324,56.12206205417217,4889600
2016-05-02,57.18083953857422,57.196639245567376,56.43022385178233,56.469732161447794,4687500
2016-05-03,56.76994323730469,57.24401254894973,56.58031671827034,56.88846207224554,3671900
2016-05-04,56.79366683959961,56.88848314830352,56.18527876941442,56.532932539874864,3314800
2016-05-05,56.469722747802734,57.13341883706644,56.24849071804817,56.61984706575935,3006200
2016-05-06,56.746273040771484,56.76997561565458,56.24850088386115,56.485532660813874,2467600
2016-05-09,56.698856353759766,57.08601239702151,56.55663490527904,56.872683238360715,2352900
2016-05-10,57.046512603759766,57.086020911833145,56.69886481082413,56.77787539884944,2710900
2016-05-11,56.87268829345703,57.19663349327202,56.73836367097657,57.08601747107947,3044600
2016-05-12,57.40206527709961,57.45737328766098,56.82527657142729,57.11762235760655,2966100
2016-05-13,56.62773513793945,57.34674515146019,56.51711914018546,57.34674515146019,2630000
2016-05-16,56.9042854309082,57.062312619242206,56.46972422626163,56.56453451114117,2143400
2016-05-17,55.9798469543457,56.864781092558985,55.67170148342121,56.85687822639869,3467300
2016-05-18,55.410972595214844,55.85344276974896,55.094930220990044,55.85344276974896,3433400
2016-05-19,55.648006439208984,55.66380614554578,54.93689909162423,55.27665004501908,2728300
2016-05-20,55.32405090332031,55.93244504224836,55.2450403215185,55.93244504224836,2978000
2016-05-23,55.37146759033203,55.497883328182745,55.17393810209151,55.347765016242626,2068000
2016-05-24,55.995643615722656,56.16156760948638,55.568979333993234,55.64798989843505,2515500
2016-05-25,55.837615966796875,56.21687511214392,55.81391340048511,56.06675082134327,2098500
2016-05-26,55.695411682128906,56.05886520971477,55.58479565321675,55.84553601913317,6419500
2016-05-27,55.7744140625,55.948240947530806,55.55318203723191,55.73491178834246,2326600
2016-05-31,55.632198333740234,56.06675951579041,55.38725771158922,55.908738363794086,3567400
2016-06-01,56.25639343261719,56.27219916674824,55.44257294038652,55.632205581231176,3017800
2016-06-02,56.430198669433594,56.430198669433594,55.99563759764776,56.11415041751361,2241500
2016-06-03,56.57242965698242,56.7225539583816,56.29588965028922,56.43020822095162,2290900
2016-06-06,56.7620735168457,56.943803306947316,56.42232856809036,56.572446887090614,2287900
2016-06-07,56.56453323364258,56.904284145736405,56.469722950904305,56.80947386299813,2103300
2016-06-08,56.88846969604492,56.96748025388782,56.37489202788735,56.46180544995028,1907000
2016-06-09,57.1571159362793,57.21242996654369,56.68304648531131,56.769959921269454,1943200
2016-06-10,56.98329544067383,57.070208877163054,56.68304683166737,56.88847913865282,2232300
2016-06-13,56.62773513793945,57.24402599060307,56.61983830104257,57.006994293181556,2887000
2016-06-14,56.959598541259766,57.02280942225471,56.27219980183425,56.47763215100713,2485000
2016-06-15,56.667259216308594,57.11762619776504,56.58824862849757,57.038615609954014,2152900
2016-06-16,56.88846969604492,56.94377768934687,56.38279489210739,56.54081600779318,2161200
2016-06-17,56.44601821899414,56.9516931346392,56.07466188416594,56.78576911807946,4064400
2016-06-20,56.60405349731445,57.20454487006394,56.58035092162152,56.809485866856484,2557400
2016-06-21,56.73047637939453,56.999113613321676,56.67516835899059,56.912200148669456,3072000
2016-06-22,57.086021423339844,57.28355090923376,56.79367561409312,56.87269223094789,3564600
2016-06-23,57.417877197265625,57.465288379347946,57.15713679424098,57.394174620285625,2015300
2016-06-24,55.76650619506836,56.73045071004848,55.42675535828224,56.18526759266347,11070000
2016-06-27,55.300357818603516,55.489990481205346,55.07912574035674,55.41887672569916,3421800
2016-06-28,56.20108413696289,56.216889870733276,55.33195565134862,55.60059887235445,2878600
2016-06-29,56.777870178222656,56.83317818756704,56.35120580837132,56.38281124629967,2264100
2016-06-30,57.836631774902344,57.836631774902344,56.777876610894666,56.809482052403766,3798800
2016-07-01,57.63909912109375,58.01045550327925,57.567991402694624,57.83662859858636,2652600
2016-07-05,57.89981460571289,58.223765703137076,57.386236979228926,57.433648132582874,3128000
2016-07-06,57.89981460571289,58.03413314595863,57.50475582043579,57.9314200319093,2568600
2016-07-07,57.99465560913086,58.23959023142753,57.7418181198862,57.89983929011864,2782200
2016-07-08,58.6662483215332,58.68204802561039,58.01044908209911,58.28698911435427,2921200
2016-07-11,58.85588836669922,58.92700212160606,58.247500156648115,58.508240544436575,3040700
2016-07-12,58.429195404052734,58.7847519488063,58.24747172777074,58.6741359646036,3909900
2016-07-13,58.840091705322266,58.86379428214437,58.381821793020656,58.61095674917146,2648300
2016-07-14,59.02970886230469,59.51958414102321,58.72946622393474,58.85588195604581,5222200
2016-07-15,59.037620544433594,59.487987583294824,58.86379361222011,59.21144747664709,4633500
2016-07-18,58.86376953125,59.19561752346938,58.816364397538585,59.08500152606292,2675800
2016-07-19,58.91119384765625,58.91119384765625,58.539837437676255,58.63465376409297,3396500
2016-07-20,58.87148666381836,59.18125248971944,58.847653395825304,58.9906227046888,2961800
2016-07-21,58.672908782958984,58.847643633855974,58.466396246676034,58.68084714448751,2618300
2016-07-22,59.260684967041016,59.26862939056738,58.72852372734718,58.87149305172369,3407200
2016-07-25,58.958824157714844,59.228873779073076,58.7681944793043,59.09384896839396,1856700
2016-07-26,58.7602653503418,59.284481898770245,58.61729609898558,58.80791974752169,2145600
2016-07-27,58.20426940917969,58.91117122566468,57.91039255547337,58.91117122566468,3291700
2016-07-28,58.18044662475586,59.37185508806144,58.0295329469291,59.37185508806144,4066300
2016-07-29,59.11769485473633,59.5466026770463,58.03748390813731,58.07719995198393,4459800
2016-08-01,59.657814025878906,59.681641233730765,59.117708428567454,59.125652851124364,2903700
2016-08-02,59.467185974121094,59.84048896965584,59.14153133100247,59.769007351304005,3748000
2016-08-03,58.83970642089844,59.641917257832226,58.688792711459094,59.59426284845899,2651900
2016-08-04,59.39570236206055,59.61809771413779,58.942967235383634,58.942967235383634,3026300
2016-08-05,59.236839294433594,59.4751173875859,58.94295631374624,59.332148107767416,2290200
2016-08-08,59.11769485473633,59.18123810096391,58.728503076272965,59.15741089858294,2223400
2016-08-09,59.39570236206055,59.59427050638935,59.149479802234865,59.21302306277661,1535700
2016-08-10,59.44335174560547,59.62603708924373,59.23684525605412,59.42746896172396,1949900
2016-08-11,59.48305130004883,59.77693422881729,59.403625283029875,59.53070569829687,2345100
2016-08-12,59.54661178588867,59.87226036793889,59.443352480018895,59.570438991914486,1658300
2016-08-15,59.34009552001953,59.761058959644394,59.284496689499605,59.57043526355009,2375800
2016-08-16,59.03032684326172,59.451290262218826,58.99061079777538,59.1732961232677,1807400
2016-08-17,59.236839294433594,59.292438122150905,58.69673379954353,59.08592559356471,1977800
2016-08-18,59.24476623535156,59.45922314364837,59.15740185990892,59.23682787564914,2059600
2016-08-19,59.16536331176758,59.18125215700695,58.847653064988286,59.03828284894722,2088500
2016-08-22,59.17329025268555,59.29243231750673,58.863524520040755,59.07797538886517,1623800
2016-08-23,59.20506286621094,59.44334094002961,59.109748000793125,59.157408463410654,1460600
2016-08-24,59.06211471557617,59.14154076858108,58.776176076902985,59.09388634874202,1742700
2016-08-25,59.27655029296875,59.5148344500106,58.95090174215059,59.11769822815275,1567600
2016-08-26,59.149478912353516,59.84843658834056,58.94296634860918,59.28450379410918,2040000
2016-08-29,59.41952133178711,59.51483620938511,59.11769997578713,59.125644397208134,2397600
2016-08-30,59.17329025268555,59.41157438232791,59.04620376759171,59.34008671950835,2057400
2016-08-31,59.046199798583984,59.236829513410854,58.77615012563768,59.149459075736054,2597400
2016-09-01,58.99061965942383,59.11770617621701,58.67291548707816,59.077990124764476,3016300
2016-09-02,59.48305130004883,59.848415826189346,59.244767189175306,59.26065602846909,2981300
2016-09-06,59.78488540649414,59.792829827844315,59.26066873392395,59.33215034662163,2139300
2016-09-07,58.585533142089844,59.57042920825071,58.52198989657819,59.53865758549488,3297100
2016-09-08,57.97394943237305,58.57759824322185,57.93423944233649,58.561715459170905,3775400
2016-09-09,56.282142639160156,57.5688661061882,56.282142639160156,57.46560681610613,5626300
2016-09-12,57.80713653564453,57.85479093410024,56.61572809571842,56.703098532765004,5928700
2016-09-13,57.06053924560547,57.44179275037334,56.95728599172738,57.44179275037334,4278300
2016-09-14,57.068450927734375,57.39410540745865,56.9095989267762,57.21142015252289,3188500
2016-09-15,57.26703643798828,57.44177732826624,56.846073053128045,57.068468346275544,3032500
2016-09-16,57.15584945678711,57.25116434012934,56.695169943693905,57.05259621136348,3959700
2016-09-19,57.338539123535156,57.58476168262227,57.13202655730337,57.203508180334275,2272000
2016-09-20,57.56887435913086,57.90246735994803,57.55298551538622,57.71184365374084,2438200
2016-09-21,57.98189926147461,58.053380886097564,57.3067687697089,57.56888017963102,3268300
2016-09-22,58.4028434753418,58.48226949640562,58.101022171372485,58.14073215199591,2974200
2016-09-23,58.18044662475586,58.40284190166888,58.05336014662453,58.394897481831464,3613100
2016-09-26,58.06925964355469,58.291654961283164,57.830975483235356,58.02160523541799,2502800
2016-09-27,58.34724426269531,58.54581234392957,58.00570692057972,58.25192940216878,2292200
2016-09-28,58.458465576171875,58.736459790510274,57.97395877697378,58.66497816103156,2684600
2016-09-29,58.212223052978516,58.474334390913796,58.013654959357964,58.426673927769095,2944200
2016-09-30,58.88734817504883,59.17328668947459,58.386958804712144,58.41873042407242,4652300
2016-10-03,58.474334716796875,58.83175486337888,58.31547660512472,58.72055721511704,2691100
2016-10-04,57.823036193847656,58.56170980720227,57.648295287060016,58.490222136326494,3267300
2016-10-05,57.95804977416992,58.0613029899855,57.656222426711615,57.99775975264515,2365500
2016-10-06,58.20426940917969,58.394893052099505,57.719762852737205,57.87862093835068,2561700
2016-10-07,58.02161407470703,58.46640477792553,57.552990103971396,58.2996082642186,3315800
2016-10-10,57.6721076965332,58.37900950369744,57.5053112537006,58.267811875142364,2986100
2016-10-11,57.346473693847656,57.688011120875345,57.10025115104343,57.61652950257158,2971900
2016-10-12,57.529144287109375,57.66416912693531,57.203489727723046,57.306749007439144,2202800
2016-10-13,57.3146858215332,57.57679104646699,56.996975724243924,57.24319817123048,2991600
2016-10-14,57.4338264465332,57.902450241359965,57.31469045276219,57.50531410261239,2875000
2016-10-17,57.251155853271484,57.75948970277169,57.22732865092265,57.5132671987437,2273400
2016-10-18,57.132022857666016,57.695955622172,57.132022857666016,57.695955622172,2729900
2016-10-19,56.94933319091797,57.20350013676445,56.750765075106095,57.03670364666063,2941000
2016-10-20,56.63787841796875,57.196913601045935,56.589963379661604,56.95732622358998,3317200
2016-10-21,56.63787841796875,56.82156288641299,56.39030926276834,56.65385415937787,3633100
2016-10-24,56.725704193115234,56.989248985080664,56.58994090984493,56.70174668347432,2408600
2016-10-25,56.94933319091797,57.27676883756454,56.84551525300932,56.99725431784159,2535600
2016-10-26,56.909400939941406,56.98127348446299,56.47015952466838,56.941346324048446,2941300
2016-10-27,56.35834884643555,57.39655241465479,56.102791888668136,57.27675875786665,4366800
2016-10-28,56.83754348754883,56.96532507160508,56.3903201292745,56.50212596884308,3295100
2016-10-31,56.98926544189453,57.25281030996393,56.71773270398561,56.9253746690972,2785900
2016-11-01,56.693748474121094,57.16493508528551,56.542015576421186,57.069098971246156,2329700
2016-11-02,56.84550476074219,57.03717095418118,56.5739720681584,56.653838567303204,3437000
2016-11-03,56.35834884643555,57.00522606294963,56.230573414031085,56.95731103741777,4144400
2016-11-04,55.559730529785156,56.62987943962833,55.55174266150681,56.50209791900779,3874300
2016-11-07,56.334407806396484,56.45420149821346,55.95106921117421,56.1107961645836,3596700
2016-11-08,57.172943115234375,57.28475501277516,56.19064839027498,56.31044206460059,4051400
2016-11-09,56.19862365722656,56.406259480337695,55.400007464761565,56.22258116812723,4901000
2016-11-10,53.66702651977539,55.82329473185803,53.219803228214715,55.71148890896786,9784900
2016-11-11,53.842708587646484,54.12222306940308,53.36354003421251,53.69895741232042,4008400
2016-11-14,53.171878814697266,53.79479860183732,53.13194555943575,53.61910202742155,3894000
2016-11-15,53.17985534667969,53.50729094724569,52.88437122153921,53.243746111613355,5253200
2016-11-16,53.29964828491211,53.45937519508027,52.972218781744964,53.45138732633221,3000800
2016-11-17,52.70069885253906,53.37153985190115,52.65278381435609,53.227788644392135,3831600
2016-11-18,52.59688186645508,52.70868768623148,52.309379446184266,52.501045695378075,4747500
2016-11-21,52.8843879699707,53.01216344734569,52.56494013709227,52.59688552967618,3494600
2016-11-22,52.972225189208984,53.291672955226744,52.90034654769929,53.052085607473586,3556100
2016-11-23,52.70069885253906,52.932298358690254,52.60486877617312,52.71667459390678,2230100
2016-11-25,53.1319465637207,53.26770988544112,52.94826820914823,52.97222572557426,1302300
2016-11-28,53.05209732055664,53.25973932825624,52.7406373554876,53.02015192760588,3102200
2016-11-29,53.1319465637207,53.30764314145744,52.916322822927064,53.22778272238422,2674100
2016-11-30,52.093746185302734,53.243749563880165,52.093746185302734,52.9243018114579,4515900
2016-12-01,51.97395706176758,52.2135383273169,51.622563894077025,52.09375074102205,4204700
2016-12-02,51.68644332885742,52.285405500759275,51.47880140323646,52.05380606313557,4486800
2016-12-05,51.61457824707031,52.06978937347578,51.526729951364,51.870135263772326,4401800
2016-12-06,51.93401336669922,52.0138737724987,51.518735600766874,51.73435930572131,4540800
2016-12-07,52.65278625488281,52.668755904030654,51.84618188130839,52.01389061568241,6570000
2016-12-08,52.469093322753906,52.708680672083496,52.14965164759364,52.437154029605395,3204400
2016-12-09,52.94028854370117,53.0041793260449,52.421186599839,52.46910164011661,2465300
2016-12-12,53.30763626098633,53.467357078517445,52.932285637533724,52.932285637533724,3126500
2016-12-13,53.4194450378418,53.7468806529295,53.26770598763442,53.315627109939314,3456400
2016-12-14,52.63680648803711,53.619101185265386,52.54097033269029,53.443404613609154,3809300
2016-12-15,52.8923454284668,52.98817545815599,51.90205710665949,52.48504952341633,4838100
2016-12-16,52.8923454284668,53.08401158080232,52.46907378983004,52.9642179507337,4382800
2016-12-19,52.75659942626953,53.10000473495443,52.58889070709223,52.7965326849612,2408800
2016-12-20,53.020145416259766,53.06806045332116,52.684727970910075,53.060078675784226,2635800
2016-12-21,52.74861526489258,53.291674656572226,52.73263952495402,52.860421072624305,2007100
2016-12-22,53.0041618347168,53.0520768591825,52.58089011108917,52.68471412137598,1673600
2016-12-23,52.9243049621582,53.10798941094785,52.70868121988809,53.02014112147795,1210700
2016-12-27,52.7166748046875,53.044104388513816,52.56493572588792,52.86840779052696,1629500
2016-12-28,52.397220611572266,52.900346732056065,52.373263095305326,52.7166683787033,1671300
2016-12-29,52.620826721191406,52.708675000295266,52.42117264922059,52.493051283468624,2108800
2016-12-30,52.261451721191406,52.76457778805649,52.13367019077307,52.58089336131981,3491300
2017-01-03,52.34131622314453,52.42916450893523,51.98992307998173,52.35728586921593,3038900
2017-01-04,52.91632080078125,53.00416908629258,52.54895801271531,52.55693978924602,4047900
2017-01-05,53.387508392333984,53.4993142077473,52.81250357423127,52.95625477875695,2857800
2017-01-06,53.7947998046875,53.898617740545774,53.187849650305075,53.35555835882665,2994800
2017-01-09,53.044105529785156,53.58716498390141,52.89237254068108,53.523274202720614,3184000
2017-01-10,52.221519470214844,53.05208115497072,52.18957408699821,53.044093285926856,3492400
2017-01-11,52.15765380859375,52.237520351556554,51.910084585702016,52.149672028666885,3809000
2017-01-12,52.58888626098633,52.6607649019624,52.11770553165157,52.205553818978274,2992400
2017-01-13,52.612831115722656,52.73262475988159,52.39720743060285,52.62880685118803,1888100
2017-01-17,53.587162017822266,53.65105279546667,52.60486720661917,52.64479437292699,5136600
2017-01-18,54.194114685058594,54.45765958511167,53.65105523629475,53.66702488495243,5127300
2017-01-19,53.84872055053711,54.258370940438745,53.744302506443375,54.21017281162853,2767900
2017-01-20,54.57965850830078,54.900952808017955,54.06559008002491,54.161980208393786,3940600
2017-01-23,54.258365631103516,54.52342773681655,54.23426350496731,54.37884562089193,2872900
2017-01-24,54.82866287231445,54.900950869904904,54.33065641892449,54.35475241812131,2786300
2017-01-25,54.96520233154297,54.98126428576181,54.635874052366994,54.78045615304803,3034800
2017-01-26,54.812599182128906,55.02144140554381,54.44311286573597,54.90095527172062,4655900
2017-01-27,51.95309066772461,52.25028896936013,50.94904980457917,52.21012488356267,14874900
2017-01-30,51.83259963989258,52.08963383143874,51.366726316748625,51.63982552827758,7992400
2017-01-31,51.872764587402344,52.28240881539689,51.67998434439225,51.83260050473059,6983200
2017-02-01,51.98522186279297,52.21012604061309,51.7522836419995,51.80850968645453,4915800
2017-02-02,52.75631332397461,53.02940944528124,52.065532851262866,52.28240294005472,7063600
2017-02-03,52.989261627197266,53.28645380095277,52.81254945459718,53.28645380095277,4478200
2017-02-06,52.60371017456055,53.07762067554224,52.57158012973302,53.07762067554224,2897500
2017-02-07,53.46316146850586,53.64790766834179,52.788449006173416,52.79648304829983,3255600
2017-02-08,53.48725891113281,53.808553194901364,53.33464887568128,53.55151899352227,3575100
2017-02-09,53.49530792236328,53.66398608970054,53.222211688059275,53.48727387777185,3223700
2017-02-10,54.39491653442383,54.49933457373144,53.39087571277005,53.54349187867865,5568100
2017-02-13,54.38688278198242,54.50736890685915,54.0495265348707,54.50736890685915,4798200
2017-02-14,54.41098403930664,54.71621640224754,53.9692097096398,54.21820989778256,5137800
2017-02-15,55.10979080200195,55.21420883693808,54.234264055521,54.24229809764796,4576200
2017-02-16,55.42306137084961,55.4551914171708,54.643924600055,55.10980107944267,5172700
2017-02-17,57.81669235229492,58.531568963926496,56.6921653484116,56.98935752491377,15036900
2017-02-21,58.78055953979492,59.3588879689528,58.34681321792652,58.44320333217888,10553800
2017-02-22,59.029563903808594,59.101858026721814,58.51549551398931,58.8769538721982,5811800
2017-02-23,59.79264450073242,60.314740856260194,59.270542017025456,59.34283001892467,7203800
2017-02-24,58.91709899902344,59.527557377090865,58.48335274051585,59.09381111858327,6461600
2017-02-27,58.354835510253906,58.65202757838322,57.97731529899858,58.386965541868925,5201400
2017-02-28,58.61991882324219,59.093823123629875,58.16207647872421,58.370912545922934,4497900
2017-03-01,59.005462646484375,59.09381871762625,58.39500418991636,58.67614048619216,4093000
2017-03-02,59.230369567871094,59.27856769051142,58.395006937519376,58.62794512438288,4442400
2017-03-03,59.109886169433594,59.198242248792454,58.29862562721657,59.013502176081104,3807700
2017-03-06,59.270530700683594,59.31872269274859,58.75646235806355,58.828750346161044,3994700
2017-03-07,59.21430587768555,59.35085394344639,59.06972377035696,59.1179157634071,3216200
2017-03-08,58.76449966430664,59.26249995178757,58.748431580606905,58.89301369301261,4141700
2017-03-09,58.93318176269531,59.15808592428612,58.72433955771293,58.965311804090966,4049600
2017-03-10,59.64803695678711,59.712290888374675,58.99741457598405,59.23035269649668,3375600
2017-03-13,59.35890197753906,59.656094175642195,59.23841583833365,59.37496393628263,3024500
2017-03-14,59.15809631347656,59.48741857130388,59.02957612532355,59.085802175595525,3502300
2017-03-15,59.39104080200195,59.51955487548546,58.901068257473774,59.10990439290704,4176100
2017-03-16,59.35890197753906,59.4633200298213,59.09383369692308,59.30267592966715,3182200
2017-03-17,59.40709686279297,59.65609706856061,59.20628866377264,59.45528886954028,5099000
2017-03-20,59.27857971191406,59.4311897680517,59.1018675254793,59.27857971191406,2796100
2017-03-21,59.198238372802734,59.44724463840983,59.03759430894763,59.40708055835694,3694700
2017-03-22,59.18217086791992,59.64001314796915,59.005458737343446,59.44723906378464,2810900
2017-03-23,59.37496566772461,59.79265014539292,59.0536713298674,59.12596546677067,2843700
2017-03-24,59.174137115478516,59.439205312635345,58.91710295925369,59.37494524153472,2621900
2017-03-27,58.98138427734375,59.23038448233446,58.66008993427775,58.9653223178714,3052400
2017-03-28,59.25446319580078,59.463305377082705,58.70826481041752,58.81268896514753,3605200
2017-03-29,59.08578109741211,59.30265730550722,58.98939711886111,59.109877092049864,2450200
2017-03-30,58.820709228515625,59.07774334212511,58.72431913784582,58.89299720038548,2346000
2017-03-31,58.78860855102539,59.04564279297024,58.45928017293808,58.61993040426593,2849500
2017-04-03,58.93318176269531,59.15808592428612,58.62794943352596,58.71630551531932,3397000
2017-04-04,59.133995056152344,59.25447506161624,58.780570698313404,59.03760492360191,4043800
2017-04-05,59.005462646484375,59.479373039716066,58.88497653782018,59.07775676295412,3882300
2017-04-06,58.74040985107422,59.198252281628896,58.60386175189713,58.95728612923045,4064700
2017-04-07,58.9974365234375,59.35086085544007,58.57975823594446,58.780566401277035,3250900
2017-04-10,59.22236633300781,59.407106474214714,58.804681779687975,58.94926395150163,2230900
2017-04-11,59.198238372802734,59.40708055835694,58.981368273780525,59.15004637928185,2517900
2017-04-12,59.439212799072266,59.51953483397586,58.98940450106936,59.14201452893266,2816600
2017-04-13,59.16612243652344,59.36693060749479,59.10186235104963,59.20628039381028,2334200
2017-04-17,59.49544143676758,59.575763475181915,59.05366103322065,59.15005115622508,1949500
2017-04-18,59.736392974853516,60.1460370672328,59.415098804381785,59.49542081495557,3914500
2017-04-19,59.268001556396484,59.671789552372104,59.13071511648058,59.607181994300205,3246100
2017-04-20,59.09841537475586,59.37298827334513,58.9126701729389,59.22762433841073,3114700
2017-04-21,58.969215393066406,59.26802082530815,58.888458999879354,58.97729288078047,2718200
2017-04-24,59.48606872558594,59.566825117227026,59.12265572122444,59.187263299064405,3311300
2017-04-25,59.93830108642578,60.059438737647554,59.542590509663746,59.6879544588665,3623100
2017-04-26,59.35685348510742,59.88985675954906,59.32454969623359,59.88985675954906,3244900
2017-04-27,59.19533920288086,59.63950242568232,59.154957927481824,59.3730007952109,3907000
2017-04-28,58.177791595458984,58.58157970523203,56.66762184683345,57.48327555374393,7466000
2017-05-01,57.98398208618164,58.59773565159869,57.95974962113872,58.37969275675917,3369900
2017-05-02,57.14409255981445,58.2343191769966,57.13601507279785,58.16163411648188,4405700
2017-05-03,57.402523040771484,57.483279435916515,57.06334248437155,57.25715906498323,3703900
2017-05-04,58.1051025390625,58.32315155369433,57.418664031881164,57.66093934562383,4348300
2017-05-05,57.99204635620117,58.258547987377796,57.77400348789512,58.15356529690712,2700400
2017-05-08,58.01626968383789,58.21009240275227,57.862834399677276,58.00819835820442,2177600
2017-05-09,57.74169921875,58.2423986887911,57.63671652915386,58.024349660983866,2251200
2017-05-10,57.98398208618164,58.064738485703,57.55596146221355,57.717480422574624,3240200
2017-05-11,57.83860778808594,57.87091157439738,57.60440995831593,57.725547616654524,2538000
2017-05-12,57.539817810058594,57.878998415275035,57.48328770918919,57.82246831440563,1972800
2017-05-15,57.86284255981445,58.01627786561336,57.564037113670224,57.58019208984999,2489600
2017-05-16,57.806312561035156,58.12934431066296,57.77400876994056,57.96782535518998,2907500
2017-05-17,61.125431060791016,62.07029352756767,57.806293118335084,57.806293118335084,18843900
2017-05-18,59.70410919189453,60.48745909799586,58.969211886560714,59.73641297951203,7494600
2017-05-19,60.422847747802734,61.29503147503255,59.76871303303892,59.97867839745872,6902700
2017-05-22,59.98674392700195,60.75394481909535,59.90598755975945,60.56819962925332,4182700
2017-05-23,59.631412506103516,60.39053596385316,59.5506561334595,60.0513555019585,2799700
2017-05-24,60.24517822265625,60.34208957658276,59.70410369286298,59.80101504678949,2595700
2017-05-25,60.867034912109375,61.036625215151886,60.285578923781365,60.36633533075605,3410500
2017-05-26,60.93162155151367,61.07698551331279,60.65704860218057,60.71357868947371,2153800
2017-05-30,61.44846725463867,61.505003500884996,60.76202874869392,60.98814908841058,4698400
2017-05-31,61.66651916503906,62.046080965096884,61.432321327528555,61.5292326896659,6266700
2017-06-01,61.93303680419922,61.93303680419922,61.4161883951247,61.779595314801796,2638400
2017-06-02,62.272216796875,62.272216796875,61.779594699178645,62.183382899826874,2305000
2017-06-05,62.369102478027344,62.393328774270465,61.819950505022916,62.183357271302654,2091500
2017-06-06,62.18336868286133,62.38526273702646,61.876491938604644,62.18336868286133,2544500
2017-06-07,62.31260299682617,62.40143073956226,62.02994630502064,62.18338780499285,2099500
2017-06-08,61.206214904785156,62.31259676933883,60.98816583068799,62.31259676933883,3361600
2017-06-09,61.1900634765625,61.448487688074806,60.858960343680735,61.25467106977038,2985600
2017-06-12,61.012393951416016,61.37580083393166,60.63283209202681,61.262740641090424,2571700
2017-06-13,61.125431060791016,61.22233624016334,60.616654223821975,60.8023994198124,2591000
2017-06-14,61.27888870239258,61.65845055710994,61.0527683194933,61.51308657362921,2532800
2017-06-15,61.6584358215332,61.8361035545847,60.98814616004504,61.14158759519258,2226500
2017-06-16,61.626136779785156,61.86033461307467,61.2142773610887,61.37579013375586,3813700
2017-06-19,62.102622985839844,62.102622985839844,61.448481948023584,61.77959121129484,2889900
2017-06-20,61.6584358215332,62.37717807882928,61.642287010036185,62.078378856258,2383200
2017-06-21,61.11735916137695,61.66651115283687,61.0204478118311,61.65843366671222,2522800
2017-06-22,60.996219635009766,61.262721217060424,60.89931444976695,61.133506088314725,2373500
2017-06-23,61.3111686706543,61.763415422041014,60.931606963423775,61.076970890420235,3114300
2017-06-26,61.28696060180664,61.52923593928689,61.2223530236362,61.49693215020167,1906700
2017-06-27,60.867034912109375,61.351579515276406,60.83473111705572,61.23851931324806,3541100
2017-06-28,60.64089584350586,61.23850668680191,60.568216940609595,61.12544650808485,2078600
2017-06-29,59.8575553894043,60.60052407957119,59.79294780904596,60.42285631424476,2882800
2017-06-30,59.865631103515625,60.140210259503476,59.85755977636777,60.01099508931662,3619100
2017-07-03,59.71218490600586,60.14019929692248,59.70410741901196,60.035210449953816,1489900
2017-07-05,59.56682205200195,59.91408006337518,59.526440777600506,59.76063861423058,2197400
2017-07-06,59.31646728515625,59.760636643656255,59.19533578858099,59.502212515433676,2854000
2017-07-07,59.22764205932617,59.56682878320199,59.07420675416042,59.51029868944237,2670400
2017-07-10,59.017662048339844,59.510283955414174,58.7996130540261,59.17109731551687,2427900
2017-07-11,58.4685173034668,59.03381817112,58.42005854244127,59.02574068406285,3099000
2017-07-12,58.37160873413086,58.84000442476694,58.32315613210563,58.751170546842246,2192100
2017-07-13,58.33122634887695,58.6219480861091,57.97589088146883,58.315071376003736,3913500
2017-07-14,58.86719512939453,59.01336857953101,58.47740339278255,58.607331906443896,2484100
2017-07-17,58.94839096069336,59.17577666235684,58.5829604967955,58.80222373163571,3297000
2017-07-18,58.89155960083008,59.16766777555111,58.761631079971224,58.95652695907365,2872600
2017-07-19,58.86719512939453,59.021491047768585,58.704782938410865,58.810350242987454,2877400
2017-07-20,58.542354583740234,59.18389316145789,58.53423831251258,58.948391187691136,3683600
2017-07-21,59.50061798095703,59.833571063905914,56.66648342164888,56.68272835993492,7173300
2017-07-24,58.34745788574219,59.36254938060766,58.17692325808,59.33006570929675,4678700
2017-07-25,58.509891510009766,58.73727107289232,58.03888744653681,58.73727107289232,3923400
2017-07-26,59.281368255615234,60.572562206732684,58.11198037865648,58.33124370340096,6080800
2017-07-27,59.240745544433594,59.60618225166912,58.737264056940795,59.44376387213299,4326500
2017-07-28,58.907806396484375,59.370687996222166,58.68042683108735,59.143308430825144,3407500
2017-07-31,58.63167953491211,59.102683453547165,58.61544079782624,58.83469782443137,3196200
2017-08-01,58.22565460205078,58.70478108287593,58.16069344508737,58.558607637359685,3052900
2017-08-02,58.160709381103516,58.40432772663011,57.78715629479252,58.13634197048435,3059500
2017-08-03,58.144439697265625,58.46927021536524,57.98202753602923,58.38806413474704,2660200
2017-08-04,58.04700469970703,58.371829077136645,57.87646384724027,58.339345400268115,2297300
2017-08-07,58.25813293457031,58.32310028120229,57.876457517641406,58.03075341698556,2049200
2017-08-08,58.22565460205078,58.53424642904494,58.09572609249621,58.24189953801245,1909000
2017-08-09,58.12009048461914,58.412437391666344,58.047006855671384,58.12009048461914,2486500
2017-08-10,58.103843688964844,58.339339480014935,57.82773556141558,57.98203146197626,2567900
2017-08-11,57.86833190917969,58.37181327527462,57.84397070703009,58.29060720290055,2023500
2017-08-14,58.022647857666016,58.20942748475412,57.87647438296241,58.047015266474105,3043200
2017-08-15,58.306880950927734,58.477415645882054,58.02265026370795,58.02265026370795,2307900
2017-08-16,58.412437438964844,58.469282326735154,58.07136811234296,58.298747663424216,2258600
2017-08-17,57.90082931518555,58.75350257086339,57.87646191162819,58.461155684451654,3250900
2017-08-18,57.67345428466797,58.079491013834016,57.66533801093739,57.933317543509084,3317600
2017-08-21,58.15256881713867,58.26625858213654,57.72217096455709,57.72217096455709,2436300
2017-08-22,58.176944732666016,58.43680800344863,58.02264878589134,58.20942841596748,2360600
2017-08-23,57.83586883544922,58.06324839731298,57.705934116882275,58.06324839731298,2148100
2017-08-24,57.478538513183594,57.99826485114281,57.40545490110807,57.93329750999124,3685800
2017-08-25,57.779022216796875,58.07136912919993,57.55975893468048,57.75466100670132,2162200
2017-08-28,57.57600402832031,57.925195830438156,57.38110815139795,57.884589683083064,3106100
2017-08-29,57.90082931518555,58.35558838488039,57.389219166151186,57.47854772564519,2691800
2017-08-30,57.616600036621094,57.86834698086167,57.47854905806749,57.738412274721014,2076800
2017-08-31,58.176944732666016,58.25815084310513,57.68970187440225,57.68970187440225,2947800
2017-09-01,57.90082931518555,58.266259825386385,57.68968852041537,58.193176201597275,2132400
2017-09-05,57.74654769897461,58.014533443795074,57.47043948429103,57.738425229111485,2795100
2017-09-06,58.05512237548828,58.29062439175671,57.640969425566425,57.74653673122,3007800
2017-09-07,58.11198425292969,58.241919001534136,57.746553614831846,58.02265566217158,2124600
2017-09-08,58.3231201171875,58.70479566392617,57.746548659895,57.91708335608326,2952600
2017-09-11,58.48552322387695,58.59109673050499,58.241904922578776,58.3231110230115,2351700
2017-09-12,58.42867660522461,58.85095822798564,58.35559297568605,58.46928275205368,1413700
2017-09-13,58.18505096435547,58.54235898969734,58.10384487657901,58.42055295584634,1806600
2017-09-14,58.58298110961914,58.62358726239618,57.982048461419126,58.12009946785457,2011400
2017-09-15,58.696678161621094,58.972786404267154,58.241918933297946,58.737284319419864,4662400
2017-09-18,58.78597640991211,58.899666158311966,58.469268368565835,58.696647865365556,1950900
2017-09-19,59.12705612182617,59.34631938657334,58.76974807601567,58.89967658477556,2727900
2017-09-20,58.915897369384766,59.45998478080909,58.55046080981792,59.15951554680415,2084100
2017-09-21,57.957679748535156,59.0052551592147,57.90895113238217,58.87532044364441,2378700
2017-09-22,57.81150436401367,58.185057365382384,57.657208443324926,57.96579408907438,2533300
2017-09-25,59.281368255615234,60.020358148868176,58.96466007154381,59.32197441075441,7226300
2017-09-26,59.598060607910156,59.71987284533976,58.9240382636771,59.281352507969856,3307000
2017-09-27,59.34632873535156,59.63055320143847,58.73727365275303,59.42753484057229,4255400
2017-09-28,59.40315628051758,59.614297048933054,59.159531840374584,59.25698285555716,2956800
2017-09-29,59.15955352783203,59.516867852196725,59.09458616056042,59.38693311765351,2968400
2017-10-02,59.240745544433594,59.63054345969262,59.20014559627032,59.297590428364316,2554400
2017-10-03,58.82659149169922,59.2732280867192,58.76162414112729,59.10269343818857,2310000
2017-10-04,59.18391036987305,59.54934713706002,58.72915122382209,58.753512435842154,2345300
2017-10-05,59.451873779296875,59.776704274112745,59.313822832578694,59.33818403545527,3037200
2017-10-06,59.05398178100586,59.443773564191126,58.867202162992605,59.33820624700109,1771000
2017-10-09,58.761627197265625,59.248869960641,58.64793742566563,59.12705772089019,1513900
2017-10-10,59.20013427734375,59.541203515716454,58.88342624233673,58.99711598846097,2078600
2017-10-11,60.686241149902344,61.02731045296919,60.20711467553234,60.45073914665304,6491400
2017-10-12,61.035438537597656,61.12476090989225,60.27208757375827,60.65376305567796,3172500
2017-10-13,61.709468841552734,61.7419525278241,61.116658605081916,61.295315781759584,3761300
2017-10-16,61.51455307006836,61.798777488692316,61.1653612998653,61.62824283751794,2229600
2017-10-17,60.873008728027344,61.335890222448214,60.59690680304479,61.31152901678823,3217600
2017-10-18,60.450740814208984,60.783687658588896,60.30456736662985,60.75932644993035,2682100
2017-10-19,59.395042419433594,60.09342597369705,59.26511390932502,59.9634912679607,4369200
2017-10-20,59.0521125793457,59.648188915059905,58.79082029389415,59.321572000820595,4317700
2017-10-23,58.945945739746094,59.19907080762724,58.61116179733782,58.82346365765288,4308200
2017-10-24,58.66014862060547,58.94594220491717,58.48051530463136,58.91327990300449,4000100
2017-10-25,58.31720733642578,58.64382414568957,57.761960629586575,58.570338634196396,3944700
2017-10-26,58.145729064941406,58.929605590513646,58.05590929568551,58.602988814100996,4020700
2017-10-27,57.48433303833008,57.89260244026467,56.45549240113983,57.48433303833008,8704000
2017-10-30,56.50448989868164,57.54966493307142,56.38201404633291,57.2720384651202,4444500
2017-10-31,57.52519226074219,57.582349763614964,56.42286543122396,56.627000260012544,4734000
2017-11-01,57.61497497558594,57.892601403371266,57.47616487654155,57.745624172119406,3279600
2017-11-02,57.9252815246582,58.06409166641098,57.174060872852195,57.6721501859166,4638200
2017-11-03,57.28021240234375,58.08858427235241,57.19039261348743,57.95794127109663,2506100
2017-11-06,57.36185836791992,57.67214091070654,56.95358891334398,57.37818640503606,3197200
2017-11-07,57.89261245727539,58.05591775442685,57.04341120675271,57.386356068589436,3351200
2017-11-08,59.82780838012695,60.11360200715572,59.21540414454765,59.729827689441,5569100
2017-11-09,59.53385925292969,59.91762733562539,59.21540332352167,59.574682463583464,4411400
2017-11-10,59.778812408447266,59.98294713442736,59.20723766758198,59.25622800831402,2523700
2017-11-13,60.17890930175781,60.28506333670374,59.60733461242156,59.81963645261655,2511500
2017-11-14,59.982948303222656,60.1462598250074,59.70532806073494,59.982948303222656,2970100
2017-11-15,59.182769775390625,59.99114191854665,59.133773182377915,59.982974781427814,3063900
2017-11-16,59.30522155761719,59.6073432111044,59.04392934341396,59.46853308505532,3689200
2017-11-17,58.700984954833984,59.29706113283028,58.61116517144143,59.043929820679494,4627400
2017-11-20,58.84797286987305,59.12559940417541,58.6846675412474,58.741825029236274,2799500
2017-11-21,58.97043991088867,59.37870935781568,58.86428586768133,58.97860704414248,2831900
2017-11-22,58.58666229248047,59.207233560729925,58.44785218356982,59.01942688478839,2951100
2017-11-24,58.79897689819336,59.076597176266404,58.73365228110616,58.73365228110616,988500
2017-11-27,58.79081344604492,59.16642067327525,58.71732791949277,59.02761052554423,3295100
2017-11-28,59.41136932373047,59.476687698098985,58.99493275993339,59.04392309813406,2703600
2017-11-29,58.79897689819336,59.37871885802093,58.2273958432279,58.317215634298215,3646400
2017-11-30,59.15824890136719,59.58285267605051,58.717323317216604,58.717323317216604,4557500
2017-12-01,59.6400032043457,59.67266550856701,58.733644508721426,59.207238575384075,4478100
2017-12-04,60.84849548339844,60.938315289405786,59.56652925093837,59.680844235002375,3615800
2017-12-05,60.90563201904297,61.09343870235588,60.43204420360092,60.93829432177988,3463200
2017-12-06,60.628021240234375,61.036290743535616,60.521873412067414,60.717841029336505,2698300
2017-12-07,59.77067565917969,60.60354925319566,59.72168529354367,60.37491924062676,3696200
2017-12-08,59.86865234375,59.893147522363435,59.36239581017408,59.73800931457852,3048000
2017-12-11,59.746158599853516,59.83597839043176,59.19091181705089,59.7216634260046,4432500
2017-12-12,59.190895080566406,59.73798080386074,59.12557671200447,59.73798080386074,3296600
2017-12-13,59.893123626708984,60.2605698484085,59.31338178859328,59.35421122312558,3817700
2017-12-14,59.80331802368164,60.015619920095524,59.61551753161048,59.89313781717603,1873600
2017-12-15,60.46468734741211,60.962776404354585,60.27688072360786,60.301375885474656,4444600
2017-12-18,60.41572189331055,61.05262134847592,60.40756098828427,60.54637113011293,3252200
2017-12-19,61.11794662475586,61.648698253006216,60.97096934662035,60.99546452135984,4352200
2017-12-20,60.84849548339844,61.51805734564447,60.742347635253125,61.47723412544985,3770400
2017-12-21,60.96281814575195,61.31392401250617,60.897493516249035,61.101628311171,1916600
2017-12-22,61.3629035949707,61.47721855007278,61.028119633816175,61.23225437216957,2186200
2017-12-26,61.63236999511719,61.82833762203864,61.24042851157575,61.362910614538606,1213900
2017-12-27,61.542537689208984,61.81199078530578,61.4527179139443,61.71401010661505,1227600
2017-12-28,61.354740142822266,61.681356989726495,61.2240971418795,61.55887489342514,1506100
2017-12-29,61.60786056518555,61.803834396276265,61.46905044043625,61.50987987933791,1905200
2018-01-02,61.354740142822266,62.056964183271994,61.10977595021955,61.59153720108538,4352500
2018-01-03,61.11794662475586,61.8283378406939,60.962808441506226,61.33024852199571,3310000
2018-01-04,61.50987243652344,62.024289664071205,61.22408508788579,61.28124255761332,2501700
2018-01-05,61.58335876464844,61.714007971311986,61.35472888268428,61.64868336798021,2852800
2018-01-08,61.67318344116211,61.75483608697146,61.240418811644766,61.37106802869776,1688600
2018-01-09,61.762996673583984,61.95080334576578,61.4445470278949,61.71400633723086,2518300
2018-01-10,61.09343338012695,61.63235198379153,60.82397407829466,61.403715884551076,3138300
2018-01-11,60.87297821044922,61.232251094525495,60.73416186122913,61.207755923985914,2007400
2018-01-12,60.93012237548828,61.101594761506725,60.5953385053836,61.04443729950058,2338200
2018-01-16,61.58335876464844,61.8364900451348,60.91379715474037,61.19142360405189,4580500
2018-01-17,62.612213134765625,62.971492301843114,61.78750696929157,61.90998906985875,3455200
2018-01-18,62.57139587402344,63.11031472956743,62.342765897622826,62.644887640552,4040100
2018-01-19,63.281776428222656,63.61656042925953,62.71020158462136,62.84084459328798,4480600
2018-01-22,63.51157760620117,63.6511141380959,62.904205760486285,63.09298679656896,2824700
2018-01-23,63.11762619018555,63.339232781232695,62.68261625300554,63.199702473461564,3388900
2018-01-24,63.03553771972656,63.32280778666183,62.74826139077349,63.191480749195534,3767900
2018-01-25,63.45414352416992,63.495184798559855,62.88781276210852,63.25715918354071,4236300
2018-01-26,60.37621307373047,60.975381639331005,59.46515223106018,60.60602909494155,13162400
2018-01-29,60.56499099731445,61.065664273041776,59.77704770978047,60.25309873621244,8636800
2018-01-30,61.28728485107422,61.36115787793906,60.01508700324104,60.55679539817169,6027700
2018-01-31,60.934356689453125,61.36936659774962,60.031505109325856,61.36936659774962,5458900
2018-02-01,60.187435150146484,61.25443894429942,60.06431764181668,61.0082101896564,3900300
2018-02-02,59.448753356933594,60.039712556242236,59.33384531951451,59.90838550660992,5130500
2018-02-05,57.29832458496094,59.900187176590904,57.27370232663952,59.37488519698551,6278000
2018-02-06,57.7907829284668,58.307869033056804,55.96866104274352,56.71556319381797,6903800
2018-02-07,57.593788146972656,58.3078647492449,57.470670627681976,57.78256917815399,4413200
2018-02-08,56.59244918823242,57.692291244607574,56.58424594464564,57.593795963404155,4875200
2018-02-09,57.25728225708008,57.50351107084276,56.21489419989527,57.07671070310992,6097600
2018-02-12,57.6102180480957,58.168345480654935,57.24086542039157,57.46247824941772,3457600
2018-02-13,57.70050811767578,57.82361940737696,57.19983466616165,57.41323174298956,3528600
2018-02-14,57.142372131347656,57.47888670976625,56.63348924898684,57.27369290813949,3579200
2018-02-15,58.45559310913086,58.45559310913086,57.04385918914599,57.30650692342114,3617100
2018-02-16,58.6525993347168,58.96449167922509,58.11909416325348,58.22579895475711,4421700
2018-02-20,57.4788932800293,58.25042406618333,57.28190896131584,58.110893768012076,3016700
2018-02-21,56.748390197753906,57.82360358030296,56.748390197753906,57.43784454146188,2749100
2018-02-22,56.95359802246094,57.27369989106473,56.76482320867852,56.86331223777591,3162100
2018-02-23,57.70050811767578,57.70050811767578,56.9618090693747,57.257288688695134,2398500
2018-02-26,58.332481384277344,58.381725882445345,57.85643036193144,58.0862463694042,2844700
2018-02-27,57.38860321044922,58.513067542253815,57.38860321044922,58.42278176499851,3071100
2018-02-28,56.60886764526367,57.74974469445801,56.60886764526367,57.70050018534739,3796000
2018-03-01,56.518585205078125,57.01104911129296,56.13281982890403,56.52679471108689,4997400
2018-03-02,56.855098724365234,56.9535940085396,56.22310453812973,56.22310453812973,3189300
2018-03-05,57.511714935302734,57.577378450672484,56.608863516029885,56.625276263863576,3096900
2018-03-06,57.15878677368164,57.790787210358275,56.82227218411536,57.52813312403795,2948300
2018-03-07,57.191619873046875,57.37219143060935,56.641701956483494,56.69915597370626,3303300
2018-03-08,58.291473388671875,58.316101913825364,57.167014958780605,57.2490912565652,4134800
2018-03-09,58.472023010253906,58.74288032689441,58.07805442424751,58.39815624863437,2928200
2018-03-12,58.3407096862793,58.80855135567103,58.1847603758092,58.57052576780245,2975200
2018-03-13,58.1683464050293,58.60335630193339,57.87286680297776,58.472029251235625,4666500
2018-03-14,57.44606399536133,58.25863608640152,57.216247903276006,58.17655354321203,4161400
2018-03-15,57.093116760253906,57.62662185389753,56.87971973241035,57.478882078150335,3040000
2018-03-16,57.142372131347656,57.42964220122155,56.99463234369567,57.15057537475985,7050400
2018-03-19,57.50350570678711,58.521271413858,57.27368966390579,57.42963894815419,3776900
2018-03-20,57.1998291015625,57.913899560437265,56.90434951098735,57.63483898157085,2403300
2018-03-21,56.379051208496094,57.183407407990515,56.28876543438702,57.158785153600384,4184500
2018-03-22,56.48574447631836,57.10953533157753,56.26413794540668,56.26413794540668,4115800
2018-03-23,56.12461471557617,57.0192630800037,56.026125683835794,56.567834144464285,3743700
2018-03-26,55.96866989135742,56.723781666908366,55.697812538599386,56.53500059201133,3271100
2018-03-27,56.86331558227539,57.3311572840607,55.96867345125502,55.96867345125502,3760200
2018-03-28,58.110897064208984,58.324294145745235,57.08492788060373,57.08492788060373,4174400
2018-03-29,58.833168029785156,59.333841415029184,58.29966288429357,58.373535910355095,4829800
2018-04-02,57.5773811340332,58.824956674113544,57.38860008405151,58.53768660850469,4109300
2018-04-03,58.233985900878906,58.32427165518238,57.42962987783266,57.708690382395005,3717400
2018-04-04,58.80854797363281,59.10402756488935,57.71691538715828,57.88106793251493,3569200
2018-04-05,58.93988037109375,59.22715677510047,58.57053394025576,58.82497231429885,3294400
2018-04-06,58.80033874511719,59.432339197959635,58.38995111777158,58.80854825102921,2922600
2018-04-09,58.61975860595703,59.09580968687435,58.44739657914573,59.09580968687435,2665100
2018-04-10,58.87420654296875,59.104022591938865,58.41456818301084,58.775711266831124,2901800
2018-04-11,58.586944580078125,59.00554177874396,58.31609346284185,58.734684399488465,4078500
2018-04-12,58.22580337524414,58.97270566238278,58.15193033997796,58.693645058534145,2681900
2018-04-13,58.767513275146484,58.81676405387316,58.20118254695049,58.28325882880307,3847900
2018-04-16,59.45695877075195,59.53082553457226,58.857790106576125,59.05477440544822,4089800
2018-04-17,59.28459167480469,59.53082046190899,58.96448360613947,59.51440771424234,3307300
2018-04-18,59.16147232055664,59.59648213346971,59.12864056422131,59.34204384939238,3840600
2018-04-19,57.60112762451172,58.600092143723955,57.328689054356445,58.58357689782316,5536900
2018-04-20,55.74354553222656,57.58460447542203,55.66924584015963,57.43599879256895,8636900
2018-04-23,54.79412841796875,55.6031989245479,54.49691704448924,55.4793598024782,7617300
2018-04-24,55.00877380371094,55.23994309433409,54.3648179552014,55.0583132296326,5004600
2018-04-25,54.82715606689453,55.36378179855988,54.68680169369979,54.81889844524312,4209700
2018-04-26,54.97575759887695,55.21517824630552,54.68680381705628,54.81064295175658,4860500
2018-04-27,54.967498779296875,55.413315824186526,53.53097509063493,54.39784261659579,6539200
2018-04-30,53.85295486450195,54.612492152834314,53.65480977289629,54.422604681391896,7395300
2018-05-01,53.663063049316406,53.98504092371485,53.35759411518946,53.4814332127392,4952300
2018-05-02,52.12748718261719,53.53923815220541,52.02841776791624,53.44842320982957,7998900
2018-05-03,52.276100158691406,52.631102355943064,51.879819295346365,52.05319158255475,6479800
2018-05-04,52.59807205200195,52.854001641660865,52.284351706654896,52.350396934858495,3904400
2018-05-07,51.863304138183594,52.84575333976992,51.83853756986131,52.73016867242553,4296300
2018-05-08,51.417484283447266,52.23481563766807,51.37620562198076,52.020161559066246,5336100
2018-05-09,51.11201477050781,51.731204096503,50.97992117360323,51.62387706484309,5007100
2018-05-10,51.58259963989258,51.81376265266382,51.23585512073571,51.48353022718488,4036100
2018-05-11,51.77248764038086,52.42470121448624,51.59911536858882,51.855048114586644,4014400
2018-05-14,51.21935272216797,51.879820847503126,51.079001474019,51.76423931923953,5345200
2018-05-15,50.89736557006836,51.103762019015335,50.59189655808772,51.01294707758108,6573100
2018-05-16,51.26061248779297,51.524799640511354,50.773516834463585,50.8808438494302,3813900
2018-05-17,51.425743103027344,51.500045955141516,51.03771674761332,51.35969472365471,4080900
2018-05-18,51.367942810058594,51.483524303144634,51.02119518144099,51.45050011958877,5046000
2018-05-21,51.3927116394043,51.79725003240459,51.326663269379914,51.590853600117825,4456000
2018-05-22,51.524803161621094,51.945850480864834,51.41747613931994,51.582593908392596,4308800
2018-05-23,51.78074264526367,52.0201601349591,51.37620421550259,51.516555439878445,3409500
2018-05-24,51.590858459472656,52.110975250286295,51.47527380104304,51.7889972894893,3433900
2018-05-25,52.63109588623047,52.87051652924559,52.06144280570203,52.21004850485901,5197700
2018-05-29,52.47423553466797,52.90354053638706,52.30911774179756,52.56504732885474,5033600
2018-05-30,53.15946960449219,53.357608434514454,52.39993217380697,52.62284071960195,4403700
2018-05-31,52.086212158203125,53.052149254385334,51.93760645109817,53.02738268632122,4738000
2018-06-01,51.755958557128906,52.3751477383089,51.41746859739154,52.218287612845884,3758600
2018-06-04,51.77248764038086,52.044932481219845,51.61562746342997,51.755975545539705,3441400
2018-06-05,51.425743103027344,51.85504812086922,51.38446444059948,51.80551183633975,3334800
2018-06-06,51.656898498535156,51.70643477574442,51.16154832388087,51.450502067535936,3390600
2018-06-07,51.81376266479492,52.482488286788104,51.26887617073523,51.45050605187508,5698500
2018-06-08,52.292598724365234,52.68887948517319,51.92934214763116,51.970620803043744,4782400
2018-06-11,52.63109588623047,52.76318949110779,52.3008602993572,52.3008602993572,3220300
2018-06-12,52.61457443237305,52.870507124140104,52.40817801463299,52.63108652371538,3355500
2018-06-13,52.061439514160156,52.77969824843425,51.98713666927941,52.65585912384641,4252400
2018-06-14,52.26782989501953,52.498992874795995,51.739452420822836,52.028409294902815,4312500
2018-06-15,53.44017028808594,53.47318817639861,52.21830056276948,52.24306712836379,9744900
2018-06-18,52.26782989501953,53.14295183888092,51.76422213248417,53.0108551083122,7904900
2018-06-19,52.837501525878906,53.308085271894925,52.53203560200336,52.84575914913421,4580300
2018-06-20,52.75493240356445,52.87877152984317,52.38341817408813,52.68888402971986,4898800
2018-06-21,52.41644287109375,52.754932916941755,52.22655536912258,52.57330303646142,3646000
2018-06-22,53.357608795166016,53.48144792678692,52.432953566972415,52.465977755319315,4871600
2018-06-25,53.75389099121094,53.869472497269186,53.00260490311262,53.10167746489955,4432500
2018-06-26,53.77865982055664,54.07587121970759,53.23377645459319,53.753893253747385,3900900
2018-06-27,53.423648834228516,54.21621033470232,53.3658580883206,53.78690855063193,4228800
2018-06-28,53.605281829833984,53.64656363592102,53.109931650385924,53.37411883267284,2891900
2018-06-29,53.5062141418457,53.902498100685136,53.25854217895092,53.66307746078296,4223700
2018-07-02,53.31632995605469,53.75388940158121,52.862255268025564,53.332838899837796,3057200
2018-07-03,53.39064025878906,53.852972659925506,53.25029216323012,53.79518189712355,2298400
2018-07-05,54.45564270019531,54.46390032245676,53.613547892415085,53.613547892415085,3670200
2018-07-06,54.307029724121094,54.69505603510867,54.17493927921946,54.47215065364742,3310800
2018-07-09,53.663063049316406,54.133646581030916,53.62178125056044,54.03457404324749,4102300
2018-07-10,54.26576614379883,54.29878403824225,53.41540734194178,53.74564297486325,2613800
2018-07-11,53.8612174987793,54.40610716706369,53.8034267429358,54.26575908840376,2345800
2018-07-12,53.80341339111328,54.18318202080168,53.63829878645517,53.84469519163702,2501300
2018-07-13,54.282264709472656,54.33179784038533,53.819938691035475,53.86121420055617,2684800
2018-07-16,54.17494583129883,54.207970021198136,53.74563766132801,54.14192164139952,2409100
2018-07-17,54.474063873291016,54.798115924135985,54.041996585262524,54.041996585262524,3120500
2018-07-18,53.850887298583984,54.449139204948786,53.47698302675327,54.100161039334175,3713500
2018-07-19,54.63193893432617,54.88121267430708,53.842582656544224,54.29957606078315,4346100
2018-07-20,54.798118591308594,54.94768157123163,54.33281436012346,54.5488511843,3264300
2018-07-23,54.70671081542969,54.955984526078666,54.45744344407451,54.80642156754804,5332400
2018-07-24,54.23310852050781,54.59870835782002,53.95060416570858,54.440834548199696,5407100
2018-07-25,54.798118591308594,54.906140173044214,54.224799117682544,54.266340515869956,3334800
2018-07-26,55.620704650878906,56.43498685781914,54.85626830608869,54.85626830608869,5836700
2018-07-27,55.38805389404297,55.986299343306776,53.94227662526548,54.773180478418524,5497100
2018-07-30,55.22188186645508,55.37975566299754,54.30788868818271,54.36605171754655,4801200
2018-07-31,55.678863525390625,55.96136776495264,55.19693781629846,55.25510082675491,4741600
2018-08-01,54.90613555908203,55.67056568587539,54.673483463040064,55.52931353317765,4375900
2018-08-02,55.8699836730957,56.02785746304915,54.9476797178946,54.95599053296965,3607800
2018-08-03,56.08603286743164,56.85877401828809,55.52932858114148,55.978017604796435,4324100
2018-08-06,55.98630905151367,56.17741976016715,55.82013078778454,56.04447207774831,2542400
2018-08-07,55.861671447753906,56.00292358796168,55.28834573370709,56.00292358796168,2181100
2018-08-08,55.32989501953125,55.80351639126635,55.31327972860987,55.72873173388388,1910500
2018-08-09,54.78150177001953,55.39636896395641,54.73995403369771,55.221879882134914,2979200
2018-08-10,54.366050720214844,54.71502888999596,54.233103033082244,54.64025057045485,2936600
2018-08-13,54.46575927734375,54.64855283079807,54.0170703604045,54.39928543647252,2725100
2018-08-14,54.440818786621094,54.756566314447255,54.41589268480186,54.47405570214456,2532400
2018-08-15,54.69839859008789,54.76487241541447,54.108457653723484,54.37434661573692,4245700
2018-08-16,55.43790054321289,55.55422656385799,54.88950101220655,54.88950101220655,3163000
2018-08-17,56.08603286743164,56.16081120172619,55.19696563703086,55.43792861302866,3523500
2018-08-20,56.218955993652344,56.4100603239125,56.152482166043114,56.18571907984773,2151800
2018-08-21,56.00293731689453,56.24390026535803,55.69550051934556,56.13587867577033,2323800
2018-08-22,55.662254333496094,56.0444693932004,55.662254333496094,56.00292799890517,2099900
2018-08-23,55.31327438354492,55.75365245229337,55.23018525837814,55.43791124094204,2460400
2018-08-24,55.57084655761719,55.678868114004814,55.12215772313598,55.296653108178575,2046000
2018-08-27,55.745338439941406,55.93644912222571,55.34650812630374,55.786886169788204,2078100
2018-08-28,55.48775863647461,56.00292131070575,55.40466951851303,55.90321056557585,2012100
2018-08-29,55.637332916259766,55.87829584493095,55.54593296609846,55.56255459665214,2322000
2018-08-30,55.0390739440918,55.653947409834586,54.87289569563332,55.46283671874289,2754000
2018-08-31,55.18033981323242,55.23850284190617,54.78150308854481,55.0058443879165,3257200
2018-09-04,54.19985580444336,54.83133810649506,54.01705596042582,54.623612163619256,4515900
2018-09-05,55.32989501953125,55.3797535708844,53.967212949376055,54.05030842186647,3977800
2018-09-06,55.670570373535156,55.81182253812683,54.91444465843613,55.113866191230535,3295100
2018-09-07,55.678863525390625,55.72040491040655,55.06399016994502,55.42127904540401,2980200
2018-09-10,55.80351638793945,56.2023467629738,55.67056870339833,55.678879518505774,3353200
2018-09-11,55.82014083862305,55.91985161839086,55.33821491202198,55.50439954496832,2985000
2018-09-12,56.48485565185547,56.584560072840496,55.728729983149314,55.73704079799617,2623100
2018-09-13,56.63441848754883,56.659344592735636,56.08601881626189,56.55963383269411,3093200
2018-09-14,56.49315643310547,56.75904543716858,56.268815161265366,56.6593410227036,1843300
2018-09-17,57.17449951171875,57.18281032632876,56.410069389244825,56.501469332072595,2874500
2018-09-18,56.717498779296875,57.21603982322515,56.65933576316013,57.132950705785994,2625300
2018-09-19,56.44330978393555,56.99170313537579,56.41838367786479,56.70919881418117,3017100
2018-09-20,57.15787887573242,57.37391566032764,56.6842639159656,56.75073774804006,3428700
2018-09-21,57.40713882446289,57.57332338319071,57.141249869791096,57.15787149531024,4687500
2018-09-24,56.45161437988281,57.47362265195819,56.3768297306149,57.315755217803854,2734100
2018-09-25,55.7868766784668,56.667632615587976,55.737024482567094,56.61778041968827,2347700
2018-09-26,55.753662109375,56.33529876487545,55.67888378556072,55.87829898836045,2288700
2018-09-27,55.446231842041016,55.961388312581484,55.4046841024771,55.71212089308304,2498600
2018-09-28,55.62902069091797,55.62902069091797,55.34651637161269,55.4462271345234,2491400
2018-10-01,55.728721618652344,55.928136769985876,55.57915867032885,55.63732168693836,2116300
2018-10-02,55.99462127685547,56.335294967163655,55.63733229547363,55.78689527231474,2722600
2018-10-03,54.77318572998047,56.15248930132065,54.69840741888787,56.11094156896215,3764500
2018-10-04,53.942283630371094,54.39097253005701,53.60992077808958,54.3743572401253,3707900
2018-10-05,53.767791748046875,54.0419915622898,53.67639180996589,53.81764395452966,2972200
2018-10-08,54.2995719909668,54.46575658492985,53.60161571420417,53.72625257485295,4090800
2018-10-09,54.066917419433594,54.582080128154786,54.05860660529302,54.39928025282489,4603300
2018-10-10,53.03660202026367,54.324499372463286,53.01167274575958,53.62654307929099,4789000
2018-10-11,51.806854248046875,53.29417291370948,51.615746741176594,53.0698284918235,7242600
2018-10-12,51.964725494384766,52.26385137575464,51.44125520198749,52.04781460825573,4297100
2018-10-15,51.97304153442383,52.3968043247077,51.71546333802288,51.865023133223445,3439100
2018-10-16,52.02289581298828,52.288784818286835,51.86502203695997,52.10598493852647,3226000
2018-10-17,52.80394744873047,52.862110473927956,51.532665369918114,51.657299065492516,5446700
2018-10-18,52.394100189208984,52.80395327485113,52.13480831019189,52.52792918214083,3947300
2018-10-19,53.96657943725586,54.81137738134467,53.74074564860204,53.88293752966068,6907700
2018-10-22,53.230533599853516,54.192431705608946,53.10507071045169,54.00004953186989,3051800
2018-10-23,53.02978515625,53.297443116158206,52.49446604569902,52.8959561762959,3766000
2018-10-24,54.066959381103516,54.677557497131936,53.004690448364514,53.013056554466054,6235600
2018-10-25,53.381080627441406,54.401528509599764,53.20543070400788,54.21751248082123,6263100
2018-10-26,49.834617614746094,52.0762523278596,49.56695645257292,51.432202527715894,9628700
2018-10-29,48.41267395019531,50.02698759521915,48.01954997932122,49.45821371040587,9710000
2018-10-30,50.3448371887207,50.44521131858803,48.462865328625725,48.77234744294805,8210200
2018-10-31,49.809513092041016,50.37828697175865,49.106910251844766,50.269549944265364,8714200
2018-11-01,50.25282669067383,50.5873975136442,49.61713670278188,49.87643172293968,4764100
2018-11-02,50.4284782409668,50.94706510729941,50.0771751961558,50.94706510729941,5253500
2018-11-05,50.378292083740234,51.114353036429165,49.918255184835054,50.31974210701054,7833700
2018-11-06,50.61249542236328,51.10599039592738,50.29465358163259,50.41175354303175,5171700
2018-11-07,51.298370361328125,51.390375190833545,50.41175139170231,50.846696366005474,5777500
2018-11-08,50.9387092590332,51.10599310376141,50.50376424312328,51.08926727187644,5212800
2018-11-09,53.364349365234375,53.523273452768855,50.98051995955882,51.147806961352615,9735400
2018-11-12,51.315101623535156,53.01306074330254,51.23145970031837,52.67848666896571,8800800
2018-11-13,51.74168014526367,52.352275076526254,51.13108521400109,51.49075120225276,5982000
2018-11-14,52.25190734863281,52.653394320270756,51.83369135433477,52.10971225138937,6798800
2018-11-15,52.19335174560547,52.410822635304434,51.63294071439728,52.00933570689018,4688600
2018-11-16,52.895957946777344,53.31417392197385,52.101346955757045,52.226809833875194,5368300
2018-11-19,52.502830505371094,53.18034148993181,52.33554348799055,52.678480437790164,4480900
2018-11-20,52.118064880371094,53.18869652787393,52.09296975750313,52.64501459958853,3866400
2018-11-21,51.79186248779297,52.486102506684965,51.6747625305665,52.31881548604663,3935300
2018-11-23,51.674766540527344,52.04279865263786,51.474024652771405,51.73331652368406,1367700
2018-11-26,52.47773361206055,52.63665450865519,51.78349367227171,51.87550168267593,5082200
2018-11-27,52.895957946777344,52.95450792804608,52.28535981514393,52.46937586526549,3708900
2018-11-28,52.55302047729492,53.11342834720095,52.35227540717753,52.72030431320233,4940700
2018-11-29,52.72865676879883,52.97958564843295,52.368990871387524,52.46099887175793,3239700
2018-11-30,53.13015365600586,53.18870363262869,52.44427976636605,52.55301680469463,3568700
2018-12-03,53.330894470214844,53.44799761188684,52.78721567075663,53.079965548100716,4878600
2018-12-04,52.76212692260742,54.04186673620005,52.68684792235288,53.54000886165948,4237100
2018-12-06,52.88758850097656,52.93777556349566,51.7500406097528,52.56974348649123,5080700
2018-12-07,52.4526481628418,53.77421220925999,52.41082720241705,52.937780237826125,4072700
2018-12-10,53.14688491821289,53.28907681294161,52.009336997444905,52.69521091601362,3903500
2018-12-11,53.99168014526367,54.36807193685438,53.422903023623434,53.51491104049561,4703200
2018-12-12,54.60226821899414,54.90338418487942,54.17568620374528,54.27606031952982,5902200
2018-12-13,54.76119613647461,55.10412988848398,54.4768059792648,54.669188119271624,4066900
2018-12-14,54.5102653503418,54.911755469885385,54.26769933374844,54.46008147844971,4976000
2018-12-17,52.628299713134766,54.660829720850494,52.21008371468684,54.49354587405921,7167600
2018-12-18,52.243534088134766,53.06323694182738,51.86713910666,53.02141598627115,4294400
2018-12-19,51.75840759277344,52.82067650358978,51.440562572901065,52.2184445060915,4225400
2018-12-20,51.005615234375,51.82531808705457,50.61249123301672,51.64130524468773,5552000
2018-12-21,50.110626220703125,51.92568478484022,50.09389720274634,50.69612908625489,10032400
2018-12-24,48.54650115966797,50.18590667873033,48.38757707978222,50.152448641835015,3872300
2018-12-26,49.68405532836914,49.68405532836914,48.10319638285891,48.68033642654397,6616200
2018-12-27,49.92662048339844,49.92662048339844,48.48795974126769,49.3411206881482,6546100
2018-12-28,49.86807632446289,50.47867131844561,49.692426365386,50.05209239058246,5655700
2018-12-31,49.784427642822266,50.077177534891646,49.265840752270286,49.63386964383387,4271300
2019-01-02,49.558589935302734,49.784426930554275,49.03163694638247,49.55022702024948,4559400
2019-01-03,49.32439041137695,50.177551336543345,49.240745306516814,49.508403260600254,4156100
2019-01-04,49.784427642822266,49.8095195790755,49.23238271010964,49.441490687511916,7087600
2019-01-07,50.085548400878906,50.5706772953764,49.608782422349115,49.7175162836034,4575200
2019-01-08,50.645957946777344,50.98053202957783,50.20264999919138,50.20264999919138,5614400
2019-01-09,51.27326583862305,52.05114762444287,50.988878914874576,51.83367677251,6284000
2019-01-10,51.708221435546875,51.75004239372057,50.788147592787226,51.03907653256399,3983100
2019-01-11,51.942405700683594,52.31043767946599,51.64965589095543,52.07623464094984,2616900
2019-01-14,51.53257751464844,51.89224354026556,51.33183242494367,51.69986455761325,3887100
2019-01-15,52.04279327392578,52.28535609733369,51.52420320422809,51.56602735136152,2580300
2019-01-16,51.96752166748047,52.13480870760419,51.60785564797168,51.7333185350133,3017600
2019-01-17,51.858787536621094,52.27700356514224,51.78350852385789,51.95915849006035,3549400
2019-01-18,52.38572692871094,53.28070874047721,52.13479801535544,52.21843992289586,5200400
2019-01-22,51.98994827270508,52.587823469852594,51.40891182532088,52.31835850177834,5542200
2019-01-23,52.50360870361328,52.655183135381755,51.905733562901794,52.14993717100384,4038100
2019-01-24,52.37730407714844,52.41940737636103,51.59417050514604,52.35203952780022,6024300
2019-01-25,52.07416915893555,53.55622688999665,51.333138687266654,51.333138687266654,8478900
2019-01-28,52.83203887939453,52.916245496087356,51.87206610280313,51.964695308531155,5768200
2019-01-29,53.63201904296875,53.724648261940644,52.798362496775646,52.798362496775646,4593100
2019-01-30,53.850955963134766,54.17936306684013,53.43833581467232,53.60675226735652,6663900
2019-01-31,54.465667724609375,54.60881960679677,53.42148839438872,53.69095340626315,6182900
2019-02-01,54.777244567871094,54.94565780742119,54.0614722384,54.65093142593189,5314500
2019-02-04,54.89513397216797,55.09723114031126,54.40672659331463,54.97934059018158,3612600
2019-02-05,54.51618576049805,55.19827403285569,54.43197915606745,54.96248654607708,4255300
2019-02-06,55.01301193237305,55.156163792690684,54.314084956161054,54.33092370608892,3474600
2019-02-07,54.777244567871094,55.05512577067343,54.356205044442575,54.60040231442424,3145300
2019-02-08,55.316158294677734,55.316158294677734,54.524602168727036,54.66775402249005,3040100
2019-02-11,55.40038299560547,55.44248309453249,55.021443557941375,55.23196332623694,4212800
2019-02-12,55.59403610229492,55.981397979883205,55.13931923209318,55.669826530362535,4450400
2019-02-13,55.526695251464844,55.70353108305222,55.1561784093465,55.49301131813105,3505500
2019-02-14,55.11406707763672,55.45932254576825,55.013021711005294,55.265641552136664,2501500
2019-02-15,55.981407165527344,56.03192984282838,55.4087932660914,55.577206473462894,5370600
2019-02-19,56.18350601196289,56.419287079291266,55.67825994989461,55.94772494463451,4584000
2019-02-20,56.00666427612305,56.51191028464754,55.762460646683365,56.29296799195136,3458600
2019-02-21,56.16666793823242,56.360348939201465,55.78773494990336,55.97299336181643,3765600
2019-02-22,56.3350830078125,56.81506775205691,55.964566214166794,56.17508595154685,4025000
2019-02-25,56.015079498291016,56.7224290379916,55.9140341530134,56.419280153055844,2939700
2019-02-26,55.98981857299805,56.33507397070167,55.69509227285563,56.124554267092584,2922500
2019-02-27,55.467735290527344,55.86350694718333,55.37510610451909,55.61930973812705,3378300
2019-02-28,55.467735290527344,55.737200261309965,55.097218546494354,55.60246456364282,4128700
2019-03-01,55.57720184326172,55.62772451635365,55.03827191510936,55.509833996104796,2712500
2019-03-04,55.60246658325195,55.855092813277984,55.10564313529983,55.8382476381819,3352200
2019-03-05,55.341434478759766,55.72879005880826,55.198282586589194,55.627738263100916,3483900
2019-03-06,55.24879455566406,55.501420783654446,54.836177712861506,55.34142374429042,2764200
2019-03-07,55.02142333984375,55.35825613025522,54.54986128799836,54.93721674837866,4365700
2019-03-08,55.02984619140625,55.417201653652235,54.684597237371165,55.09721403472324,2586500
2019-03-11,55.45090103149414,55.484584962541575,54.920393572741176,54.98776143483604,2722600
2019-03-12,55.35826873779297,55.905621343799226,55.23195560955267,55.55194972436844,2502900
2019-03-13,56.015079498291016,56.09086993180068,55.417204315376445,55.417204315376445,3894700
2019-03-14,55.7877311706543,56.12456403999141,55.62773411219483,55.947728229113764,3293700
2019-03-15,56.58771514892578,56.596137739128075,55.745636016206326,55.88037176122732,6641100
2019-03-18,55.82141876220703,56.71402046363979,55.66142169325096,56.62981384691929,2939900
2019-03-19,55.36668395996094,55.75403945702358,55.0972189870238,55.75403945702358,4623600
2019-03-20,54.8277587890625,55.47615672822211,54.64250039943053,55.47615672822211,3788900
2019-03-21,55.43405532836914,55.53510068429025,54.69302178733633,54.735128302004874,2793800
2019-03-22,55.57720184326172,55.94771857807328,54.903536220795516,55.39194347585594,2877600
2019-03-25,55.796142578125,55.97297835356645,55.43404844044452,55.5014162857226,2972600
2019-03-26,56.351924896240234,56.68033519086644,55.972991917687814,56.09088246321758,2297300
2019-03-27,56.42770004272461,56.714003740060924,55.972976737057095,56.444538791282156,2918900
2019-03-28,56.73085403442383,56.89084464609233,56.520334323418986,56.520334323418986,2958900
2019-03-29,57.71609115600586,57.775036424657756,56.73086034087306,56.84032828992589,4598700
2019-04-01,57.51399612426758,57.69924810073232,57.11821798110358,57.58135755909445,4139300
2019-04-02,57.57293701171875,57.83397941624896,57.08452970523137,57.43820130321788,3130000
2019-04-03,57.10979461669922,57.48872757759415,56.89927487741257,57.44662748446837,3791300
2019-04-04,56.8824348449707,57.26136779733799,56.629808593690875,57.26136779733799,2541700
2019-04-05,57.19397735595703,57.19397735595703,56.8066219682898,56.873989798636245,1981000
2019-04-08,57.27821731567383,57.41295305489617,57.05928137626802,57.30348508519326,1678100
2019-04-09,57.3539924621582,57.37925380037944,56.924530438741314,57.10136623084193,2102100
2019-04-10,57.3539924621582,57.589773518292354,57.10978881843299,57.30346978571572,2023100
2019-04-11,57.337162017822266,57.66557877272978,57.050858211689544,57.52242044510983,2508900
2019-04-12,57.90977096557617,57.90977096557617,57.00033051312276,57.26979554061877,3849700
2019-04-15,57.85924530029297,58.01081977198651,57.62346421644805,57.69083207599022,2907500
2019-04-16,58.13713455200195,58.330809122989926,57.86766953074047,57.86766953074047,3183400
2019-04-17,58.196441650390625,58.43370042367434,58.08628763845653,58.37438573035341,2633600
2019-04-18,58.7641716003418,58.79806663589969,58.272703281977975,58.467598120231564,3369000
2019-04-22,58.976009368896484,59.365792571630756,58.764170250139806,58.78112099993778,3901700
2019-04-23,58.476078033447266,59.12853974032504,58.357448632196764,58.74723187413664,3388000
2019-04-24,58.34896469116211,58.87432800873519,57.7981817148836,58.12017483318006,3600900
2019-04-25,58.20491409301758,58.44217285434935,57.65413113145946,58.043914305764,3191200
2019-04-26,60.41651916503906,60.5859878738644,58.87433064138792,58.95906499580058,5956000
2019-04-29,60.484317779541016,60.65379299524037,59.98438043906945,60.374163737950276,3383900
2019-04-30,61.67909622192383,61.7299355562148,60.357221811809005,60.59448065825847,4050200
2019-05-01,60.40805435180664,61.40793542425423,60.3656839347839,61.07746685889441,3919100
2019-05-02,60.85714340209961,60.95035313402566,60.35720617160264,60.42498977815311,2209900
2019-05-03,60.96729278564453,61.06050251048619,60.653775042828556,60.89103380976493,2436700
2019-05-06,60.74700164794922,60.82326064501955,60.33179222561631,60.61142147784419,2383300
2019-05-07,59.747108459472656,60.65377965336582,58.93364699750639,60.391094743018634,4125500
2019-05-08,60.15383529663086,60.58598891582958,59.357324593673106,59.840317533430394,3273900
2019-05-09,60.03520965576172,60.23010450477263,59.57763634769977,59.94199991903702,2415200
2019-05-10,60.58599090576172,60.653780978611,59.552214921670284,59.78947371182559,2341200
2019-05-13,60.6368293762207,60.713094823309135,59.82336790790759,60.06062669473012,2601300
2019-05-14,60.28943634033203,60.98426864307225,60.27248558439101,60.58600992110788,2855400
2019-05-15,60.450416564941406,60.526682020424694,60.153843048768174,60.31484287104127,4454400
2019-05-16,61.433353424072266,61.941766090480336,60.65378690459203,60.79783597485772,3581300
2019-05-17,60.98424530029297,61.306238426912685,60.772406185849725,60.97576992556656,2764200
2019-05-20,60.75545883178711,61.50113669378313,60.66224909903761,61.07745844121888,3149900
2019-05-21,60.61139678955078,60.9333963299839,60.57750176083068,60.763921186383385,2538200
2019-05-22,60.61139678955078,60.71308187571108,60.1792432543891,60.391082335277964,3862500
2019-05-23,60.79783248901367,60.823252151153966,60.255524813962566,60.475839327207524,2855100
2019-05-24,60.33176803588867,61.00965568498143,60.28092872489223,60.92492134504877,2267800
2019-05-28,59.408172607421875,60.67920752591217,59.382752943422936,60.40805366856029,3327700
2019-05-29,59.2895393371582,59.50137847644214,59.02686087318772,59.247168923374424,3580200
2019-05-30,60.03520965576172,60.06062931762893,59.48442661097508,59.48442661097508,1834400
2019-05-31,58.99296188354492,59.874213419714515,58.84043745488447,59.74710865169463,3031300
2019-06-03,59.899627685546875,59.9928374093788,58.96753044722764,59.060740171059564,3652200
2019-06-04,60.00979232788086,60.39110020035417,59.772533521469235,60.17079214572487,3757600
2019-06-05,60.941871643066406,60.96729130107397,59.85725646930137,60.26399039187145,2675200
2019-06-06,61.950233459472656,62.06886285080761,61.06050655964351,61.102876970041834,3866500
2019-06-07,62.69590759277344,62.82301236472646,61.967180462714516,62.02649516098363,3453800
2019-06-10,61.8824348449707,62.78063053101666,61.746861187084555,62.58574218565231,3191000
2019-06-11,62.13665771484375,62.153602001420005,61.67060902377823,62.01802831435752,3184700
2019-06-12,61.89939498901367,62.780640061086366,61.729919809909646,62.3908568463727,3230000
2019-06-13,61.645179748535156,62.026487552805705,61.00118705716474,61.924808919569,2944600
2019-06-14,62.15359878540039,62.26375926930717,61.65366154705065,61.74687128044079,2591900
2019-06-17,62.20445251464844,62.34850158834701,61.68756445978371,62.153606721423444,2702200
2019-06-18,61.763816833496094,62.75522242009741,61.58587273832283,62.687438811091354,2677100
2019-06-19,62.30611801147461,62.390852362528484,61.33165681231352,61.60281061457589,3096500
2019-06-20,62.36543273925781,62.8060617086958,62.11969859568982,62.543376816017414,2754500
2019-06-21,61.81465148925781,62.70437836276429,61.755336795345166,62.43322455276122,6209400
2019-06-24,62.6789665222168,62.856910626152725,62.06039338154825,62.31460293849534,3508100
2019-06-25,62.62812423706055,62.916222354155835,62.11970514719334,62.59422920008158,3178100
2019-06-26,61.30624771118164,62.47560393747935,61.23845763273761,62.46712856146942,2831100
2019-06-27,61.128299713134766,61.39097816936412,60.933411331034705,61.29776843364068,2470800
2019-06-28,60.73002624511719,61.65364800082684,60.501242881946666,61.45027782821337,5443800
2019-07-01,61.07746505737305,61.22998950341091,60.66225567021464,60.975779938408536,3161800
2019-07-02,61.63670349121094,61.8485425938414,61.060500873463425,61.111346654169864,2298100
2019-07-03,62.70438003540039,62.74675044567541,61.857023548435514,61.93328252915022,2291600
2019-07-05,61.97565841674805,62.41628744920945,61.29777058133858,62.272231920433114,3771900
2019-07-08,62.179019927978516,62.32307545153405,61.857026773478196,61.96718079519263,2989300
2019-07-09,61.950233459472656,62.102757886162884,61.59434528546778,61.59434528546778,3885600
2019-07-10,62.272220611572266,62.772164253979106,62.1959616379668,62.21290592160701,2392300
2019-07-11,62.611175537109375,62.62812628856275,62.009553156864335,62.51796579856828,2878200
2019-07-12,63.0263671875,63.06873759375111,62.33153519276967,62.69589870615364,2937500
2019-07-15,62.70438003540039,63.99235905106753,62.59422601942906,63.060268208369564,2487700
2019-07-16,63.128074645996094,63.24670406774268,62.67050124862272,62.88234042528714,3485400
2019-07-17,62.85533142089844,63.187718416021156,62.76158057587947,63.02578395601615,2775100
2019-07-18,62.96612548828125,63.02578452634705,62.565561376895126,62.846807412149644,2412700
2019-07-19,61.96044921875,62.96613494166696,61.95193114228137,62.87238408172439,2417400
2019-07-22,61.662147521972656,62.199085391258755,61.449078590312524,62.07976080736914,2945000
2019-07-23,61.60249710083008,62.34397942760323,61.44908718847524,62.113861307896634,3986700
2019-07-24,60.75020217895508,61.63656956064104,60.69906772500959,61.227474422037275,3246900
2019-07-25,61.304195404052734,61.55135615363448,60.62237219814805,60.62237219814805,4383400
2019-07-26,62.8041877746582,62.880889453538025,61.18486291850396,61.295656399890305,4036200
2019-07-29,64.4064712524414,64.49169751782155,62.82976258469344,62.9405560794529,4635900
2019-07-30,63.69907760620117,65.12238282418035,63.426349669658784,64.35533347067147,5020600
2019-07-31,61.142250061035156,63.861011320802014,60.80986309538711,63.57123423398122,5187400
2019-08-01,60.73316955566406,61.76442239535649,60.69055316877563,61.04850741018668,4618400
2019-08-02,60.682029724121094,61.167826632921624,60.36669186370977,60.76726249948961,3813500
2019-08-05,58.63658142089844,60.70761200849966,58.30419435765925,60.50306112162266,5215500
2019-08-06,59.531463623046875,59.804191620297615,58.67066324014522,58.87521411484454,4868600
2019-08-07,60.03430938720703,60.31555545920894,58.35532502210505,59.1820335878536,4222100
2019-08-08,61.116676330566406,61.167810780657234,59.74451223279588,60.2303090156972,2712900
2019-08-09,60.954750061035156,61.44054690896112,60.477477790047416,61.193392698876046,2993200
2019-08-12,60.28146743774414,60.852490637061806,59.88089678969061,60.852490637061806,2457900
2019-08-13,61.099666595458984,61.32125366678472,60.22182338349641,60.40080055757473,2513600
2019-08-14,60.10248565673828,61.1422631575746,60.085443002026246,60.52010547418777,3990000
2019-08-15,60.826908111572266,61.09111145031036,60.179176875394006,60.40077033820301,3698800
2019-08-16,61.60249710083008,61.789998827302504,61.03999842376146,61.09965747288008,2549000
2019-08-19,62.28431701660156,62.437726920675885,61.90931358389803,62.22465797070312,2139500
2019-08-20,61.82407760620117,62.45475977852959,61.73032676273173,62.18203182544049,2463700
2019-08-21,61.88372039794922,62.36099256498194,61.75587778110957,62.21610730032495,2527100
2019-08-22,62.25021743774414,62.4632863611336,61.679194283623815,61.92635501503728,1526600
2019-08-23,61.559879302978516,62.96612906620075,61.201918551895844,62.3098796101869,3910900
2019-08-26,62.02008819580078,62.16497997940978,61.54281597406671,61.926343868542745,1770300
2019-08-27,62.59112548828125,62.83828620576584,62.24168935248839,62.45475826387024,2582100
2019-08-28,63.06840515136719,63.12806419344348,62.48885738447692,62.64226727872281,2050600
2019-08-29,63.23884582519531,63.537147481912925,62.53998010537773,63.46896387452909,1819700
2019-08-30,63.196250915527344,63.503070719078934,62.9917065472757,63.46897890731229,2899700
2019-09-03,63.33259963989258,63.53715047166927,62.60816665880435,62.78714375984872,1963800
2019-09-04,63.80990982055664,63.92070336554418,63.46047352103024,63.77581799847966,2422900
2019-09-05,63.31556701660156,63.92068202616752,63.14510796312297,63.92068202616752,3430900
2019-09-06,63.664981842041016,63.6735064183129,63.26441779011382,63.4178276512751,2333300
2019-09-09,62.37806701660156,63.57977249669417,62.096814445943295,63.57977249669417,5153000
2019-09-10,61.466121673583984,61.8070267286821,60.66498048893974,61.79850865394763,4712900
2019-09-11,62.08829879760742,62.09682337737269,60.852501327960795,61.321249177463336,2305700
2019-09-12,61.61100769042969,62.949080204563664,61.56839130687208,62.531466955557406,2644200
2019-09-13,60.2644157409668,61.125216043966994,59.9916877690313,61.02294061611077,4679600
2019-09-16,59.173500061035156,59.99168392440757,58.78145403289925,59.744523199688714,4116900
2019-09-17,59.539955139160156,60.25586329601832,59.25870271938956,59.292794512908245,3381800
2019-09-18,60.298492431640625,60.34962688157394,59.5570103958769,59.81269565023574,3532800
2019-09-19,60.46894454956055,60.60531175164621,60.22179037488592,60.46042647618975,3831300
2019-09-20,60.46894454956055,60.733154378015,60.30701662501642,60.5286035748865,4770000
2019-09-23,60.93770980834961,61.125211494289324,60.37520475053046,60.38372932780425,3952000
2019-09-24,61.781463623046875,62.15646701149888,61.184873234461925,61.329758542782905,4395800
2019-09-25,61.568382263183594,62.04566098000261,61.27008712913811,61.82406752227757,2784500
2019-09-26,61.97748565673828,62.284305407700124,61.534298682083566,61.61953144806517,2265200
2019-09-27,62.43772888183594,62.51443058510813,61.917840107384905,62.33545344179116,3766200
2019-09-30,62.65078353881836,63.30703291452874,62.3439637910624,62.3439637910624,3387800
2019-10-01,61.13373947143555,62.39510387951995,60.92918861957243,62.02862506453307,3241800
2019-10-02,60.10248565673828,61.23601401436136,59.71896415340932,60.852492511032395,3352600
2019-10-03,60.400787353515625,60.861017058685825,60.034308505084624,60.349646384709004,2269700
2019-10-04,61.423519134521484,61.483178182844675,60.36669892036123,60.48601701700762,2415100
2019-10-07,61.03998565673828,61.51725794986176,60.98884469508411,61.33828083994045,2484400
2019-10-08,60.23884201049805,61.00589138079434,60.19622562790218,60.92918319259118,2539200
2019-10-09,60.19622039794922,60.61384010359464,59.72747274185553,60.409289287722665,1844200
2019-10-10,60.31553649902344,60.40928732766962,59.40360194047578,59.62519539930731,2219600
2019-10-11,60.093955993652344,60.61384464382914,59.84679528272018,60.60532006694266,2574100
2019-10-14,59.15644836425781,60.33258626884638,59.11383198631083,60.1791764115221,2556400
2019-10-15,58.2956428527832,59.25018720792801,58.15075758492669,59.173485537537765,4404000
2019-10-16,57.826900482177734,58.27860552794521,57.41781181906069,58.27860552794521,4436000
2019-10-17,58.02293395996094,58.50873087183613,57.860999488553254,58.091117579748165,3760600
2019-10-18,57.980308532714844,58.20190201130234,57.503036273308105,57.96326588159897,4022600
2019-10-21,58.21043395996094,58.27861107540542,57.82690598664076,57.95474864441415,2520300
2019-10-22,57.51571273803711,58.836533696856755,57.438525089572465,58.79365385111338,3864500
2019-10-23,57.927391052246094,58.064615698799955,57.29271315690497,57.30986378389547,4092600
2019-10-24,58.613529205322266,58.785068198308835,57.93597144954168,58.10750389898475,4994800
2019-10-25,58.67356872558594,58.965175178294295,58.502029744395976,58.664990140640676,3850300
2019-10-28,57.76443099975586,58.9222913631545,57.429938151297215,58.87083293832804,4595500
2019-10-29,58.253299713134766,58.28760750736082,57.47281866100572,57.610043294367266,3018800
2019-10-30,58.81938552856445,58.87084396302749,58.150399706366684,58.304781553300366,2575700
2019-10-31,58.83654022216797,59.1453039373588,58.25332059831252,58.68215836457255,4374200
2019-11-01,57.301292419433594,57.893090550102094,56.246355322683115,57.84163211910279,6128500
2019-11-04,56.10055160522461,57.447101734691955,55.95474181270083,57.06114387477946,6528500
2019-11-05,56.57227325439453,56.769541491788104,55.534486720215085,55.894708847409035,5394100
2019-11-06,57.05255126953125,57.369893448342665,56.769523427394006,56.87244026324665,4412600
2019-11-07,57.352752685546875,57.41278969796531,56.54653576717627,57.104026050229486,4332100
2019-11-08,57.14690399169922,57.515704639593906,56.93248516254052,57.2584059707295,3489400
2019-11-11,57.06972122192383,57.292718655461805,56.56368933930425,56.949647190836586,2640400
2019-11-12,57.15549087524414,57.438525341276716,57.06114605323329,57.18122009151177,3315900
2019-11-13,57.36132049560547,57.53285947810478,57.052556870649816,57.464243885105056,3454600
2019-11-14,57.15549087524414,57.472833144148325,57.06972463983727,57.14691228864016,2956200
2019-11-15,56.92391586303711,57.241251557611875,56.71806906577686,57.17264250206881,5146800
2019-11-18,57.57574462890625,58.27046612093384,57.21552254773266,57.301288775124895,4568200
2019-11-19,57.60148239135742,57.73012846515194,57.05256412114375,57.575746633054585,3710400
2019-11-20,57.644371032714844,57.97028537531001,57.309878102709426,57.66152820753534,3008600
2019-11-21,57.24983215332031,58.064621154564236,57.21552435257245,57.910239322970824,3432900
2019-11-22,57.21554183959961,57.36134512968254,56.795282603194586,57.12977558328881,2616300
2019-11-25,57.44709396362305,57.44709396362305,56.898175756431975,57.3184413610555,3020200
2019-11-26,58.141807556152344,58.150386141076496,57.4813939313963,57.63577574231588,3513800
2019-11-27,58.047481536865234,58.22759261729845,57.652951568743184,58.14182637093194,2517600
2019-11-29,58.16754913330078,58.30478034708926,57.88451466252036,58.158970546552894,1385100
2019-12-02,57.953125,58.32192567409263,57.575745739939485,58.32192567409263,3487800
2019-12-03,57.72154235839844,58.0045701953289,57.292704767455035,58.0045701953289,3677000
2019-12-04,58.39054489135742,58.45916049626269,57.567177263126936,57.567177263126936,3279000
2019-12-05,58.16754913330078,58.25331537014637,57.77301920897554,58.2018569367479,4056500
2019-12-06,58.52775955200195,58.6049537302097,57.79873686926033,58.21899592625722,3504700
2019-12-09,58.83654022216797,58.896577247702574,58.33051479888273,58.536355094494944,3610200
2019-12-10,58.26189041137695,58.89656837766439,58.19327480865831,58.587804708974495,3820600
2019-12-11,57.85878372192383,58.905148793479135,57.721559055768374,58.253313634494084,3229300
2019-12-12,57.66151809692383,58.17612201104206,57.412791453998864,57.93597395402314,3658400
2019-12-13,58.91371154785156,59.06809334550395,57.524275368980064,57.66150654180107,5179600
2019-12-16,59.068092346191406,59.37685593627253,58.76790079660972,59.04235659406601,3371200
2019-12-17,58.18470001220703,58.87942158378097,58.15897079539771,58.87942158378097,4647600
2019-12-18,58.55349349975586,58.69072469720619,58.05604676785752,58.43341947375864,5846100
2019-12-19,58.613529205322266,58.733609772184614,57.69581685936048,57.69581685936048,4266400
2019-12-20,59.05095291137695,59.436910786654444,58.973765262448055,59.26537177201634,6008000
2019-12-23,58.93944549560547,59.23105194598156,58.83652210771467,59.18817210868431,2776000
2019-12-24,58.79365158081055,58.94803341532271,58.54492492834407,58.87941781252974,816700
2019-12-26,58.81938552856445,59.1624570265887,58.690732898862294,59.008075179655016,2493600
2019-12-27,59.333980560302734,59.471205212701555,59.03379549860821,59.04236754069692,2943700
2019-12-30,58.99950408935547,59.265381425923636,58.79366378180416,59.068119706387705,1810700
2019-12-31,59.04237365722656,59.11098926230604,58.64784374333597,58.98233663866809,1960200
2020-01-02,58.42485046386719,59.12814402844247,58.227582243179874,59.04237125381251,3441800
2020-01-03,58.339088439941406,58.7250463662684,58.047481891803194,58.18470657811965,3473800
2020-01-06,58.7421760559082,59.05093966947363,58.33049560018288,58.390532605957105,4607500
2020-01-07,57.93596649169922,58.716447576482445,57.86735090037633,58.716447576482445,4500000
2020-01-08,59.41115951538086,59.73708028632775,58.09034543700729,58.15038244056972,4676100
2020-01-09,59.917179107666016,59.985794681647775,59.231036454931065,59.505492207316784,3996100
2020-01-10,60.16593551635742,60.406083600939,59.57413734824957,59.80571338948505,3724000
2020-01-13,60.1573486328125,60.51757071000452,59.865742154193335,60.17450580422753,4641300
2020-01-14,60.2860221862793,60.380367031204365,60.06302468522495,60.15736953015003,4711900
2020-01-15,60.723426818847656,60.937845689615415,60.328890338315695,60.328890338315695,3606200
2020-01-16,60.68052291870117,61.049323531750886,60.61190732940291,60.86063393295205,2720300
2020-01-17,61.04933547973633,61.15225888382689,60.406078927144364,60.406078927144364,4019700
2020-01-21,61.14368438720703,61.220872037779635,60.251701122727084,60.95499473885913,6470400
2020-01-22,60.85892868041992,61.33351533971769,60.841673976105604,61.16093538031291,2890800
2020-01-23,60.92795181274414,61.3248757868327,60.401594533718765,60.46199586492243,2581600
2020-01-24,60.66046905517578,61.33351442872687,60.4706343942763,61.11779442011423,2938300
2020-01-27,60.487892150878906,61.08328151133706,60.20314014515957,60.531038788079734,3688100
2020-01-28,60.1513671875,60.82441256973324,60.021933864012304,60.50515116614954,2770600
2020-01-29,59.392024993896484,60.30667557966859,59.374763709305775,60.18587292053836,3233400
2020-01-30,59.944278717041016,60.14273744387376,59.159054703848454,59.36615065782924,3539300
2020-01-31,63.66328430175781,64.69011359154482,63.30950693085546,63.54248163040073,13592300
2020-02-03,64.65558624267578,65.11291150150106,63.90487841691973,63.90487841691973,7725400
2020-02-04,65.06114959716797,65.75144960775302,64.87994559751746,64.95760163311701,4671800
2020-02-05,65.34589385986328,65.46669651206038,64.29317939078791,64.93170863572267,4282900
2020-02-06,65.84634399414062,66.09657988266581,65.43216544870185,65.55296807305893,4663900
2020-02-07,65.60476684570312,66.02757621205348,65.49259481311077,65.92403482296888,3222700
2020-02-10,66.74378967285156,66.79556696729728,65.54438658638445,65.54438658638445,4418400
2020-02-11,65.67377471923828,66.6919730320656,65.66514407889873,66.64882641361754,3992600
2020-02-12,65.53572082519531,65.85498873406804,65.14742753280339,65.76007142557212,3735400
2020-02-13,65.89813232421875,66.10522163174038,65.25959653588062,65.33725914073273,2907800
2020-02-14,66.17427062988281,66.18289469011386,65.67379863989474,65.88951864420835,2820400
2020-02-18,65.63927459716797,66.17426251220888,65.62201989557046,66.10523053931625,4370500
2020-02-19,65.18195343017578,65.81185211881741,65.14743744154106,65.57887742459762,2686700
2020-02-20,64.85405731201172,65.27686662536055,64.06883343254117,65.11291733552576,3350900
2020-02-21,65.81185913085938,66.04484043315428,64.81092168681236,64.87995367143695,5341500
2020-02-24,64.21553039550781,65.33727707030472,61.428431579027354,61.8771262989948,5584400
2020-02-25,63.68053436279297,64.70735688832474,63.438922479417165,64.19826094638262,5739500
2020-02-26,62.92119598388672,64.25866236134489,62.90394128381821,63.85310778560271,4188700
2020-02-27,60.531028747558594,63.61150985170313,60.513767462240445,63.04200593473032,6181100
2020-02-28,58.3047981262207,59.84935403116274,57.22619818561188,59.53008607877195,11130900
2020-03-02,62.50701904296875,62.61056041268597,59.115900936461315,59.115900936461315,7940800
2020-03-03,61.937522888183594,63.948034788360495,61.47156691668863,62.60194414843171,7487800
2020-03-04,65.03526306152344,65.12154973836067,62.99886588855756,63.76682850393648,7174700
2020-03-05,62.42073059082031,64.13786638085881,61.95478122475858,63.60287845759161,5877500
2020-03-06,62.56742858886719,62.78314858178388,59.978788673866916,60.72086597616046,6339600
2020-03-09,60.392974853515625,61.790842950716986,59.5387254190744,59.79759207593662,7399300
2020-03-10,61.96340560913086,62.13598554492148,58.75349121919081,61.79946289919403,7521500
2020-03-11,59.45244598388672,61.10054371174767,58.48601780800398,60.522415568549256,6860400
2020-03-12,55.12940216064453,58.20125282543615,54.53401615116688,56.02679814228912,9772200
2020-03-13,59.62501907348633,59.7199364198704,55.39690487822971,57.321130574716534,11952900
2020-03-16,53.791934967041016,57.217566050783056,53.533071646370125,53.63661631631334,8849300
2020-03-17,60.57416915893555,60.772634441780085,54.628930190205644,55.38826545911396,9389100
2020-03-18,58.408355712890625,62.24816950074204,56.38921286813928,58.50327304996135,9189300
2020-03-19,57.51095199584961,59.53008798951704,56.138969404067645,58.658583949473474,8926800
2020-03-20,53.567588806152344,57.683523265656326,52.97219953478796,57.58860594461993,9168300
2020-03-23,52.1783561706543,54.766996245931324,50.469854115966584,53.57622088964859,8306800
2020-03-24,52.79099655151367,56.846529755978,51.43627526903713,52.73059521726,9887200
2020-03-25,51.67788314819336,53.688395146647856,50.918547819560764,52.4285878334361,10375500
2020-03-26,55.069000244140625,55.51769493860799,51.93674498462704,52.0834362933623,9053300
2020-03-27,56.31155014038086,57.49369151654167,54.67207683837293,55.250204853229086,6366500
2020-03-30,57.45054244995117,57.75254908320322,56.06130535374089,56.94143991111127,4950500
2020-03-31,57.260711669921875,57.37288368886979,56.05267847261209,56.95870501640726,5784400
2020-04-01,56.5617790222168,56.82063903743282,55.30196859847808,55.87147248180526,4247700
2020-04-02,58.822540283203125,59.271241663368414,55.83697565076993,55.89737700003218,5676700
2020-04-03,58.34794998168945,59.271231350192245,57.597241985835865,58.63269538823541,4720800
2020-04-06,60.833038330078125,61.8943835975741,59.65089039255845,60.05644503474593,5172800
2020-04-07,59.57323455810547,61.946154501070666,59.39203055245107,60.643203889077455,5964900
2020-04-08,60.591434478759766,61.04875982412192,59.40928651219477,60.09096250022113,4265600
2020-04-09,60.32394027709961,61.67003088827826,60.194506968351305,60.97110023758959,3582500
2020-04-13,59.961524963378906,60.58279957117916,59.71991963440136,60.082327627867684,3335000
2020-04-14,63.08515548706055,63.75820081411384,60.927955549965745,61.54923018516933,4940600
2020-04-15,62.68821716308594,62.938453088595125,61.85985336652981,62.299917313192275,3390500
2020-04-16,62.852169036865234,63.23183830120199,61.90300245927456,62.903946307707386,3561800
2020-04-17,63.7376594543457,63.98073310304548,62.096905702362,63.12129223849692,3762400
2020-04-20,62.643829345703125,63.64216662042523,62.617780062860184,63.31228189361152,3187400
2020-04-21,61.29823303222656,62.28789381170857,60.98570787836275,62.0708628228176,3142800
2020-04-22,61.81910705566406,62.27053522870099,61.25482515099802,61.81042396145866,3498100
2020-04-23,61.83647918701172,62.15768084761832,61.376367875549334,61.68021659259792,4041800
2020-04-24,61.98405075073242,62.426795815431525,61.289548948195005,61.41976886407828,3549700
2020-04-27,61.66286087036133,62.461533544831326,61.54132401221424,62.435490878551526,2926700
2020-04-28,61.732303619384766,62.45284819257458,61.15066207762189,62.45284819257458,2995700
2020-04-29,60.90758514404297,61.49790312630727,59.76165506573492,61.23746989117785,4675700
2020-04-30,61.003074645996094,61.45450286521604,60.04813950677673,60.55165305003708,7128300
2020-05-01,59.492530822753906,61.636797952075874,59.30154250177238,60.94229617091756,4497000
2020-05-04,60.317256927490234,60.64714165487583,59.04979009068272,59.59671243590714,5031500
2020-05-05,60.35198974609375,60.88154602283043,59.9179276584907,60.33463017682484,2458000
2020-05-06,58.89353561401367,60.325941699997664,58.85881647857249,60.23913061487223,4551400
2020-05-07,59.72694778442383,60.46485203193496,59.17134882465578,59.81375888002596,3985800
2020-05-08,60.22174835205078,60.61240139952478,59.7095518832924,60.551633000511956,3938600
2020-05-11,60.230445861816406,60.76868517199953,59.83110958262031,60.360665797551476,2797200
2020-05-12,59.666160583496094,60.751315495275186,59.46648916549436,60.54296098346643,3961400
2020-05-13,59.292869567871094,60.3780245261172,58.89352671476752,59.90923678936365,3864200
2020-05-14,58.21640396118164,59.28419959058484,56.89685815423352,59.12793697709319,4999800
2020-05-15,59.857147216796875,59.87451340584193,57.64343498830854,57.964636629776535,7939700
2020-05-18,60.959686279296875,61.41979107497754,60.0568362588096,60.69924635334888,5017700
2020-05-19,60.11757278442383,61.09855028808526,60.022078637143814,60.6124030824844,5304100
2020-05-20,61.17670440673828,61.280875056479594,60.299897239602984,60.482202499911324,3406100
2020-05-21,60.9943962097168,61.64548923229583,60.56033419466411,61.64548923229583,5171900
2020-05-22,61.419769287109375,61.57603186259355,60.78603589118462,60.84680430258068,3427400
2020-05-26,60.27384948730469,62.053506333726375,59.98736697818619,61.93196288052358,6475600
2020-05-27,61.280879974365234,61.341655022606346,60.28254251016729,60.4908904496312,3811400
2020-05-28,62.58305740356445,62.912948769950745,61.81042755586074,62.15767848840706,4685600
2020-05-29,62.791404724121094,63.00843570412434,62.12294559668557,62.626459059875465,4317000
2020-06-01,63.138668060302734,63.364375555241985,62.47020880112561,62.73932514992458,2640600
2020-06-02,62.88691329956055,63.468554869705564,62.18372825935551,63.069218569758476,3751300
2020-06-03,62.201080322265625,63.28623522452685,62.166354570602074,63.28623522452685,4535700
2020-06-04,61.419769287109375,62.80876627849092,61.28086627634117,62.001410742366005,4985800
2020-06-05,62.852169036865234,63.00843159721272,61.02042715517064,61.78437377061419,5976200
2020-06-08,63.81578826904297,63.84183092571969,62.29657147914461,62.452834042464545,5033300
2020-06-09,63.61613082885742,63.859204508884595,62.62646991831191,63.62481392407583,4608100
2020-06-10,64.55369567871094,65.02248339362558,63.74634016245684,64.01545646012156,5726600
2020-06-11,63.459877014160156,65.10931430110726,63.21680330049127,64.11097015717122,5547300
2020-06-12,63.190757751464844,64.03283923772845,62.817464101572575,63.885253098367016,4357600
2020-06-15,63.27754592895508,63.598754132916305,62.27920219207058,62.817441355212814,3350500
2020-06-16,63.83316421508789,64.57106837776854,63.14734537912832,64.00679300959358,3034200
2020-06-17,64.07624053955078,64.65788874599106,63.841849936404365,64.0675640669146,2410500
2020-06-18,63.9025993347168,64.23248402473331,63.53798889471019,64.01545305473992,2975800
2020-06-19,63.68556594848633,65.45653939123268,63.66819976252036,64.84884872435127,5842700
2020-06-22,63.459877014160156,63.77240225266643,63.129992206075514,63.711633824249205,2220400
2020-06-23,63.30359649658203,64.1283182185065,63.1994258620409,63.66820696399618,3489000
2020-06-24,62.53097152709961,63.09525345957394,62.296580958085045,63.017118854395356,3243000
2020-06-25,63.060543060302734,63.13867768450804,61.862534016339765,62.600438281605264,3379900
2020-06-26,62.08823013305664,63.30360514711331,61.81911379270345,63.07789765925753,5402400
2020-06-29,62.87821960449219,62.93898801764778,62.40943186446606,62.40943186446606,3176600
2020-06-30,63.59877395629883,63.8158049831272,62.73932632131033,63.01712577072019,3556100
2020-07-01,63.399105072021484,63.87657599973854,63.347019742911115,63.59877653904723,3286300
2020-07-02,63.61613082885742,64.12832747456699,63.433825568837044,63.92865602410979,2658600
2020-07-06,63.76371383666992,64.13700747245088,63.2688833541939,63.998111057625685,4026300
2020-07-07,64.21513366699219,64.43216466809828,63.52931490870567,63.537998003262864,4043800
2020-07-08,64.66654968261719,64.73600118659037,64.01545673520347,64.29325612783626,3166900
2020-07-09,63.65086364746094,64.77942771365203,63.57273565161138,64.29327367640605,2916700
2020-07-10,63.96337127685547,64.20644491696204,63.10393044269011,63.607437287228024,4418600
2020-07-13,63.77239990234375,64.35404149908112,63.59009462381092,63.9199794197377,3142900
2020-07-14,64.97908020019531,65.03984861538164,63.61612578250702,63.633491971566265,3181600
2020-07-15,64.84015655517578,65.53465149069478,64.55367416543605,65.10927276315435,3270900
2020-07-16,65.09193420410156,65.21347102260809,64.41479198537394,64.93567163412747,2557800
2020-07-17,65.66828918457031,65.74688501956095,64.95222563036515,65.42378065323554,2871800
2020-07-20,64.79503631591797,65.65082278106469,64.52433141169891,65.46744139475268,2134600
2020-07-21,64.65531158447266,65.3626406483025,64.59418446367694,64.93475080273254,2920200
2020-07-22,64.7426528930664,64.80378003067005,63.406583555188,64.26236348163899,4239400
2020-07-23,64.82123565673828,65.650819022902,64.76010853146681,65.39757617181823,3868000
2020-07-24,64.89983367919922,65.70322076739745,64.59419801111922,65.25786879206284,2630700
2020-07-27,65.18799591064453,65.25785738323712,64.620383104954,64.70770661451637,3182800
2020-07-28,66.1136474609375,66.35815599095706,65.27532964557426,65.42378030132073,4035900
2020-07-29,66.54154205322266,66.7860572627412,65.95646707789506,66.00013217375577,3186700
2020-07-30,67.1266098022461,67.40604903580666,66.12237276645266,66.25336136457473,4858400
2020-07-31,67.41478729248047,67.64183378733097,66.20097230680564,66.89957383141123,4346700
2020-08-03,66.86463165283203,67.47590288554544,66.8035045295607,66.9781515496626,3127500
2020-08-04,67.03926849365234,67.13532633882994,66.39306662256688,66.82969076888112,3410900
2020-08-05,66.52408599853516,67.3274732007436,66.32323586680363,67.05676823665047,2730200
2020-08-06,66.24461364746094,66.45419136475216,66.0175672340214,66.29700641119487,3156100
2020-08-07,66.57646942138672,66.60266581263146,66.01759086697265,66.21844097044547,2968000
2020-08-10,66.93450164794922,67.15281378205059,66.59393525173971,66.80351303501688,3407300
2020-08-11,66.33194732666016,67.19646137279697,66.20095873485602,66.98688362332429,3398400
2020-08-12,67.44969940185547,67.92125430134273,66.59391976609997,66.68124326696292,3844300
2020-08-13,67.2226791381836,67.40606054191467,66.82097892541114,67.2226791381836,2964900
2020-08-14,67.28377532958984,67.5544801350281,66.94320907037562,67.14405242203789,2538400
2020-08-17,67.42350769042969,67.91252465903706,67.09167569921132,67.11787208505007,2762300
2020-08-18,67.80775451660156,68.27930955587114,67.18774881562436,67.44099170684457,4286200
2020-08-19,68.06971740722656,68.27930184257565,67.83394324540545,67.99112824073862,2470600
2020-08-20,68.3316879272461,68.38408069977292,67.7204167065776,67.964925194845,2009200
2020-08-21,68.71593475341797,68.84691671407944,68.00859885405542,68.4277611152465,3405200
2020-08-24,69.10015106201172,69.15255050215343,68.66352681418877,68.82071180989932,2796800
2020-08-25,68.62857818603516,69.25731800498896,68.5237926577799,69.24859031920472,2374100
2020-08-26,68.68099975585938,69.13508607019645,68.13084890572368,68.35789539407108,3476800
2020-08-27,69.03901672363281,69.4057861168916,68.83817332152968,68.97788960181578,2208900
2020-08-28,69.30973052978516,69.43198477742389,68.49760922055253,68.98662621110746,3039800
2020-08-31,69.21368408203125,69.41452752383111,68.9167761014099,69.16128463700518,3272700
2020-09-01,68.19197845458984,69.1350885205134,67.93874222911509,69.11762648034058,2968800
2020-09-02,69.39706420898438,69.67650348201143,68.12212210940112,68.22690767281263,3405200
2020-09-03,67.82521057128906,69.94720472955262,67.30999714529311,69.52804917320974,4486600
2020-09-04,67.42350769042969,68.48013744751722,66.66377918932334,67.70294690997055,3643800
2020-09-08,66.05252838134766,67.51958640268184,65.99140124139035,67.41479416460133,4816200
2020-09-09,67.7378921508789,68.4277593292419,66.76858569313477,66.76858569313477,3128600
2020-09-10,66.72494506835938,67.92129167949803,66.59395641380179,67.33621657314849,4165800
2020-09-11,67.02181243896484,67.46717097340014,66.7249111909122,67.01307808979966,2736900
2020-09-14,67.3711166381836,67.84267158238558,67.19646295754025,67.21393165678293,2529300
2020-09-15,67.187744140625,67.86887692916771,67.17027543907604,67.43225266344982,2093300
2020-09-16,67.16155242919922,67.90381240015469,67.12662168602557,67.44099171223039,2498900
2020-09-17,66.98688507080078,67.4235092780116,66.51533012753029,66.87336517537437,2525300
2020-09-18,66.21843719482422,67.18774358975932,65.73814784152934,66.6288650672112,4563600
2020-09-21,65.65953063964844,66.3057324062638,64.92599872800412,65.77305050088955,3004500
2020-09-22,66.42800903320312,66.86463325628515,65.68574918643509,65.70321122392133,2852500
2020-09-23,65.61587524414062,66.56771933402565,65.51981740032593,66.5153199068095,2962100
2020-09-24,66.15730285644531,66.60265475840538,65.45870144819757,65.75560937852774,2385200
2020-09-25,66.3232192993164,66.46294225385459,65.7818095063739,65.83420228314714,2803300
2020-09-28,66.89956665039062,67.68549161562099,66.7336473070761,67.0043588665404,2586300
2020-09-29,66.55900573730469,67.04802279474858,66.23590137443199,66.95196492098529,2076000
2020-09-30,67.3711166381836,67.63308716561356,66.72491467569496,66.87336530747429,3962100
2020-10-01,67.29251098632812,67.87759240306974,67.01307180047549,67.70293874793951,4048600
2020-10-02,67.58942413330078,68.07844108104271,66.76856854614292,66.88208843405265,3540200
2020-10-05,68.48014831542969,68.54127544620658,67.61563413376851,67.67676126454542,2768600
2020-10-06,67.7116928100586,68.66353052380511,67.41478484107243,68.59367570377101,2640900
2020-10-07,68.22691345214844,68.45395996270229,67.84268858316312,67.96494285907094,1928300
2020-10-08,68.75956726074219,68.84689075571099,68.18322686406356,68.31421543769457,2144500
2020-10-09,69.65902709960938,69.97339707989863,68.89057084910065,69.06521787710265,2870600
2020-10-12,70.41002655029297,70.69820016405582,69.52805033220555,69.58917746278941,2691100
2020-10-13,70.08692932128906,70.72439702125287,69.7288942238198,70.29650710433876,3042800
2020-10-14,69.73763275146484,70.41003123260217,69.35340124089609,70.2441185313313,2200100
2020-10-15,69.60663604736328,69.98213316298747,69.2311389317391,69.35339318683933,3375800
2020-10-16,70.13058471679688,70.37509323017035,69.8860762034234,69.96467203264048,2963600
2020-10-19,69.17002868652344,70.64582112060364,68.99538161157048,70.25285520842122,2854800
2020-10-20,69.71143341064453,70.52355482939815,69.60664118609778,69.92101119738032,2960900
2020-10-21,70.0345230102539,70.50607797263707,69.44071379788515,69.44071379788515,3591700
2020-10-22,69.621826171875,69.96427123934534,69.08620558960412,69.70084886477926,2516400
2020-10-23,69.66572570800781,70.2452522546814,69.64816734255224,69.85012539039253,2259400
2020-10-26,69.09500885009766,69.56038271221345,68.5945115475622,69.24427844754777,3886700
2020-10-27,69.23550415039062,69.92917710821266,69.18282233304862,69.56039098859449,2828600
2020-10-28,67.48815155029297,68.64719837234881,67.34765777835322,67.97986635385855,4767300
2020-10-29,67.32129669189453,67.99741104324931,66.34664321332005,67.20715056074167,3939600
2020-10-30,69.27059173583984,71.2023332949832,68.20813320840014,70.19256325672244,7362900
2020-11-02,70.3857650756836,71.14089557916424,69.81502090640689,70.40332344590408,4217700
2020-11-03,72.97606658935547,73.2482649085991,70.9740771594469,71.01797644045703,5327800
2020-11-04,73.63460540771484,75.1975616059713,72.95849092700594,73.18678993209956,5653400
2020-11-05,72.88823699951172,74.41606947041011,72.86189609987534,74.41606947041011,3914000
2020-11-06,72.90581512451172,73.3624131723181,72.39653526315522,72.94972110187788,3481300
2020-11-09,71.8082275390625,74.25803218037902,71.59749360084173,73.58192439149477,6633800
2020-11-10,73.18678283691406,73.54679302924124,71.46577467876288,71.9048075772436,4494500
2020-11-11,74.57413482666016,74.8551156379231,73.26581855225866,73.7575332971911,3896900
2020-11-12,74.3985366821289,74.74098189335517,73.94193860108584,74.63561155947322,3705200
2020-11-13,74.9516830444336,74.99558900577155,74.3633806775162,74.44240336899355,3742400
2020-11-16,75.45219421386719,75.46097674758921,74.8199857680883,74.96925534581099,3701500
2020-11-17,74.94291687011719,75.56634280235815,74.88145253029373,74.9780403070321,3406800
2020-11-18,74.29312896728516,75.46095779187428,74.28434643576928,75.19753543926771,4168500
2020-11-19,74.96925354003906,75.1975525175403,74.37216854441984,74.62680842334233,4400800
2020-11-20,74.77609252929688,75.87367486422119,74.74096909068598,75.09219007857301,3719000
2020-11-23,74.231689453125,74.83755704713587,73.73119217519327,74.83755704713587,3046000
2020-11-24,74.38096618652344,75.20635032729962,73.86291048904842,74.5917001398089,4223200
2020-11-25,74.41608428955078,75.04829280316049,74.14388600695648,74.75852945123752,3135700
2020-11-27,74.54778289794922,74.68826993324949,74.02094479213073,74.59168216561993,2188300
2020-11-30,75.19755554199219,75.21512060971965,73.93313863003527,74.62681142483883,4355900
2020-12-01,75.74195861816406,75.81219879161395,74.96925641822091,75.30292571332744,3372300
2020-12-02,75.28536224365234,75.84732383784267,74.85511186353082,75.5751255747816,2740100
2020-12-03,74.80242919921875,75.27658554495932,74.11753893285255,75.09218582791253,3842100
2020-12-04,74.66194152832031,75.23268569643979,74.1263207996817,74.84633456126149,3142600
2020-12-07,74.97803497314453,75.39072695364794,74.4160734207046,74.45997938850246,2966800
2020-12-08,74.78485107421875,75.02193255525084,73.92435047408955,74.17020778841218,2664500
2020-12-09,74.41608428955078,74.93413994985751,74.09998003274592,74.77609452056619,2582900
2020-12-10,74.27558898925781,74.9429209285586,74.09997849428385,74.53901143082972,2856500
2020-12-11,74.3546142578125,74.7146177621805,73.88924044286553,73.89802297685809,2610200
2020-12-14,73.92433166503906,75.03068929799308,73.88042571332014,74.70580937206067,2684400
2020-12-15,74.41608428955078,74.69706510680942,73.94192790434349,74.20535035138458,2555800
2020-12-16,74.67072296142578,75.30293146453263,74.31949527090964,74.75852820927706,2862000
2020-12-17,75.21513366699219,75.55757885691024,74.93414612745772,75.07463989722496,3086500
2020-12-18,75.45219421386719,75.68926903147907,74.60046931881011,75.2151193962553,6089800
2020-12-21,74.90779113769531,75.06584324941373,74.08241384237505,74.67949885341014,2757900
2020-12-22,74.10875701904297,75.00438121352914,73.99460417428637,74.81120566004314,2341500
2020-12-23,74.1351089477539,74.60048283266839,73.93315083022473,74.27559601720375,2690400
2020-12-24,74.67072296142578,74.72340477031435,74.1877840495772,74.30193690098378,733200
2020-12-28,74.99560546875,75.23268029433366,74.6180368953311,74.88145262385622,1225800
2020-12-29,74.66194152832031,75.69805954611671,74.56535374452574,75.36439691971522,2390900
2020-12-30,74.3985366821289,74.93415079013731,74.240484530862,74.7936637107401,2158000
2020-12-31,75.08341217041016,75.16243488076987,74.2229046959769,74.60047327673168,1893100
2021-01-04,74.0472640991211,75.12728089623133,73.34480903013758,74.44239088848181,3506000
2021-01-05,74.21412658691406,74.47754903537485,73.20435616574035,74.04729862205929,2559300
2021-01-06,72.22090148925781,74.45118909901981,71.88723894572848,73.89801013759,9053900
2021-01-07,71.82579040527344,72.4843398037358,71.24626371905332,71.92237818631013,5061000
2021-01-08,72.3087158203125,72.53701479942264,71.84334202763011,72.08041684120236,5569300
2021-01-11,72.12432098388672,72.93213987522654,72.0891975495967,72.30871398957667,4430800
2021-01-12,72.22970581054688,72.65995624367058,71.86969556101681,71.89603646725337,4359800
2021-01-13,72.43165588378906,72.81800703240465,72.2209219386857,72.2209219386857,4069400
2021-01-14,71.9487075805664,72.68627957327969,71.6677268168028,72.67749704028743,3732500
2021-01-15,71.8960189819336,72.38774034216979,71.72919104997133,71.94870748070414,6359600
2021-01-19,70.99163055419922,72.48434668522876,70.89504276399272,72.48434668522876,4004300
2021-01-20,70.42086791992188,70.64038434947165,69.27938650572895,69.80622459682644,6897200
2021-01-21,69.6130599975586,70.62283707186397,69.15646870000974,70.40332060784588,5772000
2021-01-22,69.03913116455078,69.68369273520553,68.78307015138051,69.56007800284715,4816300
2021-01-25,69.40998077392578,69.84263237091648,69.00381708786335,69.05679290971986,7750400
2021-01-26,69.5335922241211,69.83379751576022,68.80956016819968,69.63955059931614,5788400
2021-01-27,68.89784240722656,69.74548903887855,68.73007669570806,69.35698854301509,6289700
2021-01-28,69.88678741455078,70.48720479741225,68.89786268498524,68.90669423463723,8037900
2021-01-29,68.8713607788086,70.81388364463764,68.730082959077,69.67486322141336,7405100
2021-02-01,69.33050537109375,70.3724057912857,69.15391481980605,69.436463743765,6514500
2021-02-02,69.62188720703125,70.41655817638406,69.36582618710102,69.62188720703125,5018800
2021-02-03,69.64838409423828,70.11636192398329,69.33934721534911,69.7543424826426,3863600
2021-02-04,69.69253540039062,70.00157228058139,69.26870858148705,69.55125754858985,3869600
2021-02-05,70.52250671386719,70.6990972439804,69.85145057374254,69.8956015745193,3579200
2021-02-08,70.37242126464844,70.75209709624738,69.99274543304949,70.63731388632182,3828700
2021-02-09,69.48944091796875,70.33709444288566,69.18923562762149,70.31943134551355,3682200
2021-02-10,69.85147094726562,70.16933938337937,69.10977568416725,69.75434410642538,4882700
2021-02-11,69.23336791992188,70.01920712811226,69.18038537862525,69.97505613311439,3106000
2021-02-12,69.25102996826172,69.31283732444149,68.67710066859442,69.16273470750443,2732400
2021-02-16,69.03913116455078,69.06561907341361,68.05020656918606,68.9155164321924,5147600
2021-02-17,69.2598876953125,69.68370780174887,68.74776555824435,68.78308502319724,3145000
2021-02-18,69.5071029663086,69.63071770005628,68.95082992794629,69.17157148628111,2565600
2021-02-19,68.16499328613281,69.53359369796175,68.08552955542562,69.41881050810757,4540200
2021-02-22,68.22679901123047,68.37690839311196,67.882442713469,68.18265474073415,2573400
2021-02-23,68.42105102539062,69.25987298271097,67.98839946049772,68.69477513650457,4131400
2021-02-24,67.6705322265625,68.5534984682833,67.6617006779259,68.06786434073773,4083400
2021-02-25,67.71468353271484,68.13850355817638,67.35266413848933,67.63521306762965,4178100
2021-02-26,66.39905548095703,67.68819205982365,66.35491121289837,67.68819205982365,5421200
2021-03-01,66.75225067138672,67.42330694297927,66.5138527353792,66.61097956691884,3872400
2021-03-02,66.59331512451172,67.14958819146585,66.4520440228951,66.78756878367042,4977000
2021-03-03,65.87810516357422,66.46085932112743,65.49842944861639,66.31075669199221,5705600
2021-03-04,65.7280044555664,67.05245372275918,65.57789508554659,66.15182444862958,6337500
2021-03-05,67.15841674804688,67.31735095653745,65.8427988056239,65.87811826712164,10241200
2021-03-08,67.50276947021484,68.21797673845671,66.5579958192516,66.89352731730274,4676200
2021-03-09,66.16950988769531,68.28862404155457,66.0900394018508,67.75002068860672,7085400
2021-03-10,66.92884826660156,67.3968193279856,65.46312097438155,66.47853356716674,7028500
2021-03-11,66.46086120605469,66.98181475367747,66.31959012065522,66.72575375386252,4842600
2021-03-12,66.67279052734375,67.32618373573985,66.56683214091522,66.99065895013074,3141700
2021-03-15,66.8228988647461,67.21140624481703,66.14301768612113,67.14076731453154,4860300
2021-03-16,66.98181915283203,67.44979017972972,66.66395076918496,66.97298760425912,4268600
2021-03-17,66.92884826660156,67.47628306150443,66.57566039913303,67.23788512444968,3914900
2021-03-18,67.16722106933594,67.29083576621792,65.93106736402031,66.8052085246089,3366700
2021-03-19,66.20479583740234,67.54690123780765,66.09000594224197,67.19371347880745,11878800
2021-03-22,66.9023666381836,67.0436445072631,66.08120754953282,66.20482905322717,8160500
2021-03-23,68.6506118774414,69.15390226740459,66.9464870944965,67.28201177563979,6060800
2021-03-24,68.66826629638672,69.10092450834104,67.90009014925667,67.90009014925667,4255400
2021-03-25,68.77424621582031,69.34817567187056,68.40340197769495,69.13626564101298,4769500
2021-03-26,69.94859313964844,69.9839126009249,68.4475463496419,68.68595102913338,4170300
2021-03-29,70.54899597167969,70.61080333205344,69.85145191232057,69.85145191232057,3811800
2021-03-30,70.04571533203125,70.40772799725174,69.76316639704282,70.16933007005757,4841700
2021-03-31,69.60423278808594,70.47836751051311,69.409979130547,70.41656014097781,4493200
2021-04-01,69.35699462890625,69.80730252065878,68.50051637504788,69.33933153325094,4881300
2021-04-05,70.22229766845703,70.55782912081351,69.40997041753633,69.51592878193793,4026900
2021-04-06,70.51371002197266,70.7609395809377,69.93978041066077,69.97509988144154,3814800
2021-04-07,70.30177307128906,70.92867828097975,70.16049524214867,70.84038300601586,5027800
2021-04-08,70.31941223144531,70.5048342844643,69.92208022304693,70.37238803616616,3773000
2021-04-09,70.44306182861328,70.78741820287354,69.90445175882174,70.34593498084763,3509000
2021-04-12,70.7785873413086,71.04347320999237,70.30178469387926,70.46071890968904,3510400
2021-04-13,70.3989028930664,70.48719817179091,69.86029293539963,70.1958176891519,4442500
2021-04-14,70.10752868652344,70.46954138265102,69.75434080350976,70.45188501992467,4129600
2021-04-15,71.04344940185547,71.30834191826703,70.25761013606342,70.43420065600678,4010400
2021-04-16,71.25537109375,71.48494419663564,70.90218999576918,71.41430528244042,8134800
2021-04-19,70.96400451660156,71.1494266326862,70.38124352047984,71.06113134928852,4021200
2021-04-20,72.21598052978516,72.7043422391008,70.87519259894908,70.97286629569773,4307300
2021-04-21,72.05616760253906,72.85531313022696,71.75426517011071,72.5711732508745,3755200
2021-04-22,71.9673843383789,72.48238327796257,71.67436314511978,71.86082932962196,4036400
2021-04-23,70.84856414794922,71.59442871426363,70.57330557339439,71.39908807148728,3908400
2021-04-26,70.39570617675781,70.93734876499111,70.12044763253118,70.81303801763538,3920000
2021-04-27,69.75640106201172,70.26252540713693,69.62321579310671,70.11157758609211,4148900
2021-04-28,69.94286346435547,70.3868324020545,69.77415987464113,70.20036626115231,3353300
2021-04-29,70.87519836425781,71.23925613164914,70.16484538001666,70.20924498194228,4828400
2021-04-30,71.65660095214844,72.06505843390065,70.68875168849078,70.68875168849078,7252300
2021-05-03,71.9851303100586,72.14495941419952,71.20374734227464,71.780901598045,3709100
2021-05-04,72.00288391113281,72.81091068386249,71.78978070353232,72.10055762595572,4129500
2021-05-05,72.20711517333984,72.41134388640778,71.50564336679042,71.87857568690153,3093300
2021-05-06,73.08617401123047,73.16609195327659,72.25151690470538,72.48237590521803,3850100
2021-05-07,72.97073364257812,73.2903918142936,72.68659379821196,73.00625196992743,2263700
2021-05-10,74.00072479248047,74.52461155907599,73.2015862806592,73.38805238504597,4206000
2021-05-11,73.20160675048828,74.25824830415533,72.97962226303477,74.20497419498375,5119300
2021-05-12,72.85530090332031,73.55676582022595,72.74874592603477,73.26375148793963,4075100
2021-05-13,73.92970275878906,74.37367165659083,72.32253074213581,72.59779606538378,4300200
2021-05-14,74.19609069824219,74.59566682835809,74.01850582336537,74.13393531459243,4146500
2021-05-17,74.18718719482422,74.82649655911466,74.03623265831952,74.40029031625437,3522100
2021-05-18,73.79651641845703,74.48022559298362,73.48573952094495,73.84091602142803,3024200
2021-05-19,73.88530731201172,73.9297069140585,73.20159815171688,73.52125631805497,4078400
2021-05-20,74.66668701171875,75.19057384106212,73.8497858543448,73.92970377975522,3966900
2021-05-21,74.79100036621094,75.17281387327671,74.60452747546215,74.84427446389489,3497900
2021-05-24,74.94195556640625,75.39480576476124,74.67557150280257,74.97747389318195,3196200
2021-05-25,75.11066436767578,75.19058230207916,74.49799181791666,75.00411615437608,3472800
2021-05-26,74.96858978271484,75.36815908858128,74.76436110508513,75.36815908858128,2601700
2021-05-27,74.31151580810547,75.1816910485696,74.31151580810547,74.91531377624348,4686300
2021-05-28,74.39144134521484,75.11066892635422,74.33816723533164,74.55127044929348,3971700
2021-06-01,73.23711395263672,75.48359554039263,72.91745579732313,75.43031466488843,5587000
2021-06-02,73.59229278564453,73.9474693105324,73.26376008902697,73.49461907193964,3749600
2021-06-03,74.5423812866211,74.55126256213838,73.4591027785036,73.63668764227937,3967000
2021-06-04,74.5601577758789,75.04851962977045,74.32041071309233,74.94197140135826,3660200
2021-06-07,74.49799346923828,74.66669706884515,74.02738745159019,74.66669706884515,3211600
2021-06-08,73.6366958618164,74.79101792849255,73.58342175162274,74.64006332556201,3233100
2021-06-09,73.30815124511719,74.48022900835848,73.28151419188444,74.09841543835563,6530200
2021-06-10,74.23160552978516,74.29376091050571,73.29927481897684,73.29927481897684,4075900
2021-06-11,74.25823211669922,74.48909783016485,73.7965074641954,74.32038748865988,2560000
2021-06-14,74.06290435791016,74.28488883550932,73.57453579742055,74.28488883550932,2345200
2021-06-15,73.9385757446289,74.47134383062023,73.83202754697274,74.31151475970834,3220700
2021-06-16,72.76648712158203,74.49796958979061,72.73097557736354,74.49796958979061,3615200
2021-06-17,73.19271850585938,73.38806592012911,72.34029896812369,72.64219459059271,3253100
2021-06-18,71.94071197509766,73.00624131680925,71.92295620122808,72.73985728777454,7471300
2021-06-21,72.31367492675781,72.44686021096962,72.03840953238455,72.16272031393525,4226700
2021-06-22,72.18047332763672,72.53564984559148,71.94960757480183,72.3314211460782,3159900
2021-06-23,71.25702667236328,72.22487587014335,71.24814539525231,72.1716017563366,3673800
2021-06-24,71.53228759765625,71.79867172413175,71.22151063305466,71.27478474857787,3449800
2021-06-25,72.33143615722656,72.37583577159602,71.3280685521191,71.57669013395599,9475300
2021-06-28,72.56228637695312,73.07729198556153,72.3846947320389,72.45573139000459,2735300
2021-06-29,72.14495849609375,72.88194862105526,71.98512939398678,72.68660118798797,3056700
2021-06-30,72.23374938964844,72.5178892568182,71.76314336975123,72.42909681853304,4687700
2021-07-01,72.58003234863281,72.70434309606405,72.1449447326235,72.36692917795466,3596100
2021-07-02,72.54451751708984,72.91745655176626,72.44684381448745,72.73986492229464,2752200
2021-07-06,72.78427124023438,72.89970072922246,72.3225397354248,72.51788715865742,3221000
2021-07-07,73.3969497680664,73.77875656006658,72.73099634576715,72.89969993947156,3220200
2021-07-08,73.11279296875,73.69883515058835,72.85529697610566,73.32590291183354,3514800
2021-07-09,73.19271850585938,73.53901373136361,73.05064519568928,73.40582169668622,2801600
2021-07-12,73.6366958618164,73.80540624333514,73.2371264865057,73.26376354160254,4482600
2021-07-13,73.37920379638672,73.98300197334252,73.12170093531718,73.50351458801615,2733700
2021-07-14,73.90306091308594,74.03624615424155,73.05951599734554,73.37029285075418,2959200
2021-07-15,74.25823211669922,74.38254286062053,73.38805690925001,73.9918548544796,4200800
2021-07-16,74.93305969238281,75.03073337837982,74.28486898468648,74.28486898468648,6527500
2021-07-19,74.5601577758789,75.43921453242734,73.85868591630384,74.92420884700319,4960200
2021-07-20,73.8191909790039,75.68497685706686,73.80133272328266,74.82796447752834,4884100
2021-07-21,73.36389923095703,74.07807960398779,73.25677013172377,73.8995311052657,3579600
2021-07-22,73.06035614013672,73.63170441525654,72.56936318765167,72.88181448667443,3659900
2021-07-23,74.34589385986328,74.5065841069754,72.78363021719012,72.95324959217763,3107500
2021-07-26,75.0689926147461,75.25647023561548,74.05129004025125,74.22983853371528,5947500
2021-07-27,74.94401550292969,75.49750564159342,74.48873214835987,74.79225438473975,4136700
2021-07-28,74.25662994384766,75.22077151649822,74.2209202399425,74.99759097528815,3110700
2021-07-29,74.56015014648438,74.83689864135532,74.12271820488304,74.52444725449723,3974400
2021-07-30,70.97138977050781,72.36403372990401,70.72142873276259,71.88196309528361,9513700
2021-08-02,71.00709533691406,71.2570563601339,70.21257345128224,70.96245652094177,5339300
2021-08-03,70.89998626708984,71.31063760836295,70.60538634478664,70.82856686575653,3635700
2021-08-04,69.85547637939453,70.9445979954413,69.47160575752437,70.75712724675026,4194400
2021-08-05,70.4357681274414,70.86427087919375,69.98940712132445,70.3197099068568,4135100
2021-08-06,70.19473266601562,70.74822279152404,69.90013956445142,70.49826170611017,2877400
2021-08-09,69.93582916259766,70.46253861613579,69.659087557899,70.31969984537038,2563700
2021-08-10,70.28401184082031,70.31971473014153,69.62339260258635,70.1233215951592,2740600
2021-08-11,70.61431121826172,70.82856259842431,70.15009875942134,70.15009875942134,4239100
2021-08-12,70.33757019042969,71.09638256053422,70.32864106298977,71.06067286170325,3595500
2021-08-13,70.91783142089844,71.04281194467724,70.23936085543654,70.29292199107668,3521600
2021-08-16,71.22136688232422,71.55167650585138,70.96247666025089,70.96247666025089,6098900
2021-08-17,71.44452667236328,72.06050691203558,70.98923663386954,71.0070948845155,3356600
2021-08-18,69.775146484375,71.31955154643488,69.73943679131388,71.2749127273766,3654100
2021-08-19,70.49826049804688,70.77500215059445,69.80193839748937,69.80193839748937,3527800
2021-08-20,70.34648895263672,70.90890130176632,70.1322307912208,70.63215969026363,3026100
2021-08-23,69.97154235839844,70.50718096465789,69.92691034849535,70.28400048235906,3163400
2021-08-24,69.33771514892578,69.89120523322508,69.32879283291726,69.63231503948484,2923000
2021-08-25,69.31986999511719,69.48056023991658,68.73067016054313,69.18596032262955,3636600
2021-08-26,69.0163345336914,69.4448440836279,68.78423172128204,69.33771499341171,2317300
2021-08-27,69.13238525390625,69.46268799379607,68.92705622265711,69.01632704935902,2294200
2021-08-30,69.31986999511719,69.57876021234559,69.14132149482406,69.30201173962344,1960800
2021-08-31,69.58768463134766,69.88228455753429,69.2038138577821,69.31987208921086,3786900
2021-09-01,69.92691802978516,70.05189856872707,69.48055701615588,69.48947933255991,2658000
2021-09-02,70.09652709960938,70.13223679623631,69.71265637453013,69.92691455429171,2549700
2021-09-03,69.5519790649414,70.03404298442476,69.42699171030523,69.98941096791717,3030200
2021-09-07,68.65033721923828,69.58769142461678,68.58784693887971,69.5430594020348,3246400
2021-09-08,69.4359359741211,69.50735538921633,68.38252343972238,68.39145256934185,3863900
2021-09-09,69.00740814208984,69.8287106857893,68.94491787921984,69.69480103365991,3956900
2021-09-10,68.77530670166016,69.15917745086612,68.55212619191084,69.15917745086612,3360100
2021-09-13,69.0788345336914,69.79301494723988,68.88244139034832,69.04312483192106,3371400
2021-09-14,69.00740814208984,69.26629150903142,68.819930542552,69.0788207204214,2950600
2021-09-15,68.92706298828125,69.48947538154233,68.81101158327034,69.16810173605612,3662100
2021-09-16,68.26644897460938,68.96277100961821,67.72188803729672,68.85564192310608,4170600
2021-09-17,68.05220794677734,68.6949621306734,67.99863998992257,68.07898851974022,7334200
2021-09-20,67.99862670898438,68.94491657140146,67.57012400341199,68.75743897541989,4942500
2021-09-21,68.1950454711914,68.83780651815401,68.07899404196245,68.09684548840937,4247500
2021-09-22,68.23075866699219,68.7753197590428,68.07006839702758,68.52535863041562,2811500
2021-09-23,68.44498443603516,68.65924258963494,68.12360401656285,68.4985523798988,2393100
2021-09-24,68.4093017578125,68.6949725978263,68.29325032031412,68.38252118076903,2214000
2021-09-27,67.85580444335938,68.43607513390447,67.77545591774978,68.29323633767794,2899700
2021-09-28,67.68617248535156,67.98970146540955,67.32016005722778,67.50763083420739,4949500
2021-09-29,68.8110122680664,69.06097333422558,67.5701292532561,67.68618065942194,4094300
2021-09-30,67.4719467163086,68.99850088827567,67.4719467163086,68.84673974618696,4178800
2021-10-01,67.4719467163086,67.86473985989527,67.01665647911246,67.71297871780655,3473400
2021-10-04,67.00769805908203,67.78436849939257,66.60597596187863,67.40942696721245,3943600
2021-10-05,66.4363784790039,67.02557834694646,66.3917464595996,66.95415894278446,4915400
2021-10-06,67.04341888427734,67.12376740361886,66.07035520187645,66.1239163408187,4052700
2021-10-07,67.48085021972656,68.21288877119487,67.4183599544705,67.42728908120083,3642200
2021-10-08,67.48085021972656,67.74866953421146,67.23088915870231,67.43621820793115,3327900
2021-10-11,67.6683349609375,67.98971544783244,67.46300589006009,67.75760580486858,3742400
2021-10-12,67.55227661132812,68.02541821313963,67.311244652059,67.53442516694585,2788900
2021-10-13,67.90935516357422,68.04326481175161,67.0255623830876,67.62368442589533,3684000
2021-10-14,68.38249206542969,68.56996283584427,67.84686031982702,68.0343310902416,3739000
2021-10-15,68.07005310058594,68.73066547935463,67.8468725986168,68.43607239306095,4076000
2021-10-18,67.2041244506836,67.85581463724446,67.10592446625758,67.78439522840196,4331000
2021-10-19,66.75774383544922,66.86487291737816,66.32031200336286,66.68632444749659,5206800
2021-10-20,67.44928741455078,67.92529328299929,66.92837248780477,66.97328154610227,5317600
2021-10-21,67.26071166992188,67.89838083931467,67.20682625768576,67.7457009365368,4370500
2021-10-22,67.80855560302734,67.97920184293207,66.98228080840997,67.18884608098337,7665400
2021-10-25,67.4852294921875,67.67383524842788,66.64098832906798,67.37745183769505,6205900
2021-10-26,68.40133666992188,68.42827937611548,67.56607851710343,67.75468431262202,5400200
2021-10-27,68.16781616210938,68.80548528058884,67.90735860349166,68.53604453659459,4583100
2021-10-28,69.0479736328125,69.07492318783538,67.98818392327442,68.16781336261455,4849900
2021-10-29,68.42826843261719,69.55990302475018,67.96123875940738,69.18269149403918,6683300
2021-11-01,68.21271514892578,68.79649883177912,67.96124078761356,68.24864103656502,4008000
2021-11-02,68.50011444091797,68.80548105550425,67.87142854642026,68.0690174995945,4132200
2021-11-03,69.39826202392578,69.4162283990022,68.22171798650412,68.5450442162354,3916000
2021-11-04,69.41620635986328,69.63175482719427,69.03899482899351,69.0569543462035,3407000
2021-11-05,69.9101791381836,70.00897362349684,69.22760777877215,69.64972842471732,3560300
2021-11-08,69.82035064697266,70.00895638554134,69.16472215368552,69.91914510796025,3335900
2021-11-09,70.09878540039062,70.21553939415976,69.59582983394607,69.93712233477672,3854900
2021-11-10,70.48497009277344,70.52987230606749,69.68563121106759,69.99998096493273,3263500
2021-11-11,70.04487609863281,70.44005390778254,69.91015576804443,70.4041280294816,2788500
2021-11-12,70.08081817626953,70.46701289207363,69.74851571645449,69.98202370114554,3057200
2021-11-15,70.32331848144531,70.36822070203837,69.94610008592134,70.2784094086898,3263900
2021-11-16,69.94609069824219,70.75440593421787,69.91016481529198,70.502931605728,3140500
2021-11-17,69.67666625976562,69.85628884660171,69.30843104894043,69.84730566161117,3144600
2021-11-18,68.60791015625,69.64974060089988,68.41032115108094,69.59584832993113,3416600
2021-11-19,69.33537292480469,69.74851720349265,68.67974432372625,68.67974432372625,3978200
2021-11-22,69.65870666503906,70.33230170943435,69.42519864987281,69.52399313789051,3601000
2021-11-23,69.99101257324219,70.21554424364882,69.37130297022779,69.77546408825741,2941800
2021-11-24,69.83832550048828,70.19757750662998,69.48805667884471,70.1167425504711,2350400
2021-11-26,69.20964813232422,70.59276420893794,69.11983682390279,69.85630051642036,2439900
2021-11-29,69.79341888427734,70.12572820077163,69.10186440117147,69.22760157991799,3923000
2021-11-30,67.3774642944336,69.51501029800433,67.36848796068777,69.28149542951274,8702400
2021-12-01,67.70976257324219,68.73362633012843,67.6468939864917,67.80855704558753,3716700
2021-12-02,67.79061126708984,68.50012538184936,67.69181677472314,68.00615977217927,4665300
2021-12-03,68.94917297363281,68.95815615783519,67.75466985686764,68.27557805385376,5206200
2021-12-06,70.57477569580078,71.02383890559514,69.29943782450339,69.41619179227203,6525000
2021-12-07,69.88322448730469,70.79033421913189,69.75748731879341,70.27840236100403,3952500
2021-12-08,69.83832550048828,70.0269312619762,68.94917524355112,69.50601619567885,4311200
2021-12-09,70.05387878417969,70.32331952036847,69.434169202243,69.75749534480452,2928500
2021-12-10,71.3741226196289,71.49087661186682,70.22452165796804,70.50293871369966,4294500
2021-12-13,72.87397766113281,72.97277211617065,71.20346196051591,71.20346196051591,5950900
2021-12-14,73.76314544677734,73.95175123674042,72.81113331110757,72.92788731856191,7682500
2021-12-15,74.3289794921875,74.74211701796851,73.48473806654229,73.58353256750776,6124500
2021-12-16,75.3977279663086,75.49652244393708,74.0864639067042,74.28405286196119,5237600
2021-12-17,74.07746887207031,75.68510910652687,73.861913601394,75.06540654677434,10299800
2021-12-20,74.11341094970703,74.40979439995002,73.48472501176386,73.72721620149542,5162300
2021-12-21,73.72721099853516,74.31099467237756,73.43981075401983,73.92479995141989,4630800
2021-12-22,74.05952453613281,74.14035949972136,73.54759260728112,73.80805016436885,3373000
2021-12-23,74.35590362548828,74.55349257805736,73.8349885418357,74.0685033814321,3936400
2021-12-27,75.36180114746094,75.4875383146995,74.44570824082372,74.54450270824854,3189600
2021-12-28,75.85576629638672,76.04437204640907,75.2899490463197,75.35281762966049,2201000
2021-12-29,76.25993347167969,76.42158968282638,75.66716662215963,75.97252637943078,2628900
2021-12-30,75.9725341796875,76.50243249522443,75.88272288021972,76.43058071478502,2772000
2021-12-31,76.64613342285156,76.70002568722903,75.97253836152139,75.97253836152139,2940200
2022-01-03,75.9725341796875,76.16114681638166,74.98459618121598,75.93661514163072,5327000
2022-01-04,76.2239990234375,76.60121051140133,75.6042895416673,75.82882116814503,4405100
2022-01-05,76.5383529663086,76.88862180594698,76.08030646364209,76.08030646364209,4445900
2022-01-06,76.03540802001953,76.8886256251789,75.58634468000665,76.32280828354126,4154800
2022-01-07,75.83782958984375,76.27790980558896,75.54144609974108,76.1431894144365,2818200
2022-01-10,75.18216705322266,75.90067098032998,74.80495557496388,75.7030820577674,4138000
2022-01-11,74.69720458984375,75.04747349497596,74.03259267397287,74.92173629068049,3562400
2022-01-12,74.4277572631836,74.83191151107668,74.14035701193102,74.5624707777063,5112700
2022-01-13,74.13135528564453,74.40078909946335,73.61942350201193,74.37384640329755,6698400
2022-01-14,74.94866180419922,75.10134853338423,73.68230686512413,74.19423875150123,4431900
2022-01-18,74.65228271484375,74.69718493189602,73.62841897665007,74.34691611894354,6746200
2022-01-19,75.49652862548828,76.37669581129197,74.99357986340787,75.11033386827283,5614600
2022-01-20,74.80496978759766,76.0264225844543,74.76006071406043,75.3528275943714,6377000
2022-01-21,75.55445098876953,76.48454533551187,75.03973824885466,75.50027287595226,5690900
2022-01-24,75.55445098876953,76.529698355782,74.26315314801698,76.01498561586713,7339800
2022-01-25,73.81163787841797,75.23838764657202,73.5858865944461,75.12099945908433,7643300
2022-01-26,73.49560546875,73.79359889006761,71.870193070094,72.17721847401086,7455000
2022-01-27,74.67854309082031,75.50028130365448,73.68523853845255,74.01032103041064,6242100
2022-01-28,74.99459838867188,75.10295462336666,72.71902100870277,74.01031895742771,5987300
2022-01-31,74.45277404785156,74.85913051091266,73.6400749004949,74.26314378750949,6372200
2022-02-01,73.97419738769531,74.90429180556453,73.61299386606288,74.7236934894404,5174700
2022-02-02,74.76884460449219,74.97653197379476,73.88389634355256,74.10061569524603,6814700
2022-02-03,74.70564270019531,75.19325957264115,74.38958528630504,74.7507888383334,4292100
2022-02-04,73.25180053710938,74.39861436392003,72.97186417829381,74.23607311632483,5173100
2022-02-07,73.25180053710938,73.8026343823273,72.57454648702681,73.56785104927101,3502800
2022-02-08,73.07119750976562,73.62203137146463,72.99895542214306,73.41434398128055,4014100
2022-02-09,73.02605438232422,73.46852513082891,72.52036663750533,73.23374178106961,3757200
2022-02-10,71.98757934570312,72.8815526106167,71.7257069975197,72.58355922585108,3728300
2022-02-11,71.8160171508789,72.44812505386983,71.68959694815759,72.29460890252165,5658400
2022-02-14,71.57221984863281,72.18626388127777,70.443462942255,71.84311737253223,5624200
2022-02-15,70.95816802978516,72.18625596031761,70.61502155869292,71.93341554333469,4422000
2022-02-16,70.74143981933594,71.35548376769461,69.87455546095624,71.01234419543529,3825700
2022-02-17,71.47289276123047,71.65349112078468,70.32607182096521,70.56988718468779,3840700
2022-02-18,71.83409881591797,71.92439799877006,71.28326484431831,71.61737250980968,3351800
2022-02-22,71.20196533203125,72.0598244862627,70.93106788020836,71.66249995632883,4752300
2022-02-23,71.01233673095703,71.8069789202633,70.92203757821055,71.53608146202386,3703600
2022-02-24,68.24915313720703,70.81368529224812,68.14079000370685,70.5608448701325,7890900
2022-02-25,70.56082916259766,70.75045943697081,68.60130943802514,68.65548754802226,5249900
2022-02-28,69.48625946044922,69.82940590529063,68.75482732593422,69.64880070027301,4801100
2022-03-01,68.66453552246094,69.69396118847398,68.38460603643183,69.53141993124113,3966500
2022-03-02,69.26051330566406,69.55850674921113,68.42071798527618,68.60132320381288,3952800
2022-03-03,69.89262390136719,70.36218370869693,69.3688790817181,69.3688790817181,3884400
2022-03-04,69.85649108886719,69.99194326277104,68.98057483892379,69.2605042794437,3670900
2022-03-07,69.24246215820312,69.74814303464147,68.50199792225331,69.45015645496044,4298600
2022-03-08,67.6080093383789,69.58558626197865,67.52673527884264,69.32371389806977,5263700
2022-03-09,68.2130355834961,69.20634024523314,68.1227364123173,68.79095854630256,7013200
2022-03-10,66.67791748046875,68.06854666597816,66.22641476657809,67.86085927564386,6384200
2022-03-11,66.61470794677734,67.88794891776132,66.55149784186652,67.01203254300803,4278900
2022-03-14,66.7862777709961,67.96921262646633,66.63276850825564,67.10232827939834,4080800
2022-03-15,68.1678695678711,68.39362089750713,67.29195330658185,67.54480058285664,4319400
2022-03-16,67.86083984375,68.53809372065493,67.21970700033927,68.20397932787073,4519900
2022-03-17,67.84278869628906,68.11369305397186,67.37322895094076,67.86988464356455,4187800
2022-03-18,65.19699096679688,68.08661255073476,65.19699096679688,68.07758056717479,14746300
2022-03-21,66.95785522460938,67.00300136329591,65.79297737209379,66.46119947336383,10092700
2022-03-22,67.2739028930664,67.44547612518197,66.34380842516849,67.1655397639327,4958700
2022-03-23,66.48828887939453,67.64414164380027,66.40702169570628,67.45450443642464,3875900
2022-03-24,66.50635528564453,66.83143781108993,66.0729096219223,66.51538726951388,3539500
2022-03-25,67.52674102783203,67.7795814312331,66.62373565032289,66.74113075860502,4401000
2022-03-28,68.07757568359375,68.10466474294554,67.58091996419616,67.58091996419616,3646200
2022-03-29,68.80902099609375,69.34179785959255,68.40267124937648,68.7548428670343,4651500
2022-03-30,68.95349884033203,68.97155591855974,68.07758242450886,68.22206660787086,4191400
2022-03-31,68.47489166259766,68.9715404302603,68.06853515518256,68.80899920517098,7711400
2022-04-01,69.00768280029297,69.02574676943338,67.82474772886383,68.51103387910153,6464700
2022-04-04,69.16118621826172,69.19730726408973,67.61704767838609,68.46587503188154,4791900
2022-04-05,69.9377670288086,70.26284953118521,68.88125234077687,68.88125234077687,4398500
2022-04-06,71.16584014892578,71.22905023960787,69.2785625204297,69.69394410053818,9991400
2022-04-07,72.61968231201172,72.80028750001998,70.98524497449196,71.22002827421096,8557200
2022-04-08,72.46617126464844,72.74610068736094,72.0778787318295,72.62871248511644,6428000
2022-04-11,72.63776397705078,72.98993556776041,72.20431830958537,72.5745538681897,9495700
2022-04-12,73.14344024658203,73.34210254461505,72.32170199369725,72.41200804871933,6488300
2022-04-13,73.13440704345703,73.46852152906602,72.98992975872382,73.14343902668554,4481200
2022-04-14,73.08926391601562,73.56785570606701,73.02605380958214,73.46852455461654,7663700
2022-04-18,72.24945831298828,73.30597289462219,71.98758594081353,73.01701146487487,5230900
2022-04-19,72.791259765625,73.03506817193296,72.05982765731723,72.10497378991595,4644600
2022-04-20,74.05380249023438,74.29904771731292,72.8639300271009,72.88209300365283,8789900
2022-04-21,74.57154083251953,74.95302574344753,74.01747644435719,74.11739014909398,4661100
2022-04-22,73.66323852539062,75.74324946050405,73.5814947297164,75.38901248633694,6136800
2022-04-25,74.3081283569336,74.62603936099055,72.71860105580518,74.00839418964622,5778300
2022-04-26,73.13641357421875,74.81677642993677,73.06375474088458,74.41712166255017,4716400
2022-04-27,73.29083251953125,74.2082118231186,72.84575990276915,72.9184256683371,4415500
2022-04-28,73.77223205566406,74.05380323869228,72.90026364679275,73.45432798937591,5400200
2022-04-29,69.98461151123047,70.80207706234313,69.19438695806144,70.61133463843096,14943400
2022-05-02,68.28607177734375,70.27525325246181,67.40501866864238,70.00276017128864,7133000
2022-05-03,67.65934753417969,68.54040071691917,67.15070113168576,68.00450638997557,6073200
2022-05-04,69.939208984375,70.43877753475077,67.48679793476092,67.6412075122262,8806000
2022-05-05,69.11264038085938,69.82112119322879,68.63124181601809,69.47596227520013,5056300
2022-05-06,69.79386901855469,69.99369641461749,68.82198689844024,69.09448006212389,5379600
2022-05-09,70.54774475097656,71.24714047843075,69.08537942606772,69.3487875765568,5666800
2022-05-10,69.63945770263672,70.83841511897376,69.37604949899895,70.53868096223113,6030700
2022-05-11,69.71212005615234,70.90199246107683,69.48504474652319,69.76661591293102,5555500
2022-05-12,70.43877410888672,70.73850829474443,69.68488230763684,70.32069049556473,5244700
2022-05-13,71.21082305908203,71.24715594253075,69.92103688070286,70.71125457389836,5068600
2022-05-16,71.51056671142578,71.97379539996287,70.49326672779279,70.97466532359947,3981100
2022-05-17,71.54688262939453,71.65588126835365,70.34792531999697,71.31072930633208,4017100
2022-05-18,68.76748657226562,71.27439995408838,68.5858290947983,71.10182049964243,4590300
2022-05-19,68.23158264160156,68.4495729701009,67.14161713952967,67.82284297965425,5477100
2022-05-20,68.24066925048828,68.69481986771983,67.09621468451249,68.46774455910406,6937200
2022-05-23,69.50322723388672,69.7393875625393,68.45868606018844,68.64942854224962,3754700
2022-05-24,70.95648956298828,71.11998405001451,69.35787757093048,69.61220078857396,3539700
2022-05-25,70.38427734375,70.78393219884897,69.82113488042702,70.22078280573588,3733900
2022-05-26,70.99282836914062,71.49238989414319,70.46601198586794,71.20173377402524,4139100
2022-05-27,71.62861633300781,71.81935870855378,70.97463851411503,71.20171376068689,2742300
2022-05-31,71.58321380615234,72.03736439632925,70.69308253008691,71.31980563227516,5916500
2022-06-01,71.0291519165039,71.8102915122174,70.77482868623221,71.76488060954792,3963400
2022-06-02,72.00102996826172,72.02828482410786,70.17534962448194,71.3107260754938,3588900
2022-06-03,71.69222259521484,72.26444992515005,71.53781303583712,71.77396638672457,3150100
2022-06-06,71.55597686767578,72.37344944148329,71.383397399375,71.93746175885624,2715500
2022-06-07,71.4924087524414,71.53782659841677,70.48419355394361,70.83843057722225,6609400
2022-06-08,70.72942352294922,71.39247957999193,70.64767280384915,71.37431660340795,3131300
2022-06-09,69.80294799804688,71.67405324031014,69.68487133311005,70.92923958062303,6327300
2022-06-10,69.60311889648438,70.16626813872934,68.25883699276037,69.19438612584398,4294600
2022-06-13,69.20347595214844,69.78478821034119,68.51316504687377,68.51316504687377,4490600
2022-06-14,67.45954895019531,69.06724647620942,66.90549141393464,68.90375193000104,3960400
2022-06-15,67.359619140625,68.5494914742898,66.36048229426272,67.55943958010937,6023400
2022-06-16,67.14161682128906,67.92275633531244,66.02441032946119,66.69655121485773,5342900
2022-06-17,67.2506332397461,67.60487021425526,66.31508395169423,66.9054812191393,11016400
2022-06-21,69.44872283935547,69.55772149992477,67.57762420988165,68.03177490090265,4456700
2022-06-22,70.7657699584961,70.98376036819627,69.35789992589584,69.5123095106922,4653700
2022-06-23,71.64680480957031,71.91929797437751,70.95650080369307,70.983748734216,3932400
2022-06-24,73.00923919677734,73.13640079512899,71.91019570828819,72.10093810581566,5193400
2022-06-27,72.55510711669922,72.97292489330248,72.08279347830093,72.26445097081047,4564600
2022-06-28,71.64680480957031,73.00017875037997,71.54689111112694,72.66410477108963,3193800
2022-06-29,72.36434936523438,72.65500544964802,71.73762629777887,71.95561662864219,2156900
2022-06-30,72.79125213623047,73.18182190003246,71.76487435218696,72.12819619080541,3565600
2022-07-01,74.45346069335938,74.49887160172023,72.98201005264234,73.16367447545323,4252900
2022-07-05,73.5723876953125,74.34444222961449,72.74583038379565,73.87212871573865,3068500
2022-07-06,73.59056091308594,74.45345121961459,73.52698010563968,73.93571980761271,4797900
2022-07-07,72.17361450195312,73.34532391369702,71.13815165990754,73.29082805773305,5148000
2022-07-08,71.1654052734375,72.28261891847389,71.05641355280201,72.01921071062321,3668500
2022-07-11,71.48330688476562,71.7467150835631,70.92924255794827,71.30164940342398,5459600
2022-07-12,71.12906646728516,72.05553759427636,70.80207747302808,71.40155960576219,3074500
2022-07-13,71.2380599975586,71.92837081699494,70.7657464451787,70.7657464451787,3343300
2022-07-14,71.15631866455078,71.27440226554374,70.02094206908791,70.26618729438961,5753200
2022-07-15,70.98373413085938,71.7467037476927,70.82023965156829,71.52871341856712,4830600
2022-07-18,70.04818725585938,71.00189930648243,69.91194069725955,70.85657472582037,3526600
2022-07-19,70.42058563232422,70.77482251930616,70.18442539774036,70.3842527554815,3712500
2022-07-20,69.09553527832031,70.5302657164236,68.71172363878942,70.48457086655102,5405900
2022-07-21,69.59815216064453,69.69866828271844,68.79396740761037,68.97673983877965,4054400
2022-07-22,70.79524993896484,70.84093779705496,69.50673102711522,69.59812068739987,2537700
2022-07-25,71.14252471923828,71.4166798244901,70.63077595962575,70.82268174448045,2427800
2022-07-26,71.7639389038086,71.83704786350866,70.50284072322619,70.6581920335482,2572400
2022-07-27,71.97412109375,72.2025813500399,71.0511397061637,71.4440916258645,2421400
2022-07-28,72.36708068847656,72.83313464085754,71.74566844658081,72.22086276235781,5078100
2022-07-29,71.95584106445312,72.33965959749116,70.63077435398444,71.82790387745837,5749800
2022-08-01,74.11251831054688,74.66082162418736,71.97413329573247,72.15689874292767,6899200
2022-08-02,73.34489440917969,74.53288374942181,73.20781683898313,74.49632926589908,20428800
2022-08-03,74.4140853881836,74.71565464204984,72.62295756445646,73.10729226015121,3587300
2022-08-04,73.92060089111328,74.4963182342187,73.52764896650214,74.1582015127989,2787900
2022-08-05,73.500244140625,73.74697818398236,72.82400364026158,73.74697818398236,2408200
2022-08-08,73.84748840332031,74.03939417517803,73.50937169807011,73.78351981270107,5039700
2022-08-09,73.16211700439453,73.8657785631454,73.1164291321466,73.8657785631454,3254200
2022-08-10,73.41797637939453,73.82006861641901,73.015891114423,73.5641942736045,3480300
2022-08-11,72.65036010742188,73.67386454591856,72.51328256186508,73.38143570235573,4932800
2022-08-12,73.37230682373047,73.56421262872405,72.73261383503049,72.81486316405899,3277500
2022-08-15,74.2404556274414,74.33183835117373,73.40886377780593,73.56421510535637,4257600
2022-08-16,75.0994644165039,75.28222985386273,74.42322393181084,74.42322393181084,2905800
2022-08-17,75.0903091430664,75.17255845398459,74.67908350463487,74.98065269124633,2128500
2022-08-18,75.71173858642578,75.83054239914442,74.6973743427383,74.86186603014856,2634300
2022-08-19,76.09555053710938,76.58902560152825,75.46500487595313,75.83967612712658,4663000
2022-08-22,74.89839935302734,75.91276331013927,74.84357113006543,75.83965436482154,4144100
2022-08-23,73.98458099365234,74.4415015830193,73.7012924593024,74.39581370731554,2567700
2022-08-24,74.02112579345703,74.19475782575822,73.52765078485417,74.19475782575822,2390900
2022-08-25,73.94801330566406,74.06681709980094,73.5276472751538,73.81093575891963,2660000
2022-08-26,72.38534545898438,74.20388711403453,72.25740827553685,73.90232487993883,3407600
2022-08-29,72.73261260986328,72.97935362073778,71.68170088194195,72.16603556810838,2273600
2022-08-30,72.19345092773438,73.07987795971758,72.01068548635945,72.87883179097236,3095500
2022-08-31,71.47151184082031,72.71433629887049,71.40754324248189,72.42190742474423,4054100
2022-09-01,72.92451477050781,72.92451477050781,71.069411679361,71.3983949979449,5924100
2022-09-02,71.43494415283203,73.4910862547737,71.19735052981918,73.23521190872722,3111700
2022-09-06,71.06941223144531,72.29396280947664,70.87750645612284,70.98716988718722,4137000
2022-09-07,71.78221893310547,71.88274200870393,71.19736120528938,71.36184590493696,4264500
2022-09-08,71.1333999633789,71.55377307621045,70.22869907284034,71.2430634239509,5775200
2022-09-09,71.3070297241211,72.0289651290533,70.55768019794739,70.93235844706187,6405300
2022-09-12,71.1882095336914,71.84617611597575,70.94146857930829,71.40752940376854,6390600
2022-09-13,68.9310302734375,71.12425017490028,68.83964756338777,70.87750918850676,3988500
2022-09-14,69.50676727294922,70.70390412083977,68.96760425078288,69.26917355405685,8077500
2022-09-15,68.7482681274414,69.698656723685,68.10857518252051,69.65296885251122,4982400
2022-09-16,69.16864776611328,69.26003049844951,68.62033742798484,68.84879774485317,5304400
2022-09-19,69.4610595703125,69.52502816438482,68.9401704551368,68.97672493347152,3646200
2022-09-20,68.68428802490234,69.3422476416134,68.35530473052029,69.17775599442237,2738600
2022-09-21,68.44669342041016,69.74434598846467,68.4375530580848,69.068105589515,2884500
2022-09-22,68.86708068847656,69.20520447825162,68.27308245111207,68.40101967490679,3452100
2022-09-23,69.02241516113281,69.38795298491824,68.34617471896493,68.72998629651529,4471900
2022-09-26,68.53807830810547,69.25087320698114,68.33703216287307,69.02241294595413,3797200
2022-09-27,66.32659912109375,69.12295109491711,66.28090427010034,68.86707666228692,5260600
2022-09-28,66.62814331054688,67.08506376016943,65.9793101366764,66.84746317419092,6450900
2022-09-29,65.58637237548828,66.89316542131715,65.10203771026049,66.6372910300311,4617200
2022-09-30,64.19733428955078,66.06157088350236,64.11509194096146,65.79655614018016,7510600
2022-10-03,64.98323059082031,65.22083119028242,64.04197552671097,64.7273562400395,3840300
2022-10-04,65.65033721923828,66.18036669776754,65.08376023437599,65.1385884659294,4066900
2022-10-05,64.98323059082031,65.8879311802391,64.52631011526796,65.8879311802391,3467800
2022-10-06,63.56678009033203,64.9375416412533,63.50281149683786,64.85529929478385,3383000
2022-10-07,63.0458984375,63.649036937835824,62.81743815198878,63.54851385444652,4316300
2022-10-10,62.57984161376953,63.42057375271921,61.99497689531074,63.07330967250421,4756700
2022-10-11,63.10073471069336,63.630757283252336,62.744337217052525,62.77175133624725,3974400
2022-10-12,63.15556716918945,63.79525323332639,63.11901268380232,63.26523062535087,2819400
2022-10-13,64.891845703125,65.12943932252654,62.79914915897723,63.58505290820488,4459900
2022-10-14,65.18428039550781,65.92448937663342,64.782188123265,65.17514003330588,4964800
2022-10-17,65.92448425292969,66.44537330509962,65.12944013243747,65.37618108833813,4118000
2022-10-18,66.63728332519531,68.44669155330759,66.18950319221861,66.65556404934735,10417100
2022-10-19,65.56809997558594,66.98455649210328,65.40360829606814,66.59160453392492,5301800
2022-10-20,64.62063598632812,66.02803092122448,64.56544622983054,65.54970332285144,3436100
2022-10-21,65.74287414550781,66.01882994458151,64.6206356490739,64.83220807792044,5947100
2022-10-24,66.24879455566406,66.7731182773986,65.51290542969977,66.26719581917797,3500900
2022-10-25,66.92950439453125,67.1042742987661,66.0372325548164,66.23040372351352,3983300
2022-10-26,67.54582977294922,67.75740225735719,66.699553871373,67.1594873419724,3624800
2022-10-27,67.36183166503906,68.29089184301671,67.20544901523867,67.78496944291525,5128900
2022-10-28,68.65885162353516,68.69564713460771,65.57729950597648,65.89925145532867,5613100
2022-10-31,67.92295837402344,69.08199245981531,67.67459743608126,68.63125971123988,6690600
2022-11-01,67.83097076416016,68.57606758836614,67.64700022521059,67.84017139651549,3716000
2022-11-02,66.9386978149414,68.4380850531001,66.929504200763,67.72059013772345,3991800
2022-11-03,66.58914947509766,66.92950267866283,66.29479241348284,66.42357318931269,3001600
2022-11-04,67.3250503540039,67.77578310098049,66.5155631143423,67.15027342398126,3947400
2022-11-07,67.61019897460938,68.07933293254159,67.25145154149227,67.60099834303504,3052500
2022-11-08,67.89537048339844,68.7600475749254,67.47223257125447,67.95056726708829,3291500
2022-11-09,67.57341003417969,67.95975238154496,67.53661452233162,67.85856647846936,3368700
2022-11-10,68.96241760253906,69.09119839773491,67.87697445872618,68.78764065847598,3828200
2022-11-11,68.59446716308594,69.33955702714015,67.73899075627206,68.87043001097175,3160000
2022-11-14,68.59446716308594,70.01106288071466,68.5760729149727,68.89802489215496,3243300
2022-11-15,69.28436279296875,69.83628143509124,68.60366336828523,69.4315448404821,3495900
2022-11-16,69.91907501220703,70.43419815660313,69.58792241423053,69.62471792711976,2799000
2022-11-17,69.25677490234375,70.13984622245668,69.02680819341766,69.77189808456954,4618500
2022-11-18,70.3330078125,70.53537961160737,69.65230841206926,69.97426035700096,4060900
2022-11-21,70.75614929199219,71.09650251870579,70.22262488839563,70.55377748248823,4228200
2022-11-22,70.25022888183594,71.1884899144025,69.99266028694895,71.03211424531251,4288800
2022-11-23,70.76535034179688,70.83894136714605,70.35141310575406,70.40660286575272,3861400
2022-11-25,70.61817932128906,71.04132427412662,70.51700041816339,70.94933196905822,1388800
2022-11-28,70.25941467285156,70.80213966482269,70.1398345306329,70.406596710683,2511800
2022-11-29,69.88228607177734,70.25942783281583,69.5787283254114,69.87308543818308,2499800
2022-11-30,71.27127075195312,71.27127075195312,69.63390222849522,69.78108426036692,5816100
2022-12-01,71.51964569091797,72.16354966163186,71.45525529384658,71.53803993949826,3507100
2022-12-02,71.90597534179688,71.97956635914197,71.07809394172877,71.26207148509151,2797000
2022-12-05,70.94011688232422,71.50123608688165,70.79293485318273,71.27126942986715,3160000
2022-12-06,71.02291107177734,71.44604893548664,70.54458344872269,71.03211170434369,3020100
2022-12-07,71.33564758300781,71.45522769766485,70.82971821710451,71.06888546444283,4032600
2022-12-08,71.87838745117188,71.90598233085201,70.8849296745289,71.17928675449426,2672300
2022-12-09,71.5472412109375,72.08076565887437,71.47365017990613,71.72201815513023,2516700
2022-12-12,72.31072998046875,72.40271525720817,71.40006381010299,71.74041003584152,4774600
2022-12-13,72.43950653076172,73.08341044826906,71.76800071562434,72.89943990556021,3760500
2022-12-14,72.98221588134766,73.44214920155184,72.27392165616445,72.61427483960472,3692000
2022-12-15,71.63921356201172,72.54068598439002,71.0321052106351,72.2187340542641,4021200
2022-12-16,71.52883911132812,71.8599916965956,71.05970511252818,71.26207691663899,9426200
2022-12-19,71.73121643066406,72.59588645376581,71.2160862484042,71.38166255376866,3440300
2022-12-20,71.46444702148438,71.81399384516584,70.94931689108017,71.65761818862619,2831900
2022-12-21,72.66026306152344,72.66026306152344,71.74959706383724,71.76799130848651,3025200
2022-12-22,72.92704010009766,72.95463498171247,71.95198352023102,72.6602778811097,2548400
2022-12-23,73.08340454101562,73.202991700334,72.61427758961918,72.86263850400401,1488500
2022-12-27,73.5341567993164,73.80091902277222,72.90864707280583,73.18460291160265,3078600
2022-12-28,72.50389862060547,73.99408531634329,72.49469798784664,73.7457173580404,1918700
2022-12-29,73.00983428955078,73.27659651777033,72.6326855130251,72.93624325734669,1954200
2022-12-30,72.47630310058594,73.08341151480603,71.94277869370742,72.97303199478044,2238600
2023-01-03,72.7890396118164,72.825835117009,71.49203138939603,72.47628834471682,2920200
2023-01-04,73.25817108154297,73.70890372354101,72.84423394350749,72.85342755597954,3976800
2023-01-05,72.24632263183594,73.41455011014992,72.15433737668151,73.1477879575845,2295600
2023-01-06,73.57093048095703,74.01246249920833,72.8258337958675,73.03740619238056,2274500
2023-01-09,72.42110443115234,73.95728005208696,72.26472176697725,73.5525364803818,2826000
2023-01-10,72.03475189208984,72.64186722257298,71.7679897333647,72.64186722257298,3397200
2023-01-11,70.94932556152344,72.41191746008634,70.54458893149047,72.15435587242166,9122200
2023-01-12,70.68255615234375,71.38165683207038,70.2318234197689,71.16089078195583,6059000
2023-01-13,71.61161804199219,71.74959944452911,70.43418984065838,70.54457636629304,3800100
2023-01-17,71.96117401123047,72.6418733945565,71.82319260457665,71.89678362386213,5615100
2023-01-18,70.2042236328125,72.05315759558248,70.19502300110996,71.74039927992764,3996300
2023-01-19,69.17396545410156,70.39738971538964,69.16477184108751,69.6982891349357,4436400
2023-01-20,69.8311767578125,69.92374052896675,68.52600427939964,69.19247473117106,11899800
2023-01-23,69.8867416381836,70.04410081847558,69.36837866208485,69.92376857392864,2463400
2023-01-24,70.29401397705078,70.34029233898664,68.96107285920844,69.78490256060707,4219100
2023-01-25,70.13665008544922,70.3402946587427,69.08140735307786,69.86821721574171,3142700
2023-01-26,69.91449737548828,70.17367881646108,69.53498371182516,69.9978097313236,3744000
2023-01-27,66.2674331665039,67.60963300384081,65.66576492656414,67.43375683773606,13482900
2023-01-30,67.46151733398438,68.24832720839916,66.69323151712703,66.83207367175126,9191600
2023-01-31,68.98885345458984,68.99811195347537,67.81327833408324,67.92435207204785,5890100
2023-02-01,69.4146499633789,69.70160692062713,68.60007864647191,68.89628704008948,3722200
2023-02-02,68.24832916259766,68.68337969648488,67.85954993202407,68.66486976272648,5024700
2023-02-03,68.7667007446289,68.86852304858033,67.77625320250965,68.46123383277464,3861200
2023-02-06,68.3593978881836,68.87776780363528,67.83177653761192,68.68337467148827,4186900
2023-02-07,67.98915100097656,68.08172187034957,67.30417035304434,67.97064106440145,3755100
2023-02-08,67.90584564208984,68.20205406222968,67.39673410958429,67.68369109252642,3230100
2023-02-09,67.41523742675781,68.26683557906192,67.39672043178874,68.04468107458354,3740400
2023-02-10,68.08171844482422,68.24833611428015,67.32268396445066,67.50781156955038,3524300
2023-02-13,68.28535461425781,68.53528464450532,67.99840471346616,68.3779254771141,3664300
2023-02-14,67.73921966552734,68.41494879296218,67.48003821242848,68.41494879296218,2382500
2023-02-15,67.29490661621094,67.5633465797356,66.91539291754867,67.45227284459797,4399200
2023-02-16,67.35968780517578,67.54482242838178,66.40626744769718,66.94314726174889,4701800
2023-02-17,68.97958374023438,69.38687287899086,67.53556888415493,67.53556888415493,5019100
2023-02-21,68.73892974853516,69.17398738336217,68.40569441386617,68.40569441386617,4098100
2023-02-22,68.87776184082031,69.46092000028416,68.67411729118302,68.9610671226736,3645600
2023-02-23,68.18354797363281,69.21101547166134,67.4985602253922,68.87778715959324,3008600
2023-02-24,67.69293975830078,67.90584286195002,67.34119448071239,67.83178899440546,3115000
2023-02-27,68.12799835205078,68.62785137169573,67.77625306955942,67.9613806788358,3434600
2023-02-28,67.85028839111328,68.17426514987,67.45225778402255,67.8410298945306,3614300
2023-03-01,67.15606689453125,67.89658438370654,66.48033771177035,67.89658438370654,2880800
2023-03-02,68.28535461425781,68.45197228036771,67.1468064476446,67.19308481690743,2916000
2023-03-03,68.45196533203125,68.58155605227736,67.8040117308007,68.49825075876112,2532600
2023-03-06,67.8410415649414,68.53528062263156,67.7762462020436,68.22055524415295,3001600
2023-03-07,66.18412780761719,67.91509984650362,65.76758717075707,67.80401904766376,6423000
2023-03-08,66.60993194580078,66.68398581725563,65.94346122703895,66.11933740620275,2942800
2023-03-09,66.03601837158203,67.13754664627852,65.64724617892392,66.95241904848851,4893200
2023-03-10,66.00823974609375,66.44329730210667,65.8971660294362,66.39701894088738,3694600
2023-03-13,66.18412780761719,67.69293824882389,66.0452785746087,66.0452785746087,5949900
2023-03-14,66.86911010742188,66.94316397519302,66.07304868429591,66.36925709321496,5098000
2023-03-15,67.5078125,67.62814473875679,66.23041505800872,66.23041505800872,5993500
2023-03-16,67.52632141113281,67.98914748540285,67.22086156936031,67.85955674958048,4256400
2023-03-17,66.83208465576172,67.61889465949058,66.48959786851407,67.61889465949058,9106100
2023-03-20,67.64665985107422,67.85030445111309,67.00795761680054,67.05424304850587,4557500
2023-03-21,66.99869537353516,67.81327372816467,66.61918169099046,67.59111214299392,4561200
2023-03-22,66.76728820800781,67.8317896116089,66.7580367711047,67.294909660274,3180800
2023-03-23,66.4896011352539,67.30417255232692,66.44331569905495,66.7395241290966,3494500
2023-03-24,67.96136474609375,68.07244552291736,66.73950444968986,66.87835365517837,5013500
2023-03-27,68.63709259033203,68.93330092789844,68.22054498108425,68.33162575598308,4203900
2023-03-28,68.96107482910156,69.22951475978867,68.72040332880202,68.91478940367936,4241900
2023-03-29,68.93331146240234,69.5627551586941,68.85925760115275,69.42390593439232,2873200
2023-03-30,69.65532684326172,69.7941760832894,68.93331926971662,68.98885614086142,4181600
2023-03-31,69.56275177001953,70.21996386672328,69.47943941463097,69.988550858215,5153600
2023-04-03,69.75713348388672,70.11813718959269,69.30356599300356,69.6460527043756,3188700
2023-04-04,69.1739730834961,70.25698416620406,69.14619759287771,69.93300739729534,3002600
2023-04-05,69.75713348388672,70.43285547162799,69.72010655738302,69.72936505454997,4949500
2023-04-06,70.0533447265625,70.41434844717588,69.43315957188456,69.9700323729478,3261800
2023-04-10,69.55349731445312,69.72937347103331,69.07216133613494,69.58126574714157,2735100
2023-04-11,70.36807250976562,70.54394867609439,69.70160890180662,69.96079037081824,7115700
2023-04-12,70.39582824707031,70.90493254339769,69.99779765647664,70.3680527584735,4438400
2023-04-13,70.83089447021484,70.932716764586,70.19219933353614,70.39584392227846,3315000
2023-04-14,69.97003173828125,70.59022394949811,69.74787723426448,70.46988466894226,3756800
2023-04-17,70.07186126708984,70.4698919532692,69.81267980858516,70.13665663171601,4727500
2023-04-18,69.92375183105469,70.3402923996576,69.58125805404583,70.09036947092869,3499300
2023-04-19,69.97003173828125,70.25698866239078,69.54423266301396,70.07185402390651,3629700
2023-04-20,71.13451385498047,71.22766920838521,70.08184485764086,70.1936284388074,7763200
2023-04-21,71.54438018798828,72.19647453441324,71.47917075334578,71.89837324643392,11708600
2023-04-24,72.55048370361328,72.606382593788,71.52576074283763,71.52576074283763,5350900
2023-04-25,72.38280487060547,73.18395363267227,72.20581184686787,72.6995415731259,6437500
2023-04-26,71.43260192871094,72.33622361354513,71.3673924827588,71.87975749188023,4592000
2023-04-27,72.5970458984375,72.63430944635417,71.5257419945421,71.72137029063335,5652600
2023-04-28,74.33909606933594,75.91344045382593,73.65904860559303,73.65904860559303,9633400
2023-05-01,75.16819763183594,75.48492722840797,73.94783915011524,74.37635942581127,6111100
2023-05-02,75.3172378540039,75.5128661940516,74.76761639015041,75.27066373911444,5963300
2023-05-03,75.69918060302734,76.23017381872812,75.10297794354915,75.27066038573341,6380000
2023-05-04,75.2613525390625,76.16497431165031,74.9539335037352,75.95071062140173,7441500
2023-05-05,75.07503509521484,75.456981251323,74.84214317777248,75.08435276195577,5359300
2023-05-08,75.22408294677734,75.42902895389268,74.68377203843629,74.98187338315951,6564700
2023-05-09,75.12162780761719,75.64330350811643,75.03779011602197,75.47562101762762,3363500
2023-05-10,75.55011749267578,75.76438112975326,74.85144191702102,75.03775966823959,5094400
2023-05-11,76.04386901855469,76.08113257954123,75.37314624268963,75.80166653308851,3243300
2023-05-12,76.36991882324219,76.435128274236,75.74576309824748,75.89481733326028,3483800
2023-05-15,75.531494140625,76.47237219257792,75.28928460207366,76.28606153664363,4477100
2023-05-16,75.2426986694336,75.72711771618064,74.8980232668243,75.59669884374001,7159500
2023-05-17,75.00049591064453,75.52217139802327,74.65581340231473,75.21475243983417,3083000
2023-05-18,74.23662567138672,74.76761892877283,73.60315940754917,74.62788236476662,4043700
2023-05-19,74.46018981933594,74.56266281190128,73.93851429885486,74.40429804422608,3763300
2023-05-22,73.0442123413086,74.20867173631252,72.86721223893325,74.13414462928121,6066200
2023-05-23,71.76795196533203,72.96035707717759,71.76795196533203,72.93241119288356,5299300
2023-05-24,71.24629211425781,72.13127847816048,71.23697444835348,71.9542783624613,7584200
2023-05-25,71.03202056884766,71.3860136537118,70.37060850888537,71.03202056884766,6149900
2023-05-26,70.99478149414062,71.4698830642521,70.92957203214873,70.98546382605656,5750000
2023-05-30,69.82099151611328,70.68734970239181,69.56015371504827,70.31472833361153,4341300
2023-05-31,69.28998565673828,70.07250602503686,69.21546566090163,69.99797892190448,19133300
2023-06-01,69.77440643310547,70.11908185578868,69.53219689562566,69.78372409804975,4704100
2023-06-02,70.845703125,70.91091255825908,69.49492613992574,69.6346626704224,4755200
2023-06-05,71.03202056884766,71.7400138458718,70.63144626692167,70.63144626692167,4681300
2023-06-06,70.39855194091797,71.29285584040721,70.13771419197889,71.13449107959357,5154500
2023-06-07,70.05388641357422,70.26815010633017,69.33658243004702,70.07252174718639,3879600
2023-06-08,70.54761505126953,70.57556094114186,69.93277704489226,70.11908771557214,3218800
2023-06-09,70.65008544921875,70.8550314644105,70.17499107650727,70.29609230944014,3186700
2023-06-12,70.53829193115234,71.06928511955691,70.03524463045919,70.97612979142023,3374700
2023-06-13,70.09114074707031,70.34266796664355,69.90483007925758,70.1377219676717,4121200
2023-06-14,70.25880432128906,70.63143266413242,69.85823009650899,70.0818113665917,2979000
2023-06-15,71.54438018798828,71.56300840904528,70.33333970771871,70.65938688093118,3947600
2023-06-16,72.45731353759766,72.69952305933798,71.81452973683488,71.81452973683488,7368900
2023-06-20,72.30828094482422,73.15600377996826,72.29896327861694,72.60638229778542,5232000
2023-06-21,72.30828094482422,72.60638229778542,71.93565247679851,72.31759150373462,3618100
2023-06-22,72.66227722167969,72.82995968417545,72.1499121675823,72.69022311421278,3939100
2023-06-23,71.83316040039062,72.96967372786783,71.76795096884496,72.96967372786783,10964600
2023-06-26,71.39534759521484,71.64687485301836,70.4358340062771,71.40466526221061,4236600
2023-06-27,70.54761505126953,71.37670961819899,70.44514205020666,71.18108128179617,7488500
2023-06-28,70.71530151367188,70.74324740513123,69.54152432130054,70.17499058780129,5100300
2023-06-29,71.3208236694336,71.48850614638327,69.9979991886627,70.28678291279356,4419100
2023-06-30,71.76795196533203,72.11263445531351,71.33011415860544,71.46985068737064,4781800
2023-07-03,71.86112213134766,72.14059524662795,71.28354767650677,71.40465600986663,2092200
2023-07-05,71.6095962524414,72.14058944291833,71.41396793040212,72.01017056155881,4796400
2023-07-06,71.64688110351562,71.81455648028272,71.0599888556384,71.24630667532088,3287700
2023-07-07,70.41719055175781,71.49781236513059,70.36129877082358,71.46054880874222,4420200
2023-07-10,70.69667053222656,71.27424505135569,70.40788682631067,70.60351518586312,3724900
2023-07-11,70.23087310791016,70.77118396251868,69.54151514941071,70.77118396251868,5199900
2023-07-12,70.01661682128906,70.54761001282982,69.87688027461076,70.29608280734968,5291500
2023-07-13,70.66870880126953,70.82707356532552,69.89550609587276,70.23087095345942,4346200
2023-07-14,71.20903015136719,71.38602316373027,70.37061788363194,70.63145567641695,2978000
2023-07-17,70.40787506103516,71.15312481470757,70.25882084592298,71.06928714917909,5938900
2023-07-18,70.65008544921875,71.69344375051453,70.48241009929491,70.63145722388175,3916200
2023-07-19,71.19039154052734,71.32081043091351,70.4730876434034,70.84571609049095,5717700
2023-07-20,72.18409729003906,72.34346306102967,70.71229195605824,71.1903964212503,4345900
2023-07-21,72.36222076416016,72.71845141932147,71.91223880039053,72.4184658275486,11117900
2023-07-24,72.63409423828125,72.75596094383597,71.97787074503918,72.29660950512172,3494500
2023-07-25,72.97154998779297,73.04654816210662,72.34345637041027,72.96218058016844,4787400
2023-07-26,73.08405303955078,73.45903678860854,72.37158463156305,72.88718818054498,4116700
2023-07-27,72.28721618652344,73.48715844751595,72.26846306557167,73.05592964448552,5637200
2023-07-28,70.89041137695312,71.00290149744617,69.13736642632695,70.49667449856663,10891400
2023-07-31,71.49038696289062,71.72475093142022,70.7029203094764,70.92791486886374,8106100
2023-08-01,71.84661865234375,72.2778475023664,71.35914473777666,71.35914473777666,4721400
2023-08-02,72.69032287597656,72.98093188241046,71.72474455582002,71.84661123382325,4275700
2023-08-03,71.79036712646484,72.53095806926831,71.45288246513111,72.48408241821966,4935300
2023-08-04,71.49038696289062,72.33409868004132,71.44351130829642,71.66849871546303,4574900
2023-08-07,72.0903549194336,72.36221796901093,71.67787206459622,71.67787206459622,2469400
2023-08-08,71.5560073852539,72.30596778061062,71.41538757605558,72.20284706401321,3796200
2023-08-09,71.70599365234375,72.19347468387268,71.51850534927588,71.60287293999033,3314900
2023-08-10,71.50912475585938,72.36221293681685,71.35913555230746,71.8653625247075,2552400
2023-08-11,72.0903549194336,72.10910088909876,71.49038375906306,71.67787206459622,2742300
2023-08-14,70.9841537475586,72.3340923773759,70.85291050879525,72.27784016632012,4249000
2023-08-15,69.97169494628906,70.85290561907433,69.77483010173015,70.74978491684544,4476300
2023-08-16,69.76545715332031,70.28106069115562,69.56859229857047,70.09356524457006,3639900
2023-08-17,69.37171936035156,70.17793180617642,69.32484371611231,69.78420214255567,2873100
2023-08-18,69.8873291015625,69.99981921426767,68.93112023024983,69.01549496699849,3681500
2023-08-21,69.1842269897461,69.72794580873112,68.91236400414422,69.65295479549717,3157300
2023-08-22,68.9123764038086,69.17486287790439,68.55613862991859,68.98736743053595,3096500
2023-08-23,68.9123764038086,69.53109349957438,68.55613862991859,69.24048449642834,2615300
2023-08-24,68.73426055908203,69.66233981991805,68.71551458962549,68.9498785450441,3692900
2023-08-25,69.21237182617188,69.47485833765694,68.66864567968365,68.88426368681554,2663300
2023-08-28,69.03424072265625,69.38110192427624,68.60301193676695,69.31548030799351,2871100
2023-08-29,68.8748779296875,69.062366226511,67.91866902011543,68.91237701949622,3566500
2023-08-30,69.23110961914062,69.39985194976464,68.86550242815862,69.01549878970005,2415500
2023-08-31,68.8748779296875,69.4748490621868,68.82800227937159,69.37172835326786,5205300
2023-09-01,68.6873779296875,69.34360122953113,68.43426803052382,69.32484810975924,2412800
2023-09-05,68.22801971435547,69.05298524747306,68.18115122411307,68.43426109763486,2976200
2023-09-06,67.79680633544922,68.28428022723327,67.7593072434319,68.17179010340182,2869100
2023-09-07,68.95923614501953,69.5404612297275,68.09677865329992,68.10615521253271,5704300
2023-09-08,68.62176513671875,69.18424436667227,68.51864442137531,68.96862637489401,3804500
2023-09-11,69.3248519897461,69.49359431603928,68.61239074737043,68.62176015556116,3286600
2023-09-12,67.98429107666016,69.36235223906208,67.95616854717768,69.36235223906208,3639400
2023-09-13,68.27490234375,68.64050950526205,67.93741770970509,68.368646486047,3111800
2023-09-14,68.86549377441406,68.87487033388717,68.03115878678919,68.33114431995521,3409500
2023-09-15,68.59364318847656,69.17486839333071,68.35927922474481,68.70614046586721,5597100
2023-09-18,69.23110961914062,69.47485013053536,68.29365381616724,68.80925736869067,4042700
2023-09-19,68.6405258178711,69.08113125881968,68.05930055394852,69.05300872466914,3016000
2023-09-20,69.14673614501953,69.32484786891608,68.46239032011518,68.87487312702847,4212100
2023-09-21,68.6405258178711,69.35299434264373,68.6217726936232,69.23112049169632,3315200
2023-09-22,67.91866302490234,69.07173669002275,67.81554232508591,68.73425206375431,4242600
2023-09-25,67.70305633544922,68.12490856783172,67.36557168865527,67.73117886397873,3296400
2023-09-26,67.4968032836914,67.89053291964714,67.41243571265174,67.47805731864436,3789400
2023-09-27,66.60624694824219,67.70306867410466,66.39062893652044,67.43120559507341,3572800
2023-09-28,66.84996795654297,67.05620936809707,66.4374922856546,66.8312219883198,3364000
2023-09-29,66.6624755859375,67.2999457498122,66.29686843409078,67.2999457498122,3226300
2023-10-02,66.33438110351562,66.54062254467985,65.856276594655,66.47500091814767,2634400
2023-10-03,66.0625,66.69059356136276,65.95937930757101,66.40935400888029,3174300
2023-10-04,66.14688110351562,66.49374233555878,65.62190812720848,66.12813513388483,2777200
2023-10-05,64.93756103515625,65.87501684838179,64.83444747574407,65.73440419817416,3565300
2023-10-06,65.08755493164062,65.2187981683407,63.39076226271817,64.69382522154038,6481000
2023-10-09,64.97505187988281,65.20004639610117,64.15947000330412,64.87193118133756,3983500
2023-10-10,65.143798828125,65.67814832579683,64.93755741635344,65.23754297377938,4737800
2023-10-11,64.56258392333984,65.65940549964556,64.26259835155827,65.25629921704343,3310200
2023-10-12,65.34066772460938,65.77190369531114,64.253222693704,64.54383170888883,7153500
2023-10-13,66.51248931884766,66.58748750295463,65.43442081924708,65.50004244228556,3898000
2023-10-16,67.6374282836914,67.74054897996953,66.62497443962577,67.14057792101639,6437400
2023-10-17,67.57181549072266,67.7686803496119,66.76560293400283,67.5530623695598,10084500
2023-10-18,68.49988555908203,68.83737017264811,67.76867128042856,67.9186604685584,6058300
2023-10-19,68.61238861083984,69.10923901383717,68.02178691109454,68.66863366711281,8005100
2023-10-20,69.14082336425781,69.461666210201,68.80111799713497,69.05589882233599,6560000
2023-10-23,67.90464782714844,69.00871000935298,67.81972328979509,68.8860388333642,4517600
2023-10-24,68.73506164550781,68.81055493306633,68.0273282733781,68.04620519498582,4163300
2023-10-25,69.27294158935547,69.3201194915532,68.48971497862875,68.72562608792458,5355300
2023-10-26,68.96154022216797,69.77307504969785,68.78224546741907,69.15970469873652,6871000
2023-10-27,67.74422454833984,70.34868480863013,67.44225866304782,69.17856070361829,12666500
2023-10-30,69.7164535522461,70.0184195063652,68.28211707003938,68.66900757401875,6534000
2023-10-31,70.88656616210938,71.03754551439957,69.8013737197482,70.03728480724259,7591100
2023-11-01,70.70728302001953,71.05643407853024,70.20715258447461,70.91488596294828,4757700
2023-11-02,70.58460998535156,70.82052110535683,70.03729445907469,70.49967823844293,5624700
2023-11-03,70.60347747802734,71.10360788473807,70.36756636547052,70.66009384122152,4362500
2023-11-06,70.97148895263672,71.18853031554576,70.5091052483599,70.64121487815328,4288100
2023-11-07,70.99036407470703,71.30176122309275,70.5468501004358,70.84881598938551,3275000
2023-11-08,70.99980926513672,71.41501514369884,70.65066541219684,70.95263136039581,3113100
2023-11-09,70.90544891357422,71.3017778855445,70.584613231342,71.19797641201376,2631900
2023-11-10,71.17910766601562,71.33952550933297,70.46193580253575,71.06586772985465,3667800
2023-11-13,71.6697998046875,71.96233450717966,71.45276559256118,71.52825888349055,2805500
2023-11-14,72.33978271484375,72.51907025412505,71.4433162206957,71.5282479598798,2919900
2023-11-15,71.21685028076172,72.70781029170026,71.12248727235311,72.23598805022118,4810900
2023-11-16,71.69810485839844,72.14161167997774,71.30176873783999,71.31120719770543,4432800
2023-11-17,71.3206558227539,71.86797138198986,71.2451625319414,71.71698480036486,3231700
2023-11-20,71.21685028076172,71.48106958408023,70.93375405609984,71.03755552518012,3150200
2023-11-21,72.25484466552734,72.27371438401178,71.14134408964169,71.38669362654795,3669500
2023-11-22,72.92485046386719,73.13245341903107,72.52852147642885,72.56626812277106,3217300
2023-11-24,72.9531478881836,73.11357291133451,72.67949014214447,73.11357291133451,1150400
2023-11-27,72.76443481445312,73.09470898062818,72.67007179546552,73.01921568566335,3706600
2023-11-28,73.48159790039062,73.60426909041101,72.73611790079902,72.94372083732276,3471200
2023-11-29,73.49102783203125,73.66088412252908,73.10413734777477,73.45328118976107,4010200
2023-11-30,74.33086395263672,74.56677504543977,73.10413058972192,73.49102103821264,7148500
2023-12-01,74.26480865478516,74.53846638460077,73.93453456688191,74.41579520893245,3488400
2023-12-04,74.52903747558594,74.72720193457906,74.07608499829068,74.07608499829068,4154400
2023-12-05,73.30229187011719,74.5762102762123,73.17018223982198,74.54790209821117,4075300
2023-12-06,73.10414123535156,73.4627235568333,72.78329835871105,73.27399753488213,3595400
2023-12-07,73.24569702148438,73.58540965611863,72.82105262847304,73.24569702148438,3107200
2023-12-08,72.82105255126953,73.18907337182698,72.36810717186205,73.18907337182698,4317800
2023-12-11,73.2645492553711,73.49102189124892,72.90596698194493,72.99089152061087,3958200
2023-12-12,74.16102600097656,74.17046446286253,73.16076502417407,73.43442282337111,3798500
2023-12-13,74.91592407226562,74.96310916935177,73.64200564472478,74.00058790450045,4000100
2023-12-14,71.97176361083984,74.34031334681134,71.90570878311648,73.87792955274777,8434000
2023-12-15,72.64176177978516,72.67006996482463,71.24516465586507,71.58487727521221,10225600
2023-12-18,73.660888671875,73.88736853948357,73.00034038994076,73.1607582299196,4212400
2023-12-19,73.72694396972656,74.13271140248138,73.44385493256696,73.61371123463726,3370700
2023-12-20,72.99089813232422,73.9156728783665,72.98145967180572,73.35891889875023,5326800
2023-12-21,73.51934051513672,73.57595687674622,72.62287399285134,73.2645524890228,5267000
2023-12-22,74.07609558105469,74.2836985294974,73.58540359336533,73.73638297440958,4042400
2023-12-26,74.5856704711914,74.87819799503161,73.88737547907107,74.04779333411653,3572700
2023-12-27,74.64227294921875,74.7743825934216,74.10439591226836,74.25538247674913,3268700
2023-12-28,74.77438354492188,75.01029465534832,74.47241761155347,74.96311675292448,2317100
2023-12-29,75.21790313720703,75.28395796502534,74.64227940931768,74.66115633122935,2463300
2024-01-02,76.17097473144531,76.18041319099127,74.9159259909349,75.14239862399157,6099500
2024-01-03,75.38775634765625,76.7182985098856,75.32170152254504,76.39745564546256,4959600
2024-01-04,75.81239318847656,76.04830430574134,75.26508486799362,75.38775605717437,4441900
2024-01-05,75.4726791381836,75.9822407574698,75.03859639674921,75.8973162207338,2825100
2024-01-08,75.86902618408203,75.90677283146927,75.27452548702898,75.60480685180816,3703300
2024-01-09,76.26534271240234,76.30308935361766,75.47268484518766,75.77465077547454,3714500
2024-01-10,76.01056671142578,76.62392987168536,75.68972384043455,76.31253266089251,4491000
2024-01-11,76.0199966430664,76.09548992897165,75.40663349353531,75.98225000011378,5186500
2024-01-12,76.35028839111328,76.67112410085171,76.1049387781482,76.52013750843105,5562200
2024-01-16,75.89733123779297,76.56731800253606,75.50100225573703,76.43520834185075,4252000
2024-01-17,76.3974609375,76.61450234900612,75.28396009461036,75.58592605881248,5357800
2024-01-18,76.2747802734375,76.31252691420787,75.53873877700441,75.89732106516946,4027100
2024-01-19,76.30326080322266,76.50260909208158,75.98050850005427,76.16087434149816,5147500
2024-01-22,76.34123229980469,76.46464355552305,75.64826071707908,76.25580042348697,6237700
2024-01-23,77.28102111816406,77.67022282111579,76.71144634515124,76.99623373165765,7078300
2024-01-24,76.01848602294922,76.91080596356699,75.99000872858682,76.76841949175495,5880900
2024-01-25,77.10066223144531,77.309505368025,75.97101467037052,76.17036296189347,7526400
2024-01-26,78.62901306152344,79.37894655098916,76.96776991512915,77.38544898135973,8668700
2024-01-29,79.70169067382812,79.73966281092667,78.88530783232069,79.07516851781347,6426000
2024-01-30,79.95800018310547,80.29973492951528,79.27451620539674,79.7396622070534,5659900
2024-01-31,79.92951202392578,80.64147326134476,79.65422671880803,80.10987785498742,6330600
2024-02-01,81.75214385986328,81.77112630747757,79.4738662965787,79.74915886287656,6904600
2024-02-02,80.32821655273438,81.714166905106,79.834586034526,80.78386769306364,6441000
2024-02-05,79.8250961303711,80.79336753777388,79.49284897780926,80.1288732326502,6627300
2024-02-06,79.49285125732422,79.94850968136446,79.15110924990528,79.7966211258694,6564400
2024-02-07,79.60677337646484,80.01496484554187,79.35995807732758,79.82510413757262,5530400
2024-02-08,79.98648071289062,80.02445285123869,79.2555297239687,79.54031714035683,4819100
2024-02-09,79.22705078125,79.99596665006571,78.95175821579191,79.98647904750986,4533000
2024-02-12,79.32196807861328,79.5213163452692,78.48660287894414,79.08464767891188,4746500
2024-02-13,79.23655700683594,79.97699568944243,78.57205536780637,79.54982175484507,4469900
2024-02-14,79.4643783569336,79.55930508814352,78.62901298286279,79.03720444526627,6611200
2024-02-15,79.33147430419922,80.42314974793746,78.9802374549693,80.1668396237185,5268900
2024-02-16,79.24604034423828,79.96748922933968,79.06567450174059,79.49284837429917,4805600
2024-02-20,80.31874084472656,80.81236423809962,79.45489085326618,79.69221132444373,5404600
2024-02-21,80.98321533203125,81.2585078799241,80.61299606752398,80.6794454933985,3369000
2024-02-22,81.63822174072266,81.63822174072266,80.16683228911567,80.60350822061463,4114700
2024-02-23,81.87554931640625,82.42613445869175,81.29648688097579,81.63822888360508,3161500
2024-02-26,81.78062438964844,82.28374255945636,81.73315740506675,81.97047784308519,2831700
2024-02-27,82.0274429321289,82.12236966261885,81.32496919312368,81.45786806429867,2638800
2024-02-28,82.40714263916016,82.45460962147193,81.71417104905402,82.0654006453604,2936800
2024-02-29,82.13184356689453,82.55902464651616,81.56227603650977,82.4735855336142,7900500
2024-03-01,82.1033706665039,82.16982009456086,81.40090424955257,81.9894614998031,2402000
2024-03-04,82.42613983154297,82.82483644645076,81.59076721846533,81.76163823091801,3968300
2024-03-05,82.33120727539062,82.84381303403396,81.83757672214509,82.77736360291762,3719400
2024-03-06,82.75837707519531,82.92924806713431,82.19829711844464,82.35018566347684,3522700
2024-03-07,83.66969299316406,83.6886826839622,82.61598966966203,82.97672137037678,3215800
2024-03-08,83.60324096679688,84.01143239695445,83.1001228129283,83.4133875193749,2929400
2024-03-11,83.66018676757812,84.12533997707348,82.97671008316236,83.56526005383516,3423400
2024-03-12,84.25825500488281,84.66644647056204,83.54629365142688,83.67919252467635,4251800
2024-03-13,84.6759262084961,84.82781475949821,84.03990919667534,84.4101284866871,3193100
2024-03-14,83.86904907226562,84.5335507053904,83.6222337661081,84.35318483830078,4895500
2024-03-15,83.9639663696289,84.27723107964134,83.02417948203646,83.02417948203646,6631000
2024-03-18,83.7930908203125,84.46708718737567,83.6222198279835,83.77410837336237,3430700
2024-03-19,84.26774597167969,84.27724081798945,83.63172887539444,84.01144306088192,3265000
2024-03-20,83.86904907226562,84.31521269562688,83.76462749052381,83.89752636865963,3366600
2024-03-21,84.26774597167969,84.59050556420004,83.46085785404736,83.8690493360184,3416200
2024-03-22,84.6759262084961,84.78034777669887,84.32469660858196,84.46709031453527,3563000
2024-03-25,84.14432525634766,84.88476378789818,83.84055541667452,84.71389280042926,3178500
2024-03-26,84.39114379882812,84.64744666878461,84.09686154968456,84.22976764950573,3287700
2024-03-27,85.38788604736328,85.69165590176988,84.7993360283256,85.05563890073803,4078600
2024-03-28,85.48281860351562,85.78658845291936,85.34042490232288,85.62520506226387,3459700
2024-04-01,84.54302978515625,85.26448593832808,84.26773721036115,85.26448593832808,3070200
2024-04-02,84.54302978515625,84.72339563406044,84.17281048447023,84.26773721036115,3307300
2024-04-03,83.6317138671875,84.59049038393496,83.34693371101164,84.48606882060383,4429200
2024-04-04,82.96721649169922,84.13482884901002,82.85330008802134,84.03040728958298,3155400
2024-04-05,83.4228744506836,83.65070727669021,82.72990285496978,83.28048798748536,3479600
2024-04-08,83.27098083496094,83.53677851690556,83.08112017468359,83.22351385928069,3086900
2024-04-09,83.20453643798828,83.85004823701702,82.78685020260379,83.79308641427289,3176300
2024-04-10,82.1698226928711,83.13809409511266,81.98946409241017,82.90077366705567,4750300
2024-04-11,81.63822174072266,82.56852094258309,81.57177231505007,82.56852094258309,3908300
2024-04-12,81.49583435058594,81.87554848771356,81.33445819610125,81.381925179159,5907600
2024-04-15,81.79959869384766,82.48308264608268,81.73314926751615,82.08438608809368,4716200
2024-04-16,81.79959869384766,82.33120134694394,81.75213895643617,82.16981796090091,3220400
2024-04-17,82.35018157958984,82.42612584833974,81.56227608680892,82.1128611715795,3886200
2024-04-18,82.31221008300781,82.88177761815709,82.01793509237692,82.58750262752619,4880800
2024-04-19,83.19061279296875,83.31473980098178,82.02577843438078,82.20718306352094,6005100
2024-04-22,84.33636474609375,84.71828112655575,83.29564279144606,83.44841225741048,3954100
2024-04-23,84.57506561279297,85.26251367356856,84.3936536844079,85.13838665543166,4014800
2024-04-24,84.85195922851562,85.14794099277576,83.41977812230239,84.24089587262063,4066500
2024-04-25,85.25296783447266,85.4534723143724,84.82330913373053,84.9760786142921,6363600
2024-04-26,86.89520263671875,88.07913696384978,85.15748987363379,86.8856527231472,7541500
2024-04-29,86.39869689941406,87.12433725482592,85.89266081840468,86.88564044042913,4472100
2024-04-30,87.7640380859375,87.92635016242856,86.6851311672961,86.83789333209702,5286700
2024-05-01,87.74495697021484,88.35602027786726,86.72333481981633,87.36304058181977,5219900
2024-05-02,88.70929718017578,89.03392138628172,87.22937385729426,87.68766771114375,9506000
2024-05-03,88.6806411743164,88.84296055034949,87.18162541529765,88.72838345275831,5432700
2024-05-06,88.96708679199219,89.08166389797496,88.27008881171692,89.0052791606531,3181900
2024-05-07,89.82640075683594,89.95052049700962,88.93844817934009,89.34900705462204,4008300
2024-05-08,89.24396514892578,90.13191758007665,89.21532269702553,90.00779057591075,7252100
2024-05-09,89.82640075683594,90.05554769425267,89.28217222769008,89.51131916510681,4639600
2024-05-10,90.80028533935547,90.95305482839838,89.80730551392706,90.05555229139671,3007600
2024-05-13,90.18921661376953,91.26812374958625,89.98871213460623,90.73344513848413,3229300
2024-05-14,90.29424285888672,90.43746242376587,89.51131749325701,90.14148066494539,3971500
2024-05-15,90.25604248046875,90.47564676505694,89.9505108352476,90.02689556766515,2536100
2024-05-16,90.25604248046875,90.52338175948113,89.85503356195018,90.37061957909506,3240600
2024-05-17,89.87411499023438,90.26558123213418,89.51129848278548,90.26558123213418,4135200
2024-05-20,90.12236785888672,90.26558740314,89.56858950614662,89.8741211344776,3900100
2024-05-21,90.86711120605469,90.92440340101923,90.16057060005382,90.54248700053652,4998200
2024-05-22,90.47564697265625,90.78117861857845,90.2369501466405,90.5806741588591,3849900
2024-05-23,89.49222564697266,90.71435234581067,89.41584090718285,90.2465012779354,3948900
2024-05-24,89.0816650390625,89.87413302446694,88.99573038736227,89.59724381146555,2554800
2024-05-28,87.78314971923828,89.3585429909888,87.58264525346002,88.67110223022729,4276900
2024-05-29,87.16253662109375,87.75450739075275,87.10525171206037,87.57309546621467,3115000
2024-05-30,86.81881713867188,87.34395311377375,86.66604766066054,87.14344135277148,3148000
2024-05-31,88.75703430175781,88.83341904071067,86.6660476007339,86.8188170786396,6648000
2024-06-03,88.28917694091797,89.04345973202564,87.63037141658818,88.27007711689328,3197900
2024-06-04,89.56858825683594,89.76909270221444,88.2987267694388,88.5087738423721,3599100
2024-06-05,89.42538452148438,89.7118163488448,88.94799085810114,89.43492714994862,2636800
2024-06-06,89.73091888427734,90.29423992754455,89.33945257194635,89.56859949764407,4217400
2024-06-07,89.64497375488281,90.29422937216974,89.54949648737416,89.83592828990014,2596200
2024-06-10,89.65452575683594,89.75955293887824,88.90979285468045,89.43492148044326,2542900
2024-06-11,89.71180725097656,89.7309070748665,88.73792748159565,89.5113028068231,3553600
2024-06-12,89.01482391357422,89.69272202799526,88.66154998727772,89.64497974882444,3812900
2024-06-13,90.47564697265625,90.60931661246914,89.15803583100191,89.42538239507675,4051700
2024-06-14,90.34197998046875,90.43745725678338,89.58769711401955,90.22740287822167,2722800
2024-06-17,91.61184692382812,91.73597394626039,89.83594180018679,90.25605058174271,3445400
2024-06-18,92.62393188476562,92.6907667143974,91.35406283731186,91.39225520916574,3722000
2024-06-20,92.56663513183594,93.0058437443279,91.89828686839117,92.41387293638417,4381700
2024-06-21,92.87216186523438,93.2540782602157,92.36612573777508,92.60482257408225,6378200
2024-06-24,94.51439666748047,94.58123148984629,92.89126110462503,93.56915924132109,4444000
2024-06-25,94.23751068115234,94.6003345444774,93.87469410227683,94.52394980646692,6376800
2024-06-26,93.78877258300781,94.03701207034511,93.44504852497923,93.63600309746177,3443900
2024-06-27,93.73147583007812,94.07519987140805,93.34001679017162,93.77921811310436,3616400
2024-06-28,92.6525650024414,94.01791119966727,92.40431825264142,93.760114536754,11036200
2024-07-01,91.22038269042969,93.2827195422816,91.10580558804098,93.03448008044663,4205200
2024-07-02,91.77416229248047,91.89828202502159,90.72389038463503,91.1821915157357,4205800
2024-07-03,91.55455017089844,91.86963171631606,91.20127626078335,91.40178799655727,2114700
2024-07-05,92.662109375,92.81487155343169,91.5545526224623,91.65957980708049,2844900
2024-07-08,93.16815185546875,93.51187588604795,92.72895054627297,92.83397773808603,2857300
2024-07-09,92.6525650024414,93.2254359535996,92.12742904795093,93.1204087627015,3390800
2024-07-10,92.98674774169922,93.20635205697762,92.47116165249994,92.76715071087085,2740600
2024-07-11,93.34001159667969,93.54051606222436,92.82442556337232,92.94854529410493,3719900
2024-07-12,93.63599395751953,94.18022244886689,93.454582032254,93.56915913522948,2564800
2024-07-15,92.85307312011719,93.85560278737904,92.81488075061249,93.65509102636695,3093600
2024-07-16,92.99629211425781,93.52142080171487,92.64301816184337,92.9867422008278,2859800
2024-07-17,94.89632415771484,95.12547110627398,93.32092340691419,93.53097781161429,4117500
2024-07-18,94.05611419677734,95.1159288541899,93.93198716562532,94.73401241544165,3286400
2024-07-19,94.12327575683594,95.07333530200975,93.71062244786374,95.03494809633665,4229200
2024-07-22,93.99851989746094,94.18085730252007,93.38433922123264,94.17125867025085,3265100
2024-07-23,92.6550064086914,94.21924671100014,92.47266899937277,94.19045813513118,4202100
2024-07-24,92.70299530029297,93.1636345305706,91.5705981525398,91.5705981525398,4880300
2024-07-25,92.59741973876953,94.34399740896502,92.48226543802531,93.1732132073242,4633900
2024-07-26,95.38043975830078,96.55122407916724,94.3536056496348,95.00617359954667,7137400
2024-07-29,96.81031799316406,97.32853430732074,95.74509678988831,96.73355090046802,5398100
2024-07-30,96.4360580444336,96.68557124608765,94.46876297283997,94.95818342173128,5236100
2024-07-31,95.18848419189453,96.69514703546422,94.47833196430916,96.43603526221798,6410200
2024-08-01,96.85830688476562,97.05023560497058,94.74706167606566,95.53398114348416,4921300
2024-08-02,98.6624526977539,99.18066898070437,96.61838346079155,97.88513193413355,5088900
2024-08-05,96.89669036865234,99.94840376092333,95.91783489704238,98.83519672601177,5930000
2024-08-06,98.51851654052734,99.4205902901055,97.06943057590878,97.20378214119938,5267200
2024-08-07,98.29780578613281,99.83325769278791,98.11546835541333,98.5952975338438,4075800
2024-08-08,98.56649017333984,98.95035490726355,97.17498874967862,97.5108676462578,3215400
2024-08-09,97.95230865478516,98.5856865583564,97.24216366240195,98.33617338528796,3646700
2024-08-12,97.19417572021484,97.81795497856922,96.5320092574806,97.74118056980947,3660100
2024-08-13,96.53201293945312,97.4916711207219,95.84106519909274,97.3957067669172,4655900
2024-08-14,98.05787658691406,98.28819250819366,95.72590683432618,96.13856015915815,3149400
2024-08-15,97.34773254394531,98.80640982229409,97.07902941279774,98.34577797507288,3303400
2024-08-16,97.87554168701172,97.96191473570794,97.14620669736814,97.55886003275576,3172700
2024-08-19,97.7411880493164,98.18262995104976,97.48208355193792,97.93312408590342,2976500
2024-08-20,98.90237426757812,98.94076147514895,97.61643576120571,97.88513889259032,2691700
2024-08-21,99.29582977294922,99.46856853250223,98.5089103842323,98.95035225384319,3029300
2024-08-22,99.7564697265625,99.85244140651162,99.30543651021331,99.6605053682246,2803500
2024-08-23,100.0059814453125,100.1307343771566,98.95035887589232,100.09235449167467,3212500
2024-08-26,100.8504867553711,100.9848456526181,99.85244857111249,99.87163851551249,2430100
2024-08-27,101.64698791503906,101.76214952703361,100.3994367323455,101.0615958668852,3139400
2024-08-28,101.52224731445312,102.41472978129764,100.98484103647756,102.11723806621994,3217000
2024-08-29,101.54142761230469,101.819729357423,101.03280995873389,101.53183630226009,2580800
2024-08-30,102.20359802246094,102.39552673329533,101.40707996143728,101.57981872983264,5033800
2024-09-03,103.43196105957031,103.5951011986471,102.05964952166624,102.20359971798564,4230000
2024-09-04,104.38202667236328,104.58356135182268,103.4607556129396,103.79664186429756,4447000
2024-09-05,104.15170288085938,104.89064379216842,103.77743677000294,104.60274340461224,4489800
2024-09-06,103.50873565673828,104.64113264331486,103.43196124235078,104.19009211080225,3937400
2024-09-09,102.78899383544922,103.47035030170977,102.20360172808527,103.02890839349637,4561500
2024-09-10,102.5298843383789,103.41277549644391,102.28996977488968,102.6834331733855,4201100
2024-09-11,101.84852600097656,102.13642640056263,100.60097468652995,102.07884924928995,4991500
2024-09-12,102.050048828125,102.14602050480677,101.00402491111475,101.62780420149134,2963100
2024-09-13,101.46466827392578,101.9732859663456,100.86967753323228,101.39749249042903,3802300
2024-09-16,101.17676544189453,101.64699591506286,100.89846368221215,100.93685088923156,4088700
2024-09-17,100.34185791015625,101.1191860220287,100.03476758250632,100.64894823780618,4031900
2024-09-18,99.01753234863281,100.5241954142444,98.1346485709163,100.02517637689492,4253500
2024-09-19,97.89473724365234,98.94076119091044,97.77957562127068,98.94076119091044,4897900
2024-09-20,98.90237426757812,98.90237426757812,97.76038595919353,98.15384202397493,10926700
2024-09-23,99.14227294921875,99.95798816666857,98.34576231489616,98.53769100040788,3780800
2024-09-24,99.60292053222656,99.93879942129851,98.56648797028113,99.31502015781595,2882600
2024-09-25,99.56454467773438,100.27468974152916,99.27664427050355,99.93881081416754,3258900
2024-09-26,98.90237426757812,99.83324391673996,98.13465208099512,98.4993195705012,3603200
2024-09-27,99.4781723022461,99.68929095561718,98.51851410440823,98.63366840231772,4461700
2024-09-30,99.62211608886719,99.95800231848168,99.27663854874622,99.90041784738746,4655500
2024-10-01,98.20182800292969,99.63171670931514,97.94271618186238,99.58373086938083,4076600
2024-10-02,97.94271087646484,98.23061125725314,97.49167036331488,97.94271087646484,4272800
2024-10-03,95.93704223632812,97.64523285336146,95.74510618173278,97.54926848686972,4695000
2024-10-04,95.0445556640625,95.821876517595,94.4687621680528,95.2460830215853,6029900
2024-10-07,94.59351348876953,95.87945935208324,94.36319755862804,95.56277037213157,4829600
2024-10-08,96.52242279052734,96.62798577746588,93.90255270263336,94.48794478597944,5095000
2024-10-09,96.92547607421875,97.2133764565489,96.2345210139151,96.52242139624525,3542200
2024-10-10,95.2364730834961,97.13659944853988,94.93898139888833,97.13659944853988,4406600
2024-10-11,96.06178283691406,96.0713814688134,94.91019594376539,95.61074231858738,4858700
2024-10-14,96.66636657714844,96.77192223548023,95.88903851379067,95.97541155265729,3180600
2024-10-15,97.45329284667969,98.47052819271657,96.87749207111594,96.87749207111594,3844800
2024-10-16,97.10781860351562,97.30934595315358,96.59920091324679,96.81031957362138,4188300
2024-10-17,96.47444152832031,97.77957731818428,96.03299961727976,97.72200016679983,3377400
2024-10-18,96.88916015625,96.96631833156844,95.24958940088024,96.1851120415428,4502600
2024-10-21,95.82825469970703,96.91808626115356,95.66429910659004,96.44550534526005,2456300
2024-10-22,96.12722778320312,96.39727400504479,95.17241939648932,95.22064508962148,4018700
2024-10-23,95.46176147460938,96.22367446803898,95.26886605496249,95.78967265069727,3949600
2024-10-24,96.19475555419922,96.426230090404,95.31710518526842,95.48106079642344,5259700
2024-10-25,92.2115478515625,94.3140601533496,91.76789941187268,93.10849134173333,7978900
2024-10-28,92.3369369506836,93.17601560694568,91.83542349427313,91.83542349427313,4570900
2024-10-29,91.35319519042969,92.12475491412857,91.07350230719331,91.64252732748838,5415000
2024-10-30,91.29532623291016,91.78719305181264,90.6780681795147,91.19887483324266,4551200
2024-10-31,90.37908935546875,91.91257683854168,90.32122440229159,91.18923549099243,4989700
2024-11-01,90.01258850097656,91.27602221859755,89.77147474673086,90.58161342905667,4859700
2024-11-04,90.28264617919922,90.87096440283328,89.81970447471993,89.96437421725776,4113700
2024-11-05,90.90953826904297,91.01562891692902,89.80041345091226,90.08010630822929,3302600
2024-11-06,87.01313781738281,91.29532069386612,86.83953561000624,91.29532069386612,8777500
2024-11-07,87.5435791015625,88.32479267289455,87.0999306744668,87.59180479594137,4533900
2024-11-08,89.27960205078125,89.58822736680656,87.81363363921304,87.90043106018517,4568000
2024-11-11,88.6912841796875,89.85827388963244,88.64306584283833,89.14457922367603,3539000
2024-11-12,88.24764251708984,89.98366465743077,88.18013095375483,89.98366465743077,4927100
2024-11-13,87.83291625976562,88.64306228330427,87.66896067628784,88.64306228330427,3456100
2024-11-14,88.19940948486328,88.37301168446297,87.56287299180306,87.77505427555911,4705400
2024-11-15,90.23441314697266,90.79379884828815,87.99687769991887,88.11261495618668,7328900
2024-11-18,91.25674438476562,91.74861118879235,89.63645951935123,89.64609877245951,4487700
2024-11-19,90.28264617919922,91.07349909910273,89.67504209039087,91.04456662223693,4918100
2024-11-20,90.57198333740234,91.08314337078959,89.55930252386297,90.08975578013761,4302400
2024-11-21,90.89989471435547,91.5460778763283,89.98366529712285,90.80345067436392,3642800
2024-11-22,91.54607391357422,92.03794806191054,91.13135793717463,91.61358547446679,3538900
2024-11-25,91.95114135742188,92.3465714616781,91.55571861137376,92.14403678323275,6159200
2024-11-26,93.1470718383789,93.26280173679484,91.81611914093014,92.17297016353172,4380600
2024-11-27,93.3206787109375,94.47802190222174,93.25316714741606,93.50392017866223,3427500
2024-11-29,93.19529724121094,93.38819268354003,92.45267002331799,93.06992072235359,2447100
2024-12-02,93.65823364257812,94.15010779491126,92.848087547076,93.3303150882866,4325300
2024-12-03,91.24710083007812,93.72575023050142,90.37908973770624,93.72575023050142,6203500
2024-12-04,91.43998718261719,91.50749874640094,90.37908802678324,90.7841574094857,3971800
2024-12-05,91.71968078613281,91.90292961425041,90.80345136196216,90.9095420142188,4407100
2024-12-06,90.88060760498047,92.67448732723918,90.85166777099161,91.81612287411555,4104800
2024-12-09,89.63645935058594,91.14100695199211,89.50143622523967,90.70700510026602,4933600
2024-12-10,90.55268096923828,90.6587716097787,89.01920102394881,89.4146237547021,4324900
2024-12-11,89.46285247802734,91.36283010341013,89.3181827489185,90.80344440856693,3629400
2024-12-12,90.23441314697266,90.68770820292804,89.26031883333256,89.73289975289515,3519600
2024-12-13,90.11868286132812,90.60091038972443,89.64609458558989,90.1379687248524,3019600
2024-12-16,89.6171646118164,90.91917750317529,89.50143471102525,90.2922875853343,6601500
2024-12-17,90.16690063476562,90.56233073751497,89.13493402478635,89.21209219481666,5633400
2024-12-18,89.45321655273438,90.78416203146404,89.3857049855135,89.55930720953988,4849200
2024-12-19,89.6171646118164,90.2922875853343,88.83595834864275,89.36641158796334,6641100
2024-12-20,88.75880432128906,89.83899671444102,88.20906519223152,89.15423445601557,9929700
2024-12-23,88.64307403564453,88.92275954656034,87.84257451624093,88.70093898849488,2975100
2024-12-24,89.10601043701172,89.21210109183168,88.44053403099718,88.56591790935286,1531600
2024-12-26,89.08671569824219,89.25067129092093,88.65270651042377,88.82630871390951,1919500
2024-12-27,88.54662322998047,89.43392754281422,88.39231423527593,89.43392754281422,2544100
2024-12-30,87.56288146972656,88.34408776445832,87.21567703691053,88.27657620020014,2832100
2024-12-31,87.6786117553711,88.26692256382313,87.05171450388976,87.79434165162682,2911900
2025-01-02,87.33141326904297,88.00652890365058,86.97456222891692,87.82328007788199,3206100
2025-01-03,86.94562530517578,87.55322934524055,86.55984180875973,87.34104805430131,3101700
2025-01-06,84.42839813232422,86.6659336115676,84.25479592452912,86.47304553988782,6077400
2025-01-07,84.28373718261719,85.45072706177012,83.99439768673737,84.81419047232717,4758800
2025-01-08,84.35123443603516,84.47661093859502,83.77256290068595,84.01367665359878,5063900
2025-01-10,83.29033660888672,83.99438465705786,82.8177557065875,83.29998321944201,6711100
2025-01-13,84.00404357910156,84.38018050559744,83.26141633807893,83.58932756293831,8184400
2025-01-14,84.55376434326172,84.65985497722475,83.91722789769092,84.11011594587423,4606600
2025-01-15,84.73703002929688,85.49895048043702,84.44769054114431,85.31570164739314,5125300
2025-01-16,85.4121322631836,85.47964381871128,84.27407507128284,84.48625634814347,3334100
2025-01-17,85.53753662109375,86.38625457372241,85.05530900655735,85.26749033426687,5149900
2025-01-21,85.5763168334961,86.74022157264208,85.20774132615671,85.86728931831966,5048100
2025-01-22,84.9167709350586,86.99240579099927,84.78098229214106,86.75961891748975,5323200
2025-01-23,85.26594543457031,85.60541704819117,84.29602230998147,85.05256116317257,6586200
2025-01-24,85.2368392944336,86.0321759397872,84.83917467171979,85.07195414355046,5482900
2025-01-27,88.46668243408203,88.66067148827294,86.28435552393331,86.83721137850729,5164800
2025-01-28,87.15728759765625,89.1359315469822,86.92450813300783,88.02051853732299,4790700
2025-01-29,86.87600708007812,87.88472793760273,86.85661187509282,87.39976641378853,3225900
2025-01-30,88.15631103515625,88.2727044725399,87.24458094213291,87.82654072912504,5415300
2025-01-31,84.09232330322266,84.76157255841451,82.76353349499298,82.86052431750294,11099000
2025-02-03,84.41239929199219,84.64517874493822,83.1223998987166,84.4511971008041,6877800
2025-02-04,83.89834594726562,84.51909612297388,83.55887435116358,84.32511446803721,4073100
2025-02-05,84.01473999023438,84.16022253253036,83.21940335933769,84.02443389310353,4126400
2025-02-06,83.10301208496094,84.57729195130003,82.78293568374107,84.56759804817897,4540500
2025-02-07,84.1505355834961,84.21842990881999,82.86053600241557,83.02542116392696,3988300
2025-02-10,83.37458038330078,84.0826274308924,83.05450401658435,83.9177348965709,4162700
2025-02-11,84.74217987060547,84.77127637823004,83.10300754178219,83.41338262298699,3464500
2025-02-12,84.12144470214844,84.7324936709557,83.85956128699749,84.15054121495922,3411900
2025-02-13,85.11075592041016,85.43083233404188,84.10203496225117,84.17963058978486,3712700
2025-02-14,83.45217895507812,84.82946789103538,83.30668901960647,84.64518014610958,4137100
2025-02-18,83.79165649414062,84.05353987659043,82.75383906722803,83.16120499556546,3827600
2025-02-19,84.7906723022461,84.99435525727066,83.8401518454648,84.41240290006823,4307000
2025-02-20,85.2271499633789,85.61511330393355,83.80136174706877,84.02443992789506,3252800
2025-02-21,86.77902221679688,87.09909862048481,84.86827249771723,85.31443624228552,4747300
2025-02-24,87.39976501464844,88.95164038602553,86.37164896859714,86.42014068024692,5409500
2025-02-25,89.51419830322266,89.80517077544167,87.8168329822057,87.92352510866367,5818200
2025-02-26,87.45796966552734,89.23293082642667,87.29308450411304,88.93225701444452,3930200
2025-02-27,87.487060546875,88.33089630675696,86.90510816761288,87.25428107515535,3673800
2025-02-28,88.42788696289062,89.17473189141572,87.35127173340452,88.30179962427482,5332900
2025-03-03,90.01856231689453,90.01856231689453,88.19510951693563,88.25330253610605,4732300
2025-03-04,88.32119750976562,92.35608126699493,88.28239969672386,90.46472673082137,6107500
2025-03-05,88.99044036865234,89.43660408632427,87.62284530802536,87.68104572332216,3446600
2025-03-06,90.484130859375,90.66841862444181,88.65097671189096,89.03894744890864,4703900
2025-03-07,93.83036041259766,95.3822359222271,90.04765877042668,90.04765877042668,10097300
2025-03-10,94.5675048828125,97.16689915917814,94.26683108141789,94.41231363052741,9791400
2025-03-11,91.26976013183594,93.82066256214648,91.10487498460868,93.32599972053889,6640500
2025-03-12,88.08841705322266,90.40653270726067,87.51616596704538,89.81487901481486,9118300
2025-03-13,87.79743194580078,88.85465192688108,87.56465248388221,88.22420045925621,4396400
2025-03-14,87.1185073852539,87.63256553182737,86.49775708751305,87.03121784334999,4569400
2025-03-17,87.98171997070312,88.62187274289387,87.05059472018306,87.47736323497689,5642900
2025-03-18,86.79842376708984,88.08842337932168,86.69173162472921,87.82654737529892,3621600
2025-03-19,87.7198486328125,87.81683946404448,86.5074447425975,86.69172510196043,8242100
2025-03-20,87.56465148925781,88.03991171025484,86.45893980779705,87.82653485587649,5571900
2025-03-21,87.58406066894531,88.61217680785171,87.28337946988832,87.39977290822581,8950600
2025-03-24,88.166015625,88.63157459203802,87.3706789397109,87.3706789397109,4611200
2025-03-25,86.89540100097656,88.24360082518871,86.36194777261935,88.23389952287661,5173000
2025-03-26,89.26202392578125,89.4948034035829,86.91481174147187,87.1281960127593,4700500
2025-03-27,90.38713073730469,90.47442025920284,89.16502563125155,90.07675565956865,2956500
2025-03-28,90.02825927734375,91.0757779714385,89.44630691393304,91.0757779714385,2825800
2025-03-31,90.88179016113281,91.49284644101596,90.26103997834026,90.45502903541662,6224600
2025-04-01,91.0757827758789,91.7741286087813,90.37743694297652,91.4055530859016,4916200
2025-04-02,90.73631286621094,91.40555480203555,89.81488144163806,91.16307401661001,4849100
2025-04-03,93.11261749267578,94.31532006331024,91.94871273398773,92.39487647148235,5483400
2025-04-04,88.90315246582031,94.79058522575941,88.5733747728806,94.03403901251858,7434400
2025-04-07,86.5074462890625,88.46668775470718,85.40173451341406,87.05060087361227,7820200
2025-04-08,85.93518829345703,87.89443717039941,85.0816585985069,87.58406206315152,5677700
2025-04-09,87.51616668701172,88.97105137222248,84.84887809745867,85.09135887832713,7407600
2025-04-10,89.0389404296875,89.92156657189433,86.82750962299873,87.42886458796573,6465500
2025-04-11,91.17276763916016,91.68682567696732,88.53457573199636,88.68976697355926,5664200
2025-04-14,92.12329864501953,92.4433676418211,90.67810790825322,91.21156856946575,3658600
2025-04-15,91.42495727539062,92.70525552457184,91.37645815840578,92.12330312038516,3874800
2025-04-16,90.67810821533203,92.14269416295404,90.40653093231359,92.05540463623781,4120300
2025-04-17,93.14574432373047,93.662677630414,90.9804703331338,91.08775922033024,7029800
2025-04-21,92.3654556274414,93.8577443666789,91.83877423866927,93.43834441538633,7691400
2025-04-22,93.4480972290039,93.61391205811964,91.47789738020327,92.07286030472504,5233600
2025-04-23,91.57543182373047,92.65806880187871,90.42452077674926,92.65806880187871,8497400
2025-04-24,90.41475677490234,91.15602333971195,89.60522358894569,90.7853937779645,11292300
2025-04-25,91.59494018554688,93.44809555254648,89.57596255109108,93.13598446997985,9599000
2025-04-28,88.71765899658203,91.5949402497852,88.56160717584686,91.33159210540401,7172700
2025-04-29,90.05389404296875,90.33674589178653,87.61552373383161,88.45432371548004,5941100
2025-04-30,89.91734313964844,91.42912822009797,89.10780243595971,90.85367641664493,5916200
2025-05-01,88.45431518554688,89.65398909481719,88.20072261428298,88.91272995006877,4115600
2025-05-02,88.24949645996094,89.3321259693468,87.53748909619758,88.82494824820492,4715700
2025-05-05,88.50308227539062,88.80544523884932,87.97639342173368,88.69815635525354,4084300
2025-05-06,88.75667572021484,89.31262383091962,87.76182394785933,88.1909720450934,3605600
2025-05-07,88.63963317871094,89.16632204881554,87.87886284677613,88.4543220986983,4401100
2025-05-08,88.59086608886719,89.61497708723013,88.27875500727346,88.48357720694605,3550700
2025-05-09,87.59601593017578,88.71766780323027,87.49848260237016,88.42506781981339,3846300
2025-05-12,86.9425277709961,87.34242405799668,85.46975007790216,86.79622406986624,6071500
2025-05-13,85.71358489990234,86.78647371978029,84.79676278289095,86.78647371978029,5458100
2025-05-14,85.4112319946289,85.72334308596258,84.91380238486369,85.51852087989818,3699300
2025-05-15,87.42044067382812,87.46921105153264,85.80136682418339,85.80136682418339,4002900
2025-05-16,88.98100280761719,89.10779537087195,87.39118077849254,87.78132147330352,4650300
2025-05-19,89.47842407226562,89.5857129483332,88.34702425370953,89.24434263417035,3769900
2025-05-20,89.7222671508789,89.88808197868698,89.18583017552298,89.44917088105186,3941800
2025-05-21,89.41014862060547,89.67349674552241,88.795682064657,89.07853387523112,4569200
2025-05-22,88.65914154052734,89.71251924785605,88.23974157046028,88.82494892742669,5098600
2025-05-23,90.30747985839844,90.4537835662807,88.4738280513791,89.66375396155847,6723700
2025-05-27,90.15142822265625,91.29258375224686,89.79054673460537,90.32699118423294,6055200
2025-05-28,89.49794006347656,91.11701397348972,89.39065118157818,89.87832521154716,5288800
2025-05-29,90.02462768554688,90.04413137230195,88.8151907499107,89.07853888965207,4718600
2025-05-30,90.64884948730469,91.17553832342243,89.99536064316979,90.46353097793501,6317300
2025-06-02,89.66374969482422,90.4050163225223,88.95174231904713,89.94660153225263,3152500
2025-06-03,88.38603973388672,89.4589210613434,88.20072122995077,89.44916549763236,4775900
2025-06-04,87.97639465332031,89.03952793983905,87.74231319552318,88.46406869783166,3948400
2025-06-05,87.92762756347656,88.13244975954588,87.22537578191604,88.00565719283108,5123500
2025-06-06,88.01541137695312,88.47382617933717,87.78132991408393,88.05442619431726,4716500
2025-06-09,88.62987518310547,89.11754918169814,87.49846793453942,87.54723831092456,5893000
2025-06-10,89.67350006103516,89.96610000459889,88.62012240504997,88.93223347630689,4533200
2025-06-11,89.83930969238281,90.34648740539862,89.25410234926763,89.59547267930856,5353800
2025-06-12,90.84391784667969,90.87317709791229,89.6832512723521,89.90758460066064,4701700
2025-06-13,88.03491973876953,90.75614177351788,87.86910490985578,90.5805788215562,5332000
2025-06-16,87.88861083984375,89.16631436718303,87.80082564839788,88.46406260087554,5710500
2025-06-17,86.4450912475586,88.05441694860066,86.34755793504705,88.05441694860066,5145900
2025-06-18,86.01595306396484,86.73770858902817,85.47950862156368,86.56214562981648,5107000
2025-06-20,85.61605834960938,86.49387316193493,85.59655466103136,85.85989538407115,9573100
2025-06-23,86.48410034179688,86.52311515248446,85.23565616505098,85.70382645198782,5095600
2025-06-24,86.00619506835938,86.56214318326406,85.24542474704931,86.22077283925512,4556400
2025-06-25,85.63555908203125,86.09396640045648,84.92355175367256,85.22590725847351,3571100
2025-06-26,85.62580871582031,86.17200125863181,85.27468281220855,85.70383834802632,5813600
2025-06-27,86.52312469482422,86.70844320569987,85.57703589492344,85.70383590397103,6946200
2025-06-30,88.65914154052734,89.00051187864814,86.31830467134641,86.35731948731954,7782700
2025-07-01,89.77103424072266,90.14166381600127,88.58110844467687,88.85420470449426,6022800
2025-07-02,90.12216186523438,90.15142111630479,89.10779899400762,89.56621377095112,5342200
2025-07-03,90.49279022216797,90.82441242621036,89.64424218735675,90.51230135016077,3300900
2025-07-07,91.02923583984375,91.8680357631933,90.37575442832949,90.43427293046058,5794100
2025-07-08,89.86856079101562,90.80489394332453,89.8588052278094,90.3854940212296,6099800
2025-07-09,89.32237243652344,90.24895006840633,88.83469843209775,89.87832050391613,6034200
2025-07-10,88.38603973388672,89.40040256170671,88.37628417017567,89.06878036736421,4531900
2025-07-11,87.3716812133789,88.04466631632265,86.90351086926071,87.83984411618194,4372700
2025-07-14,86.65967559814453,87.32291259156256,85.57703863181047,87.32291259156256,3648400
2025-07-15,85.9769287109375,87.47896554176162,85.89889908409383,86.65966934253265,3788200
2025-07-16,85.49901580810547,86.33780830641662,85.02108989371035,85.90866021360247,4198000
2025-07-17,85.08935546875,86.1524886336488,84.80650366233314,85.49900727467602,3788100
2025-07-18,85.20709991455078,85.8645072546011,84.87349669996166,85.06973300431582,4973700
2025-07-21,85.0108642578125,85.57014596401119,84.94218080217179,85.0108642578125,3523500
2025-07-22,87.03213500976562,87.06157719581117,85.06974181914241,85.27579969178147,5047500
2025-07-23,87.12044525146484,87.19894277450291,86.52191473868726,87.1891287126392,3520300
2025-07-24,86.78683471679688,87.48349087790749,86.58078433281018,87.1891289088203,2503800
2025-07-25,86.276611328125,87.14006158104728,85.84488245869613,86.72796083437542,3186100
2025-07-28,84.84406280517578,86.22754598160557,84.7459446520709,86.14905595068282,4823700
2025-07-29,85.22673797607422,86.36492214875187,84.83425783565791,85.24635861442381,4382400
2025-07-30,84.1866683959961,85.80563674189409,83.96098989190031,85.44259880330553,4638800
2025-07-31,82.27333068847656,84.03948750436778,81.95934808631098,83.9217412213298,9561000
2025-08-01,81.93972778320312,84.60858365547115,81.1449534698404,82.44013264480157,9606700
2025-08-04,81.79254150390625,82.42050667013723,80.85059375455977,81.82197620139594,5536400
2025-08-05,81.49818420410156,82.30276508708253,81.3313825848589,81.44912886746674,6373300
2025-08-06,83.01904296875,83.31340493618853,81.02721511543193,81.59631092664732,5537000
2025-08-07,83.1171646118164,83.39189846710447,82.53826220045028,82.9896117464144,4000400
2025-08-08,83.0975341796875,83.53906961137179,82.73448877888059,82.87185569033504,4133900
2025-08-11,82.86205291748047,83.42133470057419,82.57751248065868,83.1466008402385,3515600
2025-08-12,83.37227630615234,83.40171100640485,82.59713009378049,82.96017553074533,5333800
2025-08-13,84.71650695800781,85.37391433911114,83.5096393875878,83.56850878538323,3534400
2025-08-14,83.05828857421875,84.16703796902851,82.87185883619563,84.03948511381748,3497200
2025-08-15,83.47039031982422,83.71568945764972,82.97979204417321,83.41152092224549,4150400
2025-08-18,82.67562866210938,83.72550873800625,82.66581459992265,83.64701121238464,3906600
2025-08-19,84.23572540283203,84.45158984948107,82.8424280474703,82.88167680921885,4548200
2025-08-20,84.43196868896484,86.29623620189803,83.85305881417702,84.56933561126654,5944100
2025-08-21,84.65763854980469,84.67726667325636,83.69607010687301,83.98061052350076,4925100
2025-08-22,84.32403564453125,85.68789827833214,83.71569107602677,84.94218678886469,4087400
2025-08-25,82.47937774658203,84.38290140636447,82.42050835040251,84.20628573189047,4481900
2025-08-26,82.55787658691406,83.24471117312045,82.27332869093269,82.42050966967278,6163100
2025-08-27,82.86205291748047,82.87186697990282,82.1948389055497,82.56769841823635,4196700
2025-08-28,81.8514175415039,83.08772733795006,81.65518121835697,82.6952472057203,5321500
2025-08-29,82.48918914794922,82.71486763591912,81.65517362324641,82.05746029405992,3934700
2025-09-02,82.80317687988281,82.99941319698802,82.00841006389041,82.59712650114166,5288500
2025-09-03,82.23407745361328,83.15640457239341,81.09589338991054,82.9307260803323,5048000
2025-09-04,82.09671783447266,82.51863267247077,81.45893854643792,82.51863267247077,6202400
2025-09-05,83.52925872802734,84.14741733902451,81.55705907314398,81.90047636484489,6165400
2025-09-08,82.60694885253906,83.48021327738152,82.39108439049956,83.32321821919409,3975800
2025-09-09,82.69524383544922,83.09753801322145,82.22427368471676,82.48919345876182,3585200
2025-09-10,81.63555145263672,82.50881579916859,80.74266646855911,82.13596379831381,4406000
2025-09-11,82.47937774658203,82.71487030317097,81.68461095441677,81.81216380811755,3362300
2025-09-12,81.71405029296875,82.95036008449554,81.70423623106969,82.17521388505851,3169100
2025-09-15,80.5856704711914,82.16539752565456,80.06563749412012,81.64536454858326,6605800
2025-09-16,79.9478988647461,81.02721358169774,79.87921540510196,80.80153507947522,6555300
2025-09-17,80.67398071289062,81.40987811785725,79.97733206783448,80.25206590127233,3951900
2025-09-18,79.99696350097656,80.57587343036475,79.48674452515368,79.78109903530424,3719200
2025-09-19,79.64372253417969,80.40905464895958,79.50635561542101,80.19319769514998,14727600
2025-09-22,77.86775970458984,79.85958752630336,77.79907624473543,79.77128342903441,5864000
2025-09-23,78.64290618896484,78.71158964908355,77.27904356236782,78.0051269244707,5400400
2025-09-24,79.6044692993164,79.84976842416003,78.27004146129227,78.32891834169068,6406300
2025-09-25,78.20136260986328,79.977333468727,77.7990759141215,79.73203432944143,6060000
2025-09-26,78.09342956542969,78.45647498267722,77.69114287393401,78.29948742787799,4263400
2025-09-29,78.8882064819336,79.05500810380909,77.55377853505804,78.1130602858856,4714000
2025-09-30,78.43685150146484,78.97650509106805,78.10324079496777,78.77045472202661,6643900
2025-10-01,77.52433776855469,78.88820030833023,77.37715679597372,78.74101933574926,7014300
2025-10-02,76.83749389648438,77.81869037575885,76.70994104911532,77.12204177378618,5667200
2025-10-03,76.53333282470703,77.3869765396118,76.44502872623539,76.85712949097461,6725800
2025-10-06,75.9936752319336,76.9454371511749,75.86612236625834,76.53333636735995,7520900
2025-10-07,77.6224594116211,77.975690767323,75.64043819507867,76.09179519420321,7362700
2025-10-08,76.53333282470703,77.93644422593076,76.36653120363674,77.45566000040166,5928500
2025-10-09,76.3469009399414,77.03374301452303,76.1899133850804,76.53333067940343,6468300
2025-10-10,76.49407958984375,77.2888463733517,76.34689861506274,76.57257710785167,5100900
2025-10-13,75.53250885009766,76.43520782135818,75.23814690967417,75.99366491072296,5758000
2025-10-14,76.92581176757812,76.9944952273107,75.46383098987886,75.67968794479859,5515100
2025-10-15,76.1702880859375,76.82769548622628,76.01330052525637,76.19973027163006,5321200
2025-10-16,76.61182403564453,77.06317352449867,76.1408464247899,76.25859269898734,7215300
2025-10-17,78.15276336669922,78.31080345328041,76.7995088577441,77.05633247657966,5949700
2025-10-20,77.78728485107422,78.37994837128588,77.72802075989071,78.26142018891886,4087500
2025-10-21,77.65887451171875,78.08361807026688,77.26376299788613,77.8564265005724,4447200
2025-10-22,78.88371276855469,79.44674422186085,77.54033815432854,77.67862605260547,6773600
2025-10-23,77.48107147216797,78.83431836517536,76.98718398453023,78.77505427821883,6198600
2025-10-24,77.04644775390625,78.52811021071214,76.9279120443568,78.24165456472801,4247500
2025-10-27,76.87853240966797,77.10571644638532,76.43402912439964,76.91804431521129,8337400
2025-10-28,76.19696044921875,76.83901568581723,75.83148099795501,76.52292799741682,6814500
2025-10-29,74.80420684814453,75.83148625456275,74.4584795563855,75.76234230343604,8658100
2025-10-30,75.57466888427734,75.83148496344658,74.91285389347496,75.02150974855631,8657900
2025-10-31,76.10806274414062,76.21671859129104,73.707769319488,74.62640032240752,17696500
2025-11-03,74.06336975097656,75.86111987513638,73.63862621710845,75.63392831864303,10824100
2025-11-04,75.61418151855469,75.65368588794217,74.08312720846295,74.87335024647007,8928100
2025-11-05,75.96977996826172,76.19696400132386,75.08078094815369,75.82161220888949,7515000
2025-11-06,76.32537078857422,76.6809703907862,75.51539559156362,75.66356334850614,6823200
2025-11-07,77.79716491699219,78.02434895787896,76.14757485881705,76.89828600566693,8565900
2025-11-10,77.51070404052734,78.02434371525382,77.08596049683764,77.43168023330018,6801100
2025-11-11,78.49848175048828,78.69603373929651,76.96742746078588,77.82679443796485,8253200
2025-11-12,77.59960174560547,78.76517654941115,77.56996970132548,78.45896871035104,5936600
2025-11-13,77.82678985595703,78.37994142095386,77.5205820304945,77.66874224531516,6161100
2025-11-14,77.09584045410156,78.70591096373116,76.9180406556785,77.90581563888992,6950900
2025-11-17,77.84654235839844,78.40957378540004,77.04644705058692,77.3230228342193,6463200
2025-11-18,78.36019134521484,78.67627903887502,77.5798482029639,78.25153549400743,5844000
2025-11-19,77.51070404052734,78.38982317158566,77.37241614594232,78.28116732067957,3832000
2025-11-20,77.89593505859375,78.24165479229566,76.68096852458417,77.12547178459377,5984600
2025-11-21,79.94062805175781,80.35549172752046,78.13299806091717,78.41945370450324,7633100
2025-11-24,78.21202850341797,80.1085547845153,78.14288455159021,79.92088265019743,7111300
2025-11-25,78.84420013427734,79.09114388407602,78.24165678187855,78.80468822997453,6097700
2025-11-26,79.06151580810547,79.31833943090155,78.34043670660613,78.50836419235291,4049300
2025-11-28,79.40723419189453,79.45662595792747,78.93310639693013,79.02200253243892,2568000
2025-12-01,78.96273803710938,79.70356930705135,78.63677046966481,79.31833764957156,6578100
2025-12-02,77.8564224243164,78.48859779890024,76.90815936244066,78.48859779890024,9270100
2025-12-03,77.24400329589844,78.69603377631036,77.16498702201316,78.03422632375366,5536800
2025-12-04,76.65133666992188,77.54033565600554,76.60195244277139,77.25388000848274,5760200
2025-12-05,77.11559295654297,77.25388085187402,76.29573790841951,76.522929471392,5649600
2025-12-08,75.17955780029297,76.60195624869792,75.09065412920496,76.34513263193028,6394700
2025-12-09,76.03892517089844,77.56009208622037,75.66356583615305,76.00928558963531,6254300
2025-12-10,76.80938720703125,77.33290675872762,75.84136437731182,76.2661079348226,9298400
2025-12-11,76.30562591552734,77.54034478147439,76.12782609738593,76.88840960291392,7265500
2025-12-12,77.38228607177734,77.5205814982018,76.20683900423028,76.72047866303973,5253700
2025-12-15,78.45896911621094,78.59725701431634,77.29339430637584,77.53045819796723,4667100
2025-12-16,77.98483276367188,79.02199952184615,77.97496043974174,78.97260775769495,5358200
2025-12-17,78.75530242919922,79.150406392088,78.02434351837991,78.03422337828962,5053700
2025-12-18,76.77975463867188,78.59725703489035,76.55256307108195,78.43921695249647,9910900
2025-12-19,77.40204620361328,77.73788607152406,76.84889463946617,77.09583837862111,11417700
2025-12-22,78.07373809814453,78.1033701428176,76.81925960873247,76.94767518381616,5237900
2025-12-23,78.9528579711914,79.07139368707868,77.86630695199685,77.94533076258837,5919300
2025-12-24,79.2689437866211,79.41711154391459,78.72566452192004,78.79480847050696,1879800
2025-12-26,78.75530242919922,79.36771809335185,78.57750263144925,79.18991829560188,2935000
2025-12-29,78.71578979492188,79.1207736139607,78.4688460523464,78.71578979492188,3255700
2025-12-30,78.53799438476562,78.91334618143685,78.2712909076601,78.6071383351031,2521200
2025-12-31,78.0539779663086,78.70591309018194,78.02434592179168,78.33056129942548,2635300
2026-01-02,76.74024200439453,77.99471293593028,76.53281015915438,77.965080891771,3888200
2026-01-05,75.98953247070312,76.28586799068786,75.03138949702785,75.97965261040355,7668600
2026-01-06,76.25623321533203,76.36488907709872,75.57467353421687,75.80185758254666,8387800
2026-01-07,76.14756774902344,77.3822864441584,76.06855147998968,76.93779072835974,8683900
2026-01-08,79.8813705444336,80.3653782060187,76.61183002328077,76.83902159936184,10125300
2026-01-09,80.4839096069336,80.50366179086453,78.87383154799623,79.8714863993232,6178100
2026-01-12,80.92840576171875,81.15559732680047,79.8517270967882,80.9975497100262,6733500
2026-01-13,81.94581604003906,82.21251951985202,80.50366539255654,81.35315252596925,8414400
2026-01-14,83.5163803100586,84.04977218494639,82.01495807103097,82.08410202045164,9949900
2026-01-15,83.30894470214844,83.51638409593913,82.27178541382307,83.20029637909822,5403000
2026-01-16,83.48674011230469,83.66453991466162,82.52860468773561,83.03236451430924,6949600
2026-01-20,84.39550018310547,84.79060416249895,82.53847832100462,83.11138964170064,9850700
2026-01-21,84.20667266845703,84.6240767394181,83.30228959910276,84.16691881661237,6621100
2026-01-22,85.27999877929688,85.4191334735983,83.97809231878831,84.3159886957283,9156600
2026-01-23,86.124755859375,86.29370404975406,85.1408650470616,85.61790370596557,5345200
2026-01-26,84.67376708984375,86.35333138832408,84.65389395418376,86.13468898470269,7112400
2026-01-27,85.23031616210938,85.44895857266799,83.99796940846491,84.5247022985709,4992100
2026-01-28,84.47500610351562,85.60796440232217,84.17685599024134,84.89241019628174,5052300
2026-01-29,84.7135238647461,85.43901844884702,84.25636590607844,85.00173362652468,7946100
2026-01-30,89.73233032226562,90.14973439855761,87.158323353921,88.1521469159145,13920100
2026-02-02,91.32244873046875,92.10757027344916,89.53356324237767,89.9907287644349,11456700
2026-02-03,92.57466888427734,92.76349021034923,90.41807351467028,90.41807351467028,8905500
2026-02-04,93.7871322631836,94.63188077431774,92.82312219500726,92.82312219500726,10097400
2026-02-05,94.29397583007812,94.9002088030323,92.67404617086483,94.42317774441811,8788500
2026-02-06,93.82688903808594,95.05922817015252,93.31009652374453,93.86663530939933,5789500
2026-02-09,93.57843017578125,93.86663233617205,92.79330865244567,93.4194147664754,5679800
2026-02-10,93.349853515625,94.34367714186085,92.92250905305268,93.47904785741754,5457400
2026-02-11,94.72132110595703,94.96977699603227,92.57466615848843,92.7436143439943,6534900
2026-02-12,95.57601165771484,97.52390496033904,94.82071119781938,94.82071119781938,6723900
2026-02-13,96.07292175292969,96.69903544856284,94.81076916756842,95.45675599820757,5326300
2026-02-17,95.0592269897461,97.02699343303193,94.70144989419009,96.37107381269405,8164300
2026-02-18,94.98966217041016,95.33749891638226,94.4132426586436,94.70145241452688,5617000
2026-02-19,93.39954376220703,95.48657177219029,93.05169944198298,95.19836202295242,6599500
2026-02-20,94.50267791748047,94.5225586345922,92.8131809120377,93.71756398382232,6561000
2026-02-23,96.5002670288086,97.01705953073613,94.34367170392753,94.41323905046329,5635900
2026-02-24,97.50403594970703,97.5934764360024,95.80459846964247,96.69904124395867,5419700
2026-02-25,96.07292175292969,97.46427625378199,95.51638298549757,96.89779712771087,5653600
2026-02-26,96.94749450683594,96.94749450683594,95.94373055511015,96.55990391224057,5800200
2026-02-27,98.52767181396484,98.71650072566527,96.81829399636975,96.81829399636975,6096300
2026-03-02,96.69903564453125,98.20964412302493,96.1822431460638,97.9512478737912,6273700
2026-03-03,94.92008972167969,96.40088469341872,93.98589315502467,95.95366712723434,7507200
2026-03-04,94.69151306152344,95.4269404154316,94.46293787557275,95.02941703425257,5796400
2026-03-05,92.0976333618164,94.3834307285723,91.9088120293135,94.32380373749481,6777000
2026-03-06,92.98213195800781,93.02188581118288,90.8553500979107,91.58084464937944,6785000
2026-03-09,92.42559051513672,93.04176384818888,91.44170731978593,92.11750763974663,7808700
2026-03-10,91.91873931884766,92.90263010652407,90.91498297836138,91.84917197265284,5869200
2026-03-11,89.05653381347656,91.5510331840221,88.66894321427006,91.31251005968551,7661700
2026-03-12,87.40678405761719,89.25529659129823,87.34715706694118,88.57949622863772,7912800
2026-03-13,88.2912826538086,88.74844817014005,87.40678027973935,88.53973854724988,5707600
2026-03-16,89.74227142333984,90.14973514434658,88.64905943028546,89.0565307335643,5433200
2026-03-17,89.3844985961914,90.91498787721811,89.10622919641791,90.09011245483777,5236800
2026-03-18,86.97943878173828,88.41054720269331,86.91981179162262,88.26147214513176,6304800
2026-03-19,84.97191619873047,87.19807889774286,84.93216234560693,86.84030180190327,7620900
2026-03-20,84.59426879882812,85.61790590863548,83.5507509706575,85.4986443452732,12313700
2026-03-23,84.62407684326172,86.06511795860743,84.36568059709028,85.916042909575,7341900
2026-03-24,84.00790405273438,85.26012385748155,83.82901550919907,84.05759826348886,5472100
2026-03-25,84.96197509765625,84.98185581518044,83.43148588599547,84.72345956327092,6003800
2026-03-26,83.62031555175781,85.68747042129333,83.50105399234424,85.09117778876983,4889800
2026-03-27,83.76939392089844,85.00173308785706,83.41161681076973,83.74951320240656,6808300
2026-03-30,85.20050048828125,86.13468951550364,83.88865364074107,84.99179086006757,10043800
2026-03-31,84.7035903930664,85.51852545744687,82.98427219580375,85.20050220262212,6771600
2026-04-01,84.88247680664062,85.41913487502383,84.06753418054457,84.2663034487164,5237200
2026-04-02,84.61414337158203,84.94210698969242,83.90852950315434,84.69365108184017,5588800
2026-04-06,84.00790405273438,84.93216026395481,83.85882900274295,84.65389088118255,3513400
2026-04-07,82.6165542602539,84.23649160290576,82.55692726977136,84.00790883560195,6023900
2026-04-08,85.02161407470703,85.08124106582585,83.19297466358039,83.23272851841712,5845400
2026-04-09,85.50858306884766,85.86636016981846,83.93833996817273,84.19673622604549,4699800
2026-04-10,83.81907653808594,85.68746970866569,83.69982256193634,85.41913309778484,3738200
2026-04-13,83.46131134033203,83.76939423766856,82.51717434748285,83.58056532264422,4704600
2026-04-14,83.64019775390625,84.08741534066803,82.7656281338959,82.82525512352485,7860300
2026-04-15,82.97432708740234,83.83895631615889,82.08982472360094,83.48117922717493,5064000
2026-04-16,83.10353088378906,83.7892640012998,82.64637294469117,82.74575378670858,4323600
2026-04-17,85.27999877929688,85.76697779162403,83.15321692952116,83.18303042368973,6406300
2026-04-20,83.52999877929688,84.75,83.0199966430664,84.62000274658203,5106900
2026-04-21,81.80999755859375,84.1500015258789,81.79000091552734,84.12000274658203,5367100
2026-04-22,82.3499984741211,82.70999908447266,81.81999969482422,82.19000244140625,4342800
2026-04-23,83.72000122070312,84.12999725341797,82.41000366210938,82.69999694824219,5358800
2026-04-24,84.6500015258789,85.08999633789062,84.16000366210938,84.55999755859375,5604000
2026-04-27,84.16999816894531,85.30000305175781,83.86000061035156,84.26000213623047,4414200
2026-04-28,85.66999816894531,86.33000183105469,84.6500015258789,85.26000213623047,5568800
2026-04-29,84.48999786376953,85.48999786376953,84.12000274658203,85.13999938964844,4280500
2026-04-30,85.36000061035156,85.79000091552734,84.66000366210938,84.86000061035156,7495400
2026-05-01,87.26000213623047,89.33999633789062,86.69999694824219,88.16999816894531,8932900
2026-05-04,85.37000274658203,86.4000015258789,84.80999755859375,85.91000366210938,4628000
2026-05-05,86.33000183105469,87.33000183105469,84.08000183105469,85.36000061035156,5109500
2026-05-06,88.16000366210938,89.06999969482422,87.23999786376953,87.48999786376953,5768000
2026-05-07,87.36000061035156,88.18000030517578,86.62999725341797,88.18000030517578,5012800
2026-05-08,87.55000305175781,88.56999969482422,87.20999908447266,87.66999816894531,4435400
