Date,Close,High,Low,Open,Volume
2010-01-04,41.26545333862305,41.33852617519494,40.79570052699544,40.81657506701232,10173800
2010-01-05,41.5577392578125,41.5577392578125,41.087982570373626,41.34895806537633,10593700
2010-01-06,41.562957763671875,41.756081072212126,41.33330202565045,41.46378977900111,11014600
2010-01-07,41.406368255615234,41.599487551233956,41.21846560213732,41.4220261463768,9626900
2010-01-08,41.47943878173828,41.47943878173828,41.17670630313022,41.29675676263664,5624300
2010-01-11,42.21540832519531,42.32501759077372,41.787408533910984,41.844823480000336,11916800
2010-01-12,41.9700927734375,41.990967314574974,41.47945743111294,41.505552598620355,12175200
2010-01-13,41.65168762207031,41.970078021819496,41.28109894131064,41.89700122483877,10842200
2010-01-14,41.52119445800781,41.65168217914276,41.31241330775806,41.56294750232239,6721000
2010-01-15,41.35417556762695,41.5942725270393,40.8583197752619,41.51597908801643,13482300
2010-01-19,41.58905792236328,41.62559433490649,41.0096919647709,41.21325254639306,8722200
2010-01-20,40.79046630859375,41.19758740016683,40.52949084146541,41.08275755748322,8703800
2010-01-21,39.79355239868164,40.806138848954305,39.69960103749994,40.790480952452526,12573200
2010-01-22,38.93232345581055,39.97622546324458,38.848813365944295,39.657839014573725,13825000
2010-01-25,38.91145706176758,39.28725851805326,38.671356045509526,39.22462693309112,9129700
2010-01-26,38.70266342163086,39.08368538199201,38.46778310675469,38.66612701471719,10558200
2010-01-27,38.467796325683594,38.8122859796799,38.17028434367363,38.593067462866465,13373200
2010-01-28,38.227684020996094,38.71831915694848,37.747490133391764,38.60870994231072,12828800
2010-01-29,37.64311599731445,38.66091908274998,37.449992650413684,38.37906500166683,15265600
2010-02-01,38.405174255371094,38.48868438534758,37.653563174722464,37.945854602898244,11828500
2010-02-02,38.85926055908203,38.927116755485585,38.10243300325568,38.48867572965063,12947600
2010-02-03,38.21202850341797,38.812272891280266,38.128518422295315,38.71832156116122,14540300
2010-02-04,37.25164794921875,38.013696005936275,37.089840415507766,37.87276699212898,15248400
2010-02-05,37.152488708496094,37.18380450799925,36.30170963722813,37.05853732781476,17307000
2010-02-08,36.604427337646484,37.29340259512882,36.604427337646484,37.183793347594204,11595600
2010-02-09,37.2203254699707,37.596130836550984,36.964570588558644,37.00110700018894,13051900
2010-02-10,36.928035736083984,37.178573985105665,36.53657245972973,37.06896076341655,11618700
2010-02-11,37.43954086303711,37.6378807770392,36.69836753772518,36.91236932419039,11273800
2010-02-12,37.418460845947266,37.57127576745833,36.97582382841839,37.17079542212869,13809100
2010-02-16,38.461822509765625,38.63571581330582,37.90326052658115,37.93487602894024,14230800
2010-02-17,38.382781982421875,38.69368251487138,38.18254375527806,38.58302422984852,8728000
2010-02-18,38.793800354003906,38.84649419665578,38.119305499099475,38.303739978804764,9848000
2010-02-19,39.02039337158203,39.19428267649023,38.57775618202991,38.69895565663438,13113200
2010-02-22,38.446014404296875,39.10996808969749,38.35643446824988,39.083619157785996,8683400
2010-02-23,37.96122360229492,38.43020563181997,37.818945806206564,38.25631233450418,11907600
2010-02-24,38.11930465698242,38.177269088703696,37.734635995867464,38.003379813822264,8921000
2010-02-25,37.99810791015625,38.04026459000226,37.29726818377485,37.51331815277395,11761100
2010-02-26,38.09823226928711,38.303741075712324,37.845296188919285,38.04026783462537,8978800
2010-03-01,38.366966247558594,38.56193786362262,38.14564972356072,38.272115734376364,7428100
2010-03-02,38.635719299316406,38.946619841602164,38.47236716201209,38.56194710696717,9257200
2010-03-03,38.53559494018555,38.914997052034494,38.49870884710482,38.79906818227147,8194200
2010-03-04,38.509254455566406,38.73057103949559,38.314282786705135,38.5039838644396,9419900
2010-03-05,39.15212631225586,39.24170625182548,38.73583809743602,38.756916439737594,8750200
2010-03-08,39.331302642822266,39.45776872924696,39.07309987712224,39.252259831200185,6474000
2010-03-09,39.15212631225586,39.47356399686,38.994040755135465,39.15212631225586,8480100
2010-03-10,38.97295379638672,39.167925404358314,38.598822348885946,39.067804305632116,14652900
2010-03-11,38.9887580871582,39.04145191644809,38.75690443422643,39.0309147587027,7024700
2010-03-12,38.84648513793945,39.12049546800148,38.73582688809047,39.083609384718486,7681900
2010-03-15,38.76746368408203,38.79907919561615,38.38806146453755,38.73584817254792,8807600
2010-03-16,38.98350143432617,39.0572736181531,38.68314210866438,38.94134475205864,9828300
2010-03-17,39.347103118896484,39.552611978908566,39.07836323751679,39.08890040098351,10292000
2010-03-18,39.394508361816406,39.557860435989845,39.120494021603925,39.441931601306216,9916100
2010-03-19,39.51044845581055,39.605298982101175,38.93607470763884,39.51044845581055,16610700
2010-03-22,39.2364501953125,39.457766841035934,38.994055199479575,39.08363517223179,9317900
2010-03-23,39.399776458740234,39.41031763700112,39.00983728900017,39.220616631120755,8006700
2010-03-24,38.95716857910156,39.257528028711214,38.87812577230236,39.13632852224788,8997600
2010-03-25,38.888641357421875,39.32073719382516,38.83067693861204,39.20480835620548,10510300
2010-03-26,39.22062683105469,39.45775113993223,38.89918915528928,38.99403968289682,10411500
2010-03-29,39.642189025878906,39.75284731420078,39.252245700992766,39.31548073158367,8818000
2010-03-30,39.6790885925293,39.78447632567564,39.499924621839334,39.66327681430146,6378100
2010-03-31,39.958351135253906,40.12170325180743,39.56314128917993,39.7686500875158,9875500
2010-04-01,40.411521911621094,40.64337560076651,40.227087449877146,40.25870696861496,7859300
2010-04-05,40.92266082763672,40.9700840756094,40.43260049717506,40.559066512051,8108600
2010-04-06,41.03859329223633,41.101828321571354,40.68026949990362,40.87524115847445,6490000
2010-04-07,40.76985168457031,41.012246589355506,40.55380169231322,40.92793322058707,9431400
2010-04-08,40.92266082763672,41.10182068035412,40.379902639051465,40.537988172857986,6880500
2010-04-09,41.892250061035156,41.95548509333485,41.10183024856279,41.12290859266269,9804100
2010-04-12,42.38230895996094,42.57728062056237,41.82374693267429,41.89224853328851,10000000
2010-04-13,42.26637268066406,42.45607371714408,41.771041749823766,42.3770309485637,7978500
2010-04-14,42.46134567260742,42.47715342277541,42.17152351858661,42.398110651653155,7290400
2010-04-15,42.99356460571289,43.083148569462566,42.424465419942884,42.47715926784788,9702500
2010-04-16,42.550926208496094,43.1569154353361,42.30326073159155,42.92505770882421,12861900
2010-04-19,42.85128402709961,42.94613454641833,42.182063822110294,42.287451501227864,9335900
2010-04-20,43.235965728759766,43.39931787160983,43.030456897340954,43.11476625419537,11470000
2010-04-21,43.16746139526367,43.56267131677366,42.80913757228328,43.36770366180999,9416400
2010-04-22,42.78804016113281,42.91977674293468,42.492951504386696,42.74061692141923,9421100
2010-04-23,43.56267166137695,43.61536551393847,42.656322924299026,42.70375020580267,9918100
2010-04-26,43.520511627197266,43.810333824441244,43.38877499577417,43.483625531210116,9792600
2010-04-27,42.276939392089844,43.47837733516881,42.19262598261115,43.25179007255061,13042800
2010-04-28,42.48242950439453,42.640511046791026,42.07667843631619,42.48242950439453,12115700
2010-04-29,43.362430572509766,43.731291536556654,42.78279019174338,42.78279019174338,12274500
2010-04-30,42.914527893066406,43.805064819945734,42.83548510729336,43.404588340519624,13910300
2010-05-03,43.64696502685547,43.95259485995858,42.85654554003931,43.18852027720079,11650700
2010-05-04,42.55620193481445,43.33608053037927,41.960749796277156,43.214885082553664,16274300
2010-05-05,42.25584030151367,42.54039188842586,41.86589700447696,41.992367056626385,13028600
2010-05-06,40.68025207519531,42.26636153749005,37.676659823270796,41.8448069166711,21059200
2010-05-07,40.62757873535156,41.42326916199722,40.26398834486149,40.690813769485274,21866100
2010-05-10,42.0977668762207,42.4508201612281,41.38111912201486,41.823756391510855,14661800
2010-05-11,41.99761962890625,42.550914866866584,41.88696138537045,41.96600413654783,12018600
2010-05-12,42.18732833862305,42.39810770688188,41.81846745938165,42.034513397142454,9257800
2010-05-13,41.586605072021484,42.18732359076962,41.497025157184666,42.05032043405978,10839600
2010-05-14,41.01224136352539,41.360023914673555,40.56433770479295,41.323137825608114,13602800
2010-05-17,41.34202194213867,41.45902926860496,40.39529531371761,41.161185059739864,14694000
2010-05-18,40.87395477294922,41.84195199728329,40.629296579746196,41.650479662112076,15321500
2010-05-19,40.74098587036133,40.953733348671804,40.177208501986115,40.608019203644865,10773200
2010-05-20,39.1453857421875,40.10274736255424,39.10815523794105,39.911275038480895,17879100
2010-05-21,39.613441467285156,39.70385785036167,38.294410003930444,38.48056257432966,15919100
2010-05-24,39.06028366088867,39.560235496078704,38.99113840719661,39.47513895176085,10540700
2010-05-25,38.59757614135742,38.66140162251837,37.65617362670955,38.15612569342688,22304600
2010-05-26,38.05508041381836,39.09221930280452,37.996574726970664,38.927341853227915,16888700
2010-05-27,39.549598693847656,39.549598693847656,38.453954851943934,38.89540102360131,15252900
2010-05-28,39.28901290893555,39.570901742119304,38.847562368225276,39.35815415135822,14445500
2010-06-01,38.448646545410156,39.63470708545793,38.448646545410156,39.12411550964736,13966400
2010-06-02,39.427276611328125,39.427276611328125,38.35822747677394,38.64543597880697,15674100
2010-06-03,39.310272216796875,39.75703832513792,38.900732559663105,39.70917226688187,14278800
2010-06-04,37.91145706176758,38.672026591739744,37.656163322625225,38.37418254346672,18133300
2010-06-07,37.948699951171875,38.55502785176712,37.863603362962756,38.113581438401916,12324200
2010-06-08,37.77316665649414,38.15079553846838,37.13492831721281,38.124200583573156,16572400
2010-06-09,37.650856018066406,38.501842194068075,37.54980001478984,37.852963966797375,14074500
2010-06-10,39.44856643676758,39.44856643676758,38.66140570836942,38.75714191131756,13937400
2010-06-11,39.39004898071289,39.39004898071289,38.71458001467426,39.08156935925668,8346000
2010-06-14,39.45388412475586,40.177223384255214,39.443248572920055,39.4804790910786,11948000
2010-06-15,40.012332916259766,40.02828826772523,39.45387126804358,39.66129895273626,11760200
2010-06-16,39.863426208496094,40.09744896458331,39.597492733968906,39.682593393572546,10424400
2010-06-17,40.06019592285156,40.15061227949081,39.464503813929646,39.90063430469482,11113500
2010-06-18,40.16657257080078,40.28890370081215,39.836817804182424,40.13998166971727,13680200
2010-06-21,40.2729377746582,41.08669298649884,40.044234984718294,40.85267039461057,9347000
2010-06-22,39.35813522338867,40.27294658323769,39.29430975950822,40.129340303961875,10576400
2010-06-23,38.43268966674805,39.304950748019344,38.37418400392196,39.27303598604632,14876400
2010-06-24,37.672122955322266,38.36354729707844,37.602977680671756,38.18803435315481,14188300
2010-06-25,37.26258850097656,37.83168584202428,37.16685231006097,37.83168584202428,20472800
2010-06-28,37.20940399169922,37.533843091796236,37.033886958960444,37.52852328715573,10873900
2010-06-29,36.358421325683594,36.90624357916884,36.16694891854784,36.805187570452084,16421100
2010-06-30,36.09247970581055,36.73071821320689,36.06056899778717,36.283952069593745,12871000
2010-07-01,35.89037322998047,36.32650384100077,35.544659000530096,36.26799816873279,16335700
2010-07-02,35.799957275390625,36.246727550694665,35.56593861482388,36.055255155253235,9143600
2010-07-06,35.93292236328125,36.337142297324505,35.56061719891375,36.31586713681465,15039500
2010-07-07,36.938167572021484,36.964762549503185,35.89570856835565,36.07122568095764,15691100
2010-07-08,37.44874572753906,37.59766779179898,36.81050309208265,37.32641457028446,13478900
2010-07-09,38.20929718017578,38.29439778968443,37.25725947267531,37.475322683355515,11390300
2010-07-12,38.214630126953125,38.36355218699579,37.94869671749928,38.04443290721554,7352000
2010-07-13,38.948612213134766,39.13476480386028,38.560347617202574,38.82096124421829,13751300
2010-07-14,38.852882385253906,38.89011290950292,38.48057308494096,38.831607220279786,11750500
2010-07-15,38.847530364990234,38.94858630036034,38.37948929715401,38.94858630036034,10507600
2010-07-16,38.02846908569336,38.74116851660827,37.895502410568554,38.640116602831625,12060700
2010-07-19,38.29439163208008,38.453953220341646,38.023138555163314,38.20929103625531,8350600
2010-07-20,38.879459381103516,38.9379650493844,37.74126483825577,37.762539995614404,8922500
2010-07-21,38.38481903076172,39.11879767884652,38.06569982011746,39.001786354785416,9045400
2010-07-22,39.06028366088867,39.35812765273125,38.60287806894754,38.71988936797714,9552500
2010-07-23,39.102840423583984,39.11879983414329,38.650754512111334,38.975193543857614,8426300
2010-07-26,39.687896728515625,39.687896728515625,39.04433847417947,39.26240172272623,6467000
2010-07-27,40.04957580566406,40.1187170359999,39.62408069852423,39.81555309095495,8163500
2010-07-28,40.1878547668457,40.24104469397305,39.89533045675391,39.95915187679197,7392400
2010-07-29,40.43251419067383,40.618670825403285,40.038933876951745,40.36337296434295,13346400
2010-07-30,40.5335578918457,40.61865850566186,39.83149405914481,39.96978052768577,16955000
2010-08-02,41.37923812866211,41.66112687976968,41.123940282518085,41.2835019435858,11863000
2010-08-03,41.83665084838867,42.081309126950785,41.384560752835924,41.443066434429284,11788000
2010-08-04,42.02812194824219,42.07067227543135,41.607950655172466,41.90047502449724,8067500
2010-08-05,42.05470275878906,42.11852822808492,41.613252392923684,41.75685868438407,9304600
2010-08-06,41.87386703491211,42.028104806876755,41.38454658745352,41.60793368517585,8986800
2010-08-09,42.17171859741211,42.24617962397148,41.948335517734,42.17703840154395,7015200
2010-08-10,42.03874588012695,42.27276853456342,41.56538482570484,41.772812521111334,8406900
2010-08-11,41.02289962768555,41.47498981709491,40.964393933946056,41.46967001098501,10589700
2010-08-12,40.990970611572266,41.36859552037082,40.52824507429001,40.63994066363021,8993100
2010-08-13,41.16650390625,41.363292086310956,40.905890229567085,40.97503147420703,7087800
2010-08-16,41.33137130737305,41.395196788460694,40.61867169542641,41.0122520175787,7284800
2010-08-17,41.75010299682617,41.9165264131401,41.37968566736454,41.64273648597901,7360500
2010-08-18,41.358211517333984,41.72863294230835,41.08979114463252,41.66421057838286,8308800
2010-08-19,40.713985443115234,41.24009098550783,40.53146162164881,41.18640774953349,8870600
2010-08-20,40.28990173339844,40.56368757922742,40.02148134635586,40.51000432097292,9303600
2010-08-23,40.28990173339844,40.79452927591483,40.28990173339844,40.445581953605476,9991400
2010-08-24,39.60811996459961,40.209383232168946,39.52222755253023,39.871170852261415,11261600
2010-08-25,39.76378631591797,39.88726146611012,38.95852535034995,39.36115583313396,9711900
2010-08-26,39.36653137207031,39.93021167621411,39.24305620310375,39.924846217914904,8176900
2010-08-27,40.2254753112793,40.284528118137715,39.15179387133672,39.6671604710168,8789500
2010-08-30,39.60811996459961,40.155699962654225,39.60811996459961,40.06443389913117,7558900
2010-08-31,39.76915740966797,40.01073407038845,39.31284366399081,39.46315839472971,9227500
2010-09-01,41.21326446533203,41.2884259418871,40.391898735488766,40.45632110292022,10549900
2010-09-02,41.578304290771484,41.594412949782516,41.05220277793986,41.202517495891755,5995000
2010-09-03,41.87358856201172,41.87358856201172,41.546115298159954,41.546115298159954,7189100
2010-09-07,41.363590240478516,41.82527371152585,41.32064198834138,41.70179851057427,5880200
2010-09-08,41.47093963623047,41.809147766553934,41.37430815674247,41.422625944371,6940700
2010-09-09,41.529998779296875,42.02389126290347,41.48168098428661,41.814523707988286,6646200
2010-09-10,42.31377410888672,42.31377410888672,41.841355875675106,42.05072337301184,8223500
2010-09-13,42.54462432861328,42.68420405366769,42.233255748018586,42.60904668535441,8586400
2010-09-14,42.68421173095703,42.93652755386353,42.50705328988181,42.544631980797455,8447300
2010-09-15,42.52315139770508,42.58757375624603,42.15273000369126,42.44262447347127,7240700
2010-09-16,42.43724822998047,42.480192362324,42.08293149170921,42.405035011012245,6905600
2010-09-17,42.120521545410156,42.80231153961295,42.00241593408245,42.63588813466502,12326500
2010-09-20,42.893585205078125,43.017056308302145,42.125902617319,42.163481313400744,7730700
2010-09-21,42.81304168701172,43.07072700024436,42.46409444658445,42.96872596645678,8598700
2010-09-22,42.54462432861328,43.1619919361319,42.539254774942506,42.90967615860755,6776600
2010-09-23,42.163482666015625,42.60906157368682,41.959484608709076,42.15274355492165,6802000
2010-09-24,43.011680603027344,43.10294254380514,42.254733210556935,42.54999724927299,8256000
2010-09-27,42.990203857421875,43.27472877057343,42.984834303654075,43.10830946569674,8380700
2010-09-28,43.41967010498047,43.59145894838792,42.72177972053671,43.188828462673364,7826200
2010-09-29,43.63442611694336,43.85989830379536,43.210321329805055,43.34453154994613,8851100
2010-09-30,43.51093673706055,44.12293475625378,43.12441081003974,43.854514428685896,10120300
2010-10-01,43.994075775146484,44.21418233830255,43.74176418954725,43.961866656935484,9570600
2010-10-04,43.650516510009766,44.0960952791357,43.31230833958442,43.96188510258714,7602500
2010-10-05,44.76714324951172,44.826196051012914,43.9940913722373,44.117566528767796,11597600
2010-10-06,45.03556823730469,45.25567490123142,44.67051637930085,44.713464620423586,8650300
2010-10-07,44.836944580078125,45.363050398675156,44.52558000965387,45.3201021490406,7714000
2010-10-08,45.062408447265625,45.14830082713744,44.5309332197168,44.810092669781326,6879000
2010-10-11,44.938941955566406,45.09462627586837,44.74567894386536,45.014099338364574,4790700
2010-10-12,45.008731842041016,45.19125984844852,44.359154949138265,44.75105054516854,8528900
2010-10-13,44.91746520996094,45.15367645397527,44.48262550690724,44.79935958795378,11647800
2010-10-14,45.040931701660156,45.05166671260457,44.53630017612063,44.90672153812468,6718600
2010-10-15,44.88525390625,45.384515950574595,44.62220309452578,45.30398902166358,9502500
2010-10-18,45.3523063659668,45.507986572337074,44.772517398501314,44.81546563959573,7800200
2010-10-19,44.44504165649414,44.92282954766157,44.09609438538649,44.76177570075974,9455500
2010-10-20,45.10536575317383,45.37378617423615,44.520211201227845,44.63294728658155,8835000
2010-10-21,45.22883224487305,45.63146279898171,44.76714888183353,45.36841198377959,9521400
2010-10-22,45.389892578125,45.5187332269989,45.185890446990086,45.5187332269989,5555000
2010-10-25,45.56166458129883,46.05555696532592,45.491872679885546,45.70124019258766,6757400
2010-10-26,45.712013244628906,45.76032697000651,45.357696208772154,45.443592737139326,5968600
2010-10-27,45.26103591918945,45.43819432461325,44.713460233788716,45.43819432461325,9557300
2010-10-28,45.3308219909668,45.980398631440295,45.14829405549071,45.77639658027474,8519800
2010-10-29,44.34303665161133,44.681248880731424,44.01019807154914,44.49872093083391,12463000
2010-11-01,43.72569274902344,45.137587036844806,43.532429683738165,44.63832480081974,12781900
2010-11-02,44.10146713256836,44.26251689536243,43.87062545303741,44.21420319525514,9528800
2010-11-03,44.396732330322266,44.62220857813576,43.97263170442816,44.37526230269265,10036500
2010-11-04,45.706626892089844,45.79788884811549,45.03020631496069,45.18052518436637,16295400
2010-11-05,45.620723724365234,45.80324759334009,45.121461717893,45.475774444161026,14513200
2010-11-08,45.524085998535156,45.63145248371871,44.981875828089805,45.42745452356241,11799200
2010-11-09,44.8583984375,45.23955476531345,44.6114522573294,45.04629592081492,13597200
2010-11-10,45.72272491455078,45.74956858990082,44.691991675118395,44.97651661244162,11795500
2010-11-11,46.21660614013672,46.27029347774156,45.631451841317094,45.631451841317094,11297200
2010-11-12,45.8676643371582,45.95892626047641,45.39524196559302,45.87839934752608,10571300
2010-11-15,45.55630874633789,46.152202337548054,45.54020417832195,46.028727156475725,9252400
2010-11-16,44.65752029418945,45.25309743025065,44.359729660750105,45.23685505584805,12360200
2010-11-17,44.64668273925781,45.00944281707618,44.45176601339367,44.61961349616479,7847300
2010-11-18,45.38304901123047,45.46968053194061,44.911999411710184,44.96073067481421,7590000
2010-11-19,45.44802474975586,45.45885162493529,44.84161646924638,45.31266609051148,8130900
2010-11-22,45.18271255493164,45.253101691728105,44.424707472645714,45.19354355943166,6791900
2010-11-23,44.262271881103516,44.66834776992098,43.93741199621306,44.65210539529909,9507700
2010-11-24,44.901180267333984,44.944496035146415,44.39764582626674,44.478861858210294,8042600
2010-11-26,44.424705505371094,44.706249647635595,44.28393136882999,44.635864644773896,2789700
2010-11-29,44.22978973388672,44.42470650245141,43.53675417046462,44.0186305897446,9070100
2010-11-30,43.8399658203125,44.186483678089616,43.56924848574796,43.661291388103415,10366000
2010-12-01,44.7766227722168,45.058170970610284,44.262261749775405,44.47883633373579,10629600
2010-12-02,45.75122833251953,45.84327123244293,44.684601401587805,44.776644301511205,10799500
2010-12-03,45.96237564086914,46.021933767975455,45.67541600889375,45.745801008738695,6724000
2010-12-06,45.994876861572266,46.135651042493684,45.74581739121529,45.90824945618762,5184200
2010-12-07,46.72581100463867,46.90448129611191,46.406362419557865,46.52006319806574,12560600
2010-12-08,46.63917541503906,46.99652422847992,46.36304261654549,46.83950770113331,6918300
2010-12-09,46.91530227661133,47.09397666072131,46.47673750372157,46.991102779418426,8076700
2010-12-10,47.121036529541016,47.14810990264819,46.69330284551171,47.08313628568104,7406700
2010-12-13,47.8465576171875,48.16058641796674,47.38092372021906,47.494624444248586,9910500
2010-12-14,47.85197067260742,48.160588114650494,47.71661207292508,47.96026003084328,7331300
2010-12-15,47.651649475097656,47.98733620709841,47.60833372554361,47.65706084567898,7608700
2010-12-16,48.220157623291016,48.30678913035053,47.565022341719484,47.68955410041313,7796700
2010-12-17,47.91154479980469,48.1660197131881,47.68955877015871,48.10646157895717,10832800
2010-12-20,48.07938003540039,48.51252510991087,47.954848296353234,48.1660073979757,8029800
2010-12-21,48.31221389770508,48.63165834691141,48.160608731275644,48.37176790670792,5962500
2010-12-22,48.6858024597168,48.70746034129185,48.36094249772806,48.5233745441317,4262400
2010-12-23,49.0972785949707,49.210979339570876,48.63164461376012,48.66954486196018,5095600
2010-12-27,48.79407501220703,49.053961239695724,48.75075926401988,48.994403118642666,3138200
2010-12-28,49.3734016418457,49.5033447343321,48.79947839929931,48.90235225170994,5058100
2010-12-29,49.47087860107422,50.02314004997221,49.46004759631697,49.56292148742089,5301000
2010-12-30,49.59541320800781,49.77950313738301,49.3517692673726,49.44381216665092,4156500
2010-12-31,49.4058952331543,49.70368584305086,49.270536616077166,49.58456959909224,5152900
2011-01-03,49.77949523925781,50.017723638955694,49.43297744804461,49.62789422195427,7802300
2011-01-04,49.59541320800781,50.071878344636396,49.38966952771183,49.96358893593965,8513900
2011-01-05,49.5087776184082,49.84987990501045,48.99982780880858,49.227229333210076,6659500
2011-01-06,49.10270309448242,49.719938181602025,48.875297432792564,49.682037926456715,6220800
2011-01-07,49.3734016418457,49.432959753155394,48.875278880817746,49.25970091956806,6346300
2011-01-10,48.95109939575195,49.36258667744027,48.79408288136388,49.24347041612395,6848700
2011-01-11,49.71994400024414,49.80657139464928,49.16767835398977,49.20016724135787,7838900
2011-01-12,50.05562973022461,50.272204407691916,49.92027107315984,50.00690259647411,7845400
2011-01-13,49.909423828125,50.136825287785776,49.69284923905043,49.817380970283736,5721900
2011-01-14,50.26136016845703,50.2884294120271,49.714510226211225,49.87694221089951,5557900
2011-01-18,50.542911529541016,50.759486163334756,50.31551002292549,50.320925524745164,7733200
2011-01-19,50.3371696472168,50.73783004861572,50.12601050791077,50.69451429418943,6069900
2011-01-20,50.1963996887207,50.27761570232539,49.58458009709237,49.887782141677306,6513500
2011-01-21,50.7757453918457,50.86237692644561,50.40756963143393,50.55375931336655,7427500
2011-01-24,50.94898223876953,51.181799223533794,50.710753883553345,50.83528149702194,7282800
2011-01-25,50.93817138671875,51.13308818553367,50.5429222861167,50.77573934410017,7423200
2011-01-26,51.241355895996094,51.42003025546839,50.667436702218815,51.10058178270123,8832600
2011-01-27,51.30091094970703,51.41461168144373,51.05726711467366,51.198037088738076,6301100
2011-01-28,50.55371856689453,51.355038961982075,50.315486169579835,51.160122297054706,12444700
2011-01-31,51.39838409423828,51.539158239612085,50.55374748363138,50.81363376497906,11167900
2011-02-01,52.09684371948242,52.24302926032805,51.52833567335452,51.77739512160696,9948200
2011-02-02,52.23759841918945,52.437926525286194,51.63660583926504,51.63660583926504,6607800
2011-02-03,52.68700408935547,52.7573932370713,51.84778286640391,52.286343607876546,10500300
2011-02-04,52.578697204589844,52.69781343870874,52.259248746651245,52.481238843112266,10529700
2011-02-07,52.87651062011719,53.185128209576995,52.65993593101132,52.67076280659824,10256500
2011-02-08,52.9198112487793,53.055169884970745,52.578708972671244,52.99020038332222,5710500
2011-02-09,52.107643127441406,52.72487798487966,51.815268069052266,52.65449300317756,8242700
2011-02-10,52.35673141479492,52.508336593667096,51.83695462254656,51.91275514657327,7286200
2011-02-11,52.221370697021484,52.616619811782535,51.91816861281152,52.02645389122405,7324900
2011-02-14,52.88687515258789,53.0014352269263,52.09589206865589,52.09589206865589,6994000
2011-02-15,52.55413818359375,52.83234789669546,52.18319744864186,52.68506284969325,7626700
2011-02-16,52.72868728637695,52.92506589799515,52.41229235552101,52.76141636133225,6786600
2011-02-17,53.006893157958984,53.09962831230844,52.592310999025045,52.674133687047224,6616600
2011-02-18,53.8524169921875,53.90151059283505,52.93050942465256,53.13780461463676,8860500
2011-02-22,54.72523498535156,55.70714876407418,54.13063464737614,54.13063464737614,15723400
2011-02-23,55.78896713256836,56.69996646426822,54.83433042887572,54.839786661081966,17174700
2011-02-24,55.65806579589844,56.41632001927308,55.39622482652914,56.236301751652206,16467900
2011-02-25,55.69623565673828,55.985353554394116,55.28710561396809,55.48348836744866,8516400
2011-02-28,56.596336364746094,56.6999839992902,55.739890766473124,55.794440619748485,10219700
2011-03-01,56.13264465332031,57.27275174779932,56.09991141867741,56.770886543393814,12266900
2011-03-02,56.44359588623047,56.71634931824134,55.745347766184594,56.21448400219425,8335000
2011-03-03,56.83635711669922,57.04364821078259,56.36176468327401,56.645426399487405,7537800
2011-03-04,56.596336364746094,57.15820776106767,55.9144527940865,56.80362747194728,9850500
2011-03-07,56.192649841308594,57.15273869670406,56.192649841308594,56.79816264907104,8222500
2011-03-08,56.607234954833984,56.754524111473145,55.341659431382986,56.41085634912564,8913900
2011-03-09,55.718074798583984,56.55815592952177,55.587154307053545,56.28540247773238,7102000
2011-03-10,54.04881286621094,55.35802997313061,53.6178620097477,55.35802997313061,12553000
2011-03-11,54.51247024536133,54.95978545429559,53.24143897247913,53.51419225016794,6872700
2011-03-14,54.98707962036133,55.09617930075693,54.021530385127534,54.0924489230821,7353600
2011-03-15,55.22164535522461,55.64168368514741,53.44874857113903,53.5578482469438,12650100
2011-03-16,54.28337860107422,55.6798745683914,53.80332999089423,55.4507627291071,14795200
2011-03-17,55.772621154785156,55.95263942051636,54.768890512927115,55.03073147954785,9981500
2011-03-18,56.078102111816406,56.71634408497782,55.838077781990215,56.389040829142736,11366300
2011-03-21,57.38186264038086,57.387314711919096,56.296301092590696,56.656337584674674,8785300
2011-03-22,57.40370559692383,57.791015082041966,57.34369949171936,57.474620011307174,8008500
2011-03-23,57.54005432128906,57.780074463292365,56.9781788679216,57.130924255233474,6811800
2011-03-24,57.48550796508789,57.78008215126909,57.24003155754697,57.75280930703499,6996800
2011-03-25,58.249202728271484,58.37467109612471,57.48549254253376,57.67096697824475,8982900
2011-03-28,57.845542907714844,58.42377879726895,57.84554290771485,58.04192569320241,6023500
2011-03-29,58.571075439453125,58.631081529445446,57.56188437788438,57.84555028728212,6963200
2011-03-30,58.92018508911133,59.31840268498372,58.66925248414974,58.701981557266315,7907300
2011-03-31,58.63650894165039,59.81480530935331,58.56013834321248,59.629330883228754,8418500
2011-04-01,59.08930206298828,59.340234715570276,58.647442844516405,59.07293752332444,6494000
2011-04-04,59.04020309448242,59.225673409716926,58.832907845824295,59.19839640482403,4764600
2011-04-05,59.64023971557617,59.89662849267199,59.04018326643491,59.05109156759665,6541400
2011-04-06,59.2747688293457,59.973016843220236,59.15475667160731,59.913010764351036,6893000
2011-04-07,59.427513122558594,59.51479204784439,58.64743821897297,59.471150504258155,7011700
2011-04-08,59.820289611816406,59.97303088036591,59.53662368860667,59.6511796400188,6732900
2011-04-11,58.79472351074219,59.95119945005391,58.68016757968895,59.86391636245906,6599000
2011-04-12,56.83089065551758,58.2055657683498,56.44903761358808,58.08010155252411,12803700
2011-04-13,56.62904357910156,57.354568417001396,56.37265478962678,57.18000645678873,7241100
2011-04-14,57.2127571105957,57.436416917508545,56.25812012007768,56.36176775370918,7084900
2011-04-15,57.95463180541992,58.09646471559356,56.923624454685616,57.56186630763811,8869500
2011-04-18,57.005462646484375,57.272759822752036,56.20902318931875,57.250939050542286,7194800
2011-04-19,57.49641036987305,57.741886734453274,56.87998509927003,56.99999724617986,4993300
2011-04-20,58.81109619140625,59.100214175789986,58.3746931786734,58.75654633505055,6667800
2011-04-21,58.98564910888672,59.05111142352454,58.636525087924895,59.05111142352454,4915500
2011-04-25,58.59833526611328,58.79471803301864,58.194661428312834,58.57106242519583,3995200
2011-04-26,59.323829650878906,59.367471168094966,58.45647634610148,58.8328729869086,5300000
2011-04-27,59.44387435913086,59.55297405014985,58.669255731991264,59.52024497522144,5982600
2011-04-28,59.356590270996094,59.514787733613446,58.95837265982685,59.50387942945097,5941200
2011-04-29,59.700260162353516,59.787539078334305,58.794716957971296,59.17657418081013,6755500
2011-05-02,59.012908935546875,59.77661906979769,58.701970314830845,59.722069237755214,6550800
2011-05-03,57.916465759277344,58.82746127060691,57.38187133545587,58.6856324751613,7955600
2011-05-04,57.1036491394043,57.834626217202505,56.56905067086563,57.834626217202505,8892900
2011-05-05,55.97990798950195,56.79816817013764,55.156191575667144,56.38358184662068,11988500
2011-05-06,56.12173843383789,56.97818394867486,55.6416939451394,56.372671063968006,9536300
2011-05-09,56.78181076049805,57.20185340073144,56.18721024205022,56.323586965938695,7117900
2011-05-10,56.92908477783203,57.25093176271078,56.32357195222285,56.90726400839998,6430500
2011-05-11,55.78350830078125,56.438114582071975,55.23254544753232,56.33446699214494,10161700
2011-05-12,56.0562744140625,56.36175686018118,54.77433439265884,55.43984912714793,10425800
2011-05-13,55.854454040527344,56.454510829116984,55.24348478271764,56.432690052564396,8968000
2011-05-16,55.450782775878906,56.345413848607585,55.31986227208362,55.65807392037875,6759400
2011-05-17,55.19788360595703,55.62666839096013,54.75810197340241,55.14290775633635,8768800
2011-05-18,56.54471206665039,56.874546217518485,55.065950520808094,55.478244257910404,8193700
2011-05-19,57.099945068359375,57.462761437059164,56.58870058068324,57.00099438706498,7452400
2011-05-20,56.385292053222656,57.06694986644331,55.94551038362098,56.92402438878127,8760900
2011-05-23,55.725624084472656,56.022476084163095,55.3573051514443,55.59368706634211,7487000
2011-05-24,56.22037124633789,56.836064727090815,55.989487763831306,55.989487763831306,6800500
2011-05-25,56.75912094116211,57.09445361348295,55.967515394166014,56.071964513303,7949500
2011-05-26,56.81959915161133,57.061479590841216,56.12694419913429,56.616199310070684,6614300
2011-05-27,56.73710250854492,57.29232579355102,56.3632894345905,56.97348436698769,5796300
2011-05-31,57.671661376953125,57.83657638800292,57.0119887505451,57.506742171833714,8188400
2011-06-01,56.341304779052734,57.693627552624186,56.115919747158266,57.57269159559713,8196100
2011-06-02,55.588191986083984,56.39628419091471,55.17039982319719,56.26435136887054,8129200
2011-06-03,55.52222442626953,55.90153601445202,54.73611751662989,54.82407552887406,7692200
2011-06-06,54.796566009521484,55.692615887318475,54.58767210385731,55.46723090937386,6982200
2011-06-07,54.681148529052734,55.4727539016718,54.63167109622951,55.09894071949825,6835400
2011-06-08,54.94502639770508,55.434281439738726,54.697651760836834,54.70315018660969,6936200
2011-06-09,55.648651123046875,56.000474708668335,55.14839947201351,55.25284854070574,5734900
2011-06-10,54.79108428955078,55.522219473350546,54.41177692927367,55.489237318735626,9113900
2011-06-13,54.384307861328125,55.252874582610595,53.91154390893741,54.99450309769126,7999300
2011-06-14,55.30233383178711,55.68164542162985,54.912029587400156,54.983492327109694,7353400
2011-06-15,54.098419189453125,54.923006383482715,53.71360931579891,54.53269808752944,9665600
2011-06-16,54.659175872802734,54.78561451204021,53.76861955410541,53.906050851764675,7786300
2011-06-17,54.516212463378906,55.43425195791008,54.27433638092147,55.098923657365276,12029500
2011-06-20,54.923011779785156,55.08242829551462,54.23035729440667,54.35679166123594,6427200
2011-06-21,55.84657669067383,56.060973360464445,55.148427586622205,55.26936779222251,8499500
2011-06-22,55.56070327758789,56.32482066036691,55.52222269694682,55.670646595399894,6592500
2011-06-23,54.62065124511719,54.72510028923978,53.32330050553953,54.36777836456452,13058800
2011-06-24,53.81806945800781,54.82956127794309,53.76859203525652,54.719617973712985,8032400
2011-06-27,54.36780548095703,54.77460082264586,53.84006996345202,53.84006996345202,7130200
2011-06-28,55.16492462158203,55.30235592566872,54.58771566086029,54.714150111940526,6113800
2011-06-29,55.676143646240234,55.91252554836746,54.92302313025962,55.351807930846554,7637700
2011-06-30,56.533721923828125,56.588697783884186,55.67615219104025,55.956513139862935,7697700
2011-07-01,57.22088623046875,57.2758620982077,56.077461158314094,56.462267068067604,6579700
2011-07-05,57.78709411621094,58.13891778437703,57.231870686045816,57.231870686045816,7392200
2011-07-06,57.765098571777344,57.85305238258643,57.48473767381566,57.62216891088551,6196300
2011-07-07,58.5952033996582,58.776613710918674,58.16092420953066,58.314846584877664,7878100
2011-07-08,58.21037292480469,58.270843003069196,57.75959864669462,57.96849261174666,6334900
2011-07-11,57.39678192138672,57.52321630653559,57.03396145464291,57.4077745745903,6975400
2011-07-12,57.38578414916992,58.24335368355168,57.165893342027125,57.165893342027125,9158300
2011-07-13,57.77060317993164,58.60618760010619,57.5672075967324,57.578200252282656,6871100
2011-07-14,57.53972244262695,58.5292292526572,57.48475077408515,58.10593859733947,7279600
2011-07-15,58.375301361083984,58.435771448959905,57.798088411020814,58.09494042584738,10160500
2011-07-18,58.39728927612305,58.5457131824629,57.78159575908115,58.03996718314399,6951000
2011-07-19,59.08443832397461,59.26035013679568,58.5402076143142,58.5402076143142,6987600
2011-07-20,58.87554931640625,59.177899757669465,58.75460913990096,59.100938589724116,5044900
2011-07-21,60.15639877319336,60.33231058161392,59.2383591540632,59.304323460928195,8319200
2011-07-22,59.903533935546875,60.28284552774071,59.82107434671314,60.13441742902621,5413700
2011-07-25,59.425262451171875,59.920015713306405,59.07343884122471,59.122916264472295,6284400
2011-07-26,59.133907318115234,59.62866056686928,59.00746874574048,59.32081596500816,4864800
2011-07-27,58.06745910644531,58.82058398130462,57.97950527393149,58.80409289983763,7412700
2011-07-28,57.73760986328125,58.18838414699097,57.4077757376029,57.803578366044306,6655300
2011-07-29,57.18239212036133,57.847563054927356,56.66015505286809,57.01747713834346,9697600
2011-08-01,57.93002700805664,58.342320815120985,57.12742890025971,58.31483707775839,9309400
2011-08-02,56.86903381347656,58.10591472072628,56.85804116191304,57.567186718691005,10396300
2011-08-03,56.489749908447266,57.02847813352688,55.45076985172425,56.91303637100982,12027400
2011-08-04,53.235382080078125,55.511248083872296,53.053975966138445,55.40130053625875,20541200
2011-08-05,53.65867614746094,54.60969837776574,51.57521717344987,53.88955972075305,17596200
2011-08-08,49.61268615722656,52.65816346174519,49.337823630039715,51.82807745530149,23079600
2011-08-09,51.34433364868164,51.51474711569111,47.9910108243245,50.354826627822646,21012700
2011-08-10,49.78858947753906,51.59168667594365,49.33231675399671,50.96500055684129,18069500
2011-08-11,51.71265411376953,52.30085996366631,49.90405753749027,50.61320361347119,30717300
2011-08-12,52.696632385253906,53.35080639728253,52.17988960640317,52.57569222900643,13364100
2011-08-15,54.477752685546875,54.54921962765407,53.2078891372225,53.32333089670023,11857000
2011-08-16,53.95001220703125,54.57669838361613,53.40578562085364,53.86755261662398,9842900
2011-08-17,54.12731170654297,54.908631265606296,53.811458399233445,54.5318276680921,8594800
2011-08-18,51.66699981689453,52.85283583798354,50.841348582249154,52.71984602816445,15083800
2011-08-19,51.694705963134766,52.841753069122156,51.02421023718751,51.029748484449385,13452700
2011-08-22,51.70025634765625,53.50117625798757,51.5063077444074,53.50117625798757,10071000
2011-08-23,53.93339538574219,53.961099308798474,51.78891388621836,52.043812807755494,12301000
2011-08-24,54.07746124267578,54.171666410374755,53.23518680227285,53.656326136309254,7642500
2011-08-25,53.174217224121094,54.59278608169323,52.80295181650161,54.332349008364496,9812400
2011-08-26,53.667396545410156,53.944461064723235,51.73348738435218,52.46493754623195,9216600
2011-08-29,54.71471405029297,54.72579900138841,53.51779721986305,54.45981513480947,9724900
2011-08-30,54.52631378173828,54.847709730352705,53.606457286256365,54.288038058133836,9202500
2011-08-31,54.770111083984375,55.257747334205604,54.34897606673564,54.77565355801025,11242000
2011-09-01,54.59278869628906,55.67888528601108,54.581707976163635,54.864314957554,10121400
2011-09-02,53.42359161376953,53.783772167220455,52.6810563789409,53.36817531846653,8976700
2011-09-06,52.98028564453125,53.085571530469956,51.39547601883657,51.85540420431971,10276800
2011-09-07,55.019474029541016,55.10259423279801,54.22706931680674,54.45426002952877,10572800
2011-09-08,54.531837463378906,55.73429639073608,54.304642541831036,54.79781701853824,9603600
2011-09-09,52.74754333496094,53.96662550102787,52.52034840503203,53.75605799312,13346600
2011-09-12,53.146541595458984,53.1576223209508,51.62268606624424,52.05490623083053,13616300
2011-09-13,53.15760803222656,53.661863346143484,52.437238466436916,53.61753622842042,11453800
2011-09-14,53.92230987548828,54.85878955509127,52.72539302903843,53.36818068806312,11325600
2011-09-15,55.002845764160156,55.13583554051061,54.337888427070325,54.70361559662005,9241200
2011-09-16,55.207889556884766,55.501581578184826,54.46535847319192,55.41291887869721,13862000
2011-09-19,54.69808578491211,55.04718561402086,53.528872985178815,53.85581136948966,8522500
2011-09-20,54.18828201293945,55.26883200339294,54.160573868499405,55.01393313968774,8660500
2011-09-21,52.23775863647461,54.182753342480076,52.16572336131527,53.866899862673236,9267200
2011-09-22,49.965824127197266,50.70835938192433,49.090299061052626,50.375882739545446,16685800
2011-09-23,49.87718200683594,50.33710613613622,49.073691944475186,49.94367482049941,12228200
2011-09-26,50.697269439697266,50.78593212369225,49.18449938614064,50.23180303173198,11899200
2011-09-27,51.83323669433594,52.83620901582953,51.56171461817708,52.17679825944374,11079800
2011-09-28,50.83579635620117,52.82512178511462,50.72497224055426,52.08258668173947,10338300
2011-09-29,52.30424118041992,52.35411499377429,51.15719420529985,52.19341706045119,10104100
2011-09-30,51.30680847167969,52.53143743457239,51.268019605954755,51.51183774917963,11918800
2011-10-03,49.80512237548828,51.40655514879706,49.78849917878542,50.941088730438736,11384300
2011-10-04,50.691741943359375,50.891224569315256,48.03192004678964,49.16234414144826,15398100
2011-10-05,52.453861236572266,52.498188350361424,50.44236995150122,51.057453574313264,13057500
2011-10-06,52.426143646240234,52.536967752251364,51.378840202061056,51.7445631340327,10169500
2011-10-07,52.3098030090332,53.0467959397489,51.89974854022815,53.0135453093204,10534600
2011-10-10,54.41545867919922,54.437624343493034,53.246246310626674,53.26841197492049,7490300
2011-10-11,54.08298110961914,54.659275686953244,53.83362478962267,53.86687117157737,7613500
2011-10-12,54.18275833129883,54.72026438957821,53.57875946757177,54.36562200162144,8868800
2011-10-13,54.18828201293945,54.36006067099378,53.33492274175112,53.539952018667364,6507900
2011-10-14,55.67335891723633,55.72322851373026,54.775668131314596,54.842165154309946,7365100
2011-10-17,54.642677307128906,55.55144879965277,54.52631068978171,55.363046912805885,6576400
2011-10-18,57.04759216308594,57.71254965476291,54.2880314670192,54.87540699114791,12165700
2011-10-19,56.6541633605957,57.67376319945347,56.36047558623551,56.90352401579072,8651800
2011-10-20,57.291404724121094,57.441021941860924,56.36601018354268,56.89797358820457,8710100
2011-10-21,58.477256774902344,58.64903548278797,57.74580636279287,57.90650434628964,10884100
2011-10-24,58.88729476928711,59.2197755954583,58.33316569589423,58.4606172429491,7911500
2011-10-25,57.9064826965332,59.24193566647118,57.81228177760044,59.08123774305526,8452200
2011-10-26,59.164344787597656,59.203133644109954,57.88430829502345,58.78199869559592,9959400
2011-10-27,60.383460998535156,60.95975588719902,59.63538740674846,59.757292282327974,14393600
2011-10-28,60.75472640991211,60.94867078840069,59.43590040851938,60.316963825511955,10341300
2011-10-31,58.21124267578125,59.845921240829284,58.21124267578124,59.690765825150315,11457800
2011-11-01,56.56549835205078,57.452104047855606,55.85067132077611,56.227479269951836,15213300
2011-11-02,57.92864990234375,58.144759888064215,57.152868406790496,57.60725404698084,8393400
2011-11-03,58.80973434448242,58.93164345293287,58.01732936722508,58.649036358585974,9276200
2011-11-04,58.97595977783203,59.070160709385874,57.8954097331391,58.599151823947146,8402700
2011-11-07,59.690792083740234,60.13963533764343,58.48279038039707,59.097874068611745,7821800
2011-11-08,60.322509765625,60.40008752147563,59.014764413184906,59.99557131367967,7761400
2011-11-09,57.784603118896484,59.00922837286926,57.56295055186121,58.626882028096276,12062000
2011-11-10,58.46064758300781,58.743254740853786,57.352388861055054,58.3609041289252,10025200
2011-11-11,59.319522857666016,59.579959987864946,59.075704696653844,59.12003604005053,6352600
2011-11-14,58.83190155029297,59.1477550541824,58.39413893478469,58.84852475139178,5531200
2011-11-15,57.22490310668945,59.47466984482835,56.84255695054537,58.86512875694925,24328000
2011-11-16,56.43741226196289,57.761077649870295,56.26427134093906,57.25283599025577,12581000
2011-11-17,55.89566421508789,57.040606797766074,55.1528451264194,56.26986477454941,11794300
2011-11-18,54.66693878173828,56.688745832107955,54.465874908835595,56.14140434229691,13668700
2011-11-21,53.427040100097656,54.14193183636734,52.75123961140526,54.13075925612452,15021100
2011-11-22,53.85152053833008,54.315084752193435,53.058437547129834,53.43822442843719,8939500
2011-11-23,52.36030578613281,53.38237997774035,52.36030578613281,53.293016343874235,11665200
2011-11-25,51.544857025146484,52.75123567480189,51.544857025146484,52.51666264029814,5257300
2011-11-28,53.48848342895508,53.81242014626286,53.058432743702284,53.63369717483301,8403100
2011-11-29,54.39326477050781,54.76188325461919,53.477309111983594,53.59459564935778,8845100
2011-11-30,57.42597579956055,57.42597579956055,55.91241479680174,56.130233271595245,13373200
2011-12-01,56.873050689697266,57.52650609549877,56.38714565761618,57.42597416682997,7007200
2011-12-02,56.79484558105469,57.63261002521104,56.68872738791266,57.54883272857734,6638100
2011-12-05,57.42597579956055,58.085017514884626,56.990338849973554,57.85044442835186,6121800
2011-12-06,58.28609848022461,58.49274869485766,57.43716097354705,57.582374753048455,7445000
2011-12-07,58.37542724609375,59.056809706739145,58.06824949260133,58.20787690630439,10323300
2011-12-08,57.10765075683594,58.531853042495115,56.94009604284308,58.08504331257641,7720100
2011-12-09,58.22465133666992,58.36427879790894,57.364545664106544,57.38130027768051,6624100
2011-12-12,57.56559371948242,58.213467006799924,56.68873367446875,58.09617622185148,7595800
2011-12-13,57.87276840209961,59.14058336557739,57.58234101326973,58.20787332213464,8990000
2011-12-14,56.1469841003418,58.09618192135728,55.577306034132114,57.38687641860598,15512100
2011-12-15,55.66666793823242,56.74459196835829,55.47119037030108,56.537946079870046,9667000
2011-12-16,56.331295013427734,56.331295013427734,55.62198522850425,56.029699230203335,14709700
2011-12-19,55.69459533691406,56.59379641380994,55.57172250487739,56.49885077490576,5977400
2011-12-20,57.90070343017578,58.001235353310754,56.84512036780404,56.93448397107564,7278600
2011-12-21,58.88370895385742,58.93955910114882,57.83371169706257,57.90631646243207,8156600
2011-12-22,59.37516784667969,59.52596785951811,58.67703068636753,58.928362620734546,7483800
2011-12-23,60.039772033691406,60.10120842038047,59.25785787126731,59.55386722835679,3779400
2011-12-27,60.307861328125,60.592698122347905,59.905733782057865,59.905733782057865,4136200
2011-12-28,59.1796760559082,60.408399719092294,59.13499426573641,60.240845136493085,5307900
2011-12-29,60.02305221557617,60.07331605503894,59.380765057748135,59.41427428405664,4468500
2011-12-30,59.425437927246094,60.03979779666818,59.302565101143436,59.64325638766764,5009400
2012-01-03,61.64272689819336,61.98900024000667,60.726771185829904,60.73235321572968,11518700
2012-01-04,61.53661346435547,61.64273169599202,60.98927195407812,61.34113587536065,8019100
2012-01-05,60.933441162109375,61.17918692974998,60.302326385597055,61.09540957613676,7184900
2012-01-06,60.49220657348633,61.21827115594145,60.36933371235462,61.10657087914486,8214900
2012-01-09,61.151241302490234,61.25177324432132,60.33581744590118,60.45310400118879,7118800
2012-01-10,60.91106414794922,61.80468304204455,60.821704815194096,61.50308730445098,7641800
2012-01-11,60.19059753417969,60.682088871095196,59.83315161338196,60.60389784223891,7802500
2012-01-12,58.62678146362305,59.224386851306235,58.37544946663404,58.37544946663404,11897200
2012-01-13,59.25231170654297,59.28582519721524,57.81135944040322,58.43130575418694,8266900
2012-01-17,59.60418701171875,60.307910794552406,59.21881375379433,59.911364950578914,6925300
2012-01-18,59.665626525878906,59.72706296903497,58.755252465162776,59.20206218609895,6581400
2012-01-19,59.72145080566406,60.03980120907317,59.1015046104319,59.877832861922364,5666100
2012-01-20,59.699092864990234,59.87222948342117,59.34164704953204,59.732602078598745,7284600
2012-01-23,59.76613235473633,60.03980095201666,59.51480039874744,59.754959772999165,6506700
2012-01-24,59.60418701171875,59.81083298160268,59.30259110479004,59.453386927707854,5041400
2012-01-25,60.16824722290039,60.31904295540909,58.69377780823156,59.4086737485006,8020700
2012-01-26,59.53155517578125,60.63740641080585,59.397514022202685,60.335810619435506,7000400
2012-01-27,58.06269454956055,58.459236107229344,57.59354823156123,58.302854001229576,10581500
2012-01-30,57.75551223754883,57.80577608447181,57.01269302945333,57.74992594530434,7615700
2012-01-31,57.59354782104492,58.52067212618926,57.191419973573055,58.42572645695084,8320100
2012-02-01,57.40922546386719,58.319594945270914,57.3477890421862,58.319594945270914,7824500
2012-02-02,57.91185760498047,58.062653311209914,57.459461964112585,57.54323925027995,5897200
2012-02-03,58.92278289794922,58.9786330247811,58.35310478651757,58.59326416687704,6818600
2012-02-06,59.57625198364258,59.62652009207561,58.29168172775003,58.43130920737482,6443600
2012-02-07,59.665626525878906,59.79408144441009,58.8892979380996,59.21323051163037,6034700
2012-02-08,59.62650680541992,60.03980285990807,59.25230200497975,59.91134373239728,5383700
2012-02-09,59.40870666503906,59.98955754147586,59.241151970667595,59.86109837431201,4751400
2012-02-10,58.799903869628906,58.933945012126905,58.40894876188846,58.749640039101315,6136800
2012-02-13,59.414276123046875,59.498053452503065,58.89486179372891,59.29140753574872,4695500
2012-02-14,59.47568893432617,59.498029830717556,58.96186110059535,59.3416478170682,5974800
2012-02-15,59.09300994873047,59.79086905444606,58.86226375364432,59.79086905444606,6553800
2012-02-16,59.94844055175781,59.97658179349812,58.980444524650544,59.38565006695676,5733900
2012-02-17,60.0272331237793,60.353648330587156,59.678301489346175,60.2298337411512,5666500
2012-02-21,61.01213836669922,61.06278746580812,60.46623073184788,60.505625906849936,7149000
2012-02-22,60.49996566772461,61.096522094727334,60.33112683673335,60.87140937840544,7150000
2012-02-23,60.97834777832031,61.06276720924912,60.39867426969343,60.522488862555605,5504800
2012-02-24,61.389198303222656,61.56929111943804,61.062778732034936,61.23161762575311,5833300
2012-02-27,61.698726654052734,62.03077531239746,60.93896026779946,60.94458937556833,7723400
2012-02-28,61.68746566772461,62.13207066802293,61.44546558639137,61.72686083009279,9132500
2012-02-29,61.41171646118164,62.42473704152672,61.29915575641984,62.13208779664974,10572800
2012-03-01,61.771915435791016,61.98577438028004,61.40047147068858,61.43986665240374,5980100
2012-03-02,61.68746566772461,61.833792396699536,61.34416312690883,61.62555837061025,5377100
2012-03-05,61.524253845214844,61.59741506037031,60.86016092062894,61.42295138913393,5941500
2012-03-06,61.25974655151367,61.361049015719814,60.78137547366555,60.86016580207579,7480800
2012-03-07,61.60304260253906,61.87880872285169,60.888300614942985,61.34415950885268,6867900
2012-03-08,61.923828125,62.227735461648535,61.65931594530127,61.79438873520067,5505400
2012-03-09,61.664974212646484,62.13772061335316,61.552417794919805,61.84506705726043,5704200
2012-03-12,61.906982421875,61.90698242187499,61.434240253472865,61.71000651837411,5324700
2012-03-13,62.57667541503906,62.64420752525364,61.58616295896904,62.030767957467795,7331000
2012-03-14,62.295291900634766,63.19012687945111,62.210872453222485,62.497896856923646,8819400
2012-03-15,61.923828125,62.430340352747564,61.60303776305156,62.19396941104873,8899400
2012-03-16,62.06452941894531,62.37406588035431,61.963226967370574,62.14894884421598,11092500
2012-03-19,62.300899505615234,62.50350440593839,62.075786766367514,62.19959705545365,5695000
2012-03-20,61.389198303222656,61.86756944375559,61.30477885636356,61.86756944375559,6158300
2012-03-21,60.73073196411133,61.3554255413595,60.41556632778423,61.31603037353752,7549900
2012-03-22,59.29000473022461,60.212981217914894,59.109911861742425,60.13419085631348,8282100
2012-03-23,59.858394622802734,60.16230199129484,59.008579812412805,59.47569693215533,6600300
2012-03-26,60.69132995605469,60.76449547447653,60.12291460043728,60.348031675867965,5311100
2012-03-27,60.24110794067383,60.78138641578618,60.22422490922526,60.71384999624027,4327700
2012-03-28,59.59389877319336,60.19608456853047,59.20557186901509,59.97659656888668,6816400
2012-03-29,60.134178161621094,60.22985153854662,59.04799207027049,59.13804063237812,5793900
2012-03-30,60.33678436279297,60.35929650377887,59.88655442433058,60.2411109839168,6121000
2012-04-02,60.95021438598633,61.225980535606425,59.993467935899915,60.134165564405194,5188400
2012-04-03,60.2973747253418,60.91081861223669,59.785237595457865,60.741979742219534,4690300
2012-04-04,59.4306640625,59.80210777925777,59.10987371336825,59.796478673132675,5430600
2012-04-05,58.95232391357422,59.59953405634002,58.71595285773868,59.188694969409745,5982700
2012-04-09,58.24319076538086,58.5752394109336,57.88300516957005,58.13626348439861,4983400
2012-04-10,57.09507369995117,58.181259140855204,57.066936761455764,58.10809794826812,8907500
2012-04-11,56.813690185546875,57.657875800748165,56.718016846324076,57.57908548682938,8570100
2012-04-12,57.73666763305664,57.888623452289124,56.566066812442486,56.779925628167625,6451900
2012-04-13,56.718021392822266,57.60723134261309,56.684255339507565,57.567836182495796,6847100
2012-04-16,57.128875732421875,57.53971047112881,56.9375246932455,57.19078304270674,6065100
2012-04-17,58.31635284423828,58.5808607710747,57.59597740133571,57.66351380672522,5500900
2012-04-18,58.18688201904297,58.51330138565133,57.88297477707126,58.20376503908328,4836200
2012-04-19,57.69166564941406,58.32761748211727,57.50594372078118,58.11938341421815,6768400
2012-04-20,57.697288513183594,58.44017190884686,57.6410103137965,58.02933718894481,5814700
2012-04-23,57.65226364135742,57.80984430377994,56.77993659669571,56.94877547429186,5590600
2012-04-24,57.984310150146484,58.06310048428592,57.483426900081014,57.83798340370846,4104400
2012-04-25,58.44580078125,58.46831291966435,57.75357077345226,58.28259099805954,5308500
2012-04-26,59.779605865478516,60.04974289315354,58.52458119758008,58.53021030466725,8535300
2012-04-27,59.768341064453125,60.10601875245864,59.47006282796506,60.09476053952503,5433500
2012-04-30,59.970970153808594,59.999111403745445,59.54887716726714,59.74585732932134,4727100
2012-05-01,60.93333053588867,61.22598402435598,59.87528585499032,60.07226168737151,6179900
2012-05-02,60.23549270629883,60.5844245136946,59.98786340467908,60.50563415295243,4834400
2012-05-03,59.65016555786133,60.25235123792108,59.32375032200015,60.24109731685727,4882800
2012-05-04,58.37262725830078,59.368764484276205,58.10811505482837,59.24494989594865,6241300
2012-05-07,58.14188766479492,58.42891203430669,57.73667780048442,58.01244824876576,6126900
2012-05-08,57.877357482910156,58.085591457979795,57.15136171053813,57.826708412453804,8167200
2012-05-09,57.28081130981445,57.68602112078491,57.050069458081516,57.18513796382154,6115600
2012-05-10,58.17001724243164,58.66527125851462,57.7704365657482,57.871739011509504,21105400
2012-05-11,57.79296875,58.502081822621555,57.66915412958149,57.93929121617497,4944700
2012-05-14,57.3708610534668,57.57346596322746,56.99378818078695,57.258300384849505,7021400
2012-05-15,56.78555679321289,57.7760691792554,56.678625234598826,57.427137557396584,8421000
2012-05-16,56.84234619140625,57.79634379784137,56.791241265608875,57.222808413657376,6423800
2012-05-17,56.865074157714844,57.58625338254287,56.72311022096553,56.89914411616811,6527500
2012-05-18,55.91106033325195,57.211450141720306,55.786131411471565,57.05813104014983,11137700
2012-05-21,56.60953903198242,56.63792921900602,55.848610101986395,56.10982321753864,6169400
2012-05-22,56.3994255065918,57.171709571715894,56.064392737660384,56.74581781517224,6089700
2012-05-23,56.217689514160156,56.217689514160156,54.91162024703549,55.837227402677094,8013000
2012-05-24,56.81962203979492,56.85369631707966,55.96216332248542,56.36534022247198,6322300
2012-05-25,56.13822555541992,56.92186501121542,55.888367613399915,56.80829558251323,5561500
2012-05-29,56.921852111816406,57.26824442297485,56.50164012196984,56.67767399628495,5223200
2012-05-30,55.43975067138672,56.28017901727958,55.36593098972936,56.28017901727958,7284800
2012-05-31,55.82590103149414,56.308581916342575,54.90029765838162,55.68393708474951,9371100
2012-06-01,54.74697494506836,55.246686445479156,54.52550721673202,54.88325911201757,9243000
2012-06-04,54.84347152709961,55.16146914128174,54.360795339175276,54.78668685776602,6794500
2012-06-05,54.79241180419922,55.00819980800938,54.38923465549667,54.73562708355315,5891600
2012-06-06,56.672000885009766,56.67200088500977,55.41136053133,55.58739441287071,7145800
2012-06-07,57.00704574584961,57.92129396781564,56.887796542862226,57.342082934391776,7971600
2012-06-08,57.262577056884766,57.35343606485439,56.60954634978586,56.72311577735194,5769900
2012-06-11,56.73446273803711,58.10867243586154,56.54138955511578,57.91559925294022,7037100
2012-06-12,57.20577621459961,57.29663519695261,56.53570638312781,56.89913364775034,5933400
2012-06-13,56.85939025878906,57.580569431254496,56.620891902141764,57.17171262991901,5189900
2012-06-14,57.8758544921875,58.01781842353552,56.728787833149426,56.88210697275133,6540000
2012-06-15,59.244380950927734,59.340915371566055,58.284703516925546,58.48913189733305,11091100
2012-06-18,58.75033950805664,59.03994707541135,58.48912645349148,58.56862589042895,6630300
2012-06-19,59.091068267822266,59.42610541492101,58.92638957957314,59.05131853841011,6115500
2012-06-20,58.84687805175781,59.369308529965984,58.25630766990117,59.07970094227592,7609200
2012-06-21,56.796939849853516,58.915044063149296,56.711764938811775,58.75036534780812,8492000
2012-06-22,57.035423278808594,57.42156529685609,56.54706706973692,57.15467244627101,11708600
2012-06-25,56.26313400268555,56.53570226510137,55.74638332608083,56.41077333966311,7091000
2012-06-26,57.32501983642578,57.518092989058744,56.12116876342171,56.20066819909577,7616000
2012-06-27,58.244964599609375,58.4323580384782,57.495395176529705,57.614644365156515,5740300
2012-06-28,58.75033950805664,58.858233457783655,57.59759334006899,57.836091650881386,7010200
2012-06-29,59.90877151489258,59.91445128450483,59.25573664611858,59.80655732384626,10651500
2012-07-02,60.113189697265625,60.243794049423215,59.44879973439248,59.95986627051393,5695600
2012-07-03,60.970664978027344,60.99905516215113,60.31763008965099,60.35737981334025,4079900
2012-07-05,60.20973205566406,60.78894722729054,60.0393779652522,60.3460161944725,5045600
2012-07-06,59.664608001708984,59.823606930577625,59.278465889144066,59.619178498490555,4609000
2012-07-09,59.318199157714844,59.64755646604222,58.80145278231369,59.60780674485751,5233300
2012-07-10,58.98885726928711,59.8463207160094,58.65382443635077,59.551037614648486,6424200
2012-07-11,59.53965759277344,59.98258425865775,59.06833641450401,59.23301505507023,5931000
2012-07-12,59.641883850097656,60.23813407177748,59.210312302333165,59.23302705036237,7871500
2012-07-13,60.198387145996094,60.30060135068448,59.55103196043477,59.81792051430324,6771800
2012-07-16,60.635643005371094,60.902535930604664,59.908788258077315,60.028037458893074,5185100
2012-07-17,61.00472640991211,61.04447612804855,59.95419443139665,60.75486856311483,6668200
2012-07-18,61.260276794433594,61.317065835390906,60.56749641814718,60.64131610603792,5519300
2012-07-19,61.80540084838867,61.88490461745051,60.82869286470346,61.282974741032646,6829400
2012-07-20,62.00416564941406,62.03823560525643,61.04448812416537,61.41927496801227,9368100
2012-07-23,61.300025939941406,61.48741937556679,60.20974394931367,60.90252865139864,5953200
2012-07-24,60.36305236816406,61.41926413697089,59.40337501215063,61.41926413697089,6654900
2012-07-25,60.226783752441406,60.629960843798045,59.78385692904668,60.487996896176874,5476400
2012-07-26,61.481712341308594,61.686140665448086,60.9081814125112,61.0955704326444,6808200
2012-07-27,62.043907165527344,62.18019130325851,60.83437190443003,62.112047068195615,8338800
2012-07-30,62.361907958984375,62.424372427726304,61.75998235008377,61.822446818825696,5789900
2012-07-31,62.22564697265625,62.929787034971014,62.19725244633534,62.20861198982228,10012500
2012-08-01,62.748043060302734,63.16257954966956,61.97575910681515,62.30511639070722,8363800
2012-08-02,62.03824996948242,62.42439211055171,61.59532311139628,62.157499174936675,6662200
2012-08-03,63.100120544433594,63.531687713342166,62.9751916099199,63.111475751028145,5967600
2012-08-06,63.20803451538086,63.656641165556636,62.86164209350331,62.89003661951809,5201900
2012-08-07,63.57146072387695,63.82131868443768,63.321607095712544,63.37271204270197,5453300
2012-08-08,63.679344177246094,63.963272055451185,63.236417380429444,63.31591683973522,5443400
2012-08-09,63.95757293701172,64.32667993349891,63.446506376761775,63.74746914343163,4846700
2012-08-10,64.48002624511719,64.53113118631659,63.19099118451845,63.5771332923653,5107600
2012-08-13,64.32671356201172,64.50274749890674,64.00303588285824,64.34942831715891,4336100
2012-08-14,64.34941864013672,64.66174106094707,64.14499020695101,64.56520228299011,6286100
2012-08-15,64.43524169921875,64.68137453807326,64.10897299348855,64.18338362213676,4539900
2012-08-16,64.86457824707031,65.01912482691316,64.16624728294278,64.52113800635765,5394600
2012-08-17,64.48677062988281,65.00765384955487,64.40090951077174,64.85882820090087,5642600
2012-08-20,64.40665435791016,64.61844461494492,64.18914322666222,64.50396599156802,3908100
2012-08-21,64.0975341796875,64.9389608776533,63.98305123749379,64.57262419678885,4647100
2012-08-22,64.19488525390625,64.30936390721752,63.69689394113281,64.05178475372684,4445400
2012-08-23,63.70258712768555,64.20629906269157,63.50796827449513,64.15478500474848,4191500
2012-08-24,64.11470794677734,64.22346128711493,63.3992059076291,63.40492677964622,3453300
2012-08-27,63.95444107055664,64.33222390518361,63.79989017273973,64.21202007748057,3388800
2012-08-28,64.309326171875,64.57263041365414,63.97733215816638,64.01740010002237,3340900
2012-08-29,63.994510650634766,64.36084738264984,63.8800276924561,64.29788284742115,3296300
2012-08-30,63.49650192260742,63.931528308360456,63.490776684523574,63.817045382069075,3523200
2012-08-31,64.20056915283203,64.6527625991646,63.92008920880565,63.92008920880565,5557000
2012-09-04,63.662506103515625,64.26352515810294,63.46788729030812,64.12614999806549,4632400
2012-09-05,63.40494155883789,63.95445109601861,63.301909066501366,63.880036071671796,4441200
2012-09-06,64.69857788085938,64.93326472639511,63.86287173653586,63.86287173653586,5531500
2012-09-07,65.25379943847656,65.25379943847656,64.5325720113745,64.66422633526504,5057300
2012-09-10,65.23087310791016,65.5628670193513,65.02480822267611,65.36824824237391,5212400
2012-09-11,65.35682678222656,65.68309557904719,65.25379430075276,65.2938622453771,4758800
2012-09-12,65.52855682373047,65.67737814025277,65.27097340591149,65.38545638063513,4420700
2012-09-13,66.7191390991211,66.95382588649575,65.32248195538781,65.6716473330907,7737700
2012-09-14,67.1141128540039,67.66934331366097,66.6733653776716,66.93094444776357,8978300
2012-09-17,67.05113220214844,67.8295988334855,66.90803178266852,67.06830355375351,7409700
2012-09-18,66.9538345336914,67.34306790498714,66.73631907006569,66.9652806473712,5100100
2012-09-19,66.74205017089844,67.07404426878908,66.30130269872444,67.02252583500918,5978000
2012-09-20,67.45752716064453,67.64069549653333,66.1123842845476,66.4787209563252,7286200
2012-09-21,67.42891693115234,67.84676769513493,67.2400233362724,67.84676769513493,10280700
2012-09-24,67.41748046875,67.82388520560146,67.23431207513978,67.28583050585335,6808800
2012-09-25,66.93094635009766,67.82961705111276,66.7019847440198,67.64644863966636,7565400
2012-09-26,66.57032775878906,66.97100725192628,66.48446661966568,66.867974758394,5586700
2012-09-27,67.08549499511719,67.19997798523171,66.69626156288686,66.84508726649598,5482200
2012-09-28,66.7191390991211,66.90803270353315,66.48445667882473,66.90230746389325,5626800
2012-10-01,67.1141128540039,67.68651466938987,66.89660173630578,66.9252192068275,4914900
2012-10-02,67.52051544189453,67.5892052296747,66.92521704903712,67.34307228231134,6012400
2012-10-03,66.47872924804688,67.39457104172149,66.42721519422055,67.34305698789517,7362500
2012-10-04,67.0568618774414,67.24003025180896,66.66762853602556,66.76493577960989,5425700
2012-10-05,67.25717163085938,67.6864727263755,67.03966064794544,67.21137846590594,4507900
2012-10-08,67.32589721679688,67.46899765814327,66.94238471500859,67.07976428299793,3434900
2012-10-09,67.17707061767578,67.76091848888157,67.17134537731802,67.26865262800584,5983500
2012-10-10,64.3665542602539,65.85480182344378,64.11470054117717,65.62011508551338,15959000
2012-10-11,64.7157211303711,65.37970905827083,64.7157211303711,64.8931685894905,7279900
2012-10-12,64.14907836914062,64.84740935986468,63.88577402899676,64.72720548939117,5915800
2012-10-15,64.57835388183594,64.70428294338028,63.59382234657436,64.20057106428092,5775100
2012-10-16,65.30528259277344,65.48845525830646,64.8645353757956,64.9561217085621,4793300
2012-10-17,65.92924499511719,66.03227750239003,65.45987565466964,65.45987565466964,5218200
2012-10-18,65.62584686279297,65.84335790709471,65.46557510729929,65.56860757398492,6166900
2012-10-19,64.89888000488281,65.82044676224878,64.74433352257057,65.76893272383697,7160000
2012-10-22,64.5325698852539,65.08207502258212,63.95444728164281,65.0305609630257,4811900
2012-10-23,62.60931396484375,63.8686006789056,62.44904214254561,63.8686006789056,8011000
2012-10-24,62.79818344116211,63.244656021919795,62.40895015102604,62.63218644140488,5087900
2012-10-25,63.51369094848633,63.51941618816376,62.76384613264008,63.32479734283582,4888600
2012-10-26,63.63960266113281,63.93152866596234,63.29616261449184,63.34767665630328,4777600
2012-10-31,63.10157012939453,64.07465576214825,62.534893597834696,64.06893052164551,5958500
2012-11-01,63.799888610839844,63.93154291438386,62.901218177755375,62.975628821537065,6480500
2012-11-02,62.031192779541016,63.65681200870026,61.57326953260841,63.36488582960373,8375300
2012-11-05,62.50054931640625,62.58640608639224,61.67056414755134,61.67056414755134,4058300
2012-11-06,63.17025375366211,63.359147368120304,62.53488749926893,62.763849059180814,5379400
2012-11-07,61.53890609741211,62.563505632954275,61.12105094774699,62.529158562397164,7627300
2012-11-08,60.60017776489258,61.63049834429512,60.60017776489258,61.37864453177218,6208900
2012-11-09,60.583003997802734,61.069549018109086,60.147981777101215,60.251014275073494,5835100
2012-11-12,60.634521484375,60.972236442578236,60.3826633005766,60.93216849216295,4001800
2012-11-13,60.262454986572266,60.93216397980891,60.21666179889486,60.313973414479015,4834200
2012-11-14,59.17706298828125,60.6261805933196,59.01540927707059,60.614631382671256,8609400
2012-11-15,58.66901397705078,59.737087027652855,58.114770735734034,58.882625944330954,9774300
2012-11-16,59.11933517456055,59.17129341269489,58.31106214506831,58.634369594971744,8242400
2012-11-19,60.24516296386719,60.24516296386719,59.5465851670667,59.852573315569735,6850900
2012-11-20,59.78904342651367,60.11235527754727,59.4195479436755,60.04884782849069,5283800
2012-11-21,60.10080337524414,60.11235258622841,59.702443690954965,60.014201911795745,3656400
2012-11-23,60.891746520996094,60.89174652099609,60.30863479867501,60.54534513125196,2776400
2012-11-26,60.614627838134766,60.61462783813476,60.18739956852753,60.47606815159001,4354100
2012-11-27,59.68510818481445,60.71277192920382,59.581187329976544,60.62039587835565,6612400
2012-11-28,60.95526885986328,60.978362878790385,59.32717796573921,59.45419286747141,7024200
2012-11-29,61.07651138305664,61.59611581603139,60.83980098397163,61.13424423011297,5756200
2012-11-30,61.01875686645508,61.4113462536456,60.776271947357756,61.255462776745006,6676400
2012-12-03,60.424110412597656,61.23815353299677,60.26245230479147,61.19774010722848,5736400
2012-12-04,60.01995849609375,60.67234776935392,60.00841369330926,60.273988204673536,6665100
2012-12-05,60.71855163574219,61.08804708752291,60.0430681758993,60.26245472391497,6430800
2012-12-06,61.457542419433594,61.48641104097053,60.78783356616223,60.90329924284353,7392300
2012-12-07,61.76930618286133,61.77508078822293,61.27857044072397,61.619201681325954,4947300
2012-12-10,61.751991271972656,62.17344939941965,61.46909725490293,61.83281813399258,5512100
2012-12-11,62.20232391357422,62.485222382198295,61.861696996505785,61.94252387190285,5922700
2012-12-12,62.39860916137695,63.03367923633944,62.312007695533545,62.450567398042885,5968200
2012-12-13,62.30045700073242,62.664177837218006,62.04065262775718,62.664177837218006,4909800
2012-12-14,62.24848556518555,62.57756753398404,62.00600504180402,62.12724530349478,5889300
2012-12-17,62.7450065612793,62.837378222065844,62.31777827008339,62.33509768118503,6097100
2012-12-18,63.5648078918457,63.73801076756086,62.53714865459039,62.6641635094839,7102700
2012-12-19,63.455162048339844,64.14796523523003,63.44361283254171,63.7784696149239,7623200
2012-12-20,63.72647476196289,63.89390306857781,63.305021097667584,63.507088224708696,5873900
2012-12-21,63.33965301513672,63.68028419622553,62.67571446601721,63.258826173129044,15611700
2012-12-24,62.71614456176758,63.15492210985025,62.62954749711561,63.10296387105907,2284400
2012-12-26,62.61799621582031,63.08563796842022,62.47366190652567,62.98749169523592,4094300
2012-12-27,62.65260696411133,62.848903827247256,61.93093574103962,62.61796815491799,5525700
2012-12-28,61.457542419433594,62.2254019430906,61.37094536428923,62.167669104749955,5277100
2012-12-31,62.43325424194336,62.48521688854973,61.053418470034764,61.053418470034764,6554000
2013-01-02,63.73223876953125,63.749558176864475,62.779631723613775,63.6629567354661,6144100
2013-01-03,63.460899353027344,64.03823651105284,63.22419340869803,63.587914232550226,6817000
2013-01-04,63.7957649230957,63.86504697749455,63.44936346056859,63.50132169781755,4414500
2013-01-07,63.362728118896484,63.55902056098473,63.03942084734823,63.5186071520412,4861000
2013-01-08,63.079864501953125,63.328119677277634,62.98748843451454,63.2068793923145,6325400
2013-01-09,63.24150466918945,63.55326722291651,63.04520777029506,63.3454255204318,4558600
2013-01-10,63.7784309387207,63.945859228380755,63.55904001895042,63.616777253457904,5276400
2013-01-11,64.50588989257812,64.70795703977136,63.96896609875985,64.19989746427585,5456300
2013-01-14,65.15248107910156,65.2102138994933,64.28647555903004,64.30379496467438,6373900
2013-01-15,65.4931411743164,65.51046058762091,64.74837556908585,64.81188302102493,5637600
2013-01-16,65.79911804199219,66.00695977579932,65.33724654359122,65.41807339510143,6148500
2013-01-17,66.24366760253906,66.89028683767798,66.1570661435431,66.237897402077,6966000
2013-01-18,66.53234100341797,66.53234100341797,65.85108289734875,66.52657080253897,8538000
2013-01-22,66.91913604736328,66.93645545319191,66.12240814139096,66.45726466985087,5398000
2013-01-23,66.39954376220703,66.91337344939632,66.35335573522238,66.59583626979274,5031800
2013-01-24,66.68243408203125,67.18471893744375,66.55541921711782,66.67665947778998,4895800
2013-01-25,67.08657836914062,67.19049923744343,66.48037697465188,66.69398891163372,4745400
2013-01-28,66.99421691894531,67.3059795713569,66.63049602683202,67.29443035937845,4520500
2013-01-29,67.66968536376953,67.77938082941868,67.11544224028863,67.13276164965791,4370100
2013-01-30,67.23091125488281,67.83711704140131,67.1212201885024,67.58886188369877,5168200
2013-01-31,66.48038482666016,67.49072500820596,66.48038482666016,67.09813550433024,7777900
2013-02-01,67.2597885131836,67.36948399838508,66.4226512764151,66.87874382021018,6415900
2013-02-04,66.50924682617188,66.90761092254219,65.98387223976576,66.40532594906368,6397600
2013-02-05,66.86143493652344,67.19051703921537,66.68823637995281,66.82102149951686,5067800
2013-02-06,66.91913604736328,66.92490624615155,66.30715581144955,66.64201233990946,4459800
2013-02-07,66.40532684326172,66.97111927174369,66.00696714626066,66.96534466606728,5423900
2013-02-08,66.76325225830078,66.8440790882596,66.33602409927096,66.35334350501472,4457200
2013-02-11,66.76325225830078,66.87871789974714,66.39953152348602,66.78634626753643,3766300
2013-02-12,67.2597885131836,67.45608106066669,66.68822587845706,66.8094661703849,4530600
2013-02-13,67.21904754638672,67.39941403864458,66.858314561871,67.16086523653183,4111000
2013-02-14,67.32376861572266,67.64377793632988,66.95139655484795,67.00376373414055,5226400
2013-02-15,66.88739013671875,67.31794447047375,66.3462863290034,67.20157987400748,6353200
2013-02-19,67.44596862792969,67.64379382869845,67.02123372699943,67.02123372699943,5023300
2013-02-20,66.90485382080078,67.55068763205585,66.81757814162636,67.45177726720338,5447000
2013-02-21,66.90485382080078,67.08522474150135,66.3812041847797,66.78848920791852,4795100
2013-02-22,67.46922302246094,67.62632011300518,66.80593504666827,67.20740045692037,5207200
2013-02-25,66.06121063232422,68.27216973021407,66.03793681794312,67.78343294528963,7522800
2013-02-26,66.88739013671875,67.00957429471578,66.1833741183407,66.602293768059,6113100
2013-02-27,67.8707046508789,68.04525158994018,66.74194913437378,66.74194913437378,4540600
2013-02-28,68.16161346435547,68.59216786211675,67.6961461312443,67.82414986980115,5953600
2013-03-01,68.01616668701172,68.21398745081918,67.46342358296943,67.91725630510798,5570300
2013-03-04,68.35943603515625,68.54562208560601,67.53905527627705,67.9463358744404,5046700
2013-03-05,68.61546325683594,68.80164936084331,68.46418566013405,68.63873707471522,6356000
2013-03-06,68.92964172363281,69.11000823354159,68.6736342083872,68.83073134329742,5362200
2013-03-07,68.98199462890625,69.17400023793212,68.77835433404191,69.01690756447263,4378700
2013-03-08,68.98783874511719,69.30202864288643,68.65037502836202,69.20893336694276,4992000
2013-03-11,69.0809097290039,69.12163778815061,68.71435275765803,69.02272298248674,4528400
2013-03-12,68.8016357421875,69.41256113326763,68.749272991594,69.16818831341999,4625000
2013-03-13,68.8656234741211,69.06344418776604,68.69107212994314,68.87725815885459,5393300
2013-03-14,69.81983184814453,69.97110939340928,69.00526625544444,69.0809072475895,7476700
2013-03-15,69.6336441040039,69.77328252135713,69.18563548044239,69.58127692310566,10215600
2013-03-18,69.31363677978516,69.76164985533913,69.06344887031388,69.10999649045398,4828700
2013-03-19,69.50565338134766,69.70929370290047,69.03437086017884,69.46492531703709,5244200
2013-03-20,70.02348327636719,70.3318535391767,69.73838682722598,69.80820826823093,5945300
2013-03-21,70.01765441894531,70.39584607255803,69.70928419706931,69.81983368756278,6168500
2013-03-22,70.50640869140625,70.63441245391195,70.09912802800298,70.20385797559615,5190700
2013-03-25,69.924560546875,70.72748700099476,69.56382315727177,70.69257850617116,6345300
2013-03-26,70.39002990722656,70.47730114682379,70.0060186968971,70.25038704582018,4256400
2013-03-27,69.93037414550781,70.23292476590379,69.64527333201026,70.11074060541551,4329600
2013-03-28,69.13327026367188,70.24457138904094,69.0983617680981,70.0758395953921,8280100
2013-04-01,69.59291076660156,69.73836873502285,69.09835456177417,69.2321734068678,4322200
2013-04-02,69.23802947998047,69.7907682758484,69.04020866934218,69.72676638087077,4813900
2013-04-03,68.5281753540039,69.38346914299188,68.27798740510964,69.34274107870797,7175000
2013-04-04,68.69689178466797,69.05180959635777,68.17324219045145,68.61543567434818,5409700
2013-04-05,68.37690734863281,68.44672879961144,67.59143489098686,67.86489669186973,5029900
2013-04-08,68.54560852050781,68.58052144988801,67.87068588582846,68.3361487003255,4117400
2013-04-09,69.028564453125,69.16238779795141,68.44091275119266,68.65037267586108,4849700
2013-04-10,69.6103744506836,69.72092394216058,68.95290594232554,69.17400048625402,5452000
2013-04-11,70.3725814819336,70.48895055007439,69.54056151058761,69.79656902147131,6092300
2013-04-12,69.78495025634766,70.34350859378634,69.5289426870531,70.0875010244918,6391700
2013-04-15,67.82416534423828,69.17983515512915,67.78343727622564,69.12746795966919,9766800
2013-04-16,68.08015441894531,68.3652508177262,67.61468710585281,68.27215557949758,6511400
2013-04-17,66.80012512207031,67.72524023589158,66.39866409292571,67.72524023589158,8291200
2013-04-18,67.25396728515625,67.56234201307697,66.67795477497586,66.84086704540857,6451600
2013-04-19,67.43433380126953,68.04525477511991,67.39360573634617,67.70197600491248,7573200
2013-04-22,67.82416534423828,68.1325356361949,67.42851935253273,67.71943539234485,5435700
2013-04-23,68.3536376953125,68.70855119570065,67.43434190341748,68.06853676756835,6745200
2013-04-24,68.81905364990234,69.05178722069708,68.64450680107403,68.67941528303496,4559000
2013-04-25,68.95291900634766,69.81984753700476,68.83073480584106,69.27874354103191,5602800
2013-04-26,69.84310150146484,70.05838090156695,69.05180976582349,69.23799579544351,6012200
2013-04-29,70.5878677368164,70.75078000890011,69.84312338499007,70.07585710469242,5158500
2013-04-30,70.98933410644531,70.98933410644531,69.88967181824272,70.4307758361699,6907400
2013-05-01,69.97691345214844,70.73329661985038,69.84891417611357,70.5471106085887,6082100
2013-05-02,71.00676727294922,71.17549906058699,70.18638214398887,70.40166155008366,5066100
2013-05-03,71.85042572021484,72.09479851102958,71.25113952648259,71.38496282714365,6384300
2013-05-06,71.71077728271484,72.01914746058314,71.39658754327594,71.75150533565925,4668700
2013-05-07,71.588623046875,71.98426905757692,71.29770699309496,71.76898957973009,4412600
2013-05-08,71.7748031616211,71.91444161286978,71.47806756856957,71.55370857722512,4479800
2013-05-09,71.93771362304688,72.11808013634393,71.5420676552468,71.83298367748138,9237500
2013-05-10,71.69915771484375,71.97843458276357,71.04750429132118,71.78642896167759,10581700
2013-05-13,71.47803497314453,71.62349292157951,71.0823891758404,71.50712833844125,16870100
2013-05-14,72.72898864746094,72.72898864746094,71.51296208800748,71.51877721100115,6965800
2013-05-15,72.14834594726562,72.5706441039327,71.90786886784282,72.5706441039327,7950400
2013-05-16,72.00171661376953,72.35949675645819,71.84921905914204,71.9899836231233,5549800
2013-05-17,72.3888168334961,72.3888168334961,71.71431309787673,71.98998019220309,6850200
2013-05-20,73.18647003173828,73.2216600426932,72.24803244941224,72.3946634614889,5298200
2013-05-21,73.86685943603516,74.01935250669017,73.1688942036715,73.22167923393873,6699300
2013-05-22,73.27444458007812,74.47682058774708,73.08089058326493,73.84924007748073,9350100
2013-05-23,73.55015563964844,73.80236129344381,72.85219021929771,72.85219021929771,8096100
2013-05-24,73.5794677734375,73.64398580102869,72.92256345589092,73.02227150768638,5593200
2013-05-28,74.15424346923828,74.72317257239303,73.81992490524745,74.13078196783951,6598500
2013-05-29,73.60295104980469,74.3302445805124,73.20411424983885,73.9431363004751,6422400
2013-05-30,73.38005828857422,73.88446956351578,73.02814459031453,73.45044281815635,4353400
2013-05-31,71.9958267211914,73.49146482997239,71.9958267211914,73.10435681129557,7905000
2013-06-03,72.78179931640625,72.79939880452,71.76124827225105,71.76124827225105,7256900
2013-06-04,72.11902618408203,72.52372937625327,71.63807644512391,72.03691314144226,7675500
2013-06-05,71.30374908447266,72.20113042306271,71.15125153466808,71.75537076392413,7745600
2013-06-06,70.72895812988281,71.25683085708944,69.59697060768549,71.12779480434727,10141500
2013-06-07,71.3800048828125,71.53836894830083,70.4650284149252,71.09847572722805,6089800
2013-06-10,71.96066284179688,72.13075541405875,71.43865660874229,72.10729390669592,5585600
2013-06-11,71.23335266113281,72.00170230204431,71.12191612109253,71.47969619266549,4548000
2013-06-12,70.36531829833984,71.98412655743688,70.15416920042175,71.74364945570927,5489200
2013-06-13,71.3565444946289,71.45625254609372,70.27147102046163,70.32426053141803,4656700
2013-06-14,70.54713439941406,71.36826922488734,70.44155985792715,71.04567910511486,4415300
2013-06-17,71.0984878540039,71.42694008314932,70.54715349094467,70.64686156410295,4046900
2013-06-18,71.27442169189453,71.39172922152407,70.8873180311788,70.98702607524538,4544800
2013-06-19,70.67615509033203,71.77881880362636,70.62337006847045,71.43863822148506,4634300
2013-06-20,69.18053436279297,70.18349478068265,68.95765675594247,70.1131102588654,7624100
2013-06-21,69.75532531738281,70.11310544779305,68.77583094880217,69.9371463927365,10692100
2013-06-24,68.51775360107422,69.22744731228809,68.04853247349638,69.03975975622181,6785700
2013-06-25,68.88727569580078,69.13361929712775,68.57641853976398,69.06323477177358,5983100
2013-06-26,69.29784393310547,69.52658804219415,68.62334012240738,69.409280502389,4820700
2013-06-27,69.62628173828125,70.11309785973687,69.49724570851478,69.51484071715127,4459400
2013-06-28,69.40928649902344,70.12484689176809,69.29198342390895,69.67322513026927,6504400
2013-07-01,69.84329986572266,70.38876752772153,69.20985268246766,69.4151352488491,5053000
2013-07-02,69.88434600830078,70.57644461141237,69.55588947600845,69.84915152012651,4912000
2013-07-03,69.84329986572266,69.97233590025509,69.56763278737145,69.93714140685803,3034800
2013-07-05,70.68202209472656,70.88730463926575,69.85502094766662,70.2010725011674,4386200
2013-07-08,71.11018371582031,71.73776435105192,70.95769066507826,71.13951171202207,4964400
2013-07-09,72.30082702636719,72.57649408149524,71.5852713516649,71.78468740654326,6252900
2013-07-10,72.08382415771484,73.04572347548893,71.97238312918905,72.4064097787153,5549600
2013-07-11,72.59408569335938,72.79350621373283,71.85506855121473,72.69966021006914,7235100
2013-07-12,72.7641830444336,72.81697254370123,72.165930393286,72.44745947329992,5615000
2013-07-15,73.12784576416016,73.39764638991116,72.76419910780444,72.79352711107468,4062000
2013-07-16,72.79939270019531,73.4562970069484,72.46507405127278,73.14543986538489,4002900
2013-07-17,72.93428802490234,73.31552967417299,72.89909800260267,73.11024708605028,3634600
2013-07-18,73.5911865234375,73.69676105044469,73.10437040030303,73.12783190350731,4324100
2013-07-19,74.43579864501953,74.43579864501953,73.41524317426858,73.77888983940313,5929900
2013-07-22,74.50618743896484,74.84637263580629,74.28330979697856,74.31849982602226,4056100
2013-07-23,74.64105224609375,74.86979626880351,74.31259573349703,74.52961124406778,3763300
2013-07-24,74.11904907226562,74.85806618592541,73.84338204065861,74.63518864805043,4527800
2013-07-25,74.934326171875,74.97538268311627,73.7788728878828,73.9841554440891,4466400
2013-07-26,74.81700134277344,74.85219582628093,73.95481033142049,74.5061443331995,4829900
2013-07-29,74.00175476074219,74.70558646205625,73.83752870621622,74.70558646205625,4028900
2013-07-30,73.77301025390625,74.46510896163555,73.42696313745377,74.01934933424438,4589500
2013-07-31,73.8375015258789,74.43575847551259,73.58529604217505,73.91374803032045,5394300
2013-08-01,74.16014099121094,74.28917706547979,73.69091971656526,74.18946452411022,5757100
2013-08-02,73.28620910644531,73.37418864594383,72.31844759643742,73.23929056356134,7472700
2013-08-05,72.72315216064453,73.16891191504206,72.58825406742497,73.15131690069391,3733700
2013-08-06,72.22457885742188,72.8228359580911,72.14833233373119,72.71139494476914,4677700
2013-08-07,72.3360366821289,72.68208384102249,72.02517954622112,72.16007761755003,3898500
2013-08-08,72.18353271484375,72.85216994115108,71.50316697352424,72.65861588226619,5639200
2013-08-09,71.8492202758789,72.2128669200489,71.36827057220889,72.2128669200489,5739400
2013-08-12,71.43864440917969,71.59700396330464,70.91663826526799,71.55594745113711,6014800
2013-08-13,71.8492202758789,72.27738494522139,71.20404449897886,71.51490163399639,4461000
2013-08-14,71.58528137207031,72.11901607440977,71.28615277305722,72.00171302274659,6884900
2013-08-15,71.11217498779297,71.55570206671891,70.96433262815098,71.3664640268488,4247800
2013-08-16,70.89338684082031,71.07671448695176,70.40255349612524,70.89930180019024,5652500
2013-08-19,70.17191314697266,70.96434618032632,70.08911725891397,70.78102306313379,4308900
2013-08-20,69.95310974121094,70.55039429381688,69.95310974121094,70.13051791214693,4490700
2013-08-21,69.60417938232422,70.07727672611976,69.32032458547941,70.00631077101323,5648600
2013-08-22,69.95310974121094,70.48534327760277,69.44453152996896,69.74613128588965,4028600
2013-08-23,70.6864013671875,70.80467798389029,69.85257265044291,70.18965311241057,4675900
2013-08-26,70.27832794189453,70.91700789140332,70.08908993964636,70.81056123315184,3783400
2013-08-27,70.26060485839844,70.76918296043984,69.82299271656898,69.92352444302598,5185600
2013-08-28,72.03471374511719,72.35996875855118,70.64499639204568,70.64499639204568,7615400
2013-08-29,71.18317413330078,71.88690102528642,70.99984645385182,71.64444178855992,5488800
2013-08-30,71.21864318847656,71.48475771153188,71.00574976531546,71.27186428837078,4696100
2013-09-03,71.28960418701172,71.83957807312865,70.96434911551556,71.7567821816454,4154300
2013-09-04,71.4729232788086,71.71538244514038,70.92886438245243,71.17132354878422,3671200
2013-09-05,71.77450561523438,71.95191372794503,71.502476232979,71.60300794802743,3337300
2013-09-06,71.67989349365234,72.59060302619014,70.37888245390751,71.86913154510233,5690200
2013-09-09,72.27717590332031,72.42501826787078,71.67989148723495,71.67989148723495,4482000
2013-09-10,72.74437713623047,72.74437713623047,71.6799100313651,72.6320154663302,6000800
2013-09-11,73.28250122070312,73.32981185957136,72.61425536590497,72.76801268633132,4995800
2013-09-12,73.26475524902344,73.69645690000573,73.11691289772396,73.35937651951454,4529700
2013-09-13,73.41262817382812,73.82067467712314,73.21747510600945,73.31801137572332,3094000
2013-09-16,73.37715148925781,74.03357219958174,73.31801542320369,73.90938510733028,4277800
2013-09-17,73.5308609008789,74.03352844473712,73.37710812236672,73.38893352387151,5458200
2013-09-18,74.40613555908203,74.76687143744023,73.22339615772209,73.54273633750441,6296900
2013-09-19,74.181396484375,74.58352795173768,74.06903482808804,74.42977060815419,4440800
2013-09-20,73.87387084960938,74.64856789962761,73.76742416779416,74.31148749251126,10264700
2013-09-23,74.22871398925781,74.28785456170502,73.6669146453472,73.69648493157081,5450600
2013-09-24,73.61957550048828,74.4179232898413,73.57226937734764,74.12223858920756,6097900
2013-09-25,73.3711929321289,73.93890695014102,73.3711929321289,73.78514966032839,4498900
2013-09-26,73.02820587158203,73.59000950810922,72.75026153196623,73.38894156617398,5022600
2013-09-27,72.52554321289062,72.89219386694421,72.4486668147559,72.87445350674315,4518800
2013-09-30,71.85142517089844,72.15893545804579,71.26005541640545,71.9105612439891,6421800
2013-10-01,71.74495697021484,71.99333110996383,71.46109758779326,71.71538668661965,4702300
2013-10-02,71.45519256591797,71.66217103142415,70.82242725034642,71.57937964522168,5899800
2013-10-03,69.92943572998047,71.35463823483032,69.74019769114052,71.33098291600149,10203700
2013-10-04,69.85848236083984,70.1009460386803,69.49774657933526,70.07729071558917,6538500
2013-10-07,69.70471954345703,70.07728067724322,69.31441353605072,69.4445155385195,5677400
2013-10-08,69.03058624267578,69.83484487423189,69.01875632221297,69.71657274035995,6744200
2013-10-09,68.67572784423828,69.07194877723666,68.19672006671209,68.92410642498383,8861700
2013-10-10,68.82357788085938,68.82357788085938,67.67632416730054,68.14941704025756,11133000
2013-10-11,69.58643341064453,69.610088727106,68.55745195941665,68.93592799921979,6535800
2013-10-14,70.12458038330078,70.22511209251937,68.78808435512295,69.38536867706372,4789800
2013-10-15,69.87030792236328,70.41436678416652,69.64558462290319,70.1127670732966,6414700
2013-10-16,70.46759033203125,70.79875580142667,69.98266302071491,70.62134315036991,5614200
2013-10-17,70.68048095703125,70.73370655839027,70.17781778224018,70.43210684879914,5254800
2013-10-18,70.75732421875,70.87559625158798,70.4498097145091,70.73366890982463,6231100
2013-10-21,70.85789489746094,71.0767032416093,70.5562951824005,70.7455332461697,4360700
2013-10-22,71.34283447265625,71.43154082283503,70.79286051569875,71.04714964658862,6444900
2013-10-23,71.04122924804688,71.34282901084809,70.86973152064195,71.13585055080492,4961900
2013-10-24,71.29549407958984,71.55569806176923,70.9111075754673,71.3605450751347,4188100
2013-10-25,71.31324768066406,71.68581336283019,71.12400961624955,71.31324768066406,4273300
2013-10-28,71.50251770019531,71.64444517503145,71.01759018023516,71.295534680976,5497700
2013-10-29,71.85142517089844,72.15302500899195,71.65036162003155,71.75089339546498,4241700
2013-10-30,71.1417465209961,72.12341746022666,70.91111279682424,71.87504337447095,4999100
2013-10-31,70.940673828125,71.7508515434522,70.86379742912818,71.05303545971235,7752500
2013-11-01,69.78751373291016,70.63317227141536,69.19022929365488,70.3966235766002,9344200
2013-11-04,69.84072875976562,70.13641347467724,69.37946132639001,70.13049851707763,6670300
2013-11-05,70.04771423339844,70.31383321077412,69.23162596205357,69.54505106963259,6623300
2013-11-06,71.63851928710938,71.79819161976374,70.26654187484966,70.55040129301723,8373200
2013-11-07,70.9111099243164,72.07610390177572,70.62133565754891,71.9105211846461,10131200
2013-11-08,71.6680679321289,71.67989333641,70.71596271891849,70.76918380587001,11331000
2013-11-11,71.60301971435547,71.8513938200393,71.38421137641998,71.66215576164336,3427600
2013-11-12,70.96434783935547,71.70355979601543,70.7455394759391,71.5734577697566,6914200
2013-11-13,71.01754760742188,71.05303283870342,70.48531876789278,70.71595246816615,6212000
2013-11-14,71.2978286743164,71.51847431645021,71.15470951303627,71.30975792506749,5470900
2013-11-15,71.59600067138672,71.72123051395403,71.04140876877354,71.42902754796363,6008000
2013-11-18,71.89418029785156,72.09097203326061,71.60197728294783,71.98363150028088,4788700
2013-11-19,72.78868103027344,72.97950813319194,71.72124035937165,71.88821805539271,5891800
2013-11-20,72.75288391113281,73.20013524665207,72.51434895558737,72.84829971322132,4571300
2013-11-21,73.6235580444336,73.70704462524034,72.96759010251881,72.96759010251881,4884300
2013-11-22,73.96347045898438,74.05888629589667,73.00337021102274,73.67126742037617,3887400
2013-11-25,73.79052734375,74.00520841163849,73.4804349955095,73.80841667446117,3925300
2013-11-26,73.21803283691406,73.76666011182407,73.14051090122342,73.59372691295083,4597500
2013-11-27,73.00335693359375,73.19418402303427,72.53821618743727,73.122626708042,3906700
2013-11-29,73.01527404785156,73.52812261853163,72.7528851373615,73.24784438226742,3721000
2013-12-02,72.95563507080078,73.38499707734417,72.78270189285907,73.27169650038331,5384000
2013-12-03,73.06297302246094,73.28958326782535,72.67535885477568,72.93774319986908,5410200
2013-12-04,72.61572265625,73.24784095194781,72.26985175823692,72.81251432990146,4391800
2013-12-05,72.2162094116211,72.75291213236918,71.98363899090987,72.3175853284075,4706800
2013-12-06,72.92582702636719,72.96757030544505,72.54417288917635,72.78270786233968,4179100
2013-12-09,73.55200958251953,73.87403125993737,72.84833814443547,72.91393085588001,7706500
2013-12-10,73.74282836914062,73.90980153195629,73.17034245423342,73.8203503233972,5602700
2013-12-11,72.81253814697266,73.87997886420227,72.63364028941557,73.83823557580456,7309900
2013-12-12,72.15058135986328,72.8125136746059,71.9001217136568,72.62168662754253,7221200
2013-12-13,71.50060272216797,72.24005721345574,71.19050582120141,71.8226243271668,5268100
2013-12-16,71.69139862060547,71.97763688952726,71.44689907246264,71.83451775506636,7304500
2013-12-17,70.80883026123047,71.69737285809661,70.51662732887208,71.63177563149104,6824000
2013-12-18,72.5143814086914,72.61575733152337,71.0891402122913,71.16070209588452,8206400
2013-12-19,73.48042297363281,73.58776349001545,72.19233677704116,72.49646899840471,6540600
2013-12-20,73.21803283691406,73.82033264397633,72.99142710588856,73.24188679012882,9455200
2013-12-23,73.22998046875,73.70108137653716,73.12860000472222,73.59374538464454,4062400
2013-12-24,73.65335845947266,73.67721241234355,73.17032387577044,73.21206715587545,1587800
2013-12-26,74.42857360839844,74.53591409574217,73.67719474666751,73.70700876835036,3415200
2013-12-27,74.67904663085938,74.92950628112501,74.3570251306568,74.5418875558992,3455300
2013-12-30,74.08273315429688,74.667139175498,73.8859414217859,74.41667945212608,4688500
2013-12-31,74.48822784423828,74.64327171178819,73.9038173791097,74.35106875406203,3475600
2014-01-02,74.029052734375,74.47033951663421,73.77262841164128,74.21987981992034,4540300
2014-01-03,74.15428924560547,74.4763108344617,73.86208623985105,74.30337306176055,3506000
2014-01-06,73.95751190185547,74.4226573204636,73.6593442115486,74.29742288681817,4252300
2014-01-07,74.5836410522461,74.73272484778906,73.73684618548441,74.19602227389912,4563300
2014-01-08,73.52218627929688,74.21989755097228,73.20016464244415,74.20797284576041,8282500
2014-01-09,73.52218627929688,73.59970823736825,72.76483783252907,73.59970823736825,5643500
2014-01-10,72.16251373291016,73.25380353852292,71.78085962226427,73.05105178272548,8127500
2014-01-13,71.11298370361328,72.09693784718363,70.969864507176,72.04326530497138,6504200
2014-01-14,71.30381774902344,71.41115829420852,70.84464153053472,71.2024418312591,6904600
2014-01-15,71.07124328613281,71.60198135446849,70.99372133278041,71.37537557181555,5829300
2014-01-16,70.86251831054688,71.13683197749963,70.48086411742332,71.02949145132882,5041100
2014-01-17,71.13681030273438,71.78681333839626,70.8088241977923,70.9817619122458,7199700
2014-01-21,71.77490234375,72.09095925994669,71.26801835269815,72.00150807336664,5602300
2014-01-22,71.81665802001953,72.01344975452737,71.54234433692245,71.86436593438697,4977500
2014-01-23,70.60013580322266,71.47078479526381,70.52261385210625,71.46482016835415,6205800
2014-01-24,69.34783172607422,70.45105110750698,69.32994239524363,70.29004258035447,7094900
2014-01-27,69.43132781982422,69.92032264482006,69.10334154404987,69.32995189810408,6179500
2014-01-28,69.67581176757812,69.78911692640847,69.21663560491537,69.60425444593967,4303700
2014-01-29,69.17488861083984,69.70562661637989,69.00195084335151,69.258375181396,5522100
2014-01-30,69.44324493408203,69.74737721567324,68.6859010932821,69.35975835477109,5538700
2014-01-31,66.56890869140625,67.92259238629613,66.25881633358291,67.92259238629613,15523500
2014-02-03,66.27667999267578,67.06384211112764,65.91887985695685,66.99824488878369,11275300
2014-02-04,66.09182739257812,66.81339239587072,65.88907107075782,66.70605188424263,9717200
2014-02-05,65.31063842773438,66.19321665161384,65.16155460644696,66.19321665161384,10562900
2014-02-06,66.35421752929688,66.40192543853294,65.54320582066694,65.66247104408048,7983300
2014-02-07,66.81935119628906,66.86109447219002,65.8294327253866,66.73586464448715,7071800
2014-02-10,66.60468292236328,67.06982367121547,66.2409180701221,67.06982367121547,9251300
2014-02-11,67.73175811767578,67.90469588442824,66.75972875798703,66.80743666943809,6874700
2014-02-12,67.4008560180664,67.9182600879169,67.26849619692936,67.9182600879169,6422100
2014-02-13,67.68964385986328,67.82801670308444,66.88947188788119,67.22037145226165,5061600
2014-02-14,68.27323150634766,68.48380188124779,67.1361423017071,67.73176154939736,6776400
2014-02-18,67.80996704101562,68.65225306797292,67.74378712953465,68.50184501280518,6106600
2014-02-19,68.34541320800781,69.2177826036347,67.66557051217927,67.71370218712886,7989900
2014-02-20,68.94705200195312,69.38624554542832,68.0446036653043,68.29127508056465,8406900
2014-02-21,67.79191589355469,69.03127674601203,67.74378421634933,69.01924612175537,9221100
2014-02-24,68.67631530761719,69.18770175036288,68.0145208175881,68.20704293450729,7337900
2014-02-25,69.16966247558594,69.45243037550742,68.73046890100981,68.8086840333821,5976100
2014-02-26,69.49455261230469,69.70512301247963,68.82674035025667,69.0794248304666,6113800
2014-02-27,69.60282897949219,69.68103951114152,68.92298167251141,69.58478074834922,4922600
2014-02-28,69.3862533569336,70.23455250203843,69.07340199455767,69.71113534551314,6944600
2014-03-03,69.09146118164062,69.90366857688984,68.74251788533752,69.06138231631822,6046200
2014-03-04,69.38021850585938,69.95176720533358,69.34412204612934,69.7231486435617,5611500
2014-03-05,68.84477233886719,69.34412816292915,68.59208791828982,69.23583418409751,6703700
2014-03-06,69.09745788574219,69.27794938343341,68.7966417829831,69.0132297441768,5179600
2014-03-07,69.23583984375,69.75925695914826,68.97112018716895,69.22982223607595,5055600
2014-03-10,69.69306182861328,69.75322871203775,68.6582584490082,69.45842567154186,6203000
2014-03-11,68.89289855957031,69.92770658864768,68.73045530914428,69.72916687816652,6274300
2014-03-12,69.57876586914062,70.00592418659878,68.66428234126978,68.67029994858314,6812900
2014-03-13,68.85679626464844,69.63891987902292,68.65826114784538,69.54867414042758,5405100
2014-03-14,68.64623260498047,69.12754019753154,68.39354818443137,68.80265826107298,6280000
2014-03-17,69.22984313964844,69.3622030079043,68.6643071898611,68.7425223429711,5894500
2014-03-18,69.93370819091797,70.12623026327078,69.30801030824925,69.56069925765904,6329600
2014-03-19,69.30802917480469,70.23454333461451,68.98315181872016,69.7171392636806,5569600
2014-03-20,69.49455261230469,69.83748286118687,68.77860866161942,69.09747306618296,5280600
2014-03-21,69.56672668457031,70.99259659055856,69.53664782989904,69.96380612298067,14893600
2014-03-24,69.6990966796875,70.20447016694057,69.57877206324575,69.78934243706374,5386900
2014-03-25,70.44513702392578,70.50530393728921,69.91570215300123,69.92773737171034,5573000
2014-03-26,70.81813049316406,71.16106068671675,70.60756012696324,70.87227978166698,5971600
2014-03-27,70.7940444946289,70.98656657320605,70.28867575964708,70.8421761617953,5224600
2014-03-28,71.2934341430664,71.32351759688454,70.81212642252002,71.07082851904785,5875100
2014-03-31,71.54010009765625,71.96725848642185,71.28741103929738,71.46790256811225,5482700
2014-04-01,71.59422302246094,71.96121898667393,71.49795967902001,71.68446875941459,5391400
2014-04-02,71.8048095703125,71.91912116895092,71.30545369110136,71.30545369110136,4505600
2014-04-03,71.6183090209961,72.06953324270846,71.5280632586356,72.06351563452705,4446400
2014-04-04,71.47391510009766,72.04546391726757,71.3475682848467,72.04546391726757,5301300
2014-04-07,70.59552001953125,71.48593769359113,70.59552001953125,71.18512159412472,5241300
2014-04-08,70.87227630615234,71.17910542895989,70.49926268282478,70.78804816380249,4706100
2014-04-09,71.65438842773438,71.74463416860578,70.74592259244994,70.89031761387982,5376500
2014-04-10,70.20446014404297,71.02869328818416,70.12023200654079,70.51128924919122,8769200
2014-04-11,70.40901947021484,70.83016478722891,70.09015512124499,70.09015512124499,7028800
2014-04-14,71.4137191772461,71.49193427776451,70.59549926009748,70.89631527110541,6817700
2014-04-15,72.37635803222656,72.3823710495729,71.19715483962659,71.41976041385927,7681900
2014-04-16,73.29685974121094,73.4713336483829,72.73734155272498,72.73734155272498,7277000
2014-04-17,74.40987396240234,74.51215033929309,73.23067534918944,73.23067534918944,8604900
2014-04-21,74.74677276611328,74.84303610786372,74.03083366972157,74.03083366972157,6351100
2014-04-22,74.60240936279297,74.8129797615247,74.36777311990755,74.52419881186131,5849200
2014-04-23,75.01752471923828,75.17996340276356,74.71670860226655,74.71670860226655,5596300
2014-04-24,74.78289794921875,75.15590704366214,74.68663457640093,75.10777535725323,5185300
2014-04-25,74.59638214111328,75.02354049209056,74.34971530298381,74.74077718742745,5776300
2014-04-28,75.64321899414062,75.84175413290231,74.75280131298642,74.75881892024873,7687800
2014-04-29,75.7876205444336,76.56973976984308,75.66127831394645,75.7575370938028,6666800
2014-04-30,75.5168685913086,75.79362343110525,75.39052638536101,75.66126361818229,6123500
2014-05-01,75.16790008544922,75.66123811911504,74.77082078050256,75.60107583990461,6379600
2014-05-02,75.03556060791016,75.68532441529942,74.34970034125112,74.54222244083806,5406100
2014-05-05,75.42060852050781,75.71540699593312,74.80694114217367,75.09572660081724,4224400
2014-05-06,75.18600463867188,75.61918071765767,74.91526729426019,75.20405287694776,5600000
2014-05-07,75.94403076171875,76.27492570082966,75.58906539493238,75.77556989861469,5436000
2014-05-08,75.25817108154297,75.88386913188346,75.12581585077916,75.62516709751277,5009800
2014-05-09,75.2220687866211,75.84776678845856,74.98743260969319,75.4386567330298,4826100
2014-05-12,75.34840393066406,75.54694362795162,74.98140797752842,75.54694362795162,4914700
2014-05-13,75.71542358398438,75.79965173827323,75.1859888155844,75.54696727540666,4415200
2014-05-14,76.05834197998047,76.27492994020595,75.66126711296005,75.88988569760275,4961400
2014-05-15,75.12390899658203,76.14934791198237,74.96615272442064,75.94911345585031,5939500
2014-05-16,74.74165344238281,75.45157061607078,74.56569023510389,75.2149315581748,6435100
2014-05-19,74.6020736694336,74.88725517868062,74.54139783601853,74.6020736694336,4042300
2014-05-20,74.32904815673828,74.69310787491719,74.17128724812824,74.60209178805484,4044400
2014-05-21,75.33627319335938,75.45762487092226,74.59601592412436,74.63242050153927,4758700
2014-05-22,75.01470947265625,75.4879922958764,74.97223590728319,75.29989110984879,3262700
2014-05-23,74.85694885253906,75.45764770803433,74.83267758382688,75.29988677604071,3808100
2014-05-27,74.53535461425781,75.23313851277364,74.48074773409958,75.09358451063304,4283300
2014-05-28,74.3411865234375,74.8205336261476,74.3411865234375,74.57176124305066,4702900
2014-05-29,74.21985626220703,74.57178278804169,73.81332284233189,74.56571381227981,6255000
2014-05-30,74.5050048828125,74.5596117526226,74.031726827378,74.17128080307275,5174700
2014-06-02,74.15312194824219,74.65674053474524,74.03177019140247,74.58999567970157,3689800
2014-06-03,74.35940551757812,74.52323080823666,73.85578706634347,74.2623204347645,3563800
2014-06-04,74.23802947998047,74.43826393823808,74.02566170422405,74.2198271890971,3285500
2014-06-05,74.94794464111328,75.10570554009617,74.3047723572703,74.34724591131143,4220600
2014-06-06,75.35449981689453,75.66394808339342,74.96009979354376,75.05718024109109,4295400
2014-06-09,75.46373748779297,75.6275628101777,75.16641783605141,75.2453006384317,3657700
2014-06-10,76.05229949951172,76.07050642824461,75.33024872170569,75.83386727671463,5869400
2014-06-11,75.95519256591797,76.13115578152328,75.61540408296753,75.92485232453845,4570900
2014-06-12,76.51950073242188,76.59231454742888,76.10082939735707,76.28893059547393,6815800
2014-06-13,77.21726989746094,77.21726989746094,76.39206533650383,76.41633660350502,5573600
2014-06-16,77.99394226074219,78.15777218711845,77.14447089905687,77.15053987428941,7065300
2014-06-17,78.16989135742188,78.29730740179149,77.40536268630986,77.60559715743192,6720700
2014-06-18,79.04972076416016,79.1832104419872,77.88472751465957,78.24879195574121,7697700
2014-06-19,80.08729553222656,80.09335987792969,78.82521723524614,79.05578273302484,7419900
2014-06-20,80.29961395263672,80.33601852363941,79.41373852977821,80.06297498258132,11348300
2014-06-23,80.68798065185547,81.0459806956726,80.34819216016776,80.40887264448713,11006900
2014-06-24,79.95379638671875,80.97923546019607,79.91739179972652,80.54236189920523,8581100
2014-06-25,79.62612915039062,80.31177966985123,79.49263950485775,79.69287397315708,6714200
2014-06-26,79.43804931640625,79.62008153114746,78.59464233803021,79.61401718545521,6111400
2014-06-27,79.0982437133789,79.45623446135355,78.455071384193,79.32274481659333,8674700
2014-06-30,79.21356964111328,79.26211219544133,78.49757853795649,78.97085686947304,5698900
2014-07-01,79.20747375488281,79.74143244374804,79.15894047275228,79.45018645825016,4000500
2014-07-02,79.01935577392578,79.4380269725061,78.87373744992597,79.20138793746597,5136800
2014-07-03,79.60186004638672,79.8445634351726,79.31667847236585,79.7535519790131,3514000
2014-07-07,79.16497802734375,79.26812741941342,78.89193442968407,79.1467757380691,3660000
2014-07-08,78.81912231445312,79.11037748320878,78.5885568790306,78.69777062340856,4687600
2014-07-09,79.72321319580078,79.90524536998285,78.87374206100574,79.04363628796476,5200800
2014-07-10,79.03150939941406,79.40163814391039,78.81913695672809,79.17106340711332,4404800
2014-07-11,77.95145416259766,78.81306326297708,77.68447486924661,78.35192310262421,5242700
2014-07-14,78.4308090209961,78.57643663818855,77.89685960837569,78.15170099455551,4135800
2014-07-15,78.4308090209961,78.57643663818855,78.03641362159598,78.3155309065792,4845000
2014-07-16,79.41984558105469,79.45018582605206,78.69172599383229,78.81307771527888,4491800
2014-07-17,78.92835235595703,79.78996147531186,78.80700065409069,79.26814082459934,4953600
2014-07-18,79.11646270751953,79.32276156259532,78.62498221102716,79.26815467599461,4339400
2014-07-21,79.66255187988281,79.69289212596789,78.88588972452953,78.9465702166997,3714000
2014-07-22,80.44526672363281,80.82145975335577,79.8202967026553,79.8202967026553,4391700
2014-07-23,81.23407745361328,81.26440843731254,80.38459696356699,80.51808662259509,4589500
2014-07-24,81.8226547241211,81.97434669857549,81.11880174060227,81.32510060380984,5337900
2014-07-25,81.04596710205078,81.67700144383741,80.73650964588522,81.65879915330301,3702000
2014-07-28,80.84574890136719,81.1855374043763,80.63337645771533,81.03990979228283,4625000
2014-07-29,80.34821319580078,81.1370134057552,80.34821319580078,80.63945922799131,4189100
2014-07-30,80.4149398803711,81.11879278619416,79.78996975529061,80.6819192073069,4601800
2014-07-31,78.41867065429688,80.07514408934982,78.33372353605162,79.9295164901259,7973700
2014-08-01,77.60559844970703,78.24877543166336,76.67117553151485,77.52065133253235,7377800
2014-08-04,77.76943969726562,77.88472707824693,76.4709567772138,77.47819370115825,7360000
2014-08-05,75.82172393798828,77.55101170296673,75.59115377908188,77.55101170296673,8066700
2014-08-06,76.28893280029297,77.04132372668997,75.72463844817726,75.7853143144675,5134900
2014-08-07,76.24036407470703,76.89567431586131,75.74281473514995,76.56801919528418,4650700
2014-08-08,77.58133697509766,77.64201283369886,76.39814152992462,76.4952219778323,4730700
2014-08-11,77.49030303955078,78.07279948075953,77.3871536407396,77.76335128432596,3466500
2014-08-12,77.11412048339844,77.22940785125536,76.61050670802955,77.14446072628851,4944100
2014-08-13,77.42355346679688,77.81188903302376,76.98061566180061,77.44782472901542,3518200
2014-08-14,77.03524780273438,77.48425472790811,76.77433743487569,77.47212140745323,4524000
2014-08-15,77.16374969482422,77.58597948326008,76.90674228821881,77.35956552870707,5754300
2014-08-18,77.28610229492188,77.46355637437836,76.87610914038913,77.26774062971529,4630000
2014-08-19,78.09999084472656,78.142825410601,77.4391153524664,77.54314148835894,3887800
2014-08-20,78.01432037353516,78.08163249998464,77.57985416466319,77.86745967428965,3230300
2014-08-21,78.2835693359375,78.43654592493981,77.82462556307817,78.13058807831773,2668100
2014-08-22,77.78178405761719,78.02043442472109,77.39015244654324,77.72670838210709,3236900
2014-08-25,78.22850036621094,78.36924985810425,77.94701538827793,78.06328264800035,2645700
2014-08-26,78.47940063476562,78.76089031267801,78.28970533186755,78.36313336208956,2832400
2014-08-27,78.71805572509766,78.82820711418113,78.44269125824503,78.5773155464374,2767000
2014-08-28,78.78535461425781,78.8771396420209,78.47939207206652,78.49774907761913,2409000
2014-08-29,79.21367645263672,79.26263156511399,78.63234966497262,78.93831211503088,3519000
2014-09-02,78.0448989868164,79.17084318260814,77.75117299311795,79.06069184993197,4744500
2014-09-03,78.24072265625,78.86488870512257,78.12445542450347,78.60175612739616,3846300
2014-09-04,77.59209442138672,78.60789219575793,77.22493567440792,78.45491094072256,5191200
2014-09-05,77.95925903320312,77.98373659755015,77.20047321291732,77.80627775749771,5035500
2014-09-08,77.23104095458984,77.56148096033532,76.91284206125152,77.5186464041433,4200800
2014-09-09,76.60076904296875,76.97404365357504,76.03779918286706,76.17853931358394,6721600
2014-09-10,76.050048828125,76.33153380703268,75.27290602425136,76.16019553018609,10941800
2014-09-11,75.77468872070312,75.9215494422719,74.90575617087889,75.43812803729746,6569600
2014-09-12,75.05872344970703,75.67064845548536,74.7833543959364,75.59721577408975,4915600
2014-09-15,76.02554321289062,76.35598319714948,74.6915468328602,74.8690056022927,5437600
2014-09-16,76.46617889404297,76.90676582225666,75.64008073795186,75.91544523377584,6587200
2014-09-17,76.31929016113281,76.79047037801953,76.1540677893159,76.5701769946753,4583500
2014-09-18,75.96438598632812,76.51511954228343,75.78692713670819,76.39885227252113,4683200
2014-09-19,76.3682632446289,76.91899216389643,76.27647353521148,76.45393239512025,10090000
2014-09-22,75.56661987304688,76.44167284372365,75.55438342676398,76.24585702287516,5850500
2014-09-23,75.30348205566406,75.86645655185161,75.1810989344067,75.59108752609734,5620700
2014-09-24,74.8996353149414,75.30962402319378,73.95114951537906,75.30962402319378,8005900
2014-09-25,73.84709167480469,75.02810683148599,73.84709167480469,74.77721540004556,6466300
2014-09-26,74.33052825927734,74.6793253120322,73.44323423481876,73.76755839669354,5500500
2014-09-29,73.7675552368164,73.88381780367645,72.90473880881424,73.87158135876057,6791500
2014-09-30,73.01490020751953,73.74309254516794,72.6110320832379,73.74309254516794,8385700
2014-10-01,71.99298095703125,73.03325164410718,71.82775858394592,72.6966956776379,8027900
2014-10-02,71.66252899169922,72.14595024707783,71.06284050555631,71.83386722527813,8171200
2014-10-03,72.02970886230469,72.30507798103704,71.22808840958407,72.30507798103704,6298300
2014-10-06,72.26220703125,72.84965902600125,71.76654937108351,72.15206503442754,5409500
2014-10-07,70.99552154541016,72.4702627268307,70.9832851021699,71.88281541035704,7303800
2014-10-08,72.17657470703125,72.36015413253168,70.46318696637509,70.8792962847065,9517400
2014-10-09,70.071533203125,71.64418026965508,69.9063108383553,71.60746159491889,11489200
2014-10-10,69.69213104248047,70.81807535975102,69.07408554587336,70.18778874991862,9253100
2014-10-13,68.55396270751953,70.12048934391551,68.44381601160933,69.48409139934287,7799100
2014-10-14,67.17713165283203,69.17812919299467,66.76102242954268,68.90276011764013,11541500
2014-10-15,66.86505889892578,67.00580373722345,65.26181799833446,66.43671316257353,15278400
2014-10-16,67.96039581298828,68.11949763613681,65.59836470291673,66.06342905671063,11908400
2014-10-17,68.41322326660156,68.9884296457448,67.75846364210213,68.4009821510309,10895500
2014-10-20,68.22351837158203,68.70693969194032,67.90531941910963,68.24799593232873,8823800
2014-10-21,70.42645263671875,70.47540776179393,69.09246049305268,69.25767820440932,8899700
2014-10-22,69.75943756103516,71.13014800940782,69.70436656179128,70.49374556265212,7211600
2014-10-23,71.09957122802734,71.79104483607192,70.34078082410404,70.98330397755478,7195500
2014-10-24,70.92823028564453,71.14240310583054,70.08377078231491,71.09956854179335,5507900
2014-10-27,70.38361358642578,70.59779107783348,69.42901205135045,69.99198194800424,6714600
2014-10-28,71.6747817993164,71.76045093566394,70.46929333253533,71.08733429209713,7272600
2014-10-29,71.6808853149414,72.77623149052704,71.04448283293885,72.20714112373935,6873700
2014-10-30,71.71763610839844,71.74823423778115,70.72019965001743,71.09347441911503,5174400
2014-10-31,73.40042114257812,73.53504542488184,71.2219690649171,72.42134181939443,10669500
2014-11-03,71.46060943603516,73.41265191718085,71.26479359898671,73.32698278026078,10343300
2014-11-04,70.59778594970703,70.99553344801832,70.2489889011797,70.97717644577222,9585800
2014-11-05,71.62580871582031,71.77878993506076,70.28569174131684,71.7604282671142,6603300
2014-11-06,72.53147888183594,72.54371999784446,71.20360258060062,71.53404268356284,6383800
2014-11-07,72.69670104980469,73.26579155843149,72.42745252183825,72.66610292849292,7366600
2014-11-10,72.15821075439453,73.22907973998655,71.78493604878443,73.17400871880716,6114600
2014-11-11,72.47640991210938,72.61715006985635,71.77881567569766,72.17656325346621,3957000
2014-11-12,71.99298095703125,72.64161999707031,71.82775858394592,72.12148465353233,4923900
2014-11-13,71.2586669921875,71.88283312947136,70.76300921799304,71.65029863304045,11019900
2014-11-14,71.83920288085938,71.85773011949195,71.28336216232148,71.45628933877502,4891700
2014-11-17,71.4871826171875,71.73422349949989,71.19073261603005,71.6168780202211,5713700
2014-11-18,71.31426239013672,72.03067583582838,71.17838965597622,71.62306234526027,5672800
2014-11-19,71.93183898925781,72.0615343629494,71.06719845273538,71.62303913420779,4270300
2014-11-20,72.45061492919922,72.54943313695647,71.74037908656778,71.74037908656778,5272800
2014-11-21,73.23497009277344,73.43877911499189,72.71001131498684,73.3646654582093,7361600
2014-11-24,72.62356567382812,73.23499293115754,72.35182493803919,72.95707016548607,5807600
2014-11-25,71.73422241210938,72.76561301482278,71.41306785639765,72.75326309125518,6671400
2014-11-26,71.0919189453125,71.85774143819795,71.03633250874691,71.68481423450571,6715100
2014-11-28,67.23808288574219,68.97971389919701,66.96633750245174,68.9179501579678,11935600
2014-12-01,69.00444030761719,69.47381284861267,67.12075868943337,67.55307674348536,13400100
2014-12-02,70.41873931884766,70.75224383403807,68.48565330633765,68.72033957469534,8548700
2014-12-03,70.22725677490234,70.91279277447217,69.88140247310548,70.8633836708122,8049800
2014-12-04,69.34410858154297,69.83819033332233,68.55975886589948,69.83819033332233,8100700
2014-12-05,68.47329711914062,69.35028777596484,68.37447888134544,69.04148785072424,7663400
2014-12-08,65.95965576171875,67.89891861672865,65.71879223406488,67.86803674419366,13809000
2014-12-09,66.08936309814453,66.79342656969015,65.54587219946859,65.57057675958231,11053000
2014-12-10,64.76151275634766,65.61997606628536,63.65600859413087,65.6014488269491,15073400
2014-12-11,64.79240417480469,66.24993552295292,64.41566787976011,64.82945865893595,10293600
2014-12-12,63.229854583740234,64.44652672728917,63.22368197941492,64.08214517180404,12013600
2014-12-15,62.2911262512207,64.17480782978451,62.019380787581774,63.69307595008461,13144200
2014-12-16,62.809898376464844,64.52065247751158,61.852621504449104,62.068780494135716,12722200
2014-12-17,65.47795104980469,65.82998286736601,63.00137839990581,63.10636927084719,13354000
2014-12-18,67.33692169189453,67.33692169189453,65.15061730679935,66.70697181709733,13533000
2014-12-19,69.74552154541016,69.76404877911362,67.00955518664047,67.64568200731759,15723300
2014-12-22,69.18970489501953,69.7826001380607,68.59680965197838,69.39351396004034,9433500
2014-12-23,70.37549591064453,70.68429581321324,69.36880992455906,69.64055534663154,8092000
2014-12-24,70.07904815673828,70.49283888064177,69.2144075178372,70.19639362336349,4536500
2014-12-26,69.94318389892578,70.62254280015306,69.67761577158359,70.36315199072477,4380400
2014-12-29,69.98640441894531,70.64105865490208,69.65289998404879,70.0605180862264,6043000
2014-12-30,69.85674285888672,70.19024745526195,69.26384736930225,69.74557466009497,5659500
2014-12-31,69.28235626220703,69.98024244578379,68.88091538892827,68.95502907245941,6411800
2015-01-02,69.5293960571289,69.78878687749584,68.46094618478917,68.94267334030293,5898800
2015-01-05,66.75018310546875,68.67709133855682,66.3549196365321,68.52886871568364,11758100
2015-01-06,66.71930694580078,67.3307294404309,65.76203006421426,66.62049342606151,11591600
2015-01-07,66.66372680664062,67.76923106194326,66.39815869266387,67.47278107186416,10353800
2015-01-08,68.18919372558594,68.20772096501314,67.0713349237172,67.43572124279744,8650800
2015-01-09,66.83048248291016,68.07185956166883,66.49697798211321,68.02245044038489,9584500
2015-01-12,65.39144897460938,66.37343486423214,65.19381727590519,66.37343486423214,8912300
2015-01-13,64.35388946533203,66.4907886604838,63.73011713560924,66.033761471371,13277700
2015-01-14,64.16863250732422,64.48360978525594,62.89020086385245,63.73630973700522,14116900
2015-01-15,63.408966064453125,64.81092015470045,63.32250247522958,64.48359303665244,9664600
2015-01-16,64.92208099365234,64.93443091418924,63.28544087568006,63.28544087568006,12604600
2015-01-20,65.75586700439453,65.82380337540748,64.11304888631926,64.57624884581834,10406800
2015-01-21,66.79962158203125,66.8675532504469,65.68176232236587,65.95350784368563,8271000
2015-01-22,67.26896667480469,67.39248945752622,66.07699891503798,67.17015316053983,7471100
2015-01-23,65.99055480957031,67.16399567641456,65.91644582996598,66.83666845139203,7984400
2015-01-26,67.24427032470703,67.53454300963686,65.6632162082195,66.21905701851993,7670500
2015-01-27,66.86137390136719,67.20105105685437,66.47228290563261,66.7687329637202,6388700
2015-01-28,64.0512924194336,66.80578772433938,63.87218786243503,66.79961511720808,10526500
2015-01-29,63.61277770996094,64.6194636609272,62.78519626166581,64.37860012227937,13994400
2015-01-30,63.32253646850586,63.785736535967175,61.068295197811146,62.74816819637723,20584700
2015-02-02,65.50263977050781,65.54587157231492,63.59425846113414,64.21803564027653,11537600
2015-02-03,67.64571380615234,68.00392286584226,66.49697765743166,66.51550489984439,14266700
2015-02-04,66.91691589355469,67.49128371154124,66.32402084142518,67.00337946082914,10176000
2015-02-05,67.50983428955078,68.00391602646012,67.05281174565287,67.67041156083322,7533300
2015-02-06,67.69510650634766,68.22006533232567,67.38630664260623,67.72598837748659,7655500
2015-02-09,68.20154571533203,68.86237730910433,67.71981862797254,67.83715938520594,6403000
2015-02-10,68.04714965820312,68.31889509201521,66.75636355950849,68.25713133930317,7033700
2015-02-11,67.92362213134766,68.04714019577013,66.87987705290294,67.30602238541107,8662000
2015-02-12,69.13978576660156,69.25828412508643,68.49117093617808,68.77805744148361,6618000
2015-02-13,70.33722686767578,70.37464539876278,69.28946517338672,69.44538206385708,7494400
2015-02-17,70.1002426147461,70.43078569757404,69.55141205469388,70.04411005373784,7097300
2015-02-18,68.87784576416016,69.63248292888947,68.834189225976,69.38301495717756,6920300
2015-02-19,67.57435607910156,68.34146900933176,66.88208494344639,67.48080502543384,9721100
2015-02-20,67.73029327392578,67.89868617278341,67.04425993783097,67.62427093506322,7610600
2015-02-23,67.26879119873047,67.66793810273525,66.9507193739682,67.2251346547989,6724000
2015-02-24,67.3311538696289,67.50578003720969,66.94447824269561,67.28749732773372,5708400
2015-02-25,67.71781921386719,67.8425508122831,67.2064120472332,67.43093273094622,4806500
2015-02-26,66.76984405517578,67.30619851015419,66.48295756315103,67.28748924561864,5903100
2015-02-27,66.53285217285156,67.18770498147362,66.46424836401665,67.0567306131847,6396500
2015-03-02,66.04638671875,66.32079717285437,65.44142850517942,66.30832591693358,7343700
2015-03-03,65.58487701416016,66.245963045871,65.36658958116391,66.03391362021318,6901200
2015-03-04,65.58487701416016,65.88423475152884,65.13583564990168,65.88423475152884,5784900
2015-03-05,65.31669616699219,65.67841968302552,65.06722822757924,65.4913222971197,5156900
2015-03-06,64.5807876586914,65.18574128789875,64.34379090424503,64.99864384609047,7213300
2015-03-09,64.8302230834961,65.8779844857318,64.54957466215983,64.61194044932294,7506200
2015-03-10,64.181640625,65.20445519798588,63.819912243327614,64.73046644814643,10679000
2015-03-11,64.57453918457031,64.79282187707398,63.89473907568084,64.56206316888107,8440700
2015-03-12,63.87603759765625,65.17950542015457,63.801200527220445,64.99864123625737,5900600
2015-03-13,63.37710952758789,63.51431241633905,62.778389143031966,63.51431241633905,8345200
2015-03-16,64.31883239746094,64.4061454733686,62.99042223554655,63.264837478802505,6780200
2015-03-17,64.3437728881836,64.58076957627163,63.67644887368227,63.80118522483525,7097500
2015-03-18,66.54532623291016,66.65758658316824,63.84484933527861,63.99452821622077,11059700
2015-03-19,65.32916259765625,65.73454737448554,65.26679680696056,65.54744524419361,7841900
2015-03-20,66.75112915039062,66.89457476338514,65.55368873923953,65.66594907517278,14064900
2015-03-23,66.0588607788086,67.16275492376407,66.0588607788086,67.05049458289072,6807700
2015-03-24,64.98615264892578,66.22725441992868,64.9612101357427,66.05886152760716,6677800
2015-03-25,65.90294647216797,66.23348950034587,65.06723426946955,65.27304569546148,9169400
2015-03-26,65.64100646972656,66.43306212639214,64.96121115697163,66.28338325391313,7276900
2015-03-27,65.03604888916016,65.47885226190233,64.65561131741444,65.47885226190233,5830300
2015-03-30,66.67005157470703,66.8633869622138,65.46637320194182,65.46637320194182,7172400
2015-03-31,65.47264099121094,66.15243653922407,65.41027041107154,65.87178796142561,7254100
2015-04-01,65.35408782958984,66.24593213462173,65.1732237668124,65.965279033814,7347200
2015-04-02,65.65969848632812,65.90916638039923,64.91129956231912,65.14205343881633,5123900
2015-04-06,66.6825180053711,67.26876689049661,65.62228531689766,66.12745439387322,6724000
2015-04-07,67.69288635253906,68.03590070030408,66.49544562330368,66.71372834610078,8536000
2015-04-08,66.5203857421875,67.92987103384569,66.43306790425777,67.89245250202293,7894800
2015-04-09,66.70121765136719,66.88208174428574,66.22099591087617,66.6076713603783,5760500
2015-04-10,66.6762924194336,67.14404302837215,66.61392186501092,67.02554468481537,5012200
2015-04-13,66.42060852050781,67.29374423204318,66.38318998199568,66.95072510165923,4307200
2015-04-14,67.87997436523438,68.03589125389932,66.89458324510831,67.16899373357866,7262700
2015-04-15,68.85912322998047,69.03374934906704,68.21674178019079,68.3477113695057,6704000
2015-04-16,68.70321655273438,69.18967645890207,67.97975994279894,68.54106166460996,5904200
2015-04-17,68.04837036132812,68.41009870143515,67.51825386742291,68.20428725707708,6548700
2015-04-20,68.7843017578125,69.66990862822213,68.32278905549013,68.3352603141664,7148800
2015-04-21,68.43504333496094,69.06494414357167,68.17309934397403,68.63461676349019,5674900
2015-04-22,68.29158782958984,68.87783677285307,68.11072369266384,68.63460684069177,5643100
2015-04-23,68.58470153808594,69.00879554061932,68.35394289790304,68.60341079789993,6940000
2015-04-24,68.52235412597656,68.62837646548725,67.99847091969049,68.39761776342954,4995000
2015-04-27,68.41634368896484,69.06495865754253,68.3165593328335,68.8154906299039,4858700
2015-04-28,69.30194854736328,69.37678561748312,68.38515637274409,68.63462437562515,5321600
2015-04-29,69.68238067626953,69.84453082085696,69.02752781521578,69.11484089559548,5665800
2015-04-30,69.26451873779297,69.9754993862818,68.87784789000084,69.87571504944077,6666800
2015-05-01,68.00472259521484,69.10237901521121,67.56815237586531,68.77806916561364,10362700
2015-05-04,67.55567169189453,68.23547182450382,67.34986024969307,68.21675780031696,7660100
2015-05-05,67.35609436035156,68.55977290360089,67.35609436035156,68.12944077811726,6463300
2015-05-06,67.32491302490234,68.31030893840057,66.91953290647113,68.12944477010993,5820400
2015-05-07,67.08792114257812,67.48083000357332,66.5390953871586,67.16276296485597,5798300
2015-05-08,67.76145935058594,67.85501040586088,66.98187515363536,67.53693872120783,7078900
2015-05-11,66.95694732666016,67.78642629499116,66.9195287969689,67.76147902246176,6003600
2015-05-12,67.08167266845703,67.35608788245568,66.79478619846083,67.00683561606122,5026500
2015-05-13,67.1689682006836,67.64919469981872,66.91950508021259,67.34359904649892,5517600
2015-05-14,67.63672637939453,68.16684746618202,67.36854921201193,67.36854921201193,9751700
2015-05-15,68.046142578125,68.23510907506527,67.35957359676948,67.5296395995216,5641600
2015-05-18,67.17696380615234,67.71866309399378,67.13287222717092,67.71236292396166,6390600
2015-05-19,66.15019989013672,66.96274817758923,66.13760436568178,66.79898233158575,7927600
2015-05-20,66.29508209228516,66.70450636324243,65.9864412504453,66.4021608815086,6521200
2015-05-21,66.44624328613281,66.93755042142139,66.32656898754824,66.7485887262584,6549300
2015-05-22,66.06834411621094,66.48406867832306,66.04944841895491,66.19431863499773,4717200
2015-05-26,65.06051635742188,65.78488166308873,64.83375843902846,65.64630684566845,8010200
2015-05-27,64.9471435546875,65.36916340729431,64.70779008730283,65.00383063685004,5857500
2015-05-28,65.02904510498047,65.14242410736705,64.4873459608691,64.85267883585034,5099900
2015-05-29,64.87786102294922,65.23689365386116,64.66999876146879,64.96604413891922,6673400
2015-06-01,64.64480590820312,65.35027567442236,64.55662278812818,65.17390943427246,5412400
2015-06-02,64.61331176757812,64.9471485364597,64.3172663897037,64.65740332562626,5040000
2015-06-03,64.35504913330078,65.11720585178995,64.3235579135661,64.49992412206029,5175700
2015-06-04,63.863746643066406,64.48103322432021,63.6054974773145,64.1786876975467,6896400
2015-06-05,63.98971176147461,64.9408349521402,63.611783512627795,63.731462633583014,6080900
2015-06-08,63.25275802612305,63.8637444194404,62.956712676320294,63.80075717186127,8213900
2015-06-09,63.25275802612305,63.77556131170583,63.12678353096479,63.42912424159219,7157000
2015-06-10,64.1408920288086,64.61330357900593,63.94562532023958,64.57550738716937,7588400
2015-06-11,63.69368362426758,64.37395268210155,63.580304647025365,64.16609522850693,5582900
2015-06-12,62.906307220458984,63.422810187362735,62.75513210408408,63.31572661185946,6475500
2015-06-15,62.5410041809082,63.026011360173634,62.44022072226511,62.641782833931494,6178100
2015-06-16,63.013404846191406,63.27165400411182,62.238647761192205,62.48430139178779,8763700
2015-06-17,62.83705139160156,63.72518281975316,62.685876199287286,63.51102517240453,8231100
2015-06-18,63.145668029785156,63.55509227489242,63.08268079337283,63.15196819511181,7168000
2015-06-19,62.654361724853516,63.095277191458855,62.64806155943968,62.811832220872304,10512000
2015-06-22,63.17088317871094,63.221274905478346,62.59139273774441,62.881137958227676,6416100
2015-06-23,63.04489517211914,63.25905757855219,62.69846291098705,62.963012231622955,5697900
2015-06-24,62.528385162353516,63.41652110519745,62.528385162353516,62.9756056194285,7451900
2015-06-25,61.94260787963867,62.77405692506465,61.91111665573639,62.64177744556913,6062800
2015-06-26,62.10637283325195,62.16306472001857,61.608765407718074,61.87961489742337,10015500
2015-06-29,60.9033088684082,61.703257113950826,60.84661697389437,61.413511890934615,8764600
2015-06-30,60.764732360839844,61.5142936643104,60.60726182183305,61.38201418259956,9925400
2015-07-01,60.525360107421875,60.85920160984516,60.18522805055457,60.65763955862606,7295300
2015-07-02,60.386802673339844,60.89070550348291,60.292319390931965,60.69544357729417,6419100
2015-07-06,59.69391632080078,60.19152368827235,59.51125476578138,59.87658268143858,8341600
2015-07-07,60.00886535644531,60.14114482595785,58.89397615756066,59.467171173384855,11774900
2015-07-08,58.931785583496094,59.89550471942346,58.74282377964749,59.580563574055276,7719100
2015-07-09,59.0703239440918,59.9710552553139,59.057728420535575,59.77579340367851,7909000
2015-07-10,59.467166900634766,59.80729898013992,59.25300450380034,59.542749671360944,5631900
2015-07-13,59.586830139160156,59.76949647713537,59.30338519042284,59.404163801184936,5038800
2015-07-14,60.185237884521484,60.3364082462317,59.45457232595367,59.460872492663846,5218600
2015-07-15,59.36009216308594,60.279719520650175,59.139634372851255,59.86399980272469,6490400
2015-07-16,59.511268615722656,59.66873915578736,59.14593580942388,59.3852893002992,6422700
2015-07-17,58.67349624633789,59.45454840751403,58.51602578126754,59.35376980878996,8214200
2015-07-20,58.54123306274414,58.88766527017076,58.32077052410575,58.76799096117015,6018100
2015-07-21,59.145931243896484,59.29710160511616,58.5790363822988,58.5790363822988,7043100
2015-07-22,58.90028381347656,59.416787007239165,58.76170896541007,58.90028381347656,9327500
2015-07-23,58.54123306274414,59.25299797381467,58.390057926714704,58.93805698218057,7360700
2015-07-24,57.06732940673828,58.44047286830016,56.909858848328064,58.44047286830016,11158400
2015-07-27,56.147701263427734,56.746087456116726,55.89574741180395,56.60121723522656,10342700
2015-07-28,58.201107025146484,58.38377341089617,56.33035641847528,56.3429519460081,11536900
2015-07-29,58.73649978637695,58.83098305278706,57.5964148403857,57.93655171609095,9821500
2015-07-30,58.59794235229492,59.08924971662728,58.42157609900843,58.86249173222466,6435700
2015-07-31,55.73198318481445,57.79169601270163,55.43593776059131,57.646820981793645,19063400
2015-08-03,53.91792297363281,55.007621448002205,53.74155670162401,54.976125411306136,14142200
2015-08-04,53.67224884033203,54.73675104137071,53.33841212312595,54.00608555753812,8537200
2015-08-05,52.928993225097656,54.169861757511825,52.82821458586611,53.81712931177266,11254600
2015-08-06,53.6596565246582,53.90531015411731,52.210925802436705,52.63294564734143,9805000
2015-08-07,52.75262451171875,53.70374780371229,52.55106243715246,53.35731073541761,7422000
2015-08-10,54.10057067871094,54.23284533690993,52.83450637077939,53.03606844121864,8342000
2015-08-11,54.03127670288086,54.157255985113494,52.65813376306369,53.14944094972537,9797400
2015-08-12,54.667476654052734,54.86903876560442,53.48959521133577,53.539986940628644,11316300
2015-08-13,54.07538986206055,54.38403081705022,53.82343600251749,54.18876885857392,9562400
2015-08-14,54.1635627746582,54.4344122815905,53.72264720784716,54.031288104614895,7748900
2015-08-17,53.085636138916016,53.90204304406304,53.00909616674511,53.870150172449584,12602500
2015-08-18,53.21958923339844,53.430065687711696,52.82413992214218,52.989974132174815,9093400
2015-08-19,51.60590744018555,52.88154469403362,51.452827466081416,52.856031365016264,13129000
2015-08-20,50.54075241088867,51.848282691979584,50.54075241088867,51.44645866291691,11857200
2015-08-21,48.32114028930664,50.76398191954924,48.2892474116568,50.304756598112945,18383600
2015-08-24,45.999481201171875,48.07876642471869,44.379421302182244,44.99810614990241,24191900
2015-08-25,44.660072326660156,47.84916647603002,44.54526474263598,47.79176511710368,21128000
2015-08-26,46.618167877197266,46.62454742692069,45.253236206623185,45.744359345743305,17400400
2015-08-27,49.520240783691406,49.8263958841447,47.55575812672253,47.83639989662387,21539600
2015-08-28,51.299739837646484,51.7908579193982,49.481958167804905,49.57125236448703,23735400
2015-08-31,51.65693664550781,51.7143428605779,49.69883337448395,51.03187702647305,16880400
2015-09-01,49.87104797363281,50.63642850190234,49.44370572694778,50.234604454486444,17954200
2015-09-02,49.78812026977539,50.866035302321855,49.2587345097457,50.866035302321855,14255900
2015-09-03,49.91569137573242,50.65555851584923,49.55213492193141,50.19632828659103,12282600
2015-09-04,48.90156555175781,49.51387100734842,48.7612446391112,49.30339450454969,11210000
2015-09-08,49.00999450683594,49.46922482377148,48.627304198113414,49.45009103826105,9316500
2015-09-09,47.785377502441406,49.87742213280575,47.67694948754134,49.386303857795,11297400
2015-09-10,48.25737762451172,48.34667187624923,47.39631826448719,48.302024750380475,11475200
2015-09-11,48.340274810791016,48.633670798223505,47.89379884769549,48.43594857903791,11032100
2015-09-14,48.327510833740234,48.47421124573005,47.81087935000603,48.16805619148454,10235500
2015-09-15,49.22046661376953,49.55213505408292,48.60816126184909,48.7484821507378,11678100
2015-09-16,50.400428771972656,50.521615875508644,49.60315544064692,49.63504832036805,12593500
2015-09-17,50.64917755126953,51.32526371262485,50.13254117434108,50.464209572637095,12324300
2015-09-18,49.58404541015625,50.19635103796981,49.0929269439276,49.69247833344555,18635900
2015-09-21,49.807254791259766,50.21546319387946,49.6478001327663,49.94120098662388,8523500
2015-09-22,49.27149963378906,49.55214144777759,48.78675600949186,49.00999160417774,9692300
2015-09-23,48.55077362060547,49.4500956873452,48.32115844055027,49.367180986947616,9043000
2015-09-24,49.0418815612793,49.309764258910626,47.900185455274496,48.123421036633935,10302600
2015-09-25,49.558509826660156,49.85191070368597,49.06101203146312,49.666942701287255,10862600
2015-09-28,48.327510833740234,49.067382709568,48.31475660347436,48.895173837046435,10567000
2015-09-29,48.63368225097656,48.89519028802265,48.01499725227839,48.49974089035703,8797800
2015-09-30,50.31114196777344,50.40043620475693,49.11204445244439,49.20771823954698,14108800
2015-10-01,49.96670913696289,51.59314858988285,49.62866604166007,50.84690196068568,11111900
2015-10-02,52.01411819458008,52.01411819458008,49.309763337264705,49.584025579571716,13051900
2015-10-05,53.595890045166016,53.69794334524712,52.52435472516039,52.562627145775394,14196800
2015-10-06,55.48383712768555,55.892040631181224,53.62140803471533,53.691568468082046,18897100
2015-10-07,56.2045783996582,57.09114588985273,55.030989611510186,56.287493068220826,17670500
2015-10-08,57.34627914428711,57.49297471381479,56.00048135686215,56.05788270158943,11299100
2015-10-09,57.12942123413086,57.65881192736498,56.55538342617642,57.531245266613695,10011100
2015-10-12,56.600032806396484,57.39093153619973,56.04513362497199,57.314391536685335,7917500
2015-10-13,56.370426177978516,56.7276080300922,55.67520599231649,56.00049495661185,8012500
2015-10-14,57.25061798095703,57.38455934766119,55.943087468670974,56.27475597627577,9734500
2015-10-15,57.862918853759766,57.95859264127169,56.40869285532559,57.18045297322545,8960400
2015-10-16,58.22645568847656,58.46245030248044,57.416423409442544,58.39228987307846,7821200
2015-10-19,57.42283248901367,57.7481214775162,56.90620075787635,57.63331388546659,8900400
2015-10-20,57.39729690551758,57.71620621915268,57.01460670238945,57.08476714068277,8221100
2015-10-21,56.97633743286133,57.80549870373904,56.855150340140746,57.04649786905011,7423400
2015-10-22,58.436954498291016,58.55813674945455,57.23785215709863,57.23785215709863,8971700
2015-10-23,58.194583892822266,58.63468040644366,57.46109132551031,57.88205405439531,8134800
2015-10-26,56.619136810302734,57.9649340136943,56.497954624188736,57.95855933338231,8606600
2015-10-27,55.93669128417969,56.102525488668135,55.32438599011071,55.955829930450214,9328800
2015-10-28,57.26974105834961,57.48022239503055,56.077018349994724,56.26198635500187,8236500
2015-10-29,57.33351135253906,57.996843254885306,56.855147420996346,56.96995495921338,6686000
2015-10-30,57.964962005615234,58.66656647220021,57.02737259932269,58.13079623100537,11559300
2015-11-02,60.56725311279297,60.77135486826155,57.70982853623295,57.792743201646225,14277300
2015-11-03,62.59553146362305,62.91444083723685,60.86066369257664,60.86066369257664,17669200
2015-11-04,61.721710205078125,62.570010199252636,61.28161863426741,62.51898353806089,11931300
2015-11-05,60.30575180053711,61.58138902642963,60.16543092710176,61.2624797199565,11184800
2015-11-06,59.97410583496094,59.999619172964515,58.526259183002395,59.77000399710397,9634200
2015-11-09,58.883419036865234,60.24197104330999,58.74309815179043,59.623291025015966,7659100
2015-11-10,59.463829040527344,59.63603791799944,58.577256727223265,58.743090922463914,6823100
2015-11-11,58.80051803588867,59.77000049231796,58.590036659330075,59.56589866642909,6085300
2015-11-12,57.314388275146484,58.13717497496442,56.92531848222086,57.88204652393886,8951300
2015-11-13,56.561771392822266,57.38455822896902,56.24924154327189,57.129429735670826,7676600
2015-11-16,59.040897369384766,59.053812298162555,56.67797274006879,56.67797274006879,10101100
2015-11-17,58.7697639465332,59.718809600716895,58.556711876083014,58.924708667949766,7575800
2015-11-18,59.531551361083984,59.88018049628546,58.76973323429587,59.034435048756755,6886900
2015-11-19,58.64061737060547,59.63485498612147,58.38237300251273,59.415345549282065,6096700
2015-11-20,57.46562576293945,58.95052266245547,57.33650108106656,58.517966060787955,8561400
2015-11-23,58.11122131347656,58.38883316000349,56.884564202645876,57.23319337681471,6889600
2015-11-24,58.97631072998047,59.589641502848295,57.975620930459115,58.227407745703836,8549000
2015-11-25,58.666439056396484,58.95696087593729,58.20805766803586,58.563139344630024,5419300
2015-11-27,58.343631744384766,58.64706354896736,58.13703725743433,58.26615696467794,2547800
2015-11-30,58.95698547363281,59.37017464188436,58.38885159868777,58.5179713666651,12179400
2015-12-01,59.70587158203125,59.815623836311076,58.73100144403606,58.73100144403606,6975500
2015-12-02,58.26614761352539,59.84143340220504,58.12411300299193,59.783326095350304,11830700
2015-12-03,57.3623161315918,59.021529834285786,57.04596933532777,58.62770824225006,10996800
2015-12-04,57.91753005981445,57.98854737919527,55.83867018470615,56.748980410077706,13170200
2015-12-07,56.34870147705078,56.77480539375688,54.81215522791334,56.47782611496231,15378900
2015-12-08,55.80638122558594,56.813528564861855,54.39249751806377,55.39964485733969,13397500
2015-12-09,56.55530548095703,58.19515171613701,55.71601735862538,55.95488935912186,14675800
2015-12-10,57.65283966064453,58.40174294167052,56.56175974518226,56.813546660196344,14534800
2015-12-11,55.80638122558594,56.75542618402684,55.580414387404566,56.71668633786988,13186900
2015-12-14,57.67219543457031,57.84005006014745,55.14141186949062,55.716002910399,12430700
2015-12-15,59.88664627075195,60.29983531968151,58.45985206654175,58.47921953358501,19158500
2015-12-16,60.32566833496094,60.57099782638794,58.627714587802544,59.77044455250796,16917900
2015-12-17,58.45341110229492,60.68721656786963,58.36302628017828,60.36441222442352,14082500
2015-12-18,57.982120513916016,58.9247087019501,57.65286359641633,58.14352270211919,20167200
2015-12-21,57.614097595214844,58.556685355807815,56.949121669465136,58.363005773155415,12852300
2015-12-22,58.279083251953125,58.614802465569056,57.00723851080783,57.53663733941527,9661700
2015-12-23,60.56453323364258,60.590358165322364,59.11837153878887,59.52510313014089,11172800
2015-12-24,59.42827224731445,60.65492461890666,59.40244731283005,60.65492461890666,4998700
2015-12-28,58.33718490600586,58.56960436185465,57.90462838979917,58.30490251051498,6800000
2015-12-29,58.91179275512695,59.77045349194923,58.79558299431188,59.32498192122423,6471200
2015-12-30,58.162864685058594,58.73746075478422,58.03374496132804,58.16932214892564,5600200
2015-12-31,58.078948974609375,58.65999769882633,57.47207531536024,57.70449480504703,6988700
2016-01-04,57.3623161315918,58.17578424758715,56.53593801243556,57.80133012309382,11397300
2016-01-05,57.85297775268555,57.8788026836121,56.71024795579487,57.49143857091771,7883400
2016-01-06,55.56751251220703,56.67150223986136,54.9800114536125,56.451997757151595,14511400
2016-01-07,53.59840774536133,55.36092086253516,53.372445788185516,54.58619274490345,15368800
2016-01-08,53.02383041381836,54.127820484377985,52.43632917274275,53.8372985962948,11891600
2016-01-11,52.14579391479492,53.5661355030708,51.50018544528818,53.48866071351337,14366400
2016-01-12,53.0367317199707,53.19813382202441,51.4485356268343,53.06900918502068,13477500
2016-01-13,52.507347106933594,54.392522982459994,51.65514397651737,53.68881199302957,15550100
2016-01-14,55.18014907836914,55.632072974551924,52.26199643969988,52.90760482030445,16433400
2016-01-15,54.01807403564453,54.1084588517133,52.2103727886661,52.70748927704433,17870300
2016-01-19,52.62355041503906,54.71532058385505,52.1587115051684,54.34086647028125,13155600
2016-01-20,50.99014663696289,51.848801948263386,48.63367531360019,51.63575494881018,26151100
2016-01-21,52.326560974121094,52.71392501555645,50.37036345251064,50.87394212453773,16107800
2016-01-22,53.934139251708984,54.99939435210419,52.75913187915732,54.52809793989942,15724600
2016-01-25,52.2232666015625,54.418336294620445,52.165164205935234,53.1271194075983,12370300
2016-01-26,54.30860900878906,54.55393855689263,52.520270039769365,52.92054923198405,12191400
2016-01-27,53.77273178100586,55.58689006366442,53.17231568763602,54.198830823551155,12380600
2016-01-28,55.470672607421875,55.9677938343103,54.03742116973494,55.36092036144436,13017400
2016-01-29,55.825775146484375,55.98071982775294,53.553230168399885,54.263403552552916,20248900
2016-02-01,55.06394958496094,55.58043342987074,54.38605868936451,54.97356478896168,10958300
2016-02-02,52.4492073059082,53.61130400329151,52.26843780311514,53.39825212117131,13326200
2016-02-03,54.63139724731445,54.63784978637759,51.55184170699362,53.19168801425839,13964100
2016-02-04,54.741146087646484,55.64499898567176,54.12136250986968,54.612021430441715,12825000
2016-02-05,53.508026123046875,54.418336394354576,53.1077520397214,54.19237442383188,15090100
2016-02-08,55.515869140625,55.97425054826259,52.35884421961568,52.784948160169854,17712800
2016-02-09,53.53384780883789,55.386745706078926,53.04964150465028,54.928364329186806,12605600
2016-02-10,53.61132049560547,54.16654409675734,52.61708299878935,53.43700347457351,12110300
2016-02-11,53.57904815673828,54.01160959617189,52.06186916343499,52.68165273376137,12741400
2016-02-12,55.154327392578125,55.251169640478835,53.71461845197764,54.10198744358048,9835100
2016-02-16,55.44853210449219,55.82773563091231,54.46783642531503,55.723130685599685,10631500
2016-02-17,57.73681640625,57.96564936625931,55.58582349392247,55.84080893473501,12710500
2016-02-18,56.70384216308594,58.351409168380194,56.62538469118523,58.02451051757694,9517800
2016-02-19,56.55345153808594,56.57960402175941,55.44199841638295,56.44230722353089,9783300
2016-02-22,58.07024383544922,58.737114517477124,56.553435138764875,56.553435138764875,10299900
2016-02-23,55.513919830322266,57.84797551640376,55.37661803577936,57.78913117758872,10655800
2016-02-24,55.749290466308594,55.8931266623772,54.19979414411585,54.480927166956135,9775200
2016-02-25,55.76890563964844,56.036959909789914,54.74897857032007,56.01080742205565,9452600
2016-02-26,55.14778518676758,56.94572723782925,55.10201958862723,56.860735409304645,9369900
2016-02-29,54.5528450012207,55.703524588051295,54.31093821917705,55.53354089177145,11549600
2016-03-01,56.311561584472656,56.57308151105688,54.507084566004735,54.99743255782101,11614700
2016-03-02,56.97187805175781,56.99803053393987,55.18047542093224,55.834272511255904,9637600
2016-03-03,57.22688674926758,57.25303924435126,56.25926937156334,56.88037491854599,8526100
2016-03-04,57.4883918762207,57.939513570857805,56.68421907118202,57.1549538850508,9328600
2016-03-07,59.279815673828125,59.33866004019324,57.2399707506431,57.49495136604123,12784300
2016-03-08,58.017967224121094,59.54785540021369,57.749912942391376,59.0901943271944,10508400
2016-03-09,60.685462951660156,61.87537379431713,58.49524307493321,58.645613655072204,19323100
2016-03-10,61.41770935058594,61.42424373104154,60.16241496045189,60.66584158782731,12090900
2016-03-11,61.836158752441406,62.856081091404086,61.05159888640388,62.078060595971735,14098800
2016-03-14,61.626922607421875,61.9995867945966,60.861976127998766,61.175800964182166,6898900
2016-03-15,61.63346862792969,61.71846546840524,60.31280029057578,60.901218852001776,7006300
2016-03-16,62.37225341796875,62.85606194574187,61.273873930540084,61.927671125721986,9969200
2016-03-17,63.34639358520508,63.90212006087529,62.300319338989,62.92796388671864,10679400
2016-03-18,63.86944580078125,64.01328197327221,62.67299580750807,63.97405075199875,14436300
2016-03-21,63.05222702026367,63.771403210189284,62.705715173449974,63.43142574639116,8040100
2016-03-22,62.43763732910156,63.35949384520094,62.31995362466499,62.60108664148141,7567100
2016-03-23,61.188873291015625,61.98650661754099,60.829287848912124,61.927667267916874,10302800
2016-03-24,62.01266098022461,62.07150531970714,60.31278932478369,60.502391103886076,8159100
2016-03-28,61.90152359008789,62.16304348669176,61.456941262284445,62.045359782623876,5054000
2016-03-29,62.31996536254883,62.365730979111994,60.763929411323126,61.319656180469586,6616600
2016-03-30,62.27417755126953,63.21564702854402,62.21533820297804,62.993353407264735,6182900
2016-03-31,62.37225341796875,62.89528818126823,62.07804168729085,62.23495660554976,5943900
2016-04-01,61.626922607421875,61.96689494088372,61.01235167177085,61.25425842024715,7555900
2016-04-04,61.084266662597656,61.77075565115182,60.82928617840926,61.74460316712272,6552000
2016-04-05,60.587398529052734,61.031980921451755,60.43048856352304,60.80315284920473,6662000
2016-04-06,62.00611114501953,62.110721069518235,60.68544327071574,60.9011974989375,6836400
2016-04-07,61.973445892333984,62.130355845714526,61.50925041369501,61.69885222689867,6817700
2016-04-08,62.98028564453125,63.33333673206124,62.60762143904016,62.927980671250474,7108500
2016-04-11,62.26763916015625,63.61446468084959,62.2087998109416,63.333331706867995,6644200
2016-04-12,63.751773834228516,64.0329068626733,62.39187430184085,62.56186299040865,8783400
2016-04-13,63.810585021972656,64.01326548011451,63.43792093838947,63.941347412398876,6406800
2016-04-14,64.05905151367188,64.24864831116665,63.65369545609724,63.84329724166876,6162200
2016-04-15,63.56871032714844,63.94137456900624,63.39218227211842,63.88253022130381,6551600
2016-04-18,64.52979278564453,64.5690240163099,62.450717131175274,63.56871492570181,7770200
2016-04-19,65.70663452148438,65.72624764414458,64.17675109705263,64.72593848385029,10584800
2016-04-20,66.48462677001953,67.04035329131241,65.27509817958247,65.4320130704535,10150500
2016-04-21,66.29503631591797,67.21035338301678,66.1054345315272,66.45194624545366,8278600
2016-04-22,66.69386291503906,67.01422219031154,66.36042490064996,66.51733485350705,5754000
2016-04-25,66.36695861816406,66.53694230758389,65.9223762995333,66.34080613023555,6612100
2016-04-26,66.8769302368164,67.32805199577764,66.49772658401068,66.72002027251253,5650700
2016-04-27,67.8968505859375,67.95569493845258,66.93576772883858,67.27574512806915,8383600
2016-04-28,66.94884490966797,68.16490829383544,66.72001685094345,67.42611414813943,7598000
2016-04-29,66.80500030517578,67.0992070596763,65.77853886674745,66.12505059611645,8826900
2016-05-02,67.54379272460938,67.89684384039118,66.55656246233801,66.57617558186857,6844500
2016-05-03,66.24273681640625,66.9161471822145,66.06621375460372,66.85730782430603,7033600
2016-05-04,65.7654800415039,66.88347801849865,65.63472255281883,66.07276562680013,7444100
2016-05-05,66.30812072753906,67.07960173825444,65.94199583705635,66.589253765039,6474300
2016-05-06,66.59579467773438,67.14498202618338,65.92891862538615,65.92891862538615,5966800
2016-05-09,65.60856628417969,66.55657548089907,64.7782458038182,66.43889175261936,9342100
2016-05-10,66.21004486083984,66.22312359907379,65.64778381870846,65.79815439185892,6698100
2016-05-11,66.12504577636719,66.51732308313439,65.47778797079746,66.19042449614895,6850700
2016-05-12,66.76576232910156,66.96189846825767,66.08581273959305,66.78537544420958,6532400
2016-05-13,65.86353302001953,66.71347143317459,65.6150918627956,66.44541216862916,5665200
2016-05-16,66.8769302368164,67.07960581521218,66.29505100561491,66.60233655226516,6779400
2016-05-17,66.56637573242188,67.51118900896589,66.29548285079764,66.77780223286783,7028000
2016-05-18,66.11048889160156,66.90994554745481,65.70085286014285,66.66548663598574,5927500
2016-05-19,65.97174072265625,66.12370589101722,65.09299723442537,65.58192513902632,6241100
2016-05-20,65.93211364746094,66.33514630802544,65.73389904558088,66.26907645433434,4707100
2016-05-23,65.66121673583984,66.15674816985974,65.456398689503,65.52907703642377,4231200
2016-05-24,66.19638061523438,66.57298422666975,65.81977700379902,66.03120350423983,4383300
2016-05-25,67.24030303955078,67.37905626296195,66.61263196955467,66.61263196955467,5428200
2016-05-26,67.06192779541016,67.63674613406131,66.71175301837702,67.29317481412949,4147200
2016-05-27,67.40547943115234,67.46494581779405,66.64566868339638,66.98262639141123,5008900
2016-05-31,66.73155975341797,67.57726584277393,66.4474548914494,67.49137555085073,8141800
2016-06-01,66.81747436523438,66.98265155345727,65.99819692307499,66.2294439784255,4815200
2016-06-02,66.42102813720703,66.447457083472,65.88585583755807,66.33513784245044,6714100
2016-06-03,66.5069351196289,66.8240724487343,66.07086499110031,66.50032662170385,4957800
2016-06-06,66.84390258789062,67.41872101129924,66.67872540147745,66.95622186485774,5948200
2016-06-07,68.26439666748047,68.51546406311051,67.1345858259371,67.28654594617448,9807000
2016-06-08,68.1124267578125,68.7665317053183,67.83493043870371,68.41635705870887,6318100
2016-06-09,67.92744445800781,68.1388709925174,67.41209259519111,67.41870109212128,4247500
2016-06-10,67.37907409667969,68.0331742851746,66.90336303566257,67.70281994178018,8108400
2016-06-13,67.45832824707031,68.11903666289041,66.98261738115102,67.0619042057393,6360100
2016-06-14,66.91656494140625,67.425313376678,66.4144250034359,67.23370728138923,6924000
2016-06-15,66.48710632324219,67.15442343793063,66.23603886343777,66.48710632324219,5627000
2016-06-16,66.77779388427734,66.90333008599939,65.25816263675338,66.05101569490688,8043000
2016-06-17,67.1081771850586,67.22049644544055,66.33514927658479,67.02228687549716,8762200
2016-06-20,67.7952880859375,68.31724831727706,67.7886795906331,67.97367713271699,6627000
2016-06-21,68.21154022216797,68.3502883943253,67.57065220734205,67.84815359246225,4938700
2016-06-22,67.58387756347656,68.41637174025384,67.51780771724482,68.38333429673489,4866400
2016-06-23,69.00440979003906,69.01101324684905,68.09923716720556,68.3503046277665,5593600
2016-06-24,67.32621765136719,68.05960471286492,66.84389808160095,67.03550420982002,11481400
2016-06-27,66.3087158203125,66.99585337253622,65.75371797240594,66.89674607389505,8248700
2016-06-28,67.1478042602539,67.39226822438543,66.49370424479582,66.87691639155143,7171100
2016-06-29,68.33048248291016,69.16297673375591,67.59049207398647,67.73584373230605,8887500
2016-06-30,69.26207733154297,69.37439657334444,68.2379770800902,68.42297466442348,7649700
2016-07-01,68.81280517578125,69.29511965530448,68.5683411667363,69.2290498001268,6117800
2016-07-05,68.4295883178711,68.62780291076848,67.95387732756255,68.38333891830257,7766600
2016-07-06,69.09691619873047,69.11012815461136,67.69621195741387,68.22478092718055,6166900
2016-07-07,68.08602142333984,69.37440114252124,67.48477419385091,69.30172279520265,7707400
2016-07-08,69.222412109375,69.35455680480815,68.05296053941868,68.63438207691041,9043600
2016-07-11,69.632080078125,70.0351127339149,69.24226441740079,69.24886787412697,7206100
2016-07-12,70.55044555664062,70.8940167641034,70.15402150563422,70.23330833215762,8377200
2016-07-13,70.4645767211914,70.82796344487576,69.94261629619807,70.55046702879531,5959900
2016-07-14,70.49759674072266,71.07902346174193,70.31920765910462,70.82795099919053,4750900
2016-07-15,70.71561431884766,71.05257699079752,70.29276137557143,70.91382884136044,6164300
2016-07-18,70.09456634521484,70.53063639968508,70.04831694920796,70.47777850687545,4931500
2016-07-19,70.06153869628906,70.21349884741916,69.80386275236721,70.02189779439537,4630800
2016-07-20,69.76422119140625,70.12100445327756,69.37440552281767,69.9888647447949,6802000
2016-07-21,69.632080078125,69.93600543414897,69.28851381851733,69.63868857565784,5701000
2016-07-22,69.81047058105469,70.03510907737619,69.5065402000923,69.82368253462391,5255400
2016-07-25,68.09923553466797,69.44708169018136,67.90762943483058,69.2819045393705,7784000
2016-07-26,67.84154510498047,68.15868738481265,67.44512103579439,67.76886677086904,6101100
2016-07-27,67.56404876708984,68.26439812407905,67.2601234793246,67.84154511146608,5412200
2016-07-28,67.25352478027344,67.53762966208461,66.71835246090139,67.45173432335636,8226200
2016-07-29,67.70944213867188,67.82836992798696,65.97177471474542,66.42105691429039,10157600
2016-08-01,65.48281860351562,67.4583355698395,65.15907285604584,66.94959225238696,11550600
2016-08-02,65.79996490478516,66.11710724037928,64.68997933222174,65.75371550592835,9752700
2016-08-03,66.47388458251953,66.49370503158524,65.60174953798722,65.83960500838748,6611700
2016-08-04,66.32854461669922,66.7844352233204,66.07086863229785,66.25586625793912,6088100
2016-08-05,66.40780639648438,66.77780150804743,65.88584612649773,66.72494362330833,6710500
2016-08-08,66.86372375488281,67.18086617412457,66.54658637644879,66.72497552171696,5447500
2016-08-09,66.9429931640625,67.39227520036385,66.57960142852228,67.2931679051432,4957300
2016-08-10,66.16334533691406,67.26672726458925,66.03120566012628,67.16101653132014,5081300
2016-08-11,66.995849609375,67.29977494487824,66.32853254620144,66.50031818480981,4836600
2016-08-12,67.49798583984375,67.61030508014274,66.90334715472257,67.22048442624984,5199000
2016-08-15,67.9010009765625,68.09260702007359,67.66975404156811,67.79529025233869,4886300
2016-08-16,67.80191802978516,68.00673608176974,67.61031193178394,67.9010202866767,5384300
2016-08-17,68.24925994873047,68.30267479610693,67.44805251984415,67.76853651018273,5311600
2016-08-18,69.13726043701172,69.1706408950969,68.14242803916069,68.52299989998798,6944400
2016-08-19,68.31600189208984,68.85681302295889,68.1824699146145,68.81675444849998,5057200
2016-08-22,68.06229400634766,68.36942165182741,67.5949218636377,67.93543505285344,5494900
2016-08-23,67.88871002197266,68.21586701238371,67.76852917534335,68.12239358655198,4929700
2016-08-24,68.23590087890625,68.29599385320925,67.62164544114219,67.7017677089062,5178300
2016-08-25,68.02892303466797,68.29599216000678,67.78856133125502,68.29599216000678,4490100
2016-08-26,67.6483383178711,68.42283812462891,67.34121066502817,68.1757983392488,4776200
2016-08-29,68.13574981689453,68.25593066347619,67.43469402951487,67.59493346031721,4026900
2016-08-30,67.90206909179688,68.52300268936203,67.68174175892169,68.13575777750611,3712800
2016-08-31,67.15425872802734,67.65501129443334,66.71359402450918,67.56821092281511,6249100
2016-09-01,66.9072265625,67.1542663571361,66.41315206714691,67.00069997800142,6045000
2016-09-02,67.38794708251953,67.74181143984705,66.94060931359299,67.36123966578855,4676600
2016-09-06,68.38948059082031,68.50966146888811,67.41468239934639,67.57492187212979,5429000
2016-09-07,68.68991088867188,68.80341869825858,68.26260235234417,68.60311559326516,5284300
2016-09-08,69.51781463623047,69.67137591103278,68.41615792090434,68.99702766442776,5788800
2016-09-09,67.61495208740234,69.04377085757855,67.58824976474682,69.00370718575753,7808700
2016-09-12,68.269287109375,68.46959023381649,67.14760081912675,67.56823126774982,8149100
2016-09-13,66.38644409179688,67.86867265932769,66.21284842421531,67.86867265932769,9300400
2016-09-14,65.71210479736328,66.73363946506781,65.54518723482542,66.17947702882114,8201400
2016-09-15,66.43317413330078,67.02740010748215,65.71876733884012,65.76550404150882,6701600
2016-09-16,65.32483673095703,65.97247750919693,65.11786064080881,65.65199873051056,12725600
2016-09-19,65.45838928222656,65.9992005328687,65.42500373350465,65.65201425819068,6182000
2016-09-20,65.23138427734375,65.7521713743085,65.21803311307696,65.5451901237733,5771900
2016-09-21,66.51998138427734,66.56004506086049,65.59859832557643,65.66536432798905,6361600
2016-09-22,66.75369262695312,67.26779662284459,66.6602140792335,67.11423018079218,5416700
2016-09-23,66.24626159667969,67.13426450073254,66.01257796243452,66.32637878903736,7396800
2016-09-26,65.95246887207031,66.95397428339494,65.87235169927311,66.42651415549358,5781800
2016-09-27,66.08599090576172,66.54000679240207,65.29146183066143,65.59191134794335,6476100
2016-09-28,68.2025146484375,68.28930994406214,65.93243485979728,66.44653869282247,10190900
2016-09-29,67.61495208740234,68.28262222000555,67.08749716529441,68.10235352552698,8148400
2016-09-30,68.71661376953125,69.17062969612721,67.58825462810482,67.98885571770849,9431500
2016-10-03,68.40281677246094,68.65653473386601,68.04227931116299,68.46958787425378,4334700
2016-10-04,67.61495208740234,68.7166088249814,67.2744439873963,68.576398708405,6505400
2016-10-05,68.25592803955078,68.68323656787665,67.93544409634664,68.09568352098898,5912800
2016-10-06,68.2225570678711,68.56974341109625,67.66171132091286,68.31603051004404,4362900
2016-10-07,68.28262329101562,69.08383051905768,68.22921355094797,68.43618966524734,5844500
2016-10-10,69.42435455322266,69.71812599815927,68.91024561022405,68.91024561022405,5982700
2016-10-11,68.79673767089844,69.50446644926045,68.55637599260203,69.29081219009913,5337300
2016-10-12,68.2025146484375,68.65653060616555,67.8352939863341,68.59643763694882,4935100
2016-10-13,67.29448699951172,67.91542055321459,66.50663587861905,67.76185415007521,7883000
2016-10-14,67.48811340332031,68.07566141833267,67.17430755539871,67.75518253520593,5114700
2016-10-17,67.6750717163086,67.76186703393891,67.18099704978374,67.39465137265294,4540800
2016-10-18,67.962158203125,68.26928591970855,67.51482033944374,68.09569022114569,4720900
2016-10-19,68.28262329101562,69.23739179937047,68.26259400175039,68.4161603759821,5905700
2016-10-20,68.01555633544922,68.24923985652583,67.22770539730617,67.86198996793105,4820900
2016-10-21,67.63500213623047,67.80859274329364,67.18765917239216,67.47475759966747,5622400
2016-10-24,67.20769500732422,67.8219504622845,66.80708875120911,67.80859420365658,6077300
2016-10-25,67.2811279296875,67.88203216524141,67.11421036947361,67.26777676619504,4730700
2016-10-26,67.56156158447266,67.78856704911027,66.68023696226018,66.98068656990887,6353700
2016-10-27,66.71361541748047,68.08901970478937,66.71361541748047,67.77521384752025,9897800
2016-10-28,69.31752014160156,70.12540047444493,67.40130482877711,67.51481263445281,17435400
2016-10-31,69.93846130371094,70.41250658767333,69.29082032195726,69.31752774422668,12340800
2016-11-01,71.09353637695312,71.26712698877522,70.40583168333724,70.44589536553634,12755600
2016-11-02,70.36578369140625,70.80644860451456,69.60463983596549,70.53937942329021,8405200
2016-11-03,70.36578369140625,70.89992205385494,70.07200708266737,70.45925714074663,5703200
2016-11-04,69.95848846435547,70.43253373386732,69.69141934372236,70.27229429905537,7085400
2016-11-07,71.3405532836914,71.42735366180906,70.62614643921562,70.77303468472036,7333800
2016-11-08,71.63432312011719,72.23522720776062,71.05344831974213,71.15359985000244,8050000
2016-11-09,71.86800384521484,72.2819611104328,70.56604928400083,70.79973278294716,9161800
2016-11-10,71.96818542480469,72.4422307474577,71.60096470602824,71.80126784243727,8739500
2016-11-11,71.20035552978516,71.87470391310325,70.73298838922001,71.76120119238311,7939500
2016-11-14,71.16697692871094,71.26045545987162,70.49930660903937,70.87320545192125,7656000
2016-11-15,72.74933624267578,72.81610223642318,71.7077724772438,71.7678603434408,12156500
2016-11-16,73.06629943847656,73.50463083482336,72.65494283597282,72.9651452477941,7723700
2016-11-17,72.91120147705078,74.24642034263543,72.55378931402298,73.50463151231996,6638100
2016-11-18,73.63947296142578,73.95642024302882,72.93140417318773,73.21463168848295,6815500
2016-11-21,74.30036163330078,74.85333198813726,74.22618224406165,74.42174562069978,8476800
2016-11-22,74.59707641601562,74.85332920436564,73.71366876199839,74.7117154151526,6440500
2016-11-23,74.85333251953125,75.17027988581843,74.2059529637792,74.44872094030065,4472700
2016-11-25,74.85333251953125,75.00169129906273,74.25990254632072,74.5431301372906,3238600
2016-11-28,74.51615905761719,75.23771803907532,74.43523467977413,74.81961647092629,6406700
2016-11-29,73.73390197753906,73.99015992265272,73.10001238864533,73.57205837451464,7461900
2016-11-30,75.2309799194336,76.18856713741714,75.05565146881523,75.56141730042472,17301900
2016-12-01,76.39762115478516,77.49007728597866,75.88511029935798,76.06044390817294,11792300
2016-12-02,76.2020492553711,76.74827468773118,75.71651325108837,76.33691808104255,6167400
2016-12-05,76.37064361572266,77.20010187637182,76.22228480935318,76.46505282979118,6909800
2016-12-06,76.04020690917969,76.53248276154997,75.66930991499716,75.7906939181009,6033600
2016-12-07,77.17311096191406,77.20008575243061,76.08065509811249,76.22901387349587,6434100
2016-12-08,77.66539001464844,77.82049378042885,77.01126546556159,77.36867759628768,5519700
2016-12-09,78.09696960449219,78.21835358392798,77.53051446373512,77.54399928593243,5771600
2016-12-12,79.00061798095703,80.24142759156507,78.60949119916792,79.41871441087615,10044700
2016-12-13,79.18268585205078,79.78286080672633,78.24533372531414,79.5063782009922,8644200
2016-12-14,78.19811248779297,79.49287131822526,78.06324370563244,78.70387813826629,7878400
2016-12-15,78.93315887451172,79.16243682629107,77.79349866325273,77.9755720282002,7458300
2016-12-16,79.62773895263672,79.96491602630651,79.18266274583395,79.46589025293726,13752300
2016-12-19,79.33779907226562,79.87727952492187,79.18269529086592,79.82333508109743,5772500
2016-12-20,79.54011535644531,79.99867664610633,79.3512969098055,79.47268093191921,4319100
2016-12-21,79.51312255859375,80.24816631833681,79.47940278368715,79.80308998516317,5024600
2016-12-22,80.09306335449219,80.2414221336946,79.41870900896507,79.53335315784035,4992500
2016-12-23,79.85704803466797,80.0458664463695,79.60754019559774,79.85030819490424,2682900
2016-12-27,79.7221908569336,80.18075212873389,79.6480114493691,79.91100929621902,2986900
2016-12-28,79.51312255859375,80.1537571224967,79.40522339482487,79.78286017818533,4086700
2016-12-29,79.45243072509766,79.85704231331484,79.22315271157693,79.58055970025069,3214500
2016-12-30,79.37149810791016,79.73565004296837,79.10850034563171,79.1961696963345,5020500
2017-01-03,79.4726333618164,80.24814164196096,78.6229457156198,79.83004022829608,7404800
2017-01-04,79.45243072509766,80.01214608033774,79.30407194227107,79.85030247403397,6679900
2017-01-05,79.10848999023438,79.89748831870381,78.7106234796074,79.57379603716323,5928600
2017-01-06,78.79156494140625,79.29059089740694,78.48136253749313,79.20292153342308,4762500
2017-01-09,78.11720275878906,78.46786988993071,77.62492698130299,78.42066529284418,6891800
2017-01-10,77.52377319335938,78.48810009147829,77.47656859603532,77.92838476255352,6184400
2017-01-11,78.17789459228516,78.5285565662606,77.45633569350535,77.65189905886446,6158200
2017-01-12,78.3330078125,78.89271804178078,77.82724202387048,78.56228583378588,4940000
2017-01-13,78.48135375976562,78.81853091912262,77.96210319811851,78.13069177779701,4953000
2017-01-17,78.41393280029297,78.74436503253644,78.29929378123732,78.49485718458192,4669700
2017-01-18,78.18463134765625,78.25206574191061,77.82047944478529,78.00929780666331,4855300
2017-01-19,77.94185638427734,78.19810911730305,77.74629305713378,78.15090453109005,3427800
2017-01-20,77.9553451538086,78.73085351938497,77.78001161974188,78.44088100512299,6730900
2017-01-23,77.8137435913086,78.19812534306165,77.54400083772933,77.63167019096878,5104100
2017-01-24,78.47461700439453,78.9736377792745,77.96210626145773,78.12394986373212,5024400
2017-01-25,79.06131744384766,79.18944644085242,78.45439738555713,78.83203939122477,5276800
2017-01-26,78.59600067138672,79.45242842254498,78.56228089629771,79.2366352387552,6937300
2017-01-27,76.7347640991211,77.3484237382782,76.10086951248292,76.5594305686844,11698900
2017-01-30,75.40629577636719,76.74151952148088,74.66450709348842,76.30318820821596,8252900
2017-01-31,75.08935546875,75.6625556344061,74.69148887379511,75.45350743332239,7951000
2017-02-01,74.85333251953125,75.37932808702259,74.74543335444822,74.98820133096966,5889300
2017-02-02,75.66929626464844,75.68952607069704,74.65776480289765,74.96796716711141,6289000
2017-02-03,76.58641052246094,77.0652014135423,75.62208375734933,75.80416228256794,6623500
2017-02-06,76.18856811523438,76.53923016588766,75.8311559345804,76.39087136352491,5637300
2017-02-07,75.1163330078125,76.26947836535022,74.92751460703424,76.18855913353985,6038400
2017-02-08,75.24446868896484,75.38608250216623,74.39478066484047,74.94100610789098,5188800
2017-02-09,75.7030258178711,75.95253365125721,75.24446462350721,75.24446462350721,4607800
2017-02-10,76.23577880859375,76.50551649452031,75.77721753963543,76.03347039923227,6194300
2017-02-13,76.8156967163086,76.86964114731764,76.23575163741488,76.44479981297609,4858500
2017-02-14,76.60466003417969,76.97910722627587,76.1008626073107,76.7135920152123,5811200
2017-02-15,76.63871002197266,77.09485104999305,76.39361823500221,76.39361823500221,7048100
2017-02-16,75.35197448730469,76.9246423281156,75.18177216014635,76.9246423281156,9478200
2017-02-17,75.1136703491211,75.27706308114772,74.3920091605277,75.17494067582058,8111000
2017-02-21,76.06000518798828,76.4616801256049,75.29749700874737,75.38600552963119,6619100
2017-02-22,75.147705078125,76.1008388378055,75.10004864984903,75.69916397007391,5732000
2017-02-23,75.58343505859375,76.13489404233223,75.39961886012223,75.80129379471204,8659700
2017-02-24,74.97071838378906,75.58344256901938,74.52819132121856,75.50174878120868,6189400
2017-02-27,76.08041381835938,76.43443225047257,75.14089916862123,75.33152487777149,7275800
2017-02-28,76.5910415649414,76.7680534264792,75.90342275963734,76.01916428112114,7030200
2017-03-01,77.53054809570312,77.87776223431904,76.84973891089805,76.87697190158968,7353800
2017-03-02,77.1765365600586,77.79607027309841,77.14249402008573,77.38758576423578,5892500
2017-03-03,77.30590057373047,77.53737324996126,77.07442270333677,77.17654514044685,4905600
2017-03-06,77.04717254638672,77.27184081915577,76.7067679612803,77.10163852660256,4731900
2017-03-07,76.12126922607422,77.53054395559947,76.03957545252362,77.299071338324,6660300
2017-03-08,74.62349700927734,76.19616460297573,74.48052770022859,76.03277184894314,9071600
2017-03-09,74.91624450683594,75.0047478323653,73.87460726863786,74.41925150861859,7247400
2017-03-10,75.30432891845703,75.8489785216838,74.50778315892285,75.84216897324848,6560300
2017-03-13,74.44649505615234,75.44047599937022,74.4192620611674,75.23623632822726,6369300
2017-03-14,73.0916748046875,73.91545329847897,72.92828205401001,73.8473734185435,9935700
2017-03-15,74.12651062011719,74.19459570168708,73.21422870170036,73.58186632669538,9472100
2017-03-16,73.43209075927734,74.12651395271298,73.14615210281342,74.078857509969,8894700
2017-03-17,73.30955505371094,73.81335254609479,73.30955505371094,73.52741384994422,14353400
2017-03-20,73.29592895507812,73.42527918514824,72.86020624095161,73.0304085595051,5301900
2017-03-21,73.55464172363281,73.68399716037683,73.11892416152597,73.56825562500231,7406300
2017-03-22,73.79290008544922,74.10607165728273,73.20059428127809,73.2891027911224,8106800
2017-03-23,73.43888854980469,74.11288818761614,73.35718957782439,73.72482716049295,5451200
2017-03-24,73.52059173583984,73.81333993019574,73.32315642391029,73.47974484170358,6339900
2017-03-27,72.35639953613281,73.0848651581829,72.0432279335298,72.84658298165472,6479400
2017-03-28,72.96233367919922,73.35039478437201,72.24748700870352,72.35641379909019,6331500
2017-03-29,73.57506561279297,73.58187516059998,72.76490083114135,72.8125572774642,4919900
2017-03-30,73.37760925292969,73.99033852590188,72.9827386998852,73.62951050797426,6797700
2017-03-31,73.09849548339844,73.62271635231532,72.88063671792922,73.32315860198415,6159000
2017-04-03,73.39124298095703,73.50697931277692,72.42448984895303,72.99637234916403,5800900
2017-04-04,73.97672271728516,74.01756960304088,72.85338661154927,73.44568723165328,4687400
2017-04-05,73.96311950683594,75.3451615093709,73.90865351802604,74.65073833161377,6398800
2017-04-06,74.40565490722656,74.65074669015108,74.03801723283978,74.28991856366864,3934500
2017-04-07,74.11288452148438,74.60306794079463,73.98352912078818,74.46690299422978,4889400
2017-04-10,74.50096130371094,75.02518217503597,74.18778965154546,74.28991208455137,4812100
2017-04-11,74.18778991699219,74.57585100847297,73.56825096359225,74.56904146113816,3956500
2017-04-12,74.18778991699219,74.45330512725995,73.83376617386001,74.45330512725995,5053300
2017-04-13,72.23384857177734,74.03118428227656,72.11811226480586,73.963104407244,6894800
2017-04-17,72.28150939941406,72.49256377725992,71.92749091121875,72.28150939941406,5278800
2017-04-18,71.94791412353516,72.62872330139065,71.70282240397424,72.03641744675812,4252700
2017-04-19,70.96075439453125,72.26109743402891,70.68842964041866,72.09089511197888,6667900
2017-04-20,71.40326690673828,71.95472588984657,71.04924840876136,71.07648140001527,4988100
2017-04-21,71.41010284423828,71.77774057079161,71.00161821278921,71.34883248689468,5432600
2017-04-24,72.11813354492188,72.44492431333138,71.73688197691334,72.02282065291975,4538200
2017-04-25,72.66278076171875,72.82617354359701,72.28833355932804,72.37003254734861,4619000
2017-04-26,72.2202377319336,73.1733716052255,72.14534830797884,72.43809645775788,6687400
2017-04-27,71.80496215820312,72.15217637711643,71.26031260673767,72.1385572815401,5781800
2017-04-28,72.64234924316406,73.25507864365308,72.1589752700457,72.8806366502495,6848400
2017-05-01,72.11132049560547,72.66277956588378,72.00239370753357,72.34279836077282,4955500
2017-05-02,71.73004150390625,72.5265868411478,71.54622015275156,72.24064828841917,5112200
2017-05-03,72.65594482421875,73.02358234553441,71.57345570131807,71.73004407294104,5663000
2017-05-04,71.35559844970703,72.39043116637538,70.89945760991192,72.32915564783632,8039900
2017-05-05,72.02281188964844,72.090891776486,71.2807270988804,71.4305059664205,5060000
2017-05-08,72.62870025634766,72.65593323812028,72.04320413363655,72.11809353497124,5175100
2017-05-09,71.53942108154297,72.67637102569759,71.36240926215038,72.51297829696045,5024000
2017-05-10,72.50617980957031,72.73084809219884,71.85260360078348,72.04322934574273,5582800
2017-05-11,72.30875396728516,72.901059918662,71.91388333303392,72.901059918662,4632100
2017-05-12,72.13855743408203,72.36322576409884,71.8117718578422,72.2066373296184,4488200
2017-05-15,72.7444839477539,73.32998045208872,72.62874759540398,72.94872884709436,6647500
2017-05-16,73.01677703857422,73.29591126683752,72.80572787663164,73.23463574598114,5001400
2017-05-17,72.00582122802734,73.08556450069864,71.95080643956591,73.01679207987232,6384300
2017-05-18,72.32905578613281,72.67980194572867,71.41436739297072,71.90266363819204,5618100
2017-05-19,73.25747680664062,73.25747680664062,72.32903627881825,72.56974230499473,8383500
2017-05-22,72.98240661621094,73.64950485277109,72.72794289399779,73.64950485277109,4491100
2017-05-23,73.08556365966797,73.28500735066876,72.88612521566648,72.94801881959812,3457100
2017-05-24,73.05119323730469,73.14747569210398,72.71420464550718,72.96866317019091,3457200
2017-05-25,72.28779602050781,73.38817051064933,72.01957990250456,72.96865191643921,5293800
2017-05-26,72.01958465576172,72.41159325771574,71.93705459592937,72.24653838505084,3752500
2017-05-30,71.565673828125,72.01270244892274,71.35247774234436,71.76511752808089,4288000
2017-05-31,71.16675567626953,71.44872404254232,70.88478206299985,71.21489687280376,8037900
2017-06-01,71.71009826660156,71.71697708308812,71.13240360972034,71.31121610937389,4769400
2017-06-02,70.91232299804688,71.48314403950084,70.6784904793191,71.40061398930295,5864000
2017-06-05,70.96733856201172,71.23555464951374,70.58220359900972,70.69912247450969,4523300
2017-06-06,71.64129638671875,71.83386119317092,70.67159354079956,70.9122995488648,4683900
2017-06-07,71.36620330810547,71.8201105747329,70.52717166612331,71.50375334965814,7197100
2017-06-08,71.52440643310547,72.03332862510433,71.13927669289002,71.3662251486603,6493600
2017-06-09,73.17497253417969,73.23686613811654,71.53128703430971,71.53128703430971,6595600
2017-06-12,74.30286407470703,74.5710802112556,73.17497948845157,73.17497948845157,8690600
2017-06-13,74.36475372314453,74.61233864323135,73.69765544918788,74.50917738536192,6099700
2017-06-14,73.3125228881836,74.26847376554596,72.72107058675081,74.21345897357524,6202300
2017-06-15,73.12683868408203,73.45007486254357,72.81048132241749,73.24375233463199,5441400
2017-06-16,74.51605224609375,74.52293106211977,73.04430043648262,73.54634906639635,11633900
2017-06-19,73.90398406982422,74.53669885301117,73.68390913449831,74.48855762487739,4577800
2017-06-20,73.22999572753906,73.31252053634762,72.4734833334636,73.07181443232341,5171200
2017-06-21,71.86139678955078,73.51883992255675,71.46938822339989,72.82422641165803,6989400
2017-06-22,71.83389282226562,72.30843148067879,71.55192430209242,71.85452927232687,4197400
2017-06-23,72.2121353149414,72.50098259692147,71.68945553302599,71.69633434840611,5773300
2017-06-26,71.62067413330078,72.34279749463809,71.54502291460838,72.23275745035892,3602500
2017-06-27,71.57254791259766,72.13649014011973,71.54503789576741,72.02645531979795,4170300
2017-06-28,71.71697235107422,72.1433697461137,71.55191749528443,71.82013360356756,4162300
2017-06-29,71.60694885253906,72.3153148529396,71.55880762669631,71.78575612166922,4288600
2017-06-30,71.75135803222656,72.01957412872706,71.44875310407257,71.88890286484255,5497000
2017-07-03,73.106201171875,73.56010334831048,71.68946411294142,71.68946411294142,4419100
2017-07-05,71.9508056640625,73.10620016128945,71.71009432326576,72.8929988379266,4482700
2017-07-06,71.40059661865234,72.3015271477172,71.32494540279215,71.98516990275547,5084800
2017-07-07,71.17366790771484,71.35935922879396,70.7060080671819,71.24244033341091,6457000
2017-07-10,70.86417388916016,71.23555120319577,70.56156898579812,71.13926877885304,4629000
2017-07-11,70.9192123413086,71.18054966856303,70.52720372692694,70.93984354517079,4322400
2017-07-12,71.44873809814453,72.04019019877258,71.15989086211631,71.5243893142945,3978100
2017-07-13,71.61383056640625,71.66885061562617,71.15304945994102,71.38688204562531,4439100
2017-07-14,71.8270263671875,71.96457123255466,71.33873527403374,71.78575870997713,3644300
2017-07-17,71.66883850097656,72.1915183862124,71.5794348713572,71.74448974411595,5572400
2017-07-18,71.33182525634766,71.93702974504897,71.1874016367825,71.93702974504897,4339400
2017-07-19,71.84075927734375,71.85451690835065,71.18741347348549,71.221797057005,4932000
2017-07-20,71.95767974853516,72.46660720420817,71.40061632075724,72.21214347637166,5367800
2017-07-21,71.00860595703125,71.78574425921512,70.93983353819185,71.6481994215363,5304100
2017-07-24,70.9742202758789,71.2286840085839,70.7816553957776,70.96046789030001,4080400
2017-07-25,71.7926025390625,72.31528221732911,71.7444613349457,71.83386492916328,7093800
2017-07-26,72.29467010498047,72.95489475585255,71.66195022343717,71.95767634021313,5881400
2017-07-27,72.97554016113281,73.11996383971717,71.94393795953015,72.12962404713856,5888400
2017-07-28,74.35787200927734,75.05248022571816,73.14745755998602,73.38816363731695,7812600
2017-07-31,75.09374237060547,75.65080571547075,74.37849775965573,74.54355259387535,7561200
2017-08-01,76.18724822998047,76.31791950031113,75.25192863045413,75.33445868229444,8162900
2017-08-02,75.9671630859375,76.47608521943522,75.54764456128441,75.91902187394446,6212300
2017-08-03,75.25880432128906,75.96029136830387,74.99746703847946,75.80899415004508,5605400
2017-08-04,75.72645568847656,75.78834928266076,75.25879596009034,75.25879596009034,4643500
2017-08-07,75.49952697753906,75.85027320154245,75.3619821136555,75.52015818242157,4762800
2017-08-08,75.89153289794922,76.13911784168789,75.49264546114803,75.65082677125886,4107300
2017-08-09,76.26289367675781,76.62051862725313,75.8296227432335,76.15973243153806,3966800
2017-08-10,75.72645568847656,76.64114394718762,75.67143566231383,76.49672031375931,4950700
2017-08-11,75.12125396728516,75.98779580044896,75.0524763084955,75.78835213335609,3383000
2017-08-14,74.76361083984375,75.52699649307908,74.49539482622025,75.14186688315762,4286100
2017-08-15,74.66734313964844,74.8942968103248,73.95209854681889,74.7911355739266,5310700
2017-08-16,74.21583557128906,74.96605310271573,74.11164310835622,74.76460550818162,4186600
2017-08-17,73.57676696777344,74.23668262709592,73.56982433641828,74.05607351720866,5870300
2017-08-18,73.96576690673828,74.56315644811227,73.28501279721984,73.52118944151673,5467400
2017-08-21,73.47952270507812,73.96577722246977,73.14609618430802,73.96577722246977,3560400
2017-08-22,73.88239288330078,74.27139212549979,73.50033627062876,73.62537249843804,5630900
2017-08-23,74.05606079101562,74.3686487392757,73.70873849307435,73.77820189271907,4185800
2017-08-24,74.63261413574219,74.79237941865581,73.8615582407278,73.97964654544091,5059700
2017-08-25,75.1813735961914,75.51479997517504,74.68817135692866,74.896566818581,4384200
2017-08-28,74.85491943359375,75.4314705459172,74.51453969170728,75.3967414883925,3681600
2017-08-29,74.92437744140625,75.05636162974442,74.35476900186252,74.62568000971147,3230600
2017-08-30,74.83404541015625,74.91045142032284,74.39641603542388,74.72984768761444,3126000
2017-08-31,74.75765991210938,75.18139357695813,74.67430064535093,75.02162297393394,5508200
2017-09-01,75.54953002929688,75.82738886248539,74.68122448790555,74.79931276960282,3660300
2017-09-05,76.02189636230469,76.59150464470969,75.50785561254342,75.96632352994395,5198500
2017-09-06,77.6543197631836,77.95996508031139,76.27197850568615,76.4109053045346,8577300
2017-09-07,77.66127014160156,78.40453966828221,77.35562481483717,77.9252331876231,5937800
2017-09-08,76.9527359008789,77.62654208053962,76.77907473291349,77.515396389177,4033100
2017-09-11,78.16140747070312,78.19614182032828,77.4667628759415,77.68210630412563,5973400
2017-09-12,78.14057159423828,78.46010748254943,77.7029473928004,78.36980559010863,5110100
2017-09-13,79.31454467773438,79.41179452723034,77.994718477793,78.14059325203694,5889400
2017-09-14,79.50206756591797,80.12030079873713,79.31451586708005,79.3700887036681,5819100
2017-09-15,79.62708282470703,79.82158770153285,78.93243844947712,79.76601487958261,8387600
2017-09-18,80.01612091064453,80.0369594027056,79.41177814228222,79.48124154905854,4954600
2017-09-19,80.81494903564453,80.87052187476226,80.01611199712713,80.0577889766066,6188000
2017-09-20,80.83580017089844,81.37762215223923,80.71770655211232,80.92610206788252,5378200
2017-09-21,80.90526580810547,80.9399948618798,80.46069364193528,80.73160464007904,4334500
2017-09-22,81.47488403320312,81.84999283725284,80.76634341453625,80.86359855607705,5307100
2017-09-25,81.96112060546875,82.19730254184925,81.287314448363,81.43319448832284,5980300
2017-09-26,81.6346435546875,81.98891383883118,81.44709181585762,81.82220059323589,4874700
2017-09-27,81.58601379394531,81.6902115536512,81.11365520970111,81.59296172451722,3926800
2017-09-28,81.70410919189453,82.05837416299445,81.28731814400562,81.39151590597785,4949000
2017-09-29,81.62074279785156,81.63463335836683,81.08586877266916,81.39150880146573,4874800
2017-10-02,81.5721206665039,81.8221931620442,80.25229478442303,80.87052809292041,4285600
2017-10-03,81.8430404663086,82.14173790705026,81.28037994061424,81.32900485888759,3892200
2017-10-04,81.6762924194336,81.87773993780111,81.36369924967032,81.84300559681085,3443400
2017-10-05,82.37096405029297,82.44737538593866,81.50265823588117,81.58601220224512,5470900
2017-10-06,81.29427337646484,82.07227739605591,81.13450805351341,81.93334526770815,3533300
2017-10-09,81.76661682128906,82.0236372361893,81.28036771171328,81.50959640638884,2951900
2017-10-10,82.52377319335938,83.2323082898924,82.16950299523425,82.24591431835373,5683100
2017-10-11,82.89195251464844,83.02393140255295,82.37096899472859,82.80859324356263,3926100
2017-10-12,82.75994110107422,83.11421126199485,82.18338492343638,82.3084211390721,3929700
2017-10-13,82.77387237548828,83.3573714316447,82.71135159106069,83.2114966676056,4640100
2017-10-16,83.4476547241211,83.97558610931847,82.96140561914835,83.2462071521416,5500700
2017-10-17,83.51016235351562,83.87137516040985,83.23925142341571,83.5171102824127,4844300
2017-10-18,82.072265625,83.37124771550509,81.96111993826264,82.94057142869293,5505100
2017-10-19,82.10698699951172,82.4820957075969,81.93332585501214,82.00973718256937,4576600
2017-10-20,82.41264343261719,82.50989326268493,82.01669618170757,82.39180494041956,4924300
2017-10-23,82.61406707763672,82.87108743958578,82.28063539996543,82.46819237481701,3872400
2017-10-24,82.82250213623047,83.30180344615957,82.71135642396217,82.99616333686025,4472400
2017-10-25,82.27371215820312,82.96835679229882,82.07226457834922,82.66271145738696,4553100
2017-10-26,82.27371215820312,82.66271145738696,82.06531664808723,82.50988878993104,4092900
2017-10-27,78.86995697021484,80.85664116304866,78.19615078806737,80.6690841331116,14534100
2017-10-30,79.46040344238281,79.95360052252043,78.38370208311393,78.612936096334,7517800
2017-10-31,80.50237274169922,80.84274715605386,79.06445844464533,79.50208269167271,7154800
2017-11-01,80.5093002319336,81.25256964991928,80.12724362934966,80.7871590974749,5030300
2017-11-02,80.11336517333984,80.9052596149447,79.68268360170369,80.72465053010143,4329600
2017-11-03,79.8771743774414,80.40510571312879,79.69657061237034,80.2175540187189,4101800
2017-11-06,81.30119323730469,81.38455248553227,79.87716988678953,80.1411381896517,5950300
2017-11-07,81.44014739990234,81.96807888341168,80.91222121611177,81.53739723900686,5219500
2017-11-08,81.044189453125,81.37762121457176,80.50931540839775,81.12060078804575,5092800
2017-11-09,81.44014739990234,81.62075651526162,80.31482631891619,80.50932599712522,5103300
2017-11-10,81.39844512939453,81.48874700916716,80.64822777527435,81.07196135678387,5156900
2017-11-13,81.43318939208984,81.80829281511222,81.05113273937738,81.4262414621175,4279200
2017-11-14,81.21785736083984,81.45403931559136,80.75244668200288,81.14839395051945,6996500
2017-11-15,80.89136505126953,81.43319231448389,80.62740199974301,80.72465182397478,5372600
2017-11-16,80.33045959472656,81.20689386862789,80.19723987330786,80.80724005370209,5888700
2017-11-17,80.42860412597656,80.62492450916514,79.86067653899114,80.40055759275972,4337500
2017-11-20,80.43560791015625,80.6529618311014,80.23928754938919,80.47066206067686,4634200
2017-11-21,80.75113677978516,81.23493014967518,80.57584994713858,80.7301032157603,4596000
2017-11-22,81.26998138427734,81.87997607623122,80.85630171968435,80.97549546991337,3951000
2017-11-24,81.69066619873047,81.92905369197707,81.55043354153048,81.71871273017047,1744200
2017-11-27,81.04560852050781,81.35411502404673,80.80020805147869,81.22790830435618,4490300
2017-11-28,81.64860534667969,81.90101881623282,81.15079137876367,81.27699811354024,4004700
2017-11-29,82.16043090820312,82.2095109993042,81.21388323735194,81.47330428345953,3661000
2017-11-30,83.42951965332031,83.54170579427512,82.19550419879518,82.21653776289179,7896600
2017-12-01,83.79412078857422,84.46020862730624,83.09998106476283,84.00446178270182,6831800
2017-12-04,84.72663116455078,85.75031085747051,83.69594919997343,84.00445035258348,7366400
2017-12-05,84.41112518310547,85.11928547207283,84.24285132460365,84.51629835066767,4380700
2017-12-06,83.86421966552734,84.75467428391303,83.80111363388572,84.13065368417396,4852500
2017-12-07,83.8782730102539,84.20781318922572,83.40850547183193,83.78712576154439,4908500
2017-12-08,84.08158111572266,84.3059480329024,83.50664055611642,84.10962764903628,4122200
2017-12-11,84.43214416503906,84.91593744267477,84.22180321557074,84.34099695520231,5929700
2017-12-12,83.91329193115234,84.65650620549873,83.82915234658684,84.00443913576878,4300200
2017-12-13,84.08860778808594,84.2568816660576,83.21217353921043,83.73803408853573,4399800
2017-12-14,83.80814361572266,84.3340041390533,83.78711005068222,84.00446402187332,3736900
2017-12-15,83.94837188720703,84.46721941181846,83.79411861924238,84.44618584788321,11226900
2017-12-18,83.92735290527344,85.0421802025609,83.87126517123606,84.08160620987064,4654100
2017-12-19,84.02548217773438,84.66352873004446,83.79410765539068,84.36203520465169,4599300
2017-12-20,84.76171875,85.04919178556659,83.89229736932265,84.33401835763509,6286700
2017-12-21,87.5172119140625,87.88881915324953,84.88790935453571,85.1122762923088,10109000
2017-12-22,87.62940216064453,88.09916962276988,87.34192916633111,87.53824957740856,4735100
2017-12-26,88.33053588867188,88.44271667080538,87.67846871020022,87.80467543343116,3348500
2017-12-27,88.02903747558594,88.48477889877759,87.73455157145753,88.31650506022484,3452300
2017-12-28,88.05009460449219,88.26744859368914,87.84676121004038,88.12722124891633,2191800
2017-12-29,87.77664184570312,88.33054891549871,87.77664184570312,87.89583561596383,3829000
2018-01-02,89.4523696899414,89.5645504711134,88.02202862202685,88.14122237368746,5626000
2018-01-03,90.10443878173828,90.40593769444807,88.97559651115554,89.36823730092345,5805500
2018-01-04,89.82398223876953,89.99226144454946,89.19996156132495,89.71179610158292,4598300
2018-01-05,89.67674255371094,89.81697522614499,89.11582256263375,89.72582265173048,4189200
2018-01-08,90.11845397949219,90.18857298301616,89.48742039307893,89.64868661212357,4826100
2018-01-09,89.6346664428711,90.40593273666182,89.59961228818105,90.04834077378679,4422300
2018-01-10,90.20960998535156,90.27971829289194,89.60662290748141,89.96420416231462,5292200
2018-01-11,92.95110321044922,93.47696368835764,90.27972299580102,90.3919091320996,11641300
2018-01-12,93.67329406738281,93.84858091204583,92.62858062167362,92.68467369580499,7232900
2018-01-16,92.5584487915039,93.86960148316956,92.27098653703143,93.72235584662542,6254200
2018-01-17,92.8038558959961,93.11236241592549,91.82225396772859,92.68466214032495,5632700
2018-01-18,92.26399230957031,92.90203907010788,91.87135144113527,92.79687122987036,5890000
2018-01-19,92.06065368652344,92.55145471573853,91.29640560541279,92.432260944262,6048900
2018-01-22,92.94409942626953,92.94409942626953,92.04663159283896,92.06065753673458,5248800
2018-01-23,91.86433410644531,92.94409638049314,91.660995371934,92.81789498554967,5747300
2018-01-24,92.12374114990234,93.02120881687782,91.89937958248773,92.1167335285845,6868200
2018-01-25,91.6048812866211,92.46028176280167,91.3875273571856,92.3831551395835,4597200
2018-01-26,91.98350524902344,92.37614597935162,91.40855939485897,91.64695757997893,6310500
2018-01-29,90.08340454101562,92.25696550917463,89.97122910096705,91.19121858877043,6350700
2018-01-30,87.80467987060547,89.75386318464373,87.77663333632248,89.4734085404727,8084000
2018-01-31,87.88882446289062,88.21836459281931,86.97733606345331,87.93790456632702,9626800
2018-02-01,88.04305267333984,88.08511979306891,86.98431891575368,88.06408623320438,7844500
2018-02-02,83.14205169677734,86.90720943628178,82.48297149462114,86.90720943628178,13182600
2018-02-05,78.96320343017578,82.94571993384073,75.7379218738496,82.02721341962523,15414700
2018-02-06,82.16043090820312,82.47594501537728,77.65906706952148,77.96756820673014,18416300
2018-02-07,80.83525848388672,83.62582124601309,80.79319136515296,82.31467945174583,11535700
2018-02-08,78.73884582519531,81.25596212511122,78.6757397850249,80.75113520106594,9927500
2018-02-09,79.5802230834961,80.3655100299906,76.7756337237253,79.46803694142702,10922400
2018-02-12,79.91678619384766,81.22792846058213,79.16655865989183,80.49172687081072,8358200
2018-02-13,79.4330062866211,79.65737328781516,78.43036507986893,79.46806045439223,7065900
2018-02-14,79.67137145996094,79.96585741247085,78.10781586498317,78.87907688016774,7031900
2018-02-15,79.68553924560547,80.03252000120158,78.488802754619,79.91922247803139,5405000
2018-02-16,79.40935516357422,79.9758588804883,78.75079688875803,79.55806117368371,5950400
2018-02-20,78.58792877197266,79.84839383820336,78.3046769205256,79.50849053595095,6810900
2018-02-21,77.22833251953125,79.35271361933935,77.22833251953125,78.70123804535086,6892300
2018-02-22,77.8160629272461,78.9136617595596,77.1150188241174,77.57530237968692,8176700
2018-02-23,79.72801971435547,79.83423984937141,78.0710050573963,78.21971108538645,6460200
2018-02-26,81.1513671875,81.19385848862068,79.91214472267427,80.14582796980376,7405800
2018-02-27,80.4503173828125,82.17814917377619,80.4503173828125,81.34255900958992,6059700
2018-02-28,79.25357818603516,81.7603485928205,79.2252524557088,81.44877096181128,7441000
2018-03-01,79.33855438232422,80.65567111179296,78.58085866398086,78.97740807841684,7516700
2018-03-02,79.05529022216797,79.43767941359256,77.77358220462644,78.95615288393711,6607300
2018-03-05,80.12459564208984,80.25205875718635,78.61628121301761,78.88537301298906,7814900
2018-03-06,80.47862243652344,81.80281626823232,80.03249903646797,80.6202456540328,7957900
2018-03-07,80.61316680908203,81.49124808877495,79.75633387537466,79.98293427600323,6660000
2018-03-08,80.26618194580078,81.2575606728702,79.73508677800424,81.15134055879501,6095100
2018-03-09,83.00666046142578,83.12704077316234,80.89643930251994,80.94600798397505,8833300
2018-03-12,82.7021484375,83.80682476802141,82.53927685930724,83.20491793158551,6877000
2018-03-13,82.46849822998047,83.68647795469465,82.14276034588424,83.0137592335845,6793100
2018-03-14,81.52666473388672,83.16951926194099,81.3354728089004,82.83670408900782,5051000
2018-03-15,81.8453140258789,82.29143205862306,81.25756736184941,81.68952523275496,4519700
2018-03-16,81.71788787841797,82.27730906893186,81.12305816344053,81.71788787841797,14909400
2018-03-19,80.64859771728516,81.59749087275364,80.17415384084153,81.48418793967869,4803500
2018-03-20,81.08055877685547,81.93030919689039,81.03807287662815,81.11596729543251,4587200
2018-03-21,82.87918853759766,83.63688424631961,81.29298549741516,81.42044857937682,6829600
2018-03-22,80.51403045654297,81.95861005419162,80.35824706880086,81.82406961011526,6297200
2018-03-23,80.00419616699219,81.9798658743401,79.8059160556154,80.98849233035929,6227200
2018-03-26,81.68246459960938,81.8524136006554,80.19539868464871,80.8964430412222,6868700
2018-03-27,81.19384765625,82.751724957442,80.71232106091385,81.96570352384063,5530800
2018-03-28,79.38105010986328,81.61873443157327,79.35272437638301,81.385051182297,6985300
2018-03-29,80.75479125976562,81.03096031491869,79.50848641947269,79.51556920110158,6627800
2018-04-02,79.48014831542969,81.00262197372984,78.27633494984086,80.64855858354741,6228600
2018-04-03,81.3142318725586,81.42045201243545,79.3739598317114,79.67845468464868,6717300
2018-04-04,81.06639099121094,81.28590865852728,79.61472830730249,80.05376904451609,5727200
2018-04-05,83.05622100830078,83.48109615095795,81.22216916892754,81.34963225198275,7204900
2018-04-06,81.26466369628906,82.85794959654197,80.29452766987265,82.41182608681946,7094500
2018-04-09,82.12857818603516,82.97124570742248,81.34963410375515,81.64705157270782,6933800
2018-04-10,84.16089630126953,84.85486316670237,83.27573751517586,83.27573751517586,7612800
2018-04-11,84.44416809082031,84.5362226813358,83.38197729722509,84.04761859003759,6246800
2018-04-12,84.43000030517578,85.44969970125511,84.01928527209513,84.76989830300847,6702000
2018-04-13,84.9186019897461,85.53467452222648,84.42291517228908,84.63535006437876,5508100
2018-04-16,85.47093963623047,86.1861495268756,84.81238121075313,85.4001280060613,4598000
2018-04-17,86.00910949707031,86.39149874638858,85.37179408153986,85.64088581397525,6488300
2018-04-18,87.68029022216797,88.43798594185016,86.67475111802536,86.71723701176698,9132500
2018-04-19,87.6023941040039,88.51587861966854,87.24833058952524,87.78650864425535,7159400
2018-04-20,86.61101531982422,87.42536248492823,86.00910842477535,87.3687110259028,7561200
2018-04-23,87.51036834716797,87.53161130061785,86.24990268503981,86.39152597642727,6113100
2018-04-24,86.77386474609375,88.54418186902879,86.21444388693678,88.0626553954873,7980500
2018-04-25,86.90135955810547,87.0288226536486,85.76835726582256,86.63226779941378,5331100
2018-04-26,87.96354675292969,88.02019821595613,86.60394405578036,86.86594761776112,6268400
2018-04-27,89.6630630493164,89.96755794457688,88.28929462847871,88.86995868425666,8836600
2018-04-30,88.59376525878906,90.5694401446989,88.55127936960176,89.9462849561917,7631600
2018-05-01,88.41674041748047,88.45922630998356,87.15627518247169,87.82899369247916,7093700
2018-05-02,88.86286926269531,89.55683620561241,87.8714902310628,87.9493846451427,5909100
2018-05-03,89.2310791015625,89.30897349880955,87.68736212374459,88.22553471962246,6727700
2018-05-04,88.89119720458984,89.8188420102209,88.31053317775051,88.66459674052038,5403100
2018-05-07,88.47338104248047,90.92349418820747,88.11931757476134,89.64178616388976,6999700
2018-05-08,89.62763977050781,89.75510285457018,87.54574453168252,88.46631185019753,8937000
2018-05-09,91.15011596679688,92.35392980696139,90.70399246164287,90.93767568790632,11442700
2018-05-10,91.22090911865234,91.90070486697863,90.91640894407145,91.83697604154028,5446000
2018-05-11,91.9432144165039,92.59469001182048,91.00849232067102,91.62455940213272,8092300
2018-05-14,92.33267974853516,92.82128911080446,91.91488740882916,92.23354240004288,6212400
2018-05-15,91.87238311767578,92.24768949074378,91.5253970648649,92.22644654926133,5201700
2018-05-16,91.74491882324219,91.85822171972463,90.85268282505058,91.55372153607294,5405100
2018-05-17,92.47352600097656,92.55209964359928,91.70207866414864,91.97350596644206,5241600
2018-05-18,91.33065032958984,92.25209507525628,91.28779395528672,92.0878086739666,6385800
2018-05-21,92.40925598144531,92.43783416810894,91.62353023835082,91.99495946990035,5081200
2018-05-22,91.59492492675781,93.1378195681396,91.50207309605993,92.20922496549048,5444200
2018-05-23,91.93065643310547,91.9949409911089,90.39491163965015,90.78062988705324,6017200
2018-05-24,90.43778228759766,91.00208155669998,89.894911207879,91.00208155669998,5906200
2018-05-25,87.2805404663086,89.11629591176796,86.58766683422445,88.95914864061193,8936600
2018-05-29,86.70912170410156,87.45199645828438,85.7590987103175,86.50197346450032,7385700
2018-05-30,89.40205383300781,89.7663439817823,87.38771667071508,87.60915402845008,7125300
2018-05-31,88.7877197265625,89.15915428062368,88.18770335499846,88.63057245187453,7460700
2018-06-01,88.46630096435547,89.68061762530736,88.1662954344712,89.6377557998298,5749900
2018-06-04,87.33056640625,89.5806188570019,87.26627639067267,88.9520295922099,5760500
2018-06-05,87.666259765625,88.36627245746682,86.82338344811846,87.15196161261218,5672600
2018-06-06,88.13058471679688,88.3520220574586,87.18770623146258,87.9448701081027,6213400
2018-06-07,90.68775939941406,91.41635031556369,88.86629300842091,88.95915028414214,8607200
2018-06-08,90.31633758544922,90.9877776924641,89.7734665938636,90.80206311482766,5108800
2018-06-11,91.1163558959961,91.56636961673321,89.90204474890635,90.5520566959723,6085100
2018-06-12,90.77347564697266,91.70207018316576,90.23774928755901,91.17348291810059,4543000
2018-06-13,90.76634979248047,91.30207626220465,90.06633147417664,90.58062975706248,6317900
2018-06-14,90.36634063720703,91.40207627814604,90.27347789650386,90.9877798418939,5056800
2018-06-15,88.60199737548828,90.80204826340669,88.45913374333689,90.78775917534638,13223800
2018-06-18,89.9805908203125,90.70203710170587,88.64484460817859,88.8234200427034,7696800
2018-06-19,89.67346954345703,89.92347414183578,88.48772566301565,88.8020202722298,5947800
2018-06-20,89.49488830566406,90.3306202450244,88.7877309300277,90.08776020781863,7980700
2018-06-21,87.56627655029297,88.9948805011233,87.25913193256838,88.9305959391879,7290800
2018-06-22,89.35916137695312,90.40918598052897,89.15915772859405,89.58059865879984,8535200
2018-06-25,87.58056640625,89.03059855705162,87.09484084073941,88.88059579486783,5801900
2018-06-26,88.6877212524414,89.00915490847417,87.551978465057,87.88055666557891,4592800
2018-06-27,90.00205993652344,91.01636755804066,89.33061425341293,89.39490427292185,6339500
2018-06-28,89.7591781616211,90.61633825020664,89.2877362981154,90.3877618632711,3814800
2018-06-29,90.30918884277344,91.23778348656047,89.81631879110438,89.81631879110438,5669700
2018-07-02,88.75200653076172,89.49488112268833,88.2591365010963,89.48773657814066,5073500
2018-07-03,89.09488677978516,90.49491798173948,88.96631220768265,89.61632416409037,3919600
2018-07-05,88.55914306640625,90.18060581870853,88.4448521580321,90.08060399872639,5926900
2018-07-06,88.67345428466797,88.9448870963719,87.9948695305621,88.23058506060065,4020000
2018-07-09,89.99488830566406,90.20203649555167,89.0662991730572,89.28773100204127,4602200
2018-07-10,91.13777923583984,91.7949356934407,90.53776823968893,90.95206466066426,5092100
2018-07-11,88.23056030273438,90.4877567182449,87.83769756311435,90.1663230722203,6631800
2018-07-12,88.75916290283203,89.25202754848297,88.28057644879762,88.88773747336955,3745200
2018-07-13,88.60199737548828,89.20200828145312,88.30913101684568,88.71628283151905,3352800
2018-07-16,87.84485626220703,88.4877236578443,87.0591197569768,87.86628444876942,4317800
2018-07-17,87.08052825927734,87.83054182094239,87.00195463143294,87.40196186432095,4135200
2018-07-18,86.80912780761719,86.90912965926742,85.48052555033024,86.60197955785824,6061300
2018-07-19,86.90910339355469,87.24482612964339,86.43766701392309,86.5019515635449,4471400
2018-07-20,87.33770751953125,87.39485299032143,86.43769087820019,86.60912184087867,5394700
2018-07-23,86.66625213623047,87.90913593497905,86.54482211933303,87.39483768730624,5359400
2018-07-24,88.46630096435547,88.68773828852962,87.04484152064424,87.05198606650579,4423500
2018-07-25,89.21630859375,89.45202952918793,88.05199300641841,88.30200303171435,4278800
2018-07-26,88.53772735595703,89.55917939513262,88.43058641978149,89.07345383560104,5544100
2018-07-27,89.9805908203125,90.7448934620911,87.20195749508161,87.7091110751693,7580900
2018-07-30,91.3092041015625,91.72350047027449,90.15917772099088,90.54490136258234,5729300
2018-07-31,90.19488525390625,91.82349792419402,90.09488343858466,91.43062975708048,5894400
2018-08-01,89.56631469726562,89.94489383185959,89.10916191779093,89.50916923740854,4661000
2018-08-02,88.40200805664062,89.15202181055943,88.07342982401553,88.88773358523666,4639600
2018-08-03,88.6091537475586,88.75201194908915,88.09485550254288,88.68058284832388,5299400
2018-08-06,88.7877197265625,89.24487246218726,88.24484880937418,88.87343245843559,4455900
2018-08-07,89.41630554199219,89.78774010505244,89.10915552939423,89.6734546432226,4542000
2018-08-08,88.48772430419922,89.13774169969383,88.08771695293574,88.94487711984077,5957200
2018-08-09,87.52342224121094,88.83774074083222,87.3305631011617,88.54487430814842,5218300
2018-08-10,88.10198974609375,88.23056430026713,86.7876769253799,87.26625786881218,6128000
2018-08-13,87.4591064453125,88.34483907351363,87.3305319146309,88.08054546886541,4360000
2018-08-14,87.55913543701172,88.32343831510924,87.14483899289006,87.80199548720557,3622200
2018-08-15,84.2447738647461,86.9519789136387,83.88047834373643,86.93054527736287,9476700
2018-08-16,84.85052490234375,85.31926807405402,84.5043704273901,84.87936606514606,5455200
2018-08-17,84.95149993896484,85.51399624231993,84.43947843007531,85.20390142099089,6112900
2018-08-20,84.91542053222656,85.32647585103115,84.61253882404179,85.09570804928012,5403600
2018-08-21,85.05245971679688,85.76639690252658,84.94428608212519,85.36976207604363,4875800
2018-08-22,85.75918579101562,86.14860758343978,85.39861066861619,85.48515067869036,3636900
2018-08-23,85.16783142089844,85.68706040802769,84.87937026116674,85.37696562415545,3962500
2018-08-24,85.82408142089844,86.2062901224434,85.61494721587705,85.7447544637545,4415400
2018-08-27,86.7904052734375,86.88415829886233,85.93944801537813,86.07646828211405,3901900
2018-08-28,86.43707275390625,87.50437208416936,86.35774578317778,86.97072241903781,4685700
2018-08-29,86.69666290283203,87.13656488876767,86.45146901630702,86.53800900601087,4101700
2018-08-30,86.4009780883789,86.84809306053279,86.21348305335692,86.5956916657434,3353000
2018-08-31,85.42742919921875,86.10531196665877,85.16060171583668,86.10531196665877,5287000
2018-09-04,85.72313690185547,86.27120716053163,85.34813567019276,85.76640415860884,4590900
2018-09-05,85.75918579101562,85.77361187699785,84.56207924565817,85.13899614033342,4619400
2018-09-06,83.09814453125,85.46351643686432,83.03323814867636,85.01640130760711,8191100
2018-09-07,82.6438217163086,83.18468443107756,81.77123053004749,82.5861283729343,6637800
2018-09-10,82.55728149414062,83.45150624684416,82.48516206893997,83.24237201802953,5870900
2018-09-11,82.94668579101562,83.46591476654882,82.03804058577143,82.45630348100528,5605300
2018-09-12,83.50199127197266,84.72794454265325,83.48035764396323,83.95631396599053,5067800
2018-09-13,83.8697738647461,84.02842229355596,82.98996970472773,83.66063963802537,6297700
2018-09-14,84.64860534667969,84.81447230736337,83.90582154861887,83.96351488293834,4947800
2018-09-17,84.74235534667969,85.5860996985246,84.57648839195357,84.81446926101927,5560200
2018-09-18,85.18948364257812,85.74477245912492,85.0813154982614,85.45631123641985,4966300
2018-09-19,86.18466186523438,86.56687059058122,85.18226352828869,85.33370440992012,4855300
2018-09-20,86.1197509765625,87.48993738397053,85.89619618709024,86.67503968207237,5846700
2018-09-21,87.3529052734375,87.446658303,86.11253178495994,86.47310681696744,13703600
2018-09-24,88.42742919921875,88.687043681118,87.67021937668947,87.91541327712267,6534100
2018-09-25,88.96829223632812,89.59568931914339,88.65819746482056,89.06203977117877,5396400
2018-09-26,87.94426727294922,89.00435897840408,87.79282638673274,88.69426416321619,4231400
2018-09-27,88.31925964355469,88.7014683422803,87.77118398967735,88.09570485794666,4533400
2018-09-28,88.18223571777344,88.85290554887665,87.80724007654763,87.97310152291988,5202900
2018-10-01,89.70387268066406,90.05723473710795,88.7808013076208,88.7808013076208,5348200
2018-10-02,89.95628356933594,90.69185992933907,89.65340177495345,90.19426448003931,5445400
2018-10-03,90.36734008789062,90.74954885708713,89.98513131869412,90.23753281703709,4479500
2018-10-04,90.10771942138672,90.56925513039668,89.55964920564966,89.99233824510405,4824300
2018-10-05,90.38175964355469,90.79281505456431,89.95627814685932,90.09329845117573,4318000
2018-10-08,90.02836608886719,90.47548108312202,89.30000852817753,89.45866241329821,6267700
2018-10-09,91.4562759399414,91.90339108275307,90.19426298236347,90.51157085803239,6797900
2018-10-10,88.41302490234375,92.01877637064439,88.31206430138654,91.75195428323181,6504400
2018-10-11,85.40583038330078,88.2904315878342,84.76400705544731,88.2904315878342,8589900
2018-10-12,84.92986297607422,86.30726260187525,83.78323671337014,86.1990889634085,7450700
2018-10-15,84.331298828125,85.71590577146682,84.30966520431325,84.87936897115264,6047300
2018-10-16,84.74235534667969,84.86494955125087,83.89860549289578,84.43946810335109,4846100
2018-10-17,84.5837173461914,84.87217855975516,83.667853405772,84.52602400309065,6978700
2018-10-18,84.71349334716797,85.19666253792099,83.68946164385733,84.6774336455556,7391600
2018-10-19,85.1966781616211,86.00436830918886,84.64139496775132,84.64139496775132,7944400
2018-10-22,84.5260009765625,85.44907220695191,83.99956449451471,85.16782411337822,5644900
2018-10-23,81.77843475341797,83.45150301724718,80.80488307222217,83.45150301724718,8095300
2018-10-24,79.47796630859375,82.34093360634571,79.37700571639581,82.00920516027541,8035200
2018-10-25,80.4659423828125,81.77843555521987,79.63661853442586,80.30728845505894,5734000
2018-10-26,80.42988586425781,81.1077688545019,79.0813384286953,79.78084954401771,8035500
2018-10-29,78.55487823486328,80.81928904015415,77.55248006636553,80.79765541811928,8598300
2018-10-30,79.93949890136719,80.1558461630408,77.99239555406233,79.05248723277208,7523800
2018-10-31,80.51642608642578,81.12940269529115,80.08373703910551,80.55969334057589,7429800
2018-11-01,80.17024993896484,80.76159276136939,79.39861960360844,80.60293886966164,10572000
2018-11-02,82.737548828125,84.45388399071412,81.57649679104054,82.82408331410902,9890400
2018-11-05,85.77359008789062,86.30002655177663,84.08609608272755,84.1005221650451,8758700
2018-11-06,85.74475860595703,86.12696732596594,84.98754870643575,85.64379801961277,5273200
2018-11-07,87.16541290283203,87.34570042438853,85.83128084176315,86.53801034711756,4848800
2018-11-08,86.07648468017578,87.8865731463425,85.78802351195947,87.00676905915536,9532400
2018-11-09,86.18466186523438,86.8048514768332,84.64140087877385,85.25437744783612,6565700
2018-11-12,84.65580749511719,87.52598723586435,84.49715359712444,87.18704581777774,10550800
2018-11-13,83.1846694946289,85.00917851120113,82.96111470661954,84.5909156016899,6846200
2018-11-14,83.45149230957031,84.94427282971544,82.88899609936182,84.2880235831797,6783500
2018-11-15,85.16275024414062,85.25741953575573,82.08247594676189,82.76698381538365,7218100
2018-11-16,86.69925689697266,86.85217781874458,85.39578173820033,85.56326973197538,6706900
2018-11-19,86.96142578125,87.00512145016427,85.85456698632044,86.0293329948438,5328300
2018-11-20,84.54378509521484,87.01965935968678,83.77189700759202,86.83032632765695,7983500
2018-11-21,85.61425018310547,86.79393310224472,84.96615432016462,84.96615432016462,5624400
2018-11-23,82.7232894897461,83.90297221844101,81.6382760541888,83.52430615730994,5577800
2018-11-26,83.72821807861328,84.06318853031111,83.02914302948425,83.45149925125082,6953000
2018-11-27,83.89569091796875,84.22338335141282,83.17477645352751,83.4150831269112,6339200
2018-11-28,86.02931213378906,86.13125941034933,83.30585314221804,83.72820931980192,6841700
2018-11-29,86.54634094238281,87.18715881025544,85.7380406268329,85.89096155738146,6656900
2018-11-30,86.61186981201172,86.80848082276454,85.70890031364624,85.96377405207616,6712500
2018-12-03,87.87165832519531,89.1532884628699,87.42745706535997,87.94447701985301,8237600
2018-12-04,85.37393951416016,88.17750095094178,85.25014717658335,87.82068545498674,8288100
2018-12-06,84.40542602539062,84.57290844065777,82.30821239922577,83.99034786545434,10715700
2018-12-07,84.09957885742188,87.16529152989007,83.88112280800999,85.62879342614269,9114400
2018-12-10,83.69908142089844,84.44184094990209,81.31787080637005,83.9612331501256,7674300
2018-12-11,84.08504486083984,84.92247388025017,82.97818051436549,84.6603220905963,5929400
2018-12-12,84.19426727294922,85.72348218907811,84.15785514525375,85.27928089860444,7891400
2018-12-13,84.42729187011719,84.7040051558563,83.24032537802594,83.85201468822655,7030500
2018-12-14,82.89077758789062,84.33260648041761,82.51211152622012,83.75005142850023,6195400
2018-12-17,81.8858871459961,83.72094976104573,81.45625286540736,82.60680737976419,7132400
2018-12-18,79.91244506835938,82.46113800788783,79.3371679953235,82.01693679397037,9658600
2018-12-19,78.52159881591797,81.55089988250268,77.99001178305097,80.0362521270655,10472400
2018-12-20,76.44624328613281,78.6963728750651,75.87096608806172,77.77884166181275,11612800
2018-12-21,75.88553619384766,77.87351978824323,74.93888183685434,75.45590190878309,19912800
2018-12-24,73.54071807861328,75.84182653844366,73.48246645808995,75.22285931916603,5619500
2018-12-26,78.20118713378906,78.20118713378906,72.98000851617688,74.1669693222721,10779400
2018-12-27,79.60662078857422,79.61390432560492,76.37341925509392,76.80305904853098,10655100
2018-12-28,79.11872863769531,80.36394678435934,78.7327845142844,79.84692677415691,6445400
2018-12-31,79.2206802368164,80.27656536977312,78.54345571088153,79.48283202464353,6309600
2019-01-02,80.60424041748047,81.32515489994525,77.99000664300802,78.16477261178828,6384800
2019-01-03,79.06045532226562,81.04115473822186,78.69635632832396,80.87366675649642,6496200
2019-01-04,80.69890594482422,80.82269827729388,79.71583970958905,80.30567833958813,7952500
2019-01-07,81.7475357055664,82.23542719136965,80.04354894067507,80.87369448705158,5712700
2019-01-08,81.39070129394531,82.86166460512261,81.31788259320729,82.57766778324684,5674900
2019-01-09,82.48297882080078,83.01456576538955,81.8858567278746,82.06062823485989,7097000
2019-01-10,82.61408233642578,82.74515823270066,81.34701904290942,81.9295798165114,6078300
2019-01-11,81.951416015625,82.32279860754849,81.31788165948619,82.2863864797422,4491700
2019-01-14,81.35429382324219,81.80577309625977,80.88824747681137,81.07757498549779,6121700
2019-01-15,81.64556884765625,82.33735478542582,81.20136758463863,81.54362156326306,4226100
2019-01-16,81.12126922607422,81.79121014284495,80.99019334620947,81.14311428009992,5624100
2019-01-17,81.52904510498047,81.76935177154702,80.22557005520062,80.64792621661279,4442700
2019-01-18,83.28401184082031,83.48790640312129,82.33006863046909,83.007293029946,9382000
2019-01-22,81.80579376220703,82.61409431380422,81.52179687172283,82.3737930988875,7242000
2019-01-23,81.11398315429688,82.04607580166478,80.40763013241983,81.83489769316574,6082300
2019-01-24,82.65776824951172,82.88350788367543,80.76445429234116,80.85183450907002,8470700
2019-01-25,82.44660949707031,83.58259702703903,82.27912144948449,83.05829338068057,6261800
2019-01-28,81.68197631835938,81.9732566580001,80.8809595511302,81.49264881994674,6886600
2019-01-29,81.43438720703125,82.54124577054854,81.39069154725249,82.30822262266543,5359900
2019-01-30,82.29367065429688,82.75971700413403,81.54362748364366,81.94413311406365,7941700
2019-01-31,83.48789978027344,84.04133180240979,82.56308523157232,82.86893260647197,11225600
2019-02-01,86.19682312011719,86.83763553744433,84.90790919213663,84.94432132449977,10934300
2019-02-04,87.1944351196289,87.20171865590889,84.69671552379074,85.56327300266634,7987900
2019-02-05,87.00511169433594,87.28182497311283,86.42983452691949,87.10705898418587,6887400
2019-02-06,86.56819915771484,87.08521920790379,86.4298452789702,86.6555849409046,4990400
2019-02-07,86.09485626220703,86.29875082342413,84.84235475106188,85.93465180533356,7281900
2019-02-08,85.62152099609375,85.84726059516274,84.4127096659739,85.73802978552266,5671000
2019-02-11,85.16275024414062,85.46131407814273,84.7549611593666,85.14818872927424,4859600
2019-02-12,86.45169830322266,86.56092915334874,85.64339779028624,86.16770142632195,5400700
2019-02-13,87.0706558227539,87.6677781058101,86.4371214085544,86.7720974590814,5935900
2019-02-14,86.90882110595703,87.916477308272,86.54106205715705,87.06327923306608,5406500
2019-02-15,87.78408813476562,88.1592039541888,87.22509278191748,87.98268117333707,6209800
2019-02-19,87.75468444824219,88.15922174805124,87.12949503072207,87.45312487056931,4277800
2019-02-20,88.4681167602539,88.79174652211108,87.52665448382338,87.75466330064576,5940600
2019-02-21,87.6296157836914,88.49752726511598,87.07797727291029,88.31364776152228,5139400
2019-02-22,87.81352233886719,88.60052663222825,87.41634181536364,88.46813312439373,4517600
2019-02-25,87.98267364501953,88.57108473469667,87.79879412732839,87.82821552354588,5196600
2019-02-26,88.21804809570312,88.97563088710683,88.02681180679134,88.12242714546818,5445600
2019-02-27,88.32100677490234,89.21098292170231,88.18125655289369,88.47546488849005,5289800
2019-02-28,87.95326232910156,88.37986420581156,87.1515446220736,88.26217860745369,6406500
2019-03-01,89.75528717041016,89.7626439238205,88.38722283713766,88.54903774281314,7743600
2019-03-04,89.82147216796875,90.35104048493844,88.66670897831331,90.22600375502438,7499500
2019-03-05,90.68203735351562,90.72616664874734,89.43165307688622,89.63760288160377,7345200
2019-03-06,90.85855865478516,91.71911356702988,89.95387444803299,90.59377166462396,7599900
2019-03-07,89.68909454345703,90.83650118376367,89.51256612836467,90.77765837873288,7201100
2019-03-08,89.45374298095703,89.68175187180496,87.67378432441768,88.33575195605962,7014100
2019-03-11,90.92475128173828,91.35134752311605,90.28484850233484,90.37311269618431,6088600
2019-03-12,91.13069152832031,91.9103388999372,90.7482189830141,91.08655662751875,6184300
2019-03-13,91.69705200195312,91.88828830384378,91.13070546102426,91.64556595277777,4707000
2019-03-14,91.64556121826172,92.27810728205709,91.55730263083979,91.76324681690188,5146400
2019-03-15,92.16780853271484,92.24871600530996,91.46171154497942,91.63823438902327,10449700
2019-03-18,92.58702850341797,92.77090805244,92.06481125758238,92.09423265881293,5586900
2019-03-19,92.14573669433594,93.35198632244808,91.74855611753419,93.08719927124692,5096800
2019-03-20,91.71177673339844,92.92537741415032,91.70441997931339,91.9692070107834,6708500
2019-03-21,92.57231140136719,92.64586209134897,91.57936305771821,91.84415003089899,5050400
2019-03-22,90.5349349975586,91.86622679149066,90.24808334071083,91.82944863587072,5786800
2019-03-25,90.3878402709961,90.72617800375403,89.96123832516946,90.41726167535231,3837500
2019-03-26,91.29984283447266,91.87355155999545,90.74820436157349,91.03505591855651,4079800
2019-03-27,90.31429290771484,91.55732063285444,89.74794067312963,91.18956148213236,3727800
2019-03-28,90.48344421386719,90.58642192190501,89.99800513211534,90.17452792442889,4057700
2019-03-29,90.60113525390625,91.54995443831767,90.09362588254325,91.41020417975483,5318600
2019-04-01,91.8956298828125,92.13834658224155,90.79970391316658,91.10862576876663,5506300
2019-04-02,91.8882827758789,92.26339860390878,91.2851581168692,92.08687020744875,4362700
2019-04-03,91.12335968017578,92.19721570053706,90.86592940330137,92.10160034385775,3595400
2019-04-04,91.79267120361328,91.81473585118678,90.87327347766187,91.21161116742498,3715400
2019-04-05,92.98421478271484,93.14602969376223,92.0868816298585,92.12365978657249,5551400
2019-04-08,93.17545318603516,93.66089231850316,92.84447221442329,93.24164713573394,5483100
2019-04-09,92.33695220947266,92.88859083980613,92.02803592325992,92.88859083980613,4143400
2019-04-10,92.30018615722656,93.09454723582591,92.0353991310268,92.7782741551739,3970000
2019-04-11,92.66792297363281,92.86651600123184,91.75588210947221,92.18983509083104,3248300
2019-04-12,88.08566284179688,89.73322206920821,87.52666742816211,89.42430576623583,42693700
2019-04-15,88.36514282226562,89.01239672085504,87.76937496547812,88.27687863136619,13369100
2019-04-16,89.12273406982422,89.23306291609798,88.30630846357988,88.5784522028474,11942900
2019-04-17,88.46076965332031,90.13039907597813,88.2989603663066,89.88031997503253,11898100
2019-04-18,88.15921783447266,88.86531468060942,87.60022239361312,88.64465696113464,9546500
2019-04-22,89.65967559814453,89.74058305438952,88.59317077107828,88.83589313981325,7946200
2019-04-23,89.74793243408203,89.93916874613822,89.25513656412836,89.53463708441637,9079200
2019-04-24,86.99708557128906,89.31396885776864,86.85733532759303,89.2551260592063,22115000
2019-04-25,86.71759796142578,87.30600916167715,86.34983885693421,86.82792681508498,10636400
2019-04-26,86.12919616699219,87.15892296142216,85.06269682263658,87.08537225001136,11626700
2019-04-29,86.58521270751953,86.87206438742399,85.83498092041624,86.06299540278171,9404000
2019-04-30,88.30631256103516,89.6743768505689,88.00475301955647,89.07125215605306,21431500
2019-05-01,86.65140533447266,88.36516424523376,86.61463278801781,88.11509072772822,10097000
2019-05-02,85.599609375,87.14420214341729,85.52605867449412,86.26157690267044,9495600
2019-05-03,86.25423431396484,87.19570251434935,86.13655429614157,86.56315628531522,7364900
2019-05-06,87.0853500366211,88.14449235620586,86.40131793301765,86.42338257965677,11035000
2019-05-07,86.98971557617188,86.98971557617188,85.68785112262154,86.27626779555429,9165200
2019-05-08,86.42338562011719,87.14419590118341,86.34983492487981,87.06328845295481,6229000
2019-05-09,89.13744354248047,89.9685770052296,88.15920308750275,89.08595749808997,16496300
2019-05-10,89.72586822509766,89.93181243375676,88.13715175004256,89.12274349478507,8787900
2019-05-13,88.58582305908203,89.92446609848015,88.2695499755757,89.66703582389573,7701200
2019-05-14,89.46842193603516,89.91708842947494,88.63728849668425,88.7549684755962,6858500
2019-05-15,89.836181640625,90.09361185719784,88.90207610861559,89.14479282049406,6945000
2019-05-16,89.72479248046875,90.28185864487537,89.52424548789112,89.86591205538144,8543300
2019-05-17,89.51679992675781,89.9550281757336,89.04143734036413,89.17513342196042,6870900
2019-05-20,89.75447082519531,90.02929209075113,89.53164782618671,89.65791475896842,4569700
2019-05-21,90.12586975097656,90.57152718930924,89.79906147410759,89.89561756346914,4859400
2019-05-22,89.55393981933594,90.20013849070749,89.38310373376564,89.79905024641849,5763300
2019-05-23,87.54850006103516,88.29125477403252,86.79831621421258,88.24668563784994,11000200
2019-05-24,88.17242431640625,88.3358312840717,87.18455904226111,87.86789778584118,4890800
2019-05-28,87.87532043457031,88.62550438514387,87.77133521371096,88.29869045286043,8145100
2019-05-29,86.73147583007812,87.16970411045277,86.02586103412183,86.93202280022616,7451300
2019-05-30,85.69904327392578,86.70919021389402,85.30538415273227,86.560641526686,5807900
2019-05-31,84.56261444091797,85.5653320693146,84.46605837797115,84.8374356971379,6899800
2019-06-03,86.15213012695312,86.23383361062922,85.02314529207287,85.19397572756318,6100800
2019-06-04,87.12511444091797,87.4073591410879,86.37493072893781,86.60518283521412,5235600
2019-06-05,87.38509368896484,87.66733844171289,86.36008855159328,87.5485006335759,5105700
2019-06-06,89.63565826416016,89.99218309643516,87.72677846799083,87.80105282190688,7370100
2019-06-07,90.2298583984375,90.70522103185291,89.52423791647085,89.68021574930064,5343100
2019-06-10,90.83147430419922,91.1805699251137,90.40067521171886,90.76462343347771,5708800
2019-06-11,89.99958038330078,91.73020009326285,89.98472778354633,91.63364402793812,5625100
2019-06-12,89.27168273925781,89.56135659793148,88.80374368542478,89.412802268632,4000100
2019-06-13,89.8064956665039,90.53439227880058,89.47225256893212,90.05160047126581,3993300
2019-06-14,89.73220825195312,89.99217697312528,89.40539998360542,89.87333348153005,3366800
2019-06-17,90.16300201416016,90.49723939742672,89.41281810196699,89.66535767311198,4219100
2019-06-18,91.30683898925781,92.00503024732272,90.51209165653731,90.57893686204453,4884300
2019-06-19,91.27713775634766,91.71536603908956,90.77949339580522,90.99489296979436,3847100
2019-06-20,92.3095703125,92.6215259842749,91.80449679624887,92.3318520509454,7771700
2019-06-21,92.7923583984375,93.73565451130358,92.27243229949863,92.69580231342584,14287900
2019-06-24,92.77750396728516,93.12659396011061,92.41355003843094,92.5026826536794,5542600
2019-06-25,91.8342056274414,92.92605612114129,91.72279127092251,92.72550914605337,4713300
2019-06-26,92.04960632324219,92.7552211451468,92.01246631502842,92.52496896117638,5054800
2019-06-27,91.44053649902344,92.25013644561226,91.27712954953276,92.04216602508555,3551700
2019-06-28,92.42841339111328,92.45812426449682,91.44797723653507,91.66337681848849,7048300
2019-07-01,92.72549438476562,93.4682490876238,92.36897530078416,93.11173000364232,5526900
2019-07-02,91.30683898925781,92.63637063311154,90.9057507559079,92.51010368930754,5747700
2019-07-03,91.6187973022461,91.6336555706405,90.86118995043346,91.30684166719202,2725800
2019-07-05,91.7599105834961,91.90845924750512,91.0914302619189,91.46280758870977,3458900
2019-07-08,91.80449676513672,92.16844504875075,91.67080066773997,91.8490659087821,3505200
2019-07-09,91.6187973022461,92.20557423490632,91.4108268788767,92.0273146815567,3955600
2019-07-10,93.1711654663086,93.30486155919054,92.1833002059458,92.1833002059458,4743500
2019-07-11,93.16374206542969,93.34943077992932,92.54725417326613,93.34943077992932,3548000
2019-07-12,93.5722427368164,93.77278401916226,92.94089668723271,93.12658536845878,3974400
2019-07-15,93.37913513183594,93.88420862666695,93.04489206902117,93.63166904586672,3739200
2019-07-16,92.66606140136719,93.42366856662173,92.2946841177239,93.21569819446431,4697600
2019-07-17,92.20557403564453,93.05231399568665,92.1461522957334,92.59180967829789,3874200
2019-07-18,92.60667419433594,92.8814955267057,91.62623802673886,92.19073329498255,5770700
2019-07-19,92.87406158447266,93.14888290261787,92.54724765659937,92.60666940107987,4880900
2019-07-22,93.07463073730469,93.40144476296334,92.45071923388852,93.11919989238524,3275800
2019-07-23,93.45340728759766,93.75051033643163,92.68094162733706,93.02260815012687,4295300
2019-07-24,93.98818969726562,94.28529273995171,93.33456753677163,93.49054535915874,4796900
2019-07-25,93.31230163574219,94.32987794972543,93.08947855245869,94.32987794972543,4586800
2019-07-26,91.89363098144531,93.0300449956673,91.58167530435884,93.02261586046912,6971700
2019-07-29,92.27240753173828,92.5769339745845,91.64106158093195,91.71534157521594,4377500
2019-07-30,92.35411834716797,92.65865049972106,91.64107450229258,92.17585880264132,3871700
2019-07-31,91.44053649902344,92.61409034830294,90.97260305283835,91.88618820969052,7199500
2019-08-01,89.68020629882812,91.91589966733083,89.36082153189916,90.61607886395444,7928400
2019-08-02,89.67279815673828,91.01718266119416,87.51880789538178,90.45268737198757,9026200
2019-08-05,88.19471740722656,89.53910766267686,87.23656288266166,88.52896052050473,8620300
2019-08-06,88.67003631591797,88.78145063199382,87.38507411524344,88.17982125865878,6788000
2019-08-07,88.46208953857422,88.9820212633237,86.86516569367848,87.31082307682632,6853700
2019-08-08,91.52969360351562,91.603967964043,88.69979343322767,88.75178605227387,8868100
2019-08-09,90.92803192138672,92.01988227198147,90.5343728244825,91.44053449413988,5051700
2019-08-12,90.2818374633789,91.46281473479604,89.8064749012875,91.36625866232298,3936500
2019-08-13,90.90574645996094,91.13599860151879,89.35339187100749,89.88074702324008,5806400
2019-08-14,87.45195007324219,89.56880015638924,87.40738659783999,89.14543013975982,7175600
2019-08-15,86.86517333984375,87.52622467179361,85.75847025228731,87.08057291618701,6272600
2019-08-16,86.9026870727539,87.53301781662532,86.56501377337405,87.34542026696475,6239100
2019-08-19,88.02828979492188,88.4109904749871,87.76565431841593,87.89321930342967,6443700
2019-08-20,87.14282989501953,87.93824756460863,86.79015123706884,87.89322025027681,5150900
2019-08-21,88.45601654052734,88.71115224849113,88.04330526370917,88.38848415387547,4578400
2019-08-22,88.34344482421875,89.10133483902584,88.1333307495452,89.04130797128512,4362100
2019-08-23,86.429931640625,88.59105305995631,85.80710648582746,87.40544105717586,7653400
2019-08-26,86.85017395019531,87.21036382245909,86.43746270960686,86.98524443666626,3966400
2019-08-27,86.91769409179688,87.81815999881235,86.32488517508635,87.24786187102382,4237100
2019-08-28,87.66808319091797,87.94572388427972,86.95520910858725,87.35292069979367,4153500
2019-08-29,88.18585205078125,88.4259766810582,87.48048916966805,87.93822764066827,4467300
2019-08-30,88.3359375,89.28143077898194,87.96824789568264,88.53104055995377,4881100
2019-09-03,87.24788665771484,87.29291397337349,85.95722001766005,86.8726914690302,5672500
2019-09-04,87.98323822021484,88.95124212516271,87.92320563889513,88.15583046025354,4595600
2019-09-05,88.2759017944336,89.34895999879137,87.99075558227005,88.553548226688,5394300
2019-09-06,88.74113464355469,88.8762050902733,88.08829319691102,88.1708365657403,4578200
2019-09-09,89.58907318115234,89.76916520134237,88.98125903487217,89.10131847332482,5048000
2019-09-10,91.43505859375,92.5156224776559,89.97930527795874,90.21942994937963,8728800
2019-09-11,91.0073013305664,92.28296780828356,90.32444938471829,91.70516428292899,5509500
2019-09-12,91.11237335205078,91.68267148603887,89.7166471734884,90.07683697522369,5818300
2019-09-13,91.17241668701172,91.78773647186551,90.97731361619759,91.73520938261056,4885400
2019-09-16,93.13842010498047,94.00136412914078,92.2754703557981,93.69370716901055,10683900
2019-09-17,92.9658432006836,93.51363057618609,91.96782284156183,93.13843546899952,7246500
2019-09-18,93.1834487915039,93.2059595799364,92.31299347196385,92.71070505935387,4801500
2019-09-19,92.79325866699219,93.77626803710241,92.61316088962575,93.62618655596371,4034500
2019-09-20,93.28850555419922,93.66370063859112,92.80075079948523,93.04838092918932,10420700
2019-09-23,93.72374725341797,93.79878513652248,92.71072151894822,92.71072151894822,4705500
2019-09-24,92.85328674316406,93.58867169775894,92.46308633717017,93.55114989573003,6232100
2019-09-25,92.68070220947266,93.1609515157663,92.23046920045029,92.65819141777503,3762500
2019-09-26,90.1668930053711,92.67319363169074,90.08434962186733,92.49310157905668,7834400
2019-09-27,88.99627685546875,90.23442183437535,88.88371718010944,89.67913468763177,6850700
2019-09-30,88.99627685546875,89.61159659240703,88.853706610035,88.95125527533419,6108300
2019-10-01,87.05276489257812,89.64160867919196,86.95521050683581,89.49903271542868,7116600
2019-10-02,84.26132202148438,86.37742230155138,83.75856192702346,86.33990049896994,9702400
2019-10-03,84.90665435791016,84.93667065364926,82.85808654264521,84.08872604283307,5315300
2019-10-04,85.43192291259766,85.54448258732239,84.45641909003666,85.24432536306406,4757300
2019-10-07,84.98920440673828,86.10728431686574,84.9666936144239,85.51447531081871,4694000
2019-10-08,83.82609558105469,84.60650214146882,83.7510576997698,84.12625283121756,5323900
2019-10-09,84.89913177490234,85.92716822833623,84.26880686624288,84.48641494778826,4601700
2019-10-10,85.9872055053711,86.1372869720687,85.01920723902876,85.1917937694528,3555500
2019-10-11,87.1578140258789,87.81815527382626,86.56500514106399,86.81263525592762,5134200
2019-10-14,87.18033599853516,87.33791725775035,86.6325486188626,86.73010301148845,2571300
2019-10-15,87.27787780761719,88.260892811697,86.89518294746331,86.93269902050565,3742700
2019-10-16,86.3774185180664,87.54052564686548,86.35490772751287,87.21785762387769,3608900
2019-10-17,86.5575180053711,87.0902944193372,86.23484995465657,86.75262108197194,3722400
2019-10-18,86.09976959228516,86.73010033471489,86.09976959228516,86.39992681606013,5679900
2019-10-21,87.50300598144531,87.6080601566077,86.70759416235205,86.70759416235205,3926300
2019-10-22,88.39598083496094,88.96627334871773,87.41296563554509,87.51801982097523,4095000
2019-10-23,88.53103637695312,88.56104694627601,87.63056472165187,88.09580869647532,4148500
2019-10-24,88.23088836669922,89.15386518280735,88.02827978997661,88.89873524177693,3873900
2019-10-25,89.04881286621094,89.18388334517597,88.31343360019736,88.37346047138577,3369100
2019-10-28,88.9062271118164,89.6791280470163,88.27589641149312,89.35646005489161,5076300
2019-10-29,88.64360046386719,89.34896914911587,88.31343263834466,88.52354099777448,4548400
2019-10-30,87.31539916992188,88.6811090273398,86.68506846071683,88.6811090273398,4690900
2019-10-31,87.15030670166016,87.31539344145504,86.53498704198425,86.94019838738383,7177700
2019-11-01,87.20284271240234,87.51050543626523,85.5594863752346,86.66256086319527,7684700
2019-11-04,91.22493743896484,91.45005679157491,87.81065969950889,87.96824668134971,10348800
2019-11-05,91.50257110595703,91.88526593694841,90.58709426315163,90.96979481916516,6971200
2019-11-06,89.9718017578125,91.6526744948616,89.89676386977906,91.50259871879474,6104700
2019-11-07,91.46505737304688,91.54760074975749,90.28694503502221,90.89475924077975,5440700
2019-11-08,90.74468994140625,90.9472927827066,90.16689198841976,90.7747062373439,4249800
2019-11-11,90.65463256835938,91.08986023118369,90.05432388086405,90.19689411694458,3870800
2019-11-12,90.76720428466797,91.58513263716884,90.40702016936486,91.01483444207841,4503600
2019-11-13,91.7577133178711,91.85526770850012,90.32447100385667,90.392003374271,5076400
2019-11-14,91.5176010131836,92.25298603191675,91.09738427392105,91.43505762153936,4882800
2019-11-15,91.41907501220703,91.9874130974693,91.01745035698445,91.85859118568735,5589600
2019-11-18,89.83531188964844,90.93409657738484,89.52461761792064,90.79769520126139,4885300
2019-11-19,88.24395751953125,90.02475480767066,87.9635810982417,89.7974172615236,8723000
2019-11-20,88.91840362548828,89.47916814892294,87.993911670843,88.21366980330764,5903100
2019-11-21,90.00202941894531,90.13843081003516,88.81230842277525,89.1230027285934,5810900
2019-11-22,89.89592742919922,90.70675620052343,89.87319483079179,90.22177482971833,4786800
2019-11-25,89.70646667480469,90.34300823289122,89.4033577038838,89.74435818688632,7390000
2019-11-26,89.2593765258789,89.84286765206046,88.81228096718684,89.67615424988487,10053100
2019-11-27,89.47157287597656,89.88077700396485,89.13057232670339,89.41094875743737,4106100
2019-11-29,88.75926971435547,89.28214271219082,88.56982364632066,88.8729385114634,3271000
2019-12-02,88.5091781616211,89.47156134834083,88.4485540508928,89.40336355984655,5195200
2019-12-03,87.819580078125,88.43338321760766,87.6755992799026,88.05449124875513,6135800
2019-12-04,88.61527252197266,88.8880752543855,88.2288010208155,88.38793498448403,5706700
2019-12-05,88.15303039550781,89.22150302658342,88.04694107842042,89.13057262989946,5517500
2019-12-06,89.42610931396484,90.39607210260208,88.64559256315314,88.72894350087685,6735300
2019-12-09,88.8880844116211,89.33517429159176,88.23638957054555,88.29700790954483,4736100
2019-12-10,89.33516693115234,89.48672143831529,88.69863106334739,89.44125624245318,4886800
2019-12-11,88.07726287841797,89.16089454973782,88.00147983088813,88.72895199198305,7039600
2019-12-12,90.0323257446289,90.09294985927995,88.35004414238205,88.35004414238205,6462000
2019-12-13,89.38822174072266,90.58552214019049,89.342756539696,90.21420950845891,4863400
2019-12-16,90.4491195678711,90.53247628961498,89.88078143676337,90.07022748046595,5619300
2019-12-17,89.8731918334961,90.85073400245213,89.6685926732187,90.62339646309165,6755500
2019-12-18,89.83531188964844,90.66129382513795,89.8125735090994,89.93382174629097,7496700
2019-12-19,89.51705169677734,89.97930055347345,89.31245249236457,89.8504786180493,6220300
2019-12-20,90.69159698486328,90.88862246024838,89.48671731710209,90.47941837203328,12171100
2019-12-23,91.18416595458984,91.23721061255124,90.28998044793056,90.41122290265626,5875000
2019-12-24,91.19173431396484,91.5251611625211,91.0022882920913,91.2599378881849,1640100
2019-12-26,91.38875579833984,92.01013849164961,91.19173032540742,91.44180045088702,3648600
2019-12-27,91.16142272949219,91.91162731362307,91.1159517555155,91.60851253999002,4138300
2019-12-30,90.82044219970703,91.94953912575653,90.79013013560325,91.26753791844406,4580200
2019-12-31,91.3205795288086,91.4115099366415,90.36576977651909,90.55521583475078,4215700
2020-01-02,92.01771545410156,92.16926994828576,91.51757521671364,91.54788727183715,5205000
2020-01-03,91.699462890625,92.99527311144521,91.49485792966509,92.28295415044073,6360900
2020-01-06,91.38875579833984,92.19958450523714,91.18415664749605,91.87373713060924,9953000
2020-01-07,90.22179412841797,90.7295139876672,89.24425171776151,90.19148206357956,7856900
2020-01-08,89.19117736816406,90.24449669967,89.15329163580027,89.83529841411466,7295900
2020-01-09,89.04722595214844,89.35791447823934,88.03937154474747,89.10784429629446,7345300
2020-01-10,88.23638153076172,89.18361164585,88.20606947330684,89.0547839563083,6393800
2020-01-13,88.40308380126953,88.59252980038274,87.96356769578298,88.25910299188492,6846700
2020-01-14,88.13030242919922,88.56981285962236,87.68320675674143,88.28185695259555,7189100
2020-01-15,88.00147247314453,88.21365689447876,87.63773931372596,88.13030017431318,5808800
2020-01-16,88.57740020751953,88.8729356014622,88.24397328863652,88.32733001835727,7022000
2020-01-17,87.5846939086914,88.88050411828632,87.53922292807515,88.66832548019138,7885900
2020-01-21,85.86450958251953,87.25883525267173,85.75842027713587,87.22094373727748,8470300
2020-01-22,85.55384063720703,86.03124262031014,85.22041372628335,85.7053951704806,5589900
2020-01-23,85.70537567138672,86.00091099103642,84.76572505971671,85.1749291441779,8007800
2020-01-24,84.75814056396484,85.61444019742035,84.37166909914363,85.47045938511901,6920000
2020-01-27,83.65179443359375,83.98522131992677,83.34110592886614,83.5457051118395,7609800
2020-01-28,84.2049789428711,84.58387102738132,83.93974985856642,84.09888962172298,5771900
2020-01-29,83.63662719726562,84.75056488793452,83.49264637853763,84.45502957265433,4772800
2020-01-30,84.41715240478516,84.55355377809575,82.64393455174748,83.21227264363593,8382700
2020-01-31,81.18899536132812,83.35625854603992,80.62823669536549,83.21227770394684,13699600
2020-02-03,80.53730010986328,81.27235167474831,79.87045212615608,81.0450141127347,8785500
2020-02-04,80.96923065185547,82.09832735213803,80.7797846251635,81.59819284801691,9909000
2020-02-05,83.56843566894531,83.84881788754649,81.92404544052178,82.04528789894776,6914100
2020-02-06,82.96977996826172,83.86396544267129,82.68182408991875,83.83365338472456,6274000
2020-02-07,82.55299377441406,82.9318857880195,82.1968343565956,82.54541431534062,4830100
2020-02-10,83.1971206665039,83.20470012663642,82.08317706582169,82.24989050013251,6011800
2020-02-11,84.273193359375,84.39444162541365,83.40174023688775,83.94734587119056,6072700
2020-02-12,84.9021224975586,85.32647969971451,84.57627513692222,85.25828191283944,5725700
2020-02-13,84.61416625976562,85.12188016449045,84.2883189006343,84.39440820068326,5991900
2020-02-14,84.391845703125,85.0741557496161,84.0085251894106,84.97448867268596,5148700
2020-02-18,84.51451110839844,84.53750940498092,83.43355022597048,83.56387780594278,4975800
2020-02-19,84.8978271484375,85.17381839081189,84.24618343411179,84.72916518376348,5887500
2020-02-20,84.18485260009766,85.15082196966958,84.10052161590447,84.92849536125185,4466600
2020-02-21,83.57154083251953,83.70953645272937,82.52890855738015,83.55620473638126,6443900
2020-02-24,80.27497100830078,81.99991309929409,80.05264443691425,81.04161193763115,9539800
2020-02-25,77.20842742919922,80.43598588164109,76.66411292928224,80.34399268949083,12871900
2020-02-26,75.1614990234375,77.89840769408711,75.13083267556654,77.3234268317741,11990400
2020-02-27,72.16392517089844,75.28415423700743,72.12559662501951,73.55921174925413,15783700
2020-02-28,71.55827331542969,71.63494210018811,69.08202598151927,69.48067675683053,20835100
2020-03-02,74.04984283447266,74.11884355799097,70.69195774773526,72.07957592587229,15050800
2020-03-03,72.36323547363281,75.4987998563698,71.58126431416882,74.20317483879082,16525500
2020-03-04,75.53716278076172,75.91281536227339,73.34456829853589,73.88122069256123,14753000
2020-03-05,74.50984191894531,74.66316778192984,72.784899639839,73.37521064623685,12814400
2020-03-06,73.07624053955078,73.64355340216835,71.61962105806562,72.00294166640339,16861900
2020-03-09,61.84492874145508,67.47207678437518,61.33128066960872,63.040892691837016,30595500
2020-03-10,65.1491470336914,66.16111279981789,62.128579979932454,66.11511036794444,22642900
2020-03-11,63.654205322265625,65.04182374839348,62.672905716009,63.040895992858744,18412800
2020-03-12,58.464054107666016,59.89766927485443,55.857473100494836,59.20769693828622,25768200
2020-03-13,63.95320510864258,64.01453780611095,56.81577767523659,61.31596345659049,23497500
2020-03-16,53.43488311767578,60.173659187841906,53.42722091784823,55.63514521273584,17535300
2020-03-17,54.19387435913086,55.94948360530752,50.20733616398882,53.9715476843914,22684200
2020-03-18,42.20359420776367,50.77464531867087,41.835606811193166,50.759309220413584,24947300
2020-03-19,43.997535705566406,44.8408427362896,39.55868268717579,42.36458921586496,29871000
2020-03-20,45.53081130981445,46.496780666680145,43.20788987342898,45.63814058846541,26960400
2020-03-23,41.567283630371094,45.53848497753068,40.60898220344077,44.66451161958697,23764000
2020-03-24,51.01997375488281,51.863277897730434,46.243796546951216,47.133100214219354,29198800
2020-03-25,53.105228424072266,56.07213169848721,51.08896436075614,52.353923393212476,22560100
2020-03-26,58.5560417175293,59.10802421336891,52.04726079360256,53.89486854500976,24129100
2020-03-27,52.72957992553711,56.378793614730164,52.51492132893894,55.290164532549134,20411500
2020-03-30,55.159812927246094,55.91112361702161,51.380272884174474,52.139251621020826,18486800
2020-03-31,55.550819396972656,57.528755052115244,54.285860275706675,56.17179688328169,18514200
2020-04-01,52.56089782714844,55.420470935667794,51.832591317365,53.28921018593772,14362000
2020-04-02,58.356727600097656,60.33465736104835,53.34289367785761,55.006503602563484,23220600
2020-04-03,57.582393646240234,60.55695798357367,55.98777930397667,59.79798519383497,14905400
2020-04-06,61.630271911621094,62.05958901658454,57.889065792208676,59.03135928877605,17334900
2020-04-07,62.036598205566406,65.69347963395795,61.98293356097192,64.59718259523567,16394800
2020-04-08,65.91580200195312,66.16112691124806,62.496577670707,63.08689457210893,12284800
2020-04-09,64.63550567626953,68.92870027681941,62.49657642429041,68.03172579443604,17023800
2020-04-13,65.09550476074219,66.97377329365561,63.937874952611764,66.83577764865325,13854700
2020-04-14,64.8655014038086,66.75910578264282,64.65084284003919,65.51714514353918,14797600
2020-04-15,63.2402229309082,63.92253304446513,60.80997203884555,61.68394242809842,13982300
2020-04-16,61.3236083984375,63.01022201009845,60.418971836902955,62.33557422583154,12291900
2020-04-17,66.82807922363281,67.08107209931148,62.343231573079905,62.350899619041314,16130100
2020-04-20,64.06818389892578,66.69776258898031,62.93355272040106,63.370543676547285,15749000
2020-04-21,62.58857727050781,64.23685676144622,60.756305558187776,61.54594493433316,19620600
2020-04-22,64.73517608642578,65.35615350316054,63.60821273827204,65.1261588345142,10320700
2020-04-23,66.54444885253906,68.06239493303521,65.46348210972477,66.16112830810971,14226500
2020-04-24,66.70543670654297,68.07005678463707,65.75479763161783,67.83239994040919,9175500
2020-04-27,68.77538299560547,69.47302931182095,65.83148352469509,66.5061256911933,12037100
2020-04-28,68.9286880493164,69.73365750736782,68.10071445045834,68.65269684969705,10645200
2020-04-29,72.5395736694336,72.93822441666089,70.75329873213116,70.89896239410203,12342800
2020-04-30,70.53096771240234,73.39820324038041,69.44233896234199,71.84959108808391,12222000
2020-05-01,68.5683822631836,70.56931601399572,66.72844244244736,70.15532911565451,13250100
2020-05-04,70.10165405273438,70.2396496650038,67.22675033796025,68.04705596394888,11192400
2020-05-05,71.21328735351562,73.06089510936135,71.0522934333435,72.4475799238424,13608700
2020-05-06,69.0360336303711,71.65027674881526,68.82136920847175,71.18262520829757,11145900
2020-05-07,71.0216293334961,72.11025826563689,70.46198461935647,71.28229034273119,9749600
2020-05-08,73.19123077392578,73.26022566919276,72.11793200515788,72.8309085012887,8585900
2020-05-11,71.58128356933594,72.524248872668,71.43561988467181,72.22525930341563,7101000
2020-05-12,69.84098815917969,72.08724633752978,69.76432523531574,71.3972683247419,8749100
2020-05-13,68.0010757446289,68.9977116976427,66.94311293757477,68.9210487433359,12215100
2020-05-14,69.0360336303711,69.71067569503242,65.94646507365353,66.92010254942281,10678200
2020-05-15,68.35371398925781,70.57696819774912,68.10072105689626,69.49600743521457,10113000
2020-05-18,71.99427032470703,72.65548067482706,71.14636067923847,71.87758474883293,12304300
2020-05-19,69.71504974365234,72.05651270215678,69.64503600939535,71.97872428010825,7749300
2020-05-20,72.34429931640625,72.70991124102585,70.15063370356177,70.78850793325773,9160000
2020-05-21,71.59754180908203,72.63214481601256,71.00633924299673,72.16540251207026,8830900
2020-05-22,70.22844696044922,71.25526939962974,69.59835312625613,71.13858381758928,8563100
2020-05-26,72.57769775390625,73.38670435538693,71.58976652970568,71.94759797051935,9430000
2020-05-27,73.04444885253906,73.65898751633017,71.65201404747465,73.651206893152,7822600
2020-05-28,70.68739318847656,73.04441650309089,70.62516010036572,72.81882600984453,9633300
2020-05-29,71.33305358886719,71.4808557130319,69.43499157715273,70.15843502114991,17010000
2020-06-01,72.18095397949219,73.00552165101192,70.09619294075674,70.74184789688496,7344000
2020-06-02,73.65897369384766,74.07125762177508,72.56991811345655,72.95108548938703,7880300
2020-06-03,75.59591674804688,76.02376182708873,74.48352547741223,74.65466350902896,8440200
2020-06-04,74.89582824707031,75.37034529653793,74.02458849844176,75.28477625910111,6371700
2020-06-05,78.419677734375,79.38427284912304,77.05058532902974,77.0739212546508,12760100
2020-06-08,80.30998229980469,80.58224471595385,78.46637255696929,79.83546525956949,11090700
2020-06-09,78.97976684570312,80.06882225225249,77.65734623874106,78.3341118482998,10745400
2020-06-10,75.90709686279297,78.95644790940676,75.8915356184922,78.56749989014861,10486300
2020-06-11,69.52056121826172,73.27001935362969,69.32608723627195,71.79979652457695,14944800
2020-06-12,71.86982727050781,72.84997811464235,70.01843650703306,72.82664217892815,9532400
2020-06-15,70.96745300292969,71.62866340022346,68.61820381529135,69.30275014244985,12289500
2020-06-16,73.14555358886719,74.35129465828238,71.16969720798437,73.89233297193806,8726700
2020-06-17,71.20858764648438,73.12221074747814,71.17747109993881,72.98996987581532,6019900
2020-06-18,71.51976013183594,72.52324668391823,70.08842840584727,70.78853599275067,7064100
2020-06-19,70.50070190429688,73.44115333419509,70.43847474401632,73.44115333419509,14838800
2020-06-22,71.24748229980469,71.32527663734146,69.69169050706434,70.25955712275943,5939200
2020-06-23,71.13081359863281,72.41433727706796,70.9285589727178,71.95538147639127,6317700
2020-06-24,68.1748046875,70.11176405784467,67.5680467595517,70.00285909307833,8974500
2020-06-25,69.39611053466797,69.62948173917621,67.80142708678251,67.91810675416036,7398000
2020-06-26,67.25688934326172,69.10050505177404,67.03907940670344,69.06160787672763,13766000
2020-06-29,68.19812774658203,68.89823519857181,67.36577942445929,67.60693117367897,7022200
2020-06-30,69.41166687011719,70.0028635925985,67.17910307915557,67.3657964686299,8263600
2020-07-01,68.15924835205078,70.60961595725264,68.10479587048798,69.45055260120117,6379400
2020-07-02,68.69599151611328,70.29068063563366,68.57931186799617,69.52056528368432,5832800
2020-07-06,68.89824676513672,70.20511224995471,68.31482477968004,69.62169026449803,6747500
2020-07-07,67.14019012451172,68.51706912735898,67.01572987240304,68.31481454094862,5898000
2020-07-08,67.17131805419922,68.29927080909904,66.81348660829579,67.20243460621805,6736400
2020-07-09,64.36311340332031,67.14798250877583,64.32422216423045,66.87572009564481,8833600
2020-07-10,66.3000717163086,66.4478679050445,64.17641324838087,64.17641324838087,6218100
2020-07-13,66.43231201171875,67.62249180642284,65.97335033791876,66.9301649201587,7074000
2020-07-14,68.72711944580078,68.92159347136042,66.15228524655159,66.42454769535982,7440500
2020-07-15,69.14714813232422,70.15841491384744,68.61817882019831,70.15063429510161,5935200
2020-07-16,68.73489379882812,69.60613949041873,67.94921714546855,68.79712690570082,4795700
2020-07-17,67.82474517822266,69.31830387652506,67.60693527657956,68.77377912241732,5964000
2020-07-20,66.33118438720703,68.0581143286574,65.96557827962862,67.54470609288502,14974800
2020-07-21,71.0919189453125,71.35640668625518,67.17910279583239,67.26467183541304,15115000
2020-07-22,70.81965637207031,70.98301382869646,69.15495931706958,69.97174660020033,10317500
2020-07-23,70.79631042480469,71.08412812129104,70.02618917910478,70.39958183776609,6586300
2020-07-24,70.11175537109375,72.14206414606083,69.99507573392587,71.16191958460237,6620500
2020-07-27,70.81965637207031,70.85854761324275,69.07717089984891,69.8239503879438,7599700
2020-07-28,69.31831359863281,70.92077747250728,69.05382587034619,70.37625264202825,6787300
2020-07-29,70.06509399414062,70.07287461607362,68.90603059090094,69.60613819297967,6386900
2020-07-30,67.10907745361328,68.8437879419126,66.66567702290781,68.78933546568122,10112800
2020-07-31,65.29659271240234,65.42105298735973,63.406305178412396,64.75984256853003,19119800
2020-08-03,65.97335815429688,66.23006525980885,65.18768746391248,65.32770898193033,11220100
2020-08-04,67.28022003173828,67.45913871418414,65.56107066943328,65.71665342261994,9077900
2020-08-05,67.83251953125,68.789334091487,67.2179869981472,68.56374357021366,7324200
2020-08-06,68.04254913330078,68.37704457726943,66.97682971068573,67.23353675870511,7035600
2020-08-07,67.52137756347656,67.76252343285037,66.69680373858024,67.58360473517337,7185000
2020-08-10,69.80060577392578,69.8239417027017,68.14368361233485,68.40817131983707,8150200
2020-08-11,69.71504974365234,72.35211701476784,69.3649929421197,71.52754312340015,9074300
2020-08-12,70.57071685791016,71.30194090162287,69.58278574333558,70.63294995415693,9057400
2020-08-13,69.87060546875,71.00633270502834,69.82393361660309,69.90950263545534,7314600
2020-08-14,70.28289031982422,70.46958366593576,69.11604652059678,69.23273208749443,6343000
2020-08-17,70.60960388183594,71.23970355773423,69.79281679807795,70.28288904833275,10473800
2020-08-18,69.14976501464844,70.52282189868023,68.90514263642469,70.207176430382,7981500
2020-08-19,68.17127227783203,69.36283110983047,68.02133931964161,68.88936589817897,9120300
2020-08-20,66.9244613647461,68.56581269345999,66.86133709859209,67.40581926422887,7872300
2020-08-21,67.13754272460938,67.14542949723828,65.8986391124751,66.81400443371024,9003600
2020-08-24,68.81043243408203,68.92090742123065,66.98758912569457,67.54785685207264,8738700
2020-08-25,67.96609497070312,69.47329913223774,67.67412789679886,69.44962677710348,6835800
2020-08-26,66.90079498291016,67.73725028334574,66.8061055650109,67.63466807380954,7486500
2020-08-27,67.00338745117188,67.57154205581404,66.26162152171524,67.20066511152213,7438200
2020-08-28,67.57154846191406,67.6504643498849,66.5378153502156,67.11386882204296,7307900
2020-08-31,66.23004913330078,67.78459789018652,66.18270442653213,67.7293603921445,9437500
2020-09-01,65.55931091308594,65.99331813625393,65.06216737578731,65.70135106368038,8990600
2020-09-02,65.64611053466797,66.25372302725881,65.259442018947,65.54352230703608,10821900
2020-09-03,64.92803192138672,66.67196596649734,64.47823903210875,65.53565057383774,16179900
2020-09-04,64.65184783935547,66.0012265797798,63.83906468171136,65.07007559849758,10516600
2020-09-08,62.31608200073242,63.58655089404674,61.582208702236805,63.52342058396507,14942500
2020-09-09,63.152530670166016,63.97320655066886,62.876343119140316,63.10518595297221,9269800
2020-09-10,61.66898727416992,63.83114837580601,61.5900774276235,63.62597795843699,11845900
2020-09-11,61.3060188293457,62.095129614553656,60.81676797515927,61.74002614894757,13732400
2020-09-14,60.990360260009766,61.53484851182966,60.698387164603865,61.140293203655524,8182800
2020-09-15,60.248600006103516,61.92940962968348,59.940847318491905,61.2034232190058,11732000
2020-09-16,61.992523193359375,62.71850947854312,59.940836957124006,60.248589591537524,13019000
2020-09-17,62.17402648925781,62.22137119993116,60.264380233240196,61.17974542206372,10515100
2020-09-18,61.71632766723633,62.45809341791958,61.15605996932439,61.455919773430296,14517800
2020-09-21,60.209129333496094,60.48531678502986,58.9307682458378,60.16177861292252,16199100
2020-09-22,59.60153579711914,61.17975734512361,59.459495616981236,60.090786644358,9155000
2020-09-23,56.776485443115234,59.901367626310545,56.697575614747144,59.64884654283828,16649200
2020-09-24,56.658145904541016,57.628748612491236,55.63229967261611,56.2241326478567,15203500
2020-09-25,56.68182373046875,57.194746895931836,55.845362284174335,56.034753189243034,11070500
2020-09-28,58.33893966674805,58.99390282845928,57.723434438319806,58.11009689866454,12863800
2020-09-29,56.7370491027832,58.504655028926024,56.11365105293218,58.39418003481932,10553000
2020-09-30,56.815956115722656,57.51826398051829,56.508203501730655,57.01323374112447,10466500
2020-10-01,55.56917190551758,56.72127276062293,55.26141922602407,56.42930566596513,14930700
2020-10-02,56.17677688598633,56.55554654418914,54.30658288475006,54.385492728506044,9854800
2020-10-05,57.368343353271484,57.392021730559904,55.798014804258145,56.437192521002764,12049800
2020-10-06,57.052703857421875,58.646704762060175,57.013245915741514,58.26792899141331,15294500
2020-10-07,58.220584869384766,58.33105988268846,56.46875820065958,56.95011619595566,15410300
2020-10-08,59.35689926147461,59.61730719984385,58.38629059138743,58.701936029977176,11590900
2020-10-09,58.39418411254883,60.04342236862096,58.37840454961839,59.86193030295859,12260900
2020-10-12,58.796630859375,59.14383541983916,57.76289190817773,58.10220969757483,9056900
2020-10-13,57.920711517333984,58.97811669046443,57.43146084324413,58.97811669046443,10440300
2020-10-14,57.56562042236328,58.733506851878964,57.534061293846825,57.82602838589832,7057500
2020-10-15,58.00752639770508,58.17323891412517,56.33460962839711,56.67392745357252,10052100
2020-10-16,57.518280029296875,58.41786577049718,57.029029214432654,58.0154176166643,9305600
2020-10-19,56.24781036376953,57.87337649746682,56.17679328978249,57.69188440587532,8357100
2020-10-20,56.56345748901367,57.04481551698513,56.05842710236117,56.744955606296806,7753200
2020-10-21,55.92427444458008,56.48454228875431,55.813799434204114,56.12943888074312,9800600
2020-10-22,57.920711517333984,57.991728572050825,55.687527372341115,55.93214969916839,9810100
2020-10-23,57.265750885009766,58.67825945526733,56.68181077890159,58.338941686764834,8727200
2020-10-26,55.97951889038086,56.7291716995114,55.42713774957763,56.60291710932945,9710900
2020-10-27,54.85108184814453,55.71120954928661,54.83529626402217,55.569169394367066,14251700
2020-10-28,52.775726318359375,53.72266285799713,52.34171900557481,53.41491013823515,15961900
2020-10-29,54.29082489013672,54.55911966956894,51.41846208929584,52.18389450026061,12292200
2020-10-30,54.84319305419922,55.324551057604836,53.722657317277246,55.15883853485751,17191600
2020-11-02,56.93433380126953,57.66820693627104,54.76427954427367,55.790119762591694,11475500
2020-11-03,56.61079025268555,57.841806828097326,56.06630805668087,57.73133183062184,8608000
2020-11-04,56.63446807861328,58.070649204999974,55.15094224028699,55.85325022942773,10925700
2020-11-05,56.92643737792969,57.58140061134887,56.62657752162939,56.737052522394556,10627700
2020-11-06,56.14522171020508,57.818132368341196,55.89270655310323,57.21051984108985,8366900
2020-11-09,62.65537643432617,66.4983408101047,61.75579092399032,63.12884154180259,24015200
2020-11-10,65.55140686035156,65.61453714320102,62.89999518502555,64.02842340411034,15039700
2020-11-11,65.0700454711914,66.67193868416604,64.54923571693023,66.36418609745833,11640600
2020-11-12,63.65754699707031,64.89645032702145,63.05782731026551,63.902175362901815,8920700
2020-11-13,65.51984405517578,65.77235917514246,63.941623050275254,64.03631847792602,10890300
2020-11-16,70.19927215576172,70.37287743595145,67.50051558309103,68.05289054693512,18980200
2020-11-17,69.69483184814453,70.08718385138624,67.92523725994643,69.18237034337326,14329000
2020-11-18,67.4848403930664,70.38345585478804,67.4608197136388,69.95907422750501,10583700
2020-11-19,68.64588928222656,68.83005189309569,66.50795722531716,66.90031534399559,8820200
2020-11-20,68.6939468383789,69.1103196251109,67.96528682531721,68.63789653806835,8294600
2020-11-23,72.88970947265625,73.33010893645168,69.47062984027123,70.02312376600565,13379300
2020-11-24,76.56503295898438,76.72517490098413,74.46713930825601,74.77942037147199,17257400
2020-11-25,73.77851104736328,75.81234528708437,73.77851104736328,75.81234528708437,10556600
2020-11-27,73.1138916015625,74.13881433184282,72.49733862160433,73.12990945554763,4627700
2020-11-30,69.80695343017578,72.7456020923872,69.58275221798878,72.07299845582622,14288400
2020-12-01,70.02310943603516,71.832742168265,69.7188373926956,71.4884315967658,9913600
2020-12-02,71.96087646484375,73.11391180044278,69.74287346978728,69.87099190097776,10509600
2020-12-03,71.90483856201172,72.95378243468645,71.32030880982694,72.52940074907069,8249800
2020-12-04,74.69134521484375,74.82746648509192,72.8016408559053,73.04185989318644,10791100
2020-12-07,72.67352294921875,73.97068854590786,71.96888375198179,73.52228622695591,9398400
2020-12-08,73.29808044433594,74.03474309587145,72.21710714560098,72.3372105384425,7627300
2020-12-09,72.41727447509766,74.48313187450263,71.56050247712521,73.82654030698191,11129400
2020-12-10,74.74738311767578,75.7162558184524,72.68952821739326,73.30608745999294,11992100
2020-12-11,74.0267105102539,74.6913109137008,72.88968728853919,74.09076970531359,9584500
2020-12-14,71.6165542602539,75.02762446843136,71.45640624710953,74.78741161224788,12198400
2020-12-15,71.56050872802734,72.44931040559266,71.08007076575883,71.60054115220142,11775300
2020-12-16,71.01602935791016,71.54450265078606,70.34341976540401,71.42439314044316,9892900
2020-12-17,70.79182434082031,71.70464679526867,70.10320303532094,71.69663786594245,11748900
2020-12-18,69.81492614746094,71.03202042901442,69.07025473095769,70.44749701601933,27427600
2020-12-21,68.93414306640625,69.53468447073953,66.884297027836,67.54088871887947,11430500
2020-12-22,67.54889678955078,68.70193822610236,67.50085543270212,68.41367786696446,8585800
2020-12-23,68.61386108398438,69.39056229897301,68.06136102197736,68.06136102197736,7223100
2020-12-24,68.32559204101562,68.80602389485756,67.90921328773614,68.80602389485756,3335600
2020-12-28,67.98129272460938,69.36653823523882,67.75709156282127,68.5498045588645,8051900
2020-12-29,67.74908447265625,68.63788632318132,67.30068213690437,68.26955496038175,7670800
2020-12-30,68.32559204101562,69.32649428194568,67.69302109166512,67.74907137279631,7901800
2020-12-31,67.6209487915039,68.22149009909816,67.22859684773518,67.9812772414737,8350700
2021-01-04,67.82913208007812,68.82202524251065,67.17254055361155,68.18145157053097,9234900
2021-01-05,69.66281127929688,71.44041502731585,68.31759812747364,68.45371939599161,13414800
2021-01-06,71.90483856201172,72.68954270661563,70.31940630261087,71.2642585137838,13916800
2021-01-07,72.24113464355469,72.72156658734148,71.51247474340956,72.37725590763995,9286600
2021-01-08,72.92975616455078,74.01072956772212,72.42529742978682,73.7304781089775,11152100
2021-01-11,73.34611511230469,73.74647600932494,70.91992905380559,71.36032848413686,10635000
2021-01-12,74.73938751220703,75.2038077319386,73.43421286953796,74.19490242441358,10923900
2021-01-13,74.66731262207031,74.88350483391748,73.61836895191837,74.62727408590239,9723300
2021-01-14,76.46092987060547,77.12553049073833,75.09970513139005,75.21981463403215,13950200
2021-01-15,73.73847961425781,75.51608327661229,73.43420748005309,75.44402123523098,10244600
2021-01-19,75.67621612548828,76.09258875754577,74.69933458951913,74.86748542798593,9574800
2021-01-20,76.37283325195312,76.51696340175765,75.50805846214769,76.06856120637545,8735400
2021-01-21,73.67442321777344,75.79633745983898,73.04185218808458,75.15575750067921,10393100
2021-01-22,73.4502182006836,73.69043109096388,71.92884545948344,72.38525667094119,7810600
2021-01-25,72.78562927246094,72.88972093071052,71.52849600703608,72.56142809529328,7689400
2021-01-26,71.55249786376953,74.39506259119023,71.48042972777004,73.82654475848825,7827800
2021-01-27,70.62366485595703,72.34521805841997,69.46262061493614,70.0871826816383,10178500
2021-01-28,71.28026580810547,72.18508552781735,70.66371259018982,71.00001434541655,8155500
2021-01-29,68.22150421142578,69.93504860817076,67.99730305432246,69.52668483302828,14699800
2021-02-01,69.19038391113281,69.90302592988847,67.71705240437473,68.8540760624991,8073600
2021-02-02,69.71082305908203,70.75977254710457,69.28644157319664,70.47151227197088,9233100
2021-02-03,71.2322006225586,71.57651119271674,69.57470697296513,69.70282537535964,9256500
2021-02-04,71.26424407958984,71.7847144997285,70.42348370021027,71.67261393034761,7917600
2021-02-05,71.47241973876953,72.44129225030014,70.97597009186869,72.01691073216922,8017300
2021-02-08,73.25003814697266,73.69844043188682,72.07297604005004,72.29717718250713,9886600
2021-02-09,72.83366394042969,73.08188577675581,71.91283252541328,72.9457645187075,7605500
2021-02-10,74.08277893066406,74.13882921281964,72.54539452666327,73.16995655897469,8778800
2021-02-11,73.68241882324219,74.0187266288326,72.12902265427661,73.9626763460713,8572400
2021-02-12,74.10679626464844,74.2509264159546,73.14592655293337,73.29005670423955,7858300
2021-02-16,75.62532806396484,76.21812034340275,75.20306973814262,75.56036953371489,14006000
2021-02-17,77.89091491699219,78.54054972545048,76.49420441557055,77.48489471054994,14342300
2021-02-18,77.14382934570312,77.77721979538666,76.575403607622,77.75285957737974,9030600
2021-02-19,77.79346466064453,78.26444333489208,76.8596170592534,77.2493929410704,8913900
2021-02-22,79.89664459228516,80.91169496691565,78.32940656604065,78.75978693362384,13178700
2021-02-23,80.90357971191406,81.3339663114873,78.60551017673285,81.17967665889734,14874000
2021-02-24,83.89189147949219,84.48468369560665,81.04975008836796,81.47201456446015,16116000
2021-02-25,83.11233520507812,85.23176118306527,82.49518275520356,85.18304074070404,13219200
2021-02-26,81.20404052734375,82.06480137441307,79.26326445437036,81.44765512707643,14454100
2021-03-01,82.86872100830078,84.28979163473649,82.34089353654942,83.20165433347006,10439900
2021-03-02,83.18541717529297,83.89188832951912,82.59262498143667,82.73879249530697,10643500
2021-03-03,84.1192626953125,85.87327294629418,83.96497923100742,83.97310136977399,14958200
2021-03-04,84.85823059082031,87.35931676880871,83.74573289723644,84.87446867453679,22994200
2021-03-05,88.51239776611328,88.61796078082001,86.19808401772592,86.85583471585281,23638200
2021-03-08,89.12144470214844,89.67363248889255,87.74909427728936,89.21076965260538,18033600
2021-03-09,88.9184341430664,89.88476431399125,87.60292631170987,88.56925648263471,19010700
2021-03-10,90.43693542480469,90.95664074981265,89.08082334059137,89.48684351296485,17389900
2021-03-11,90.29076385498047,91.39513916980782,90.04714928436012,90.66430165332267,10989500
2021-03-12,90.59121704101562,91.51694251963106,89.90910613903625,90.65618175416871,10930300
2021-03-15,89.52745056152344,90.87544054602634,88.42307516554256,90.56686124118158,10488000
2021-03-16,87.40803527832031,88.41496372161266,86.95329459980965,88.13075079754351,11698400
2021-03-17,87.7247085571289,88.15508890494728,86.56349073406444,87.05883578976592,9168600
2021-03-18,84.54965209960938,87.31870675406243,84.21671254835633,86.89644845494159,13246600
2021-03-19,83.9487533569336,85.17493637367443,83.42904787872119,84.40350029690295,18491000
2021-03-22,83.2666244506836,84.85822291209686,83.07985243027018,83.68888273825173,12508500
2021-03-23,82.80375671386719,84.69581224443381,81.76434604164855,82.38149225616819,14781700
2021-03-24,85.02064514160156,85.8814123580587,83.56709797424702,83.63205651131456,11026800
2021-03-25,85.32109832763672,85.47538801101732,82.88497673511407,83.51836735790954,11138200
2021-03-26,87.27811431884766,87.32683476557492,85.55658625508322,86.51479427810858,9820200
2021-03-29,86.8233642578125,87.31870943268198,85.83267390807352,86.40110594573831,7542300
2021-03-30,86.01943969726562,86.75027729529974,85.74334274006314,86.12500271877965,6284600
2021-03-31,85.09371185302734,86.2549298400036,84.93942219887009,85.71086427427994,8954400
2021-04-01,85.87328338623047,85.96260833739244,84.62274026534031,85.47538527356731,8515800
2021-04-05,84.8663558959961,85.938249127206,84.59025889949943,85.8570463148402,8692700
2021-04-06,84.11115264892578,85.32921334349088,84.00558342368882,84.65521827227437,8125100
2021-04-07,84.60649108886719,84.91506420991287,83.85129327056646,84.02182101077932,7699300
2021-04-08,83.6563949584961,84.14362412961634,82.88495909651616,84.06241513751212,8283000
2021-04-09,83.5751953125,84.19234774257596,82.90932244162579,83.73760710745499,7163700
2021-04-12,82.64947509765625,84.33852070190716,82.43022690454164,84.1842310355892,7845900
2021-04-13,83.02301788330078,83.3153529550507,82.25158189669126,82.47083010281507,6829900
2021-04-14,84.67146301269531,85.53223018405383,83.31535681968217,83.35596132417761,10194800
2021-04-15,83.981201171875,84.67143414533086,83.58330318406229,84.46030814099171,7860500
2021-04-16,83.60767364501953,84.74453137344841,83.17729325102442,84.28979076022735,7459700
2021-04-19,83.85131072998047,84.314173605614,82.99866565600288,83.85942667498294,7068700
2021-04-20,82.28406524658203,83.63204925326065,81.61819228524932,83.50212599502314,9783800
2021-04-21,83.42091369628906,83.63203974133465,81.31772582159151,81.4720154813666,8264400
2021-04-22,81.97547912597656,83.53460146378364,81.91052059990793,83.53460146378364,9899400
2021-04-23,82.46269226074219,82.9661532653247,81.7886973467762,82.0972704204034,6756000
2021-04-26,82.4383544921875,83.37220237035758,82.22722840836856,82.23534435325391,5639700
2021-04-27,83.39654541015625,83.7213628045901,82.4302215608206,82.67382996011361,6898900
2021-04-28,85.44287109375,85.96257632769226,83.9405979582802,84.0786433058078,8718400
2021-04-29,86.80712890625,87.41615926874186,85.87328111135368,86.41734674828922,9740300
2021-04-30,83.6969985961914,85.58093195968998,83.61579580029623,85.2479986379069,13730000
2021-05-03,85.69461822509766,85.84890787606408,83.81880697545861,84.43595938394803,7938100
2021-05-04,86.16559600830078,86.49041336466053,85.1424235041491,86.0437887252439,8704300
2021-05-05,88.47991943359375,88.95090434286556,86.742153508713,86.96140168626977,12872400
2021-05-06,88.52863311767578,88.61795804866452,87.22936984244328,88.47179054298985,9654900
2021-05-07,89.3406753540039,89.86850281332981,87.45674201569344,87.77343725221377,10273000
2021-05-10,88.97525787353516,91.84988135814646,88.93465337926659,90.49377550668994,13586500
2021-05-11,86.64472198486328,88.98340267393006,86.24682386027305,88.56113812934741,12754800
2021-05-12,87.18877410888672,89.44624527765608,86.66094664534414,86.88831695077758,11661900
2021-05-13,86.62846374511719,87.59479373252871,85.62153545791911,86.13311864193784,9706300
2021-05-14,88.89408111572266,89.17829407271508,87.53797486708898,87.53797486708898,9124100
2021-05-17,89.98217010498047,90.0390126696023,88.48801915184949,88.58546000812983,12692900
2021-05-18,87.27787780761719,89.64517906630662,87.10526267876394,89.54654543336915,12759900
2021-05-19,84.828369140625,85.72433097818188,83.81733682761627,85.33799921243246,14762700
2021-05-20,85.1242904663086,85.5435022373243,83.81734460595948,84.72152181560648,9706300
2021-05-21,85.5845947265625,86.47232872212423,85.2229213724222,85.56815160798578,10352800
2021-05-24,86.8011245727539,86.99839810278486,85.48595725386008,86.26683608567478,6785600
2021-05-25,85.37911224365234,86.81757804201114,85.16539556909935,86.66139974854396,7884000
2021-05-26,85.5845947265625,86.23395994367243,85.20648452505777,85.91338184354937,9232400
2021-05-27,84.67219543457031,86.23395931369771,84.3105220830722,85.58459410133166,11703400
2021-05-28,85.3133544921875,85.58460955478985,84.62288763021908,85.1736193161366,7278200
2021-06-01,87.66419219970703,88.30533577144178,86.55452015084217,86.55452015084217,10260600
2021-06-02,88.83964538574219,89.23419247584955,87.30253974119938,88.12452016200481,9141800
2021-06-03,88.43685913085938,88.84784928859263,87.59022040932282,88.41220072478933,8809300
2021-06-04,89.14376831054688,89.32460499471715,88.12451441120193,88.97115318598776,6699300
2021-06-07,88.56839752197266,89.34927647655803,88.4204407833844,89.07802768182408,6748600
2021-06-08,89.37393188476562,89.57942698530235,87.37651925670015,88.48619154535591,10559500
2021-06-09,88.59304809570312,90.03151382147247,88.48619289942546,89.64518202315749,10146900
2021-06-10,89.11089324951172,90.62333409174528,88.15739302802433,89.64517546301467,13526200
2021-06-11,88.69991302490234,89.57121029172737,88.65881149407684,89.46434882006633,7731700
2021-06-14,88.74922180175781,89.56298061440567,87.81216467902085,88.92183692739751,9051900
2021-06-15,90.66443634033203,90.81239305618263,89.09445084040546,89.1108939595069,10540200
2021-06-16,90.14659118652344,90.83705800058557,89.51366902224498,90.44250463951965,9283300
2021-06-17,88.00944519042969,90.40141127368676,79.16493392717562,89.79314123467611,14337800
2021-06-18,84.68863677978516,87.35185143088728,84.59000314865595,86.51343421022622,22284500
2021-06-21,87.17103576660156,87.49160766443927,85.42843482431397,85.56817000619941,13591500
2021-06-22,87.45872497558594,87.91903204101524,85.7407824986,86.57920610630443,10230100
2021-06-23,87.35185241699219,88.8807364288799,87.31897872038638,88.24781429420977,7792800
2021-06-24,88.0669937133789,88.59306075226094,87.42584990169229,88.0669937133789,8724600
2021-06-25,88.19849395751953,88.82319450749607,87.77106066415413,88.43686274006625,8102300
2021-06-28,85.47773742675781,87.95190011105505,85.20648866917237,87.91079858382653,11348400
2021-06-29,85.2886734008789,86.28326876138648,85.16537510782834,85.97091224949683,7225500
2021-06-30,86.09422302246094,86.20929977366613,85.25580579636419,85.35443942813286,7927500
2021-07-01,87.30255126953125,88.03411343895408,86.91621941734337,87.9108151053091,10873200
2021-07-02,87.18745422363281,87.45870924033477,86.34081547866518,86.88331924085678,7107700
2021-07-06,85.47773742675781,87.1052613283333,84.98455045607852,87.1052613283333,10162800
2021-07-07,84.6064453125,86.22574775154406,83.94064317569601,85.45308414601938,8245000
2021-07-08,84.33521270751953,84.7379814666015,83.20088167795181,83.43103525457008,8695500
2021-07-09,85.54348754882812,85.67500740390217,84.13790202158641,85.04207907597903,8567900
2021-07-12,85.71611785888672,86.32438161846385,84.8612574629122,85.12429094850336,9898600
2021-07-13,85.42843627929688,85.9627248751974,84.84483085864713,85.48597466524224,6738000
2021-07-14,83.81732940673828,86.57096206591363,83.61183433857278,85.8805016470592,9216600
2021-07-15,83.26661682128906,84.04749569086086,82.89672187948183,83.0611217218004,9665700
2021-07-16,81.06370544433594,83.58718490128675,80.8253303871449,83.53786181521147,12199100
2021-07-19,78.87724304199219,79.69100192961851,77.6935891900171,78.76216628096273,17385500
2021-07-20,79.34576416015625,80.58695627553801,78.12923672370776,78.81969722473866,12114600
2021-07-21,82.05010223388672,82.58439087157053,80.30750112564212,80.53766095863664,11478100
2021-07-22,81.22810363769531,81.71307533926677,80.46366160768928,81.70485377925021,7694300
2021-07-23,81.26097869873047,81.4746953477635,80.50475827441349,81.21166188403532,7570800
2021-07-26,82.97891998291016,83.2337381747478,81.73773407755927,81.75417092644581,10227500
2021-07-27,82.69944763183594,82.7898659765338,81.32674188409594,82.2391406197106,8332100
2021-07-28,83.1679916381836,83.68583712292673,82.42820789482636,82.93783808940887,8546100
2021-07-29,84.31051635742188,84.56532823528423,83.79267104302721,84.15433809875175,8681300
2021-07-30,83.68580627441406,85.5270465283161,82.83094607179059,84.71328157498868,12295300
2021-08-02,83.53787994384766,85.46953922799858,83.48034155695044,83.90777494922742,8911800
2021-08-03,84.33521270751953,84.59003097124516,82.74878981586977,83.50501050224825,8437300
2021-08-04,82.44463348388672,83.75980081948113,82.2802336474296,82.55971023380044,10389800
2021-08-05,83.20907592773438,84.19544986696327,82.74876265437666,82.97070086699134,7986100
2021-08-06,83.8009033203125,84.31875501090842,83.51321142065537,83.85844170024393,6475600
2021-08-09,82.4035415649414,83.3323772321763,82.14050806715372,82.94605168168599,9243100
2021-08-10,83.90775299072266,84.10502651257077,82.67478250455056,82.80629609537857,9762600
2021-08-11,84.54068756103516,84.63932747212674,83.5132120042136,83.87488540700298,7079800
2021-08-12,84.36807250976562,84.86948108372488,83.66116882422351,84.54890921135265,7377600
2021-08-13,83.80911254882812,84.28586263880328,83.54607909767151,84.03105074677373,6572600
2021-08-16,82.95425415039062,83.18440764148274,82.1240585248387,82.880278930202,9476600
2021-08-17,82.79808044433594,83.57895924033586,81.89389707480488,82.36242560664726,10937500
2021-08-18,80.55713653564453,82.82306742114996,80.43218225250146,82.21493539064662,12893600
2021-08-19,78.54947662353516,79.39919771477162,77.3581968011531,78.98266639723612,17423400
2021-08-20,78.55779266357422,79.04096406087615,77.64975127552185,77.90799860474894,9707600
2021-08-23,80.58214569091797,80.80706978967306,80.0239889351867,80.04897979551914,10277800
2021-08-24,81.5068359375,82.14829765311478,81.1319603364617,81.22359772440667,8924900
2021-08-25,82.06499481201172,82.23993718744629,80.57381206243566,80.99034334368832,9342300
2021-08-26,80.99034118652344,82.24826740201543,80.97367637648995,81.73176633894438,8124800
2021-08-27,82.17327880859375,82.85638975712061,81.68177501835119,81.75674758740024,10281200
2021-08-30,81.96501922607422,82.73143520405307,81.61513449992246,82.54816043632714,8127200
2021-08-31,80.61544799804688,81.98167622111629,80.50715217096878,81.75674580734238,15676900
2021-09-01,79.73241424560547,80.86537979858936,79.53248101736206,80.69043742940603,10557300
2021-09-02,81.39852905273438,81.96501175783467,80.4321799415409,80.50715250927264,12340100
2021-09-03,81.21525573730469,81.99833646707533,81.12361836017145,81.14028316824769,9097000
2021-09-07,80.8570327758789,81.62345499781905,80.59045306782716,80.82370951790224,9237800
2021-09-08,80.29889678955078,82.03166837800951,80.26557352564626,81.22359670667238,10775900
2021-09-09,79.97401428222656,81.32357806131404,79.43252228937126,79.88237688240042,10219400
2021-09-10,80.03231048583984,81.39020001109235,79.88235898841988,81.30689503602841,11006000
2021-09-13,81.61515045166016,82.23161504523918,80.85706037439961,80.9820210455239,11500900
2021-09-14,80.14060974121094,82.25658924818654,79.95734133054648,81.95668624053566,15294100
2021-09-15,81.84004211425781,82.0816309544046,80.79871419419126,80.79871419419126,11623400
2021-09-16,81.07365417480469,82.1316409089395,80.73210180454576,81.90671679738006,10616700
2021-09-17,80.60713195800781,81.95668918516257,80.28223808067331,80.89870257154355,16006100
2021-09-20,78.95764923095703,79.34918955592383,77.73304654844773,78.841021009362,15796100
2021-09-21,79.0159683227539,79.88235399190461,78.33285740073764,79.61577427491683,10958400
2021-09-22,81.34024047851562,82.2899314359,80.17395144228944,80.17395144228944,13292800
2021-09-23,83.35624694824219,83.53118934251874,81.43187425543634,81.84007317541499,10094900
2021-09-24,83.80607604980469,84.11431142544107,83.01466931323354,83.01466931323354,8225300
2021-09-27,85.78044891357422,86.45522752259983,85.46388108750283,85.46388108750283,12697500
2021-09-28,86.10535430908203,87.37993912144539,85.70548144845652,86.5635412998234,15560800
2021-09-29,86.08033752441406,86.83842098762783,85.25560118944406,85.9803677504221,10268100
2021-09-30,84.5141830444336,86.18030794510857,84.5141830444336,86.15531708852039,15319800
2021-10-01,86.91343688964844,87.08837930175301,84.87242937023329,85.15567400585327,10854900
2021-10-04,87.23831176757812,88.18800257171974,86.7301431006192,87.47156826603215,13305400
2021-10-05,88.18800354003906,89.77914973240028,87.82145397800774,88.33795505580069,13017300
2021-10-06,87.41326904296875,87.76315385029548,86.28863567326768,86.78847202027215,10630100
2021-10-07,88.03805541992188,88.55455651763639,87.65484738836462,87.97974129241888,8830900
2021-10-08,90.01240539550781,90.32896685647745,88.80446096069778,88.97940332247803,10586700
2021-10-11,89.24598693847656,91.32864327252284,89.0710445691082,91.27032914940006,9794800
2021-10-12,89.26264190673828,89.62085901092958,88.44623791726902,89.1293488652894,9085000
2021-10-13,89.79582214355469,90.25400277911297,88.70451212610547,88.9460946970604,9220700
2021-10-14,90.64554595947266,90.93712297495082,90.06240464004372,90.70386009141555,7648600
2021-10-15,91.3119888305664,91.6618735846768,91.1620373136958,91.44527553680527,9968100
2021-10-18,91.27032470703125,91.97843291075168,90.77048848234105,91.82014900322417,10677400
2021-10-19,93.05309295654297,93.05309295654297,91.47027904878298,91.77018210316695,10362800
2021-10-20,94.26935577392578,94.2776818227965,92.28666295154424,92.54491029331159,10811400
2021-10-21,93.08641052246094,93.97778722512338,92.36165014856343,93.89448223862244,9372600
2021-10-22,93.96945190429688,94.03609207346493,92.84481245232266,93.48627413219442,8673800
2021-10-25,94.84416961669922,95.26070088981231,94.38598902973251,94.57758985613735,9579800
2021-10-26,95.05242919921875,95.46896044580232,94.56092537901611,94.95246576772665,7463000
2021-10-27,93.36132049560547,94.61924673611185,93.01143574709786,94.31934370717306,9096100
2021-10-28,94.23603057861328,94.3609848667366,92.95311358919416,92.95311358919416,7538200
2021-10-29,95.3773193359375,96.04377184673255,94.2610186894823,95.66056387754216,15294200
2021-11-01,95.41065979003906,95.87717281820386,95.01079329611589,95.8271910954043,11213800
2021-11-02,94.82750701904297,95.12741003104186,94.31100597487543,95.11907762633007,9189700
2021-11-03,94.14440155029297,94.36099323943324,93.27801572644306,93.52793068062714,10416000
2021-11-04,94.56092834472656,95.1857252341974,94.06109210430242,95.1524019707341,9673000
2021-11-05,95.5855941772461,95.8438478868816,94.9108155528624,95.19405376604372,8102100
2021-11-08,95.92715454101562,96.62692403689888,95.54394652816104,95.87716646576474,7695900
2021-11-09,96.63523864746094,96.73520842379116,95.35232178548428,96.02710029736848,10945900
2021-11-10,95.09410095214844,96.8102079445227,94.68590204105975,96.4353323014891,10305100
2021-11-11,95.1024169921875,95.52727428630946,94.61090681766198,94.6358976754618,7317500
2021-11-12,95.1607437133789,95.22738389108207,94.62757780141087,94.80252654070101,8682800
2021-11-15,97.31836700439453,97.42666284800643,95.19405495593038,95.76053774513663,11050400
2021-11-16,97.70156860351562,98.3680211432315,97.3516838802579,97.5599495044488,10566300
2021-11-17,97.26337432861328,98.19876166687666,96.6229339250545,96.79989822834476,11108000
2021-11-18,96.44596099853516,97.22966371197577,95.56956821052604,96.78303860965748,8368600
2021-11-19,94.30552673339844,95.35046148332614,93.62294284089265,94.81113990728473,13532600
2021-11-22,95.99092864990234,97.06957203103954,94.25498093098933,94.39823684865438,9947100
2021-11-23,98.00495147705078,98.45999889249948,96.96001016148833,97.06956409009956,10366800
2021-11-24,98.75494384765625,99.43752138626206,98.32516970927949,98.43471720645665,8500900
2021-11-26,96.49653625488281,96.76619708430468,94.91227325646064,95.51901172996519,11861800
2021-11-29,96.78304290771484,98.73808542398142,96.6650667029659,98.03865047495486,12003800
2021-11-30,95.11451721191406,97.63416101767896,94.75215989435824,95.60327301180958,24451200
2021-12-01,94.46563720703125,97.80269199691449,94.45720849886618,96.86730469642973,12302700
2021-12-02,97.02742004394531,97.49932484357436,94.32238329597908,95.4347349159766,11392400
2021-12-03,96.41227722167969,98.59484375379269,95.72126445237787,98.37574230082436,10445100
2021-12-06,97.9206771850586,98.97404077968797,96.95158782137649,97.71843317507168,9833900
2021-12-07,99.37008666992188,99.99368242241313,98.79705673174226,98.79705673174226,11419600
2021-12-08,99.81673431396484,100.4993183133354,99.15101416214254,99.76617491742678,8827900
2021-12-09,99.55549621582031,99.94313323418913,99.08359139854016,99.31111509852282,8334700
2021-12-10,99.72403717041016,100.4487518525739,98.48528695850918,100.2212281403696,9090700
2021-12-13,97.6510238647461,99.3111260461067,97.42350013968232,98.9824770936692,8533000
2021-12-14,97.93753051757812,98.52741153427587,97.30551238716446,97.53303608525619,12245300
2021-12-15,97.38134002685547,98.02178679055386,96.0246074187521,98.02178679055386,11069500
2021-12-16,98.29146575927734,99.59763922194756,97.68472728446851,97.91225742713249,11344700
2021-12-17,95.72967529296875,98.13977153807582,95.67068719309077,97.68471772649399,22727900
2021-12-20,95.77182006835938,95.8223794639514,93.31116423482214,94.26340261739219,13464400
2021-12-21,97.30551147460938,97.81112468835438,96.3111360349152,96.42911223714833,11368200
2021-12-22,97.8616943359375,98.32517691415113,96.41227135244166,97.26338455356633,8345200
2021-12-23,98.09764862060547,99.3701072228798,98.08921991160689,98.1819164229277,7416600
2021-12-27,100.10324096679688,100.12852066213756,97.25494837551544,97.81112096067238,7745500
2021-12-28,99.909423828125,100.56672165395938,99.47122742064239,99.9936980554132,6516000
2021-12-29,99.39539337158203,99.98528088456469,98.83922069678187,99.50494730801024,6957400
2021-12-30,98.95718383789062,100.01897607758286,98.88133832044508,99.54706484370811,6016000
2021-12-31,98.88976287841797,99.51335226256987,98.70436987602187,98.91504257343189,5706600
2022-01-03,100.49932098388672,100.86167833688816,98.83921884174576,98.94876634689633,10717700
2022-01-04,102.32795715332031,102.79143972412675,100.83639707592566,101.08077178138207,16413100
2022-01-05,102.99368286132812,104.35883800508577,102.86727794044133,103.0105338504764,15487100
2022-01-06,103.87007904052734,104.76332931057205,102.50491750866748,104.17344826982954,13318500
2022-01-07,105.36164855957031,105.79142274470006,103.60884983873137,104.11446955263541,14164600
2022-01-10,105.42904663085938,105.91780883846813,104.37568312957528,105.46275503440692,12626100
2022-01-11,107.83914184570312,107.86442154082647,105.19309326911737,106.06106375752842,14609000
2022-01-12,107.29983520507812,108.22678749180517,106.57512050752062,107.85600786295863,12469200
2022-01-13,106.85320281982422,107.94870350131211,106.55825587765526,107.1397146240534,9691300
2022-01-14,108.67340850830078,108.87564606584142,106.81948493712639,106.81948493712639,13281000
2022-01-18,109.02734375,109.5498079501378,107.75487879593581,109.2885758500689,12905500
2022-01-19,108.63127899169922,109.6762074012154,108.31947463795883,109.50767180533619,12064300
2022-01-20,108.24364471435547,110.27453289154069,107.76331115328341,108.091966522753,11370400
2022-01-21,106.94589233398438,108.20149339446826,106.37286233378025,107.66217822693442,13055700
2022-01-24,107.17342376708984,107.63690631149768,103.5161420937089,104.87287489182526,19513700
2022-01-25,111.73239135742188,111.85880271655257,105.56389378424123,107.12287720441466,19984500
2022-01-26,111.8166732788086,113.51891273618823,110.88970801527401,111.99363119192779,17266500
2022-01-27,114.0750503540039,115.44864048321342,112.57506174720388,113.2997763550858,20654100
2022-01-28,110.0638427734375,111.28574182701306,107.92341385999983,109.54980088571305,24817800
2022-01-31,110.67059326171875,111.1172183931813,108.98521152534921,109.7099261863258,16401800
2022-02-01,113.58627319335938,114.38683964086864,109.9795580451476,110.24922523976957,16169700
2022-02-02,114.10877227783203,114.43742119843124,111.90934862199363,113.21552202484148,10906700
2022-02-03,113.08909606933594,114.05819814682326,112.23798304094204,113.6368527718567,9447700
2022-02-04,114.50483703613281,115.44864667527304,113.77168725146173,113.77168725146173,13034700
2022-02-07,116.75483703613281,117.49639634961737,113.62002558372774,114.0497933514896,18422500
2022-02-08,114.97673797607422,116.65368448485884,113.77168341249484,116.44301177905643,11021600
2022-02-09,116.11436462402344,116.57784715546906,114.69022791240573,115.21269211597622,10140800
2022-02-10,114.63965606689453,116.95705587388272,114.09191216498311,115.92054974239352,11012700
2022-02-11,116.97390747070312,117.50480678749832,114.84190078303251,115.33066298829075,12821200
2022-02-14,115.17054748535156,116.33346487772252,113.80539253496191,116.24076837748366,15945000
2022-02-15,114.32755279541016,114.82144667798411,112.55635118000754,113.32274361577244,11746800
2022-02-16,114.3615951538086,115.9454568958287,113.9017572000436,114.91508984593861,11348800
2022-02-17,113.7740478515625,114.6000411514368,112.78626017430838,114.25090728376931,10073900
2022-02-18,113.61224365234375,114.029502116175,112.44564028558807,113.10132844491035,10691800
2022-02-22,112.74365234375,116.6607332563018,111.14276936526231,116.6607332563018,19428700
2022-02-23,115.426025390625,115.87733967449678,112.87992105862966,113.19498608872475,16134200
2022-02-24,114.82994842529297,117.7081391307995,112.16462930778124,117.45267503438458,22108900
2022-02-25,119.53895568847656,119.64113613082863,115.32383053324034,115.77515780499756,28028000
2022-02-28,122.62149810791016,122.62149810791016,118.06576364055218,118.59372614850145,24394300
2022-03-01,127.4923324584961,127.69670635561644,123.21760597953877,123.48158080908274,31159900
2022-03-02,131.25611877441406,132.62709601702443,127.77333009374183,127.90105564694248,31329500
2022-03-03,133.02732849121094,133.79370784578904,129.22095084368738,129.655230745489,22492900
2022-03-04,135.09657287597656,136.20357548409126,132.0650980060395,132.66117233550253,29034400
2022-03-07,137.9832305908203,138.0343337922671,132.60151645462892,136.16093954243289,34824700
2022-03-08,145.2128143310547,148.16765304915398,139.73742971097562,139.91624546418998,57231000
2022-03-09,141.5852508544922,144.5656343587753,137.27646992439347,138.6048673502091,43430000
2022-03-10,145.45977783203125,148.81482780083718,143.30537399107249,143.6885766186911,34913600
2022-03-11,145.52789306640625,147.29909432362223,141.25318007362128,141.26169077914508,28423600
2022-03-14,141.96847534179688,143.3564870159705,139.90775408544144,141.53419545913096,25156200
2022-03-15,134.78146362304688,136.40790468376133,132.20981465205017,135.48824187969413,28534400
2022-03-16,134.29612731933594,136.67191374774168,133.01881971421687,135.21577736079018,22299700
2022-03-17,136.6208038330078,137.08915248607644,134.47492372750256,136.20354539782977,15750700
2022-03-18,137.7192840576172,137.7192840576172,135.20724869981936,137.00399501216265,23214700
2022-03-21,140.19729614257812,140.99774440023808,138.56234380485503,138.81780794994063,13180600
2022-03-22,139.72891235351562,140.72521057553334,138.44309423657506,139.38830224107028,11063900
2022-03-23,141.2361602783203,142.50495717855958,140.4527465054591,141.35537513520256,10755000
2022-03-24,141.61082458496094,142.54750893672946,140.50382217519493,141.72151573052707,9024800
2022-03-25,144.17396545410156,144.49755420631354,140.64008626625616,140.69117649166964,10254700
2022-03-28,141.6533966064453,141.89182628289737,140.61451887614294,141.2701939896647,9992000
2022-03-29,139.92478942871094,140.06102569117326,136.6719066595251,139.2350324432258,15102600
2022-03-30,140.91258239746094,141.65342970200942,139.36278913843256,140.70822148043726,9906000
2022-03-31,138.65597534179688,141.49159928445286,138.5623056141977,139.2009593041623,10395900
2022-04-01,139.83961486816406,141.31277242792746,138.23020806762275,138.61339768804825,8795300
2022-04-04,139.96734619140625,140.8870091144769,138.8007428784889,140.50381947822495,8718600
2022-04-05,139.1072998046875,142.8200073817366,138.88590452019392,140.5293672330224,9538200
2022-04-06,140.34201049804688,142.21539196385334,139.9332757948663,140.3590449004333,9269000
2022-04-07,142.2920684814453,142.8029837133286,139.158400486761,140.58899172161208,8018400
2022-04-08,144.70187377929688,145.69818486408062,142.2239076003665,142.24945270577723,10801200
2022-04-11,140.98068237304688,143.7226368066721,140.42718766166738,143.543821035556,10206100
2022-04-12,143.9185028076172,147.04364723071782,143.18617925115186,143.88444698814104,9528400
2022-04-13,146.18356323242188,146.5326970176189,143.30535991918913,145.55342027817179,7330700
2022-04-14,146.11544799804688,147.26502985494517,145.23836462322097,145.34906875574322,9421100
2022-04-18,148.07400512695312,148.6274998644213,146.35389399896002,147.3161365051327,7639000
2022-04-19,146.31980895996094,147.90367051540477,145.6385758082807,147.3842316990108,6970200
2022-04-20,146.91590881347656,147.81002666948638,146.00476954594023,146.14100580537178,7495000
2022-04-21,140.1461639404297,146.8392549712645,139.50751026570669,146.24318080687814,14594800
2022-04-22,137.0550994873047,140.9040565981544,136.97846415162923,139.97588288356627,12160100
2022-04-25,134.10877990722656,134.8496141165207,128.8888456448266,132.6100640899678,15449800
2022-04-26,133.29129028320312,136.56119426679604,133.17207543984642,135.24132028443358,9810600
2022-04-27,133.0443572998047,134.47493549974897,131.5797102893222,133.75964639977684,10396600
2022-04-28,137.77037048339844,138.800737503453,131.9288174527792,134.07469752351193,9366400
2022-04-29,133.4105224609375,138.32390277361716,133.08693370402023,137.33611508977657,14713200
2022-05-02,136.03323364257812,136.24611820226917,132.11615254688596,133.10394002227855,11559000
2022-05-03,138.366455078125,139.1668901195472,135.6159771722059,135.87996494449905,8827200
2022-05-04,142.70932006835938,142.96478419193673,139.20098595112867,140.47829357557035,9183200
2022-05-05,141.57675170898438,144.33574045189914,138.5026979560233,144.13136658423923,9807600
2022-05-06,145.34910583496094,145.58753557087738,140.86149438852274,143.28838426399963,10418100
2022-05-09,135.60748291015625,142.84555892105942,134.9517947392395,142.84555892105942,14110700
2022-05-10,136.91030883789062,139.8140571776241,134.4323295921905,138.12801520341566,11636000
2022-05-11,138.93699645996094,142.59861386233072,138.38348875171036,139.29464099785142,9105500
2022-05-12,140.25686645507812,140.37608128658394,135.2753626521698,138.98806982491897,8936400
2022-05-13,142.94772338867188,143.73113702778394,140.40163230991837,141.78112013167626,9229900
2022-05-16,147.3246307373047,148.99365145594135,143.79075213043916,143.909966967953,13296300
2022-05-17,148.19320678710938,149.5726946517271,146.98402398090423,148.88295071941823,12827600
2022-05-18,144.28684997558594,149.49821644508089,142.33795213753666,149.48962262399314,13107500
2022-05-19,143.25660705566406,145.64335757276942,139.79667687797757,141.3420582092819,10958700
2022-05-20,144.080810546875,146.8453092186325,140.8784331019698,144.99086477613528,9615000
2022-05-23,147.4291229248047,148.49372181240986,145.18832337855505,145.46305054611759,10216400
2022-05-24,148.21896362304688,149.02599668700043,145.78928371147822,146.54480625651314,9782700
2022-05-25,150.59713745117188,151.09509431594412,148.50228895121128,148.64823979255794,10174500
2022-05-26,151.61019897460938,152.76064416191272,150.25369862377352,151.52435248172182,11213900
2022-05-27,153.0611572265625,153.12126156879174,150.8375323701317,151.55012515469116,10512300
2022-05-31,149.95323181152344,155.36205923752726,148.93156280768164,154.50351561753732,20547600
2022-06-01,151.37844848632812,152.9324106619316,150.19365385505535,151.73044148663405,8824100
2022-06-02,151.1036834716797,151.54153602016396,149.47245576524503,150.02192318112859,7441900
2022-06-03,152.4773406982422,153.035388769188,151.1036657692964,151.1036657692964,8435300
2022-06-06,151.8162841796875,152.82077873755117,150.6830002065056,152.734919127339,6734200
2022-06-07,154.7095489501953,155.10448475719699,151.89352708395765,152.36572866830684,9668300
2022-06-08,155.50802612304688,156.59836720067145,154.75250346740873,155.3534814433312,8715200
2022-06-09,152.40866088867188,155.0873126819645,152.2970460305062,154.56360057106198,9764600
2022-06-10,150.58851623535156,153.31011050638892,149.0860651944046,151.42130443178885,9529700
2022-06-13,143.6601104736328,147.66950774561585,140.85266907107254,147.3346762462526,14614900
2022-06-14,143.84898376464844,147.9184720717216,142.38086843465626,145.41152631495154,10269300
2022-06-15,141.02435302734375,144.1065342017827,139.0325388851475,143.18788635277045,11565300
2022-06-16,133.48634338378906,137.8305715172347,132.00106675602632,137.31545326326554,18125900
2022-06-17,127.39069366455078,133.47776417163385,125.16705595702517,132.97122663106165,35575100
2022-06-21,132.72225952148438,133.9499837514209,130.0178522679484,130.54156441772028,13772000
2022-06-22,126.95281982421875,129.46835902543566,125.63066863303229,127.12453899998364,13735800
2022-06-23,122.2823486328125,128.12044725416158,120.32487043335055,127.7426860050839,15713700
2022-06-24,124.29137420654297,126.2831887637757,122.42833596323194,124.66054170667661,11108300
2022-06-27,126.69527435302734,127.76845375996021,125.00394255967437,125.22715916019597,9242400
2022-06-28,128.73001098632812,130.66173380881125,127.1588748520018,129.53704395044113,9183300
2022-06-29,126.1887435913086,130.59307676314646,125.42464025724021,130.18097947407298,9082900
2022-06-30,124.29995727539062,126.99578400055195,123.12375658489682,124.10249589020158,10685000
2022-07-01,125.78521728515625,126.1715723828609,122.31670692832132,125.86249616489854,7684600
2022-07-05,122.47984313964844,124.09389633145916,119.68957621138829,123.32979298896447,11513100
2022-07-06,120.86576080322266,122.99494515467067,117.44876111737433,121.6212833248447,12421200
2022-07-07,123.21819305419922,124.74639976193639,122.84043173761934,123.71614996238752,12741800
2022-07-08,122.57427215576172,124.87516269149187,121.13191211070018,124.38579965679398,7915500
2022-07-11,121.49248504638672,122.64294328390525,120.13598475464653,121.83591030397959,7056800
2022-07-12,119.26890563964844,119.86988369225686,117.84371975750628,118.90831880808338,8653900
2022-07-13,118.47044372558594,120.82284495718282,117.74067637835628,118.14419294442399,9414600
2022-07-14,116.7104263305664,116.89930698232727,113.79137004902168,115.31099598352084,10150200
2022-07-15,118.17853546142578,119.30323871648311,117.13111109588405,119.30323871648311,7051900
2022-07-18,119.83550262451172,122.03337187603191,119.40623087693875,120.6768715816612,7943900
2022-07-19,124.15399932861328,124.49741155284374,119.698155632422,119.9299660889627,9152100
2022-07-20,125.79380798339844,126.42912184320055,123.04647116987981,124.0595462978536,7856600
2022-07-21,124.8322525024414,124.89235685141487,121.48393721165452,122.87477385546791,6724200
2022-07-22,123.79341125488281,125.60493888427895,123.1323289748717,124.96961186579613,5889500
2022-07-25,127.4765625,127.58817737099962,123.78482203966587,125.08981210711033,6210900
2022-07-26,126.48064422607422,129.36533802683223,125.80238747384695,128.35226290875676,6112800
2022-07-27,128.1461944580078,128.95322742116346,125.91398928154233,127.35633603245844,6223000
2022-07-28,129.1164093017578,130.04363823340913,127.09024528822485,129.3739750772731,6574300
2022-07-29,140.61227416992188,141.36779675372435,133.84694619763704,134.39641359485626,17143700
2022-08-01,137.8048553466797,138.9638946724469,136.63723529936286,138.38007809861938,8017800
2022-08-02,136.62860107421875,138.6290088403261,135.90742773631732,138.13105207834658,5928300
2022-08-03,133.3833465576172,137.33265272305175,132.51622215753136,136.77459147123116,8751400
2022-08-04,129.76026916503906,133.4520089801763,129.40826317212645,133.34898794823494,10640000
2022-08-05,131.9066619873047,133.08286273948514,127.9401940315198,128.47248696748386,7170200
2022-08-08,131.7091827392578,133.05708943965988,131.48595300901073,131.86371430604152,5966900
2022-08-09,133.42628479003906,135.47820378944002,132.73086646183967,133.88131192084452,5842200
2022-08-10,133.77828979492188,134.3363379771934,131.2970858482054,133.9328213775801,6145800
2022-08-11,137.04075622558594,138.3629210047229,135.32366863734268,135.7443598125842,7888600
2022-08-12,137.2381591796875,137.28966968442498,134.91150094650055,135.86448458513945,7244700
2022-08-15,134.62823486328125,135.4696040172017,131.73494680009318,133.22880444680172,8975200
2022-08-16,134.28480529785156,135.58120139531175,133.77826772669184,135.1433488830045,7218400
2022-08-17,135.39230346679688,136.80031424260886,133.51209115939133,134.47366876018197,6741100
2022-08-18,137.76609802246094,138.3205579412115,136.09404636132166,136.1460249131784,6477500
2022-08-19,136.6138916015625,138.38990079910042,136.55324113004204,137.28098069143556,6834200
2022-08-22,135.92950439453125,136.65724412980276,133.78097282500585,135.74757937524356,9147000
2022-08-23,140.33914184570312,140.64235447078605,137.4975331147194,137.8354069205569,10354800
2022-08-24,141.37875366210938,141.51737194749433,139.1955619350816,140.05324770411292,9468100
2022-08-25,142.6176300048828,142.86020541183234,140.8762822865591,142.011191487509,8050700
2022-08-26,141.5693817138672,143.92584020751076,140.7463569443996,142.2364575730502,7765800
2022-08-29,142.6262969970703,144.53225222288708,141.76861119673725,141.985197318293,8462600
2022-08-30,139.1522674560547,140.83297811972395,137.54086594772298,140.62506387308096,8814300
2022-08-31,136.93446350097656,139.83672400708505,135.2797416814416,136.54461096626565,13582700
2022-09-01,134.75125122070312,135.91216318609497,132.74999704317045,135.56561736830216,8244400
2022-09-02,136.7524871826172,137.86140710590672,135.77351364902245,137.09036101519183,7526600
2022-09-06,136.1200714111328,138.60648962313215,134.89853546336448,138.51984986768954,8550000
2022-09-07,134.37867736816406,134.9937876947488,132.22147510206776,133.46901312490098,9442100
2022-09-08,135.10643005371094,135.4789650846276,132.87993143222135,134.79454548664745,9232500
2022-09-09,138.58914184570312,139.17824980768825,136.47525898094418,137.23764643233108,8261100
2022-09-12,140.78097534179688,142.5396535454404,139.6980447622446,141.04954001042705,8920800
2022-09-13,138.10398864746094,140.91960845044156,137.52353938209382,139.83667775698748,10308300
2022-09-14,141.44808959960938,141.70799562909892,138.91836489927542,139.42950505167065,11160800
2022-09-15,139.1522674560547,140.08792122405725,138.25127487540576,139.20424601771543,9665000
2022-09-16,135.53961181640625,139.60277015917376,134.81188551544273,139.0656407302773,43741600
2022-09-19,135.92950439453125,135.9728242817719,132.37749837014934,132.4901142137267,6813800
2022-09-20,135.39231872558594,135.8861414407085,133.71160826406216,135.18439128458147,8955200
2022-09-21,134.2920684814453,137.5581912469057,134.24008992178517,137.15100823707567,6877000
2022-09-22,134.18809509277344,137.12500233181493,134.05814870937817,136.53589443459956,6981100
2022-09-23,125.42070770263672,130.1076218021244,124.45906469654382,129.7350999805326,13919700
2022-09-26,122.11992645263672,125.66327228255444,122.05927599238176,124.38108612485823,9444000
2022-09-27,122.17192840576172,124.55437623540949,121.68677750827817,123.27217661277956,10121000
2022-09-28,126.29573059082031,126.86752127127517,122.50113653609239,123.09025781214709,8279800
2022-09-29,125.42070770263672,125.97516770132466,123.25484626723551,125.19544965295877,8197600
2022-09-30,124.46768951416016,125.74121674918355,123.44540954012261,124.77957400476518,9402700
2022-10-03,131.45045471191406,131.97892541555296,128.47889925428646,129.05934851576382,9597400
2022-10-04,136.56190490722656,136.7784910594137,133.0965264722325,133.78959158373561,9520200
2022-10-05,137.3415985107422,138.38120931215929,134.1101370863865,135.01112958911636,10633100
2022-10-06,139.84532165527344,140.29582447753407,136.18934696323302,136.31063465929924,9498300
2022-10-07,138.64111328125,142.01985164107697,137.80075803443205,140.7896440018741,9972500
2022-10-10,136.13735961914062,139.8886324886546,135.5309211779717,139.48144955971975,5904500
2022-10-11,136.1633758544922,138.5544821328461,133.51236355864197,134.0668235602618,7533300
2022-10-12,136.57052612304688,137.58414745084775,134.73388028662472,135.27100956647664,4942000
2022-10-13,143.1894073486328,143.80451771481785,135.45295787914677,135.45295787914677,10227500
2022-10-14,138.7364044189453,143.3453633952014,138.55446626172778,142.11514260126262,7327900
2022-10-17,139.7500457763672,142.86889163450294,139.56812081260819,141.46540438865708,5890400
2022-10-18,140.97158813476562,141.48272825351063,137.7141373418067,140.65970356378463,5631200
2022-10-19,145.54588317871094,146.59416589193694,141.7253005726213,141.7253005726213,9766800
2022-10-20,146.37757873535156,148.8553246390544,145.49390360650645,146.67213270517706,8871500
2022-10-21,150.04222106933594,150.6053397628819,146.28228873611593,146.5421815366022,7971300
2022-10-24,149.99024963378906,151.32441454401226,148.67340209817465,149.0805851307701,7007700
2022-10-25,151.5496368408203,151.61028730103735,149.15853078293068,149.92957685814412,7280600
2022-10-26,153.42092895507812,154.62514716060545,151.7575492681217,151.88750886171673,6865300
2022-10-27,154.1226806640625,157.15488640229373,153.7588175617989,155.84671097134355,9177400
2022-10-28,155.92469787597656,158.41977456168607,152.93581164085265,157.2155560928356,10773900
2022-10-31,156.7217254638672,159.26878058288963,154.26131008850805,154.26131008850805,13281000
2022-11-01,157.86529541015625,159.84055980713399,157.58805882562774,159.2947585434485,9185600
2022-11-02,154.64251708984375,158.45442818974456,154.44326152554936,156.74772820408856,8087500
2022-11-03,156.92100524902344,157.83932843111387,153.6982022051103,154.18335307720565,6607800
2022-11-04,158.90489196777344,160.62025021835768,156.46180757686457,160.13509945814127,7491900
2022-11-07,160.80221557617188,161.46930459404632,157.77000959230307,158.10788344458797,7578000
2022-11-08,160.5682830810547,161.35665973212568,159.28609694943847,160.55096570936377,6308200
2022-11-09,154.148681640625,159.24279189767194,153.53358440417523,159.06952562906787,8021700
2022-11-10,157.06826782226562,157.96060164135014,154.2439761600961,157.87396189956056,6981500
2022-11-11,161.53863525390625,162.0930953217201,159.31212307543188,159.45074139722803,8428300
2022-11-14,161.6165771484375,164.32822657898961,161.29602067834114,161.4086496991346,9722400
2022-11-15,162.9160919189453,163.25396575771794,160.50765517705477,162.11038462995313,7747300
2022-11-16,160.2650604248047,162.71681674129957,159.1301381203514,161.6078837121256,7941100
2022-11-17,160.7190399169922,160.84126582791004,157.3840110210194,158.46657956868458,6550500
2022-11-18,159.7587127685547,160.12539053685697,156.84272863117226,157.98643022761382,7661500
2022-11-21,158.23089599609375,158.63248978268356,153.49898725312173,156.91258772564566,8432900
2022-11-22,162.29055786132812,162.87549721772828,159.83730016661352,160.42223952301364,9018000
2022-11-23,160.8500213623047,161.6444832041925,159.40076161116065,159.95078492769005,5831200
2022-11-25,160.37852478027344,161.77540351072636,160.03803742144868,161.41745150432465,2796400
2022-11-28,155.71649169921875,158.4316654072764,155.36727861305312,157.39273849173944,9365500
2022-11-29,158.0475311279297,158.76343530941065,156.84272327208416,157.3752819148654,6985400
2022-11-30,160.03805541992188,160.06424573342133,156.81651364324568,159.63646173184736,10936700
2022-12-01,159.3221893310547,161.12066218530686,158.40548825168182,160.867471353421,5217400
2022-12-02,158.0475311279297,160.31745626933773,157.08717510926644,158.48405416884464,6852300
2022-12-05,154.14501953125,159.72378365869713,152.46004692807162,159.47933181286427,8162200
2022-12-06,150.1726531982422,155.45458470893604,149.39564271073235,153.22831451432322,8765000
2022-12-07,150.61788940429688,152.4163619104961,149.15990428207104,149.34323646949005,6936300
2022-12-08,151.50843811035156,154.0053508810843,150.19014308824265,153.87439927418313,8076600
2022-12-09,146.67172241210938,151.20283311094335,146.61060280005802,150.42582273341083,10754300
2022-12-12,148.19956970214844,148.87181890301753,146.41856158904002,147.4836655336546,9364900
2022-12-13,151.49969482421875,152.31163465746167,150.58299371763874,151.534624129749,7838800
2022-12-14,150.45204162597656,152.7132279121664,149.52661485690285,152.33782446953816,7045500
2022-12-15,149.32579040527344,149.61389720012693,146.7241169085101,148.94166133376098,7272900
2022-12-16,147.30029296875,148.54874210674052,145.88596299220197,147.13441213019246,23876000
2022-12-19,148.31307983398438,149.1337453221482,146.89001038869492,148.51387671248403,7131600
2022-12-20,150.74887084960938,151.2901551771672,148.06862620787393,148.2519584316348,6199100
2022-12-21,152.52114868164062,153.62119527671953,151.17666356964273,152.94894605990754,5479400
2022-12-22,150.23377990722656,152.96641856174415,146.95985691409913,152.92276359084377,5755000
2022-12-23,154.8783721923828,155.03552741700042,151.6393786344381,151.99733073119785,6079100
2022-12-27,156.82528686523438,157.34910657120244,154.87838432591926,155.71651450574635,5168000
2022-12-28,154.5116729736328,156.5371460306442,153.59497203527206,156.1530036700645,4494400
2022-12-29,155.68157958984375,156.44985106283417,154.2235809487085,154.2235809487085,4142100
2022-12-30,156.7030487060547,157.1046424504608,155.1402887327155,155.42839554324664,5005100
2023-01-03,151.90130615234375,156.27526261752902,149.7361420842835,155.43713244253357,7565400
2023-01-04,150.28616333007812,152.16320721895565,149.159939661077,149.24723628286955,7684500
2023-01-05,152.9925994873047,153.82199059698627,149.5004151756973,149.72740236016645,6088200
2023-01-06,154.14501953125,156.61574162885668,153.39419934144152,154.54662660461912,7191200
2023-01-09,152.94021606445312,155.69031939220105,152.24178981133636,155.62919976815857,8385600
2023-01-10,153.69105529785156,154.27600800575613,151.6655949342001,154.00535247930438,8307000
2023-01-11,152.95765686035156,155.52441423725986,152.17192078733362,155.30615273679658,6962600
2023-01-12,154.59898376464844,155.72520721753511,153.56878258081943,153.6473668434681,6891400
2023-01-13,155.01808166503906,155.39349845955573,153.37675054056476,154.6077488839205,5726300
2023-01-17,157.57608032226562,158.30071011459424,155.55933283387816,155.78633332402026,10697700
2023-01-18,154.72994995117188,159.22614516672994,154.47677245452235,157.8641954404757,8899200
2023-01-19,156.27523803710938,157.10462909421037,153.79579053024693,154.18865857607108,5907200
2023-01-20,157.9340362548828,158.33564332772198,154.9831494564725,156.10937307888585,10477900
2023-01-23,157.7245330810547,159.37458990167403,157.17450970030555,158.20471116570647,8381300
2023-01-24,157.87290954589844,158.8943717657979,156.01331730571945,158.09989670977896,5989000
2023-01-25,156.34507751464844,157.17446854096596,153.96166569159396,156.52840971247014,6727500
2023-01-26,163.94932556152344,163.96679021403727,160.18649890320097,161.50480707465033,14307800
2023-01-27,156.66812133789062,160.8412806663126,155.33236185904903,160.8412806663126,19654700
2023-01-30,152.08460998535156,155.6990198794077,151.6218966727559,155.40218743767176,11476000
2023-01-31,151.92747497558594,152.4600335906241,149.65754995242725,150.81870277936704,14481300
2023-02-01,149.60516357421875,151.61317204500446,148.01621345472643,151.3076006153714,11526400
2023-02-02,147.55352783203125,149.66629795676192,145.64156791720487,149.40439476406468,10463400
2023-02-03,147.93763732910156,149.77103919942257,147.09952065587575,148.29558937490341,8404900
2023-02-06,148.10354614257812,148.5226045582678,146.1217276816027,148.03370085302538,7659500
2023-02-07,151.98858642578125,152.2505029098944,148.07734378033578,148.4789508321927,10256500
2023-02-08,148.41781616210938,151.97111968460547,147.95510285980453,150.5829664560665,9784700
2023-02-09,147.05587768554688,148.99404096767486,146.6717352949809,148.61862424175797,10123400
2023-02-10,150.13772583007812,150.8012360126085,149.09879892994002,149.116263580477,11602400
2023-02-13,149.29962158203125,150.07663214486968,148.2170528509376,149.5702770864321,9442900
2023-02-14,150.44332885742188,151.48224265408714,148.40039060761606,148.8369137113273,8077300
2023-02-15,148.85792541503906,149.30712367620626,147.5279765541354,149.2014228527237,8885700
2023-02-16,146.70889282226562,148.54968669422425,146.55915108815333,148.13572646319506,6727500
2023-02-17,143.43243408203125,145.18514597898044,142.55167001260372,145.08826139376768,9612100
2023-02-21,141.80299377441406,144.22509459975345,141.53876190558972,142.84228876856105,7259700
2023-02-22,141.23049926757812,142.3842978469188,139.96219707858384,141.16883934256745,6205900
2023-02-23,142.6221160888672,143.4236145993903,141.41547364162201,142.90396703562413,6445500
2023-02-24,143.04489135742188,143.2122386757875,140.17359197787044,141.6004388654032,5330200
2023-02-27,143.406005859375,143.89041532450915,142.613310168497,143.57333973603644,6386800
2023-02-28,141.6004638671875,144.7271794577832,141.16888457201057,144.7271794577832,10854200
2023-03-01,142.7278289794922,144.08419981709426,141.44190744514214,141.73256121878416,7470400
2023-03-02,143.17698669433594,143.99610416279927,142.32264458092612,142.6661419865678,5582000
2023-03-03,145.2908477783203,145.83691720441362,141.2921713503018,141.68851249631768,6007500
2023-03-06,146.3565673828125,146.91145306072593,144.27796359056097,144.7447674836206,7703600
2023-03-07,144.47174072265625,146.7353110120119,144.0753995477721,145.94261522284938,7393000
2023-03-08,143.55575561523438,145.58150243649754,142.1377247767134,143.7671304129205,5435800
2023-03-09,141.37142944335938,145.75764398373093,141.0895919425899,144.26033438305723,6214700
2023-03-10,140.631591796875,145.03541197003221,139.75082776224357,141.75016588388687,7385800
2023-03-13,139.7860565185547,141.75895922322073,135.46150217173692,137.78671853037312,10106100
2023-03-14,141.59164428710938,144.46294410596605,139.05505259558657,139.38973384413083,10035200
2023-03-15,135.46151733398438,139.11668286707845,133.88494211470876,137.03807911386676,14063100
2023-03-16,135.89308166503906,136.93239025014333,132.0353441994238,132.25553521565683,12849600
2023-03-17,134.17556762695312,136.8530973756146,132.64304706127845,135.30294432973994,33161800
2023-03-20,136.1485137939453,137.20542800746048,133.25079242989688,133.64714701943427,8469200
2023-03-21,140.31451416015625,140.5435214070313,137.81314756374297,138.42087688907694,9753500
2023-03-22,137.46083068847656,140.97507010871772,137.3375108385403,140.80772281453656,6315000
2023-03-23,136.09567260742188,139.83010379329397,134.88021384781217,138.2975828592403,7859400
2023-03-24,137.4520263671875,137.97167389673356,133.72639844606383,133.9642084868055,6600100
2023-03-27,138.8524169921875,139.58345260786635,137.12612735464822,138.6322260274429,7006800
2023-03-28,140.4730682373047,141.0896004066546,137.9981098784824,138.5265737032928,5605400
2023-03-29,141.67970275878906,142.08486012693814,140.33213486466,141.46831455287747,7569700
2023-03-30,143.0272674560547,143.5733368432135,142.31385075621372,142.90396103187715,6322400
2023-03-31,143.70547485351562,144.19870060289216,142.8158945046673,143.3003174511599,7041400
2023-04-03,149.6858367919922,150.6987234399277,148.77865096120493,149.5537275697967,12868200
2023-04-04,148.8843536376953,150.7339635748414,147.72175204473544,150.7339635748414,7521400
2023-04-05,149.62420654296875,150.1174322785601,147.7393719451627,149.07812367336973,6478100
2023-04-06,147.66009521484375,149.21024862392593,147.20210756160907,149.15740492850605,5803200
2023-04-10,148.22377014160156,149.44803158463293,147.3606251701027,148.39993369608047,5923500
2023-04-11,149.04286193847656,150.0293131642098,148.02998887201045,148.9107527348123,5469600
2023-04-12,149.5713653564453,150.71634793067065,149.26309254683477,150.12623759859332,6157900
2023-04-13,151.5706787109375,151.90537334297335,149.57135403901952,149.95007612104533,6856600
2023-04-14,151.87893676757812,152.2664750535314,150.80440367994086,151.93178045395516,4930700
2023-04-17,150.54019165039062,151.9670251281973,149.92365949574534,151.83491589484223,7006000
2023-04-18,150.18789672851562,151.8349212799239,149.84439927021674,150.45212864399016,8045600
2023-04-19,150.32879638671875,150.3816535169746,148.93720106267247,149.25427664724575,5506800
2023-04-20,149.5977783203125,149.7827312435805,147.98597850629872,148.63773529795736,5851100
2023-04-21,148.954833984375,150.2495584055467,148.70822108885608,149.58018246619463,7179000
2023-04-24,151.03343200683594,151.8261278019449,148.4792213589605,148.93722247795273,7177600
2023-04-25,148.84030151367188,150.0821684422428,148.3470624233036,150.01171915443837,5807200
2023-04-26,146.18919372558594,148.80506367976594,145.52862077633625,148.1533069710499,5927400
2023-04-27,147.04354858398438,147.43108689816626,145.38772138619666,146.58554753637014,6417200
2023-04-28,148.47921752929688,148.79629315128338,144.48935712561305,144.8856982932477,10036300
2023-05-01,147.29898071289062,148.61131051190256,146.52390406852908,147.71294088072986,6099800
2023-05-02,140.95751953125,145.66081133650715,139.5571074514261,145.60796762623414,10701700
2023-05-03,138.1302490234375,140.543547733362,138.05098347208323,139.2928507614849,7538100
2023-05-04,137.59295654296875,139.33686554287755,136.88834263774132,138.37683598469377,7500400
2023-05-05,141.10719299316406,141.90867794334068,139.84769360393082,140.30569460359663,5802000
2023-05-08,140.5523223876953,142.9480015710552,140.49947869737582,142.30504760651436,5028200
2023-05-09,140.1471710205078,141.29216697081378,139.0814540484623,139.25760417018796,5019800
2023-05-10,138.35922241210938,141.30978737718374,137.29350542978918,141.30978737718374,6161200
2023-05-11,137.59295654296875,137.68103832089434,135.54077475971283,136.85311799020653,6666100
2023-05-12,137.94528198242188,139.09908091135995,137.01167409914052,138.27997667242647,4898900
2023-05-15,138.4561004638672,139.3016398315616,137.6017582942044,138.4825223091646,5096700
2023-05-16,135.20606994628906,138.29756003074814,135.04753888523547,137.82193996880454,7007700
2023-05-17,137.14376831054688,137.76910322429222,135.60243131102774,136.33345360413463,6169600
2023-05-18,136.9747772216797,137.17934643624085,134.76909658791212,135.96087443614965,7477700
2023-05-19,138.0598602294922,139.13602696524643,136.95702647857058,137.75747120559433,8100900
2023-05-22,135.57843017578125,137.7040688544749,135.26713866891558,136.7790969072716,11661000
2023-05-23,139.5006561279297,140.23883698163021,136.82358682020492,137.09040620772205,10436200
2023-05-24,139.8741912841797,141.03039952854755,139.0025804210886,140.47896920126607,7064000
2023-05-25,137.46395874023438,138.41561146404084,136.52120859167772,137.57068107524114,7037700
2023-05-26,137.03704833984375,138.4156038993351,136.48563154444645,138.1132013483448,7736200
2023-05-30,136.1832275390625,136.30774144543528,134.48450501019047,134.89361631498764,7814800
2023-05-31,133.9597625732422,135.5606654364841,133.7285263261623,134.77799879867723,13346400
2023-06-01,135.3294219970703,136.7346581261766,133.17710242848915,134.5645469792276,9887700
2023-06-02,138.9758758544922,139.411681210821,136.61900118586507,137.4817093259274,9464300
2023-06-05,138.30886840820312,140.92367404868804,138.0687431668511,140.92367404868804,6443800
2023-06-06,138.5579071044922,138.88699026459028,136.25439283880175,136.37001775216046,6176400
2023-06-07,142.1510467529297,142.48901891863184,139.18937972827462,139.23385189286688,9900000
2023-06-08,141.62628173828125,142.738017772355,139.7140876170765,142.44451783083994,7142200
2023-06-09,141.28831481933594,142.64907868923368,141.07485660741193,141.66185651195522,6669500
2023-06-12,139.9275665283203,141.70634444607026,138.94923324515844,139.6874277095445,7159600
2023-06-13,140.97702026367188,142.81806167812823,140.76357562732682,140.9859228375174,7660800
2023-06-14,139.71409606933594,142.9870542085708,138.87806834977602,142.28442939277159,7721100
2023-06-15,140.77244567871094,142.1154177619058,139.91864010628072,139.91864010628072,7705400
2023-06-16,139.8653106689453,141.62631067787427,139.8653106689453,141.03042167036776,22908100
2023-06-20,136.6812744140625,139.25162126498344,135.40056584664825,138.87806599878255,10438700
2023-06-21,137.74856567382812,138.70910737361342,135.63181561850507,135.78301011231406,7328200
2023-06-22,135.75633239746094,136.6012492082434,135.1604434136249,136.3878045400029,7088600
2023-06-23,134.6090087890625,134.92028674607604,133.52395329902194,134.30660626405344,15172700
2023-06-26,136.9747772216797,137.82859652207216,134.7779855911984,134.84913833048088,7371800
2023-06-27,136.5478973388672,137.5973834561724,135.91643872432732,136.5212167535204,6581700
2023-06-28,137.78411865234375,137.87306296550935,135.3560908980868,136.4678269576729,5773800
2023-06-29,138.95814514160156,138.98482572647768,137.35724219403713,138.237728636948,5633500
2023-06-30,139.94534301757812,140.45228761255564,139.27830137034658,140.04317633534532,6346600
2023-07-03,139.82083129882812,140.6123868563734,139.36723428620286,139.7941371472055,3272600
2023-07-05,139.0203857421875,140.25663584997665,137.9620107116561,140.25663584997665,6318700
2023-07-06,135.9697723388672,138.59346674390275,134.85803627139475,138.03314742317764,9203000
2023-07-07,137.16156005859375,138.73578224378025,135.15154598890214,135.31162948010862,6602200
2023-07-10,138.07762145996094,138.557885476409,136.89473263954596,136.90362164264786,5167900
2023-07-11,140.63015747070312,140.88808783118654,138.44226854844615,138.7446574936367,5060500
2023-07-12,141.98207092285156,142.60464055910242,140.8169734097963,141.60852914110103,6464000
2023-07-13,140.08761596679688,142.83583749549376,139.25160194835647,142.15989336565463,8143900
2023-07-14,136.5923614501953,139.65186171887618,136.343333620977,139.6429591436191,7065700
2023-07-17,136.4678497314453,137.09041931450867,135.7563358203733,136.38780797883697,4351700
2023-07-18,136.74354553222656,138.80693432685683,135.51618448814483,135.7830038765536,6798300
2023-07-19,137.5795440673828,138.54897452077563,136.3255027078591,136.81466922089973,5653100
2023-07-20,139.1004180908203,139.8030429193525,138.4867511514029,138.88697344093515,5866600
2023-07-21,141.1371307373047,141.26164464401566,139.6874224462427,140.10543632684343,8760100
2023-07-24,143.92091369628906,145.8953445056479,142.31110843928028,142.7202332913979,9722100
2023-07-25,144.5790557861328,145.423972517428,142.8892223235424,144.00095843603543,6767600
2023-07-26,143.4940185546875,144.16106030725226,142.79140721322563,143.08490721287401,6056400
2023-07-27,141.9998321533203,144.4990127403132,141.60849887389134,144.16104062244315,6470100
2023-07-28,141.2971954345703,141.41282032220664,139.1982373070738,140.88808418308156,6542300
2023-07-31,145.557373046875,145.84197040357526,142.85362351774478,143.30722048738613,13056300
2023-08-01,144.34780883789062,145.53958660491645,142.79137839601472,145.53958660491645,7531400
2023-08-02,142.0620880126953,143.38728238551892,140.5768101487778,143.34281022543797,7067100
2023-08-03,142.00872802734375,143.81418645942807,141.279436165757,142.2221862549047,6680700
2023-08-04,141.68853759765625,144.98817625072942,141.44839880475948,142.88921799114308,10185400
2023-08-07,142.2043914794922,143.5295858335189,141.48398863779227,143.2005027103861,13927400
2023-08-08,141.9909210205078,142.11543491363943,138.94032385328487,140.47007372375705,6451300
2023-08-09,142.17771911621094,143.58295529587505,141.68855247598,143.06710807263136,10531500
2023-08-10,143.04043579101562,144.507922225876,141.96426912005188,142.59574128699742,8647100
2023-08-11,145.99317932128906,146.01097089878022,142.4623043796467,142.74691533551584,6682600
2023-08-14,145.88645935058594,146.08212599315155,144.62352874829728,145.65522312346184,6060100
2023-08-15,141.62628173828125,145.33503151943168,141.50176784530487,145.32612894572134,7876500
2023-08-16,141.08377075195312,143.92981262269674,140.9414652656664,142.7647152920953,7920500
2023-08-17,143.44532775878906,145.59139502508907,142.7449385221838,142.93349747742775,8270500
2023-08-18,144.4779510498047,144.85509636835272,142.0176142569167,142.21516134704333,5999200
2023-08-21,143.99305725097656,145.5285342634002,143.1759319771054,144.74732041081774,6802300
2023-08-22,142.8077850341797,144.79223031235713,142.74493661707746,144.1098036477375,6080800
2023-08-23,142.996337890625,143.14001096899693,140.70659787171581,141.99962817422542,4975600
2023-08-24,141.820068359375,143.57104148983873,141.47884816421032,141.63149569851524,5989600
2023-08-25,142.87962341308594,143.5890007814577,141.55965592140674,142.834737558047,5291800
2023-08-28,143.8583526611328,145.28606781200162,142.96939096458652,143.24774897119914,4386100
2023-08-29,143.63388061523438,144.52282868454037,142.86165493499152,144.4869172651561,5374800
2023-08-30,143.83143615722656,144.792234616324,143.6069520725501,144.19959334443706,5534900
2023-08-31,144.65756225585938,144.78327280617953,143.60696459074245,144.57673756525028,7003700
2023-09-01,147.53094482421875,147.88113945213715,146.04036719711115,146.04036719711115,6663000
2023-09-05,149.47047424316406,150.45819589757343,148.33906579895609,148.41090234314547,9755800
2023-09-06,149.62313842773438,150.3504646792149,148.68030251968054,149.30885522457598,7195500
2023-09-07,149.63209533691406,150.76349007324035,149.30883774061803,150.0810634594686,7925900
2023-09-08,150.14393615722656,151.29329353587283,149.69496800302346,150.33249510919626,7434400
2023-09-11,147.04605102539062,151.38308521888135,146.2468882258502,150.92514261512937,7155100
2023-09-12,149.7847442626953,150.12596442349923,148.24928094191742,148.42886545234373,7521100
2023-09-13,149.2369842529297,150.62878801511152,148.68026822862424,150.32349301477745,5759500
2023-09-14,150.16189575195312,151.30227878154145,150.06312220291127,150.5839269431845,8822800
2023-09-15,149.5064239501953,151.18556078367897,148.94970771693835,149.24602839956898,17439700
2023-09-18,150.1529083251953,151.17655515329656,149.41659398671555,150.73656143629617,7027600
2023-09-19,150.13494873046875,151.7153254095965,149.44353393335035,151.47287876879017,6615100
2023-09-20,149.67701721191406,151.31125429700035,149.59620622614304,150.01823742039858,5939100
2023-09-21,148.33009338378906,150.736555990432,148.20438285510502,150.0631037936061,7150000
2023-09-22,149.30885314941406,150.33250002642276,149.003558082911,149.263953592241,5963000
2023-09-25,151.49082946777344,151.55367787999648,149.0484417925923,149.35373682663501,5510000
2023-09-26,150.67373657226562,151.22147834581423,149.93742211869227,150.3504789075251,5659200
2023-09-27,153.58302307128906,153.75363316534632,151.58062890199932,152.08347105200744,9124400
2023-09-28,153.17893981933594,154.17564959331173,152.1373304930979,153.14302839837794,7151800
2023-09-29,151.4100341796875,153.0981590273178,150.6916960075594,153.08918459566402,7396100
2023-10-02,149.54229736328125,151.36512055995036,148.36600306551566,151.15858535699041,6839600
2023-10-03,149.89251708984375,150.27863686765107,148.6174490424882,148.98560625584767,6168600
2023-10-04,146.3995361328125,148.14153483996378,145.00774575470626,147.8901137586658,9664700
2023-10-05,147.1717529296875,147.93500425924117,144.91793776695945,144.94487475963354,8073000
2023-10-06,145.67222595214844,147.59380940056252,142.76292063294406,147.5399354059732,10190400
2023-10-09,149.7039337158203,151.02390110842484,148.1145827060969,149.39863867708155,8183500
2023-10-10,149.54229736328125,150.31452308797452,148.77007163858798,149.7488325662412,6512900
2023-10-11,144.65756225585938,148.23134535903688,144.10083236036527,148.22237092737913,12570700
2023-10-12,144.77426147460938,146.59707101287736,144.4779408603178,146.59707101287736,7397000
2023-10-13,147.3154296875,148.01581891728043,145.7350667051735,146.73177656315656,8042800
2023-10-16,148.51864624023438,148.8868033810873,147.12685605162844,148.4647722589231,5446000
2023-10-17,150.48513793945312,151.03287961853778,147.8452030829278,148.00683873813358,7538300
2023-10-18,151.6793975830078,152.3797867982676,150.47616623386108,151.27532898980726,6893500
2023-10-19,151.84104919433594,152.80183400793908,150.41331991960598,151.481866417093,6580200
2023-10-20,149.80270385742188,151.84102294901376,149.14721424170838,151.2214447541064,7458300
2023-10-23,144.28041076660156,147.64767218704787,143.89430470040617,146.6330133959869,16232400
2023-10-24,140.66172790527344,144.639593178109,140.5001059341777,144.4689830743379,17689900
2023-10-25,139.96131896972656,141.3441484681805,139.33276633471107,140.92211733436582,10502400
2023-10-26,138.95565795898438,139.34176403446565,137.94997357501254,139.1891164905715,10830400
2023-10-27,129.61712646484375,135.81288222287196,129.2669318124582,135.33697702094858,24524300
2023-10-30,131.17950439453125,131.49378756480425,129.59016708590255,130.7933983810038,13857100
2023-10-31,130.8562469482422,131.5656242643494,129.50934256220665,131.18849268042985,14261300
2023-11-01,129.28488159179688,131.10769142372334,129.14122217803728,131.0807544273045,10819600
2023-11-02,133.57699584960938,133.7925054889485,129.15017657353596,129.78770365843963,11099100
2023-11-03,132.54440307617188,133.39743998361917,131.2334097994524,133.16398143359436,13160000
2023-11-06,131.99664306640625,134.08883639999672,131.7182849909426,133.5500691109939,10634200
2023-11-07,129.6709747314453,130.748495471057,128.62039098271742,130.34442690638008,15054600
2023-11-08,127.86612701416016,129.88648374248277,127.7314420461737,129.19508263825767,12654100
2023-11-09,127.45308685302734,129.22202254673,127.30941374965363,128.44979674287288,10359500
2023-11-10,128.36000061035156,128.79999436162382,127.2645171491607,128.66529568604827,11988200
2023-11-13,129.30282592773438,129.57220955536792,128.270204673463,128.5395745996761,8747700
2023-11-14,130.24566650390625,130.649735109321,129.17712008638617,129.7338362226722,11224400
2023-11-15,130.70358276367188,131.67335544213972,129.6709616799407,130.07503020394776,10052100
2023-11-16,128.6348419189453,130.21361995374866,127.70027377223829,129.76902790718623,14031300
2023-11-17,131.0756378173828,131.737998686441,129.20648731619767,129.70553201687702,11075600
2023-11-20,131.00303649902344,132.19166132364083,130.90322756783178,131.22987372036403,8062400
2023-11-21,130.6945343017578,130.93045388531934,129.478690053565,130.5039987789307,6783300
2023-11-22,130.95767211914062,131.01211083948004,127.6821419432753,128.60764172418308,7216100
2023-11-24,131.47488403320312,132.41853488618264,130.83974240814905,130.93048285960637,3861000
2023-11-27,130.98487854003906,131.40226509648645,129.61478678167254,131.24800361070223,9850800
2023-11-28,132.02835083007812,132.94478220051212,130.7126975209436,131.36598992252235,9746500
2023-11-29,130.57656860351562,132.91753015946762,129.80531658861253,132.82678974181647,16417100
2023-11-30,130.29530334472656,132.48200360044618,128.87075897238816,131.5474353714139,16276000
2023-12-01,131.3931884765625,132.9356787962629,129.38795521446553,130.19549516004687,11906500
2023-12-04,131.44761657714844,132.20071774456792,129.9777159476312,130.65822754945125,11842800
2023-12-05,129.62387084960938,131.62911811008246,129.4151844688512,131.34782830726525,9597600
2023-12-06,129.32443237304688,130.685455667939,128.25376736001996,128.7527981587778,18079700
2023-12-07,129.22462463378906,130.6673060168437,127.92712239300337,130.21363158103696,14786700
2023-12-08,130.93951416015625,131.26616030951712,129.85976678185096,130.2136322899048,10821700
2023-12-11,130.97579956054688,131.9285046862694,130.49490582345385,131.4203915938725,9849600
2023-12-12,129.29721069335938,130.28621761374697,128.61669905813116,129.90513275942456,9863900
2023-12-13,131.21170043945312,131.27520765115037,128.5259421060083,128.9977673223654,10641300
2023-12-14,136.038818359375,136.038818359375,132.33684691051766,132.33684691051766,14960500
2023-12-15,135.5125732421875,135.93902836265335,133.67065595381223,133.67065595381223,30850900
2023-12-18,135.8119659423828,138.02589929812126,135.48533365551424,136.85542540170906,11561700
2023-12-19,137.5904083251953,137.76280685857103,135.63961342078596,136.06606857859506,8738100
2023-12-20,136.3291778564453,138.87882615555816,136.15677934311665,138.05313529963985,9370000
2023-12-21,136.74656677246094,136.82822485540433,135.39461184853124,136.8100739997348,7264700
2023-12-22,137.0550537109375,138.27089791055084,136.78284627272896,137.68112666530354,6396100
2023-12-26,138.28904724121094,138.8334482665835,137.8262904478422,137.98055194232865,5165600
2023-12-27,137.83535766601562,138.79714516579642,137.31816221139175,138.16200378339812,5337200
2023-12-28,135.89364624023438,137.93518122933867,135.55791773850646,137.17299764450536,8148000
2023-12-29,135.3401641845703,136.31102030052674,134.8955582428435,136.1295532909601,7658600
2024-01-02,135.63050842285156,137.4452062058254,135.4127535497237,136.0932652183389,8879700
2024-01-03,138.2164764404297,138.99679714331555,134.90464424484733,135.54886813416763,10255300
2024-01-04,136.70118713378906,140.04930675416364,136.63766606584707,139.4232338046568,8220300
2024-01-05,136.4652557373047,137.9442387307426,135.94807411407515,137.8988685211502,7455400
2024-01-08,135.64866638183594,135.8301334006285,132.99920914133537,134.66872786630074,10038200
2024-01-09,132.20074462890625,136.05697782342335,132.10093568654042,136.05697782342335,11784700
2024-01-10,131.11190795898438,132.4910820784872,130.7580424636235,132.4910820784872,8490400
2024-01-11,131.81964111328125,132.6271810438998,131.22078754359697,132.07369768616945,8612500
2024-01-12,133.62527465820312,134.74130991421322,132.62718534304267,134.13338782045014,9386900
2024-01-16,130.37698364257812,132.99922177153147,130.277174696007,132.9357006941465,9380400
2024-01-17,129.8597869873047,130.6764094102913,128.87984838674907,129.22464544390215,8167000
2024-01-18,128.68023681640625,129.92330046760168,126.68405801807515,129.75090194910524,11187800
2024-01-19,129.06130981445312,129.07037831904665,127.9452607224183,128.5985530243257,11192500
2024-01-22,129.2881317138672,129.44237934394937,127.8635874939214,128.76186776385788,9184600
2024-01-23,128.92518615722656,130.05030364024765,128.75278767204134,128.83445958531692,6767200
2024-01-24,131.49298095703125,131.54741966755648,129.04314206809224,129.47866559733745,8100000
2024-01-25,134.80482482910156,134.9137022603149,131.7742691582318,132.67254950087585,9773600
2024-01-26,135.322021484375,135.43089892766668,133.36214443484766,134.3148635987884,9151900
2024-01-29,135.267578125,135.39460641950046,133.48009965200004,135.276646629948,10494800
2024-01-30,136.21121215820312,136.3836106640568,134.02451183592282,134.4509530806063,9902900
2024-01-31,133.77041625976562,136.44710608212623,133.68875819709476,136.43802373402312,10428000
2024-02-01,134.18780517578125,135.21311368675782,132.94474182710564,134.46001256794813,8641100
2024-02-02,138.13479614257812,139.16917329450763,135.69402548139095,136.88265027891006,12839100
2024-02-05,138.2164764404297,139.2871416272711,136.81915121093664,137.5722525511094,8277800
2024-02-06,138.23458862304688,139.31432201369745,137.7446125411983,138.37068539853632,6198200
2024-02-07,138.0349884033203,139.53210850492167,137.16392739390378,138.84252834604047,6252000
2024-02-08,139.78616333007812,140.00393204096486,137.59944925195035,137.87165667929756,9237000
2024-02-09,137.04595947265625,140.9294251537937,136.99152075874608,140.1128029100085,9194500
2024-02-12,137.98960876464844,138.47050252661828,137.36353587018547,137.57222221999177,6713000
2024-02-13,136.646728515625,138.88788105586255,135.73937975747356,138.47956303865973,6987100
2024-02-14,137.01873779296875,138.0984850840307,136.1749100515772,137.2637258464557,5995100
2024-02-15,141.6783905029297,142.25624827895925,137.2847567359898,137.5049016958844,8950300
2024-02-16,141.8343048095703,142.87996875452498,141.33898220631315,142.513060530609,7570200
2024-02-20,141.25645446777344,142.7332270515995,141.10052369757065,142.6048126528372,6977900
2024-02-21,142.57728576660156,142.69653269812937,141.34817461250435,141.77928306143855,6628900
2024-02-22,142.56808471679688,143.66879532642866,141.10049389748252,142.00857595159368,8874900
2024-02-23,141.86184692382812,142.1003268155678,140.56852144251494,142.05446152973934,6561600
2024-02-26,141.669189453125,142.67816955126494,141.10049921387377,141.75173855312264,6900800
2024-02-27,139.56871032714844,141.14638084737092,137.49571715730409,140.52264380638766,15093800
2024-02-28,139.7338104248047,141.12803383269986,139.22015285245362,139.7521593369941,6715900
2024-02-29,139.43112182617188,140.5593490341173,138.9449806049738,140.25665495365288,9334400
2024-03-01,140.16493225097656,141.5775047057476,139.6512746296491,140.38507722988282,7459100
2024-03-04,136.56011962890625,139.9631076750611,135.45024149767198,139.88055857333197,12503200
2024-03-05,137.21136474609375,138.15613071744193,136.02811891658138,136.51426008645495,6985500
2024-03-06,136.05564880371094,139.79802923512716,135.88136912245494,138.34877303893268,14692100
2024-03-07,137.0095977783203,138.2754069776707,136.1657296441271,136.21159493322784,8739300
2024-03-08,137.47740173339844,137.5782997692108,136.11069452032592,137.00959538730442,7528400
2024-03-11,139.4219512939453,139.49533294784487,137.21137620712398,138.04607677459717,7577100
2024-03-12,139.32106018066406,139.94479727169244,138.31207988464175,139.26602743653922,6432900
2024-03-13,141.1555633544922,142.06364564486753,140.47679350143298,140.55935661591835,8065600
2024-03-14,142.8157501220703,142.84326648849296,140.1190342437153,141.04546523366773,9047200
2024-03-15,142.67819213867188,144.0448852198296,141.64169550977812,142.34798169028835,20387200
2024-03-18,142.54977416992188,143.70550371224473,142.11866570655368,143.1184644849526,7242700
2024-03-19,143.65965270996094,143.86144877653808,142.18288003880315,142.44889030661872,7736700
2024-03-20,141.76092529296875,143.4853449848499,141.4673987094294,142.87078944619697,8449100
2024-03-21,142.04527282714844,142.80659167045545,141.63251330866387,142.12782193162172,7899100
2024-03-22,141.86184692382812,142.43053727896435,141.40322205778403,142.24709013177073,5974700
2024-03-25,143.52206420898438,144.2925506114993,142.42136734880302,142.61398195137178,6058700
2024-03-26,142.42138671875,143.87981060674548,141.852682300016,143.5679490199015,6677900
2024-03-27,143.4119873046875,143.49453641350235,142.03611283996503,142.05444775562245,7416900
2024-03-28,144.68698120117188,145.0997407911525,143.43033952111995,144.14579320938518,8331600
2024-04-01,145.9160919189453,146.38388425287212,143.95317801366352,145.17312186077666,6285700
2024-04-02,146.5581512451172,147.87899301012726,145.86104653408154,146.80581257508638,8815400
2024-04-03,147.16354370117188,147.63133600827757,146.50312279930523,146.8516821631014,7819700
2024-04-04,147.39283752441406,148.54856695876666,146.5948348670838,147.4937355382469,9269700
2024-04-05,148.22752380371094,148.75034873722169,146.63150464581963,147.9798625214603,7432800
2024-04-08,147.9248809814453,149.05309433038593,147.0626639194778,148.27342639236306,7253200
2024-04-09,148.59445190429688,149.08059312725715,147.1818935197956,148.45687004727782,6576200
2024-04-10,149.20899963378906,149.30073019769637,147.68636184808918,148.787072630501,7525800
2024-04-11,148.49354553222656,150.080383510523,146.57649711952152,150.080383510523,7682500
2024-04-12,145.80599975585938,150.30968456775327,144.96211782358765,148.86042854823324,11071000
2024-04-15,144.54937744140625,147.2094099797049,144.33841392847697,146.70491984346552,7236900
2024-04-16,143.3477783203125,144.75116920563448,142.55894303869653,144.2833769092336,5541900
2024-04-17,143.4578399658203,144.6594487666088,142.76073526894461,143.0817782455731,6733900
2024-04-18,144.53103637695312,144.96213084290875,143.4486744946848,144.1366117431719,4979200
2024-04-19,146.75994873046875,147.44788599014282,145.06303122482495,145.61338663101196,7734700
2024-04-22,148.5210723876953,149.23652604673865,145.32904729380036,146.71408932684685,6779200
2024-04-23,149.37413024902344,149.37413024902344,147.31031827196605,147.96155776912101,5597600
2024-04-24,150.03451538085938,150.2821626817739,148.0899368204906,148.48436140436496,7610300
2024-04-25,151.60301208496094,151.8965386737746,149.20899007990724,150.15375604395925,9702600
2024-04-26,152.16253662109375,153.1623353328387,149.78686349997267,151.55714852189988,9736400
2024-04-29,152.56613159179688,153.2815851786039,151.06184276875152,152.18088842937144,6364000
2024-04-30,147.9248809814453,152.37353416840247,147.6313543237026,152.23595229516144,8457300
2024-05-01,146.42056274414062,148.08994979080342,145.7509604378196,147.47539421895755,7713700
2024-05-02,147.42953491210938,148.39264986073016,146.65904855166042,147.1360222969418,8597100
2024-05-03,146.9892578125,147.36533353165046,144.04488024966392,147.36533353165046,11664500
2024-05-06,148.86959838867188,150.4472686667953,147.42950993870934,147.42950993870934,8430300
2024-05-07,149.20899963378906,149.6492755490824,148.6127929567485,148.87878919828933,6869900
2024-05-08,149.08975219726562,149.58507484690472,148.172502545761,148.54857826194646,6706400
2024-05-09,151.75894165039062,151.81397438633346,149.26402164945037,149.53003186799802,6683300
2024-05-10,152.0983428955078,152.6486842849938,151.36454038007432,152.30012494103613,5490900
2024-05-13,150.9150848388672,153.09814349972802,149.49334507230756,152.70371886951747,6848300
2024-05-14,150.0712127685547,151.52963632356145,149.5300388450418,150.74080108063197,4924000
2024-05-15,149.55755615234375,150.245493380279,146.91587271831446,149.63093780285777,7603100
2024-05-16,149.25181579589844,150.09494511515086,148.68664290620137,149.65948334091945,6409400
2024-05-17,150.7156982421875,150.99365465658119,149.34446450528267,149.86330893884394,5497900
2024-05-20,149.2981414794922,151.0214543461177,149.23329299167696,150.7620321199548,4913800
2024-05-21,148.214111328125,149.59461916308248,148.00101754737648,148.77928415854922,4783300
2024-05-22,145.99049377441406,147.79718923738193,145.01765340590822,147.79718923738193,6260500
2024-05-23,145.4067840576172,146.94479724913162,144.84161121675706,146.31476178741786,6718400
2024-05-24,146.15725708007812,147.28760276662211,145.74032953871847,146.46300771372856,4477700
2024-05-28,147.35244750976562,147.7045265585074,146.34255292384282,146.50005825158263,6928300
2024-05-29,145.36972045898438,146.84288521569155,144.94353287555882,146.4074234647238,5909600
2024-05-30,146.6297607421875,146.81507442271618,145.2863213830482,145.3233897741335,6369600
2024-05-31,150.37286376953125,150.6322859352931,146.86137622859047,146.9725672549511,10334200
2024-06-03,145.88858032226562,149.79844781060044,144.9620683566757,149.6224224125969,9009900
2024-06-04,144.65631103515625,144.86014478917446,142.7847529925572,144.27643775380866,6360500
2024-06-05,143.5908203125,145.4809126372205,143.17389275592802,144.6841117821816,7058500
2024-06-06,144.4709930419922,144.5543898570273,142.11765904850836,143.1460878177455,5215100
2024-06-07,144.6099853515625,146.10167014107807,143.72980183568816,144.26718045760467,5887700
2024-06-10,145.22149658203125,146.57419619076433,144.83236323688402,144.91574592424743,7074700
2024-06-11,144.98985290527344,145.23074091076313,143.1275549307944,144.69336231010175,5132000
2024-06-12,142.88668823242188,146.04609768828064,141.20042953019163,145.91638656791307,10017400
2024-06-13,141.6081085205078,142.76624866635882,141.0429355638344,142.4697721404965,6163000
2024-06-14,141.35794067382812,142.02501629816075,140.8020278265248,141.87678512467073,6159100
2024-06-17,141.932373046875,142.61798286685348,140.76495889942896,141.2930775161214,6321400
2024-06-18,142.06207275390625,144.48952943236424,141.60807682885314,142.26590650495461,6942900
2024-06-20,145.1288299560547,145.8422481095203,141.98795503975964,142.4141567533424,8336000
2024-06-21,143.8687744140625,146.0831374082804,143.81318595907425,145.27707653604995,21289800
2024-06-24,147.6026153564453,147.81570914481907,144.71190261867858,144.78602527060212,7971600
2024-06-25,146.81509399414062,147.64894911788235,146.08314161584548,147.42658115407417,5985400
2024-06-26,144.48953247070312,146.8150864599887,144.34128716910521,146.8150864599887,8637800
2024-06-27,144.8323516845703,145.40678455719024,144.20231622069193,145.18441660450665,5568700
2024-06-28,144.9250030517578,146.92627233309935,144.69337505542063,145.94417189062182,11283400
2024-07-01,145.01766967773438,147.03745915592793,144.51734525495763,145.61063682281846,5584100
2024-07-02,145.2307586669922,146.12947645449216,144.0262902173833,146.0924080568388,7216800
2024-07-03,145.19371032714844,146.14801661258946,145.05472503645822,145.40680414126436,3264200
2024-07-05,142.97006225585938,145.0454541933748,142.38635518086576,145.0454541933748,6183100
2024-07-08,142.98861694335938,143.86880062843613,142.05284479316555,142.05284479316555,4990700
2024-07-09,141.73780822753906,143.386998531313,141.15411525454275,141.75634242686567,5301600
2024-07-10,143.72979736328125,144.0170137938709,141.10776695709083,141.29306651191155,5416600
2024-07-11,143.85025024414062,145.16589560789214,142.88668396979142,143.60936220991618,8322500
2024-07-12,144.156005859375,144.9435467535389,143.20169958289037,144.68412451162766,6446300
2024-07-15,146.4259490966797,147.79719702475478,144.8786757654615,145.41605441768806,5661200
2024-07-16,146.17579650878906,146.67610674883665,144.6748375137451,145.47163836822872,6924200
2024-07-17,149.38150024414062,149.61312820451187,146.65755316818294,146.85212687537222,7296600
2024-07-18,150.067138671875,152.2073789715884,148.46427698891065,149.38151475310204,6577700
2024-07-19,147.45437622070312,150.7434965829635,146.76876640226888,150.53966281600984,6427700
2024-07-22,145.453125,147.29687484509398,145.32341388457905,146.59273080958764,5577300
2024-07-23,142.76622009277344,145.09177408817004,142.53459210996184,144.86014610535844,6238700
2024-07-24,143.67420959472656,144.25790248831882,142.14545645091374,143.32213054267575,5971700
2024-07-25,145.96267700195312,146.62976669407738,143.25726397831568,143.95214789615764,5432100
2024-07-26,146.2406463623047,147.35245790193537,145.51796815467222,146.13872947982057,5232500
2024-07-29,145.091796875,146.62053614666678,143.4796607719614,146.62053614666678,5072000
2024-07-30,147.84352111816406,148.32529716125097,144.94353414221678,144.96206834001262,5740900
2024-07-31,148.67739868164062,149.80774458120283,148.28826529387453,149.80774458120283,6209200
2024-08-01,141.40426635742188,147.77867386701837,140.85762763391168,147.04673555862618,16689900
2024-08-02,137.6333465576172,140.8668640637937,136.2157844714668,140.02374897322073,13278600
2024-08-05,134.0292205810547,135.05764939955114,132.8710806565069,134.82602141464156,13037200
2024-08-06,132.7042999267578,134.4276126840212,132.6023830488436,133.87171400785726,9692700
2024-08-07,131.94456481933594,135.02057701659788,131.82411374675692,133.9550939724675,8867900
2024-08-08,133.87173461914062,134.1774852999576,132.22254425894164,132.55608917097356,7531100
2024-08-09,134.33497619628906,135.37266508315815,132.66725181564178,133.6122979875837,7653100
2024-08-12,134.36277770996094,135.95637952260466,129.4244669244076,135.12251021834138,8442200
2024-08-13,133.55670166015625,133.92731494960634,132.53754692343426,133.49185317040963,7794800
2024-08-14,134.03848266601562,134.56660126568252,132.88960275376778,133.77906044993554,5874200
2024-08-15,136.011962890625,136.6790526540833,134.78896027846773,134.89087716281418,6304200
2024-08-16,136.4474334716797,136.77170420649392,134.9372143071946,135.31708764043165,6874400
2024-08-19,137.5623016357422,138.40548920173407,136.68163080709337,136.794052003712,5967400
2024-08-20,135.557373046875,137.2624897736213,135.43557388936605,137.09385798230963,7497600
2024-08-21,136.14761352539062,137.3842895543131,135.4262108360416,136.25065675676464,5985000
2024-08-22,136.53172302246094,137.0938575832149,135.96960275738266,136.1757178099474,4027000
2024-08-23,138.30242919921875,138.74276460566716,137.08449480249843,137.2812318930621,4824100
2024-08-26,139.1268768310547,140.6165147075768,138.23684243100104,139.56721219767562,5780300
2024-08-27,137.6747283935547,140.11062592031118,137.47799129152514,139.2861656566687,5100000
2024-08-28,136.78469848632812,137.8527428204902,136.29751610536803,137.1969286320884,5614400
2024-08-29,138.11508178710938,138.82710664651214,136.26006024835053,137.21568346951415,4466700
2024-08-30,138.6116180419922,138.73341721422403,136.50363462173172,136.99081701498162,6414800
2024-09-03,135.52926635742188,136.5692052801985,135.17324685184997,136.36309022914904,7944700
2024-09-04,133.102783203125,136.3443857144766,132.7280219648003,135.51056161576344,9820700
2024-09-05,132.03469848632812,134.1333181220933,131.72554018193608,134.1333181220933,9371100
2024-09-06,129.81430053710938,133.1402327772111,129.16785000392304,132.16588229091343,7836400
2024-09-09,131.44447326660156,133.0559105406965,129.7955527280802,129.88924659346955,9892300
2024-09-10,129.505126953125,132.17524497136233,128.43708260496552,132.0065988660333,8202500
2024-09-11,129.17721557617188,129.73933585429955,126.82563404795816,129.4863881621963,9534000
2024-09-12,130.42327880859375,130.6668628501021,128.74625293211375,129.50512465342536,6591500
2024-09-13,131.7349090576172,132.59683832717914,130.89172142095453,131.04161159711688,5900700
2024-09-16,133.12149047851562,134.13332422596423,132.16588163010084,132.74674359235422,6864300
2024-09-17,134.35816955566406,135.0420889980392,132.79357928015258,132.8497898787483,7338800
2024-09-18,134.87347412109375,136.40995929004762,134.15207132537626,134.27387050139657,6180300
2024-09-19,135.8384552001953,137.51546681199545,135.78223030125994,136.60669060418417,7247400
2024-09-20,136.48489379882812,136.7003868426219,134.38628833054332,136.06329997140858,23162900
2024-09-23,138.2274932861328,139.0519535990381,136.73785509905144,137.01892241442167,6960600
2024-09-24,138.14315795898438,139.68902082835234,137.6372482989847,139.48290577910328,6014200
2024-09-25,134.88282775878906,138.1057023358526,134.4424923197323,137.674730565148,7888400
2024-09-26,133.02780151367188,134.1801616881604,131.75364217672453,132.00658987397173,8046200
2024-09-27,136.306884765625,136.56921042308005,133.82414039200768,133.9553032207352,8049200
2024-09-30,137.97454833984375,138.1712854575804,135.17326738999245,136.19446483719497,7491700
2024-10-01,140.2511444091797,141.01939402835202,136.26939841124823,137.11260025880392,9489100
2024-10-02,141.42227172851562,142.6683259461605,139.83893957003696,142.10619127954473,8105400
2024-10-03,141.7033233642578,142.565252607422,140.5509631505975,141.75953396555684,6553300
2024-10-04,141.2255096435547,142.8744157875115,140.66337507628427,142.85567415642225,7892400
2024-10-07,141.58152770996094,143.108649129627,141.17867552687295,141.93754725458913,5895900
2024-10-08,139.3611297607422,140.15748479193186,138.40550658245016,139.78272359668114,5892700
2024-10-09,140.2042999267578,140.87885569830647,138.05884774757956,138.1993742434538,4973500
2024-10-10,141.1130828857422,141.9843900893662,140.3916944444343,141.16929348681276,4420900
2024-10-11,141.8625946044922,142.71516019799054,140.76644496814166,140.88824413740633,5051300
2024-10-14,142.19985961914062,142.31228081400343,140.70084364114916,141.01939418605355,4214700
2024-10-15,138.40550231933594,140.49475839235188,138.24623417713929,139.40797240311633,6704600
2024-10-16,139.3423614501953,139.62342871890405,138.8551934331537,138.98635625246106,4303700
2024-10-17,141.65647888183594,141.77827805054207,139.5672371552448,139.83892649811568,6593100
2024-10-18,141.23487854003906,141.54405113391635,139.95135552858684,141.30046710344172,5208200
2024-10-21,141.356689453125,142.85569131981714,140.99130622920305,142.40599218937726,5074000
2024-10-22,141.39414978027344,142.10617455124813,140.7383356102077,141.70332238094946,4416400
2024-10-23,140.98191833496094,141.4691006977692,139.86702710837886,140.8694971341885,5248600
2024-10-24,140.9538116455078,141.8906930978484,139.95135592525514,141.59089846685117,5474300
2024-10-25,141.29110717773438,142.51841974619938,140.96320720588886,141.83450020340558,6839900
2024-10-28,141.0381317138672,141.18803618163471,138.80836351245213,138.89267941469254,8892000
2024-10-29,139.14564514160156,140.92571428303805,138.53666358587427,140.56969473647985,6014700
2024-10-30,138.70530700683594,140.2043088086011,138.33992379874,139.67029379477336,5784000
2024-10-31,139.4266815185547,140.12934249149163,138.55537447836238,139.3704566323535,8400900
2024-11-01,143.408447265625,146.08791442996161,142.12490998623852,142.85567635754418,11728000
2024-11-04,144.25164794921875,144.67324177166088,142.98685218621497,144.67324177166088,6130000
2024-11-05,143.72698974609375,144.9074552518701,142.92127111005306,144.77629241789495,5978900
2024-11-06,147.76495361328125,148.59877758937432,146.26593747178305,147.18409164889746,12118900
2024-11-07,146.87490844726562,148.03663229229917,146.52825259081973,147.97105802476167,8143200
2024-11-08,147.02479553222656,147.6337770374102,145.84433008020804,146.71563724139577,6041500
2024-11-11,146.62193298339844,147.9710444304259,146.05979844857865,147.22153648255787,7771700
2024-11-12,145.4883270263672,147.5307362028583,145.32905888117622,147.37146805766736,5681900
2024-11-13,148.70181274414062,148.98288001532296,144.7762775019054,146.21908282265966,8824000
2024-11-14,151.58741760253906,151.61552290166804,149.60121925814178,149.75112371728045,10111200
2024-11-15,151.23138427734375,152.13079665437604,150.61303916161373,151.32507812966944,9022800
2024-11-18,152.1494598388672,152.86876239711148,150.5499907809177,151.96017501251583,6075400
2024-11-19,151.0515899658203,151.8371212101593,150.2471114664059,151.4112267746186,4657400
2024-11-20,152.6889190673828,152.79302787604024,151.2219365604844,151.34497818203542,6391300
2024-11-21,152.9728546142578,153.93821145632248,152.6510545587313,153.34196504010725,7945200
2024-11-22,153.66375732421875,153.90036695212365,152.51856037089658,152.85927881273986,7005900
2024-11-25,151.7708740234375,154.43036382044596,151.2692627883472,153.46499253490205,10702400
2024-11-26,153.8246307373047,154.2126739440887,152.75515073277936,153.61641313568907,7369500
2024-11-27,153.42713928222656,155.85947861411427,152.95392005236855,154.04231850444006,7674500
2024-11-29,153.25677490234375,154.03286138162673,152.05480844029086,153.55964214543127,5077000
2024-12-02,153.52178955078125,154.22214477135495,151.53426300041264,153.59749191935282,6229600
2024-12-03,153.247314453125,154.45875453247737,152.7457032222137,154.2505369149476,5900100
2024-12-04,149.84014892578125,153.17160201841273,149.40478086537203,153.1621428324384,7862700
2024-12-05,150.79603576660156,152.0642597882766,150.19031575315196,150.7581701424148,6358400
2024-12-06,146.92510986328125,150.3228204255666,146.85885224000046,150.24710361674767,9701700
2024-12-09,148.6665496826172,151.50586496049414,148.42048089080942,148.59083287555995,9404500
2024-12-10,148.5908203125,150.97584898788838,148.30688592041756,150.54048099449486,9126200
2024-12-11,147.84315490722656,148.75172772140422,147.45511168128397,148.45833411596135,13764700
2024-12-12,146.4235076904297,148.1460182626245,146.00707243694146,147.52136538239213,7621500
2024-12-13,145.6284942626953,146.6601232520408,144.87135498008308,146.57493280746672,5816200
2024-12-16,141.36004638671875,145.6474113770534,141.25593758035612,145.6474113770534,11961200
2024-12-17,140.17701721191406,140.68808768556624,139.0412938159597,140.07290839153038,11909300
2024-12-18,136.36285400390625,140.70700303602638,136.26820438203026,139.84574057807092,10174500
2024-12-19,133.58978271484375,137.0064261295859,133.4004979113396,136.8266149532351,16544300
2024-12-20,135.19874572753906,135.19874572753906,133.0219342856002,133.27747672464878,32209200
2024-12-23,135.3123016357422,135.67195285548866,133.9588871898307,134.84854161246406,8156500
2024-12-24,136.13571166992188,136.3249964834226,134.6403370927067,135.43535641581863,3556100
2024-12-26,136.26821899414062,136.58054545001664,135.2460636225935,135.97482535297092,4492600
2024-12-27,136.2871551513672,137.9055714730526,135.7098270414685,136.56161598456188,5296500
2024-12-30,135.40695190429688,136.2681998923719,134.72551508545442,136.0883742816351,6194800
2024-12-31,137.0821533203125,137.55537258566142,135.64357715153605,135.83286196937442,6137800
2025-01-02,138.8520050048828,140.13916200108878,137.687875199049,137.687875199049,7170300
2025-01-03,139.93093872070312,140.54611797226235,139.41039465472699,139.63753065333074,5809000
2025-01-06,139.37252807617188,142.27810119819767,139.00341763945414,140.4514673866933,5888700
2025-01-07,141.57772827148438,142.43899075129062,139.7227169442918,140.55557298361077,7736000
2025-01-08,142.2497100830078,143.0825661465588,140.1012906346492,140.1107498207501,7640900
2025-01-10,144.93759155273438,146.073314866317,142.78917211054946,145.19313399177975,11074700
2025-01-13,147.02923583984375,148.92211295684717,145.7515380092639,145.8461876417166,11774100
2025-01-14,148.49620056152344,148.5056741894498,146.18690266393068,146.89673156612056,6830200
2025-01-15,149.84959411621094,150.19031251903348,148.00404211821538,148.47726131982984,7900000
2025-01-16,150.84336853027344,151.33550613861817,149.56567081442472,149.56567081442472,5578900
2025-01-17,152.82139587402344,153.10533025681588,150.29440730602562,150.60673368294704,9260400
2025-01-21,149.76443481445312,152.7551695263774,149.0546059329337,152.51855989920426,10131400
2025-01-22,148.03244018554688,149.95370906756915,147.89993938132136,149.2344066090553,7232200
2025-01-23,147.65386962890625,149.48050349845178,147.28475918046007,149.18710986526455,5979800
2025-01-24,147.31312561035156,149.03565036510807,146.95348885217973,148.07975281621233,8003800
2025-01-27,148.8085174560547,149.4331703158325,147.1901157502272,147.95672860472496,7141000
2025-01-28,147.84315490722656,150.4079949896181,146.8683100288937,149.2628125656956,6425400
2025-01-29,147.3509979248047,148.1933275295365,146.51812750520324,147.3793899216998,5630600
2025-01-30,147.947265625,149.01673125464362,147.1901119757314,148.1744016107273,6931900
2025-01-31,141.1991729736328,146.10171784836092,140.68808805712436,145.52438974134597,16726800
2025-02-03,141.3411102294922,142.77970067204927,139.88360141641107,141.0193246325333,7605000
2025-02-04,145.0133056640625,145.17419847335108,140.75433248634852,140.75433248634852,8458100
2025-02-05,144.79562377929688,145.56223661376424,144.13310531056763,144.79562377929688,6533700
2025-02-06,143.7639923095703,146.94402602462048,142.96898749118387,145.95973640778553,6420500
2025-02-07,144.4454345703125,145.5716986594751,143.78293053007127,144.31293376226424,4724900
2025-02-10,147.42674255371094,147.4551345559644,145.8083262177297,146.02600304884186,5653800
2025-02-11,149.0072784423828,150.20925937045115,147.7579727014289,147.9756639524015,6011800
2025-02-12,146.6033172607422,149.0356711275,146.29100526557212,148.35423425502728,6693500
2025-02-13,147.53082275390625,148.0418931368245,145.10794275495283,146.48973473490096,7836400
2025-02-14,148.65045166015625,150.66958743411183,148.21026922698275,148.40165352843584,5828800
2025-02-18,149.43515014648438,150.5356208595904,148.11457360940784,148.6504555080225,5981500
2025-02-19,150.45904541015625,151.54038777864048,149.2820182012718,149.7796290170811,4945800
2025-02-20,151.9518585205078,152.10497178239828,150.30594206108032,150.7174175255161,6256200
2025-02-21,150.16241455078125,152.10499371080755,150.0667296995684,151.32031368344204,6689800
2025-02-24,151.0906219482422,151.51167611752336,149.99971551041563,150.32507024061132,5925000
2025-02-25,149.68394470214844,152.14327751576337,148.76529421270624,151.1863414049441,6810900
2025-02-26,148.45904541015625,149.94229908008083,147.75090753761776,149.87530655354917,6005200
2025-02-27,149.92318725585938,151.4734191710074,148.14328540444654,148.98539390239713,7517200
2025-02-28,151.78919982910156,151.83704955453953,148.24853917198277,149.95188426543484,8828500
2025-03-03,146.49734497070312,153.19589771304916,145.22461819745502,152.5930378953846,9059800
2025-03-04,145.45428466796875,147.5116914064795,143.5882622257892,144.69831158687043,8826300
2025-03-05,144.31553649902344,144.85141839952675,141.37775015101892,143.68395514413595,9288300
2025-03-06,146.36337280273438,146.72701319135606,143.03323928076978,144.02844639477914,7314700
2025-03-07,149.60739135742188,150.66959104790246,147.09065925966198,147.32031458623948,8562600
2025-03-10,150.78440856933594,153.46381761762925,149.4446894435051,150.42076822634576,11750300
2025-03-11,147.4447021484375,151.99971229867214,147.1671825286403,151.60736503023315,10466300
2025-03-12,146.09542846679688,148.12412826837993,145.66481015441934,147.02365762545003,9710200
2025-03-13,146.99493408203125,147.77961397999815,145.3777099658545,145.70306468936067,9022800
2025-03-14,150.2581024169922,150.46862951578726,146.42077951760606,147.35858735830612,6671500
2025-03-17,151.8848876953125,152.58344690803045,150.009286653678,150.44948365177189,7615200
2025-03-18,153.88487243652344,154.15281334249093,151.98057918351753,152.8609585319371,9289500
2025-03-19,156.98536682128906,157.4542561553413,153.97100940872014,154.0380019431195,11503900
2025-03-20,157.67434692382812,158.19108593291045,155.4159774067545,156.10497248665388,9545900
2025-03-21,157.6552276611328,157.7891981354724,156.08585298957505,157.4064295235555,21625500
2025-03-24,157.91358947753906,159.26285819724163,157.24373716958652,157.5977988320003,8068000
2025-03-25,158.79397583007812,160.593020337307,157.9997171295821,158.9279462975301,7869200
2025-03-26,160.73654174804688,161.6839136485428,160.0475466570834,160.16237430501576,10076100
2025-03-27,159.473388671875,160.97578529595376,158.7078515046783,160.047556148958,6862700
2025-03-28,158.9375,159.93272163738413,158.18152696921433,159.5212315560566,4923000
2025-03-31,160.0858154296875,161.6456257667774,158.97578077796211,159.03319460112394,10675300
2025-04-01,161.2532958984375,161.3394312441549,159.0045048391752,160.08583269594766,6378600
2025-04-02,159.3011474609375,160.7461156584193,158.70785177484444,160.19109099007707,7044900
2025-04-03,149.39683532714844,154.4016208416313,149.09062341707818,153.22457911397106,15501000
2025-04-04,137.10980224609375,145.8944831732992,136.60262728490466,145.2246162268055,20374700
2025-04-07,134.1145782470703,139.89448002294344,131.37774062774818,132.75573084190827,17817000
2025-04-08,131.0332489013672,138.26769784742964,129.06196293576758,137.94232848673326,12904400
2025-04-09,139.7413787841797,141.1193691169662,128.11461090424456,129.20551748408616,16846800
2025-04-10,129.16722106933594,137.4447264788507,127.70311011351575,137.0523792026675,20991200
2025-04-11,129.78924560546875,131.2150710240119,126.35383397033293,129.1959353048823,17224400
2025-04-14,129.49258422851562,132.57390466022957,128.32512116111957,132.516490837519,9628200
2025-04-15,128.7461700439453,130.74617749041272,128.4686650135366,128.53565754600254,9334800
2025-04-16,129.53086853027344,131.62656088428986,128.99498666109196,129.5691395487782,8637200
2025-04-17,131.93276977539062,134.20071816425673,130.5739223238788,130.80359223463444,8434400
2025-04-21,127.97105407714844,130.42080803269056,126.63134944573802,130.16244581200198,9967500
2025-04-22,131.38731384277344,132.28683600618854,129.1289443309788,129.435156253727,7984700
2025-04-23,130.7940216064453,132.58350207634803,129.3299105139617,131.30121118256397,10002000
2025-04-24,133.0811004638672,133.3968765037219,131.31076297084647,131.98061527031635,7745800
2025-04-25,132.75575256347656,133.06197915081043,131.33949110127588,132.3729839309966,6878500
2025-04-28,134.06674194335938,134.41123949385766,132.70787994851045,132.9853995706344,6715500
2025-04-29,133.3011932373047,133.98060964848048,132.60263401686493,132.71746166907826,7343800
2025-04-30,130.20071411132812,132.20070691278494,128.36339868302625,132.05717234873208,13858000
2025-05-01,130.39210510253906,132.00932941522856,129.3011985545837,129.58828229913738,10199800
2025-05-02,132.53564453125,133.76052152195993,129.46387334878048,131.94234884559893,12393200
2025-05-05,129.6648406982422,131.10024483881313,129.35861413944443,130.880153625731,9665000
2025-05-06,129.7605438232422,131.39689641289212,129.22464733016898,130.47824591385373,9916200
2025-05-07,129.9423370361328,130.43038375631284,128.82272363369017,130.2102925579741,8422100
2025-05-08,131.1385040283203,132.90884148267023,130.59305809698265,130.80358518674376,8669300
2025-05-09,132.5260772705078,133.368171055509,131.77008962290932,132.91840994913653,5965700
2025-05-12,135.52127075195312,137.52127807601758,134.51649963994018,136.31552937890692,8028200
2025-05-13,136.2198486328125,137.0619424034004,134.8514225278692,135.43515408561558,8536800
2025-05-14,135.56912231445312,136.10500414192558,134.6696001319024,135.6552430506502,6453600
2025-05-15,136.13372802734375,136.3251269338918,133.50215368085938,133.97105763920374,7545400
2025-05-16,135.98060607910156,136.8418426044701,134.64088697091452,136.55475889545258,8200100
2025-05-19,134.14028930664062,135.13793771995657,132.81330843511725,135.08950517202558,7713600
2025-05-20,132.9586181640625,134.39213007997776,132.7261507805871,133.9465712898682,6503900
2025-05-21,131.30230712890625,132.82300340798443,131.23451338564018,132.32901211194675,9073200
2025-05-22,131.04078674316406,131.71881287141724,129.56853775153857,130.75022100767148,8877600
2025-05-23,132.25152587890625,132.4936738435721,129.84942220769184,130.16905929459546,7025900
2025-05-27,133.5010223388672,133.636624612658,132.12562362483476,133.06515894307807,8348900
2025-05-28,131.7478790283203,134.43086804478887,131.39918534082628,134.42118744608126,6876300
2025-05-29,133.57850646972656,133.60756304305687,131.8253575742833,132.21278840504667,7554300
2025-05-30,132.40650939941406,133.13295332235842,130.96331693140323,132.58086362628123,12858900
2025-06-02,133.51071166992188,134.33402074435017,132.14499346485204,134.14030530905538,9076600
2025-06-03,135.16700744628906,136.1743365554018,132.30966419476874,133.32667390259425,9001300
2025-06-04,133.05545043945312,136.21306915693373,133.01671327056545,135.04106657943478,8735600
2025-06-05,132.6002197265625,133.9465618208254,132.40650431046387,133.81095955160248,6342600
2025-06-06,135.8062744140625,136.19370525543434,133.7528495720818,133.7528495720818,6563500
2025-06-09,136.33897399902344,137.67563538847213,135.30258847699434,136.13557800121723,7159500
2025-06-10,138.84764099121094,140.38769841221557,137.452866428966,137.753127523428,9841500
2025-06-11,140.23272705078125,140.5620447331385,138.13088450697597,139.6612614055957,9256700
2025-06-12,140.41676330566406,140.63953529547732,138.92512356281972,139.9615239485203,6999400
2025-06-13,141.32723999023438,142.9641625769393,140.00025910931325,142.4604906780596,14148000
2025-06-16,141.4434814453125,142.25709513719596,139.22541238015725,141.15290090405688,10105100
2025-06-17,144.17491149902344,145.2694103055945,141.89871460212234,142.70264765976103,11330300
2025-06-18,143.53562927246094,145.45343700595816,143.0610139431571,144.74636909049636,9841900
2025-06-20,144.85292053222656,145.19191882700184,143.2547350412938,143.85527206495007,23705900
2025-06-23,142.24742126464844,147.37126642556598,141.72438808928834,147.34220984802047,10540600
2025-06-24,139.04136657714844,141.79216395436643,138.6636163371751,140.00026307425196,10778400
2025-06-25,138.73141479492188,139.6709501277088,138.0340274390483,138.90576902366007,7386100
2025-06-26,139.90341186523438,140.5233100699565,138.89606804534907,139.18664856183673,7415700
2025-06-27,139.27381896972656,140.1261845477499,138.0921504813839,140.00995825239727,9213500
2025-06-30,138.6926727294922,139.57409488145575,137.92747687289466,138.5473750807455,6980300
2025-07-01,140.9979248046875,141.67593615390686,138.03402128460476,138.83795430565732,8508200
2025-07-02,143.3322296142578,143.3612861897847,140.90106919142113,142.39269426011495,8228700
2025-07-03,143.70997619628906,144.30081784944207,142.73170369300337,143.19662366907048,5173300
2025-07-07,142.7704315185547,143.51625137474534,141.00760205246786,142.7704315185547,9460900
2025-07-08,148.42701721191406,148.42701721191406,142.63482743262855,142.6929553571868,14082100
2025-07-09,148.21392822265625,149.12440692145196,147.69088034994698,148.1364391015312,9495900
2025-07-10,149.32778930664062,150.4029267473973,146.91599051263586,147.99112795339252,8395100
2025-07-11,150.43199157714844,150.9937766002345,148.7466512874284,149.4440237931324,8333200
2025-07-14,146.88694763183594,150.03487113343084,146.39297111068112,150.03487113343084,10706300
2025-07-15,145.9571075439453,147.5262216039968,145.53092476725513,146.8385296703238,7346300
2025-07-16,145.21128845214844,146.72228937418905,144.53327711271208,146.02490205947205,7923400
2025-07-17,146.6254425048828,147.0709864900446,143.9327582795587,144.47516736386297,8359600
2025-07-18,145.3275146484375,151.013158857141,141.92776257609933,150.1511127019564,45782600
2025-07-21,144.97882080078125,146.9063239000828,144.446107107695,146.45108454888867,17982200
2025-07-22,145.3275146484375,146.19925618102536,143.8165137273983,144.57201418791792,26196500
2025-07-23,148.31077575683594,148.33015173163832,145.7440133282081,146.17019609663046,13162800
2025-07-24,150.93568420410156,151.10034306081533,147.41969072265667,147.8943060952129,15701000
2025-07-25,149.9767608642578,151.29404639214457,149.12441007294683,150.935672131464,7875500
2025-07-28,151.3715362548828,151.63306019804276,150.0833072942922,150.5191706798661,8755400
2025-07-29,152.0979766845703,152.27233090254234,150.56759979143226,151.75896362600946,6446000
2025-07-30,148.73695373535156,151.40058117267387,147.9039642001347,151.23592234100212,9191700
2025-07-31,146.8772735595703,149.09534248393533,146.3929776147314,147.22596723103592,10237100
2025-08-01,146.64479064941406,149.7927139573665,145.6277810966289,147.74898469548356,10706500
2025-08-04,146.29611206054688,147.30345589923192,145.11444355597828,146.49952285974612,10116600
2025-08-05,148.23329162597656,148.29141955234005,145.19191377933157,146.28642730965788,8604100
2025-08-06,147.98146057128906,150.28671388677162,147.43905150400815,149.62806374826005,7840900
2025-08-07,148.3495330810547,150.27702142688074,148.02989599315765,148.95973590382275,6510400
2025-08-08,150.14141845703125,150.85818175196025,148.6788500733605,149.15346540400066,6332800
2025-08-11,148.6304168701172,151.0325205270144,148.18487289432935,150.46105488089842,6169700
2025-08-12,149.58934020996094,151.14877381027765,148.54325915078513,149.250327122246,6641600
2025-08-13,150.9744110107422,151.11001328222585,149.3568643510661,149.71525339533935,6581900
2025-08-14,150.28672790527344,150.80976104621382,149.2600228207882,150.80976104621382,7337300
2025-08-15,151.633056640625,153.5605449577189,150.4126214542035,150.59665626990443,11617000
2025-08-18,150.4416961669922,151.57494688002484,149.88959170755783,151.22625321605025,8174300
2025-08-19,148.86489868164062,150.76488727954901,148.7179985092524,150.2947917838403,8567500
2025-08-20,150.05972290039062,150.3241581306779,148.7963217566243,149.27622051617303,8076300
2025-08-21,152.3416748046875,152.45919493816282,149.57983211549114,149.66798715966343,7533600
2025-08-22,154.91741943359375,155.51483835371138,152.116423284921,152.116423284921,9084300
2025-08-25,154.93701171875,155.05454679705431,153.9282573823613,154.6431964390881,7030000
2025-08-26,154.11434936523438,156.69989706911207,153.32105852737268,154.26124954110998,10270000
2025-08-27,155.95556640625,156.6900971194489,153.96743780471695,154.15350636571222,7483000
2025-08-28,156.03392028808594,156.22979215881952,154.5942388748921,155.7303017027732,6502000
2025-08-29,157.28750610351562,157.7771932147419,156.16121678125631,156.40606033686947,6934800
2025-09-02,158.4921417236328,158.52152175654427,156.09267772344916,157.1699804663553,8947300
2025-09-03,154.79989624023438,158.51173312854013,153.7813535648543,156.69988473368073,9556100
2025-09-04,154.43753051757812,156.35709571176534,154.2514470158419,154.7998942141811,7243000
2025-09-05,150.49066162109375,153.4875446497075,150.3241697799559,152.8411540118315,11011700
2025-09-08,150.82363891601562,151.83239322752607,149.72674450600013,150.73549881751057,9462000
2025-09-09,151.6561279296875,153.75198849419417,151.41128433596444,151.7148880011303,7769200
2025-09-10,154.53546142578125,154.6627848645788,151.8030137536052,151.8519854565324,7440800
2025-09-11,154.98597717285156,155.64215613599853,152.7921734431164,153.27207221201434,6417400
2025-09-12,153.8695068359375,156.48443459300228,153.85971847216726,155.5736236081663,5546300
2025-09-15,154.06536865234375,155.0545462589706,153.27207786085566,154.13393202645548,5030500
2025-09-16,156.24937438964844,156.7978365687167,154.85866463116034,154.98598807645232,8011000
2025-09-17,156.7880401611328,157.35607909211635,155.33857026997273,155.9163975648455,5736800
2025-09-18,155.5637969970703,156.98388662249994,154.82926633453107,156.72925470601626,6244200
2025-09-19,152.98806762695312,155.72051537800837,152.34167699541194,155.72051537800837,16734000
2025-09-22,152.83135986328125,153.87928257526158,151.94991404207084,152.4102211506432,5244000
2025-09-23,154.173095703125,156.53339127906898,153.751971940414,153.8792804334777,7181400
2025-09-24,155.89678955078125,157.17978240099657,154.98597865034768,155.05454202258613,6285200
2025-09-25,157.40504455566406,157.68905653785598,156.06330649677858,156.15144660048642,6311000
2025-09-26,156.85659790039062,157.97308405036617,156.21999561287194,157.25814496641627,7015200
2025-09-29,152.88034057617188,155.84784363326406,152.3514700634638,155.84784363326406,8315100
2025-09-30,152.08702087402344,152.5179479355468,150.75507129479905,151.69527715121956,7755700
2025-10-01,151.3916778564453,151.8911533589223,150.03034820626002,151.63652142622013,6768400
2025-10-02,150.20663452148438,153.37002433155158,150.15767776078778,150.78447672717908,7562400
2025-10-03,150.3829345703125,151.09787366213465,149.0901532539656,150.41231460531432,7249300
2025-10-06,150.84323120117188,151.46022683728938,149.76591351260865,150.79425949822524,4778900
2025-10-07,151.71487426757812,151.7638459707031,148.15974082643612,150.48085310271725,5479600
2025-10-08,150.5690155029297,151.48961482395896,149.68756963580844,151.17622280796454,5678000
2025-10-09,148.51231384277344,151.77363195818597,148.43396210781293,150.9509611571987,6178600
2025-10-10,145.82884216308594,148.2283213980225,145.8190537989515,147.59171907166626,7796600
2025-10-13,148.80613708496094,148.8453054825069,146.34789796908214,146.90614850655885,5978800
2025-10-14,149.24684143066406,150.29477905181332,146.57315391123166,146.72005407117544,6419400
2025-10-15,148.97262573242188,151.02931774504123,147.9246880557262,149.7463248559112,5824900
2025-10-16,148.58087158203125,149.57982254075935,147.13138695631133,149.0019953294052,5276800
2025-10-17,149.92262268066406,151.00972877349457,149.06076849706764,149.11952856520992,7735500
2025-10-20,151.29373168945312,151.52878689201023,150.02054216104963,150.2653857263555,5676500
2025-10-21,150.6179656982422,152.08702713533464,150.04994176001094,151.54838323031998,6304900
2025-10-22,152.36126708984375,152.7627991955268,150.44168688562712,151.4602295826773,6036700
2025-10-23,153.33084106445312,155.31896973744261,152.89991397283777,154.93701435061374,9810900
2025-10-24,152.35147094726562,154.37878301762967,152.22414750012203,154.17310782947976,4979900
2025-10-27,152.07723999023438,153.27207783083065,151.67569294097078,152.58651881017687,4884400
2025-10-28,150.9509735107422,153.00765068152498,150.71591828662417,151.70508100132923,5066500
2025-10-29,151.90097045898438,152.9293015901617,150.68654086276385,150.68654086276385,7344400
2025-10-30,150.35354614257812,152.02826782046583,150.07932253515713,152.02826782046583,8971200
2025-10-31,154.4669189453125,155.89679708382977,151.91075137235998,152.5179586686564,11136100
2025-11-03,150.86280822753906,154.4669133658563,150.40251606230785,154.16330972867448,8512200
2025-11-04,150.22621154785156,150.58857522845295,149.01178213082443,150.26537994140386,6976800
2025-11-05,149.51129150390625,151.21539330467255,149.51129150390625,150.3633424042894,5894700
2025-11-06,149.78550720214844,151.59734068307742,149.53086032101888,149.75612716879746,6466300
2025-11-07,151.82261657714844,152.94889110688683,150.26539999643128,150.26539999643128,9835900
2025-11-10,152.43960571289062,152.76280102919733,149.22725916447183,152.21435380542817,8436800
2025-11-11,153.01744079589844,154.73134576247588,152.68444218775943,153.51691629200891,6361400
2025-11-12,150.1576690673828,152.5767097466979,148.9432396022803,152.37104952029367,11670900
2025-11-13,152.3710479736328,152.9782552279879,150.75507149081906,150.8236348616347,7998700
2025-11-14,154.3689727783203,154.69216809143398,151.61693337933923,153.00764309560466,8484800
2025-11-17,151.62672424316406,154.6333953341865,151.25455725665435,154.46690350971232,8745000
2025-11-18,152.1317901611328,152.78539998941727,150.28980844294745,151.02264507868776,10813400
2025-11-19,150.2303924560547,150.48788335861272,148.79444245620843,149.69563039322455,7539900
2025-11-20,148.85385131835938,151.55739988284154,148.59637553968363,151.0622436931798,7623400
2025-11-21,148.5270538330078,149.5470744257439,147.30897377671522,148.9826041990594,9248400
2025-11-24,148.29928588867188,148.66569665101713,146.3087633510831,148.3686150118012,14181100
2025-11-25,147.09109497070312,148.44781808083428,146.8336191946904,147.4575057117534,11447900
2025-11-26,148.0615997314453,149.0024085890834,146.76429292055644,146.82370924609825,7578900
2025-11-28,149.66592407226562,150.05214531989023,147.81402953178522,148.01210410879776,3848600
2025-12-01,151.06224060058594,152.4585846534779,150.0323223960001,150.27990048576248,8209000
2025-12-02,148.79443359375,150.98303058029413,147.81401890749345,150.54729071973566,9196300
2025-12-03,150.1214599609375,151.02264791282028,149.51736876484748,149.57678509381228,8060200
2025-12-04,150.7849578857422,151.45837816339466,149.75503965699858,150.27990401072864,7254700
2025-12-05,148.54685974121094,151.15138618418325,148.3785084468204,150.52748453776042,12659800
2025-12-08,147.2693634033203,148.6161888694772,146.2295323628884,147.80412544958838,10237200
2025-12-09,147.05149841308594,148.6459020324533,146.78410982547393,147.6060709570453,8916700
2025-12-10,149.94320678710938,150.32942802556468,147.25945348637862,147.73479921579246,10976300
2025-12-11,149.2598876953125,150.46807004480468,148.64589883641156,149.36882266488863,8414200
2025-12-12,148.53695678710938,150.0818416558508,148.18044373194076,149.6857076440149,5848100
2025-12-15,148.3488006591797,148.64589740160758,146.99206239465153,148.388406506385,7503000
2025-12-16,145.32833862304688,147.378292458592,145.0708628497618,147.1009910960969,11290500
2025-12-17,148.07151794433594,148.41811822633466,145.92254179645775,146.07108261574743,8805300
2025-12-18,146.25924682617188,147.8239422962374,145.655155632735,147.4080128843418,6998800
2025-12-19,146.3186492919922,147.56643740945793,145.76407679534074,146.5266215337201,21701400
2025-12-22,148.3488006591797,149.03211863347343,147.25945097393344,147.36838594245808,8143600
2025-12-23,149.05191040039062,149.61639570846205,148.39831571600223,148.5864623743917,4663700
2025-12-24,149.04202270507812,149.5272812422062,148.64590377217635,148.92319004740133,2227600
2025-12-26,148.56666564941406,149.67581066584782,148.2002397978677,148.92317870626314,3706900
2025-12-29,149.5272674560547,150.1709644404145,148.63597727274808,149.53716513962564,5589100
2025-12-30,150.83447265625,151.19098570915986,150.00261390311613,150.03232206494468,5150500
2025-12-31,150.9335174560547,151.0721605884844,150.20068083551584,150.91370697685954,4953100
2026-01-02,154.3896942138672,154.3896942138672,149.7847476848041,150.69583326236415,6862100
2026-01-05,162.2626953125,164.1442828574286,157.76666848430816,164.1442828574286,35094900
2026-01-06,155.02349853515625,163.4510668436851,154.5976714506855,163.28271554673378,20564900
2026-01-07,153.6964874267578,156.4792629610747,153.39939067302618,155.91479272885633,13537900
2026-01-08,157.70724487304688,158.88571901073215,153.70638954832717,153.9935734867114,12929600
2026-01-09,160.53955078125,161.12383149614067,158.39057459269296,159.00456347200392,12549600
2026-01-12,160.76730346679688,161.9754857441354,159.15310460980243,161.1238165176667,9796800
2026-01-13,162.28248596191406,164.5206016267223,161.71801575923695,161.8863670516483,12068600
2026-01-14,165.61985778808594,167.72921300833124,162.5102773331301,162.5102773331301,16414900
2026-01-15,164.55030822753906,165.70897189558465,163.50057952542772,164.1640870048572,8097400
2026-01-16,164.6493377685547,165.66935835388364,164.20370020104653,164.97614268098556,9745800
2026-01-20,163.69863891601562,166.0258639350399,163.55008299290705,165.0949829940108,11142500
2026-01-21,165.11477661132812,166.84782325244967,164.45126913918625,165.38216518131492,10918500
2026-01-22,165.04547119140625,165.93674632311576,164.12447278506937,164.64933715767114,8957400
2026-01-23,165.10488891601562,166.80822749807135,164.8276026455385,166.32296896925217,8368700
2026-01-26,165.8773193359375,166.77850720493205,165.15439554840995,166.69928040327645,8912600
2026-01-27,167.4123077392578,167.70940446991105,165.0355490049994,166.14470912537365,9784900
2026-01-28,168.28378295898438,168.76904148669854,166.5705466965159,168.31350623379564,9200200
2026-01-29,169.53158569335938,173.2254467909757,169.38302976369442,170.9774333652342,16786600
2026-01-30,175.18626403808594,175.58239807941547,169.61081529396105,170.9477280171557,22946600
2026-02-02,172.3440704345703,174.56237571064676,170.9774344500174,171.7597897293655,14235300
2026-02-03,176.31521606445312,177.08767365176274,172.0667824445757,172.19552789428866,18425400
2026-02-04,179.47430419921875,180.82112960896117,177.1470792272229,177.1470792272229,16170500
2026-02-05,177.49368286132812,178.71177796330625,175.6913221953011,177.89971456198748,10474100
2026-02-06,179.10789489746094,180.33588766972898,177.77096716062908,178.5533223909423,9901800
2026-02-09,180.8310546875,181.04892462968243,178.20671769701838,179.25644644882368,12021300
2026-02-10,180.4943389892578,181.17765698726163,179.1079076244447,180.9597870426526,7458200
2026-02-11,184.0198516845703,184.71306732076616,181.77183837557956,182.15805959510064,10502100
2026-02-12,180.6329803466797,184.00005165958544,180.32598591256385,184.00005165958544,9673700
2026-02-13,181.9600067138672,183.04934129266192,179.95957142492458,180.77161973922844,9034700
2026-02-17,180.5500030517578,183.8000030517578,178.74000549316406,183.3000030517578,9849000
2026-02-18,183.8699951171875,183.9199981689453,181.97999572753906,183.22999572753906,10313400
2026-02-19,184.77999877929688,187.89999389648438,184.74000549316406,185.2899932861328,10773300
2026-02-20,183.92999267578125,184.88999938964844,182.32000732421875,184.58999633789062,9566200
2026-02-23,184.91000366210938,186.6300048828125,184.0500030517578,184.6699981689453,7047200
2026-02-24,185.33999633789062,185.9600067138672,183.85000610351562,185.2899932861328,7451800
2026-02-25,184.22000122070312,185.97999572753906,182.50999450683594,185.83999633789062,9440700
2026-02-26,184.16000366210938,186.25999450683594,181.75999450683594,182.89999389648438,7133800
2026-02-27,186.75999450683594,187.5500030517578,183.77000427246094,186.0,12035500
2026-03-02,189.60000610351562,191.44000244140625,187.22000122070312,190.3300018310547,15809100
2026-03-03,188.77000427246094,191.55999755859375,187.4199981689453,190.52000427246094,14004200
2026-03-04,186.02999877929688,188.4600067138672,184.14999389648438,187.4499969482422,11054400
2026-03-05,189.89999389648438,189.97000122070312,186.49000549316406,186.60000610351562,13567200
2026-03-06,189.94000244140625,192.41000366210938,188.1199951171875,190.8800048828125,13073100
2026-03-09,189.44000244140625,191.64999389648438,188.11000061035156,191.0,15987500
2026-03-10,186.2899932861328,189.17999267578125,185.63999938964844,188.6300048828125,11999600
2026-03-11,191.7899932861328,191.86000061035156,186.49000549316406,186.58999633789062,11371700
2026-03-12,196.97000122070312,198.8800048828125,191.77000427246094,192.5800018310547,27151800
2026-03-13,196.82000732421875,197.6300048828125,194.69000244140625,196.0,13017000
2026-03-16,196.83999633789062,197.83999633789062,195.5800018310547,196.60000610351562,12683900
2026-03-17,197.97000122070312,200.5800018310547,196.4600067138672,197.49000549316406,14018600
2026-03-18,198.61000061035156,200.72999572753906,198.50999450683594,199.22000122070312,13305000
2026-03-19,201.44000244140625,202.44000244140625,199.0,199.7899932861328,16918400
2026-03-20,201.72999572753906,205.0800018310547,201.0,201.39999389648438,35849500
2026-03-23,205.2100067138672,205.36000061035156,197.3699951171875,198.6300048828125,15735700
2026-03-24,206.7899932861328,209.7899932861328,205.80999755859375,206.0500030517578,16695500
2026-03-25,205.14999389648438,207.24000549316406,204.6199951171875,206.0,8865000
2026-03-26,207.7899932861328,209.2100067138672,205.16000366210938,206.02999877929688,11085600
2026-03-27,211.14999389648438,212.4600067138672,206.25,208.14999389648438,13907800
2026-03-30,210.7100067138672,214.7100067138672,210.2899932861328,213.25999450683594,10409000
2026-03-31,206.89999389648438,213.10000610351562,201.9600067138672,210.89999389648438,17403900
2026-04-01,197.41000366210938,204.77999877929688,194.91000366210938,201.99000549316406,23051900
2026-04-02,198.97000122070312,205.47999572753906,198.0399932861328,202.50999450683594,11528000
2026-04-06,198.86000061035156,199.77000427246094,196.35000610351562,198.5,8245700
2026-04-07,201.5399932861328,204.6199951171875,199.24000549316406,199.97000122070312,11672600
2026-04-08,192.88999938964844,193.1699981689453,188.60000610351562,191.41000366210938,17195400
2026-04-09,190.36000061035156,196.6699981689453,189.27000427246094,194.30999755859375,11634000
2026-04-10,188.5500030517578,190.9600067138672,186.47000122070312,189.7100067138672,11151400
2026-04-13,191.77999877929688,192.61000061035156,189.72000122070312,191.4499969482422,12000200
2026-04-14,187.02000427246094,189.1699981689453,184.60000610351562,188.60000610351562,12111000
2026-04-15,184.91000366210938,187.24000549316406,184.0399932861328,186.36000061035156,8661600
2026-04-16,188.14999389648438,188.22999572753906,185.33999633789062,185.6199951171875,8013200
2026-04-17,183.99000549316406,184.3000030517578,177.74000549316406,181.88999938964844,15720600
2026-04-20,183.25,186.27000427246094,182.8300018310547,184.5,9661100
2026-04-21,185.97999572753906,186.3699951171875,182.33999633789062,183.97000122070312,9799000
2026-04-22,186.32000732421875,189.4199981689453,186.1199951171875,187.27000427246094,8708300
2026-04-23,187.60000610351562,188.4199981689453,185.5,187.1199951171875,6684700
2026-04-24,185.2100067138672,186.4199981689453,183.1999969482422,185.22999572753906,9626700
2026-04-27,184.77999877929688,188.3699951171875,183.6699981689453,186.19000244140625,10836600
2026-04-28,188.36000061035156,189.9600067138672,186.5500030517578,188.27999877929688,10754900
2026-04-29,192.22000122070312,192.6199951171875,189.5,190.1300048828125,8644600
2026-04-30,193.30999755859375,194.1300048828125,188.5,190.25,11748600
2026-05-01,190.6300048828125,194.08999633789062,189.75,191.3000030517578,10435900
2026-05-04,192.27999877929688,193.7100067138672,187.97000122070312,190.85000610351562,8229500
2026-05-05,192.63999938964844,193.6699981689453,190.4499969482422,191.22000122070312,5642800
2026-05-06,185.16000366210938,186.77999877929688,183.13999938964844,185.58999633789062,11082900
2026-05-07,182.5,183.44000244140625,179.52999877929688,181.5800018310547,12194000
2026-05-08,181.6199951171875,182.72999572753906,180.74000549316406,182.0399932861328,13047800
