Date,Close,High,Low,Open,Volume
2010-01-04,19.76398277282715,19.99733529322434,19.703108622974476,19.835002936847655,2175500
2010-01-05,19.520484924316406,19.794421511012526,19.31757043929122,19.713255329971574,2802200
2010-01-06,19.540781021118164,19.64731129306909,19.424104732530743,19.530635004481674,2882500
2010-01-07,19.57121467590332,19.58135875510694,19.39873630212623,19.545848672431163,1903400
2010-01-08,19.561059951782227,19.591496046149842,19.388581654802874,19.545839969444913,1779000
2010-01-11,19.8502140045166,19.860360014124577,19.621933626220816,19.621933626220816,2566400
2010-01-12,19.748760223388672,19.91109254281074,19.698032099251982,19.804562321031362,1944300
2010-01-13,19.860366821289062,19.966897055955975,19.677742456057715,19.78934472969033,2232000
2010-01-14,19.84006690979004,19.87050300179585,19.713244699356864,19.79948287357781,1455800
2010-01-15,19.708181381225586,19.804567551757984,19.530630964699174,19.799493576911857,2234100
2010-01-19,20.002405166625977,20.007477205092766,19.667594508353794,19.73354261934566,1536500
2010-01-20,19.804561614990234,19.860363710643554,19.54077112154514,19.845143725822034,1767500
2010-01-21,19.545848846435547,20.007481860484685,19.42917258301152,19.835003485172127,2846100
2010-01-22,19.175521850585938,19.586426595190222,19.15522982822563,19.505260440902756,2821900
2010-01-25,19.31248664855957,19.40379879771403,19.10449829440851,19.276976583349885,1628900
2010-01-26,19.327716827392578,19.44439504078363,19.175530461656145,19.271916643574436,1688500
2010-01-27,19.27698516845703,19.292203221709077,18.861008274897408,19.27698516845703,3353500
2010-01-28,19.074066162109375,19.307420579385965,18.967535933551765,19.287128554378608,3144900
2010-01-29,19.003042221069336,19.282050736255062,18.992896210588484,19.11464640120508,3006000
2010-02-01,19.15015983581543,19.205961935690127,18.855931285623036,19.0842117236768,1762900
2010-02-02,19.27191162109375,19.27698366006279,18.88637086420618,19.15523343811037,2413300
2010-02-03,19.0943603515625,19.23640067240699,18.952320030718006,19.221182619503434,2038900
2010-02-04,18.69866371154785,19.084202311666573,18.68344566823421,19.00303618873879,2608000
2010-02-05,18.64286994934082,18.688526034786175,18.328351324691624,18.65301596112355,3424700
2010-02-08,18.399375915527344,18.647946491196336,18.399375915527344,18.60229039472488,2207700
2010-02-09,18.55155372619629,18.795052150332374,18.434877518911506,18.5160436602902,2705700
2010-02-10,18.5667781829834,18.663164339565057,18.32327967478163,18.5667781829834,2707700
2010-02-11,18.80520248413086,18.840712558202444,18.34356958604637,18.505901906131868,2975700
2010-02-12,18.840709686279297,18.861001706985313,18.556629137009534,18.668231380585397,3826400
2010-02-16,19.39873504638672,19.408879124933684,18.871153944849397,18.881299958550603,3302400
2010-02-17,19.469757080078125,19.515413178548428,19.35308081402167,19.42917302136922,3341600
2010-02-18,19.64223861694336,19.667602690136704,19.424104104202044,19.424104104202044,2527300
2010-02-19,19.87051773071289,19.900955780434106,19.510342850541747,19.545852940972434,2522400
2010-02-22,19.784269332885742,20.007475777421906,19.657447093572372,19.99732976605838,2924500
2010-02-23,19.69295310974121,19.860359360029133,19.662515081919754,19.769047211718156,4133500
2010-02-24,19.77920150756836,19.784336059197646,19.49172928057406,19.77406891419675,3940200
2010-02-25,19.681669235229492,19.707336122081944,19.363395530091598,19.599534022346873,3361700
2010-02-26,19.50198745727539,19.794594101339147,19.501987457275387,19.65085609568453,3370600
2010-03-01,19.66112518310547,19.774061779106617,19.5379234040651,19.5379234040651,3138400
2010-03-02,19.753536224365234,19.851071172388195,19.691935307627464,19.76893596398522,2445900
2010-03-03,19.820270538330078,20.015342381268074,19.717601044243885,19.74840247994706,2951300
2010-03-04,19.89213752746582,19.948605844090814,19.758668563108433,19.82540206615832,2310000
2010-03-05,20.07693862915039,20.097472914847632,19.861332545843872,19.984536301770063,1835000
2010-03-08,20.061542510986328,20.118008869448403,19.974272760167445,20.07694224890711,1563000
2010-03-09,20.13340950012207,20.200142999752188,19.974271703084632,20.051274305128636,2546900
2010-03-10,20.215543746948242,20.27201205803098,20.076940244724447,20.174475172249004,3275100
2010-03-11,20.354143142700195,20.354143142700195,20.092335927456016,20.1539368188194,1673600
2010-03-12,20.374683380126953,20.482487429699695,20.302815319250314,20.4516859929278,3437200
2010-03-15,20.384946823120117,20.68268811639517,20.2668776076599,20.667286421677797,4653800
2010-03-16,20.47734832763672,20.615951824925386,20.33361223782211,20.615951824925386,4744800
2010-03-17,20.82129669189453,20.852096172317932,20.492753887400937,20.53895506629395,6384400
2010-03-18,20.795623779296875,20.85722664460916,20.60568650689449,20.81102547475371,3946600
2010-03-19,20.893159866333008,20.929093890587097,20.728889481669324,20.893159866333008,6179100
2010-03-22,20.600561141967773,20.872633705323587,20.492757068975166,20.872633705323587,4721600
2010-03-23,20.631351470947266,20.66728549324449,20.44141421619661,20.615951735179124,3657300
2010-03-24,20.57489013671875,20.662157938357996,20.461953491531183,20.467086085286155,3252800
2010-03-25,20.66728973388672,20.76995922934115,20.497886730905993,20.590289080989205,6430700
2010-03-26,20.841827392578125,20.898295713272443,20.600556329053887,20.74942504203429,4921900
2010-03-29,21.13956642150879,21.185767591724385,20.852092255916478,20.91882771472957,3969500
2010-03-30,21.180641174316406,21.36031333115656,21.113907648133598,21.124174796375176,5198800
2010-03-31,21.103635787963867,21.24737191473658,21.026633172473996,21.144702413502703,3518400
2010-04-01,21.473241806030273,21.473241806030273,21.12929932514336,21.14983361378744,3441000
2010-04-05,21.462970733642578,21.524571630043326,21.380835552355858,21.498904753064448,3471200
2010-04-06,21.406509399414062,21.47837746165844,21.293572754025572,21.350041076719815,3080400
2010-04-07,21.380840301513672,21.46297550104444,21.26276911632167,21.324371984662964,3030600
2010-04-08,21.288442611694336,21.36031068221455,21.257641170789363,21.303842353017796,2722000
2010-04-09,21.35003089904785,21.375697772148477,20.898286491100638,21.04202450532655,4652400
2010-04-12,21.457841873168945,21.51944278590412,21.350039786317964,21.44244213454958,2145800
2010-04-13,21.391101837158203,21.468104430313968,21.303834059288473,21.380836652444238,2419700
2010-04-14,21.29357147216797,21.427042401093665,21.170369646667933,21.360306936630817,2706800
2010-04-15,21.27303123474121,21.32949953824982,21.124162567067884,21.211430339212345,2786600
2010-04-16,21.13956642150879,21.324371102371167,21.0728309626957,21.242235906238726,3943600
2010-04-19,21.190906524658203,21.23197511414013,21.072837267284857,21.072837267284857,2327100
2010-04-20,21.262765884399414,21.314101600214173,21.17549810490031,21.283300170725315,2150800
2010-04-21,21.23196792602539,21.344904550607698,21.190899350447292,21.216568189312337,2939800
2010-04-22,21.226839065551758,21.247373358845746,21.072835782362812,21.15497099728078,2928400
2010-04-23,21.442441940307617,21.45784167878748,21.103633985946782,21.2525046521111,2393600
2010-04-26,21.48863410949707,21.67857131810309,21.380832068795563,21.396231800822385,2794200
2010-04-27,21.11902618408203,21.52456945748978,21.093359309693806,21.37056625290343,3370900
2010-04-28,21.262765884399414,21.26276588439941,21.00609318009759,21.170365512447496,3865500
2010-04-29,21.201168060302734,21.41677418149792,21.108765716684452,21.27303611461526,3208800
2010-04-30,21.457841873168945,21.673448005128616,21.180634828474105,21.231970554301505,3931800
2010-05-03,21.801780700683594,21.847981866997493,21.421904226740704,21.50917396678135,1913800
2010-05-04,21.39625358581543,21.719661995461106,21.314118334283386,21.560524088879518,2541600
2010-05-05,21.447574615478516,21.70424736849576,21.25763732655791,21.303838500431322,2078000
2010-05-06,20.641620635986328,21.355170517574244,19.54306165642587,21.334638187291436,5621900
2010-05-07,20.646759033203125,21.011233910527498,20.29254934380353,20.554356675816962,6092600
2010-05-10,21.514312744140625,21.545114183290252,21.011234320911072,21.093369533718796,4070400
2010-05-11,21.457841873168945,21.652913714797656,21.23710314775539,21.339772641152486,2713400
2010-05-12,21.483503341674805,21.55023878929978,21.303833242212047,21.43216958704465,2308500
2010-05-13,21.324359893798828,21.6220990889338,21.283291338190413,21.45782878301316,2044000
2010-05-14,21.042034149169922,21.3757075689188,20.923962953931035,21.25763833193771,2578500
2010-05-17,21.18575668334961,21.252492107801167,20.89828266577534,21.113888668520175,2918400
2010-05-18,20.89828109741211,21.3089568358005,20.87261423093591,21.216556508137455,2170300
2010-05-19,20.754560470581055,20.88289685639555,20.544088876175593,20.759693064380183,2514600
2010-05-20,20.143688201904297,20.585163904383776,20.143688201904297,20.446562274392637,4449900
2010-05-21,20.292551040649414,20.29768559329905,19.784339990787238,19.88187495029158,3999700
2010-05-24,20.148805618286133,20.456812054625857,20.051270703705224,20.17960704522297,2644400
2010-05-25,20.138534545898438,20.14366909518114,19.532786975486953,19.779192468123643,4101800
2010-05-26,20.02842903137207,20.423179340103463,19.945323598934415,20.423179340103463,3408500
2010-05-27,20.329683303833008,20.40240030175497,20.132307179909404,20.324490081719834,3020800
2010-05-28,20.236196517944336,20.49590130482162,20.205033211608843,20.26736180567011,2952300
2010-06-01,20.044004440307617,20.386814490056828,19.99725752527867,20.10113977883068,4184000
2010-06-02,20.630943298339844,20.630943298339844,20.069980160026073,20.168669220316314,4581600
2010-06-03,20.85428810119629,20.859481323359617,20.615358272501467,20.719240548274485,3335700
2010-06-04,20.262161254882812,20.71924211399112,20.215414326321852,20.630943460814727,4523800
2010-06-07,20.428373336791992,20.791958343849263,20.27254892646495,20.329684279399576,4826500
2010-06-08,20.859474182128906,20.88544424683392,20.298513255222684,20.412781936202528,4393300
2010-06-09,20.734819412231445,20.973749208846797,20.656909201904362,20.92700229009481,2752800
2010-06-10,21.19709587097168,21.202289092558456,20.952972847216085,20.968554493365797,2360100
2010-06-11,21.088027954101562,21.139970100439818,20.869876883651752,20.98934084814431,2031100
2010-06-14,21.025693893432617,21.295787039999382,21.020500670844115,21.295787039999382,2540300
2010-06-15,21.441226959228516,21.46200381808901,21.11919357245217,21.181522167643326,3150000
2010-06-16,21.643789291381836,21.695731421522208,21.295785935694838,21.30097915801404,2110300
2010-06-17,21.737281799316406,21.763253853474485,21.508742385007952,21.617817879469516,2360100
2010-06-18,21.815195083618164,21.8775236576394,21.674954306028148,21.7320896577933,3392900
2010-06-21,21.72170639038086,22.095681886099587,21.633407721330666,22.028158092397014,2507100
2010-06-22,21.223072052001953,21.81000532976047,21.139966612961008,21.789228474652745,3710300
2010-06-23,20.89583396911621,21.16073379720043,20.745204810510604,21.134761749490522,3559500
2010-06-24,20.85428810119629,21.145156095693206,20.817929601884174,20.906228248387993,2312400
2010-06-25,20.86468505859375,20.968567386709864,20.703669332334844,20.86468505859375,3088700
2010-06-28,21.07244110107422,21.165934960022312,20.77118465221132,20.906230236586456,3463400
2010-06-29,20.39720344543457,20.906224321584705,20.334874884233738,20.895835897819694,5030400
2010-06-30,20.121923446655273,20.527062193312073,20.05439966174919,20.407598254718142,4026100
2010-07-01,20.246580123901367,20.40759776670701,20.132309410852855,20.22061004767847,5175900
2010-07-02,20.085567474365234,20.350467469306373,20.04401573835681,20.32969061060701,3683800
2010-07-06,20.329683303833008,20.449147226331885,20.137502383412166,20.18424930798908,2906100
2010-07-07,20.869871139526367,20.890647992343144,20.194639274098993,20.319296428220184,2747500
2010-07-08,21.165943145751953,21.165943145751953,20.875073029712183,20.989343786261834,2751200
2010-07-09,21.243844985961914,21.275008281481483,20.9945267334678,21.119185859714857,1775500
2010-07-12,21.29059410095215,21.342534253087962,21.0568594535614,21.15554653517536,1903400
2010-07-13,21.347728729248047,21.461999448324374,21.181517854986073,21.415252516101326,2192100
2010-07-14,21.524322509765625,21.534710934416076,21.1867076248784,21.24384296976116,2594600
2010-07-15,21.436019897460938,21.555483786704908,21.26980909665289,21.52431851853251,2190900
2010-07-16,20.99972915649414,21.40486798864828,20.952982215754027,21.27501559563577,2245600
2010-07-19,21.503557205200195,21.59705108724465,21.077641512060012,21.077641512060012,2586400
2010-07-20,21.794416427612305,21.799611630827957,21.22306692003796,21.22306692003796,3489900
2010-07-21,21.430837631225586,21.81000835466521,21.311373669872232,21.81000835466521,2677800
2010-07-22,21.929468154907227,22.022962016728584,21.550299484805,21.612628065555953,3617700
2010-07-23,22.02814483642578,22.074891745259535,21.758051805540642,21.908680954159284,3072100
2010-07-26,22.1268367767334,22.194360544762034,21.9502375243896,21.9502375243896,1919900
2010-07-27,22.474842071533203,22.506007344806243,22.16839048587776,22.21513740509264,4714900
2010-07-28,22.324209213256836,22.547555348127663,22.220326967509397,22.381344547487377,2603400
2010-07-29,21.654178619384766,22.55275670365074,21.643790192923973,22.417711122439968,4871600
2010-07-30,21.810007095336914,21.919082621397482,21.420449946786214,21.534718696349138,3631800
2010-08-02,22.4384765625,22.46444662474797,22.03333606215442,22.03333606215442,3259900
2010-08-03,22.396934509277344,22.66183443338887,22.26188892662091,22.37615963752312,3212100
2010-08-04,22.59430503845215,22.651440379709598,22.287853465571594,22.39692894539621,2876200
2010-08-05,22.620281219482422,22.62028121948242,22.40213020089122,22.459265557586008,1874400
2010-08-06,22.68260955810547,22.687804762144292,22.329412957667447,22.46965176447897,2579900
2010-08-09,22.869604110717773,22.900769400095665,22.68261633723121,22.755335345779617,1875400
2010-08-10,22.94750213623047,23.150071438296262,22.573526820792594,22.630662158583284,3428100
2010-08-11,22.703392028808594,22.796885910741953,22.599509717617053,22.72416888732496,2985900
2010-08-12,22.75012969970703,22.843623543544158,22.396931174408895,22.500813443271195,3385400
2010-08-13,22.80727195739746,22.94751276564699,22.630672641237688,22.672226353929435,2449000
2010-08-16,22.869604110717773,22.885187746101913,22.599510880280555,22.698199972615345,2531500
2010-08-17,23.222793579101562,23.34225750220634,22.90595353107213,23.020224232037393,3647500
2010-08-18,22.911151885986328,23.22279677335281,22.791687946449514,23.191633473450082,3720200
2010-08-19,22.68260955810547,22.895569333121756,22.620280979368147,22.838433977033464,4790400
2010-08-20,22.817657470703125,22.864404400814564,22.516399036342786,22.516399036342786,3551500
2010-08-23,23.03580665588379,23.19682428708748,22.874791006069763,22.879984228384227,2700200
2010-08-24,23.06696319580078,23.212397142189015,22.822840230315737,22.848812276218425,4093000
2010-08-25,22.64606475830078,22.8192549363836,22.373157142438945,22.69329880723911,6411400
2010-08-26,22.44138526916504,22.661811524981566,22.3994005550323,22.646067507436392,4235300
2010-08-27,22.787771224975586,22.83500528701782,22.33642596795071,22.55685025612306,3447900
2010-08-30,22.404645919799805,22.861242408754208,22.404645919799805,22.766774307731687,1667000
2010-08-31,22.42563819885254,22.57783702119336,22.147483249222898,22.367907472996603,3668800
2010-09-01,23.018692016601562,23.092166772369552,22.551600781759088,22.656563574549395,2928800
2010-09-02,22.87173843383789,23.08166598408781,22.67230555936937,23.029184597034476,2037000
2010-09-03,23.0869140625,23.092161400103972,22.82975047510279,23.018686661429477,2347000
2010-09-07,22.99768829345703,23.15513441372728,22.950454257172353,22.992440956996976,1578000
2010-09-08,22.95046043395996,23.134149292075836,22.89797904709061,23.039681194081748,1759800
2010-09-09,23.06067657470703,23.176138048426594,22.971457801041495,23.09741395233836,1672100
2010-09-10,22.71953773498535,23.018686021000843,22.698544381080584,22.960955298780938,3491500
2010-09-13,23.0501766204834,23.086915994932298,22.803511691720622,22.913723808957393,2870600
2010-09-14,23.10791778564453,23.22862663552149,22.92947818103564,22.98196159535446,5438400
2010-09-15,22.819259643554688,23.134154035445682,22.76152890493949,23.086919976763884,4369800
2010-09-16,22.876983642578125,23.149891234336565,22.54109799180971,22.672303449268398,5960900
2010-09-17,22.787771224975586,23.034438215866945,22.65131838020753,23.02394153518677,3858400
2010-09-20,23.244369506835938,23.291603572294967,22.82451225944304,22.918978388323826,3361900
2010-09-21,23.14989471435547,23.333581581595883,23.092163984069423,23.265356174927557,3214900
2010-09-22,23.202375411987305,23.443793002309164,23.149894023495296,23.170887379706755,2268500
2010-09-23,22.787771224975586,23.22337446403589,22.756283184972183,23.128906339951417,2870600
2010-09-24,23.212873458862305,23.212873458862305,22.95046249685567,22.96620651392431,2452500
2010-09-27,23.228618621826172,23.328336073611396,23.14464718992311,23.176137227650578,2752300
2010-09-28,23.191879272460938,23.386064818871496,23.039682441485027,23.312588070425058,2629700
2010-09-29,23.06592559814453,23.155144370582413,22.892733389948315,23.05542891867474,2524600
2010-09-30,22.91373062133789,23.19713500880728,22.876993238003404,23.097417538010326,2600600
2010-10-01,23.10791778564453,23.165648540376456,22.861252745477497,23.060683713776367,2704400
2010-10-04,23.034439086914062,23.18663795947635,22.908482918063157,23.092169831819568,2070900
2010-10-05,23.396564483642578,23.42805252067361,23.11840747696781,23.170890875414436,2760700
2010-10-06,23.349328994750977,23.454291781136156,23.254860885374864,23.396563049439035,2530400
2010-10-07,23.35982322692871,23.5435121036785,23.2811011386389,23.396562603908095,1742100
2010-10-08,23.449045181274414,23.491029896743633,23.29159899470029,23.438548501897888,1425300
2010-10-11,23.454286575317383,23.590741370590067,23.40180519377335,23.43854256126145,1289200
2010-10-12,23.260103225708008,23.449039403861303,23.181379150798673,23.438542727070963,1923800
2010-10-13,23.380830764770508,23.438561532418014,23.27061857310054,23.359837394346325,2788300
2010-10-14,23.422801971435547,23.512020733510763,23.28109981810727,23.380815258433095,1837900
2010-10-15,23.375574111938477,23.6117444300413,23.260112622635496,23.533020323327957,3095300
2010-10-18,23.57499885559082,23.679963636303448,23.39131199087123,23.39131199087123,3120200
2010-10-19,23.354572296142578,23.543508482234962,23.28634489515667,23.359819633740045,3133000
2010-10-20,23.45953369140625,23.674710538602422,23.3913063002359,23.3913063002359,2980600
2010-10-21,23.480533599853516,23.63797977556792,23.291597388181536,23.574999703652765,3304100
2010-10-22,23.35982322692871,23.5435121036785,23.1971297099077,23.470037353793295,3310200
2010-10-25,23.33358383178711,23.52252005747557,23.286349775364997,23.46478932162222,2129200
2010-10-26,23.113162994384766,23.26011252412094,22.924226740702718,23.165644397279916,3244500
2010-10-27,22.99768829345703,23.03967499328165,22.698540064332754,22.913716895843834,2850800
2010-10-28,23.06592559814453,23.18138506823844,22.945216787297277,23.05542891867474,2675400
2010-10-29,22.808757781982422,23.0764180543852,22.67230497792124,23.0764180543852,3370900
2010-11-01,22.299692153930664,22.91898039683334,22.063521805938674,22.91898039683334,5348400
2010-11-02,22.472871780395508,22.640814614650587,22.352162993401954,22.38365302558847,2075900
2010-11-03,22.499122619628906,22.583094074626295,22.268201618895432,22.525363323933576,2059900
2010-11-04,22.845497131347656,22.845497131347656,22.62507288983872,22.693300298797695,2843400
2010-11-05,22.829750061035156,22.871736769251335,22.672303909297376,22.798260029873024,2374500
2010-11-08,22.614585876464844,22.808769505837745,22.462386976830988,22.745791410210398,2022100
2010-11-09,22.604080200195312,22.80876043107769,22.51486143372321,22.69854830706976,2014300
2010-11-10,22.556842803955078,22.609326190016883,22.346915265817263,22.609326190016883,1933000
2010-11-11,22.48337173461914,22.577839842910393,22.35741358955187,22.457131038324192,1658300
2010-11-12,22.493865966796875,22.54634735367816,22.262943059631418,22.399397868781293,2148900
2010-11-15,22.63032341003418,22.724791527402818,22.488621233981224,22.514863934834615,2464700
2010-11-16,22.45712661743164,22.761522238196196,22.289183791760905,22.546345367678292,3843800
2010-11-17,22.278690338134766,22.546348629635347,22.26294431955001,22.493867239784,2560200
2010-11-18,22.462379455566406,22.488620153121612,22.273443229909883,22.488620153121612,7885200
2010-11-19,22.44138526916504,22.499116002879767,22.283939087602842,22.3994005550323,7915800
2010-11-22,22.57259178161621,22.583088461136395,22.36791153606488,22.425642272407444,7714000
2010-11-23,22.299692153930664,22.472882407766487,22.2367120597745,22.441392360688408,2552600
2010-11-24,22.298620223999023,22.388813176192006,22.21373381103301,22.388813176192006,2465700
2010-11-26,22.197816848754883,22.378200717975016,22.102319387176486,22.19251233371235,848300
2010-11-29,22.07579231262207,22.134152096153983,21.82113309490683,22.070485773836502,1956900
2010-11-30,22.03335189819336,22.181904652039222,21.852968001549883,21.911327795148054,2971700
2010-12-01,22.30923080444336,22.32514839793424,22.091709249350398,22.245566502034897,1942100
2010-12-02,22.335758209228516,22.335758209228512,22.155374326222624,22.30392706883743,1678800
2010-12-03,22.505535125732422,22.51614618240759,22.23496026399816,22.330457750222518,2237800
2010-12-06,22.303930282592773,22.532062932908488,22.26679259755087,22.415343337718483,1824700
2010-12-07,22.229656219482422,22.50553560348463,22.219045162582002,22.48431551353596,2280300
2010-12-08,22.192516326904297,22.468395683491348,22.144767587523464,22.314540433354868,1891500
2010-12-09,22.160676956176758,22.282701028470502,22.038652883883017,22.26147892271905,2649200
2010-12-10,22.081096649169922,22.303924727777826,21.921934892365158,22.213731783815817,3943700
2010-12-13,22.30923080444336,22.36759059158932,22.028044946941932,22.086404734087893,2640600
2010-12-14,22.282705307006836,22.42595151255695,22.19781889155326,22.2986208774507,2278800
2010-12-15,22.134151458740234,22.319839833856577,22.123540405326228,22.277397644052055,1950100
2010-12-16,22.447162628173828,22.47368924053861,22.112921645595343,22.187196969757053,2303900
2010-12-17,22.58512306213379,22.611649698970073,22.266799372393077,22.41535015775839,7026500
2010-12-20,22.77610969543457,23.874328651495198,22.675307703048283,22.760194123966187,3792900
2010-12-21,22.792024612426758,22.914048712501565,22.69652713865485,22.839773349312715,2214800
2010-12-22,22.770793914794922,22.82384917124501,22.696518579615894,22.80793360623553,1755300
2010-12-23,22.792024612426758,22.86629997561561,22.717749249237908,22.7708025018437,1079200
2010-12-27,22.754892349243164,22.90874965182917,22.680616968367808,22.73367023360668,908000
2010-12-28,22.770793914794922,22.813238119954992,22.643465347016903,22.728351733485948,1458500
2010-12-29,22.781410217285156,22.85038105464276,22.685912757513574,22.776105702342985,1155300
2010-12-30,22.760194778442383,22.823859089998518,22.67530835508354,22.760194778442383,1181200
2010-12-31,22.664703369140625,22.823865202582958,22.638174710356473,22.7177566390039,1235500
2011-01-03,22.680604934692383,22.78140689470456,22.601023055205587,22.77610238053603,1793000
2011-01-04,22.88751220703125,22.908734308454,22.47369134854254,22.64876862565277,2339700
2011-01-05,22.829158782958984,22.90874067348005,22.68591259433199,22.770798999757073,1621100
2011-01-06,22.91404151916504,22.924652571125474,22.6965200136042,22.786712943342277,1748000
2011-01-07,22.93526840209961,22.993628188116794,22.707135797042426,22.967101564613976,1988300
2011-01-10,22.51614761352539,22.813251147757413,22.510843096776718,22.781417975708617,3736000
2011-01-11,22.457788467407227,22.606339213558346,22.38351107047954,22.606339213558346,2106400
2011-01-12,22.420639038085938,22.601022876155877,22.31453256474583,22.579802795798603,1812400
2011-01-13,22.606332778930664,22.622248347530356,22.36758913067757,22.425948914011833,1845500
2011-01-14,22.802631378173828,23.03076396439664,22.595720898541856,22.760189188843633,3749100
2011-01-18,22.802631378173828,22.88221326596373,22.738967082252795,22.770798218287574,1661300
2011-01-19,22.79732322692871,22.903429695254335,22.71774135183334,22.813238792407326,1863200
2011-01-20,23.00954818725586,23.078519040722796,22.765499965883052,22.78672207831165,2008500
2011-01-21,22.998931884765625,23.06259820752853,22.876907801914076,23.020153992353258,1599200
2011-01-24,23.12095069885254,23.221752642322347,22.961786965998932,22.961786965998932,1311200
2011-01-25,23.115657806396484,23.264208552638607,23.051993489985875,23.120964346677777,1773100
2011-01-26,23.105039596557617,23.158094863684425,22.98832205658164,23.152788325045993,1358900
2011-01-27,23.232376098632812,23.34378915204308,23.062603248526113,23.062603248526113,2142000
2011-01-28,23.020151138305664,23.280116864394614,22.924653689852686,23.147481744193406,2942200
2011-01-31,23.09973907470703,23.11035012996658,22.945881809221333,23.06790590892838,1936300
2011-02-01,23.227062225341797,23.258895383630858,23.041373861617362,23.184620038141087,1644200
2011-02-02,23.08381462097168,23.14748093361174,22.99362371384181,23.105036725185034,2075700
2011-02-03,23.1793212890625,23.221765514377633,23.004243919267715,23.03607506440201,6894900
2011-02-04,23.13687515258789,23.232372619453123,22.935269164333324,23.174012831496402,6684600
2011-02-07,23.036067962646484,23.28011813526652,22.951181562037775,23.01484788038288,7921600
2011-02-08,23.09973907470703,23.09973907470703,22.908744127738835,23.089128019447482,1888900
2011-02-09,23.09973907470703,23.13157021663383,22.95118632492518,23.07851696418793,2155200
2011-02-10,23.290725708007812,23.301334735628597,22.99362233834756,23.08381324008215,2045800
2011-02-11,23.407445907592773,23.444583580072674,23.17400882002606,23.21114649250596,2632800
2011-02-14,23.17400360107422,23.407440636069236,22.972397693121167,23.407440636069236,2201900
2011-02-15,23.205846786499023,23.227066872419226,22.99893425199984,23.131569402297075,1767800
2011-02-16,23.39153480529785,23.44458805500946,23.20584640745546,23.221761977598597,2286500
2011-02-17,23.439273834228516,23.481716011653692,23.274805590060037,23.37560955616529,2278100
2011-02-18,23.540077209472656,23.56660382495955,23.354388877213367,23.42335969656012,2286300
2011-02-22,23.497644424438477,23.55600421615404,23.343787159706878,23.386231380537048,1909100
2011-02-23,23.683334350585938,23.778831829729587,23.471119304373804,23.50295044818704,4229100
2011-02-24,23.73638153076172,23.842488005736424,23.651495136471183,23.683326269423084,3519800
2011-02-25,23.874340057373047,23.87434005737305,23.747009353238457,23.789453595900948,1856900
2011-02-28,24.208576202392578,24.208576202392578,23.858419370798547,23.895557063251516,3514600
2011-03-01,24.176733016967773,24.49505654157954,24.10776217788963,24.25631491004652,3737500
2011-03-02,24.022804260253906,24.323155040815156,23.888718505792994,24.130073273019885,2803600
2011-03-03,24.419700622558594,24.48406326749568,24.097895581819355,24.20516461072795,2179900
2011-03-04,24.425065994262695,24.467972379630684,24.183711182859582,24.446520209939997,2596000
2011-03-07,24.360700607299805,24.596692861234047,24.32315675708052,24.4465174603569,2879000
2011-03-08,24.746864318847656,24.90240427124971,24.42505935510677,24.451876094420836,3016700
2011-03-09,24.854143142700195,24.972139297489136,24.671786378929504,24.671786378929504,2799300
2011-03-10,24.489423751831055,24.762957809003353,24.462607008341436,24.67178047194138,3103600
2011-03-11,24.408971786499023,24.671780786414416,24.269523490983747,24.39824672575558,4399700
2011-03-14,24.221254348754883,24.290979524730705,23.995991228506696,24.210527241221175,3397000
2011-03-15,23.99062156677246,24.14079694844057,23.7492668133872,23.7492668133872,4011200
2011-03-16,23.448917388916016,24.001350042439814,23.304104528616467,23.99598751249668,4672100
2011-03-17,23.389925003051758,23.727821759044005,23.014484390392226,23.695640433620593,3745200
2011-03-18,23.48109245300293,23.700992969020152,23.454275716120023,23.52400086880428,3483900
2011-03-21,23.861906051635742,23.94772086807059,23.64736798755531,23.770726658306245,2140100
2011-03-22,23.82972526550293,24.07108008153845,23.77609177126688,23.931629722946077,3248800
2011-03-23,23.642005920410156,23.8511794116991,23.50255556222643,23.733183269541584,2253900
2011-03-24,23.818994522094727,23.920898963984754,23.61518359232832,23.797540309280084,2087100
2011-03-25,23.888717651367188,23.974532449313394,23.770721536946347,23.867263440384097,1549000
2011-03-28,23.722450256347656,24.00134885730281,23.684906410640824,23.87262563917499,2022900
2011-03-29,23.894081115722656,24.00135012884772,23.663453453598965,23.72245151311706,2240300
2011-03-30,24.226613998413086,24.307066272354945,23.936990313392293,23.995988374818147,1856800
2011-03-31,23.974538803100586,24.248072904676068,23.920903261428236,24.162258083987023,2336900
2011-04-01,23.974538803100586,24.08180784045857,23.926267838588828,23.995993019769525,2496700
2011-04-04,24.092527389526367,24.092527389526367,23.979895846768855,24.028166800234395,1410300
2011-04-05,24.0120792388916,24.2641611338772,23.963808281255773,24.02816887610807,2221900
2011-04-06,24.15152931213379,24.194437742516204,23.96381004417716,24.049624858955415,1760900
2011-04-07,24.108627319335938,24.11398985111729,23.926270548965935,24.11398985111729,1998100
2011-04-08,24.038904190063477,24.274894482415892,23.974543573237746,24.274894482415892,2018200
2011-04-11,23.588375091552734,24.028176377996513,23.459653861659806,24.028176377996513,3204700
2011-04-12,23.384557723999023,23.631277098432733,23.320197126575078,23.57764156225736,3037100
2011-04-13,23.357742309570312,23.625913867765117,23.347015201724123,23.534736520052462,2137700
2011-04-14,23.615182876586914,23.695635149210258,23.207563075394805,23.245106923689356,2064100
2011-04-15,23.851177215576172,24.017442259503657,23.615184952990383,23.62591206001578,2400100
2011-04-18,23.652721405029297,23.829715546597498,23.513273149297294,23.663448508698806,2399300
2011-04-19,23.765357971191406,23.88335203448237,23.58300127775692,23.615180546842602,2364400
2011-04-20,23.856534957885742,24.054981283059547,23.78680979920833,23.931622646006314,2722100
2011-04-21,24.001346588134766,24.103251010278047,23.856533748676867,23.910169270320132,1549700
2011-04-25,24.183712005615234,24.231982969538088,23.963811402408172,24.060353330253875,1848800
2011-04-26,24.537696838378906,24.63960129087931,24.258798180708453,24.312433718329633,2792100
2011-04-27,24.70397186279297,24.746878260670737,24.467979513509988,24.58597568815148,2276400
2011-04-28,24.84877586364746,24.902409353220868,24.5162416811356,24.693235879503508,1753300
2011-04-29,24.897048950195312,24.939957385836017,24.768327735246842,24.832688342721077,1789900
2011-05-02,24.96140480041504,25.063309238307383,24.897042164496046,24.93995058844204,2104500
2011-05-03,25.063310623168945,25.438751169496143,24.929224859908263,24.961406179645923,3518300
2011-05-04,25.218856811523438,25.240311029966506,24.886324609603445,25.05795426517421,2680400
2011-05-05,24.96140480041504,25.18666788817272,24.800502302590086,25.165213676199723,2324400
2011-05-06,25.165224075317383,25.42803316562251,25.079409237950077,25.2510409586718,2271100
2011-05-09,25.21347999572754,25.283205148830667,25.095485943536733,25.159846521639526,1557000
2011-05-10,25.551380157470703,25.61574074450598,25.26175444683269,25.293935763343416,2001700
2011-05-11,25.55674934387207,25.57283898203706,25.369028032672233,25.503113806677888,2509300
2011-05-12,25.824918746948242,25.84637091405763,25.43875109517012,25.58356396458692,1636600
2011-05-13,25.739099502563477,25.926818719818485,25.53528860526803,25.867820666970907,1868700
2011-05-16,25.67473602294922,25.889274017828455,25.626465076400688,25.67473602294922,1597500
2011-05-17,25.921464920043945,25.9321899823681,25.63183913361082,25.65329335023254,2190300
2011-05-18,25.72838020324707,25.948280801309583,25.610384061754676,25.932189116387306,2118800
2011-05-19,25.851741790771484,25.862468899933717,25.669385026987296,25.765926963460508,1733100
2011-05-20,25.89463996887207,26.039452827654063,25.71764783879601,25.81955227453761,2161400
2011-05-23,25.7122859954834,25.824919594941395,25.642562869612302,25.66937961386937,1610800
2011-05-24,25.69618797302246,25.83563622524675,25.610373191810798,25.79809238634076,2242700
2011-05-25,25.567766189575195,25.75201893119363,25.448543219334105,25.686989159816285,2854700
2011-05-26,25.654478073120117,25.714089569469888,25.44312972588698,25.508159509514204,1963400
2011-05-27,25.594858169555664,25.806206447366648,25.562342254792874,25.74117668509993,1697200
2011-05-31,25.860403060913086,25.92001454557088,25.611118482593298,25.741180091597496,2806600
2011-06-01,25.535249710083008,25.914593824770844,25.535249710083008,25.844143701423032,2077100
2011-06-02,25.61653709411621,25.627375733067783,25.22635436089558,25.546086974560485,3116600
2011-06-03,25.551504135131836,25.735756839769113,25.302219604910526,25.36183107806652,2793300
2011-06-06,25.416027069091797,25.535247961293464,25.302222395398015,25.535247961293464,2555900
2011-06-07,25.68698501586914,25.88749465116995,25.437700475829985,25.48647331330951,2794000
2011-06-08,25.844135284423828,25.92542402083225,25.5840142220787,25.67614159449214,2731100
2011-06-09,26.001296997070312,26.104260956412308,25.84413984813347,25.860398838641327,2650300
2011-06-10,25.757434844970703,26.12052200850734,25.74117792043856,26.012137688022122,3286000
2011-06-13,25.920005798339844,25.941681003143184,25.567757362740327,25.833296710092686,2923400
2011-06-14,25.844135284423828,26.06632215438061,25.77368725127887,26.044646949629012,2034700
2011-06-15,25.5244083404541,25.90917276738453,25.437701300707573,25.74659525900826,2371500
2011-06-16,25.611120223999023,25.871243459694277,25.50815624084498,25.529833521696133,2839600
2011-06-17,25.827877044677734,25.941679616029383,25.724913108777432,25.724913108777432,2937000
2011-06-20,26.09884262084961,26.115099544067373,25.605695966409122,25.741175839247266,2287100
2011-06-21,26.136777877807617,26.29393503280326,26.04465255283293,26.218066631704367,2227500
2011-06-22,25.882081985473633,26.044659536863268,25.865825057238442,26.033820895619996,1868300
2011-06-23,25.546083450317383,25.681563317633245,25.318478265510922,25.513569605207156,2713600
2011-06-24,25.605695724487305,25.817043993356585,25.556922888036024,25.611114009755763,3248500
2011-06-27,25.849557876586914,25.941683189726948,25.676143819992692,25.68698245693716,1278500
2011-06-28,25.903751373291016,25.985040124211512,25.795367061149953,25.88749445001044,1261300
2011-06-29,26.066326141357422,26.125937614873678,25.83330059975318,26.001296382639115,2160200
2011-06-30,26.15845489501953,26.207227733422037,25.914590703007022,26.163873180504762,1786800
2011-07-01,26.548643112182617,26.591995606838466,26.147621683504724,26.218071812987183,1558400
2011-07-05,26.34271240234375,26.54322207791325,26.288519201338993,26.461935377294974,1850400
2011-07-06,26.499862670898438,26.60824491011395,26.22890293834225,26.272255420576716,1588200
2011-07-07,26.53237533569336,26.72746666521823,26.40231582751585,26.69495075454455,2275200
2011-07-08,26.35354995727539,26.461934287562276,26.24516562698851,26.331872677766185,1473300
2011-07-11,26.071748733520508,26.207228615056362,25.941687137652163,26.19638997646242,1476800
2011-07-12,26.207225799560547,26.3860581490009,25.97420026297258,25.990457185487507,1610900
2011-07-13,26.163875579833984,26.39690115498653,26.125941376182087,26.321032747682732,1325200
2011-07-14,26.104265213012695,26.315615586007485,26.05549443531291,26.136781132071697,1561900
2011-07-15,26.261411666870117,26.277670653391773,26.00671097362483,26.142190813508304,1739800
2011-07-18,26.012134552001953,26.201805539540146,25.90917059694675,26.147614419460297,1460400
2011-07-19,26.38606071472168,26.46193118410582,25.914591310615723,26.077166753349616,1698400
2011-07-20,26.6949520111084,26.890043349816455,26.418573992777784,26.526958299533227,2094300
2011-07-21,27.095970153808594,27.339834298644565,26.852106008972626,26.852106008972626,2742900
2011-07-22,26.97675895690918,27.17727071168425,26.87921325654816,27.17727071168425,1678700
2011-07-25,26.862951278686523,26.987592524102144,26.749148672079958,26.80876015190025,2238400
2011-07-26,26.71663475036621,26.86295328432434,26.6678619057135,26.86295328432434,1997200
2011-07-27,26.581151962280273,26.808759234967592,26.554056399813874,26.657020364089743,3059000
2011-07-28,26.548643112182617,26.732895865803386,26.386065572260126,26.732895865803386,2609600
2011-07-29,26.25600242614746,26.56489640209257,26.093426975743565,26.386061959566977,2956900
2011-08-01,26.331867218017578,26.478185723477765,26.11509860238943,26.46192880084621,2015700
2011-08-02,26.066326141357422,26.342706233613033,26.06632614135742,26.19096944085074,2574700
2011-08-03,26.369792938232422,26.391470206278118,25.985030733082638,26.098833289435436,3031200
2011-08-04,25.887495040893555,26.386059993959872,25.860399479054536,26.131359231962453,5144900
2011-08-05,26.331867218017578,26.543215481262717,25.72491798842099,26.088003042250595,5807000
2011-08-08,24.895776748657227,26.440248294947885,24.792812805807905,25.92542444618433,7149900
2011-08-09,25.345577239990234,25.372672803651884,24.11541963096862,25.3022226843244,6987400
2011-08-10,25.12339210510254,25.860403065999975,24.874109593992856,24.998750849547697,4759600
2011-08-11,26.028400421142578,26.326457885807212,25.193845721859887,25.242618573599607,9918500
2011-08-12,25.854976654052734,26.33186635240248,25.74117406485545,26.239738970248492,8429200
2011-08-15,26.922557830810547,26.94965338924432,26.04464892055285,26.077162763769945,9296700
2011-08-16,26.927968978881836,26.99841906594517,26.564884044128604,26.657009331839227,2582000
2011-08-17,27.161008834838867,27.459064191090135,27.00927201360385,27.03636757921594,2596800
2011-08-18,26.5974063873291,26.91713686370377,26.38605607495442,26.646177151040316,4235900
2011-08-19,26.0067138671875,26.49986045654155,25.95794103671255,26.337282976786028,5753500
2011-08-22,26.14761734008789,26.521541071826185,25.97962154146167,26.49986586172841,3751600
2011-08-23,26.608245849609375,26.727468797666454,25.882073658028446,26.185549313419756,7553600
2011-08-24,27.140884399414062,27.20109840112653,26.489458068142778,26.51135520779795,4642600
2011-08-25,26.790538787841797,27.266792220246156,26.60441726084186,27.21752469579834,3253700
2011-08-26,26.52777671813965,26.746743935760392,26.0351036108322,26.653682137392423,3842400
2011-08-29,26.80695152282715,27.031391910002313,26.505871172033824,26.90001120345382,3194700
2011-08-30,26.6865234375,26.828850643680646,26.571566606943424,26.828850643680646,4027000
2011-08-31,26.68105697631836,26.850754601236858,26.587995169682053,26.83980603056045,4204100
2011-09-01,26.598939895629883,26.812431772394955,26.5387238097267,26.659155981533065,4089900
2011-09-02,26.265024185180664,26.434723927669413,26.171964450679113,26.314291717630514,3529100
2011-09-06,26.215755462646484,26.237652606791645,25.569804327950436,25.73402873258594,4324600
2011-09-07,26.385452270507812,26.544203415610152,26.29239046232747,26.385452270507812,3711600
2011-09-08,26.35807991027832,26.67558008844,26.188380207047594,26.30333706009443,3114700
2011-09-09,25.832555770874023,26.095315154337875,25.591693524755318,26.067944776769423,3794500
2011-09-12,25.985828399658203,25.996776966121157,25.564317987849357,25.60811016547564,2861700
2011-09-13,26.15553855895996,26.188384274171316,25.7942440445412,25.996789489338084,2431000
2011-09-14,26.571571350097656,26.80148505225152,26.02962862780813,26.182906517470215,2981400
2011-09-15,27.075185775756836,27.097082909585197,26.75768568814811,26.850745374580207,2743300
2011-09-16,27.28321075439453,27.35437541187498,27.113511059856886,27.113511059856886,3504300
2011-09-19,27.228471755981445,27.29963432983754,26.86717729281715,26.86717729281715,2047000
2011-09-20,27.699249267578125,27.989381172839252,27.261316877272908,27.3708004969058,3964200
2011-09-21,27.31058120727539,27.9510589498663,27.28868406826477,27.655453837901266,2797400
2011-09-22,26.993080139160156,27.135407361503212,26.65368076055756,26.65368076055756,4653400
2011-09-23,27.36532974243164,27.42007051310944,26.828860166301787,26.910973410545033,3782800
2011-09-26,27.797780990600586,27.797780990600586,27.420064740696077,27.639031953763855,3600600
2011-09-27,27.87989616394043,28.14812882603721,27.715671786787627,28.120758444549452,3434500
2011-09-28,27.60072135925293,28.082448157328333,27.524083432150984,27.847059045099837,3377500
2011-09-29,28.05508041381836,28.14814016601275,27.726631527191323,27.907277788368066,3082400
2011-09-30,27.79231071472168,28.159078434275152,27.770413573433803,27.86347537979412,2855700
2011-10-03,27.28321075439453,27.972953925568838,27.2667889442937,27.688299472099263,3223700
2011-10-04,26.921907424926758,27.294150311288384,26.390913465923322,26.938329229605078,5300000
2011-10-05,27.102558135986328,27.16277421431632,26.45113401852485,26.93833379668457,4422300
2011-10-06,27.370790481567383,27.420057987963226,26.921909684727723,27.07518544319231,2160800
2011-10-07,27.51860237121582,27.77041322821714,27.348902660683812,27.469334848043708,2364400
2011-10-10,28.02768898010254,28.08242972403588,27.66639464075613,27.814197155246777,1886300
2011-10-11,27.68829917907715,28.005799337614427,27.502177676408373,28.005799337614427,2233500
2011-10-12,27.4638671875,27.885377872733102,27.42007498146672,27.885377872733102,2798600
2011-10-13,27.39269256591797,27.431011512459655,26.998552443516687,27.316054672834603,2987100
2011-10-14,27.6390323638916,27.655454174236226,27.348900489037696,27.513124857162357,2921800
2011-10-17,27.381738662719727,27.721135875208137,27.310574023766726,27.518592613200198,2612000
2011-10-18,27.62809181213379,27.79778947021215,27.184684010113394,27.3762788138234,3117700
2011-10-19,27.89630699157715,28.24117950956978,27.66091804465485,27.66639337173235,1984700
2011-10-20,27.94010353088379,28.170017169453956,27.726611698432745,27.901784591122095,2207300
2011-10-21,28.503948211669922,28.509423540550088,28.164550909013695,28.20834309892444,2369000
2011-10-24,28.137187957763672,28.47111001969818,28.04960146659243,28.383523528526943,2530900
2011-10-25,27.753992080688477,28.18645122907787,27.73209493914883,28.04412189729653,2038700
2011-10-26,28.000333786010742,28.066023131983457,27.78683975720278,28.016755600447258,2747700
2011-10-27,28.471107482910156,28.657229021093862,28.2904612745643,28.44921242823821,3230500
2011-10-28,28.120758056640625,28.383517474105748,27.64450674299923,28.328776711885347,3704800
2011-10-31,28.24118995666504,28.591535843111107,27.9893791118102,28.01127416354343,2670900
2011-11-01,27.58976173400879,27.929159001631042,27.535018891988493,27.64450248780319,3098100
2011-11-02,28.04412269592285,28.208347085694182,27.890846877233134,27.890846877233134,1924500
2011-11-03,28.30140495300293,28.40541323144884,28.066015928107245,28.12623201655397,2358200
2011-11-04,28.224769592285156,28.246664645140473,27.792310452941454,28.076967022323654,2390100
2011-11-07,28.71196746826172,28.728389278799956,28.15360293947384,28.301405498996466,2469000
2011-11-08,28.815977096557617,28.83787423711693,28.290458252491668,28.722917381519927,2271600
2011-11-09,28.071489334106445,28.569637766609542,27.9839028653661,28.350672638871753,2678900
2011-11-10,28.109798431396484,28.312343766051665,27.852514444275002,28.164541260313587,2512900
2011-11-11,28.498477935791016,28.82692670308246,28.37257250538842,28.427313270528213,2065900
2011-11-14,28.317827224731445,28.48752692328097,28.19192180512096,28.356146174690025,1511900
2011-11-15,28.224769592285156,28.345199691781477,28.19192388066272,28.208345692360783,4836800
2011-11-16,27.929168701171875,28.241195700261006,27.896322984552683,28.04960090721562,2011000
2011-11-17,27.83063507080078,28.12076494039777,27.57882416178352,27.87990260414996,2709100
2011-11-18,27.94010353088379,28.137173557215704,27.852517084539116,27.9674739038242,2817600
2011-11-21,27.732084274291992,27.967473234754358,27.58975708547141,27.770403213136976,9227000
2011-11-22,27.39269256591797,27.77588411956078,27.370795428401017,27.73208984452687,2301600
2011-11-23,26.993080139160156,27.272261343390248,26.85622615727312,27.272261343390248,1971100
2011-11-25,27.102558135986328,27.288679610721864,26.921911989222128,26.954757692372787,993500
2011-11-28,27.43100929260254,27.639027905727733,27.299628566358788,27.595233634237882,1925800
2011-11-29,27.836095809936523,28.000322239486053,27.524068934953696,27.578811774212138,2012400
2011-11-30,28.534257888793945,28.556369404932315,28.263399196444734,28.302093295351764,3367900
2011-12-01,28.384994506835938,28.50107885574516,28.16941260105615,28.429217517595493,2876500
2011-12-02,27.948326110839844,28.46240742227675,27.8985762384856,28.44582272571141,2608400
2011-12-05,27.91515350341797,28.34631757582492,27.760377089460704,28.246817850089396,2996600
2011-12-06,27.826704025268555,28.020174504393346,27.788009929443593,28.003591922945525,3866000
2011-12-07,27.91515350341797,28.080985676753684,27.66087736372518,27.788015433571577,3077500
2011-12-08,27.716144561767578,28.025699392359112,27.666394715934473,27.920670768561568,2515800
2011-12-09,28.06439781188965,28.10309190809893,27.76589869084372,27.82117747733561,1776900
2011-12-12,27.810131072998047,28.047824663177835,27.638769940247027,27.964907509888775,2218500
2011-12-13,27.904088973999023,28.213643813293338,27.815645035439193,27.815645035439193,2463300
2011-12-14,27.73826026916504,28.031230456352546,27.72720451189965,27.859871490414232,2088000
2011-12-15,28.069917678833008,28.18600204735842,27.91514133235855,27.99805843720962,2216300
2011-12-16,27.99806022644043,28.268918850080095,27.89303160576122,28.16389233807059,3954500
2011-12-19,27.8377628326416,28.307620966952797,27.788012974176983,28.14178880829416,2592100
2011-12-20,28.810646057128906,28.882507431596924,28.21917669564437,28.24128821219919,4715100
2011-12-21,29.18099594116211,29.208634272444954,28.810635554229556,28.810635554229556,3269900
2011-12-22,29.14231300354004,29.274977887914247,29.05386904440046,29.274977887914247,1867200
2011-12-23,29.26944351196289,29.40210836211169,29.20863791036562,29.263914579815992,1604900
2011-12-27,29.534778594970703,29.5734726896093,29.214167972342306,29.214167972342306,1108900
2011-12-28,29.34129524230957,29.60109803388878,29.313654807983433,29.507127304920978,1439000
2011-12-29,29.590065002441406,29.623232283898616,29.30262155582438,29.30262155582438,1335100
2011-12-30,29.34129524230957,29.61768271621828,29.33023949031293,29.573459708231727,1254500
2012-01-03,29.02069664001465,29.672971514140954,28.888029670416948,29.556889233661682,2668500
2012-01-04,28.783002853393555,29.087028774316533,28.705614667195334,29.020696344528044,2023800
2012-01-05,28.722204208374023,28.81617710629638,28.36842835220373,28.705621624075555,2842600
2012-01-06,28.429231643676758,28.771951712679176,28.362899203246993,28.738786546799425,5577700
2012-01-09,28.390535354614258,28.50661764358051,28.224703211995315,28.41817369360573,2374400
2012-01-10,28.351839065551758,28.55083846477185,28.346310132979013,28.490032858491272,2143400
2012-01-11,28.285503387451172,28.412643527464283,28.208115203909173,28.296559143481435,1819500
2012-01-12,28.15283966064453,28.412644666092717,28.13625708026952,28.357365883726118,2048500
2012-01-13,27.97043228149414,28.00359956210762,27.732738708774125,27.8875172429664,3012800
2012-01-17,28.080976486206055,28.302087384067203,27.942782702210287,28.0643939069009,2588200
2012-01-18,27.876453399658203,28.108617970621815,27.6829829238552,28.08097963245996,2355100
2012-01-19,27.804584503173828,27.975945527239595,27.68850224913063,27.909613111881978,1990400
2012-01-20,27.953842163085938,27.95384216308594,27.655343044010046,27.82670411799882,2244500
2012-01-23,27.904088973999023,28.191532301485925,27.760368364590484,27.959367753517554,3427000
2012-01-24,27.810131072998047,28.136268642639795,27.594546896180645,27.821186834014643,1763100
2012-01-25,28.25234603881836,28.318678484668702,27.467404013019337,27.72168225467477,2768300
2012-01-26,28.108613967895508,28.291030769393263,27.92067034302043,28.224698345516686,2986500
2012-01-27,27.395540237426758,28.186008958460498,27.329205693813094,27.99253636925911,6158000
2012-01-30,27.27392578125,27.439757903275073,27.01412078791983,27.439757903275073,4842300
2012-01-31,27.660869598388672,27.68850793474053,27.240759294628774,27.351314748706113,4530300
2012-02-01,27.870939254760742,27.98149477473743,27.69958020203448,27.69958020203448,3834200
2012-02-02,27.920671463012695,28.097561448228777,27.83222752473956,27.898562059946777,2566700
2012-02-03,27.84881591796875,28.17495337911685,27.71062211423939,28.119674592423046,2781800
2012-02-06,27.788005828857422,27.904088099202415,27.69956189307032,27.760367494299533,1386400
2012-02-07,27.870939254760742,27.975967947640616,27.550330566366625,27.721691727764046,2188000
2012-02-08,27.749313354492188,27.992533664901185,27.62217532118727,27.915145480165133,1933800
2012-02-09,27.561370849609375,27.727202982100543,27.54478826896125,27.727202982100543,2808800
2012-02-10,27.589019775390625,27.589019775390625,27.395549231343246,27.511631557771672,1432700
2012-02-13,27.600061416625977,27.727199438911555,27.528200061883794,27.633228682353835,1854700
2012-02-14,27.765893936157227,27.837755291955958,27.50608895581009,27.58900606701399,2266600
2012-02-15,27.682981491088867,27.788008014136146,27.589008615798203,27.782479081587912,2037500
2012-02-16,27.870939254760742,27.926218069084666,27.710635964899264,27.721691727764046,1841000
2012-02-17,27.953842163085938,28.00911884054292,27.79353684632258,27.98700943476218,2198500
2012-02-21,27.716144561767578,28.03122621582067,27.71061773830602,28.03122621582067,3037500
2012-02-22,27.89857292175293,27.959378548364874,27.677461935649617,27.677461935649617,1821700
2012-02-23,28.158367156982422,28.17495184642342,27.881979564558947,27.88750849726261,8797300
2012-02-24,28.36842155456543,28.467921253855025,28.103089726016492,28.19153366886614,8602700
2012-02-27,28.41817855834961,28.473455245795055,28.16390242222783,28.26892897184236,11687600
2012-02-28,28.32973861694336,28.550849615470735,28.230238878473116,28.473459289916622,2443500
2012-02-29,28.188983917236328,28.451491327551334,28.110790129882034,28.36771318279498,2497800
2012-03-01,28.155473709106445,28.417983271748987,28.021425683542716,28.172228913319003,2473400
2012-03-02,28.21690559387207,28.289515012575002,27.99907946838385,28.138711818632256,1782500
2012-03-05,28.38445472717285,28.44030679680137,28.043751562827197,28.138702637939538,1513900
2012-03-06,28.21690559387207,28.289515012575002,28.05493155623498,28.244831637797635,1674100
2012-03-07,28.200151443481445,28.244832689301635,27.999080510738942,28.16663891115081,1616200
2012-03-08,28.261587142944336,28.323025718615792,28.099615234180305,28.244831942532343,1367200
2012-03-09,28.350948333740234,28.373290018667692,28.138708718790408,28.350948333740234,1728400
2012-03-12,28.669307708740234,28.70840458617731,28.367701399408514,28.40679827684559,2355000
2012-03-13,28.686071395874023,28.747509973067082,28.485000463467887,28.697242239965547,1900200
2012-03-14,28.233667373657227,28.73634480394331,28.18339963062862,28.65815101048127,2584500
2012-03-15,28.194561004638672,28.401216265163146,28.110782881484603,28.211316203145415,2206900
2012-03-16,28.10519790649414,28.295097978725337,28.060516664532937,28.17222083474619,2834300
2012-03-19,28.07168197631836,28.334191431882886,28.021414253563883,28.066097620732403,1644700
2012-03-20,28.283933639526367,28.395639966047185,28.054936628938123,28.0661074746523,2340200
2012-03-21,28.183393478393555,28.356538362278258,28.13871223357788,28.283928942504595,1462600
2012-03-22,28.16104507446289,28.28950868289424,28.038170082559148,28.043754437846548,2416300
2012-03-23,28.082849502563477,28.3230172461888,28.06050995223691,28.194555776676182,1914100
2012-03-26,28.32302474975586,28.45148625330155,28.17222155934469,28.222489289481747,1697100
2012-03-27,28.490577697753906,28.591113138823804,28.317434984171403,28.323019339510786,1869300
2012-03-28,28.31185531616211,28.579949180036444,28.177809449535264,28.417977268747386,1779100
2012-03-29,28.362117767333984,28.384459451151635,28.02700103255019,28.216901083759737,1495400
2012-03-30,28.602296829223633,28.61905416400998,28.378886294742756,28.40681234522523,2285400
2012-04-02,28.764266967773438,28.903899331694664,28.490586597014676,28.579951224699432,2015200
2012-04-03,28.78660011291504,28.82011050671228,28.602284424549595,28.702819867181628,2416400
2012-04-04,28.814533233642578,28.970920791455452,28.62463314317522,28.63580398739338,2122500
2012-04-05,28.697248458862305,28.76985576526075,28.635809868355068,28.747516202857213,2166500
2012-04-09,28.429153442382812,28.652563972184137,28.423566954030683,28.5017607459922,2213000
2012-04-10,28.038177490234375,28.40680682457753,27.98232326950319,28.40680682457753,2680100
2012-04-11,28.02141761779785,28.27834274862269,27.993491575274852,28.222488532956216,2480200
2012-04-12,28.094032287597656,28.094032287597656,27.853864441861695,28.015838501659598,2517200
2012-04-13,28.082849502563477,28.362114122535253,28.05492346669029,28.105191183510012,4782500
2012-04-16,28.33979034423828,28.39564244706819,28.13871936505676,28.17222977450625,2527400
2012-04-17,28.479412078857422,28.607873571810526,28.27834117488897,28.496167277314676,2152500
2012-04-18,28.272762298583984,28.44032072011976,28.26717794113519,28.362126932111128,1954300
2012-04-19,28.228086471557617,28.334206328444495,28.121964484049403,28.27276773159686,2178000
2012-04-20,28.49618148803711,28.552033597827666,28.211330188489566,28.22808752592387,2740000
2012-04-23,28.40122413635254,28.496175258986586,28.261591761777314,28.45149187642446,1540900
2012-04-24,28.378881454467773,28.468246079142396,28.278345985381236,28.378881454467777,3460400
2012-04-25,28.61904525756836,28.69723902683329,28.356535777361458,28.50175247305055,3148200
2012-04-26,28.982091903686523,29.160821151588525,28.568781316895908,29.026775280972373,3622800
2012-04-27,29.08262825012207,29.16082203211271,28.920654198501037,29.04911571614576,3623800
2012-04-30,29.149648666381836,29.177576840923717,28.954164228312155,29.037944490696635,2384900
2012-05-01,29.28927993774414,29.378644553372922,28.99884440429548,29.18316012250387,1727700
2012-05-02,29.10497283935547,29.266946907115027,28.982095666486707,29.211092678256055,1620000
2012-05-03,28.99884605407715,29.239013871734294,28.9765064968644,29.03794507309585,1487800
2012-05-04,29.03794288635254,29.222256470546274,28.95416262859691,28.976504314747807,1585700
2012-05-07,28.970932006835938,29.09939356914447,28.875982990155432,29.015615401006645,1281500
2012-05-08,29.021183013916016,29.049109053847836,28.83128295951126,28.84804028796657,1378700
2012-05-09,28.859210968017578,29.071452721093557,28.8033588843441,28.83128492618084,1639400
2012-05-10,29.10497283935547,29.205508320680643,28.942998771595914,29.004437358030298,1123400
2012-05-11,29.16641616821289,29.25578081829685,28.920661782516007,29.021197280188126,1545900
2012-05-14,29.194334030151367,29.255772609336358,28.954166200948595,28.9876787343097,1810300
2012-05-15,29.211097717285156,29.440094768557397,29.13848827255357,29.40658435608231,1918600
2012-05-16,29.328378677368164,29.367477696633397,29.16640676610654,29.27811094473645,1873400
2012-05-17,28.982091903686523,29.373062932454914,28.976507546836142,29.306039997146836,1792600
2012-05-18,29.205495834350586,29.33395730987316,29.01559579866067,29.026766639656554,2827300
2012-05-21,29.171979904174805,29.26693097623983,29.015592409738076,29.239002811702,2103900
2012-05-22,29.30604362487793,29.43450515454567,29.177582095210187,29.19433729845612,1720900
2012-05-23,29.160812377929688,29.389809291069266,28.892718586738482,29.250176974993423,2352400
2012-05-24,29.322790145874023,29.40657039853894,29.099377559181136,29.18315781184605,7291900
2012-05-25,29.350717544555664,29.45683948692399,29.278108130927933,29.333962345495582,7568400
2012-05-29,29.322790145874023,29.45125163750532,29.194328654242728,29.45125163750532,7039700
2012-05-30,29.25960922241211,29.63762473287006,29.197546460452344,29.361166077934147,2340200
2012-05-31,29.372446060180664,29.541706743550083,29.141122624046968,29.197542134414654,1945400
2012-06-01,29.129833221435547,29.344229045329982,29.10162347116165,29.169327302272208,2303000
2012-06-04,29.07341194152832,29.22574717768048,29.01134919877011,29.15240010421477,1843500
2012-06-05,29.039562225341797,29.112907149379534,28.93236215560556,29.01135032134841,2582600
2012-06-06,29.479637145996094,29.479637145996094,29.073409878417102,29.186251025218585,2473000
2012-06-07,29.7560977935791,29.82944270943983,29.5755506676677,29.603762568515826,2942100
2012-06-08,30.032554626464844,30.072048702676064,29.756096092986315,29.756096092986315,2563000
2012-06-11,29.79559326171875,30.230030297398642,29.75609918140839,30.134114565026376,2033200
2012-06-12,29.806882858276367,29.84073370322817,29.524781004924215,29.78995528353413,2644000
2012-06-13,29.931011199951172,30.015642630972096,29.60377411468811,29.789960249760767,1616400
2012-06-14,30.30904197692871,30.35982042705401,29.953592826051633,29.976161504389015,2813700
2012-06-15,30.342884063720703,30.52342913365133,30.27518020056347,30.43315659868602,2886200
2012-06-18,30.630615234375,30.63625632361259,30.292091768937315,30.29773501044092,2134000
2012-06-19,30.681396484375,30.799878739717194,30.506492570108264,30.692680816159903,2469600
2012-06-20,30.56290626525879,30.856292379080624,30.450067273398385,30.77166313518532,2951700
2012-06-21,30.286453247070312,30.82244716524979,30.26388458367479,30.658827584031577,1899600
2012-06-22,30.24695587158203,30.38236353269124,30.14539904961714,30.314659702136638,2577300
2012-06-25,30.094621658325195,30.25259798572728,30.05512757647468,30.21310390387676,1779700
2012-06-26,30.111560821533203,30.275180465171324,29.95922551389775,30.10027648553054,1768900
2012-06-27,30.421873092651367,30.467010437498818,30.162339816579735,30.162339816579735,1162600
2012-06-28,30.337236404418945,30.37108940480248,30.04385019122793,30.29209907057423,1651200
2012-06-29,30.46700096130371,30.715249823950284,30.23567752157706,30.65883031270628,2330100
2012-07-02,30.687034606933594,30.726528688228885,30.42750145777425,30.466995539069543,1557300
2012-07-03,30.596769332885742,30.737820271439855,30.46136163714305,30.636263423499575,889900
2012-07-05,30.342884063720703,30.540356713640893,30.309033208275586,30.500862614110254,1460900
2012-07-06,30.371091842651367,30.433152453269564,30.11155645674477,30.162334885262723,1205500
2012-07-09,30.337236404418945,30.404940252919477,30.167975707034348,30.376730495399798,1179700
2012-07-10,30.297739028930664,30.5064937946655,30.213107613279796,30.36544287009158,1450600
2012-07-11,30.48957061767578,30.534705797684683,30.263888260831873,30.354160773116146,1143400
2012-07-12,30.297739028930664,30.433146711252498,30.224391945517663,30.269529274469143,1510300
2012-07-13,30.574209213256836,30.5911367941567,30.28646616516455,30.28646616516455,1876000
2012-07-16,30.574209213256836,30.658840660954805,30.472652336926117,30.478295581315113,1062400
2012-07-17,30.596769332885742,30.73217918089496,30.444434060975322,30.585484999529434,1147000
2012-07-18,30.675750732421875,30.732172386729918,30.512133315593644,30.534699825050822,947700
2012-07-19,30.574209213256836,30.709619099120165,30.38237979710627,30.709619099120165,1565600
2012-07-20,30.444429397583008,30.52906080865848,30.30902172258168,30.52906080865848,2039700
2012-07-23,30.184885025024414,30.529049479017996,30.03819307283415,30.41056726929524,1416400
2012-07-24,29.908432006835938,30.20181813826373,29.67710861601521,30.15668296926419,1702300
2012-07-25,30.066417694091797,30.12848044959217,29.784315825283876,30.00999602897034,1792400
2012-07-26,30.540355682373047,30.602418451616067,30.173622310809897,30.23004398842488,1773800
2012-07-27,31.014280319213867,31.127119345556007,30.438792245349777,30.636262693714993,1950400
2012-07-30,30.986055374145508,31.11018083362051,30.715237950780963,30.92399479667357,1599300
2012-07-31,30.64191246032715,31.087631874715754,30.619343789347067,31.008643678552378,2384100
2012-08-01,30.472633361816406,31.381001438768998,30.399288448567823,30.66446265851612,2175900
2012-08-02,30.359800338745117,30.568555094569117,30.05512983958607,30.371084670447253,1874700
2012-08-03,30.698320388793945,30.732173382475633,30.34851472981426,30.675751726339485,1579500
2012-08-06,30.6531925201416,31.002998262472403,30.48957290675893,30.788600222600856,1363500
2012-08-07,30.455718994140625,30.87323072748073,30.455718994140625,30.850662060323632,2377500
2012-08-08,30.280807495117188,30.489564385822614,30.184893912035793,30.450070304287216,1514100
2012-08-09,30.25824546813965,30.309023887959473,30.156688628499996,30.196182715885822,1380400
2012-08-10,30.30904197692871,30.3711047662227,30.100284930709368,30.235694848466036,1381000
2012-08-13,30.156694412231445,30.388017890827943,30.072062978878222,30.269535605946828,1251500
2012-08-14,30.184885025024414,30.32593588962733,30.122822300236667,30.21309476749192,1546000
2012-08-15,30.359800338745117,30.461357171798134,30.105908256112578,30.201821847181424,1413400
2012-08-16,30.43878936767578,30.562912715370846,30.218750273937978,30.34851686377652,5901700
2012-08-17,30.421873092651367,30.450085009314556,30.303390790827414,30.421873092651367,1628900
2012-08-20,30.534706115722656,30.54599044890903,30.25824748558917,30.32031024198099,1339500
2012-08-21,30.354162216186523,30.641907342455546,30.348521125517152,30.500856400789004,1565000
2012-08-22,30.24695587158203,30.354153782648986,30.156683380087237,30.24695587158203,1647400
2012-08-23,29.98178482055664,30.230035830535606,29.87458689041704,30.213108255685725,1432500
2012-08-24,30.17924690246582,30.218740976253592,29.902786233685823,29.90842732182739,1261500
2012-08-27,30.49520492553711,30.57983632859704,30.184893368094016,30.29773452141859,2514900
2012-08-28,30.43878936767578,30.52906187157504,30.376726617695113,30.444430457552993,2020500
2012-08-29,30.181255340576172,30.437654670090804,30.147067748989457,30.392073388180634,1610800
2012-08-30,29.924856185913086,30.141373269209506,29.913460321156542,30.101488829331082,1267000
2012-08-31,29.902055740356445,30.124269604489335,29.793798317033286,30.033104886549218,1585900
2012-09-04,29.919145584106445,30.010310293327063,29.714026618513643,29.827980874885828,1872400
2012-09-05,29.91344451904297,30.090077069152834,29.85646739889801,29.981817497924478,1524000
2012-09-06,30.637069702148438,30.654162405969778,29.959032310265176,30.010310421729187,2460800
2012-09-07,30.289512634277344,30.682660154618304,30.266720906667754,30.608590300195296,2011800
2012-09-10,30.35788345336914,30.483235772639457,30.31230217497724,30.437652320708935,1242700
2012-09-11,30.164148330688477,30.42054973065716,30.164148330688473,30.357873591382827,1253700
2012-09-12,30.061588287353516,30.266709410853778,30.016007022985654,30.23822084893162,1409300
2012-09-13,30.53451156616211,30.54020841004396,30.033104536565336,30.033104536565336,1852400
2012-09-14,30.095773696899414,30.557296191514894,30.02170170240952,30.517411772990595,2169700
2012-09-17,29.976133346557617,30.215439960728943,29.87926959305584,30.11287936221588,1566700
2012-09-18,29.7710018157959,30.021704206507877,29.725418377373007,29.959030238983363,1532900
2012-09-19,29.83370018005371,30.067310042142644,29.742535408837043,29.88498049970931,1453700
2012-09-20,30.038799285888672,30.11286911351997,29.74821029782193,29.936238722281352,1715600
2012-09-21,30.027406692504883,30.186944398342348,29.9305429614334,30.107175545423615,2667600
2012-09-24,30.261016845703125,30.312297133827375,29.976126839132448,30.016011266169283,1300400
2012-09-25,29.998918533325195,30.46043895247471,29.998918533325195,30.352181532552606,2156800
2012-09-26,30.13567352294922,30.506031511214562,30.0786963740802,30.090092238561784,2075900
2012-09-27,30.0900821685791,30.266712575085066,30.01601016100728,30.238224010184574,2061300
2012-09-28,30.164148330688477,30.278104749956547,29.95333036784218,30.072983629981596,2392300
2012-10-01,30.0900821685791,30.42055343379354,30.050197743010777,30.27241159218807,1548000
2012-10-02,30.329391479492188,30.340787341196116,30.07868904262091,30.1470620393061,1439700
2012-10-03,30.386367797851562,30.568697220095586,30.380668780791222,30.42625222312131,1627400
2012-10-04,30.41486167907715,30.70544856734267,30.409162661020616,30.517422268709343,1912000
2012-10-05,30.346466064453125,30.64845078543673,30.323676528191992,30.534494409982752,2764200
2012-10-08,30.215438842773438,30.477539347908536,30.03310937961603,30.329395300631482,2309500
2012-10-09,30.095773696899414,30.306591648176106,30.016004859850817,30.20403109381711,1997200
2012-10-10,30.323698043823242,30.414862774163293,30.164158135574187,30.23253331348319,2261100
2012-10-11,30.215438842773438,30.454747621629195,30.147065837474074,30.443351758489527,1328000
2012-10-12,30.016021728515625,30.340796275326134,29.97043826827744,30.289515969327685,1558100
2012-10-15,30.061588287353516,30.10147488229008,29.86216618036046,30.004611163509203,1346300
2012-10-16,30.004619598388672,30.18694905419236,29.87926728244667,30.17555319151231,1504700
2012-10-17,30.397768020629883,30.414862901948265,30.03880811602327,30.084389394615492,1432600
2012-10-18,30.5288143157959,30.562999725708448,30.266713856416168,30.38067029438062,1630300
2012-10-19,30.488920211791992,30.597179779308174,30.392058676159337,30.500316070137785,2206600
2012-10-22,30.1755428314209,30.523108916448518,29.998912454368565,30.431944219846013,1688000
2012-10-23,30.021713256835938,30.17555414758302,29.87926822912997,29.970432959920245,1909500
2012-10-24,29.884971618652344,30.084393817194453,29.799503720112043,30.01032178336212,1700200
2012-10-25,29.600067138671875,29.833676817825168,29.07017164169574,29.833676817825168,4925200
2012-10-26,29.668445587158203,29.725422719972656,29.343671148331577,29.571584026665974,2752100
2012-10-31,30.072998046875,30.112882486708607,29.62857018956401,29.816598697527247,2744600
2012-11-01,29.639957427978516,30.147061307024515,29.600072999752765,30.129968601652998,3493800
2012-11-02,29.457626342773438,29.822285193869263,29.400647038828343,29.822285193869263,2311700
2012-11-05,29.01889991760254,29.360767099359943,28.865059033750146,29.320882667272862,1990100
2012-11-06,29.04167938232422,29.184124343511154,28.91632712094768,29.018887666885284,1626400
2012-11-07,28.409225463867188,28.916329214643664,28.22119705818812,28.876444796506487,2457800
2012-11-08,28.164234161376953,28.773898773385376,28.164234161376953,28.37505221706632,2502200
2012-11-09,28.107250213623047,28.238299361052544,27.936314464026157,28.050270905911304,2232400
2012-11-12,28.027482986450195,28.141439443800426,27.90213283954971,28.090159146669752,2088500
2012-11-13,28.60865020751953,28.69411806776076,27.885029424367865,27.94770556540637,4078000
2012-11-14,28.426332473754883,28.734014288721937,28.37505217126037,28.614360974081038,2832900
2012-11-15,28.306676864624023,28.585867909488712,28.084462963006377,28.409237461299657,2417900
2012-11-16,28.57447052001953,28.625750811717882,28.204112616249375,28.34086078529112,2409800
2012-11-19,28.648527145385742,28.751087681467727,28.44340607322178,28.751087681467727,2497300
2012-11-20,28.682729721069336,28.694125583655634,28.34655938215848,28.648542133310446,2031700
2012-11-21,28.58017349243164,28.768201993489335,28.28388754059274,28.688430943212847,2003800
2012-11-23,28.557376861572266,28.654240604939336,28.375047410745605,28.61435617341716,1053900
2012-11-26,28.85936164855957,28.996107649285115,28.460515161622833,28.500399592962655,1798300
2012-11-27,28.79669189453125,29.05879026547243,28.773900164830543,28.825180469887645,2800500
2012-11-28,29.036788940429688,29.054061758546734,28.70283314722163,28.823749463366276,2865900
2012-11-29,29.174978256225586,29.278619566258946,29.00224347165064,29.100127907323014,2296900
2012-11-30,29.428319931030273,29.428319931030273,29.1231551207398,29.21528047081475,2853500
2012-12-03,29.221038818359375,29.45711017711308,29.100124702119068,29.45711017711308,2372600
2012-12-04,29.019502639770508,29.25557389560513,28.996470762020603,29.221026078980277,1729500
2012-12-05,29.78529930114746,29.871667760135832,29.036780710199146,29.065569464381554,3365300
2012-12-06,29.675899505615234,29.96954829624403,29.56649917079113,29.825602336899497,2036100
2012-12-07,29.762269973754883,29.929247837362354,29.624083063242136,29.8313656254526,1713800
2012-12-10,29.704696655273438,29.825610768157624,29.658632880969943,29.72772854242518,1338700
2012-12-11,29.71044158935547,29.865903470493123,29.61831627421176,29.727716595997943,1616500
2012-12-12,29.687427520751953,29.854403232210736,29.61833185072564,29.7910688293495,1969300
2012-12-13,29.560747146606445,29.72196594464995,29.457105863166657,29.647115614953403,1196500
2012-12-14,29.474374771118164,29.578016040819204,29.341944747931525,29.537711346651147,1609400
2012-12-17,29.917726516723633,29.963790276240644,29.51467740671357,29.554984294511428,1931900
2012-12-18,30.07319450378418,30.113499203307523,29.802575352891957,29.871671006167453,2197400
2012-12-19,29.82560920715332,30.0674396167065,29.796820447941204,30.038648661052846,2017000
2012-12-20,30.05592918395996,30.171086438362032,29.894708149220286,30.050170113196792,2170700
2012-12-21,29.906211853027344,30.113494386817337,29.808329654538202,29.952275614510025,4139800
2012-12-24,29.906211853027344,29.958032486474842,29.652867754195707,29.854391219579846,953900
2012-12-26,29.77377700805664,29.98105950825282,29.7334723215119,29.940754821708083,1828800
2012-12-27,29.72196388244629,29.848637041515136,29.48589257464422,29.744995765266303,2493400
2012-12-28,29.411048889160156,29.791066255707598,29.399532945150632,29.589540530203486,1696300
2012-12-31,29.82560920715332,29.865913909338595,29.221036477932678,29.324677768249536,2152700
2013-01-02,30.47048568725586,30.4935175724831,30.148048079840326,30.148048079840326,2330900
2013-01-03,30.505035400390625,30.614433567318933,30.30351188330122,30.4359419368802,1540700
2013-01-04,30.827468872070312,31.080812983700522,30.499272242469825,30.516545055677906,2881100
2013-01-07,30.32077980041504,30.64321957209539,30.257443220581287,30.625944561678118,2076600
2013-01-08,30.1538028717041,30.424422013342348,30.050161591776323,30.228655395305573,1911500
2013-01-09,30.05592918395996,30.165327367598863,29.894708149220286,30.14229547743006,1643900
2013-01-10,30.06743812561035,30.1595634683854,29.96955371341356,30.12501564117922,2484000
2013-01-11,30.188343048095703,30.188343048095707,30.032881167594667,30.061669916626542,2290900
2013-01-14,30.165325164794922,30.251693648399957,30.084715751532507,30.199872997525294,1237300
2013-01-15,30.24594497680664,30.251704049129266,30.015632602079982,30.119273939461866,1840000
2013-01-16,30.17107391357422,30.31501987271066,30.090462331447352,30.251683299260062,2380200
2013-01-17,30.176836013793945,30.34957075539663,30.13077444103922,30.257445413445772,1538800
2013-01-18,30.47048568725586,30.470485687255856,30.14228901031278,30.21138466599451,2425700
2013-01-22,30.683530807495117,30.735351456907136,30.31502938787262,30.430184434173363,1481500
2013-01-23,30.723831176757812,30.792924634075042,30.458971093340583,30.585642065681938,2047600
2013-01-24,30.971416473388672,31.028993984747547,30.75837484919004,30.792922673870127,1418200
2013-01-25,31.023235321044922,31.144149405782287,30.746859328884753,31.011719380149774,1674500
2013-01-28,30.948394775390625,31.086583923147774,30.84475346368326,31.05779296155196,1332300
2013-01-29,31.29962158203125,31.29962158203125,30.94839295704157,30.94839295704157,2273500
2013-01-30,31.39175033569336,31.403266281611284,31.126890168907416,31.265077127038303,2083500
2013-01-31,31.155677795410156,31.380233241487325,31.017488645893888,31.32265571044672,3246600
2013-02-01,31.190216064453125,31.33992112408698,31.1153657310777,31.27658453704508,1791400
2013-02-04,31.132644653320312,31.178708433455284,31.07506712459352,31.09809681821908,1770300
2013-02-05,31.270837783813477,31.501150124523694,31.230533069278135,31.270837783813477,1561200
2013-02-06,31.293855667114258,31.32840349357817,31.034754656179768,31.15566875414138,1536300
2013-02-07,31.270837783813477,31.455088534958534,31.138407693705606,31.334172194910295,1484900
2013-02-08,31.270837783813477,31.299626551846977,31.092343907698236,31.190226158300582,1265700
2013-02-11,31.2823486328125,31.32841021487186,31.213252965060683,31.23628485431129,951100
2013-02-12,31.455074310302734,31.455074310302734,31.18445518099471,31.230518946171063,1564900
2013-02-13,31.48961639404297,31.552952965812228,31.414766078716543,31.44931170226998,1481500
2013-02-14,31.362953186035156,31.501140107229705,31.184459366680564,31.420530703792636,2418700
2013-02-15,31.622047424316406,31.66811118578743,31.455071780086534,31.46658772045429,3188200
2013-02-19,32.00782775878906,32.05388932960368,31.65659922100716,31.679631104635128,2812700
2013-02-20,32.18057632446289,32.462711529065096,31.979052747205785,31.996325569130036,2417000
2013-02-21,32.07115936279297,32.19783031020361,32.02509560268657,32.13449593471877,1973500
2013-02-22,32.462703704833984,32.468460578607115,32.071170395009304,32.122991044734384,1356400
2013-02-25,32.076927185058594,32.92908726996993,32.05965436734256,32.675743092220635,3328200
2013-02-26,32.15428161621094,32.51491373192454,31.99141693096281,32.148465971251326,2497200
2013-02-27,32.462562561035156,32.51491223872725,32.15428013957512,32.22408118907446,1812800
2013-02-28,32.573081970214844,32.73013102454934,32.363683231102186,32.48583175596286,2527200
2013-03-01,32.817378997802734,32.829012507619495,32.28225085942252,32.47420044310137,2239700
2013-03-04,32.81156539916992,32.904631264644486,32.59053313659335,32.79411624278883,3792700
2013-03-05,32.869728088378906,33.08494468780093,32.81156275921165,32.96861181060134,2731700
2013-03-06,32.84064483642578,33.02677654907005,32.70686280664178,32.945344202146316,1718100
2013-03-07,32.49748229980469,32.927913513471246,32.48584878388221,32.86393028533076,2064500
2013-03-08,32.49748229980469,32.55564987941708,32.253185122031496,32.50911581572717,2671700
2013-03-11,32.74757766723633,32.74757766723633,32.497462772360635,32.51491414519111,1681400
2013-03-12,32.58470916748047,32.74757383574331,32.45674280306555,32.74757383574331,1154100
2013-03-13,32.77084732055664,32.86391318063214,32.474200584961324,32.57308209053805,1922500
2013-03-14,32.77666473388672,32.86391495316689,32.69523237928669,32.80574961955694,2076200
2013-03-15,33.032588958740234,33.18963798138852,32.52654136836308,32.642874224272695,4006900
2013-03-18,32.82319641113281,32.95697844388962,32.75339757205645,32.782480236766176,1380500
2013-03-19,33.00351333618164,33.07912782260974,32.799930240217535,32.85809779000663,1683800
2013-03-20,33.27107620239258,33.33505939540833,33.114027151953465,33.114027151953465,2168700
2013-03-21,33.10820388793945,33.43975330847992,33.06167207624946,33.15473791849415,2032500
2013-03-22,33.02096176147461,33.178010814134524,32.956978567554074,33.0965784650957,1901400
2013-03-25,33.07331466674805,33.23036373470318,32.887182931141666,33.154747023717675,2199100
2013-03-26,33.497928619384766,33.590994489388635,33.090764606043344,33.13148078549095,1960700
2013-03-27,33.4630241394043,33.56190786273275,33.31760859599459,33.410674455022196,1423000
2013-03-28,33.84111022949219,33.881826409900434,33.46884674069373,33.49211376345998,1832300
2013-04-01,33.8469352722168,33.89928497854131,33.70151966785605,33.835301757604014,1124300
2013-04-02,34.09703826904297,34.137754446401075,33.88182387174079,33.9225400490989,1525500
2013-04-03,34.17265319824219,34.30643523386085,34.08540298338147,34.201735863574044,2210500
2013-04-04,34.603084564208984,34.64961638547109,34.21918760861968,34.21918760861968,2275900
2013-04-05,34.68451690673828,34.707781707930835,34.38205230258352,34.405319322641226,2656500
2013-04-08,34.94044494628906,34.94626281031572,34.51001620064619,34.66706302752602,1257600
2013-04-09,34.81248474121094,35.35924867575483,34.78921993757119,35.34179729944327,1891600
2013-04-10,34.99860763549805,35.20219070265197,34.81829380383194,34.81829380383194,2514100
2013-04-11,34.89390182495117,35.167281436291255,34.89390182495117,35.039317314402126,2910300
2013-04-12,34.96952438354492,35.02187406063009,34.83574236851944,34.8822764009795,3001600
2013-04-15,34.4751091003418,35.10330294468987,34.4751091003418,34.89972211986979,1915200
2013-04-16,34.79503631591797,34.81248547373129,34.178473519750405,34.5623705237016,1535100
2013-04-17,34.5100212097168,34.70778423802822,34.329705119422755,34.67288592426282,1723200
2013-04-18,34.78340148925781,34.84156904454531,34.44022067909035,34.58563623901105,1889200
2013-04-19,35.5221061706543,35.5337396795407,34.73104531729789,34.841562542286326,2953200
2013-04-22,35.45812225341797,35.6151712918636,35.28362406143334,35.504656288008476,1628500
2013-04-23,35.487205505371094,35.60353837491583,35.18474315096569,35.533739540734956,1271800
2013-04-24,35.55119323730469,35.69079314236947,35.266180000309205,35.55701110190105,1320200
2013-04-25,35.335968017578125,35.53954883877556,35.08003752537785,35.487199167772715,2704200
2013-04-26,35.487205505371094,35.81293709632336,35.20800794978269,35.318525174339406,1641700
2013-04-29,35.60354995727539,35.72569851154486,35.03933901756443,35.22547078184144,1672400
2013-04-30,35.87691879272461,35.90018580943843,35.48138838404898,35.53955370696869,2092200
2013-05-01,35.562828063964844,35.97580771098376,35.4872113534698,35.92345802200493,1476600
2013-05-02,35.545387268066406,35.69661850576303,35.35925548988634,35.56865429505537,1681800
2013-05-03,35.42904281616211,35.77222358647805,35.27781162770691,35.690791237397164,2238200
2013-05-06,35.17311096191406,35.568641401888556,35.15565958856532,35.51629171957237,1674800
2013-05-07,35.44066619873047,35.469748855254,35.1091190328604,35.16146870214854,1788600
2013-05-08,35.19055938720703,35.48139045652279,35.097493533780586,35.34179056695064,1446500
2013-05-09,34.5798225402832,35.32434953896842,34.44604048388605,35.23128366413277,2806000
2013-05-10,34.754302978515625,34.7775699900245,34.44602284204823,34.57398696761835,1724900
2013-05-13,34.71942138671875,34.86483695961836,34.45185726511121,34.667071691720274,1711400
2013-05-14,35.16728973388672,35.242906427524694,34.731043162603044,34.76594368709707,2328700
2013-05-15,35.28363800048828,35.48140328789676,34.96372415232138,35.05097217334921,2092000
2013-05-16,35.12076187133789,35.353425404212665,35.0625943239704,35.22546123773431,1650500
2013-05-17,35.58028030395508,35.60936519280341,35.18475199823062,35.208016802897596,2057700
2013-05-20,35.335968017578125,35.59771637259235,35.20800166204572,35.56863371511622,1371900
2013-05-21,35.30108642578125,35.527936601007326,35.120772521425955,35.33017131771727,1587900
2013-05-22,34.469303131103516,35.26036412712888,34.32388757209489,35.22546581304063,3058200
2013-05-23,34.28899002075195,34.46930389785984,33.486295495886424,34.102858278589714,7343600
2013-05-24,33.515377044677734,34.178471631332215,33.41067766585173,34.161022474482984,7056700
2013-05-28,33.57936096191406,33.9399909306451,33.49792860305854,33.521195625264504,7417900
2013-05-29,33.195465087890625,33.556095068755624,32.90463395712665,33.36414767626143,2501700
2013-05-30,33.207088470458984,33.67241769397213,33.16055443867529,33.29433867062103,2232100
2013-05-31,32.89300537109375,33.620083306877724,32.89300537109375,33.13730471132737,3128100
2013-06-03,32.31134033203125,33.07913439077874,32.31134033203125,32.84065293645362,7373200
2013-06-04,32.37531661987305,32.57889749387964,32.078669886482714,32.22408543044888,8605900
2013-06-05,32.05977249145508,32.35357538445821,31.90699373183207,32.24192885053258,4126600
2013-06-06,32.49460220336914,32.49460220336914,31.836484296282382,32.03627036969744,4995300
2013-06-07,32.69438934326172,32.74727395975956,32.335949413836204,32.70614172932107,3467900
2013-06-10,32.782535552978516,32.89417987333863,32.51223736166113,32.794287940627804,2991600
2013-06-11,32.512229919433594,32.81778296221733,32.43584053796854,32.54160976106223,3548400
2013-06-12,32.506343841552734,32.829526495405034,32.447584174138726,32.72375730082972,3487900
2013-06-13,33.140968322753906,33.19385293490396,32.44759329302582,32.49460059186016,3287300
2013-06-14,32.92942428588867,33.25260697572092,32.87653968271337,33.123333003172874,2647300
2013-06-17,33.334877014160156,33.56404291922682,33.023446655124765,33.11158618086058,3510200
2013-06-18,33.49353790283203,33.52291775093028,33.21736239932331,33.38776865644736,2406400
2013-06-19,32.75314712524414,33.62867848116076,32.75314712524414,33.4935294209031,3284600
2013-06-20,31.871732711791992,32.706131692089706,31.812970799528784,32.67675185672698,3794500
2013-06-21,32.32419204711914,32.41233380821374,31.607314540266284,32.13028331086437,4858000
2013-06-24,32.43584060668945,32.62387428335701,31.81885496502788,31.96575641502055,3387700
2013-06-25,32.82954025268555,33.011698884463094,32.318323759037035,32.618001774889315,3054200
2013-06-26,33.07632827758789,33.22322971540819,32.83541000922412,32.99406383105461,2495000
2013-06-27,33.18797302246094,33.38188399900433,33.07632873512685,33.199725406633696,2011900
2013-06-28,33.38776779174805,33.64043851361885,33.02932782623186,33.64043851361885,4228700
2013-07-01,33.04695129394531,33.69331677959238,32.90004984343114,33.57579517087339,2787300
2013-07-02,33.12921905517578,33.29374797888582,32.929432972868526,32.95881281759697,2353200
2013-07-03,33.105712890625,33.211482120430375,32.81190997261858,32.95293635953854,1048400
2013-07-05,33.052833557128906,33.19973503960503,32.61800418272252,33.129222955647336,2144800
2013-07-08,33.42301940917969,33.5287886352798,33.05870218970671,33.16447141580682,2381500
2013-07-09,33.69331359863281,33.75207327667573,33.440642948279816,33.55228723317657,1914600
2013-07-10,33.722694396972656,33.799083773831946,33.4994035792891,33.56404057189788,2476700
2013-07-11,34.41019058227539,34.463075184911276,33.96360899523064,34.051750746803066,2114400
2013-07-12,34.55121994018555,34.59235216608689,34.22216213297482,34.35143388229124,1931300
2013-07-15,35.09182357788086,35.185840428234286,34.380818765448346,34.48071292981429,2096000
2013-07-16,34.92728805541992,35.24459572639182,34.780386604955694,35.05068697737894,1451200
2013-07-17,34.95079040527344,35.16820390927484,34.756881669687886,35.15057645373199,1572200
2013-07-18,35.350364685058594,35.37386945492585,35.02130463153164,35.03305701646527,1991800
2013-07-19,35.06830978393555,35.47963423899965,35.009550108156944,35.39736979629442,2559600
2013-07-22,35.13295364379883,35.256350331991584,35.03305948559156,35.103573800163176,1193800
2013-07-23,35.174095153808594,35.29161680089742,35.08595335810723,35.19172261633328,1198700
2013-07-24,34.580604553222656,35.209342654805724,34.36906832291293,35.10945073284323,2348200
2013-07-25,34.880279541015625,35.00367621713504,34.521839655731284,34.53359204034335,2263100
2013-07-26,34.97429656982422,34.991924026070734,34.46308016483175,34.69224606218913,2209800
2013-07-29,34.880279541015625,35.05068575558329,34.803890161806294,34.95079160714983,1819800
2013-07-30,34.903778076171875,35.16819883733224,34.73924696252761,35.044802183252365,2785400
2013-07-31,34.850894927978516,35.1329453954312,34.70986857348325,35.009548736209,2966400
2013-08-01,34.92728805541992,35.19171111456317,34.60998262598626,35.0683144341424,2532300
2013-08-02,34.921417236328125,34.997806627502754,34.75101099506877,34.96842454060123,2237800
2013-08-05,35.021297454833984,35.232835857213615,34.60997527413779,34.892025730131365,2554500
2013-08-06,34.85676574707031,35.01541953594906,34.380804380434064,34.83326098393177,2711300
2013-08-07,35.179969787597656,35.42676546755228,34.527726783872026,34.67462828051153,2901300
2013-08-08,35.42675018310547,35.450254950396285,34.868524288407436,35.226964144209475,3037900
2013-08-09,35.45025634765625,35.51489109794659,35.238717916777134,35.39149442711312,2498200
2013-08-12,35.2974853515625,35.32099012494436,35.127079106851824,35.26810550560445,2277000
2013-08-13,35.40325927734375,35.43263912719145,35.22110062182583,35.26811017481324,3826200
2013-08-14,34.58647155761719,35.385615661261554,34.51595950186558,35.29747391041867,2703900
2013-08-15,34.02825164794922,34.50421315093932,33.99887180637808,34.41019631298874,2280300
2013-08-16,33.7520751953125,34.051755398365586,33.60517375031657,33.95773856322971,2850300
2013-08-19,33.71683120727539,34.092898669663896,33.64631687692338,33.70507881888339,2658900
2013-08-20,34.010616302490234,34.298541821256094,33.716813471850465,33.716813471850465,2775400
2013-08-21,33.6639404296875,33.97537081978933,33.51116165004392,33.95186604729979,2463800
2013-08-22,33.940120697021484,34.075272046084734,33.6345675574685,33.810848904607205,6963700
2013-08-23,34.58647155761719,34.66286092557851,33.85196443905256,33.94598126056732,7678300
2013-08-26,34.280921936035156,34.827395500979186,34.275046864402064,34.60998198594347,2035500
2013-08-27,34.380821228027344,34.53947509465106,33.940116790141026,34.03413364722856,2352600
2013-08-28,34.515960693359375,34.58647275154507,34.1281410110312,34.35730688128813,1648800
2013-08-29,34.3925666809082,34.5159656022053,34.26329492943911,34.42194876407404,1592600
2013-08-30,34.28679656982422,34.52771485139217,34.13402005239451,34.3690632624044,1698100
2013-09-03,33.95186233520508,34.66874212698756,33.88722533869508,34.60410513047757,1881800
2013-09-04,34.191001892089844,34.32154792285626,33.57388034572737,33.9892499643575,2861500
2013-09-05,34.125732421875,34.250345584004194,33.817172748436214,34.10793151168293,2220900
2013-09-06,34.1375846862793,34.57669246487602,34.12571666376653,34.19098965578979,2313300
2013-09-09,34.42835235595703,34.46395643050384,34.119790500667506,34.17912836131791,2364400
2013-09-10,34.65977096557617,34.677571869914345,34.345276249766336,34.55296101235884,2502500
2013-09-11,34.77845001220703,35.021738854550364,34.25033537372473,34.665704911681004,4980000
2013-09-12,35.472713470458984,36.754430721179645,35.43711165967976,36.564546851709494,7915800
2013-09-13,36.362796783447266,36.56454868783979,35.763476214760466,35.87621906054667,4241600
2013-09-16,36.261924743652344,36.93245351607884,36.1669827968694,36.74850250386426,3667400
2013-09-17,36.641685485839844,36.647618366050466,36.131371771149446,36.26191777172442,2839800
2013-09-18,37.61484146118164,37.72758655945499,36.36872834502207,36.64761899156408,3471200
2013-09-19,37.50802993774414,38.00054273601167,37.341882132831756,37.59110384020033,2394400
2013-09-20,36.95025634765625,37.68012302597688,36.90278423999571,37.62078515499589,4126200
2013-09-23,37.1697998046875,37.32408185204771,36.612016262032675,36.896842045319865,3349000
2013-09-24,37.057064056396484,37.1935429621686,36.84937699349537,37.17574205468362,2714100
2013-09-25,37.03925704956055,37.41309191319287,37.02739128819573,37.13420124923354,2708400
2013-09-26,37.27067947387695,37.401223218902494,37.06892758037101,37.17573753949735,1560700
2013-09-27,37.045196533203125,37.35375842750146,36.79597250705676,37.13420559902566,1673800
2013-09-30,37.074859619140625,37.22914167375084,36.683223865767786,36.807834727387736,2847300
2013-10-01,37.0926628112793,37.54363871484668,36.92651498554098,37.33595166907942,3267400
2013-10-02,36.99178695678711,37.015523006540754,36.410267319388616,36.94431485727983,3059600
2013-10-03,36.766300201416016,36.93838317230869,36.416201378797346,36.81377230245994,2243600
2013-10-04,36.92059326171875,36.99773205349666,36.612031303821965,36.76631115097284,1526400
2013-10-07,36.582359313964844,36.90278701034978,36.564556140458286,36.69510218273039,1008600
2013-10-08,36.55860900878906,37.027385738236084,36.49333601309467,36.55267386540196,1878000
2013-10-09,36.49928283691406,37.051133675855546,36.4399449619376,36.671365843378574,3198100
2013-10-10,37.14012908935547,37.14012908935547,36.50520455357562,36.6713523532656,2379000
2013-10-11,37.35375213623047,37.52583509392069,37.03332226955093,37.16386827381167,1577100
2013-10-14,37.152008056640625,37.25288288942615,36.58235634967676,37.181676991954326,2180800
2013-10-15,36.671363830566406,37.07486769632443,36.671363830566406,37.00959467927612,1799400
2013-10-16,37.48430633544922,37.50210950873928,36.790043694197145,36.902786561591675,2414500
2013-10-17,37.8878059387207,37.9590140966419,37.03332841601744,37.270684415232296,2243300
2013-10-18,37.786930084228516,38.14889695458385,37.65045118064436,37.982749117802186,2331600
2013-10-21,37.75132369995117,37.834397613266894,37.46056500334615,37.78692777576978,1587600
2013-10-22,38.18450164794922,38.3506494972578,37.76913202467779,37.79286581486853,2111500
2013-10-23,38.11329650878906,38.40405523359778,37.92934323101324,38.11922712660922,1940700
2013-10-24,38.071754455566406,38.29130499246327,37.84033136664438,38.16075898285509,1151800
2013-10-25,38.36845397949219,38.38625488759154,37.82253607396758,37.97681589254943,1793800
2013-10-28,38.17856979370117,38.53460610398345,38.00649131150508,38.285379781347906,2149000
2013-10-29,38.392181396484375,38.45745440398884,38.11922360473334,38.27944081485838,1499100
2013-10-30,37.99461364746094,38.588001346536544,37.95901183421684,38.36845079527944,1561400
2013-10-31,37.828453063964844,38.17854951535005,37.51395841382225,38.053938683813584,1812900
2013-11-01,38.030208587646484,38.18449062913621,37.81065807606793,37.95306983049565,1881900
2013-11-04,37.97087478637695,38.19636271570371,37.763187761293786,38.19636271570371,2513200
2013-11-05,38.31504440307617,38.9677699811846,38.00054963989958,38.226035340791164,3635200
2013-11-06,39.18138122558594,39.19325151242408,38.427780990130515,38.510854889245664,3075900
2013-11-07,38.77194595336914,39.448412023251116,38.67107114179991,39.24072272895301,2786400
2013-11-08,38.81349182128906,38.84909363476404,37.98274813175812,38.64140884417852,3464300
2013-11-11,39.092384338378906,39.311939441273054,38.68888047698845,38.884699526013826,1990500
2013-11-12,38.955902099609375,39.10424901961765,38.7185461221584,38.878758803804295,2080400
2013-11-13,39.35940933227539,39.37721023987707,38.46339258974788,38.74228554801194,3555000
2013-11-14,39.792579650878906,39.90532476806913,39.34160823649621,39.46621911630109,1961700
2013-11-15,40.06553268432617,40.06553268432617,39.66796403991076,39.7035703778862,2078500
2013-11-18,40.231693267822266,40.332568103828955,39.86972636009051,40.047739977657116,2442000
2013-11-19,40.184207916259766,40.32661966881928,40.01212497362252,40.17233762935348,2120700
2013-11-20,39.537418365478516,40.24948627756414,39.448413837757826,40.184213272443245,2505100
2013-11-21,39.602684020996094,39.82223904540138,39.394999282876356,39.590818261898285,6287700
2013-11-22,39.531494140625,39.703577134024954,39.41874901769657,39.60863291951905,8747500
2013-11-25,39.37127685546875,39.679841024992754,39.353475947071075,39.63830406300175,9847400
2013-11-26,39.104244232177734,39.501812842601225,38.88468918765716,39.460275891171726,3993100
2013-11-27,38.59986877441406,39.16358523587319,38.344711901638256,39.09831223163832,2885100
2013-11-29,38.51680374145508,38.93810853039949,38.433725285582916,38.57020646966978,1396200
2013-12-02,38.1607551574707,38.49898590882786,37.84032757338091,38.45151834142842,2912100
2013-12-03,38.44559097290039,38.487127932267754,37.97681413021783,38.14889711250807,3696700
2013-12-04,38.38752365112305,38.52520117618571,37.974497926244794,38.21991940626287,2141900
2013-12-05,37.9804801940918,38.24984575529965,37.86674679967276,38.24984575529965,2452700
2013-12-06,38.561119079589844,38.74668485588739,38.16006537095652,38.22591055498571,1765000
2013-12-09,38.15407180786133,38.56111031184015,38.02238146974576,38.56111031184015,1638000
2013-12-10,38.010406494140625,38.21392687221835,37.71111195481669,38.148081708217305,2476500
2013-12-11,37.86076736450195,38.118160906334765,37.747036237143796,38.01041466633793,1889200
2013-12-12,38.010406494140625,38.231883813878234,37.76498506323244,37.818858171648195,2525300
2013-12-13,38.058311462402344,38.25584475788538,37.93859313730865,37.99246626942896,1918400
2013-12-16,38.22590255737305,38.56111101184496,38.05829833013709,38.10019938694608,1654400
2013-12-17,38.237876892089844,38.3994962423113,38.016397254692016,38.18998866234875,1759000
2013-12-18,38.77660369873047,38.818504755790975,37.78893298931467,38.30372001427099,2489000
2013-12-19,38.609004974365234,38.710764046465115,38.13013405152556,38.710764046465115,1766200
2013-12-20,38.63893508911133,38.87836711810609,38.46534367127887,38.800552165370114,3804600
2013-12-23,38.38154220581055,38.95020013473261,38.339641143330745,38.66886247227968,2215800
2013-12-24,38.69879150390625,38.8604085735145,38.26780656245354,38.49526880738779,916800
2013-12-26,38.567108154296875,38.83647150816552,38.36957259246048,38.698798528854475,1077100
2013-12-27,38.55512619018555,38.72871301063988,38.387517405721084,38.66286784417551,957700
2013-12-30,38.543155670166016,38.806536362123296,38.38752120974827,38.543155670166016,1229800
2013-12-31,38.72273254394531,38.82449160068661,38.51322269352507,38.54914114704228,1386300
2014-01-02,38.058311462402344,38.692814703555804,37.97450703643077,38.67485775399474,2282100
2014-01-03,38.01639938354492,38.23189186257408,37.79492201718122,38.05830272863313,1739100
2014-01-06,38.02239227294922,38.19598371643523,37.86077288936952,38.094222348950105,1889000
2014-01-07,38.72273254394531,38.75265926052487,38.1301282965108,38.195973466607555,2196600
2014-01-08,38.76463317871094,38.9861082331051,38.47730838806411,38.62695566995102,2935500
2014-01-09,39.69843292236328,39.77026526566255,39.004071871295125,39.20758999366709,2961600
2014-01-10,40.57238006591797,40.596324184787676,39.88998866218932,39.96780362336058,3385000
2014-01-13,40.20722961425781,40.98539728771516,40.111457730975104,40.566382168594856,2852000
2014-01-14,40.171321868896484,40.36287023161174,39.99773045161185,40.225192705188334,1750500
2014-01-15,39.88398361206055,40.20123961971333,39.842082564539865,40.165321174072986,1613700
2014-01-16,39.79420852661133,39.83610958425235,39.41709444096937,39.65054384309403,1779500
2014-01-17,39.680477142333984,39.836111607278376,39.536817018393855,39.698434086967374,1947600
2014-01-21,40.033653259277344,40.069571725012,39.734358590442476,39.80020378293608,2775200
2014-01-22,40.17729949951172,40.24912726417859,39.97976401293359,40.03363483643374,2148200
2014-01-23,39.7463264465332,40.105479077132834,39.54879090129769,39.93787482064457,2643500
2014-01-24,39.46498489379883,39.9977288996442,39.423083833795474,39.56075678800377,2383200
2014-01-27,39.758296966552734,39.95583251548794,39.41710127606171,39.482946459040114,2171700
2014-01-28,39.66252136230469,39.88998361246158,39.542800783111744,39.758293258785905,2380500
2014-01-29,39.67449188232422,39.782238122186,39.42907268239492,39.554775867754785,2646200
2014-01-30,40.135398864746094,40.20722663015909,39.704414004779466,39.77624177019246,2184200
2014-01-31,40.650184631347656,40.97341869992766,38.95617652155849,39.27941515701053,4436900
2014-02-03,40.17729949951172,41.2188431890304,40.05757894694674,40.608279788129295,3096300
2014-02-04,39.41709518432617,40.3149789223148,39.36322435214582,40.18328857671014,3507300
2014-02-05,39.327308654785156,39.417097948254614,38.944211931730415,39.26745064809657,2684100
2014-02-06,39.46498489379883,39.5667439585394,38.97414194795682,39.29738065378541,1735000
2014-02-07,40.06356430053711,40.093495579039846,39.476945036735685,39.554764534094026,2138000
2014-02-10,40.997379302978516,41.045267542356264,40.06358146948171,40.26709963652635,3972400
2014-02-11,41.386451721191406,41.655815000588504,40.91955293457106,41.117088441794316,3114000
2014-02-12,41.51814270019531,41.613914586862926,41.15899013316461,41.302650246602354,1846600
2014-02-13,42.31427001953125,42.35018390844295,41.30265285770408,41.33856674661578,2736000
2014-02-14,42.56568145751953,42.601595350718945,41.96110504304623,42.194554482589425,2225000
2014-02-18,42.41603088378906,42.68539419581058,42.30828464560582,42.58962229902168,2094900
2014-02-19,42.28434753417969,42.93681224205841,42.18258844983701,42.39209379021131,2125000
2014-02-20,42.79912185668945,42.936799362995025,42.266377908018924,42.338210246118244,2032000
2014-02-21,42.73328399658203,43.14032484834386,42.69138293390978,42.858987184598774,1549200
2014-02-24,42.67341613769531,43.230104165767784,42.66144179862539,42.73926130196309,1514400
2014-02-25,42.65547180175781,43.07448245558826,42.5656824996874,42.73328676121958,1893800
2014-02-26,42.112159729003906,42.8727831278668,42.01556999893456,42.83052627237442,2633900
2014-02-27,42.00349044799805,42.33550721807189,41.804277622563184,42.112151570448795,1652600
2014-02-28,41.89485549926758,42.142358729356935,41.70771396801056,41.93711237297326,4112500
2014-03-03,41.40586853027344,41.92502692230415,41.28513594844653,41.63526688365845,2861700
2014-03-04,41.82843017578125,41.967272145805524,41.56885105176684,41.83446818489363,2891000
2014-03-05,41.36360168457031,41.83446969363622,41.260978554216265,41.81032226196733,2721300
2014-03-06,41.031585693359375,41.59300082549634,40.92292455147313,41.502449106315844,2294500
2014-03-07,41.315311431884766,41.35756828589753,40.80218656874911,40.98329000346189,3006800
2014-03-10,41.26097106933594,41.44811247940885,41.031577418571736,41.23682364204747,2016900
2014-03-11,41.07988357543945,41.30927728931665,40.89878012377445,41.30927728931665,2223000
2014-03-12,41.641300201416016,41.65940962608382,40.9591478345804,41.05573757367836,2711200
2014-03-13,41.9552116394043,42.06387280341591,41.56886185750804,41.677523021519654,3369800
2014-03-14,42.190635681152344,42.31136823880462,41.73184367190035,41.90690910445245,4787500
2014-03-17,42.61923599243164,42.649421430239954,42.06385893970751,42.39588033299431,3800700
2014-03-18,42.55887222290039,42.782232501111835,42.38380680575922,42.619238496412514,2411100
2014-03-19,42.154422760009766,42.99956459932034,41.88276755863181,42.64339567457658,3163500
2014-03-20,42.11819076538086,42.305332205457816,41.63525595913594,42.305332205457816,2537600
2014-03-21,42.29325866699219,42.83656438582054,42.21478296535936,42.75205067463077,4528700
2014-03-24,42.11819076538086,42.49246903988321,41.925015921752575,42.28118477429784,2236100
2014-03-25,42.299293518066406,42.38380722294554,41.96727210200446,42.226851225747936,1658300
2014-03-26,42.474365234375,42.84260554836744,42.23893350649815,42.33551863825811,2189500
2014-03-27,42.83053207397461,42.87278893519089,42.305340313951234,42.51058660967245,1819800
2014-03-28,42.915042877197266,42.939190311342905,42.619244868804394,42.752053453779354,1866300
2014-03-31,42.854679107666016,43.174624568966195,42.40192505360296,43.02974456124869,2850500
2014-04-01,42.49851608276367,42.95730816102311,42.281193761780386,42.7701666811665,2418500
2014-04-02,42.42606735229492,42.691684505660255,42.19063564113996,42.4985096502087,1818400
2014-04-03,42.11819076538086,42.60113017727735,42.051791086755365,42.540763902203174,2319900
2014-04-04,42.027652740478516,42.69169112113899,41.98539587822702,42.25704647760775,2602500
2014-04-07,41.76808166503906,42.208759798976146,41.762043653358795,42.02766089944917,2503800
2014-04-08,42.546817779541016,42.6554789574611,41.52661030938321,41.83448441443232,3601100
2014-04-09,42.43814468383789,42.57698666873483,41.86465350366863,42.510582378339954,2687700
2014-04-10,42.00349044799805,42.64941917433003,41.798239614190656,42.36569265428357,3407500
2014-04-11,41.90692138671875,42.214795486312575,41.79826021072406,41.97332569458513,2285400
2014-04-14,42.39588928222656,42.57095012038416,41.89484038501095,42.09405326303434,1865500
2014-04-15,42.601131439208984,42.61320285232077,42.118192013006855,42.38984716736494,2149400
2014-04-16,43.180660247802734,43.18066024780273,42.5709501983354,42.739982238140364,1799300
2014-04-17,42.66151428222656,43.27726252002185,42.64340485270084,42.99957385410273,1831200
2014-04-21,42.69772720336914,43.06596292598656,42.48040489141805,42.788274328638465,1235400
2014-04-22,42.7822380065918,42.89089915515738,42.49851141835656,42.75205256312557,1602900
2014-04-23,42.896934509277344,43.19877053505194,42.691688222463696,42.73394508184605,1732900
2014-04-24,43.174625396728516,43.325543417643004,42.62528619553909,42.92712223736806,1489900
2014-04-25,43.663597106933594,43.69377794370946,43.156510229189074,43.174619652384976,1689200
2014-04-28,43.911109924316406,43.97147621684255,43.416098956557406,43.66360674326335,1864600
2014-04-29,43.74205780029297,43.95334200783445,43.536811600295614,43.89297574934407,2323800
2014-04-30,43.79038619995117,44.52082908031931,43.573063818361035,44.00770858154131,2745300
2014-05-01,43.7541389465332,44.06804629088602,43.33760388449601,43.81450521210288,1572100
2014-05-02,42.77620315551758,43.60926895226893,42.54077141718236,43.542864656261315,1906800
2014-05-05,42.957305908203125,43.01767219294322,42.61924642348443,42.68565071839422,1621800
2014-05-06,42.64339065551758,42.95730268163149,42.5468055283185,42.83656551556769,1895200
2014-05-07,43.591148376464844,43.60925779698862,42.8667439216062,42.92711019190256,1942700
2014-05-08,42.90900421142578,43.69377499949643,42.782233651944786,43.51267617408854,1425300
2014-05-09,42.172523498535156,43.03577458565299,42.106119214475974,42.91503743024922,1664700
2014-05-12,41.85258865356445,42.29930472710983,41.834479227098825,42.28723331135031,1901200
2014-05-13,42.13631057739258,42.251005134083115,41.82843654490284,41.96727853606828,2003800
2014-05-14,42.601131439208984,42.854672565421836,42.20874373112621,42.20874373112621,2071200
2014-05-15,42.30533981323242,42.71583700546873,42.23893551701387,42.637356688672774,1309800
2014-05-16,42.45626449584961,42.4804119351428,42.1242429626347,42.293270432033886,1513000
2014-05-19,41.677520751953125,42.41400142285397,41.64733530583984,42.383815976740685,2053600
2014-05-20,41.60507583618164,42.04575845128325,41.472267250653694,41.76203185595577,1937500
2014-05-21,41.62922668457031,41.81033015344348,41.48434667286329,41.71374040853711,1461700
2014-05-22,42.148380279541016,42.33551713205388,41.629221973551765,41.749959141021364,1518500
2014-05-23,41.8465461730957,42.257043349863324,41.8465461730957,42.220824500800724,2387600
2014-05-27,41.90692138671875,42.25705235444089,41.701675057425,42.08802488192764,2416100
2014-05-28,41.620697021484375,42.00432895908453,41.55980446425073,41.92516445345691,3679400
2014-05-29,41.7242317199707,41.77903829572529,41.51719601242407,41.65725313196918,2983800
2014-05-30,41.99217224121094,42.01043955449378,41.54156147894173,41.766864537172815,2524100
2014-06-02,42.381874084472656,42.48539191707017,41.85818962499609,42.01651402213686,2051300
2014-06-03,42.546302795410156,42.637639355971544,42.29663714105771,42.333171765282266,2551100
2014-06-04,42.65591049194336,42.69244511546392,42.27227836175086,42.357528913836596,2026200
2014-06-05,42.76551818847656,42.881212709342634,42.4975852323111,42.56456847135247,2265100
2014-06-06,42.53410720825195,42.99080844093713,42.46103798433764,42.86902330387649,1619800
2014-06-09,42.02263259887695,42.48542015067105,41.925200706409775,42.43670885024579,1799600
2014-06-10,41.79121017456055,42.05305242791764,41.669425024731716,41.79730082579369,1887200
2014-06-11,41.23100662231445,41.815583924699695,41.21273930752233,41.675531414088425,2006600
2014-06-12,41.42585754394531,41.57200067923512,40.83518970464896,41.1640152434059,1926600
2014-06-13,41.67551803588867,41.77294523210753,41.17010080844841,41.40758511612643,2691700
2014-06-16,41.712059020996094,42.217476325587164,41.55373457644091,41.62680846911407,2580400
2014-06-17,41.69988250732422,41.80340037128417,41.474574821817285,41.632899266925044,2579800
2014-06-18,42.59500503540039,42.60718633809343,41.632891183909955,41.69378375995784,2948400
2014-06-19,43.234397888183594,43.410989648322285,42.68026464300978,42.728980572525295,3955600
2014-06-20,42.856842041015625,43.48404897027389,42.81421677842576,43.21611609353464,3937400
2014-06-23,42.64982604980469,43.16132943680087,42.45496695297652,43.00909562222239,2187200
2014-06-24,42.8325080871582,42.98474191683245,42.576756368299336,42.58893767632564,1802200
2014-06-25,42.479305267333984,42.7046082353548,42.320980872596664,42.625448360888726,4956800
2014-06-26,43.31355285644531,43.33791081842902,42.56456527012279,42.6863504342351,6884200
2014-06-27,43.124794006347656,43.30138578547305,42.90557694576491,43.179600594396966,3406100
2014-06-30,43.551048278808594,43.660656812769155,42.94211301142934,43.07607951358196,3228900
2014-07-01,43.331817626953125,43.611927174608304,43.01516881947826,43.557120607781506,3214200
2014-07-02,42.4062385559082,43.23439063552068,42.18093090404985,43.22829998390128,3615900
2014-07-03,41.80947494506836,42.174834977588844,41.425842961987705,42.174834977588844,2603900
2014-07-07,41.9312744140625,42.19920736425027,41.63898350060253,41.71205739041914,2767500
2014-07-08,42.107852935791016,42.144387546319216,41.821652764506815,41.85818737503501,2702100
2014-07-09,42.138309478759766,42.24791798887923,41.833841911295295,42.168758093828764,1726900
2014-07-10,42.61328125,42.62545790810472,42.0165227951318,42.083506029223315,2191100
2014-07-11,42.32099533081055,42.613286263581195,42.27227940104764,42.50367774451804,1257700
2014-07-14,41.955631256103516,42.47322518583776,41.943449951889725,42.45495787532341,1605000
2014-07-15,42.333160400390625,42.3818763168161,41.90081709517688,41.92517505338962,2406500
2014-07-16,42.48538589477539,42.521925147893214,42.04695666960284,42.47320924093918,1303200
2014-07-17,42.10176467895508,42.55237526903875,42.09567402825245,42.430590129817844,2012900
2014-07-18,42.722896575927734,42.8081471336878,41.998262189160194,42.28446248127198,1852000
2014-07-21,42.637630462646484,42.82640348864829,42.46104338518904,42.479310693491136,1564600
2014-07-22,42.588924407958984,42.83858539502406,42.52802717841528,42.83249474290842,1690700
2014-07-23,42.75333786010742,42.802053788851325,42.43060296234078,42.53412082656656,1314000
2014-07-24,42.8325080871582,42.9908325708456,42.491505795346384,42.491505795346384,1203200
2014-07-25,42.54020690917969,43.03953351064722,42.4793143276946,43.03953351064722,1101900
2014-07-28,43.16131591796875,43.27092441596637,42.47322096408727,42.47322096408727,1806400
2014-07-29,42.58283233642578,43.22221605887128,42.58283233642578,43.03344301602961,2231100
2014-07-30,41.99826431274414,43.027366356634744,41.651171411225896,42.62546686760982,2588900
2014-07-31,41.18837356567383,41.92518454667762,41.15183894298479,41.79121806907574,3266900
2014-08-01,41.15793228149414,41.65726365816422,40.93262920703385,40.99961245776728,2601800
2014-08-04,40.81691360473633,41.15791572892321,40.09837009605289,41.090937150934074,3911100
2014-08-05,40.19580078125,40.853447052571816,40.03138572906552,40.77428717480489,3036100
2014-08-06,39.525978088378906,40.007032711025296,39.40418828546353,39.9583214356651,5188600
2014-08-07,40.043575286865234,40.15318379565198,39.68430114580623,39.68430114580623,2863700
2014-08-08,41.31623077392578,41.34667937631764,40.3175779400918,40.3175779400918,3872800
2014-08-11,41.13356018066406,41.462380984939664,40.981326434097284,41.29797058280186,2103600
2014-08-12,41.09702682495117,41.29797651427422,40.96915101696539,41.03004359517682,1372800
2014-08-13,41.26752471923828,41.43803042920721,41.01786377408638,41.15183022330204,1321500
2014-08-14,41.58418273925781,41.620717362292275,41.24926654208661,41.30407312244489,1194800
2014-08-15,41.955631256103516,42.22965020543155,41.699879617289845,41.75468154883291,2190900
2014-08-18,41.82167053222656,42.16876341712004,41.7485966343201,41.998262301145274,1375600
2014-08-19,42.37578582763672,42.387967129692356,41.76685080740934,41.82165737504867,1780800
2014-08-20,42.412322998046875,42.44885761080244,42.113946153664116,42.35143042818584,1221800
2014-08-21,42.43669128417969,42.716800890362926,42.3636173950772,42.406242668935384,1606900
2014-08-22,42.327083587646484,42.588925888042596,42.01043470791764,42.50976134520713,1617300
2014-08-25,42.68026351928711,42.77769537575287,42.375795936541536,42.49149510464297,1574200
2014-08-26,42.27836990356445,42.85685646857238,42.26619324407036,42.716803978259904,1483300
2014-08-27,42.6776123046875,42.70832164765727,42.3397767278996,42.38277355709961,1850600
2014-08-28,42.90488815307617,42.911031897466074,42.41963544495927,42.52406035437209,1696000
2014-08-29,43.132171630859375,43.15674192883607,42.739056235842504,42.83119368167883,1606400
2014-09-02,42.67148208618164,43.58055953062665,42.43192757809786,43.19973169023931,2619800
2014-09-03,42.78818893432617,42.99702939912443,42.65305466354881,42.70219056412797,1671500
2014-09-04,43.16287612915039,43.27344011444522,42.68991083368647,42.812757623434216,2593400
2014-09-05,43.789390563964844,43.795534307045855,43.199717758365736,43.23657084424603,2017300
2014-09-08,43.51914596557617,43.813984873187295,43.29187889630002,43.73413022825852,2695700
2014-09-09,42.917179107666016,43.47613804838537,42.89874787300788,43.38400062031174,2497800
2014-09-10,42.70833206176758,42.97245684448765,42.58548528732738,42.85574912835663,1497700
2014-09-11,42.9478874206543,43.027742043328566,42.51177527037906,42.70833292523979,1605800
2014-09-12,42.124794006347656,42.73289337882582,41.94051919708612,42.73289337882582,1942000
2014-09-15,42.17392349243164,42.40733412800123,41.97736124820229,42.22305936718714,1272500
2014-09-16,42.59162521362305,42.77590006534278,42.08180687163285,42.10637716428243,1719200
2014-09-17,42.413490295410156,42.86188515909265,42.180074905156005,42.831175814161405,2307100
2014-09-18,42.087947845458984,42.57320060318725,41.885251122907675,42.41963978186708,1756000
2014-09-19,42.33364486694336,42.42578229431953,42.00195294017167,42.00195294017167,3030300
2014-09-22,41.952823638916016,42.376648373420906,41.81768934901693,42.33365152538983,1709700
2014-09-23,41.952823638916016,42.04495639447906,41.71940816134307,41.952823638916016,3644500
2014-09-24,41.836116790771484,42.03267448399873,41.74397934694198,42.014247932493845,1690200
2014-09-25,41.5412712097168,42.07566454871898,41.528988406129024,41.76854290967724,1743800
2014-09-26,41.78696823120117,41.971243083736994,41.33242953093142,41.76239793844278,1661100
2014-09-29,42.06338882446289,42.12481222534803,41.5167079035614,41.64570313761681,1660400
2014-09-30,42.43806457519531,43.09530936211136,42.284503760227075,42.29064750499097,2832700
2014-10-01,42.5424919128418,42.95403379567209,42.419640442090966,42.64076840313802,2192300
2014-10-02,42.57933807373047,42.84346283493201,42.39506324077918,42.53634123754899,1679200
2014-10-03,43.021610260009766,43.08917741199504,42.39507933911095,42.6837745000834,2125600
2014-10-06,43.040016174316406,43.26728782076695,42.8434585590603,43.01544588662149,1846800
2014-10-07,43.11372756958008,43.40856165295195,42.81274505632958,42.82503254348031,2797800
2014-10-08,44.29922103881836,44.34835693296993,43.02159406480378,43.11987053941061,4582800
2014-10-09,43.261146545410156,44.37292518079097,43.236576256313455,44.29921899980434,2729100
2014-10-10,43.37785339355469,43.99823560740196,43.3594221623672,43.47612986170437,2966300
2014-10-13,42.99087905883789,43.83239390647689,42.97859625715352,43.482275479677405,3822200
2014-10-14,41.87910079956055,43.2120073945349,41.743966548216854,43.162866814718356,8512600
2014-10-15,40.742767333984375,41.780835531190384,40.251370721524374,41.60270906263668,8471800
2014-10-16,41.75625228881836,42.0080895488074,40.263641215058,40.263641215058,4927200
2014-10-17,42.21694564819336,42.327509633776195,41.467568044387995,41.91596304580947,3108000
2014-10-20,42.67148208618164,42.73290547789208,42.155515285944304,42.27222301060721,2033000
2014-10-21,43.003173828125,43.07688002331835,42.474924226485534,42.73290528227103,1810300
2014-10-22,43.015445709228516,43.46998431395192,42.89259895756376,42.904881758208965,2647600
2014-10-23,43.0584602355957,43.457719372034425,42.92946968744875,43.34101162958023,1818900
2014-10-24,43.43928146362305,43.605125071795406,43.00930839590647,43.13215985224144,1751100
2014-10-27,43.21815490722656,43.57441711250728,43.14444403107412,43.43313910479112,1679700
2014-10-28,43.43313980102539,43.43313980102539,42.82504029350807,43.31643208348922,2520600
2014-10-29,43.10145950317383,43.6112826646713,42.7083440906784,43.408581212079966,2347400
2014-10-30,43.9675407409668,44.02282039382407,42.80047742216234,43.27344274639263,3766900
2014-10-31,43.79555130004883,44.09652921955964,43.02160339214489,43.02160339214489,4292900
2014-11-03,44.56949234008789,44.80290779327932,43.89996939263864,43.936822491014354,3224200
2014-11-04,44.114952087402344,44.72919536608314,43.86925383866917,44.60020483991669,1964500
2014-11-05,45.56456756591797,45.816404878637556,44.17023735572802,44.28694039446443,4824700
2014-11-06,44.88889694213867,45.60141666109275,44.56948783415954,45.56456356644285,3884700
2014-11-07,45.386417388916016,45.40484393012014,44.95030539730949,45.09772241324491,2038500
2014-11-10,45.67512130737305,45.75497123032564,45.09159218558125,45.38642627517801,2097400
2014-11-11,45.39871597290039,45.693550076851636,45.189870853489964,45.55841582658082,2472200
2014-11-12,44.661624908447266,45.03016991098131,44.25622681155102,44.44049696966605,2838000
2014-11-13,44.385231018066406,44.9196197963584,44.268523268184055,44.70463553576361,2599300
2014-11-14,43.96138381958008,44.28693195231626,43.850819860697655,44.2316523160268,2888400
2014-11-17,44.323787689208984,44.422064155745424,43.82010381036028,43.87538813040846,1652500
2014-11-18,44.348358154296875,44.60020012133788,44.10880367585992,44.27465196788785,1677100
2014-11-19,44.50804901123047,44.63090042796245,44.13336039122708,44.24392432313468,1578000
2014-11-20,44.637054443359375,44.66162473494005,44.139518926186504,44.23779540620527,1786800
2014-11-21,44.993309020996094,45.26357749630236,44.61247659545573,44.987165277565545,2576100
2014-11-24,44.870460510253906,45.28814600738841,44.79060590769837,44.99330725622754,2431000
2014-11-25,44.9819450378418,45.099619273000734,44.579384238829554,44.87046542693171,2652800
2014-11-26,44.920013427734375,45.20490471960015,44.67847505582396,45.07484595973407,1591000
2014-11-28,44.93240737915039,45.396905023765534,44.85189143001056,44.870470579776864,1268500
2014-12-01,44.765174865722656,45.18012486155942,44.52983114982566,44.69085828444637,2643200
2014-12-02,45.112003326416016,45.33496254591344,44.529836231162776,44.75898534973072,2286000
2014-12-03,44.950984954833984,45.25445541565699,44.72802571521709,45.09962287287383,1496500
2014-12-04,45.05008316040039,45.242078759921625,44.69706509046141,44.95718267355013,1733000
2014-12-05,44.684669494628906,45.00671908080119,44.50506319124122,44.61034817853659,1571500
2014-12-08,44.80854797363281,45.21730825532072,44.591783305365915,44.78377419367154,1654000
2014-12-09,44.90761947631836,45.08722574274513,44.65988653210512,44.746592353812815,2094800
2014-12-10,44.517452239990234,46.12151988496388,44.47409931580794,45.53934799584646,8403400
2014-12-11,45.44025802612305,45.79946594748735,44.789959432501774,44.944791980972134,3741000
2014-12-12,45.03770065307617,45.75612135168988,45.01912149989615,45.3535604324822,3800000
2014-12-15,44.579383850097656,45.24825678461177,44.23875039608886,45.24825678461177,2352100
2014-12-16,44.461708068847656,45.40308773381197,44.18300669114366,44.59796144571002,2124900
2014-12-17,45.81184768676758,45.88616427377625,44.703246254456644,44.814725860083264,2643800
2014-12-18,46.65414810180664,46.66033800212251,45.694184339995736,45.979075683312224,2756200
2014-12-19,46.697505950927734,47.03813478367354,46.102949425028186,46.63557386543897,4360700
2014-12-22,47.38494873046875,47.6698400182116,46.93283566452246,47.087668194281434,2747400
2014-12-23,47.626495361328125,48.00428717749004,47.1929613677234,47.583142434479115,1923200
2014-12-24,48.543087005615234,48.71650338652285,47.50880696918929,47.564549130045044,1414700
2014-12-26,49.100502014160156,49.45352007161119,48.46259260553066,48.60504064367733,3526600
2014-12-29,49.688865661621094,50.0976211500245,49.07572534134408,49.07572534134408,2761400
2014-12-30,48.49355697631836,49.626927661194046,48.32633517478435,49.51544803520953,1990200
2014-12-31,47.626495361328125,48.62361740396995,47.564563283703066,48.53691155027194,2080800
2015-01-02,47.99188232421875,48.060009004992,47.39732606710843,47.849439064502405,2210200
2015-01-05,47.40972900390625,48.06002288300547,47.25489645291389,47.86183740673983,2779200
2015-01-06,47.16817855834961,48.27058528390614,47.08766262831942,47.55835478618076,3290000
2015-01-07,47.36017990112305,47.69461876731758,46.895682263371924,47.2982478277791,2908100
2015-01-08,47.91758346557617,48.146732635542705,47.61410823895397,47.72558787370777,2164100
2015-01-09,47.37876510620117,48.10957500534064,47.1991587629678,48.029063772214606,1815100
2015-01-12,47.37876510620117,47.62649815635462,46.9018828828756,47.53979229756815,2177300
2015-01-13,47.34159469604492,48.134336473720225,46.988576725514086,47.83086604557253,2347000
2015-01-14,47.34777069091797,47.65743565220615,46.654124201704334,47.23629111584973,3647800
2015-01-15,47.793704986572266,47.923763746827305,47.08147439222087,47.39733408147676,2655100
2015-01-16,48.15911865234375,48.19008232790345,47.58314136565065,47.82467977054312,2559400
2015-01-20,48.53691101074219,48.549295536083676,47.87422786477956,48.30775712845059,1912500
2015-01-21,49.09431457519531,49.19340969886677,47.97952278458478,48.30776711279425,2466000
2015-01-22,48.7536735534668,49.36680912156122,48.38207638265547,49.19959204848615,3053700
2015-01-23,48.982810974121094,49.261512329343034,48.567860978141226,48.9022997693396,1507300
2015-01-26,48.88373947143555,48.98282985974742,48.295377592087064,48.77845445725573,1617500
2015-01-27,48.91469192504883,49.17480942530012,48.46877351026744,48.75985940464493,1523500
2015-01-28,48.214839935302734,49.47827371228242,48.12193948954734,48.92707038594349,2090400
2015-01-29,49.01377868652344,49.094289890188136,47.90517735471944,48.27677443141426,1887300
2015-01-30,47.62029266357422,48.834179134686494,47.576939744074274,48.815599987059926,2939700
2015-02-02,48.134342193603516,48.332527661573046,47.34160032172539,47.799903330446,2560800
2015-02-03,48.6669807434082,48.85277701603561,47.76275898629768,48.091003320543514,3045700
2015-02-04,48.0786018371582,48.8341854389398,47.923769286796876,48.40685081302036,2138300
2015-02-05,48.7350959777832,48.815607204439864,47.88041725968613,48.32633576910816,1779600
2015-02-06,46.889488220214844,48.4997457727061,46.4683435010912,48.42542917381711,3980900
2015-02-09,46.592220306396484,48.4006636389892,46.27016590600233,46.89569082879025,4549300
2015-02-10,47.47785568237305,47.601719833063804,46.58601867703329,46.59221330210217,4019500
2015-02-11,45.904754638671875,47.37256414107182,45.83043331603716,47.1991524467051,4040700
2015-02-12,45.657012939453125,46.20202169312504,45.434053739061575,45.99764163858055,5422100
2015-02-13,45.15536880493164,45.72515147578585,44.666097361986836,45.72515147578585,4098100
2015-02-17,45.32258224487305,45.60747355741249,44.70944669669282,45.118202153774895,4604800
2015-02-18,46.24537658691406,46.263955733555974,45.21109647286349,45.21109647286349,2974500
2015-02-19,45.70037841796875,46.18345524324522,45.520772083550504,46.047201836092434,3625200
2015-02-20,45.82423400878906,45.8490077804692,45.2296776638072,45.669401479623566,3342600
2015-02-23,45.768497467041016,46.01623046360381,45.50218532263094,45.81185038705596,1660200
2015-02-24,45.86759567260742,46.282550520968584,45.52696687857073,45.73753689032635,2217400
2015-02-25,45.428977966308594,46.134996684145115,45.35400062895451,46.060024113612656,2381500
2015-02-26,44.95414352416992,45.61643160448031,44.82918602733857,45.491469340826015,2416200
2015-02-27,45.04160690307617,45.29777592396216,44.741707056034464,44.97912816551099,2220200
2015-03-02,43.93572235107422,45.041610880789655,43.67330877003294,45.041610880789655,4422800
2015-03-03,44.341835021972656,44.37307200565809,43.59832521466004,43.9981948336798,3734800
2015-03-04,44.116912841796875,44.24811962874568,43.96071360493081,44.0856710876947,2640200
2015-03-05,44.47304916381836,44.82293394673746,44.13565822307952,44.25437117449392,3371300
2015-03-06,43.47337341308594,43.84200132964953,43.2297029811962,43.82950748791114,4783400
2015-03-09,43.46711730957031,43.82325132868814,43.404638577006466,43.473366612873214,2359000
2015-03-10,43.273441314697266,43.873245859351755,43.254698167492876,43.373406355394955,5119900
2015-03-11,42.95477294921875,43.65454696641049,42.94852364753457,43.42961977398531,3759500
2015-03-12,43.623313903808594,43.80450555413424,43.148466984569716,43.23593815826879,3042600
2015-03-13,43.08599853515625,43.63581815341441,42.64239325789865,43.62957361581856,2858100
2015-03-16,43.723289489746094,43.97945374193403,43.12972957016831,43.254691811205674,2621800
2015-03-17,43.72953414916992,43.916975127839954,43.45462675176187,43.667055411887276,2293600
2015-03-18,44.935386657714844,45.179057038920334,43.473364370481875,43.6608005585053,3216700
2015-03-19,44.73545837402344,45.372753899783746,44.510531102204766,44.860420617712805,2562000
2015-03-20,45.104087829589844,45.32901508542672,44.77294624928051,44.866661966861,4294100
2015-03-23,45.11032485961914,45.329007542441936,44.93538252681775,45.01035985522737,2383700
2015-03-24,44.64799499511719,45.31027831861661,44.54802994950549,44.98538596184982,2376800
2015-03-25,44.17314147949219,44.93539450429394,44.13565518870598,44.641739181609104,2456100
2015-03-26,43.96072006225586,44.39183154471469,43.78577765396042,44.11067001696293,2370900
2015-03-27,43.97945785522461,44.27936249494154,43.842001760638624,44.01069961011144,1962100
2015-03-30,44.44805145263672,44.61049998269179,43.910725732842465,44.09191740736119,1427500
2015-03-31,44.27935791015625,44.697970688089434,43.94196701296738,44.36682909459537,2479600
2015-04-01,44.67922592163086,44.854168284157346,43.817003182290534,44.42930621795509,2596700
2015-04-02,44.72297668457031,44.87917595650568,44.504298657225505,44.741719834510796,1784200
2015-04-06,45.428977966308594,45.610169623131405,44.785437979522996,44.785437979522996,2330000
2015-04-07,44.95414352416992,45.51646179355687,44.92915583826201,45.428990592410344,1852900
2015-04-08,44.829185485839844,45.01037719083272,44.61675679042793,44.93539983354581,2027300
2015-04-09,44.59175109863281,44.72920239594829,44.241861635332874,44.7167085568547,1545800
2015-04-10,44.92289352416992,45.16031460612398,44.523023929920164,44.6417320874864,1175600
2015-04-13,44.41680908203125,44.985376545894205,44.373073489951175,44.922897809611534,1360800
2015-04-14,44.75421142578125,44.8604305481357,44.379334145373704,44.44806220291113,1799600
2015-04-15,45.2477912902832,45.335262476747495,44.741707316193775,44.879163399729705,2953200
2015-04-16,44.86042404174805,45.091595868279065,44.5542700964581,45.07910202636761,2373200
2015-04-17,44.654232025146484,44.98537359586905,44.52926979395382,44.58550398969595,2942000
2015-04-20,45.45396041870117,45.88507167176628,44.7479418560881,44.7479418560881,2332900
2015-04-21,45.04160690307617,45.741381157543685,44.82292893818698,45.47271829587351,3569200
2015-04-22,45.31027603149414,45.40399653421521,44.941648092100124,45.197812381593415,2774200
2015-04-23,45.73514175415039,45.897590320443236,45.2290576734503,45.34777063729774,2067300
2015-04-24,45.947574615478516,46.44740938435893,45.59144049550727,45.64142540244224,2868100
2015-04-27,45.34151077270508,46.172491792466396,44.99787057150392,46.035035711985934,2022500
2015-04-28,45.4477424621582,45.46024107433372,44.71673095507775,45.1103514357771,2206900
2015-04-29,45.17281723022461,45.304024005618615,44.797935281302316,45.05410429527775,2126100
2015-04-30,44.78544235229492,45.104090108634956,44.34183712165242,45.03536206772197,2837300
2015-05-01,44.79793167114258,45.04160205821204,44.26685530873018,44.86041516880889,2282600
2015-05-04,44.83543014526367,45.341514145752136,44.64173985071307,44.64173985071307,2210900
2015-05-05,44.24812316894531,44.82918456724948,43.823261020004395,44.76670582086874,3344900
2015-05-06,44.17939376831055,44.51053540415342,43.77952408350149,44.25437112177074,3461700
2015-05-07,44.31684112548828,44.6917182852057,44.22936994711494,44.37307055437613,2107900
2015-05-08,44.854164123535156,45.19155497717817,44.722957363810885,44.82292237591543,1927800
2015-05-11,44.36682891845703,45.122832590577715,44.35433031111704,44.829177286774225,1772800
2015-05-12,44.41680908203125,44.55426516194634,43.90447581759811,44.08566748959328,2253800
2015-05-13,44.2981071472168,45.04161231721156,44.14190790111718,44.41681533281308,2544400
2015-05-14,44.73545837402344,44.835428168974936,44.50428656513694,44.57300984063835,1722800
2015-05-15,45.104087829589844,45.22279599413241,44.73545519542647,44.80418323286673,1714100
2015-05-18,45.14783477783203,45.247799824006535,44.860428715698625,44.89166570714307,1396700
2015-05-19,45.104087829589844,45.27903019150256,44.84166951989892,44.89790371726907,1792200
2015-05-20,44.91666030883789,45.24780198829107,44.83543840700967,45.07910887931761,2738100
2015-05-21,44.99787902832031,45.26029739802054,44.77295648787045,45.02912078587268,3154200
2015-05-22,44.96664047241211,45.06036097498408,44.70422687866879,44.86042612734783,1415300
2015-05-26,44.67922592163086,44.979125752584295,44.34183503669185,44.8729114277392,2563900
2015-05-27,44.659061431884766,44.804076158126584,44.501433801370204,44.69058407173956,2620000
2015-05-28,44.7473258972168,44.90495350440135,44.50142721484192,44.64014027883037,1899700
2015-05-29,44.46360397338867,44.84821581192119,44.331197328872975,44.835607716906644,3582000
2015-06-01,44.45098114013672,44.70949270115531,44.33748908097945,44.514031215132455,1769100
2015-06-02,43.87721633911133,44.24921997578071,43.40433354005856,44.23030543348462,3020000
2015-06-03,43.14583969116211,43.93397792546624,42.893634494101974,43.877229471181046,3376100
2015-06-04,42.799041748046875,43.37911493845364,42.729685223220116,43.03863876487108,3238400
2015-06-05,42.33246612548828,42.52162116185307,42.0676529229075,42.42704364367068,3602300
2015-06-08,42.20005798339844,42.47748407716083,42.124395009532634,42.29463549812764,3405600
2015-06-09,42.13701248168945,42.33246917236529,42.06765595072459,42.15592702460483,2792700
2015-06-10,42.14961242675781,42.3702900688055,42.08656235908873,42.319852900917326,2968300
2015-06-11,42.414424896240234,42.52791694033364,42.18113916867892,42.43334424559892,2135500
2015-06-12,42.11810302734375,42.48379545885243,42.09288203027189,42.200067660017304,3758700
2015-06-15,42.307247161865234,42.464874762923166,41.991991959749384,42.09917757396974,2489700
2015-06-16,42.477500915527344,42.50902355932472,42.04244706156209,42.21898926015259,1697900
2015-06-17,42.87470245361328,42.969279965225724,42.401819705963135,42.47117622711812,2737200
2015-06-18,43.410648345947266,43.46109034205352,42.786444277976344,42.88732345977533,3381700
2015-06-19,42.90623092651367,43.59348489396785,42.86209539475434,43.429550857256544,3985500
2015-06-22,43.03864669799805,43.334987393169705,42.80535608872365,43.2908518520003,2494900
2015-06-23,42.59728240966797,43.0449442303431,42.4144338107309,43.00711514449844,3510900
2015-06-24,42.65403366088867,42.780133828959386,42.46487859836954,42.559456129629105,3154000
2015-06-25,42.2694206237793,42.76752445038384,42.2694206237793,42.635117834766874,2670000
2015-06-26,42.414424896240234,42.471173323492806,41.97937606922527,42.24418923530598,1928400
2015-06-29,42.42705154418945,42.962984499804804,42.364001457131174,42.370303098547694,2939000
2015-06-30,42.16223907470703,42.553152507970594,41.94155655028786,42.553152507970594,3367600
2015-07-01,42.2883415222168,42.43336106230209,42.023528251188324,42.364004518402204,2747400
2015-07-02,42.81166458129883,42.906242119859904,42.502715778385195,42.50901741998608,2274400
2015-07-06,42.780128479003906,42.93775607458639,42.40182321168843,42.704470311788285,3191500
2015-07-07,43.71329116821289,43.90874787068443,42.92515309642373,43.04494681225482,3035700
2015-07-08,43.776336669921875,43.91504972570413,43.461081474203134,43.543046093341495,3279100
2015-07-09,43.28453826904297,43.97809872047333,43.095383232101774,43.90874219428905,3031600
2015-07-10,43.48000717163086,43.814176995162256,43.145837348099455,43.39173607901554,1849900
2015-07-13,43.56196594238281,43.776342003002576,43.2277961638765,43.505222309238626,2154500
2015-07-14,43.63132858276367,43.7763481273312,43.44217830207439,43.517836490184585,1746500
2015-07-15,43.833072662353516,43.85829365086813,43.38541093964544,43.524123971269965,1607700
2015-07-16,44.24922561645508,44.34380315040443,43.78264920882833,43.870920291070874,2100200
2015-07-17,43.915035247802734,44.25551132418039,43.826764206935664,44.078969242446256,2048800
2015-07-20,43.68806457519531,43.9024357942577,43.442165913135554,43.85830026030883,1237800
2015-07-21,43.360191345214844,43.706973935425644,43.139513701631536,43.580873799209996,2424400
2015-07-22,43.334983825683594,43.75111820667846,43.28454183695306,43.31606447210003,2236600
2015-07-23,43.01972961425781,43.34128647647962,42.609896864494004,43.208879860786006,2395500
2015-07-24,43.246707916259766,43.36019998563424,42.86210098103758,43.00711568554158,2364000
2015-07-27,43.593482971191406,43.82677352043652,43.253006822460144,43.253006822460144,2191200
2015-07-28,44.21769332885742,44.22399977987401,43.40433432257351,43.55566028449564,2792200
2015-07-29,44.545570373535156,44.58970591868127,43.81417584206973,44.16095856137034,2542300
2015-07-30,44.79777145385742,44.8797360843727,44.18617551960578,44.413159676862335,1569900
2015-07-31,45.20759963989258,45.503940336129226,45.081499467644875,45.13194146070925,2190500
2015-08-03,45.22021484375,45.54177655287691,44.936482226139155,45.34631502241251,1749300
2015-08-04,44.2933464050293,45.13192621744537,44.085276861723976,45.01843417658897,3071300
2015-08-05,44.86712646484375,45.20129623765375,44.2176966528697,44.29966609100931,2353600
2015-08-06,44.97432327270508,44.98693136840887,44.25554155723324,44.95540872394228,2158800
2015-08-07,45.61111831665039,45.875936330633664,44.709493096456136,44.898643323115714,1934100
2015-08-10,45.61744689941406,45.8507375835995,45.42199012724624,45.65528081143168,1535600
2015-08-11,45.82550048828125,46.096620178870886,45.36522573526608,45.53546625353167,1902700
2015-08-12,46.96671676635742,46.99193775875701,45.67417337616228,45.74983154294862,3378500
2015-08-13,47.24415588378906,47.28829143004055,46.38666114769123,46.72713742323717,3018100
2015-08-14,47.521568298339844,47.55939738119172,46.77125941902853,46.985630635738985,1730100
2015-08-17,48.05750274658203,48.2214367950719,47.4332988067336,47.60353449563317,2882700
2015-08-18,47.975547790527344,48.17100934168314,47.79900559754583,47.95663324276703,1795400
2015-08-19,48.00706481933594,48.246657056297344,47.62875951503422,47.73594513601067,2020600
2015-08-20,47.742244720458984,48.290785649153705,47.54048159982405,47.742244720458984,4340200
2015-08-21,47.540496826171875,47.80531010486776,47.244156095549144,47.54680327864,6976200
2015-08-24,45.623741149902344,47.288288521008774,45.415671525910675,46.50015037899196,6395900
2015-08-25,44.2807502746582,46.48753681250909,44.20508729018324,46.355125387074686,5231300
2015-08-26,44.94131851196289,45.05586751695492,43.80219364432313,44.78858326849919,3872900
2015-08-27,45.316776275634766,45.37405319884527,44.69948475940329,45.1576807242436,3314300
2015-08-28,45.202232360839844,45.39314898603441,44.623127013449526,45.29132549120759,2427200
2015-08-31,44.38766098022461,45.113136341161926,44.107651242595765,45.113136341161926,3333600
2015-09-01,43.1467170715332,44.082194869856316,42.86034215533498,43.83400618894452,2851100
2015-09-02,43.331260681152344,43.59854488902844,42.91125096342265,43.57308901898258,2655100
2015-09-03,43.331260681152344,43.67490764395524,43.146714119938736,43.49035622753086,3032000
2015-09-04,42.78396987915039,43.27398195023565,42.573962625023846,43.07670505677678,2843000
2015-09-08,43.7321891784668,43.757645051197876,43.203990743522326,43.23581179823899,3519000
2015-09-09,43.32490921020508,44.10765673945473,43.24854158445877,43.929470467925114,2770900
2015-09-10,42.80942153930664,43.44580363646137,42.707602928471125,43.26761742609166,2461700
2015-09-11,43.121246337890625,43.12760666223701,42.61213878803316,42.72668774399062,2184900
2015-09-14,43.343994140625,43.50945488013952,43.05762407876738,43.2039892729751,2242000
2015-09-15,43.32490921020508,43.484004789101064,43.044899437680385,43.39491165333625,1866500
2015-09-16,43.75126647949219,43.89763648909771,43.312161305885425,43.433075450550426,2114900
2015-09-17,44.20310592651367,44.72493912328558,43.64945167845135,43.70672859973196,1914300
2015-09-18,43.910369873046875,44.648575523152836,43.814911576193765,43.94855124970385,3603700
2015-09-21,44.114013671875,44.29219991008026,43.8276436255038,44.01855537134765,2209300
2015-09-22,43.961280822753906,44.20310429592401,43.75127354448982,43.9103690846516,2504600
2015-09-23,44.05038070678711,44.14583901659697,43.827647887371654,43.93583170605754,1738400
2015-09-24,44.177650451660156,44.266743569817294,43.75764073109231,43.81491279767442,2148100
2015-09-25,44.584938049316406,44.98586196666982,44.07583517194372,44.21584004116484,2409800
2015-09-28,44.184017181396484,44.79494352240217,44.1331054391766,44.50857346903453,2864100
2015-09-29,44.09491729736328,44.37492698141711,43.89127521492692,44.20310109158036,2524900
2015-09-30,44.78858184814453,44.84585877642991,44.15219958619482,44.23493238758355,2741000
2015-10-01,44.012203216552734,44.915864938204635,43.84674245526618,44.83313212995549,3175100
2015-10-02,44.13309860229492,44.394017599343314,43.56671890966963,44.2349220709607,3864800
2015-10-05,44.750389099121094,44.76311460483471,44.06309526554308,44.285828029607224,2881900
2015-10-06,44.40675354003906,44.75040054472105,44.19674622797596,44.65494223421861,2389900
2015-10-07,44.40675354003906,44.559483923716165,44.1840207190076,44.46403046842507,1744700
2015-10-08,44.998573303222656,45.081301220248335,44.19037025163445,44.27309816866013,1935100
2015-10-09,45.19586181640625,45.278594609940185,44.839489337216634,45.05586181044668,2543800
2015-10-12,45.819515228271484,45.870426965997865,45.183133072323265,45.20858894118646,1839900
2015-10-13,45.75587844848633,45.87678775780146,45.46314323640194,45.65405497199927,1676100
2015-10-14,45.87677764892578,46.04223833415294,45.63495422837033,45.76859387040436,1851800
2015-10-15,46.32862091064453,46.424074345779616,45.66041773343693,46.08679259440809,2241500
2015-10-16,46.54499053955078,46.748632635429175,46.3286229368346,46.54499053955078,2018900
2015-10-19,46.69136428833008,46.710454977711585,46.09316345991777,46.49408250256229,1898600
2015-10-20,46.89500427246094,46.95227633800663,46.49408039279822,46.54499213231264,2308800
2015-10-21,47.04137420654297,47.31501876506244,46.78682033846721,47.04137420654297,2358200
2015-10-22,47.40410232543945,47.6522909615509,46.945906426399794,47.111367135544164,2089900
2015-10-23,46.506813049316406,47.39138393236712,46.46226648884662,47.30229081142755,2154700
2015-10-26,46.35408020019531,46.710457557438964,45.965891499173516,46.627724758602,2048400
2015-10-27,46.04861831665039,46.5640863666571,45.927704139898765,46.2586256167313,2262900
2015-10-28,45.51405334472656,46.29044041472088,45.017675999703556,46.11861935498635,2160600
2015-10-29,45.106773376464844,45.3931483099917,44.546758728892016,45.33587138120177,2861100
2015-10-30,45.456783294677734,45.6158788536182,44.98586179967309,45.22768530138658,2937600
2015-11-02,45.01131057739258,45.68587408731307,44.55311466302757,45.22131299213455,3052600
2015-11-03,44.998573303222656,45.44404364273924,44.74401951710027,44.98584779876087,2710500
2015-11-04,44.909488677978516,45.36131942735343,44.80767005744853,44.96040041584879,2375300
2015-11-05,44.69948196411133,45.13222203104225,44.66130058783263,44.788575078902056,1595400
2015-11-06,43.17852783203125,44.33038282308893,43.006706788120034,44.209468661129996,2883200
2015-11-09,43.10215759277344,43.39489274778273,42.809417582554495,42.987608631664614,2458900
2015-11-10,43.1467170715332,43.477633694345236,43.03852840263462,43.1467170715332,2067000
2015-11-11,43.47127151489258,43.53491362636162,43.140354869226144,43.197626943294566,1529400
2015-11-12,43.21671676635742,43.70036373403152,43.019434986311424,43.299444703014906,2380600
2015-11-13,43.40126419067383,43.64945286078739,43.21671762486498,43.2421686403338,2739100
2015-11-16,44.075828552246094,44.09491923968883,43.28671119973662,43.312167068063744,2454700
2015-11-17,43.46490478515625,44.53402704051199,43.356716124722865,44.044010043568136,2017800
2015-11-18,43.57945251464844,43.64308975969621,42.93033999161365,43.43944766241699,2119200
2015-11-19,43.79581069946289,44.05672965981533,43.57944314179363,43.719443108703985,1743600
2015-11-20,43.910369873046875,44.30492856760806,43.694002265043125,43.94855124970385,2918200
2015-11-23,43.4144401550293,44.06970180076646,43.36304573933663,43.88340071981147,2079100
2015-11-24,43.350181579589844,43.44011931907379,42.94545685067289,43.28593613603913,1997900
2015-11-25,43.183162689208984,43.42085324335316,43.04825604736598,43.30522317997949,1364600
2015-11-27,43.279537200927734,43.54292502676563,43.15105115067856,43.176748360728396,824800
2015-11-30,43.279537200927734,43.575047764638335,43.228142780828065,43.2988088831547,2550000
2015-12-01,43.30522155761719,43.709941467984,42.88765059541893,43.60073203361775,2284800
2015-12-02,42.489356994628906,43.27310461904227,42.43154195737261,43.22171020732054,2609200
2015-12-03,41.86619567871094,42.41867311999383,41.782683470605875,42.37370425390051,2918600
2015-12-04,42.78485870361328,42.84267863020917,42.03965949199856,42.103900042807446,2827400
2015-12-07,42.489356994628906,42.784867510167565,42.405844751511744,42.63068917624324,2880900
2015-12-08,42.34159469604492,42.515044670173545,41.85978322195013,42.399409720341204,2956900
2015-12-09,42.52145767211914,42.86193689600339,42.01394914739491,42.17455292479226,2855200
2015-12-10,41.88547134399414,42.55358377626355,41.846927998306825,42.482917708343955,1961000
2015-12-11,41.68632125854492,42.0396515732993,41.461476922446195,41.70559293003353,2105200
2015-12-14,42.01396942138672,42.039666626319175,41.46791729498398,41.63494177518389,2633100
2015-12-15,42.49577331542969,42.84267816753913,42.02680798723364,42.142442937936785,2284400
2015-12-16,43.40801239013672,43.446555749298746,42.598567539047274,42.720628044715006,3215300
2015-12-17,43.38873291015625,43.65854617826554,43.10606859047598,43.3630357082544,2785500
2015-12-18,42.97758102416992,43.330906469437615,42.73988561822522,43.183153707254206,4921400
2015-12-21,42.7591667175293,43.324495396565,42.51505063418962,43.285947140386824,2448800
2015-12-22,43.13176345825195,43.18958338471216,42.50219920006655,42.958313481351034,1935800
2015-12-23,43.73563003540039,43.77417338080445,43.170301496198185,43.170301496198185,2334700
2015-12-24,43.536476135253906,43.709930984695966,43.45938944771435,43.65853659217691,738400
2015-12-28,43.59429168701172,43.684229414295004,43.31162745769936,43.46581061981803,1807900
2015-12-29,44.09539794921875,44.24315566547497,43.65212970169121,43.69067796315521,1960500
2015-12-30,44.12108612060547,44.27526443116291,43.909087880313905,44.031148364343615,1634900
2015-12-31,43.45297622680664,44.069694407938535,43.054676923866275,44.043997204402984,2119200
2016-01-04,43.3437614440918,43.36945864445928,42.611408387958015,43.022553791358035,3896700
2016-01-05,43.71635818481445,43.761327054682624,42.56000881500541,43.22812123964628,2476000
2016-01-06,43.98617172241211,44.2431387954785,43.25381874997841,43.40799703332254,2670700
2016-01-07,44.011878967285156,44.1403600825296,43.42727862007011,43.472247500529704,4011800
2016-01-08,44.66071701049805,44.904838002347795,43.928363837430005,43.992609299226636,5391500
2016-01-11,44.59005355834961,44.92410739700616,44.52580809981842,44.7056836207289,3989700
2016-01-12,44.262428283691406,44.89199271980001,44.011886634450455,44.737814374399704,4318300
2016-01-13,44.339500427246094,44.641436392759736,44.23671653118762,44.35235147752817,3646500
2016-01-14,44.757076263427734,44.9498028289463,44.23029587241584,44.30738747887129,3265900
2016-01-15,44.24956512451172,44.609321033687834,43.799876364591434,44.32665672674372,3964200
2016-01-19,44.90483093261719,45.007614833076616,44.127508999415944,44.47441385329118,3037000
2016-01-20,44.1532096862793,44.80847119451359,43.6457009656048,44.615744626729274,3773800
2016-01-21,43.999027252197266,44.358783191694855,43.664973416849826,44.358783191694855,2268700
2016-01-22,44.81489562988281,44.85986450777282,44.018297076916774,44.4165963533998,2118000
2016-01-25,44.6864128112793,45.05901491253693,44.50011176065048,44.83417050703334,2287300
2016-01-26,44.78919219970703,45.32881865934716,44.609316713160325,44.69925445643368,2075500
2016-01-27,44.78276824951172,45.04616086495912,44.435863412728104,44.71852770223466,2320200
2016-01-28,45.57293701171875,45.93911348895215,44.602888662780074,44.77633861463205,3579600
2016-01-29,46.363121032714844,46.382392711676495,45.63076782472717,45.91985771287441,3498500
2016-02-01,45.084712982177734,45.88130670608001,44.930534658476766,45.14252801560039,10798600
2016-02-02,44.89841842651367,45.0397506192127,44.082552906716444,44.48084737569598,6008700
2016-02-03,44.924102783203125,45.23888491246765,44.50653185183761,45.001194384778856,5527100
2016-02-04,45.24531173706055,45.714277082942196,44.72495688989269,45.01404182693261,4016100
2016-02-05,45.6500358581543,45.88773131592796,44.769929914250525,45.187495995049034,3758900
2016-02-08,44.641441345214844,45.54082381639088,44.37805360008796,45.05258677753986,5684700
2016-02-09,45.24531173706055,45.52797604971469,44.42944642722699,44.64143976047761,4020500
2016-02-10,45.155372619628906,45.44445754793885,44.358779009488714,45.08470654359939,3266600
2016-02-11,44.4615592956543,45.28385003943269,44.397318750279005,44.936945212918786,2868700
2016-02-12,44.288116455078125,44.73780524625997,43.973329400010606,44.545078677901905,2942500
2016-02-16,44.42302322387695,44.68641097342274,44.04399561198198,44.641442094171495,2385500
2016-02-17,44.82130432128906,44.85985256438901,44.19816572249908,44.62215718668808,2584000
2016-02-18,44.80846405029297,45.10397447953685,44.448713075776844,44.525799769607765,6190800
2016-02-19,44.62216567993164,44.82131285243768,44.326655233192454,44.67998560496741,4156600
2016-02-22,45.444454193115234,45.470151391705286,44.72495223755173,44.827736130672456,2529900
2016-02-23,45.53439712524414,45.73354921169634,45.142523379269214,45.219614983822325,2559200
2016-02-24,45.75281524658203,45.80420964328094,45.18106606171514,45.56008870958085,3482700
2016-02-25,46.14469909667969,46.17039630068286,45.71428195741767,45.82991202357118,2114900
2016-02-26,44.981910705566406,46.09329117190099,44.91124954182957,45.99692791045756,2800500
2016-02-29,44.91767120361328,45.438030866944025,44.87270233406511,44.97549112231189,3622000
2016-03-01,44.93693923950195,45.23887515399321,44.686397714974916,45.18106014121257,2510000
2016-03-02,44.6254768371582,44.936955384958274,43.85327837108307,44.81366107113148,4450600
2016-03-03,45.41713333129883,45.436599806519396,44.31399016202201,44.703334518779585,3726400
2016-03-04,45.82596206665039,45.92978494743271,44.98237826292041,45.125139055931655,2772700
2016-03-07,46.215301513671875,46.319124383177225,45.5079881026109,45.585858967827136,2382500
2016-03-08,46.539756774902344,46.57868973274556,45.88435726343763,46.1309409144164,3067600
2016-03-09,46.786346435546875,46.93559771108881,46.46189187642272,46.526781798090816,2312400
2016-03-10,46.45539855957031,46.87719045080765,46.11796801705046,46.79932452987874,2179900
2016-03-11,46.86420822143555,46.942074132019584,46.468373340024286,46.59166763282597,1880100
2016-03-14,46.94208526611328,47.02644662363244,46.66305908596188,46.94208526611328,1862600
2016-03-15,47.363868713378906,47.41578262396671,46.79932102578124,46.825277981075146,2094800
2016-03-16,47.73374938964844,47.889491130309956,46.77985226892562,47.20813462956986,2903000
2016-03-17,48.37616729736328,48.603284454235144,47.60396401321624,47.863528599976675,3286500
2016-03-18,47.66886520385742,48.59680547936047,47.66237472618708,48.415111710862064,4697600
2016-03-21,47.77916717529297,47.89597099158264,47.110791707384216,47.792148127537764,2450600
2016-03-22,47.34438705444336,47.85053514342934,47.3184301074721,47.83106867089625,3009400
2016-03-23,47.70130157470703,47.85703834717698,47.13025849101265,47.487160418321636,1828700
2016-03-24,47.64289474487305,47.753208080093316,47.38982064605831,47.70129912579009,1594600
2016-03-28,47.46770095825195,48.04522965271019,47.37036360452432,47.78566502636432,1977000
2016-03-29,48.4345703125,48.47350327061964,47.4287593209559,47.675347924468504,2752800
2016-03-30,48.505958557128906,48.60329591897223,48.084166622997095,48.53191551700605,1958600
2016-03-31,48.74604415893555,48.78497711332461,48.22042452077012,48.36967576389922,2717800
2016-04-01,48.92124557495117,48.99262595585011,48.25287014542702,48.525410717523435,2347700
2016-04-04,48.3956298828125,48.81093120791591,48.207445696315276,48.81093120791591,2013700
2016-04-05,47.40280532836914,47.850549180319454,46.812295750806086,47.75970231466096,7976200
2016-04-06,47.208133697509766,47.5196122218998,46.9420786088867,47.29898056904369,4226800
2016-04-07,47.350894927978516,47.519612669896354,47.07186383398423,47.12377774700253,2336400
2016-04-08,47.39631271362305,47.69481025171674,47.26004242128349,47.5260925299133,2416600
2016-04-11,47.286006927490234,47.75321731123025,47.26004996992966,47.43525324498424,2627600
2016-04-12,47.51311492919922,47.584495310990825,47.22759340203278,47.31195473548604,2776300
2016-04-13,47.24057388305664,47.65587521800718,46.98749978678311,47.65587521800718,1790700
2016-04-14,47.175689697265625,47.43525432801424,46.987510414526014,47.24058456804044,1620000
2016-04-15,47.40280532836914,47.53907562685688,47.097817300465834,47.28600150812496,2405200
2016-04-18,47.286006927490234,47.47419115671682,46.825282070052786,47.4028107611211,2656800
2016-04-19,47.25357437133789,47.467715625550625,47.03294758878053,47.227617405604384,2431100
2016-04-20,46.124454498291016,47.428758068692225,46.085516590416375,47.35738263095177,2552000
2016-04-21,45.105674743652344,46.12446187364818,44.956423466297146,46.12446187364818,3555300
2016-04-22,45.462562561035156,45.58585685421518,45.1640650177207,45.1640650177207,2552400
2016-04-25,45.55341720581055,45.644264084478024,45.28087656980812,45.46906080441463,2588500
2016-04-26,45.35874557495117,45.793513469335586,45.22247526256726,45.585862762257705,2322600
2016-04-27,45.91031265258789,46.215300680709134,45.38469793650489,45.514477758743226,3244300
2016-04-28,46.09201431274414,46.13094727595628,45.456086143288445,45.56639950624533,2678200
2016-04-29,46.37753677368164,46.37753677368164,45.48852947447303,45.81298404269436,4506100
2016-05-02,46.786346435546875,47.02644459158088,46.39700195475462,46.526781798090816,3025200
2016-05-03,46.68252944946289,46.916137157611765,46.345093892899264,46.63710600347751,3919300
2016-05-04,47.22760009765625,47.38333688419799,45.68968881014234,45.68968881014234,3191100
2016-05-05,46.714969635009766,47.59099602197005,46.48785241628437,47.169209023244626,2697800
2016-05-06,46.247737884521484,46.864204346778756,45.793503607727544,46.79282396745652,2379900
2016-05-09,46.3840217590332,46.487844634163,46.08551923492487,46.33859832289206,2059600
2016-05-10,46.40996170043945,46.63708377288791,46.319114851772845,46.546236924221304,1702100
2016-05-11,46.539756774902344,46.63060364372521,45.98818508539693,46.48135238735448,1837300
2016-05-12,46.903141021728516,46.97452140671648,46.345078894067754,46.487839664043676,2509700
2016-05-13,46.77986145019531,47.00698362887377,46.47487828747125,46.890179775844715,1723500
2016-05-16,46.86420822143555,46.9485646081625,46.40996895630354,46.72793792713076,1513700
2016-05-17,46.124454498291016,46.89665286837964,45.910313332720804,46.74740656567285,2309800
2016-05-18,45.170562744140625,46.22828279244852,44.97588803427078,45.812981365457475,3446900
2016-05-19,45.99467086791992,46.00765182112881,44.58653944252239,44.94992691984225,2902100
2016-05-20,46.0595703125,46.20232615651177,45.851919597556844,46.169883671829645,2155800
2016-05-23,45.51449203491211,46.20233421993445,45.482044593783556,46.15042524522696,2014900
2016-05-24,45.92979049682617,46.02712786298388,45.47555605580234,45.61831686606243,1974200
2016-05-25,46.033599853515625,46.09848975463248,45.566384644222865,45.82594919947241,2055000
2016-05-26,46.44242477416992,46.539762130762725,45.9103195023507,45.93627646082769,1846600
2016-05-27,46.4683837890625,46.5786971543838,46.202328665987054,46.51380723071149,1373100
2016-05-31,46.883670806884766,46.9355847101528,46.299651772075066,46.474859957909125,3876800
2016-06-01,46.96886444091797,47.067154079658785,46.588813837370125,46.654338596791106,1929100
2016-06-02,46.84435272216797,46.96885323481686,46.35946361907795,46.81814182480939,2248900
2016-06-03,47.814144134521484,48.036929301482665,47.18509748759665,47.28993609580828,3157600
2016-06-06,47.68310546875,47.97797446320826,47.4210063615249,47.76173820044954,2032600
2016-06-07,47.50617218017578,48.03692919374925,47.42753947477964,47.66343259174971,1911600
2016-06-08,47.801029205322266,47.984505491538314,47.44719457994968,47.54547919854338,1620300
2016-06-09,48.318695068359375,48.39077380585446,47.532387931055204,47.7355161916947,1709000
2016-06-10,48.063140869140625,48.48250530623314,47.87966955281495,48.31214194062698,2357200
2016-06-13,48.089359283447266,48.462855949802645,48.030388493652886,48.16143802600876,3182900
2016-06-14,48.27281188964844,48.41696931881167,47.958291134398905,48.08934061588333,5939400
2016-06-15,48.27937316894531,48.57423704651163,47.991058266992106,48.28592714377644,3277300
2016-06-16,48.41697311401367,48.580787478318555,47.84034835137884,47.94518694494079,3174000
2016-06-17,48.56768035888672,48.751151631280806,48.21384076246215,48.38420408727539,7978000
2016-06-20,48.724971771240234,48.928100095173185,48.259739320129675,48.797050531194586,4934300
2016-06-21,48.71839904785156,48.869110487735945,48.3580103859673,48.659428266517565,2809700
2016-06-22,48.35144805908203,48.77736640339587,48.325237161054666,48.692179735002526,1795600
2016-06-23,48.4562873840332,48.4562873840332,48.14176660138842,48.358002763967775,1412600
2016-06-24,48.600440979003906,49.03291326993222,48.08278702435515,48.18107663585861,4332900
2016-06-27,49.111534118652344,49.20982371646432,48.357992200265926,48.42351693240171,3362700
2016-06-28,50.08787536621094,50.087875366210945,48.69872793089759,48.99359175008712,5903800
2016-06-29,50.06822967529297,50.3237797090358,49.81267464233198,50.21893610584994,2847700
2016-06-30,51.0642204284668,51.0642204284668,50.10754501741948,50.22549157490303,3348200
2016-07-01,51.01836013793945,51.22804238230874,50.500706003573605,51.14940966596312,2212300
2016-07-05,51.40493392944336,51.450801741138676,51.024888489346395,51.11007013986154,2470200
2016-07-06,51.71292495727539,51.74568983465984,51.13630010952522,51.404953107047795,2949100
2016-07-07,50.76279830932617,51.71291966563108,50.618640862335276,51.58187016794002,2572000
2016-07-08,51.234588623046875,51.24113759900596,50.15341268282158,50.72348854201412,2259200
2016-07-11,51.20838928222656,51.28701700523268,50.59899943283212,50.90697134585783,1831500
2016-07-12,50.72349166870117,51.11664521686735,50.60554510432946,50.89385504006807,2060400
2016-07-13,50.95937728881836,51.09698577315789,50.762803024024535,51.044563969525534,2352000
2016-07-14,50.546566009521484,50.775905147651784,50.42861945288044,50.651409615077206,2250900
2016-07-15,50.8021125793457,50.9397160528258,50.54656255728009,50.651406155675176,1926000
2016-07-18,50.99215316772461,51.149413613333124,50.79557386129939,50.88731453705874,1521400
2016-07-19,50.99869155883789,51.169054906508116,50.690719739192474,50.96592668470705,1495200
2016-07-20,50.65140914916992,51.10353344611994,50.60554132196577,50.92661611239484,1408500
2016-07-21,50.84798049926758,50.88729934834849,50.27135570466622,50.42206212861958,1618600
2016-07-22,51.44426727294922,51.50323804780665,50.77590182925736,50.85453452828521,1580500
2016-07-25,51.50981521606445,51.51636919373901,51.103553586985065,51.280475989656814,1694100
2016-07-26,50.8021125793457,51.51634584556292,50.651406155675176,51.46392404636537,2102000
2016-07-27,50.14030456542969,50.76935620068639,49.865097599516304,50.76935620068639,2878000
2016-07-28,50.41551208496094,50.56621850572127,49.963382824244306,50.14030014409725,2360800
2016-07-29,51.123191833496094,51.25424634298136,50.3106738715609,50.31722784683976,3357600
2016-08-01,50.83488845825195,51.162517275333926,50.74970176631047,50.93317810322034,1771400
2016-08-02,50.69727325439453,50.83487672590473,50.21237911758582,50.66450838056064,2628300
2016-08-03,50.29100799560547,51.06421196671182,50.05511491972777,50.82831889083412,2761900
2016-08-04,50.074771881103516,50.67105854536587,50.002693163462624,50.29100803402618,2221600
2016-08-05,49.386775970458984,49.99616584773688,49.301589267678644,49.99616584773688,2437400
2016-08-08,49.13775634765625,49.570228678115676,48.8953142828997,49.190178145145474,2588700
2016-08-09,48.96738815307617,49.15085942689281,48.55457278777149,48.941177256928476,7438500
2016-08-10,49.15086364746094,49.380202759424996,48.96083838348566,49.15086364746094,5318400
2016-08-11,49.40642166137695,49.51126027273618,49.065684926217806,49.203288415687204,3495100
2016-08-12,49.77336502075195,50.2189403737229,49.4785011103644,49.65541845675322,3452700
2016-08-15,49.144325256347656,50.01581915737285,49.13122230260245,49.67508236936604,1978700
2016-08-16,48.934635162353516,49.196739188241054,48.84289950317565,49.072238651120315,4912900
2016-08-17,50.225494384765625,50.24515131224287,48.69874302726408,48.93463615542821,4822000
2016-08-18,50.36309051513672,50.36309051513672,49.89130432776585,50.06822664763885,4116000
2016-08-19,49.66852951049805,50.21238953475888,49.34744967781114,50.12065386805373,3134500
2016-08-22,49.98305130004883,50.179630589064914,49.60955465029346,49.76681508197493,2308200
2016-08-23,49.68818283081055,50.3106755238496,49.68818283081055,50.04857149548949,2095600
2016-08-24,49.878196716308594,49.943721458604614,49.42606749579645,49.53746005762143,2155400
2016-08-25,49.95684051513672,50.166522757623014,49.734055319653336,49.81268303607382,2193300
2016-08-26,48.97394943237305,50.38275420916526,48.92153262612523,49.97649271562888,3243700
2016-08-29,49.596435546875,49.59643554687501,49.1705172255144,49.20327709686992,3758900
2016-08-30,49.111534118652344,49.812659250860094,49.03945541353799,49.570217242036044,2415500
2016-08-31,49.0520133972168,49.17106683178848,48.73452243264925,48.93956563176406,3448800
2016-09-01,48.98588180541992,49.17108282567983,48.80068078516,49.06525583396674,2144200
2016-09-02,49.44227981567383,49.66716535512925,48.94620342956339,48.979277207177404,1794900
2016-09-06,49.93833541870117,50.149994386833804,49.58777572582661,49.746518690339116,2477400
2016-09-07,49.865577697753906,50.044167950255954,49.640692249534034,49.81927745568817,1662500
2016-09-08,49.944969177246094,49.9978801535836,49.53487757094498,49.72669436842374,2603900
2016-09-09,47.954036712646484,49.581166180368946,47.9474209497775,49.54148169585206,2994900
2016-09-12,48.979270935058594,49.09171369038727,47.98711828988941,48.0003447714313,3193800
2016-09-13,48.62870407104492,48.96603736934141,48.39059208875522,48.85359461869228,3079100
2016-09-14,48.807289123535156,49.21738063911132,48.56255635751168,48.721304390453234,1812000
2016-09-15,49.24384689331055,49.35629470859041,48.65516998967741,48.853602561253716,2145100
2016-09-16,49.64731216430664,49.8060602062442,48.91311887097918,49.11155140022671,4744400
2016-09-19,50.20293426513672,50.22277651434355,49.62748380638733,49.68701560035808,2133300
2016-09-20,50.02433395385742,50.50718378911949,50.01110747247388,50.43442552563686,2431600
2016-09-21,50.76513671875,50.784978961517446,49.858968943697235,50.103701712642504,2784400
2016-09-22,50.95696258544922,51.142163612851164,50.61301349483174,50.9305045749133,2083100
2016-09-23,50.93711853027344,51.089245777515806,50.41458419503143,50.82467072790159,2050600
2016-09-26,50.6659049987793,51.07599639411947,50.5336200564616,50.950322166474706,2521700
2016-09-27,50.12353515625,51.095845251955275,50.03093467535881,50.864344049727286,2936900
2016-09-28,50.163238525390625,50.34182883889734,49.66055145306345,50.255844087503135,2036800
2016-09-29,49.44227981567383,50.23600001491055,49.27030525551089,50.16324174123969,2446500
2016-09-30,49.12478256225586,49.819291434461704,48.833754550332365,49.67377490532529,3153600
2016-10-03,48.469966888427734,49.0851017785614,48.20539181968267,49.0851017785614,2487600
2016-10-04,47.72254180908203,48.350903113616816,47.42489299665832,48.33767663247204,3177500
2016-10-05,47.5439567565918,48.046648883477495,47.17355468749166,47.755615802698976,3053100
2016-10-06,47.56378936767578,47.808517067922686,47.19338236656593,47.37858334394678,2105900
2016-10-07,47.29261016845703,48.35090533078899,47.23308343105214,47.88790277425294,1882800
2016-10-10,47.76884078979492,47.82836752288406,47.21984847945523,47.35874923634557,1827600
2016-10-11,47.41828918457031,47.808533514535306,47.252930391259746,47.75561748955195,2573300
2016-10-12,47.72916793823242,47.848221433437914,47.418292577150744,47.43813482635166,1541200
2016-10-13,48.489803314208984,48.86682110184559,47.68285172226947,47.72915702161432,3113600
2016-10-14,48.139244079589844,48.59563589738989,48.08632806232479,48.39059263842426,1694100
2016-10-17,48.172325134277344,48.483200474768736,47.97389256271052,48.30461015108861,1613700
2016-10-18,48.52949523925781,48.76099651563467,48.05326115851151,48.49642146562569,1641800
2016-10-19,48.423675537109375,48.622108136756054,48.1723319510608,48.54934985330898,1763300
2016-10-20,48.35752487182617,48.59564193274278,48.29138236520484,48.4699676377174,1313800
2016-10-21,48.17892837524414,48.32444489896215,47.90774261896443,48.0598749064012,1510800
2016-10-24,48.364131927490234,48.51625916069084,47.97388262990175,48.37074264451714,2433000
2016-10-25,48.54933547973633,48.58901996937637,48.15247544428845,48.36413446628392,2079400
2016-10-26,48.833763122558594,48.899905634772274,48.212012405779504,48.47658750098445,1685600
2016-10-27,48.483192443847656,48.81390997744457,48.159085627551335,48.56917718589718,1772500
2016-10-28,48.60886764526367,48.800684443870814,48.27815007104785,48.536109375228214,1767700
2016-10-31,49.73991394042969,50.20953726859535,48.688234628970264,48.93296741513486,4056600
2016-11-01,49.25045394897461,49.70684575508525,49.0784794204425,49.627471731220645,2576000
2016-11-02,49.0123405456543,49.29675784425074,48.198778187904736,49.263689116625216,2944400
2016-11-03,49.17769241333008,49.31659316108021,48.60224717927217,48.88666443790779,1837900
2016-11-04,48.807289123535156,49.720067604380546,48.80728912353515,49.369507862744605,2638100
2016-11-07,49.42243194580078,49.43565842753189,48.29798923738015,49.091714392679904,2417600
2016-11-08,49.93833541870117,50.14337862479432,49.402574759504034,49.5150174824359,1820800
2016-11-09,48.43029022216797,49.11156772801594,48.33107392455844,48.979282695436915,3046700
2016-11-10,47.047874450683594,48.20538581674427,46.670856664734934,48.19215933581146,4171800
2016-11-11,46.80314636230469,47.45796566017819,46.67085632220208,47.08756364058898,2577300
2016-11-14,46.29384231567383,46.72377614997049,45.97635628622513,46.63779140165094,4551700
2016-11-15,47.12063217163086,47.25292221118819,46.525339609495425,46.525339609495425,3861400
2016-11-16,46.99497604370117,47.41167843019378,46.81638570209689,47.25293538481809,2914000
2016-11-17,46.98173141479492,47.31244894416428,46.75023015350618,46.80975688654514,2766400
2016-11-18,47.06110382080078,47.246304823465486,46.65762804513175,47.00157204345922,2696500
2016-11-21,47.78868103027344,47.78868103027344,47.16031976883013,47.21984649942318,2118500
2016-11-22,48.410430908203125,48.50964212449216,47.66962186636966,47.68946410962747,3421400
2016-11-23,48.198787689208984,48.476589278502885,47.93421258430271,47.93421258430271,3358900
2016-11-25,48.913108825683594,49.20414179645076,48.29136345133709,48.29136345133709,1392700
2016-11-28,49.72007369995117,49.82590573488697,49.03218061191597,49.03879637568675,2580200
2016-11-29,50.34181213378906,50.467486383342724,49.44226023943728,49.50178695995346,3376600
2016-11-30,48.92655944824219,49.90789525415405,48.91320509957862,49.82778444174779,4407000
2016-12-01,48.56606674194336,48.773013300300796,48.198898564349655,48.6862304097748,3177500
2016-12-02,49.25367736816406,49.42057110014792,48.966619945424135,48.979974296170646,2952500
2016-12-05,49.05341720581055,49.106819339300124,48.43257220190223,49.04006285254306,2851300
2016-12-06,48.539371490478516,49.113486325212534,48.439234234523994,49.10013706790839,2897900
2016-12-07,49.0667610168457,49.12016823759768,48.59278339235592,48.73297352693519,3935400
2016-12-08,49.0667610168457,49.13351749618923,48.48596895085196,48.83978796843915,1868600
2016-12-09,49.754356384277344,49.8077635985385,49.006675757390276,49.07343222862058,2224500
2016-12-12,50.37520217895508,50.62887881161643,49.63419362020028,49.63419362020028,2479600
2016-12-13,50.70229721069336,50.78240800947914,50.295076229949586,50.522054279913895,2326600
2016-12-14,49.48064422607422,51.109523215992844,49.447263450000776,50.86252380853824,3767000
2016-12-15,49.781063079833984,50.02139046572686,49.35381552562278,49.56076212723341,2729000
2016-12-16,50.648902893066406,50.86252662948696,49.82778363211736,49.82778363211736,5570700
2016-12-19,51.076171875,51.16963198071724,50.56881337739655,50.98271176928275,2359000
2016-12-20,51.076171875,51.16963198071724,50.76241076586621,51.02944182214137,2136400
2016-12-21,50.89591598510742,51.51008884882897,50.8825667262668,51.162947000656835,1837300
2016-12-22,51.1562614440918,51.20299148216804,50.735691101405635,50.976018466709775,1664800
2016-12-23,51.236366271972656,51.24304344611476,50.815795978468294,51.189636239361064,1074100
2016-12-27,51.182960510253906,51.37655782030818,50.90258030666843,51.14290765065361,1163500
2016-12-28,50.955989837646484,51.38323733683045,50.902582626950505,51.223020797934446,1734500
2016-12-29,51.396575927734375,51.623553979496684,50.9292756640927,51.08949216974258,2342400
2016-12-30,51.12956619262695,51.49005729949068,50.99605323150394,51.42997799494322,2459600
2017-01-03,50.9025993347168,51.19633399676531,50.70900195229333,51.11622315442655,3017500
2017-01-04,50.85586166381836,51.196326326255836,50.68229074468651,50.996051797011944,3426200
2017-01-05,50.922607421875,50.96266028201439,50.1482232644266,50.59549717995578,2688000
2017-01-06,51.33653259277344,51.436669888865126,50.66228023183015,50.76241752792184,1848000
2017-01-09,50.548763275146484,51.38990892601421,50.52205967270085,51.35652814965931,1947400
2017-01-10,50.355167388916016,50.52206108898624,50.148220830650224,50.46197670850136,1534200
2017-01-11,50.48868179321289,50.67560702105748,50.22832802091896,50.36184604080795,1902400
2017-01-12,50.25503921508789,50.6288795408561,50.094822660214724,50.50204376929471,2468300
2017-01-13,50.20829391479492,50.355161167622164,49.86782938262184,50.114833861757745,1992700
2017-01-17,50.86920166015625,50.97601608115595,50.28841479884414,50.44863133715176,2111500
2017-01-18,50.84919357299805,51.16295468138183,50.69565415391264,50.729029852621146,1913900
2017-01-19,50.48202133178711,50.84251242867573,50.30845041257566,50.588830679091416,1397400
2017-01-20,50.595489501953125,50.762383184796406,50.26170213626655,50.55543664789185,1739300
2017-01-23,50.4553108215332,50.80244751928979,50.36852282719994,50.67561175503619,1530700
2017-01-24,50.381866455078125,50.582135821212646,50.281729225415326,50.42191930966681,1898200
2017-01-25,50.60885238647461,50.688963209365056,50.208308458407146,50.375202186201285,2161100
2017-01-26,50.528743743896484,50.89590686796196,50.40190288826349,50.54877017516652,1537700
2017-01-27,50.41525650024414,50.628880274233595,50.21498707704982,50.528748109232694,1393800
2017-01-30,50.2416877746582,50.59550165234297,50.074794051735786,50.58882447733225,2287000
2017-01-31,50.922607421875,50.94263385194469,50.25503258919559,50.27505901926528,3056200
2017-02-01,47.96525955200195,50.36185629160481,47.94523311824028,49.64087411702852,7279600
2017-02-02,47.85176467895508,48.16552566829876,47.311030689008966,47.978605528228094,4336600
2017-02-03,47.86513137817383,48.05872876328288,47.56472462832504,47.878485732012344,3695400
2017-02-06,48.20557403564453,48.345764127630574,47.73827372902439,48.098764719784796,3223800
2017-02-07,48.29904556274414,48.365802037652806,47.87179801149761,48.23896626328411,2436200
2017-02-08,48.95993423461914,49.08009790442648,48.39249666343679,48.439226696517885,2711600
2017-02-09,48.16554260253906,49.05341867322968,47.79169709776776,48.906551342054556,3752800
2017-02-10,48.979976654052734,49.03337878003203,47.95191060435829,48.16553438785371,3563800
2017-02-13,49.220298767089844,49.320430925804935,48.85313054116049,49.00667500651064,2829000
2017-02-14,48.81308364868164,49.186924002126815,48.61948629616387,49.1268396063558,2824300
2017-02-15,48.31905746459961,48.59944272400206,48.038677298388194,48.432549040325114,3184400
2017-02-16,48.919883728027344,48.98664019375434,48.33241969916122,48.419202595287125,3026300
2017-02-17,49.247005462646484,49.29373550887478,48.626160509503066,48.91321796296063,3426400
2017-02-21,49.90789794921875,50.1281937821466,49.01334498854667,49.166889447318916,3541200
2017-02-22,50.30177307128906,50.361857467169294,49.60082240730531,49.901229107127946,3105700
2017-02-23,50.84250259399414,50.92928549021665,50.30844068119993,50.48201156683683,2513300
2017-02-24,51.403255462646484,51.53009629425859,51.02941523455749,51.03608731492256,2384800
2017-02-27,51.31649398803711,51.436657696224415,51.09619300749483,51.32984324752759,3344000
2017-02-28,51.83052062988281,52.09755163840978,51.18297208949259,51.18297208949259,2920400
2017-03-01,51.40243911743164,51.672092285705354,50.95077301791686,51.15300903671734,2663200
2017-03-02,52.05634307861328,52.45407749061592,51.17323402313169,51.22716053880241,2604400
2017-03-03,51.61143112182617,52.049616989796014,51.22043932787879,52.036136642366536,2956000
2017-03-06,51.39570236206055,51.597943547630955,51.24739284506985,51.43615368509883,1948100
2017-03-07,51.3148078918457,51.49007809271049,51.206944559122654,51.22043004731643,2479700
2017-03-08,50.64741516113281,50.99796584974865,50.2833841275118,50.9103256059913,1878500
2017-03-09,50.492366790771484,51.031668012053146,50.45865821428847,50.701345563987545,1381800
2017-03-10,51.011451721191406,51.065383393468466,50.633940301666705,50.72831815654788,1623600
2017-03-13,51.294578552246094,51.36199570534605,50.869878261032454,50.97774159142703,2728600
2017-03-14,51.456363677978516,51.719274066378055,51.11255580730002,51.186710546920985,2089000
2017-03-15,52.481048583984375,52.723735930065764,51.53052743117111,51.63838561653695,2779700
2017-03-16,51.7732048034668,52.609124866042,51.55748333108592,52.609124866042,2652300
2017-03-17,51.98896408081055,52.231651556615475,51.65189871366029,51.968735838485685,3797800
2017-03-20,51.79344177246094,52.420383273261784,51.57772024225027,52.2922968467218,2149300
2017-03-21,52.72373580932617,52.993388986933155,51.79343774694901,51.79343774694901,3246700
2017-03-22,53.02035903930664,53.498991024633845,52.83160334291924,52.939461536623334,3122700
2017-03-23,52.75745391845703,53.18889702330697,52.5821785498594,52.94620963392794,2617700
2017-03-24,52.75745391845703,53.00014130783606,52.622624733686735,52.7776770103707,2367300
2017-03-27,52.52823257446289,53.07428162350056,52.28554525115861,53.00686447786685,2548700
2017-03-28,52.62261962890625,52.703517131920776,52.312520248827745,52.56869310343691,2869000
2017-03-29,52.359703063964844,52.53497839510894,52.20465596361946,52.47430398912558,1791500
2017-03-30,52.184444427490234,52.238370958604705,51.901305708903436,52.23163335672011,1520200
2017-03-31,52.29228591918945,52.56193906140504,52.17768500528974,52.2653200906473,2050500
2017-04-03,52.40690231323242,52.42712540481113,51.40244933356639,52.00242505203601,1991000
2017-04-04,52.326011657714844,52.58892214324874,52.110290101809916,52.42712711891435,1985600
2017-04-05,52.555213928222656,52.63611144095555,52.164216998158416,52.4001667911608,1840000
2017-04-06,52.72373580932617,52.82485639382961,52.413636455200454,52.58216904830399,2781700
2017-04-07,52.30577850341797,52.89227383925886,52.272075067256814,52.82486182372944,2160500
2017-04-10,52.52149963378906,52.56868855399525,52.015901855919886,52.33948155356048,1809500
2017-04-11,52.231632232666016,52.52824614863871,52.12376888634327,52.3327476908343,1814200
2017-04-12,52.53498458862305,52.568693167388524,51.91478582771154,52.16421079503083,2246700
2017-04-13,52.26533126831055,52.58217339243449,52.03612939149314,52.58217339243449,2637200
2017-04-17,52.54170227050781,52.61585699385429,52.285529537781976,52.35294666315482,2751500
2017-04-18,52.575439453125,52.73723448607661,52.33275204690545,52.51477017317404,2540600
2017-04-19,52.137264251708984,52.55522712429702,51.92828538701942,52.47432959125158,1883900
2017-04-20,52.15072250366211,52.184431077291684,51.66534784535113,52.13723701692779,2603600
2017-04-21,52.27206802368164,52.66306486155606,52.197913273629375,52.22487910484897,3471900
2017-04-24,52.62937545776367,52.73049607587022,51.94850211526844,52.33949909556933,2543300
2017-04-25,52.379940032958984,52.51476922465004,52.14399537650936,52.35971694000727,1787700
2017-04-26,52.23835372924805,52.588904353514295,52.21138790098096,52.32599395691753,1505800
2017-04-27,52.37320327758789,52.541735912520835,52.19792789715943,52.25185957470786,1593300
2017-04-28,52.197914123535156,52.474304897425014,52.11027902804939,52.352966369770805,2001600
2017-05-01,51.867591857910156,52.27881179145365,51.8406260261623,52.211394640480734,1641400
2017-05-02,52.05634307861328,52.13049782376734,51.86084467258948,51.975445590298094,1251800
2017-05-03,51.61817932128906,52.06310798159011,51.53054419571837,51.95524461792624,2251200
2017-05-04,52.110286712646484,52.17095598542036,51.49682552416081,51.67210088418633,2445400
2017-05-05,52.73721694946289,52.939452958591424,52.26532264175067,52.26532264175067,2291200
2017-05-08,52.939456939697266,52.98664585969653,52.44734465159157,52.7507012597002,2064900
2017-05-09,52.231632232666016,52.89901997261386,52.12376888634327,52.79789937123814,1554000
2017-05-10,52.40015411376953,52.51475503834287,52.10353511538548,52.265324958501154,1921400
2017-05-11,52.319271087646484,52.38668311231789,51.955239982571555,52.299047994565846,1423300
2017-05-12,52.53498458862305,52.77092921036036,52.299039966885736,52.44060673992812,1469700
2017-05-15,52.56193923950195,52.69002563970968,52.27880575365889,52.447338325213934,1826900
2017-05-16,52.04959487915039,52.69002168896334,52.00914871083577,52.59563872421999,2254800
2017-05-17,52.231632232666016,52.534988893585734,51.87433875537749,52.04961412154824,2542400
2017-05-18,52.79789733886719,52.979910299771234,52.03613177181361,52.32600807488838,3371600
2017-05-19,52.97990036010742,52.98664310352988,52.29903242742086,52.90575075528545,2718600
2017-05-22,53.72819519042969,53.815835441206545,52.68329607141104,52.68329607141104,2354200
2017-05-23,53.73493194580078,54.17311772122345,53.63381136020991,53.721451601218426,2119300
2017-05-24,54.12592315673828,54.159626586283274,53.72818359974108,53.80908108842003,1520400
2017-05-25,54.5843391418457,54.651751152995544,53.99110110003083,54.058518254387444,1875600
2017-05-26,54.62479019165039,54.73265353367544,54.442777230992164,54.50344650347583,2080700
2017-05-30,54.6180534362793,54.806814305522266,54.39559426957086,54.564126902560524,1877900
2017-05-31,54.96168899536133,55.20665918734637,54.621453194447255,54.621453194447255,2416800
2017-06-01,55.39716720581055,55.39716720581055,54.66225700649601,54.96166082757761,2271500
2017-06-02,55.254276275634766,55.560491524311296,55.124990238339414,55.451613607025905,2530100
2017-06-05,54.900447845458984,55.261096955906226,54.81878938604998,55.261096955906226,2377400
2017-06-06,54.64187240600586,55.03654199453514,54.567020113515426,54.98890918945817,2305000
2017-06-07,54.75074768066406,54.84601329519683,54.6010430888021,54.77796716932866,3376100
2017-06-08,54.213165283203125,54.75073841225661,53.791276259287386,54.75073841225661,2955300
2017-06-09,53.94778060913086,54.15192413924563,53.566718223941294,54.077071857642586,3854600
2017-06-12,54.07027053833008,54.25400077022887,53.68240194959342,54.05666339117533,1990500
2017-06-13,54.00901794433594,54.07706404735116,53.70280269339012,53.968186129258896,2483500
2017-06-14,54.43091583251953,54.730324964834736,54.19955800597467,54.43772200141371,3192300
2017-06-15,54.560218811035156,54.594244471233985,54.17235016606803,54.28122293384795,2610700
2017-06-16,54.92085266113281,55.118190013802106,54.6078364025632,54.62824971635909,4581800
2017-06-19,54.68950653076172,54.92086439197934,54.49897011426974,54.92086439197934,2931600
2017-06-20,54.57381057739258,54.81197974847771,54.49895829932332,54.784760266308396,2382000
2017-06-21,53.866119384765625,54.58061125133878,53.573516470382856,54.57380508358526,2542400
2017-06-22,53.70962905883789,53.98181876484143,53.587143950715635,53.696021909751785,2518300
2017-06-23,53.3421745300293,53.86614063042837,53.14483712002326,53.70282368943839,3807100
2017-06-26,53.51908493041992,54.07026518840819,53.19926249227369,53.410206997610324,4213700
2017-06-27,53.00874328613281,53.478265200667586,52.920278647827736,53.36939243482863,3296800
2017-06-28,52.43034362792969,53.17886141772946,52.37590464899489,53.17205524746591,3125000
2017-06-29,52.437137603759766,52.688913954019036,51.83151832085268,52.15134078989968,3798200
2017-06-30,52.144527435302734,52.81139176733863,52.13772645847136,52.484763173944735,2944900
2017-07-03,51.783878326416016,52.51198259865095,51.7362455307216,52.35547706633444,1375200
2017-07-05,51.57975387573242,51.88596404592613,51.5253148969821,51.811111748041135,3349600
2017-07-06,51.525299072265625,51.68861076677268,51.32796172859305,51.51849290411549,2033500
2017-07-07,51.57292938232422,51.736241068965974,51.42322483974223,51.57973555014656,1687000
2017-07-10,51.44363784790039,51.70222030777347,51.37559174483348,51.6137557013601,3585400
2017-07-11,51.736244201660156,51.76346368301277,51.30754905142319,51.44364126660105,2651000
2017-07-12,52.11050796508789,52.39630474498914,52.05606899989181,52.21938070389459,2345700
2017-07-13,51.79068374633789,52.06287337133744,51.763464264679406,52.035653889678954,1561600
2017-07-14,52.090091705322266,52.32825567510505,52.056066056102516,52.11730599479587,1729900
2017-07-17,52.13774490356445,52.18537771616227,51.95401463241057,52.09011209096663,1314700
2017-07-18,52.3010368347168,52.450741386581285,52.05606669377222,52.22618455878455,1568700
2017-07-19,52.3826904296875,52.40990471697516,52.21937355645297,52.34185861558649,1407300
2017-07-20,52.36228561401367,52.56642916312628,52.171754403687835,52.56642916312628,2211900
2017-07-21,52.78416061401367,52.78416061401368,52.226174333682,52.301026594959296,2312200
2017-07-24,52.23980712890625,52.7773803640685,52.14454151169642,52.7773803640685,1827800
2017-07-25,52.253421783447266,52.41673353566968,51.988038239240716,52.29424842360611,1783100
2017-07-26,52.43034362792969,52.46436409607386,52.12412826511152,52.19217439298664,1395400
2017-07-27,52.47798156738281,52.55283387283979,52.246618480082894,52.301057464340204,1553300
2017-07-28,52.38949203491211,52.60724267692189,52.23978749510823,52.48475761631734,1232800
2017-07-31,52.51877975463867,52.62765247257779,52.205763552135046,52.39629470221686,1936600
2017-08-01,52.60044860839844,52.736540830682124,52.437131711755406,52.58003010262893,1967700
2017-08-02,52.98150634765625,52.98831251565047,52.096891405468305,52.498372251767,1674600
2017-08-03,53.34897994995117,53.39661275917309,52.81821287816789,52.86584568738981,2583700
2017-08-04,53.13121795654297,53.30133583791644,52.67530328044265,53.13121795654297,2025900
2017-08-07,53.02233123779297,53.226474738260755,52.927065655330644,53.08357636456726,1629400
2017-08-08,53.049564361572266,53.090390995532424,52.811400344160965,52.90666595112548,1266800
2017-08-09,52.967891693115234,53.294520251935126,52.872626111706275,53.294520251935126,1596500
2017-08-10,52.95429611206055,53.0903883461939,52.71613210653421,52.89985714177283,1581500
2017-08-11,52.66169738769531,53.04275982730113,52.43033953267361,53.04275982730113,1462500
2017-08-14,52.85902786254883,52.98151294376889,52.68210381376747,52.72973661248718,1534100
2017-08-15,53.00874328613281,53.11761605197176,52.66850745655761,52.69572694591404,3282800
2017-08-16,53.24009323120117,53.30813934866727,52.913469790729536,53.02234254035809,3045700
2017-08-17,53.158443450927734,53.51909256956267,53.09039213741552,53.158443450927734,1740600
2017-08-18,53.54631423950195,53.66879934059628,52.9883277104248,53.08359332332188,2303000
2017-08-21,53.58031463623047,53.69599871563307,53.37617633859598,53.62794742483698,1325300
2017-08-22,53.73683547973633,53.74364164841753,53.4374263567904,53.58032474958217,1420900
2017-08-23,53.90695571899414,53.94097618072048,53.45104103749192,53.73003166662544,1588800
2017-08-24,54.06346130371094,54.185946387503535,53.798077820757946,53.90695575816727,2056000
2017-08-25,54.49217224121094,54.777969094855436,54.07027793945944,54.219982536583736,2475900
2017-08-28,54.53297424316406,54.669066438201085,54.30841744892697,54.58741319781266,1700900
2017-08-29,54.60103225708008,54.89363521269479,54.553399459263055,54.57381277381526,2065000
2017-08-30,54.14421844482422,54.666290531121085,54.08239680822373,54.576985623722614,1726900
2017-08-31,54.10987091064453,54.350302367878,54.01370042411052,54.19230500234444,2010300
2017-09-01,53.8076171875,54.30907677817704,53.71831228767415,54.1991699087963,1547500
2017-09-05,53.71145248413086,53.9587495179383,53.56032593670427,53.92440066956009,2603100
2017-09-06,53.574066162109375,53.9037973110615,53.49163730554545,53.848841246086344,2120300
2017-09-07,53.752662658691406,53.97248164459263,53.3885879546267,53.57405809486603,3107800
2017-09-08,54.432735443115234,54.51516954121272,53.75954198513172,53.89005608932918,2208500
2017-09-11,54.899837493896484,54.92044470293235,54.00682524332456,54.40524351344556,2393100
2017-09-12,53.7045783996582,54.83115137807932,53.49163022718168,54.810544166665224,2746800
2017-09-13,53.6290168762207,53.965613569036506,53.58780245205094,53.683972935712596,2061400
2017-09-14,54.3846549987793,54.446481888037006,53.47790080322763,53.58094212472427,3021000
2017-09-15,54.611351013183594,54.776214001620474,54.391531948301115,54.52205131963443,6853100
2017-09-18,53.958763122558594,54.70064917013416,53.457298110654044,54.61134947909352,2470900
2017-09-19,53.8076171875,54.08925779851768,53.6221418116293,54.054914194729015,2463700
2017-09-20,53.31989669799805,54.075524151395356,53.10694328374289,53.90379040103696,2095400
2017-09-21,53.10007858276367,53.53284575407957,53.09320776518456,53.3885900303076,1256300
2017-09-22,52.921470642089844,53.30615254765285,52.83217098284069,53.26493812659907,1839000
2017-09-25,53.59467697143555,53.608418609050545,52.99704675766221,53.10008807617805,2325700
2017-09-26,53.72519302368164,53.91753401128186,53.40920350963858,53.532852036081415,2131100
2017-09-27,52.742881774902344,53.56033630833298,52.557411584080825,53.42981694829967,3640600
2017-09-28,52.914608001708984,53.01764931116405,52.36506308611317,52.61922570975045,1933300
2017-09-29,52.84591293334961,52.96269063254726,52.59861589922609,52.78408605436951,2434500
2017-10-02,52.71539306640625,53.0726022191567,52.62609339866783,53.031382553286484,2131400
2017-10-03,52.17269515991211,52.70163788266575,52.090266339355765,52.70163788266575,2254600
2017-10-04,52.8046989440918,52.832176974876745,52.03532980480879,52.22767077940492,2275800
2017-10-05,52.763484954833984,52.90774070130305,52.5368003480392,52.78409216991542,1913100
2017-10-06,52.763484954833984,52.81844102231717,52.36506656782855,52.61922920836492,1497300
2017-10-09,52.64668655395508,53.01076118639029,52.591730508067535,53.01076118639029,1304100
2017-10-10,53.402339935302734,53.416081573937575,52.612363422585034,52.80470967717595,2005100
2017-10-11,53.58781051635742,53.90380004464087,53.23747213549788,53.23747213549788,2255900
2017-10-12,54.013710021972656,54.06866609287125,53.416079783873485,53.51912110658349,1841400
2017-10-13,54.006832122802734,54.439599290375114,53.88318361193946,54.157953421948356,1725300
2017-10-16,54.28848648071289,54.47396191436645,53.81449952904214,54.37092058910331,2365500
2017-10-17,54.24039840698242,54.40526137429018,53.74580426415991,54.288483657484655,1955500
2017-10-18,54.18544387817383,54.24727076823412,53.848847115088134,54.144229445399894,2065400
2017-10-19,54.920475006103516,54.961694687816326,54.24728134863233,54.254152169067865,2609100
2017-10-20,54.95478820800781,55.11278553010052,54.522021137592674,54.865488563892725,2198200
2017-10-23,55.2158317565918,55.305136658087115,54.76932821270711,54.9479275339018,2016200
2017-10-24,55.19523239135742,55.25705927355765,54.81742124352894,55.25018845533569,1858500
2017-10-25,54.734981536865234,55.009756587691605,54.075524559420856,55.009756587691605,2416100
2017-10-26,55.23645782470703,55.60053261498805,54.68690760936635,54.947941079158575,3390500
2017-10-27,55.30515670776367,55.46314887539696,54.82429890332786,55.07846682456821,2161400
2017-10-30,55.97147750854492,56.36303032867642,55.19523744623393,55.64174633537667,2577900
2017-10-31,55.7379264831543,56.417990921955685,55.67610482549058,56.0195724549115,2827700
2017-11-01,55.29140853881836,55.92339285741886,55.250194107068054,55.92339285741886,2118300
2017-11-02,55.531829833984375,55.57992032126494,54.9616776957144,55.415052127185604,2239400
2017-11-03,55.41505432128906,55.84782679675902,55.27766939501545,55.42192513987244,2183200
2017-11-06,55.33949279785156,55.490619366093625,55.044110480169124,55.415056081972594,1701000
2017-11-07,55.909671783447266,56.067669231434515,55.19525833858104,55.46316272529323,1698100
2017-11-08,55.55931091308594,56.06077585933698,55.1814997396247,55.90964929359286,1974000
2017-11-09,55.80659866333008,55.88903275113287,55.27766101239887,55.44939476464771,1430700
2017-11-10,55.51122283935547,55.69669824820311,55.387574313756645,55.504357261915786,1735500
2017-11-13,56.22563934326172,56.253117377370074,55.593660281466924,55.641745530931765,1631300
2017-11-14,56.90569305419922,57.043083199148136,56.01955151354496,56.101980359616164,2454100
2017-11-15,56.486671447753906,57.455247142648176,56.34928129326281,57.07743076892081,1828000
2017-11-16,56.30118942260742,56.52100840302135,56.12258486324052,56.424837926646376,1288300
2017-11-17,55.8615608215332,56.32867688829157,55.813475575288905,56.09512147536177,1705400
2017-11-20,55.74478530883789,55.99894794574625,55.710436456926445,55.916519086597155,1485600
2017-11-21,55.89591598510742,56.01269370476147,55.64861890766393,55.772267446385676,2315000
2017-11-22,56.43859100341797,56.46606379575395,56.01956016815835,56.287464441075294,1744900
2017-11-24,56.47294235229492,56.82328077292057,56.39050824129486,56.624068935345186,797400
2017-11-27,56.988128662109375,57.10490635775899,56.40423494296304,56.53475427392336,2305400
2017-11-28,57.66132354736328,57.66818912367495,57.05681741446757,57.06368823167718,2255600
2017-11-29,57.702552795410156,57.93610823156944,57.22856586321723,57.44151932424991,2603200
2017-11-30,58.326507568359375,58.444370932287285,57.64708607679449,57.81347425787784,3120900
2017-12-01,57.93825912475586,58.562221333795776,57.70947209987719,58.499822468199675,2566100
2017-12-04,57.924407958984375,58.22252300613835,57.654025159168604,57.87587784848886,2036000
2017-12-05,57.626285552978516,58.03532424786589,57.175645847703606,57.993728526863016,1986300
2017-12-06,57.910526275634766,58.02838433349885,57.52921986088905,57.77187035925163,1709800
2017-12-07,58.0145378112793,58.07000230979469,57.487635654154566,57.98680556202161,1979600
2017-12-08,58.15319061279297,58.15319061279296,57.68175297976379,57.868944329749795,1477700
2017-12-11,58.33344268798828,58.381972795140946,57.73027825104654,58.02146418334754,1988900
2017-12-12,57.84120559692383,58.81874209603429,57.813473352280184,57.97293243663492,2409700
2017-12-13,58.312625885009766,58.74246761544327,57.84118844463805,58.05610666516317,2460900
2017-12-14,58.499839782714844,58.74249564482803,58.04920527167215,58.47210753306232,2202700
2017-12-15,58.86727523803711,59.10992575765042,58.16705063339472,58.60382156869869,5872700
2017-12-18,57.36975860595703,59.13765056394856,57.3350919834929,59.005923745845614,3343900
2017-12-19,56.3922233581543,57.6956123431449,56.343693254844084,57.51535540682788,2445600
2017-12-20,55.872249603271484,56.63487298549704,55.8583861278601,56.62793860309936,2241400
2017-12-21,55.913856506347656,56.32982957455981,55.53947915814136,55.809861916948485,2516300
2017-12-22,55.768287658691406,56.16346301897907,55.768287658691406,56.01787265354536,1755300
2017-12-26,55.69200134277344,56.260499077919384,55.64347124182382,55.913853988455166,1581600
2017-12-27,55.920799255371094,56.045586434057135,55.671214319228355,55.740542292737935,1742800
2017-12-28,56.20502471923828,56.23275695624913,55.9138441646994,56.101030152793435,1338300
2017-12-29,56.19810104370117,56.57941276351324,56.08024298098994,56.33676225517118,3347400
2018-01-02,55.65734100341797,56.62101403780468,55.470154961297595,56.29516677060912,2163600
2018-01-03,53.51508331298828,54.38862533753241,52.86338869742646,53.38335645510607,14587400
2018-01-04,53.2654914855957,54.17370002575511,52.995108709679776,53.591338751285384,7146600
2018-01-05,53.27241516113281,53.868645142092404,52.988168936378216,53.66066126067341,5758300
2018-01-08,54.09049606323242,54.4648733851016,53.216954268255165,53.459604766859954,5570000
2018-01-09,53.528926849365234,54.18062122212658,53.43880104245756,54.11129327147579,3484800
2018-01-10,52.83563995361328,53.418006410879485,52.51672712986098,53.36947631355596,3978200
2018-01-11,52.83563995361328,53.31401183393367,52.65538303953279,53.099088297743286,3545900
2018-01-12,52.64847183227539,52.99511701360059,52.43354822307149,52.80099655836019,4350900
2018-01-16,52.183937072753906,52.925757176816795,51.99675109613636,52.76630343550982,9056800
2018-01-17,52.3433952331543,52.51671773392633,52.00368461266834,52.3433952331543,4976800
2018-01-18,51.92049789428711,52.41966763882002,51.52532272809588,52.35726877606142,6801100
2018-01-19,51.989864349365234,52.10772777977032,51.60162327806723,52.02453099761165,6529900
2018-01-22,51.92049789428711,52.39886978102848,51.83730117373697,52.00369461483725,4394000
2018-01-23,52.4890022277832,52.71085488790248,51.94130231606084,51.99676680343682,5204200
2018-01-24,52.385013580322266,52.69006300611887,52.211691004644244,52.46127593677142,5278100
2018-01-25,53.16843795776367,53.23083154956489,52.37808739196833,52.41274873539605,3915500
2018-01-26,52.3433952331543,53.21694211807257,52.07301255510056,53.064417471091915,5245200
2018-01-29,52.05916213989258,52.669260942828814,51.733320166688245,52.41967603060669,4829500
2018-01-30,52.218631744384766,52.63460491876431,51.78878980020724,51.80265857000523,4798300
2018-01-31,52.9951057434082,53.106029427362145,52.093826347878775,52.43353707230497,7018400
2018-02-01,52.62071990966797,53.099086484266955,52.12848457094511,53.00896067499671,4069500
2018-02-02,52.46820831298828,53.1892308349432,52.16315889886522,52.405809437651726,3528900
2018-02-05,51.781856536865234,53.14070495147294,51.719457656568444,52.447414620180105,4693400
2018-02-06,51.37975311279297,51.608540219347,50.47154436114567,51.44214671127892,6910200
2018-02-07,51.137088775634766,51.89277258639283,50.88750387002658,51.28961347232695,4913900
2018-02-08,50.825111389160156,51.61546192649508,50.665657578486375,50.887510268099945,4101300
2018-02-09,51.566917419433594,52.031425821548986,50.644845576224654,50.90135953640398,4629100
2018-02-12,52.17701721191406,52.39886984426488,51.033087427542945,51.58078727071176,4418600
2018-02-13,52.04530334472656,52.34341838951378,51.42134100803411,52.00370761874217,3395200
2018-02-14,51.5391960144043,51.94130563953223,51.33121210751346,51.809584085316864,2885800
2018-02-15,52.287940979003906,52.287940979003906,51.4351970706585,51.636251845560295,3122400
2018-02-16,52.551387786865234,52.690043680798226,52.00368801387831,52.2116718547778,3529500
2018-02-20,51.82344436645508,52.55833031302847,51.57385946207455,52.35034641896781,4264800
2018-02-21,50.98456954956055,52.19782758057714,50.963771686759046,51.767985688266855,3822600
2018-02-22,51.012290954589844,51.53918766486204,50.85976627394848,51.16481563523121,2449100
2018-02-23,52.357276916503906,52.39887792793904,50.96376733396974,51.06082754501039,2055800
2018-02-26,52.683109283447266,52.8009726115765,52.27407069389961,52.447393205955386,2970600
2018-02-27,51.483741760253906,52.85645366155472,51.47680737587568,52.64846973467742,4134600
2018-02-28,51.352020263671875,52.18396663678335,51.324288012650015,51.71946333328587,4717800
2018-03-01,50.731449127197266,51.902443307392936,50.542128861114094,51.37654714087114,4832600
2018-03-02,50.83662033081055,51.29239799681818,50.42291798838414,50.74546693748562,3535800
2018-03-05,51.67805480957031,51.81829697989949,50.64028949759336,50.92076848855992,3391900
2018-03-06,51.131134033203125,51.6850786809333,51.004918729293806,51.59392526410158,2554000
2018-03-07,51.1100959777832,51.271373159104705,50.710415097638894,50.997907575305575,2368300
2018-03-08,51.068031311035156,51.222295061479585,50.75249036248252,50.836635685368506,4543900
2018-03-09,51.096065521240234,51.20124045843909,50.78052466056884,51.11710050868001,4149900
2018-03-12,51.16619110107422,51.40459479173006,51.00491392527757,51.10308078021731,4782900
2018-03-13,51.18722152709961,51.37654177340391,51.03295781175217,51.3274583503108,4093200
2018-03-14,51.551841735839844,51.635987041636,51.02594561142094,51.29240307159608,3367500
2018-03-15,49.95311737060547,52.13383368405379,49.7217271462729,51.59391602768859,8084700
2018-03-16,49.51136016845703,49.75677725330095,49.04156098465707,49.61654044758763,12427600
2018-03-19,48.48762130737305,49.406184780013106,48.137023908693116,49.17478921295833,8224400
2018-03-20,47.996795654296875,48.63488567273693,47.83552379997669,48.270261276573095,5464800
2018-03-21,47.42882537841797,48.31233250193894,47.407790386140086,47.99679156869217,6006100
2018-03-22,47.59010314941406,48.151055899209624,47.20444378730412,47.379742524682655,6912500
2018-03-23,47.1904182434082,48.38946086351106,47.09925948389242,47.562050679208845,4956600
2018-03-26,47.751373291015625,47.814483616064145,47.25352553655764,47.34467895085804,3149400
2018-03-27,48.53670883178711,49.118701846715034,47.63918027125317,47.77240365622192,4286400
2018-03-28,47.53399658203125,47.98276083028608,46.9730385968668,46.98005204284661,12337300
2018-03-29,47.28158187866211,47.76540816936616,47.09926966989493,47.67424939013576,9174500
2018-04-02,47.04317092895508,47.723330948595155,46.75568375500952,47.42181687853904,6679600
2018-04-03,47.21144485473633,47.41479197873607,46.90993089152175,47.10626456995143,6092700
2018-04-04,46.94499206542969,47.35869979993767,46.59439464791433,47.1413311129796,4291300
2018-04-05,47.21846008300781,47.463882567807715,46.538305551336016,46.94499451107474,4751200
2018-04-06,46.433135986328125,47.36572666505074,46.34899065639669,47.20444945343887,5215800
2018-04-09,46.538299560546875,47.02212032185125,46.31391744451962,46.41909238196081,4602000
2018-04-10,45.928260803222656,46.643477167209916,45.82308051007078,46.54531032018601,5273800
2018-04-11,45.49352264404297,46.0124107156389,45.409382680848736,45.85814698352619,4882800
2018-04-12,44.92556381225586,45.668828806578716,44.81337271831015,45.612737271875865,4657900
2018-04-13,44.834407806396484,45.227077973451884,44.79233781785794,44.9255639063078,5483400
2018-04-16,45.388343811035156,45.5075456485013,44.820372359552195,44.932566100479406,5019300
2018-04-17,46.06149673461914,46.35599732174693,45.36730990107005,45.52858708908352,4728300
2018-04-18,46.32794189453125,46.83280302470829,46.159656634369554,46.19471316582009,4606200
2018-04-19,46.32093048095703,46.84682662301946,46.01240838207111,46.12459677720448,5002400
2018-04-20,45.809059143066406,46.40507367362196,45.64778197965653,46.40507367362196,4399300
2018-04-23,45.50053405761719,45.93527679689932,45.402367205149005,45.75296463530459,3636300
2018-04-24,45.423397064208984,45.661806071625264,45.02371625296524,45.57064732627861,4819300
2018-04-25,45.43742752075195,45.668817750907124,45.086830102689646,45.33224722539485,3424400
2018-04-26,45.57767105102539,45.710899801383945,44.97464297529794,45.40938576352022,4622500
2018-04-27,46.52428436279297,46.734644989931944,45.5706587925641,45.59870723282883,5518900
2018-04-30,46.67152786254883,46.839818479619694,46.51025604163782,46.650492872838015,3664300
2018-05-01,46.468177795410156,46.76268368195,46.33495441904094,46.671524932669534,3849800
2018-05-02,46.41208267211914,46.69956974061483,46.201722105168,46.53128449686878,2597000
2018-05-03,45.94929122924805,46.34897202378417,45.57765886674674,46.34897202378417,2957500
2018-05-04,45.977352142333984,46.580380220552456,45.907233718058244,46.12460243822088,2396500
2018-05-07,45.633766174316406,46.1877107969711,45.570655850372134,45.99137172779431,2707700
2018-05-08,44.273441314697266,45.584677577912935,44.17527446608134,45.584677577912935,3440600
2018-05-09,43.94389343261719,44.41369551701267,43.69146545612883,44.385647072453885,3636600
2018-05-10,44.91854476928711,44.97464164669595,44.098147998530386,44.15424487593923,3682600
2018-05-11,45.36730194091797,45.43041225548217,44.88348116115434,44.92555113773592,2935700
2018-05-14,45.03774642944336,45.50053223689017,44.848420828907656,45.444435366383885,4293700
2018-05-15,45.2410888671875,45.26913730283999,44.73623039967306,44.95360176371072,4600700
2018-05-16,44.71519470214844,45.28316347830839,44.42069148215387,45.135913205734106,4408000
2018-05-17,44.65209197998047,44.85543914537539,44.511852463334094,44.799342268778325,2781100
2018-05-18,44.378623962402344,44.85543668797004,44.112169162856596,44.75726983414955,4195300
2018-05-21,44.68013381958008,44.76427644720256,44.33654718828224,44.455751696022844,3566000
2018-05-22,44.750267028808594,45.15696143402653,44.574968269631235,44.68014859507637,3357100
2018-05-23,44.81336975097656,45.03775459885694,44.61703601828354,44.75727554514134,5109400
2018-05-24,44.8764762878418,44.95360815943695,44.61703490825971,44.806357863580615,4346900
2018-05-25,44.995670318603516,45.22005244703144,44.918538460422795,44.98866222218121,2991200
2018-05-29,45.11487579345703,45.339263289677994,44.77830524851029,44.94659052098366,4846400
2018-05-30,45.2410888671875,45.36029605613358,44.834397249610696,45.220053877871166,4618200
2018-05-31,45.5998420715332,45.77033380340976,44.868140033318205,45.045737168141336,4432700
2018-06-01,45.010223388671875,45.720612008543796,44.797107344693806,45.55012025732835,3405200
2018-06-04,44.498748779296875,45.36542388082115,44.44902178592265,45.10968350922921,2799400
2018-06-05,44.591087341308594,44.72606018337524,44.314036254482936,44.47031988479244,3495900
2018-06-06,43.86650085449219,44.662135414857424,43.71021447820129,44.647927316111186,4396500
2018-06-07,44.32114791870117,44.88945830285693,43.87360230558953,43.89491580806377,4229800
2018-06-08,44.47032165527344,44.64081609775551,44.278519133617294,44.40638657808231,3168500
2018-06-11,44.903648376464844,45.08835087087274,44.5200380049253,44.61238925212924,5354800
2018-06-12,46.097110748291016,46.210775513305094,44.7899957597178,44.84682814222484,7543100
2018-06-13,45.685089111328125,46.2818183533768,45.514597364957744,46.04028341117011,5017300
2018-06-14,46.54466247558594,46.65122185822589,45.60694966405802,45.77744684421607,5608500
2018-06-15,47.10585403442383,47.14848102478356,46.1823523474097,46.466508797196155,9724700
2018-06-18,46.885643005371094,47.26214805930133,46.80749983344206,47.233731867705835,5133300
2018-06-19,47.553409576416016,47.58182576778333,46.88564262886998,46.914058820237294,6769100
2018-06-20,47.19111251831055,47.66707155537978,47.04193157026652,47.59603378295424,5238600
2018-06-21,47.31187438964844,47.60313628462509,47.120071873806815,47.18400423914259,3989900
2018-06-22,47.553409576416016,47.645758133484044,47.290563871144116,47.446850213747176,3356200
2018-06-25,48.22116470336914,48.29220788227449,47.63864640724708,47.65285721096159,3538700
2018-06-26,47.97964859008789,48.33484290412186,47.81625682090482,48.0933079522645,3700600
2018-06-27,48.327728271484375,48.4627038193892,47.75942072945676,47.90860166248279,2873700
2018-06-28,48.64029312133789,48.839201000055716,48.30640971641874,48.4200744584479,3679500
2018-06-29,48.434295654296875,48.66872519639456,48.1075175440251,48.58347661204041,3106700
2018-07-02,48.6260986328125,48.7397634129764,47.986753213813145,48.46981768983967,2628700
2018-07-03,49.237030029296875,49.357800205214666,48.44139829996363,48.59057924921361,2246600
2018-07-05,49.54249572753906,49.54960113055947,49.00970431753305,49.364898590870396,3496700
2018-07-06,49.741397857666016,49.79112483334577,49.42883061903632,49.52828457039584,2583600
2018-07-09,48.36326217651367,49.798244911777566,48.19987039693555,49.74851792144257,3252300
2018-07-10,49.07363510131836,49.26543759681953,47.809144535877486,48.22827111707776,3590200
2018-07-11,49.41461181640625,49.528276553753,49.03810685865286,49.094939227326236,3603000
2018-07-12,49.76980972290039,49.847952880727675,49.400410138489654,49.52117486610149,4705000
2018-07-13,49.72008514404297,50.19604951548502,49.41461789961016,49.8550606813002,2574800
2018-07-16,49.64195251464844,49.76272269352803,49.37200680269509,49.72009569281502,2744900
2018-07-17,49.99714660644531,50.12501676839877,49.55670915292157,49.727200895581255,3020100
2018-07-18,49.69166946411133,49.97582592553079,49.428829208661135,49.83375040473791,1979100
2018-07-19,51.147972106933594,51.432128591494504,50.799883258759415,51.10535053119141,6345200
2018-07-20,50.6293830871582,51.21190140673283,50.50861834989081,50.94195574345858,4128300
2018-07-23,50.43048095703125,50.79278063012846,50.09659747592542,50.7217428600672,2911300
2018-07-24,50.37364959716797,50.515725124892676,49.64194491186723,50.139220098571634,3273400
2018-07-25,50.45889663696289,50.79278011468044,50.068186195673675,50.38785886762252,2272600
2018-07-26,50.79278564453125,50.856718017947635,50.42338595184387,50.76436944973453,3292900
2018-07-27,50.622291564941406,50.94906966030637,50.316824259734084,50.82830490285655,2588000
2018-07-30,50.57256317138672,50.7430549077295,50.167641910175995,50.56545776825402,2908400
2018-07-31,50.94196319580078,50.97748479188006,50.27419621231955,50.69332828274967,4510800
2018-08-01,49.95452117919922,50.579661134038275,49.50697835674068,50.4091694045066,4736100
2018-08-02,50.53704833984375,50.586775328759366,49.78403810202579,49.88349207985702,2893700
2018-08-03,51.23321533203125,51.417912420863544,50.34522979783666,50.51572150284861,2555100
2018-08-06,50.97037124633789,51.49605718135991,50.79277413398131,51.19058993131325,2425700
2018-08-07,50.48731994628906,50.77858188743093,50.12502022579204,50.77858188743093,2988100
2018-08-08,50.238670349121094,50.5583429728573,49.99713546599058,50.444683643021555,2774000
2018-08-09,50.45889663696289,50.529934406303255,50.06108079278932,50.238677926057434,1484300
2018-08-10,50.21736145019531,50.98457685995339,50.14631826906609,50.70042581477162,2573900
2018-08-13,49.59933090209961,50.15343313250176,49.535398530823116,50.15343313250176,5385500
2018-08-14,49.48566436767578,49.712988465627895,49.37199960878272,49.64905068379205,4524300
2018-08-15,49.904781341552734,50.35232404870722,49.585108753561386,49.62062491898655,4535900
2018-08-16,50.529937744140625,50.572564744428156,49.684579019430245,49.91190314823632,2838300
2018-08-17,50.97037124633789,51.17638454705157,50.572555449005954,50.62938240588641,2850600
2018-08-20,50.9916877746582,51.219011887279514,50.84961223670777,51.091141735190384,2071900
2018-08-21,50.878013610839844,51.14085382148348,50.693311129428494,51.00588372568881,1956800
2018-08-22,50.64358901977539,50.89932927399583,50.41626495156091,50.87091308798986,2088600
2018-08-23,50.48731994628906,50.75726567577274,50.37366058328784,50.537046933821195,1602900
2018-08-24,50.8922233581543,50.913534142485055,50.38784825627108,50.629377705130686,1423300
2018-08-27,50.61518096923828,50.96326981905211,50.33102448333888,50.920648243109156,1517500
2018-08-28,50.33103561401367,50.64360835961168,50.2457924432763,50.6151921627541,1820900
2018-08-29,50.55124282836914,50.63648597051352,50.238670187616925,50.52282664104316,2693900
2018-08-30,50.42338180541992,50.89223543142348,50.231573861273596,50.61518432973171,2994500
2018-08-31,50.274192810058594,50.757257216938925,50.032663316535555,50.33102519200552,2687800
2018-09-04,50.600975036621094,50.68621818758509,50.25998617326276,50.27419155847872,1995300
2018-09-05,51.4676513671875,51.51737835187732,50.55835483581097,50.59387643337577,3156000
2018-09-06,51.92399978637695,52.13960336278367,51.17658100000085,51.27000629216285,2972800
2018-09-07,51.356258392333984,51.70122308228213,51.0472294661611,51.54311449451538,2142500
2018-09-10,51.9455680847168,52.010251362102856,51.514366339911135,51.56467311875467,2017900
2018-09-11,51.45686340332031,52.1180396759404,51.44967515515381,51.91681259149314,3059700
2018-09-12,51.435306549072266,51.92400326975576,51.29157447717651,51.41374728659061,2033100
2018-09-13,51.87370300292969,51.931198032110565,51.284392661395174,51.49280802990501,2694800
2018-09-14,51.643714904785156,51.83057095939236,51.15501825021532,51.71558093101059,2280800
2018-09-17,51.73713302612305,51.85931128511626,51.29874319892098,51.607772003620376,2393700
2018-09-18,51.68684005737305,51.95275041986291,51.413746929457254,51.83057761129745,2379200
2018-09-19,50.752567291259766,52.06773155421878,50.580082237899006,52.06773155421878,2964000
2018-09-20,50.53697204589844,50.644773851260815,49.75362286078511,50.63039735293112,5144200
2018-09-21,50.9178581237793,51.07596667965897,50.34292440052107,50.63038852063687,5587200
2018-09-24,50.36449432373047,50.99692319811197,50.32855855959483,50.817255343489386,3196700
2018-09-25,49.98359680175781,50.52978310419361,49.89735426204439,50.45072881354652,3672000
2018-09-26,49.45895767211914,50.31417825683613,49.387091640140596,50.13451043537638,2960500
2018-09-27,49.688941955566406,49.94047585806372,49.272111212554954,49.4733383345528,4478400
2018-09-28,50.50822448730469,50.51541273646314,49.688939540124025,49.72487530288869,3095800
2018-10-01,50.37886047363281,50.59446407156656,50.16326235872632,50.3932369711096,1725100
2018-10-02,50.93942642211914,51.01848071408473,50.47229440253945,50.55853146066365,1905100
2018-10-03,50.51542282104492,51.12629252880139,50.084220996924394,50.917877125820254,3053900
2018-10-04,50.802879333496094,50.96098790730562,50.01233646444846,50.42916716212317,2421300
2018-10-05,51.63653564453125,51.85213924375944,50.73100820401107,50.8172507403078,3557700
2018-10-08,52.455814361572266,52.96607030433166,51.68683632346632,51.780267097524415,3755300
2018-10-09,52.721736907958984,53.095443641610515,52.47020300232546,52.76485543948818,3694300
2018-10-10,52.613929748535156,53.21761654372603,52.43426190805401,52.76485007657603,3663000
2018-10-11,51.58622741699219,52.822342987312965,51.449678109122964,52.81515473873376,3424000
2018-10-12,51.29157257080078,51.74433351516883,50.8747419015577,51.49279965718658,3111700
2018-10-15,51.46404266357422,51.67245795978939,51.040023824232776,51.24843912044795,3378200
2018-10-16,51.9599494934082,52.1971069114944,51.385010123984515,51.39938114085742,2163500
2018-10-17,51.9599494934082,52.146800127896945,51.52155945790398,51.844959426312194,2153400
2018-10-18,51.909629821777344,52.31208399063638,51.71558550248686,51.97430760618962,2239100
2018-10-19,52.82234191894531,53.17448932982404,51.86650774924743,51.86650774924743,4303900
2018-10-22,52.65705871582031,53.10982527273881,52.369594500477795,53.02358271831899,3175400
2018-10-23,52.39833450317383,53.174495449514396,52.31209196112369,52.79360048409138,3225500
2018-10-24,53.31822967529297,53.64881784120802,52.37676647013742,52.61392933362886,3834500
2018-10-25,52.26896286010742,53.26072721947311,52.09647781089261,53.22479146346339,2758100
2018-10-26,51.50718307495117,52.87984821812851,51.03286275467363,52.52769524911854,3841200
2018-10-29,51.88808059692383,52.31209963710389,51.51437382592629,51.63654666615352,3443000
2018-10-30,52.34800720214844,52.419878708055855,51.543098973035804,52.118032639112535,3824400
2018-10-31,51.3275146484375,52.18273544525788,51.2484603487468,52.02462684587648,3774800
2018-11-01,50.54415512084961,52.06055204077128,50.29262125610533,51.607785601204554,5079500
2018-11-02,50.227943420410156,50.77413521653756,49.37272270472711,50.59446736756398,4719200
2018-11-05,50.47228240966797,50.831618021209586,50.09138205569175,50.306985615827244,3363200
2018-11-06,50.78850555419922,50.87474809444565,50.314185290412695,50.558530929902936,2464300
2018-11-07,51.15503692626953,51.21253196145113,50.616033308255886,50.94662153600752,2829600
2018-11-08,51.183773040771484,51.471242669606546,50.536967746649374,51.22689156603725,2045600
2018-11-09,51.92399978637695,52.060549083636324,51.104714968874184,51.21251675707754,2682900
2018-11-12,52.772037506103516,53.37571880889426,51.98868288259387,51.98868288259387,4031700
2018-11-13,53.19606399536133,53.30386582097521,52.42708568109092,52.764862175934404,2821900
2018-11-14,52.93014907836914,53.648820469839116,52.649867674338054,52.98045585645093,4401100
2018-11-15,52.78640365600586,52.887017197198844,52.053361358310255,52.5995530698056,4769600
2018-11-16,52.901390075683594,53.418834242448455,52.64266799230116,53.26072569337848,3683300
2018-11-19,53.483524322509766,53.49790082101881,52.71454614310571,52.82953619906742,3159500
2018-11-20,53.656009674072266,54.072834921443324,53.11700612087558,53.69912820375914,4930500
2018-11-21,52.714561462402344,53.555405929625145,52.628324378397494,53.54103490996742,2795200
2018-11-23,52.53486251831055,52.79358458351035,52.29769971137306,52.7217185616273,1316500
2018-11-26,53.17449951171875,53.203247027931596,52.470204555102335,52.50613483809733,3143000
2018-11-27,53.26073455810547,53.404466635895666,52.75766680281249,53.05950745598828,4646700
2018-11-28,52.692970275878906,53.23916190354777,52.32644644176978,53.10980087286372,3555700
2018-11-29,53.002017974853516,53.181685832395395,52.55643971425963,53.14575006767587,3841200
2018-11-30,53.541011810302734,53.56257107200245,52.87264728247721,53.030755845644286,5397600
2018-12-03,53.993770599365234,54.051265616953565,52.92295194115936,53.26791656366264,4425400
2018-12-04,54.13031768798828,54.9424142169567,53.92190236999962,54.16625344327222,5453000
2018-12-06,54.34471893310547,54.43192828909179,53.31276650415969,54.32291798023254,5493500
2018-12-07,54.94790267944336,55.492948661150976,54.12670206302188,54.48279721861242,5232800
2018-12-10,55.42754364013672,55.478414379751705,53.66886316259586,55.049647509353186,5784400
2018-12-11,55.41300964355469,55.68190099784311,55.202257859571,55.36940773807344,3991700
2018-12-12,54.69355010986328,55.71823369318825,54.64267937231516,55.51475074299575,5076300
2018-12-13,55.26765823364258,55.5438128357316,54.8170849459769,54.8170849459769,4938400
2018-12-14,55.899898529052734,56.09611813113628,54.90428503634471,55.333051757687585,9081600
2018-12-17,53.77786636352539,56.05979160079654,53.5235126990832,55.95078130332301,8619700
2018-12-18,53.47990417480469,54.76621567896041,53.37089942402364,54.21390091552937,5676100
2018-12-19,53.8577995300293,54.170292716418146,53.41449511341968,53.95227215121912,7216000
2018-12-20,54.37378692626953,54.984241309063975,53.61072033390009,54.11216441142827,8028100
2018-12-21,54.42466735839844,55.8853924024039,54.170313630461024,54.904310569219355,9307300
2018-12-24,51.68489074707031,54.85342486546938,51.459601325621726,54.43192134868833,3515200
2018-12-26,52.54243850708008,52.54243850708008,50.98724097471901,51.81571048094893,4576100
2018-12-27,53.232818603515625,53.232818603515625,51.87383543632276,52.54242931724027,9444000
2018-12-28,53.240089416503906,53.79966748000207,53.00753670194058,53.341830882594486,4643500
2018-12-31,51.93198013305664,53.487177547159654,51.66308878781662,53.28369460243506,11807900
2019-01-02,51.72850036621094,51.94652098866364,51.0381109692686,51.88838141674362,6378000
2019-01-03,51.48140335083008,52.01191717364993,51.0744374886082,51.699423945302684,6264700
2019-01-04,52.47703170776367,52.64418159846754,51.33606889359593,51.35786984792796,4567300
2019-01-07,51.96830749511719,52.6078259749707,51.63401336625104,52.24446206822578,5009200
2019-01-08,52.57149887084961,52.60783748727346,51.728497305861744,51.968318867472505,5453500
2019-01-09,52.48429870605469,52.86946367110993,52.113665861881145,52.51336849231289,3986300
2019-01-10,52.251731872558594,52.97845969959142,51.35059091949602,52.57148834619759,7266500
2019-01-11,50.76194381713867,51.92470737368955,50.44945059151931,51.728493275972276,5615400
2019-01-14,49.39569854736328,50.413118763579185,49.2140165639138,50.40584993178285,7249500
2019-01-15,50.05702209472656,50.10789283238859,48.98873660382391,49.06867158201176,5780900
2019-01-16,50.12242126464844,50.166023161900306,49.50470369410826,49.91893835148166,5575000
2019-01-17,50.10062789916992,50.32591179506124,49.809935603007155,49.9698166431214,4184300
2019-01-18,49.977081298828125,50.28957455547071,49.63552380181862,50.24597265042578,4149700
2019-01-22,49.84626770019531,50.12969670317125,49.439301820220486,49.91894493118592,5481900
2019-01-23,50.45671463012695,50.493053240267955,49.83899706918415,49.85352918654448,5005600
2019-01-24,50.23870849609375,50.66021209909174,49.773602983990806,50.558470614850165,4967200
2019-01-25,50.26050567626953,50.52939145855561,50.01341529999976,50.01341529999976,5621600
2019-01-28,49.6863899230957,50.31137637831659,49.62098152711053,50.12969439818247,7980300
2019-01-29,49.9189338684082,50.10787910252671,49.03232507395363,49.99887436918644,6100500
2019-01-30,50.4639892578125,50.66020335942987,49.780863229044435,49.780863229044435,5566000
2019-01-31,51.04537582397461,51.30699836114918,50.17330439638933,50.46399672041606,8457000
2019-02-01,51.57587432861328,51.85929773516207,50.885479572166446,51.17617180938126,5090100
2019-02-04,51.92470932006836,52.113660137745,51.241588823766065,51.49594249496874,6226500
2019-02-05,52.273536682128906,52.324407411999715,51.626749311845636,51.822963400063394,4041200
2019-02-06,52.17180252075195,52.30261377936102,51.79390086499489,52.164533688469646,2893800
2019-02-07,52.81132125854492,52.81132125854492,51.88111032628595,52.18633474884071,3397700
2019-02-08,53.08747863769531,53.10201075702816,52.57876574913802,52.7677165674304,4160900
2019-02-11,52.913055419921875,53.31275797361812,52.68777155028967,52.956662863184754,3481000
2019-02-12,53.19648742675781,53.47991090343562,52.615108352967646,53.01480542660564,3938600
2019-02-13,53.232818603515625,53.34909772871653,52.83311604125482,53.04386779731107,7234100
2019-02-14,52.97846603393555,53.55258175127454,52.91305763854555,53.24008852650759,3642100
2019-02-15,53.240089416503906,53.46537329934817,53.05840743498587,53.22555175306579,4662400
2019-02-19,53.44356155395508,53.54530299949554,53.058396718052926,53.24734194863209,6081000
2019-02-20,53.44356155395508,53.61797466852545,53.21827771661449,53.41449177744453,5685700
2019-02-21,54.02496337890625,54.09764062327336,53.27643433568554,53.30550412453333,3966400
2019-02-22,54.54093933105469,54.54093933105469,53.82874344216334,54.17030649374926,3219100
2019-02-25,54.59181594848633,54.679019770540435,54.024963382658136,54.58454711515005,3751100
2019-02-26,53.69792556762695,54.5845345171854,53.28369087498831,54.50459400242233,4357300
2019-02-27,54.017696380615234,54.068567121481685,53.567123001158876,53.58892395517379,3596900
2019-02-28,54.516563415527344,54.68580343730936,53.93527415638245,54.10450856433816,6208800
2019-03-01,55.03163146972656,55.09785215751631,54.28109665848868,54.54599063729903,3917700
2019-03-04,55.38483428955078,55.38483428955078,54.546005006944675,55.127299968369464,4604200
2019-03-05,55.517276763916016,55.89254423764061,55.27446191746053,55.38482975047361,6087400
2019-03-06,55.79688262939453,55.99555031553109,55.370108353900065,55.59820932943203,4963000
2019-03-07,56.010284423828125,56.26781875614669,55.81161107187708,56.002924696096905,4242900
2019-03-08,55.72331619262695,56.17951825814239,55.28918208241204,56.09122398163094,3754500
2019-03-11,56.157447814941406,56.28253512284701,55.64237912719618,55.64237912719618,3727000
2019-03-12,56.164791107177734,56.414965649778935,55.95140396646295,56.289878378478335,4095200
2019-03-13,56.1427116394043,56.31194602070257,56.024978492566,56.1794990374222,4801400
2019-03-14,56.39289093017578,56.46647134626665,55.97347638324929,56.36345764097425,5120600
2019-03-15,56.687217712402344,56.819664705737495,56.098563161173736,56.245729605893814,13410800
2019-03-18,56.370826721191406,56.77552749758817,56.120646528375175,56.73137474954599,3797600
2019-03-19,55.32595443725586,56.45175095280194,55.18614773324091,56.414957942116345,5730500
2019-03-20,55.14200210571289,55.517263878513575,55.01690923428727,55.517263878513575,4656000
2019-03-21,55.26710891723633,55.54671681794519,55.11994804609006,55.26710891723633,4049400
2019-03-22,55.56877136230469,55.841025055924646,55.22294287212859,55.32595656942794,5324200
2019-03-25,55.877838134765625,55.95141857157129,55.33333055198323,55.71595780549667,3770600
2019-03-26,56.56949996948242,56.60629299414349,55.76746367908312,55.95877730243137,2658300
2019-03-27,56.54005432128906,56.598920902356355,56.14271893365025,56.451760063514286,4460700
2019-03-28,55.67915344238281,56.69458235054537,55.620286859394135,56.51798260157933,4236300
2019-03-29,56.40762710571289,56.488561657730614,55.34805083561276,55.56143803522057,5008300
2019-04-01,56.429683685302734,56.54005150201791,55.752729264436375,56.341383818104724,3488800
2019-04-02,56.63572311401367,56.6577966820411,55.944054708743316,56.510635819306884,3934700
2019-04-03,56.62834548950195,56.85644643879745,56.098557568973426,56.54740535643091,3358700
2019-04-04,56.584197998046875,56.74607826313228,56.13535021351924,56.73135881331074,2701600
2019-04-05,57.00362777709961,57.025701343923686,56.245738709063616,56.5915728928455,4478300
2019-04-08,56.41495895385742,56.87852619597838,56.21629128853798,56.85644702087591,3525700
2019-04-09,56.20893096923828,56.532691501414064,55.929323172975295,56.36345151036983,3272300
2019-04-10,55.79688262939453,56.56948542417664,55.5834954916473,56.2898775956592,4466000
2019-04-11,56.1427116394043,56.15006575071263,55.69386384127778,55.83366493586648,2169900
2019-04-12,56.24574279785156,56.289889934708995,55.642374267548945,56.032355613328704,2063000
2019-04-15,56.41495895385742,56.59891278293391,56.05441102073862,56.326664708748936,3362600
2019-04-16,55.27448272705078,56.65045462568537,55.20825638848351,56.27519262450984,3079300
2019-04-17,55.38483428955078,55.693881088795536,54.94334607983607,55.3480468801404,3023000
2019-04-18,55.12729263305664,55.67915422522537,55.10521906758212,55.384826919970095,3307700
2019-04-22,54.96540832519531,55.23030231922055,54.75202679862176,55.053708194479064,2351400
2019-04-23,55.517276763916016,55.62029048394603,54.891834716926155,55.00220816376594,2922900
2019-04-24,56.13535690307617,56.20157759368875,55.465762202033,55.583495359334364,2836500
2019-04-25,56.32667922973633,56.53270667320369,55.73802457940659,55.88518543507563,2215800
2019-04-26,56.50328826904297,56.8785558478643,56.40763424903404,56.51800211295654,1702300
2019-04-29,56.04705047607422,56.37081100693827,55.767442680944065,56.29723059914878,2598700
2019-04-30,57.29795837402344,57.32739166941277,56.069142150283746,56.13536846836652,3359900
2019-05-01,56.76078796386719,57.28321611796567,56.59890771057543,57.02568190310372,2878300
2019-05-02,56.6430778503418,56.94475927651319,56.26045065882372,56.86381912499308,2450300
2019-05-03,56.50328826904297,56.679882465147244,55.62030606086502,55.74539899635765,3126300
2019-05-06,55.546714782714844,56.50327725159931,55.48049407727357,56.50327725159931,3725900
2019-05-07,55.2155876159668,55.53934818444087,54.92126033679272,55.47312188005939,3684500
2019-05-08,54.31053924560547,55.33332232242295,54.26639211285344,55.18616147069841,3180300
2019-05-09,53.942630767822266,54.44298551622866,53.42756217997446,54.26639137379892,3652200
2019-05-10,54.862403869628906,54.8844774372157,53.76604030681134,53.905847053296995,2336000
2019-05-13,55.62765121459961,55.75273850348954,54.67844853677107,54.67844853677107,3522200
2019-05-14,54.884483337402344,55.642378126928214,54.79618905756335,55.53936439123102,2907600
2019-05-15,54.663726806640625,55.127288488231294,54.663726806640625,55.03163450709144,2870900
2019-05-16,55.42161560058594,55.480482179794926,54.50184635229301,54.61957951071097,2659500
2019-05-17,55.62765121459961,55.76745795737471,54.943342568436094,54.98013558932222,2474300
2019-05-20,55.95876693725586,56.216301220698405,55.59085921410185,55.7674533493444,2702500
2019-05-21,56.459110260009766,56.71664449142789,55.73800879821381,56.01761659034989,3505100
2019-05-22,56.90061569213867,57.06249600527224,56.34875405036168,56.45912750148246,2832300
2019-05-23,57.43040084838867,57.49662154740028,56.81967264853508,56.97419322672214,3302000
2019-05-24,57.18758773803711,57.621716235313215,57.15815444119727,57.50398866178121,2101800
2019-05-28,56.105934143066406,57.327390617080276,56.08386057538637,57.327390617080276,5757300
2019-05-29,55.34804153442383,56.40025789976102,55.27446110888257,56.304598294113426,3159000
2019-05-30,54.67844009399414,55.627642625258424,54.479772407834616,55.31124178150366,3663600
2019-05-31,55.31861114501953,55.40691102859972,54.60486919077035,54.788823071192226,3256300
2019-06-03,55.89254379272461,55.97348394550771,55.11994089864958,55.421622329528404,2833800
2019-06-04,55.89991760253906,56.03972437690037,54.80355382112086,55.83369127274705,2951400
2019-06-05,57.10664367675781,57.4745514413993,55.774819365180264,56.09122026732502,3738000
2019-06-06,56.85197830200195,57.179614317084976,56.61369911312993,57.04558191828047,5094200
2019-06-07,56.43498992919922,57.812541637800244,56.42754210691899,57.29130769866165,5142900
2019-06-10,56.15947723388672,56.405204239564206,55.8839703011791,56.34563302345624,3520100
2019-06-11,55.03510284423828,56.14458980956353,54.75959021804648,56.09990855494987,9242000
2019-06-12,55.906307220458984,56.10735297042751,55.21380746675263,55.25103521547522,11598100
2019-06-13,56.64347839355469,56.65092621516285,55.98821211762016,56.13713446364331,7525100
2019-06-14,57.082820892333984,57.20940548098991,56.50200998710034,56.70306144534167,3964100
2019-06-17,56.904117584228516,57.58172758987483,56.323312254260564,57.224305866265404,3638800
2019-06-18,56.91154861450195,57.27641237393639,56.412652458394305,57.27641237393639,3410100
2019-06-19,57.46256637573242,57.69340341233049,56.710501094337346,56.74028102064963,4075200
2019-06-20,57.64128875732422,58.14018497352423,57.157282506537456,57.70830212322068,3340500
2019-06-21,58.34121322631836,58.408232253106625,57.12003191239511,57.82742719904836,8070500
2019-06-24,58.98904037475586,59.17519614181529,58.184846097613566,58.41567743083985,5455600
2019-06-25,58.60184097290039,59.09329499003208,58.460366434260834,58.94437262903552,3563300
2019-06-26,56.933895111083984,58.53483629377776,56.91155732172485,58.482712891598176,4253500
2019-06-27,57.127479553222656,57.246616283437504,56.74027239772297,56.97855153917553,3452700
2019-06-28,57.574283599853516,57.7381016640422,57.08283508831341,57.13495850137109,6014400
2019-07-01,57.37321853637695,57.74553012796662,56.829641113005465,57.470017505021616,4652300
2019-07-02,57.61893081665039,57.976352388072,57.410437267080766,57.61893081665039,3407500
2019-07-03,58.162506103515625,58.616726612355556,57.708285594675694,57.86465575133852,2323500
2019-07-05,58.00614929199219,58.14018169725681,57.239188293376344,57.84233127655497,2535300
2019-07-08,58.199745178222656,58.46036213129592,57.83487576289658,58.162511750202114,3181700
2019-07-09,58.24443435668945,58.2816621123853,57.71575250519989,58.27421996986102,2554500
2019-07-10,58.17740249633789,58.49759066614696,57.968908931071255,58.27420713808567,3665300
2019-07-11,58.01359176635742,58.28165087114928,57.388105372446475,58.11039072972605,2750200
2019-07-12,57.708290100097656,58.14761500106523,57.46256311429033,58.10293943310877,3009700
2019-07-15,58.147613525390625,58.24441816153743,57.5221328657801,57.708288635572266,2695700
2019-07-16,57.693416595458984,58.19976067382478,57.38067048747936,58.035942636555696,2599000
2019-07-17,57.61149215698242,58.18484945293887,57.57425872901414,57.93168032202975,3254700
2019-07-18,57.64870834350586,57.69338958431246,56.94131880215087,57.55190940363252,3089500
2019-07-19,57.22429275512695,57.79765581023282,57.09026034961091,57.47746760155694,3115000
2019-07-22,56.78496551513672,57.28386168420316,56.42754388771619,57.246628252650844,2956500
2019-07-23,56.16691589355469,56.7402731322456,56.047773480774644,56.66581196476953,3175600
2019-07-24,55.98076629638672,56.38286346224547,55.764824910220526,56.338187893046786,3101900
2019-07-25,55.742488861083984,56.166923824756246,55.55633307559573,55.9584302539732,3417200
2019-07-26,55.95842742919922,56.107349777662755,55.55633027111956,55.64568708881174,3076500
2019-07-29,55.88396453857422,56.241380436318565,55.54888074328772,56.19670486935634,2818300
2019-07-30,55.86907958984375,56.2711768125417,55.429754614559016,55.772280615888896,4195300
2019-07-31,55.318050384521484,56.233933609588604,54.70001185250241,55.5116539798214,6681100
2019-08-01,56.52433395385742,57.00833435301945,55.39995164715583,55.55632179348822,5513800
2019-08-02,56.60625076293945,57.41044514826887,56.48711401012616,56.85197777196076,4318900
2019-08-05,55.60101318359375,56.85942821411687,55.34039619884688,56.770071384621865,4972400
2019-08-06,56.01055145263672,56.24883062148691,54.92340238969372,55.816947852626086,7842100
2019-08-07,55.42230224609375,55.93609404646138,55.020205056374365,55.854185044054255,4843300
2019-08-08,56.092472076416016,56.2339466340741,54.96064152900324,55.39252438738508,4467900
2019-08-09,55.72759246826172,56.405202245227755,55.56378015129254,56.12224750025519,4607100
2019-08-12,55.377620697021484,55.92119236593557,54.9904135127042,55.802055626854056,3925900
2019-08-13,56.12969207763672,56.1967111165536,55.265932161213904,55.325503377801375,3436400
2019-08-14,56.092472076416016,56.94878996982148,55.96588748444969,56.27118006984052,7296300
2019-08-15,57.37321853637695,57.59660208271633,55.936095565599885,56.03289453424455,4899000
2019-08-16,57.23173904418945,57.67851182359515,57.179615647942526,57.57426503110129,3594300
2019-08-19,57.924232482910156,58.14017386680992,57.04557698474235,57.18705719375131,3665600
2019-08-20,57.26896286010742,57.88699568868207,57.19449600852356,57.81998233948438,3206700
2019-08-21,57.32855224609375,57.61151276541516,57.17962984299602,57.3583378629184,3300300
2019-08-22,56.97854995727539,57.49234164968355,56.71049090147841,57.43277044571858,3569300
2019-08-23,56.546695709228516,57.522150422741184,56.23394960294337,57.21685214020746,3525200
2019-08-26,57.20195388793945,57.23173949760569,56.42009725701717,56.784966714660456,1731700
2019-08-27,57.44767761230469,57.7306323663703,57.194502785173285,57.47746322026273,3499700
2019-08-28,57.25406265258789,57.59658855467648,56.963660133838374,57.551912992106615,2133900
2019-08-29,57.90190124511719,57.931686854645854,57.28386262970152,57.64872640463553,3071700
2019-08-30,57.80509567260742,58.08060829558848,57.432784080969036,57.84232910418088,3623600
2019-09-03,58.676300048828125,58.72097561499444,57.715735609090366,57.79764460107737,3118400
2019-09-04,58.936927795410156,59.04117458959896,58.54227840583482,58.89224654002624,2718000
2019-09-05,58.332740783691406,58.837491259742,58.12180062938299,58.69435658228307,3943100
2019-09-06,57.5341682434082,58.641603827504284,57.45882756279924,58.49846917925856,3740300
2019-09-09,57.76018142700195,57.92592175210243,57.29310132646909,57.53417659542767,3848800
2019-09-10,58.016326904296875,58.069061939558125,57.52664114962085,57.5718409662197,3233300
2019-09-11,59.086082458496094,59.086082458496094,57.77523639377271,58.00877638150357,4484300
2019-09-12,59.16897201538086,59.57578763400407,58.70188613895685,59.34977704109513,3063900
2019-09-13,59.15388107299805,59.51549674677045,58.716936224617655,58.89020597112553,3669200
2019-09-16,59.13128662109375,59.30456213125824,58.70187120198409,59.168956959555885,2517600
2019-09-17,59.53810501098633,59.83945049017381,59.161424598923716,59.43263495542375,3281200
2019-09-18,60.31406784057617,60.653083671850545,59.7791823265429,59.80931745027977,4502700
2019-09-19,60.961944580078125,61.05234993045045,60.21611911948543,60.532529224259804,3032700
2019-09-20,60.90168762207031,61.20303310798061,60.51747773152958,61.20303310798061,8128700
2019-09-23,60.90922164916992,61.150296883648174,60.66814641469167,60.818822028544936,3247600
2019-09-24,60.90168762207031,61.346173507017596,60.72841784736067,60.93182274543005,4284000
2019-09-25,60.562679290771484,60.93935972210988,60.14079904693241,60.901689379901136,3663700
2019-09-26,60.84142303466797,61.059898367943426,60.404472368117034,60.796217475850476,2497400
2019-09-27,61.014686584472656,61.03728648773225,60.60787108274058,60.999621898195095,2793900
2019-09-30,61.0523567199707,61.31603183660551,60.811281506520814,61.04482150301358,2711100
2019-10-01,61.18798065185547,61.218115781239334,60.683230166974234,60.916770235088904,3095100
2019-10-02,60.24627685546875,61.15784292681115,60.12573634304926,61.01470250523501,3561500
2019-10-03,59.982582092285156,60.298992212585645,59.477826045878814,60.27639231080506,4008200
2019-10-04,61.54958724975586,61.594792815135044,60.06547100790921,60.11067082560049,4538100
2019-10-07,61.15784454345703,61.48932521368498,60.93183395054013,61.406455046127995,2731700
2019-10-08,60.811283111572266,61.187963501760215,60.60787248216627,61.067423018010494,2742700
2019-10-09,61.27835464477539,61.504365146715465,60.87154493758059,60.9770149724364,2764000
2019-10-10,61.6098518371582,61.655051650691185,60.60788048746955,61.120166115697124,3258100
2019-10-11,61.70025634765625,62.22007143906652,61.285905570449884,61.760526596647594,3088600
2019-10-14,61.203025817871094,61.918721980119834,61.07495586961238,61.84338130685104,3246500
2019-10-15,61.308509826660156,61.43658555177539,60.98456439995729,61.24824532108042,2383600
2019-10-16,61.62492370605469,61.69272342793031,61.03729737802843,61.24070803903031,2585200
2019-10-17,62.061866760253906,62.28787732163555,61.519451758775176,61.67012163457138,2369600
2019-10-18,61.896121978759766,62.107062069129505,61.564641409500815,61.820781305610815,3210300
2019-10-21,62.092002868652344,62.12967321204186,61.670122611589406,61.97899758617122,2087900
2019-10-22,62.39334487915039,62.70222558412464,62.02419967488966,62.21253988591676,2570700
2019-10-23,62.317996978759766,62.67207742145275,61.88104640064136,62.39333189795944,2685100
2019-10-24,62.317996978759766,62.62687187178422,62.18992704135172,62.310461762534025,2265700
2019-10-25,61.69268798828125,62.52891856382912,61.33107818396467,62.483718775210605,2697800
2019-10-28,61.27082824707031,61.75297864419973,61.090017537382195,61.413962874299095,2224900
2019-10-29,61.57970428466797,61.647509738970825,61.07495397645676,61.1050890952929,2544600
2019-10-30,61.632442474365234,61.98652295428604,61.331102765883834,61.624913005033754,2382500
2019-10-31,62.1899299621582,62.220059333104395,61.549568749671025,61.798179167623495,2424100
2019-11-01,62.73234558105469,63.07889657549771,62.20499536809573,62.71728089540711,3169600
2019-11-04,62.56661605834961,62.87549099419193,62.18993566244789,62.55908084107929,2936900
2019-11-05,61.285911560058594,62.43102341205926,61.2708468701821,62.348153248518905,3525800
2019-11-06,60.977027893066406,61.353708310992076,60.87908730588603,61.29343806467908,3984200
2019-11-07,60.50239944458008,61.022220196625774,60.22365964812709,60.73594518338893,3592400
2019-11-08,60.47979736328125,60.9996180966017,60.23118694754658,60.49486779630609,3361100
2019-11-11,59.982582092285156,60.442132587444206,59.90724142276837,60.32912733085514,2311600
2019-11-12,60.05792999267578,60.32914036802384,59.91478958688449,60.253805429913236,2170100
2019-11-13,60.90168762207031,61.04482802110729,60.20106755778295,60.28393196241338,1950400
2019-11-14,61.444114685058594,61.632454914718714,60.90169390400741,60.93182903047555,3297000
2019-11-15,61.85845184326172,61.896122179958645,61.316031181869846,61.40643654133063,2859500
2019-11-18,62.21253967285156,62.649490340382876,61.94132931008641,61.97146443346999,3707900
2019-11-19,62.092002868652344,62.28787830844046,61.579717236067026,62.02420314777613,2383300
2019-11-20,62.453609466552734,62.57414420188988,61.994058933476296,62.18993434454656,2722500
2019-11-21,62.54401397705078,62.64948978179643,62.235139023575414,62.521414071636364,2555400
2019-11-22,62.70975875854492,62.79262891610701,62.04680324573559,62.67962363327803,2383900
2019-11-25,62.70221710205078,63.22956732251425,62.50634169972734,62.94329230964641,2687700
2019-11-26,62.875511169433594,63.16932151269868,62.55156569510432,62.79264099592923,4119600
2019-11-27,62.58921432495117,63.056294325129585,62.53647930081211,62.890559783325784,2145800
2019-11-29,62.6118278503418,63.01864344550152,62.37075258073097,62.82276799279028,1872600
2019-12-02,61.775596618652344,62.49128720723234,61.76806139995602,62.43102270072516,3602900
2019-12-03,61.73038101196289,62.21253142681884,61.40643566313595,61.94132110000157,4842700
2019-12-04,61.96392822265625,62.14473321237304,61.48177775162014,61.55711268502822,4844400
2019-12-05,61.85576248168945,61.970037473137275,61.4062595359298,61.840521941120976,3606700
2019-12-06,61.71098709106445,62.08429884224631,61.619561313963025,61.6652771087944,3275600
2019-12-09,60.88818359375,61.80242409313075,60.773902804757114,61.695763573420685,4341700
2019-12-10,61.0177001953125,61.276737042479986,60.78914442581912,60.88818467801,3081500
2019-12-11,61.63481140136719,61.70337638539785,61.18530852666024,61.314829850766316,3455200
2019-12-12,61.47481918334961,61.84813098362292,61.22340262267974,61.55100443467203,3370800
2019-12-13,61.61956024169922,61.87097676493217,61.16244298926917,61.330054004757805,3413400
2019-12-16,62.198585510253906,62.198585510253906,61.45957639312983,61.749088475131686,3767000
2019-12-17,62.13762664794922,62.64807995098289,62.09953693507638,62.25190741168992,3863500
2019-12-18,62.05380630493164,62.58711447068685,61.37574796477177,62.35093273207766,4609800
2019-12-19,62.32046890258789,62.44998436965395,61.71859572835358,62.13000292894008,3947500
2019-12-20,62.71665573120117,62.76998598846374,61.970026316963086,62.69380073702608,7757300
2019-12-23,62.03859329223633,62.777602392060054,61.733846492687334,62.70141714531324,3486000
2019-12-24,61.98525619506836,62.08429642364897,61.50528396224694,62.08429642364897,1027700
2019-12-26,62.06143569946289,62.069055966360764,61.771929495509745,61.99287073506368,1481200
2019-12-27,62.47284698486328,62.488081707088874,61.90144899414807,62.05381946664775,1989300
2019-12-30,62.53380584716797,62.53380584716797,62.1757287951733,62.290009571085044,1845300
2019-12-31,63.09757614135742,63.128051398813476,62.51855787481433,62.678548617037876,2856600
2020-01-02,62.44237518310547,63.189004489814955,62.09953869472983,63.14328869548661,3004200
2020-01-03,62.29000473022461,62.891878011527695,62.267149739330776,62.32809444419391,2840700
2020-01-06,62.76996612548828,62.96805236659331,62.35855892283642,62.35855892283642,2164400
2020-01-07,62.63283920288086,62.8385457394271,62.44237320148082,62.60998421272262,2555100
2020-01-08,62.23667907714844,62.83855240290326,62.137633025878365,62.79283660517796,2591100
2020-01-09,62.411895751953125,62.518556243986524,62.0995345431584,62.11476926520851,2206500
2020-01-10,62.52618408203125,62.952826101823156,62.44999883743435,62.518563813803084,2420200
2020-01-13,62.51093673706055,62.785208212282726,62.42713124115597,62.53379172456899,1726600
2020-01-14,62.434757232666016,62.617608791643725,61.909074985149175,62.45761803695934,2872000
2020-01-15,63.22709655761719,63.22709655761718,62.57189300261087,62.59475380690675,2749400
2020-01-16,63.623260498046875,63.79848595263116,63.089952242107024,63.23470825355024,2657700
2020-01-17,64.03466033935547,64.06512977897931,63.11279994533369,63.79847858807054,3610800
2020-01-21,64.01944732666016,64.22515391418715,63.265203401707076,63.99659233083772,4520000
2020-01-22,63.76040267944336,64.31656016760631,63.7451621437735,64.19466494505384,2279400
2020-01-23,64.04991149902344,64.1032417508936,63.53946397218591,63.760405247808464,2270900
2020-01-24,63.99658966064453,64.25562068590773,63.59280258446233,64.02706492465707,2640800
2020-01-27,63.478515625,64.14895393039669,63.37947538601147,63.95848790826063,2226000
2020-01-28,64.39275360107422,64.46894466399488,63.56232449080967,63.57755921585659,2718800
2020-01-29,65.05557250976562,65.10890276219388,64.33180396787338,64.44607892838995,2973100
2020-01-30,65.885986328125,66.0459770343161,64.7050950710425,65.01745621763664,3380500
2020-01-31,65.32984161376953,65.98504515501749,64.93367486938212,65.79457914448172,3968300
2020-02-03,65.39840698242188,65.62696852146945,65.23841623011313,65.48221249256855,2030300
2020-02-04,64.4232177734375,65.55839931484202,64.40036278352054,65.51268352244708,3025800
2020-02-05,64.69750213623047,64.92606370594886,64.08801430458506,64.33181059975566,2604600
2020-02-06,64.96415710449219,65.28414448272983,64.58322500843249,64.8346415868469,1594300
2020-02-07,64.61366271972656,65.2383907616658,64.57557301979608,65.09364060183538,2276700
2020-02-10,64.4460678100586,64.75843481507805,64.15656160576005,64.6136788066485,2329800
2020-02-11,64.92605590820312,65.68791996568017,64.65178438250648,64.9489108999176,3759800
2020-02-12,65.35267639160156,65.65742307671367,64.64414281905373,64.75842355254072,3463800
2020-02-13,65.70315551757812,66.2136088600694,65.3298437522255,65.3298437522255,3571400
2020-02-14,66.63262939453125,66.74691016502211,65.67267905999405,65.8174350901199,2881300
2020-02-18,67.79065704345703,67.81351203201979,66.51833982537705,66.9602223127926,3419500
2020-02-19,66.9221420288086,67.95827770503418,66.78501206620655,67.7906724798888,2665800
2020-02-20,67.9963607788086,68.04969102534835,66.83070980975305,66.89166032367305,3034800
2020-02-21,68.09540557861328,68.3772973650078,67.73733436354303,67.84399486378716,3126400
2020-02-24,68.4154052734375,69.24583443456312,67.6916308192966,67.83638687263726,4665600
2020-02-25,66.88404083251953,68.67442005863107,66.70119510119844,68.41538909030628,3879900
2020-02-26,66.10694885253906,67.65353793887634,66.06885913308655,67.19641480494928,3902100
2020-02-27,62.60249328613281,66.02221803026441,62.53317740002075,65.79115332411838,4549200
2020-02-28,60.21484375,61.4625824540065,58.83617113526352,61.4625824540065,8245700
2020-03-02,64.83609771728516,64.9439263473006,60.42280410569466,60.59225077463881,5612300
2020-03-03,64.21991729736328,66.1916530477706,63.87332617536616,64.51259999046343,5624500
2020-03-04,68.57161712646484,68.59472242621112,64.87462226154277,64.87462226154277,4571600
2020-03-05,67.1390151977539,68.38675399903705,66.3688073669859,67.29306028963916,3880800
2020-03-06,66.77701568603516,67.0773962659289,64.33545830537304,65.39064513488393,4520400
2020-03-09,62.640987396240234,65.02092613100524,61.27001876733405,63.43430030782857,6171300
2020-03-10,64.0967025756836,64.78989086306336,60.892634881225966,63.981170215083644,4869600
2020-03-11,60.80790710449219,62.73342671991271,60.014593963134054,62.57938750116688,4258300
2020-03-12,54.923526763916016,59.298308133443314,53.760516996016015,57.380491992719605,6777600
2020-03-13,60.299583435058594,60.353497758588055,54.931232876425604,58.53580645642255,7362700
2020-03-16,52.87477111816406,59.30600561696795,52.28170777131137,54.900415688083754,6506700
2020-03-17,61.98634338378906,63.69620023419649,54.06090223612253,54.11481656190717,8190800
2020-03-18,61.816890716552734,62.11727134211637,56.59488183986769,57.904232983287635,6562700
2020-03-19,55.33943176269531,61.63202836357819,54.73867059166436,61.56271247902206,7855600
2020-03-20,51.773372650146484,55.48577425446047,51.10328970478097,55.47036680676772,9964200
2020-03-23,45.742645263671875,51.68865100374412,44.51031383790503,51.68865100374412,8042700
2020-03-24,50.579551696777344,51.91971768197737,47.76829460718702,48.38446034339107,6514400
2020-03-25,51.86580276489258,54.53842540662648,49.316416221048925,49.932584958059024,4987600
2020-03-26,55.79385757446289,56.61027600102624,51.61162878586891,51.84268761116183,4741300
2020-03-27,56.27910232543945,58.474194106229056,53.45244017480475,53.9915834626404,4217000
2020-03-30,59.15966796875,60.09161883914662,57.18793759014029,57.21874661183357,5701400
2020-03-31,55.601318359375,58.70525571271489,55.3779573303761,58.2739411056664,4531400
2020-04-01,53.86064529418945,54.546129939244594,52.250907529937464,53.18286437442163,4381200
2020-04-02,54.730979919433594,55.901699398348796,52.797762023693416,53.028820903532925,3533000
2020-04-03,53.56794738769531,55.023639457070495,52.85165399830289,54.268833332548596,3388500
2020-04-06,57.08010482788086,57.850312685899794,55.11607243944473,55.11607243944473,5060900
2020-04-07,56.564064025878906,58.72064239022587,56.34070305354589,58.250815151218355,4259300
2020-04-08,60.245662689208984,60.769404294614844,56.67189851451722,57.057002463309175,3891800
2020-04-09,62.84125518798828,63.64997577488989,60.561440674291894,60.561440674291894,5479200
2020-04-13,61.254634857177734,62.5100775259143,60.39970359699985,62.07875709544955,2740600
2020-04-14,63.17245864868164,63.287991025890356,61.87850895162979,62.848972693473875,3390800
2020-04-15,61.454917907714844,62.37146761955185,61.154537155742204,62.225126169433956,2972700
2020-04-16,60.130126953125,62.29440914342474,60.09931793380513,61.97862697878031,3623700
2020-04-17,62.77964782714844,63.11853530868354,60.761701005583205,61.43178399672074,2828400
2020-04-20,60.93115234375,62.62560750965717,60.77711310183859,62.30212157591096,3369200
2020-04-21,59.00563049316406,60.32268535960677,58.61282280015547,59.99919943652686,2962100
2020-04-22,60.64616775512695,61.23152739823784,59.78353867708973,60.137833602172144,2892700
2020-04-23,59.236690521240234,60.70778450771038,58.951711491885604,60.469021946712026,2532000
2020-04-24,60.01458740234375,60.322671682375194,58.974808098929174,59.83744290777343,2410900
2020-04-27,60.476715087890625,60.90803546040237,60.07620960936468,60.253359992467246,2412300
2020-04-28,61.05437088012695,62.21738632555857,60.74629245525067,61.35475733395412,2567700
2020-04-29,60.59225082397461,62.05564693051519,60.06850924509334,62.05564693051519,2737000
2020-04-30,59.40613555908203,60.19945466345595,58.88239393133681,60.07621857400053,3145000
2020-05-01,58.235416412353516,59.01332799158838,57.89652307561366,58.75915798903349,2679700
2020-05-04,58.381771087646484,58.66674429827337,57.41901104910496,58.20462065501763,2234400
2020-05-05,60.0300178527832,60.831034937340675,58.84389673966279,58.91321264421797,3862600
2020-05-06,59.8682746887207,60.646180593236004,59.652611497338064,60.03001767509184,5276300
2020-05-07,60.15324401855469,60.815623372988675,59.814356492166205,60.49984114655614,4363700
2020-05-08,60.38430404663086,60.76940801902491,59.74503004216387,60.63077035391424,3236100
2020-05-11,61.03128433227539,61.377881481051055,59.5601900101056,59.84516322827057,2791000
2020-05-12,60.80790710449219,61.70905475043583,60.73859121892242,61.06978082782353,4554600
2020-05-13,60.85414505004883,60.95426998995156,59.62181323646223,60.45363353799468,4172800
2020-05-14,61.331661224365234,61.90931722718896,59.10576056358212,60.49213732084736,4005900
2020-05-15,60.245662689208984,61.2161262855063,59.621796172556394,61.03897588352523,8694600
2020-05-18,61.50111389160156,61.96323756344694,61.06979924804205,61.60894255249144,3394200
2020-05-19,60.715484619140625,61.57041578011502,60.70007717186539,61.185311865305636,2743100
2020-05-20,60.65388870239258,61.547332931166544,60.3149952533788,60.96197312183952,2115200
2020-05-21,60.538330078125,60.95424298272191,60.237949515285955,60.43050145947606,2387200
2020-05-22,62.00944900512695,62.017146854406924,60.27648096936101,60.47673082261497,2977600
2020-05-26,62.24819564819336,63.726993249232386,61.9940256578281,63.087725225885485,4157600
2020-05-27,62.81814956665039,63.665382891850406,62.34832231402837,63.19555563922839,3575500
2020-05-28,64.46641540527344,64.99786087289819,63.48054998074515,63.665404155010286,3402500
2020-05-29,65.47537231445312,65.56009564978541,63.61146481336266,63.8656348193595,5577800
2020-06-01,66.15314483642578,66.74620810948146,64.77447222420446,65.32131903527231,3799900
2020-06-02,66.4150390625,66.50746026260514,65.5832130042293,66.50746026260514,3407600
2020-06-03,66.60757446289062,67.26994777802841,66.14544507266434,66.96186935283662,3229300
2020-06-04,66.15595245361328,66.4752107289029,65.12810596125692,66.21045923954149,3960700
2020-06-05,65.63423919677734,66.91126032684743,65.50964887150529,66.56864287314296,4573900
2020-06-08,67.2772445678711,67.50306010229555,64.7932796299965,65.29941748709997,3138600
2020-06-09,66.84895324707031,66.9579667918527,65.8600429648893,66.8100232329581,2526300
2020-06-10,67.74443054199219,67.97024602336066,66.90346377154266,66.90346377154266,4694000
2020-06-11,65.41619873046875,67.11370295103298,65.22931328066522,66.7788739461256,6670500
2020-06-12,64.74654388427734,66.86453155919916,64.14696343324805,66.73215287392198,5337100
2020-06-15,65.44735717773438,65.84447545775419,63.049046973974114,63.8977962548566,5261100
2020-06-16,66.12480926513672,67.26945778650303,65.76662094225925,66.82561508850328,4685200
2020-06-17,65.52521514892578,66.28830997634866,65.14366773521435,66.28052753785957,2527000
2020-06-18,65.82112121582031,65.9612823666183,65.0190902743405,65.08916787934254,3255700
2020-06-19,63.633033752441406,66.80222641133192,63.633033752441406,66.70100125848188,10713700
2020-06-22,64.82443237304688,65.57974502810085,63.57077020264088,63.95231775078341,3036300
2020-06-23,64.47400665283203,65.50185286018825,64.16253684498022,65.45512852749539,4537700
2020-06-24,64.30270385742188,64.56744935685546,63.6953409438573,63.95229806366254,5071200
2020-06-25,63.1814079284668,64.27154926655406,62.70641781644872,64.27154926655406,3180600
2020-06-26,62.04457092285156,63.617485387016224,61.740889387984154,63.15028348266595,4495800
2020-06-29,62.768733978271484,62.78430480024878,61.740887444733794,62.46505245296223,2346300
2020-06-30,63.21255111694336,63.43057818127508,62.651906699637834,62.714201843958875,3627600
2020-07-01,64.12361907958984,64.48959576206398,63.111349342936116,63.18142695066395,2989200
2020-07-02,64.38835906982422,65.01908118989395,64.24819793860948,64.51294344157448,1552500
2020-07-06,57.30244827270508,62.97896575005263,57.08442114448767,61.818746565870754,26851600
2020-07-07,57.79302215576172,58.12785126860571,55.67503390156662,55.87749023372203,12917200
2020-07-08,58.57168960571289,58.95323709731639,57.47375959375142,57.637279947295774,6569000
2020-07-09,57.44261932373047,58.143425171560175,56.88976302733001,58.10449514383307,6023500
2020-07-10,57.29465866088867,57.925380765820655,56.835239320402785,57.12334995564963,4969200
2020-07-13,57.37254333496094,57.8864636774012,57.02992581280418,57.32582492404679,5048300
2020-07-14,57.55941390991211,57.99547412643762,57.10778287245074,57.621709075243466,4871600
2020-07-15,58.75079345703125,59.04669258606761,57.551643938962094,58.127859491134906,5791900
2020-07-16,59.91878128051758,60.0900899945858,58.704055403733044,58.78192138082045,4807300
2020-07-17,61.18803787231445,61.5929446367331,59.98888246194328,60.0511776382523,4768700
2020-07-20,60.38600158691406,61.12573743432375,60.090102495314596,60.88435107289849,3298600
2020-07-21,60.89991760253906,61.42941463667377,60.30034296162482,60.50279334173951,3239700
2020-07-22,61.943336486816406,62.2392295959244,60.191325151195755,60.68967456695325,4793700
2020-07-23,62.75314712524414,63.25150246030089,61.88103865567994,62.02119979411609,4838400
2020-07-24,62.61300277709961,63.79658130836568,62.371610477479905,62.88553672106274,4312000
2020-07-27,62.465057373046875,63.23594084872049,61.974490300604266,62.72202051186968,2603800
2020-07-28,63.89780044555664,64.25598872948615,62.29373857822147,62.44947054834949,4532000
2020-07-29,64.05352020263672,64.38056081169306,63.5473825319778,63.936718287747404,2950000
2020-07-30,63.4773063659668,63.9055781232819,63.01010459303668,63.7965645742913,3604700
2020-07-31,63.09577560424805,63.999037752429885,62.20809021905938,63.539618296842384,4843100
2020-08-03,62.55070114135742,63.05683895114096,61.87325460142002,62.90110104154936,2355500
2020-08-04,62.97896957397461,63.259291881787064,62.332676530601375,62.379394934972105,3081600
2020-08-05,62.06793212890625,63.072419523095355,61.483928244433145,63.072419523095355,2905200
2020-08-06,62.00563430786133,62.200302261040235,61.476137237582904,61.79539553237767,2720300
2020-08-07,62.77651596069336,63.15027505799379,61.6552267872046,61.678585988186654,3476800
2020-08-10,62.387176513671875,63.01011028693908,62.208079415121595,62.86216670896457,3188900
2020-08-11,61.17245101928711,62.698646942388116,61.063437449122326,62.55070334904678,3951800
2020-08-12,61.966712951660156,62.69087807643771,61.2503362095219,61.35934980329097,3920300
2020-08-13,61.75645065307617,61.96669533901296,61.35154398284748,61.55400028835863,2657600
2020-08-14,61.39826965332031,61.88104830337871,61.219178467881804,61.740887143090426,2067200
2020-08-17,61.265892028808594,61.74867064068362,60.814260999066846,61.07901247680278,2749000
2020-08-18,60.87653732299805,61.522836085458046,60.565067538854144,61.265873067979925,3421000
2020-08-19,60.6896858215332,61.11016933295383,60.56509547409239,61.00893819045948,2561300
2020-08-20,60.50278854370117,60.96220793462312,60.354844960856475,60.43271094247899,2433500
2020-08-21,61.2347297668457,61.37489088244764,60.2458195195599,60.57286014236695,3813700
2020-08-24,61.59292221069336,61.63185816690863,60.81425061273063,61.2814523833497,2074000
2020-08-25,61.125728607177734,61.70973238367943,60.868765519726516,61.70973238367943,2535200
2020-08-26,60.798709869384766,61.13353905976692,60.417156320273065,60.806492311843215,2708500
2020-08-27,60.73638916015625,61.44498321860551,60.62737560359379,61.11015416893702,3339500
2020-08-28,60.75197982788086,60.86878180258534,60.23805945629447,60.7364090036247,2992400
2020-08-31,61.079010009765625,61.51506426043119,60.619590617848466,60.73639256093206,4476800
2020-09-01,60.59623336791992,61.00114005074381,60.323699452481364,60.4794314210766,3360600
2020-09-02,61.98227310180664,62.449474986185216,60.72861104856767,60.75975863296548,3845800
2020-09-03,62.2422981262207,62.84116229661105,61.74587480774475,62.12410038035869,4559300
2020-09-04,61.80891418457031,62.557489886022736,61.20216856349716,62.37625855323563,3311900
2020-09-08,61.619789123535156,62.029540464492214,60.90273329453998,61.64343347964866,3142700
2020-09-09,62.75448226928711,63.53457774724655,62.013782030783815,62.10045997408896,5016400
2020-09-10,62.03742980957031,62.801762424465856,61.65131676381503,62.44717519087295,3734500
2020-09-11,62.75448226928711,63.03027299262763,61.96650533872169,62.171381023969026,3816200
2020-09-14,63.61338806152344,63.936455516599096,62.91996442992911,63.06180053531998,3437400
2020-09-15,63.74734115600586,64.93718812150671,63.44003060379777,63.77097950436225,3948000
2020-09-16,64.29891967773438,64.73230941681263,63.668541707550894,63.86553595044333,3805300
2020-09-17,62.896305084228516,64.6298515609267,62.60475151720269,64.05463188960343,5056400
2020-09-18,61.43067169189453,63.15634283815382,61.2179205973216,62.39200436676435,6489000
2020-09-21,61.438575744628906,61.69072817737115,60.571802132814206,61.24158146868064,6087500
2020-09-22,61.068214416503906,62.3683776032127,60.91849687029157,61.47795979062831,4742500
2020-09-23,60.098995208740234,61.202164065424256,60.020198721502794,61.036689638689644,5437400
2020-09-24,60.13052749633789,60.70575339505201,59.33467499460223,60.02021118893319,3249600
2020-09-25,60.71363067626953,60.76090737282581,59.72077796607535,59.7365348609983,2749200
2020-09-28,60.85547637939453,61.793165075836626,60.72151569836989,60.768798414173816,3076800
2020-09-29,61.367645263671875,62.171385152826346,61.06033472128554,61.7458768606482,3523900
2020-09-30,62.195011138916016,62.43140659151508,61.564627273175915,61.77738438287229,3685200
2020-10-01,61.92710876464844,62.54961130822531,61.43856687834337,62.258063669439984,4894700
2020-10-02,62.88056945800781,63.471552231065075,61.359773548202284,61.753762063573795,3511800
2020-10-05,63.10908889770508,63.581880010919534,62.415671149733264,62.72298176624942,2924500
2020-10-06,63.91280746459961,64.42499365696283,62.94359322294079,63.321824783823594,3623800
2020-10-07,63.841896057128906,64.22012767512601,63.37699249704065,63.99949506953921,2147000
2020-10-08,64.6613998413086,65.37846189838085,63.70006680346099,63.96798214748179,3108300
2020-10-09,64.44075775146484,65.11053699550439,64.13344720406097,64.85838459733229,2687500
2020-10-12,64.94506072998047,65.39420736452112,64.37771634702654,64.44075594775191,2305400
2020-10-13,64.27528381347656,64.65351541962778,63.48730681146665,64.46439661065845,3972800
2020-10-14,63.86555099487305,64.61412688948703,63.69219505840532,64.51956746638047,1975500
2020-10-15,63.67640686035156,64.0467569390365,62.91994981128258,63.09330567890414,2988900
2020-10-16,64.14920806884766,64.79534894433509,63.826134625210344,63.826134625210344,3290700
2020-10-19,63.74734115600586,64.60623320915475,63.55034690398593,64.33044245868435,2594000
2020-10-20,63.88916778564453,64.49590734672346,63.60549562385042,64.19647829229038,3200900
2020-10-21,63.21938705444336,64.06252206659443,63.14846600986953,63.9837195700043,3423900
2020-10-22,63.96799087524414,64.07042574946422,63.10909258045279,63.19577055548097,2142300
2020-10-23,63.93644714355469,64.52742983665763,63.44789928634632,64.36983685654492,2386500
2020-10-26,64.39348602294922,64.7086780479258,63.384876352454455,63.384876352454455,4064300
2020-10-27,64.98445892333984,65.63848122354723,64.14132384164864,64.25164013182977,4153500
2020-10-28,62.88056945800781,64.6141165209274,62.79389150368307,63.991613945225886,3385700
2020-10-29,63.786739349365234,64.96082947419065,62.39202262574737,62.880570557594794,5310300
2020-10-30,63.30607223510742,64.10981217904461,62.667812759230245,63.38487474819798,3503500
2020-11-02,64.34619140625,64.72441692147542,62.97510738114589,63.7788471216257,3372700
2020-11-03,65.33118438720703,66.38707081782026,64.77171535462983,65.22874351644221,4551300
2020-11-04,65.16570281982422,67.0489675805577,65.08690631332507,65.32330184461058,3768300
2020-11-05,65.51240539550781,66.62345581888275,64.55107252155462,64.81110636682797,4214800
2020-11-06,65.95367431640625,66.97016539588822,65.35481610835744,65.68576501466667,4053300
2020-11-09,66.20581817626953,68.51459079244756,66.12702168662325,67.11199283666872,4782800
2020-11-10,67.57691192626953,67.75814327697118,66.30826842420734,66.6470987883318,4427400
2020-11-11,67.51386260986328,68.42003726839245,67.16715084199099,67.76601498328309,2602300
2020-11-12,66.6470947265625,67.44294715164116,66.03247364114046,67.19079475731962,3587200
2020-11-13,66.92288970947266,67.5375108338438,66.75741525381794,67.11200251425124,2774700
2020-11-16,67.82119750976562,67.94727674769616,67.0568586622313,67.76603934611825,3697000
2020-11-17,66.32402801513672,67.8763437926601,66.2609884072056,67.23808429477424,3818100
2020-11-18,63.99159240722656,66.58403668723248,63.841874898004576,66.56827979710758,5083700
2020-11-19,62.84904861450195,63.826138433140876,62.62053455795645,63.747341933729075,6147900
2020-11-20,61.9743766784668,63.47153380459522,61.89558020062549,62.79387327394536,4928100
2020-11-23,62.28957748413086,62.699322834407,61.73010858456957,62.147741399076274,5783300
2020-11-24,62.54960250854492,63.02239344550841,62.321088492155624,62.79387942911912,5260000
2020-11-25,62.57326126098633,63.13272425253594,61.73800148882692,62.90421018357265,3886600
2020-11-27,62.281700134277344,62.699326964507,61.761632450890644,62.58112921721119,2053400
2020-11-30,61.848297119140625,62.8884262508086,61.777382093061064,62.15560758905713,8418300
2020-12-01,63.16423797607422,63.912813706787134,62.32109683117127,62.44717603437491,6360500
2020-12-02,63.258792877197266,63.558227986062256,62.58113217326459,63.06968007966342,3670000
2020-12-03,62.26604461669922,63.25880678833237,62.13896815024725,63.076135882642525,3452700
2020-12-04,60.264625549316406,62.55989093359488,60.17726200381055,62.30574409012477,6237400
2020-12-07,60.47111129760742,60.64583835840849,59.84368506079345,60.105775651995046,6291000
2020-12-08,59.367164611816406,60.20108707357715,59.24008817373024,60.05812911039926,8752100
2020-12-09,59.009765625,59.43863340353258,58.10436732038707,59.255968619960804,8010900
2020-12-10,59.025657653808594,59.803985733510864,58.73974171100682,59.573664220735076,6424300
2020-12-11,59.4942512512207,59.59749633036531,58.70004155501542,58.70004155501542,3893100
2020-12-14,59.14478302001953,59.97869936767262,59.07330101345631,59.86751052131888,4153900
2020-12-15,59.94694137573242,60.11372465933019,59.18449485165951,59.63719406695007,3917300
2020-12-16,59.70073318481445,60.97146731181189,59.68485165918748,60.57436251841655,4752300
2020-12-17,60.30433654785156,60.90793755425383,60.145497047958685,60.47111984054064,4450400
2020-12-18,59.85957717895508,60.48700346330132,59.62131188538729,60.06606730341983,15175400
2020-12-21,59.18448257446289,59.406866299133604,58.62853841112842,59.224195468702604,6991200
2020-12-22,58.3744010925293,59.21626126453547,58.28703755852814,59.17655442320452,6252500
2020-12-23,58.803279876708984,59.46247530304851,58.668265698110794,58.771510765390865,2757400
2020-12-24,58.95418930053711,59.01772147208965,58.40618266293944,58.80328751700402,1065000
2020-12-28,58.53323745727539,59.343334536781654,58.39822329713688,59.16860747809059,3165700
2020-12-29,58.67619323730469,59.136836182379795,58.358514297992414,58.739731448902084,3718700
2020-12-30,58.81915283203125,59.04153051951652,58.38234124856733,58.485586300803334,1929200
2020-12-31,59.724544525146484,59.78808273146061,58.66030683640077,58.763551877158584,2392500
2021-01-04,58.68415069580078,59.61337453430871,58.35058409623467,59.61337453430871,2975500
2021-01-05,57.977291107177734,58.930340044108725,57.70726279680432,58.850920309254036,3466900
2021-01-06,59.21625518798828,59.94693249368572,57.89787063993299,58.39822041659188,4112100
2021-01-07,57.945518493652344,59.406866975733216,57.945518493652344,59.24007766549634,4126600
2021-01-08,58.13614273071289,58.24733159462185,57.69138727507706,58.207624748562154,3476800
2021-01-11,57.7151985168457,58.318799387507525,57.206904960289584,57.96934529512376,2949800
2021-01-12,56.809814453125,57.97730359081785,56.24592633710207,57.89788383886255,3801200
2021-01-13,57.373687744140625,57.651659833827246,56.603303624625475,56.98452681857935,4364100
2021-01-14,56.40474319458008,57.42927394367012,56.3888616743009,57.41339242339094,3461300
2021-01-15,57.24662399291992,57.4054634741201,56.15061097089022,56.38887625202828,3407400
2021-01-19,56.35711669921875,57.34193498017802,56.34123517214116,57.34193498017802,3670800
2021-01-20,56.84952926635742,56.97659966188202,55.960012260329734,56.150620883286074,3552000
2021-01-21,57.024253845214844,57.19897487393205,56.35711460530525,56.674799669103216,3185400
2021-01-22,57.41341781616211,57.564319592568154,56.55566991765234,56.66685878679187,4152900
2021-01-25,58.42205810546875,58.517365441878695,57.12749859742791,57.23074366736808,4057600
2021-01-26,58.485595703125,58.755630123724046,58.00907114485794,58.70797342636039,3393600
2021-01-27,58.04083251953125,59.120957939264514,57.80256724249038,58.17584668216348,4657200
2021-01-28,57.7151985168457,59.009763781265285,57.69931699416333,58.088477922921605,3124000
2021-01-29,57.88994598388672,58.437952629465464,57.02426029790105,57.49284112403877,4330700
2021-02-01,57.72315216064453,58.44587972312971,57.54048129226272,58.09643163043566,3480100
2021-02-02,57.79462432861328,58.525301694946016,57.286330718587436,57.71520458817258,3922300
2021-02-03,57.63578796386719,57.953473002143745,57.453117097573276,57.58019353661915,3054700
2021-02-04,57.731101989746094,57.9455359313369,57.286340460832974,57.61991312235252,2171600
2021-02-05,58.56501388549805,58.86681740981583,57.63579011284649,57.929649844593186,3011500
2021-02-08,58.63649368286133,58.660319000335384,58.152025363095206,58.485591926408176,3008200
2021-02-09,58.06467056274414,58.89859315583958,57.99318854022844,58.763572904274135,2308100
2021-02-10,58.04875946044922,58.46969551287962,57.68342388041804,58.42998262097634,3749200
2021-02-11,58.02494812011719,58.37440226312954,57.810514206483816,57.98524127798999,2751100
2021-02-12,57.07984161376953,58.75562422182783,56.881289229490946,57.754918508449144,4866100
2021-02-16,56.49212646484375,57.119552773723136,56.26974874713224,57.01630770745375,4528400
2021-02-17,57.492820739746094,57.54047136704457,56.3332756872318,56.42063921017043,3557800
2021-02-18,57.74699020385742,58.34264751644487,57.23869644852996,57.310178476897,3668300
2021-02-19,56.50801467895508,57.80257415537754,56.444476456233645,57.78669262936639,3310000
2021-02-22,56.523895263671875,56.682740817830194,55.912356543342725,56.500069945382705,4908100
2021-02-23,57.2148551940918,57.81051234081902,56.64302336373962,57.04807192012872,4621200
2021-02-24,56.523895263671875,57.21485979074934,56.333286658020214,57.07984561421851,3799800
2021-02-25,56.09502029418945,56.96865567717052,56.03148813306755,56.52389419328792,3678500
2021-02-26,54.260398864746094,56.444475233958315,54.157153799563304,56.14267777157441,7575800
2021-03-01,55.53907775878906,56.04737141976637,54.95930208271329,55.126091431496896,3971900
2021-03-02,55.43583297729492,55.801168669295194,54.81634439415872,55.59467247491646,3995100
2021-03-03,55.26110076904297,55.66614326821319,54.62573071880823,55.11814281070704,5016300
2021-03-04,54.499698638916016,55.958366799075414,54.37947749250751,55.261089041667326,5721500
2021-03-05,55.990440368652344,56.182790582832,54.41155066194933,54.940521394322204,8083300
2021-03-08,57.7055778503418,58.50704420937432,55.87021915439295,56.10264513227675,11148200
2021-03-09,58.458953857421875,58.81159487129572,57.63344454707483,57.86586439305192,6027000
2021-03-10,58.67534255981445,59.23637259532751,58.2746094407489,58.466959625783765,4858900
2021-03-11,58.05021667480469,58.97991460048865,57.970071250734264,58.42690689410998,3147400
2021-03-12,58.93982696533203,59.212322546983415,58.234538888085474,58.43490544448868,3476900
2021-03-15,59.741302490234375,59.82144790233063,58.915793127707275,58.915793127707275,3213800
2021-03-16,59.54093551635742,59.92563593780481,59.180271992209676,59.37262831763633,4107700
2021-03-17,58.643280029296875,59.629086139761505,58.58717764022665,59.629086139761505,3756200
2021-03-18,58.90777587890625,59.212330886238846,58.330719136842056,58.78755470519239,3115900
2021-03-19,58.787559509277344,59.42071870218902,58.314697265984485,58.883737679048636,9090700
2021-03-22,58.90777587890625,59.25240664904443,58.45895668605761,58.82763046799798,3366300
2021-03-23,59.4527702331543,59.741298589624705,58.78755173825294,58.99593468785992,3245600
2021-03-24,59.43674087524414,59.88556002488385,58.93982959192709,59.01997499511957,2379500
2021-03-25,60.28630065917969,61.04769125632938,59.540936698782346,59.733286913325934,4310100
2021-03-26,60.735111236572266,60.81525663835461,59.78136444566645,60.28629209482939,3613200
2021-03-29,61.472469329833984,61.94533767698518,60.52673875023485,60.54277150218073,4223600
2021-03-30,60.534751892089844,61.127835273632854,60.19813749564945,61.05570623783974,2661900
2021-03-31,60.8793830871582,61.00762063795217,60.214164550496186,60.28629970149354,3447800
2021-04-01,60.68701934814453,60.78319137509967,60.01378458595049,60.78319137509967,2630700
2021-04-05,61.24003219604492,61.53657076171677,60.59885682242199,60.67900221544947,2915200
2021-04-06,61.21598815917969,61.29613967356566,60.61488848949712,60.95150895169291,2448500
2021-04-07,61.087764739990234,61.52856755331102,60.79121999616499,61.2400452996171,3060300
2021-04-08,61.07975387573242,61.74497245815275,61.007624834476516,61.416368297666786,2624500
2021-04-09,61.15188980102539,61.512547241249045,60.943506821381064,61.27210487129763,2075100
2021-04-12,61.11981964111328,61.75297873002978,61.015625112298956,61.27209407486112,2396500
2021-04-13,62.089603424072266,62.30599666312831,60.76718263180878,60.911446829413954,3527000
2021-04-14,62.04951858520508,62.20981551171901,61.58466667036847,61.849152013089565,2946800
2021-04-15,62.76282501220703,62.86701954630325,61.945332063443814,62.04151022229354,3683100
2021-04-16,63.22767639160156,63.47612898975843,62.9231213966124,63.059369201104715,3645400
2021-04-19,63.10746383666992,63.492170406532615,62.74680639562022,63.33187345463004,2956800
2021-04-20,64.20545959472656,64.55009031510276,63.05936265158728,63.25972920727805,3981300
2021-04-21,64.277587890625,64.79854215245228,64.12531346802461,64.71839675402546,4597000
2021-04-22,63.652462005615234,64.58216599366774,63.55628994802605,64.10128736161114,3076800
2021-04-23,63.620384216308594,63.82876713866163,63.25171050119278,63.636416964405946,3283700
2021-04-26,63.05935287475586,63.748614208644,62.91508873243739,63.74059783554268,2671000
2021-04-27,62.746803283691406,63.05135830514666,62.57849607856851,62.91511048881429,2290300
2021-04-28,62.22584533691406,62.98723590410333,62.217828961501795,62.89908023337968,3464100
2021-04-29,63.33186340332031,63.355912528316516,62.28996089747812,62.34606329306421,2992400
2021-04-30,64.03714752197266,64.06920690219442,63.15553596732929,63.58031205454009,3238000
2021-05-03,64.4138412475586,64.98288152067316,63.9409730058594,64.03715115197667,3100500
2021-05-04,63.64445114135742,64.56613262961281,63.31584697516282,64.36576602526104,3691700
2021-05-05,62.47427749633789,63.65243359354904,62.065534204624456,63.51618582964456,4167300
2021-05-06,62.89908981323242,63.0273212658449,62.17776878383796,62.69070682369541,3356900
2021-05-07,62.87502670288086,63.492159157637424,62.54642871042933,62.90708608758142,2670800
2021-05-10,63.684513092041016,64.08524625228394,62.76282560054174,63.08341335167663,4243600
2021-05-11,63.01930618286133,64.245555015356,62.75482689557398,63.98907987545864,4544000
2021-05-12,61.82512283325195,63.02732253488072,61.78504706398277,63.00327951920076,3249100
2021-05-13,62.81893539428711,63.3158467727845,61.56864974383345,61.833135128261254,2797100
2021-05-14,62.57048416137695,63.42805299984738,62.554457523191246,63.035336159909534,3334300
2021-05-17,62.24988555908203,63.18759965510607,62.201799538168764,62.658635080952465,3120500
2021-05-18,61.841148376464844,62.21783243603773,61.5606302536954,61.96136344084812,3807200
2021-05-19,61.69688034057617,61.88121417094802,61.11180723331585,61.72893361261257,3388200
2021-05-20,61.90524673461914,62.49031974313707,61.54458939540105,61.76899894999913,3390700
2021-05-21,62.698726654052734,62.73077993294367,61.99343222437018,62.11365342167554,5472300
2021-05-24,61.785030364990234,62.97921948176796,61.7690037304365,62.89105770496686,3695100
2021-05-25,60.919456481933594,61.793051832616314,60.48666393688521,61.69687978796294,5383300
2021-05-26,60.871360778808594,61.10378673094233,60.47062764368885,60.871360778808594,3428700
2021-05-27,60.50270080566406,61.03167159953411,60.39851236810046,60.86336437822194,5900200
2021-05-28,61.023643493652344,61.1759240471097,60.743131512048734,60.86335267979388,4708000
2021-06-01,60.55078887939453,61.22401771937532,60.18210895498216,61.11982928881734,3410800
2021-06-02,61.2239990234375,61.58465634690729,60.52672126806754,60.77517993383927,3554800
2021-06-03,61.99173355102539,62.25033524643289,60.86034882153604,61.05430471725474,3859500
2021-06-04,61.838199615478516,62.420055093294486,61.68465887284244,62.137210393120625,3357100
2021-06-07,61.749290466308594,61.870505179543585,61.482605766091595,61.82201929424959,3111900
2021-06-08,61.26442337036133,61.95133981239028,60.83611482734202,61.89476471031817,3616800
2021-06-09,61.822025299072266,61.91900324462982,61.27249593868071,61.498771646097715,2882200
2021-06-10,62.589752197265625,62.686730150364575,61.773544212832704,61.99173690036648,2936200
2021-06-11,62.48469924926758,62.52510827232713,62.015981710202425,62.43621335403714,2205600
2021-06-14,63.25241470336914,63.27666381398254,62.42812374348195,62.55742767121754,3320600
2021-06-15,63.13118362426758,63.43018808998706,62.985719826021956,63.2766474225132,3630900
2021-06-16,61.822025299072266,63.43828739839442,61.78161628036897,63.35747552653844,3916400
2021-06-17,62.04829788208008,62.42812044278312,61.45028266179779,61.636149341152276,4510400
2021-06-18,60.46435546875,61.757363713648566,60.399703515117665,61.619982936342076,7225600
2021-06-21,61.3371467590332,61.52301344428226,60.27849091113661,60.617910631485785,3640100
2021-06-22,61.13511276245117,61.70080200899426,61.062377764724,61.19976472364192,2734300
2021-06-23,60.24615478515625,60.981550621461636,60.02795601217911,60.95730768347502,2482200
2021-06-24,60.29465866088867,60.55326035252755,59.890593132356,60.23808973351612,2854400
2021-06-25,60.698726654052734,60.70680969130578,59.98757351455758,60.08454529939047,2468700
2021-06-28,60.80378341674805,61.159363080619734,60.609833675341264,60.84419243875205,2047700
2021-06-29,59.40570831298828,60.80377141442096,59.24407842242821,60.448197986288605,3312500
2021-06-30,59.4542121887207,59.672404900066354,59.219853400652106,59.4542121887207,2818400
2021-07-01,59.890586853027344,60.141105481475336,59.082455880691846,59.55117332437844,2501000
2021-07-02,59.971405029296875,60.197680738878915,59.5188536101328,60.03605699362051,1831400
2021-07-06,60.924991607666016,60.941157679315666,59.84209909803298,60.17342958025285,3562100
2021-07-07,61.12702941894531,61.36947118941792,60.52093115831414,60.64215204355044,2281000
2021-07-08,61.377567291259766,61.62000913769455,60.85228689990485,60.9815846965984,2527600
2021-07-09,61.05431365966797,61.47453916417259,60.601756002257225,61.45837925327119,2163300
2021-07-12,61.05431365966797,61.12704250705175,60.496701167518985,60.811871837285366,2327600
2021-07-13,60.20576477050781,60.99773593268032,60.044141022579105,60.828022982139174,2066000
2021-07-14,60.80378341674805,61.04622521766986,59.898680513148996,60.14111614851969,2661800
2021-07-15,61.531097412109375,61.55534035702607,60.625988420065724,60.6987234203664,3210700
2021-07-16,62.35540008544922,62.64632161590727,61.417965028186046,61.70889272419523,3401900
2021-07-19,61.3048210144043,63.13927575717812,60.71488264402915,62.226089904156865,5314800
2021-07-20,61.15129089355469,62.056400123303895,61.00582702030128,61.417975688777965,3701200
2021-07-21,60.38356018066406,61.26442016982966,60.35931723278631,61.22401731188385,3022100
2021-07-22,60.11686706542969,60.731048377004846,59.97948626952026,60.58558454440943,3317100
2021-07-23,60.86842727661133,60.91691316411577,60.036053324850165,60.28657196435684,3353900
2021-07-26,60.68255615234375,60.9169148911767,60.31889965464978,60.860345965634295,3190100
2021-07-27,62.08870315551758,62.4523596214088,60.39970624251515,60.87650671514691,3188500
2021-07-28,61.20785140991211,62.12912042518851,60.82802878394613,62.05639158134892,2358700
2021-07-29,61.02198028564453,61.40987975583973,60.65024072439458,61.175521000052626,2053500
2021-07-30,60.50477600097656,61.57150877681238,60.35122912325258,61.0138963602786,3339000
2021-08-02,60.89268112182617,61.199774905799984,60.47245563527175,60.609836451496136,2779700
2021-08-03,61.01388931274414,61.71696548866122,60.71487862896444,61.03813225578436,2697300
2021-08-04,60.98964309692383,61.030045944639426,60.15726921427506,60.60982056820842,2835300
2021-08-05,61.48262023925781,61.53110613596551,60.71489193659427,61.13512359323254,2519800
2021-08-06,61.41796875,61.72505637415145,61.10279808781649,61.41796875,2974700
2021-08-09,61.41796875,61.579592517332024,60.87652234733105,61.409885711967945,3031400
2021-08-10,61.773536682128906,62.12911013570888,61.183598329076375,61.45836607991807,3931900
2021-08-11,62.16950988769531,62.31497369515692,61.53108574192209,61.61189759816756,3919100
2021-08-12,62.51702880859375,62.63824971915111,62.03215133191595,62.08063722991824,2914700
2021-08-13,62.79986572265625,62.99381545623002,62.30690526876183,62.60591598908249,2552900
2021-08-16,63.40596389770508,63.71305148899483,62.79178254957472,62.9776554111125,3083100
2021-08-17,63.53526306152344,63.688803762868865,62.90491568636977,63.40595913875846,2245100
2021-08-18,63.018070220947266,63.624168587593566,62.678650449806256,63.53527366724133,2903900
2021-08-19,63.89083480834961,64.09286755810082,62.937239982901836,63.236250672131725,4125700
2021-08-20,64.6908950805664,64.73129793502378,63.591836324292856,64.0363047166287,3742900
2021-08-23,63.82619094848633,64.58582991799746,63.76153898687462,64.56158697378066,4145300
2021-08-24,63.47059631347656,63.882744764334234,63.32513251702968,63.834252721819304,2860800
2021-08-25,63.48677444458008,63.607995337346956,63.04230605850246,63.317067660926725,2622100
2021-08-26,63.39787673950195,63.51101459028342,62.87259650325245,63.32514790637834,2170100
2021-08-27,63.18778610229492,63.6160946897743,63.05039910029683,63.48679072684723,3143600
2021-08-30,63.27666091918945,63.527179560778094,62.94532424368803,63.18776601432567,2147100
2021-08-31,62.90492630004883,63.42213591282491,62.581678769697,62.9372522861943,4361300
2021-09-01,63.82619094848633,63.92316272535348,62.888756001767796,62.961490999968575,3128800
2021-09-02,64.26609802246094,64.36385576532406,63.932103277485325,63.932103277485325,2073300
2021-09-03,63.85062789916992,64.88521035735856,63.67955653055942,64.27423852012377,2134300
2021-09-07,62.33543014526367,63.646983791149715,62.28655437701119,63.62254590702348,3647500
2021-09-08,63.410728454589844,63.63882983154781,62.00957157261023,62.23766673444116,3233300
2021-09-09,63.91579818725586,64.28238500988127,63.04414530231025,63.19892681953832,4458400
2021-09-10,62.970829010009766,63.87506776649019,62.75087568268938,63.87506776649019,3323100
2021-09-13,62.3516960144043,63.386271970513626,62.19691453639475,63.386271970513626,3133300
2021-09-14,62.034000396728516,62.74272365822997,61.830343144089966,62.49019065379852,3191800
2021-09-15,61.54524612426758,62.278407522441476,61.51266020643988,61.879240905526835,3028600
2021-09-16,61.0401611328125,61.822204354017664,60.771332027518746,61.504499489625786,3522200
2021-09-17,60.38031768798828,61.27640855229679,60.347731774633566,60.89353183928823,7592800
2021-09-20,60.77133560180664,61.447479313024495,60.1277778036131,60.37216904373176,4545900
2021-09-21,60.698020935058594,61.374158419744674,60.421043786587376,60.77948260868167,3216700
2021-09-22,60.96683883666992,61.17864414282181,60.290701407433225,60.73060186707477,3363200
2021-09-23,60.49435043334961,61.398589107900875,60.372154842035066,61.09717414467514,4030700
2021-09-24,60.75504684448242,61.10533764687843,60.421045891327545,60.60841334080205,3087500
2021-09-27,60.12776565551758,61.43117705264184,60.04630399697885,60.87722907340188,2901900
2021-09-28,59.581993103027344,60.17667529254019,59.321311946764084,60.04633160684405,3233500
2021-09-29,60.56767654418945,60.95055324217391,59.50866236979061,59.63085177116674,2614800
2021-09-30,59.48422622680664,60.812075907134236,59.419060609069824,60.76319392492155,4305000
2021-10-01,58.8895378112793,59.940410085859874,58.79178008278573,59.93226205470373,3803300
2021-10-04,59.75305938720703,59.92413079861519,58.82438245948936,59.190969382616956,4042400
2021-10-05,59.28870391845703,60.45362376070616,59.264266040283374,59.69601846168922,4861300
2021-10-06,60.4210319519043,60.43732801251338,58.913969532120575,59.247970408219835,3602900
2021-10-07,60.160362243652344,61.137920965064694,60.1196345147147,60.37216756556077,3015500
2021-10-08,59.223533630371094,60.290701987503475,59.18280590407141,60.0055830428982,2960000
2021-10-11,58.75105667114258,59.28056064776383,58.53110331966333,59.07690335979344,2782000
2021-10-12,59.076900482177734,59.362025643549686,58.66144410984647,58.726609715326134,2200100
2021-10-13,59.76933670043945,59.81821245546948,58.79992612483376,59.07689702350594,3123000
2021-10-14,59.99744415283203,60.56768212892435,59.6390053020724,59.87524852506145,3112800
2021-10-15,59.549381256103516,60.16035303277037,59.386457935042884,60.144063186714824,2719200
2021-10-18,58.6207160949707,59.182812228060286,58.400768947094676,59.011740843017265,2981600
2021-10-19,61.276397705078125,61.4556170892397,59.65528764719853,59.92411050831451,5127800
2021-10-20,62.392433166503906,62.61238648063999,61.406732805892425,61.471904618608754,3394500
2021-10-21,62.96269989013672,63.38630439516256,62.44948566412165,62.539089169982496,3777500
2021-10-22,62.96269989013672,63.33742862557876,62.72645664526771,63.166357216907066,2150600
2021-10-25,62.319129943847656,62.938249837773775,62.278396000317144,62.726444518644044,2253300
2021-10-26,62.392433166503906,62.98711508106969,62.107314254777634,62.28653363218448,2477600
2021-10-27,61.903656005859375,62.750870912168494,61.87921813026529,62.5390656318097,2406900
2021-10-28,62.188785552978516,62.35171511002501,61.81405689446222,61.94440054009942,2453100
2021-10-29,61.854801177978516,62.514648902726236,61.64299582597341,62.09919244684041,3050400
2021-11-01,61.43119430541992,61.85479877786512,61.276412760138065,61.85479877786512,2390100
2021-11-02,61.496360778808594,62.72645269527648,60.942412636271165,61.59411852694861,2722700
2021-11-03,61.48821258544922,61.846645194540855,60.917968436452895,61.36601696672662,2326100
2021-11-04,61.45561599731445,61.77332082172822,60.75503453447222,61.39859221383316,3459300
2021-11-05,62.34355545043945,62.457603011536975,61.50448858731086,61.822193395386236,2588500
2021-11-08,60.75504684448242,62.2621096119527,59.7774880815708,62.229523698342895,4094100
2021-11-09,60.75504684448242,61.31713676265089,60.396608009902074,60.60026530861772,3425500
2021-11-10,61.6511344909668,61.683720402872105,60.97499080296787,61.04016262677849,2825400
2021-11-11,61.154205322265625,61.618543653324814,60.92611017228941,61.463762137929514,2780300
2021-11-12,60.885372161865234,61.40673424556689,60.860934285305206,61.29268667820254,3213700
2021-11-15,61.81404495239258,61.83034101251249,60.730593129202916,61.05643975009027,3156100
2021-11-16,61.43119430541992,62.172503685981,61.341584591322835,61.87108862809736,3825000
2021-11-17,61.3823127746582,61.512656437983715,60.72246507067468,61.19495152753772,3046300
2021-11-18,61.25196838378906,61.65928296282184,61.02387321395107,61.414891729351275,3325500
2021-11-19,60.437339782714844,61.43118835913449,60.39660583838526,61.43118835913449,5532000
2021-11-22,60.31513595581055,60.62469275915107,59.83450158167174,60.26626020136901,4119100
2021-11-23,60.950538635253906,61.341563271329335,60.168495578228786,60.43732462708528,2482100
2021-11-24,61.015716552734375,61.1542019983891,60.52694037004769,60.98313064520508,2374700
2021-11-26,60.01371765136719,61.040151943797106,59.91596614788651,60.76317484864092,2021100
2021-11-29,60.624698638916016,60.86094183350657,59.91597527027141,60.502503025834415,4182700
2021-11-30,58.0015983581543,60.2825626751573,57.960870625963956,60.2825626751573,6593600
2021-12-01,57.71647262573242,59.32944103801909,57.69203474624925,58.30300659383666,4009800
2021-12-02,59.048011779785156,59.59049376755748,57.839768415078616,57.839768415078616,4081000
2021-12-03,60.03433609008789,60.08365035011053,58.571287847798814,59.32746909895467,3673200
2021-12-06,61.061763763427734,61.76863081765488,60.16584824409364,60.32201844262163,4774900
2021-12-07,62.023414611816406,62.113828255417836,60.97133541814881,61.15216270535168,5676400
2021-12-08,61.75218200683594,62.41795586047278,61.48916217295702,62.02342297421067,3491100
2021-12-09,62.623451232910156,63.07551331989039,61.52205117505187,61.875484726416055,5358500
2021-12-10,62.43440246582031,62.98509935675597,62.25357512350985,62.73030061307588,3111600
2021-12-13,63.08373260498047,63.47004441385148,62.08918851772126,62.352208389798996,2629500
2021-12-14,62.9604377746582,63.35497070008711,62.598789386477165,63.07550857147328,3261900
2021-12-15,64.2755355834961,64.33307098056888,62.9111220511037,63.22345616794342,3235400
2021-12-16,64.57966613769531,65.17146248022227,64.0865046092192,64.11116174500965,3252600
2021-12-17,62.9850959777832,65.06460403190528,62.90290344593017,64.53034316852826,6600600
2021-12-20,64.07827758789062,64.14403412455127,62.343988126519214,62.459058930231095,4520300
2021-12-21,63.40428924560547,64.58788183092706,63.12483336900928,64.34951908688932,2395300
2021-12-22,63.41250228881836,63.65086500244019,62.87824146662375,63.14126131081202,1717300
2021-12-23,63.56866455078125,63.913883182385554,63.29742985072528,63.494693161008044,1851000
2021-12-27,63.64265060424805,63.77415740481636,63.305653061806545,63.66730773742408,1430700
2021-12-28,64.03717803955078,64.12758542979034,63.642645130004944,63.642645130004944,1236100
2021-12-29,64.45635986328125,64.55499465541182,63.987855574714466,64.11114749715576,1517900
2021-12-30,64.4974594116211,64.67006559508677,64.09471165020118,64.57965193647794,1752300
2021-12-31,64.57141876220703,64.78512430369568,64.09469969857523,64.39881261092692,1975500
2022-01-03,64.3988265991211,64.65363158616495,63.57688878350783,64.65363158616495,2348700
2022-01-04,64.19334411621094,64.97418882755133,64.14402985244412,64.42348570830686,2872800
2022-01-05,65.1056900024414,65.89474950905307,64.45635841170224,64.92486268971815,3971500
2022-01-06,64.98238372802734,66.13309760589031,64.87553409906126,65.0727973644164,3460700
2022-01-07,65.92762756347656,66.23996165753509,64.35772968877482,64.7358203092312,2762500
2022-01-10,65.61528778076172,66.34681182857612,65.34404683605203,66.20708392526033,3073300
2022-01-11,65.0399398803711,65.90297713212058,64.56322069275213,65.75502806813175,2921200
2022-01-12,65.19609069824219,65.47555274531948,64.55498036849926,64.81800015174986,2344000
2022-01-13,65.54954528808594,65.5659812863341,64.46458754794625,64.55500121553192,3052900
2022-01-14,65.07281494140625,65.68105343611393,64.79335909590908,65.54954037642973,2580600
2022-01-18,64.48924255371094,64.76870468181865,63.82347490607399,64.6782910172151,2722700
2022-01-19,64.95774841308594,65.50023041355698,64.24266648450462,64.40705154901134,3681700
2022-01-20,65.00704956054688,66.04269281644481,64.85910679487701,64.8673216568229,2982200
2022-01-21,65.1878890991211,66.1166828861569,64.9166543735711,65.62351515776457,3831300
2022-01-24,64.50569152832031,65.42625799687588,63.157707553427684,65.01528903173107,4992600
2022-01-25,64.09471893310547,64.59609527296853,63.461823250929456,63.708407124406314,3195100
2022-01-26,63.66729736328125,64.70294068414253,63.19057196326238,63.90566006329068,3538100
2022-01-27,64.28376770019531,65.15501993925771,63.889240987404015,64.30020997124689,3137600
2022-01-28,65.31118774414062,65.34406601413868,63.61799760001843,64.17691564820763,2686000
2022-01-31,66.2975082397461,66.62627835435096,64.02895807782225,64.64541144903833,5568100
2022-02-01,65.77967071533203,66.47010161887322,65.24540997574748,66.14132529675298,3626300
2022-02-02,66.83998107910156,66.97149413601392,65.3687116770551,65.73036631267637,3496200
2022-02-03,66.58519744873047,67.12767325412293,66.32217754623036,66.78246080788327,2371100
2022-02-04,65.9029769897461,66.53586637434381,65.27008760514839,66.01804778694569,2404700
2022-02-07,65.89474487304688,66.24817834008002,65.36048410601255,65.85365174997474,2227700
2022-02-08,66.02625274658203,66.42900043811794,65.870082586831,66.25639428460255,1971900
2022-02-09,66.01803588867188,66.52763952077404,65.71391668180472,66.39612647859786,2219300
2022-02-10,64.3166275024414,65.59063349487022,64.11114306952625,65.27007828119356,3727700
2022-02-11,64.99884033203125,65.36048868649097,64.27553108133678,64.59608630984455,3108900
2022-02-14,64.72760772705078,65.30296173182478,63.97964124995624,65.24542633134739,3595100
2022-02-15,64.2508773803711,65.40981270750602,63.95497926582123,65.13035059003654,2428800
2022-02-16,64.6618423461914,64.92486217966231,63.8892251127448,64.21799520141784,2518900
2022-02-17,65.04816436767578,65.25364884098052,63.97142773424328,64.67829482408264,2843300
2022-02-18,65.05638122558594,65.57419980675212,64.47280611227191,64.77691909940161,3557500
2022-02-22,65.2372055053711,65.96050851253726,64.66184528229294,65.45912595239088,3478400
2022-02-23,63.81524658203125,65.58241400351888,63.733054060985005,65.3111730402676,2623500
2022-02-24,63.42071533203125,63.97141208072165,62.2946584363426,63.71660713196927,4151300
2022-02-25,65.50022888183594,65.62351454188882,64.09471591924012,64.28375811191329,4573500
2022-02-28,65.36870574951172,65.63994670163191,64.71937419938482,65.03992940793154,4773200
2022-03-01,65.17145538330078,66.00982926332556,64.4481523050267,65.13035598086623,2857000
2022-03-02,65.88652801513672,66.28105459329102,65.17966110248278,65.26185361702436,2605600
2022-03-03,66.90435028076172,67.31048244402604,66.00090620083321,66.00090620083321,3608100
2022-03-04,68.54545593261719,68.57861048030429,66.31586793201403,66.6474070853017,3630200
2022-03-07,69.0842056274414,69.35772590064325,67.94869241667924,68.58690006390019,4188000
2022-03-08,67.60057830810547,69.73070914212076,67.59229441327666,69.20853920663275,2993200
2022-03-09,67.13643646240234,68.24708558584241,66.95408957381733,68.15591846513462,2768700
2022-03-10,68.13932037353516,68.24706790542875,66.56451421705971,67.02038132042313,2518800
2022-03-11,68.1807861328125,68.68638204911684,67.79951822149177,68.00672945526945,2462400
2022-03-14,67.40166473388672,68.98476147462841,66.90435907543468,68.51232015056131,3121100
2022-03-15,67.15300750732422,68.05645168938933,66.74687529814567,67.96527824926576,5470200
2022-03-16,66.9375228881836,67.34365516101225,65.13064056445856,67.07013479777471,4869000
2022-03-17,68.53717803955078,69.02619343269151,67.00381011178041,67.17787308327465,5911800
2022-03-18,67.3602294921875,68.95990057434109,67.12815390697732,68.52890396232009,7643200
2022-03-21,67.82437133789062,68.48744338213918,67.47625804039134,67.6254440333905,2681400
2022-03-22,67.68345642089844,68.37968288403432,67.16128024996374,68.081298307381,2196900
2022-03-23,67.6585922241211,68.22220688672283,67.07011323169012,67.76634608482561,2449600
2022-03-24,68.21393585205078,68.6034876321186,67.48454831377923,67.72491408674739,2215100
2022-03-25,69.59809875488281,69.69755608362775,68.24707768598047,68.79411828841347,2730800
2022-03-28,69.82188415527344,69.92134780772646,69.02619390640122,69.60638906033454,1633900
2022-03-29,70.36064910888672,70.36893932920373,69.30801877769655,69.87163361113289,2673100
2022-03-30,70.8082275390625,70.8082275390625,70.04569166817998,70.4435337209946,1942000
2022-03-31,70.42694854736328,71.02371785648438,70.20315689465066,70.60929542777077,3618600
2022-04-01,71.55416870117188,71.61218758066043,69.56494003879006,70.36892045711974,2736500
2022-04-04,70.74190521240234,71.14803740985721,70.02081425498432,71.09830874343783,1819000
2022-04-05,71.35525512695312,72.05977835794239,70.55956477374029,70.84137533085296,3303100
2022-04-06,72.80573272705078,72.98807961618911,70.98227648283694,71.66192904552588,4223600
2022-04-07,72.65653991699219,72.80572591387025,71.96030698030722,72.73942313423026,2472500
2022-04-08,73.25331115722656,73.3444846035717,72.37473757272053,73.04609992891214,2368800
2022-04-11,72.54049682617188,73.58484308382724,72.33328561842352,73.17042066833051,2921400
2022-04-12,72.43275451660156,73.05438818483438,71.78625651341298,72.15095028898999,2843000
2022-04-13,72.26698303222656,72.8305977717613,71.73652284485082,72.63167045880722,2562900
2022-04-14,72.4410400390625,73.04609322903691,72.3913050487911,72.72284424840198,3310100
2022-04-18,71.96859741210938,72.97978910672549,71.51273023057452,72.94663455501531,2758500
2022-04-19,72.08463287353516,72.41617205643873,71.52930837823244,72.2918440724019,2644900
2022-04-20,72.1012191772461,72.88862566021717,71.91058838326569,72.62339553376854,2893400
2022-04-21,71.73653411865234,72.64826231376361,71.65364456343613,72.07635726541494,3583700
2022-04-22,70.36064910888672,71.78626347131899,70.28605609678948,71.73653479658749,2641100
2022-04-25,70.08711242675781,70.79991944195461,68.87699980931724,70.63415301573464,3843100
2022-04-26,69.26656341552734,70.53469501608795,69.23340886291072,69.78873339117456,2854800
2022-04-27,69.10907745361328,69.921348143588,68.59519772243091,69.25826977121746,2763100
2022-04-28,69.51522064208984,69.82188919300786,68.86043244426098,69.32458354202952,2944500
2022-04-29,67.66690063476562,69.35774507716921,67.60888174170405,69.35774507716921,4137200
2022-05-02,67.17787170410156,68.43771298274253,66.50650313470639,67.94869759964135,3109000
2022-05-03,67.32705688476562,68.37968685765229,66.91263454017378,67.59228693236106,3123900
2022-05-04,68.38800048828125,68.58692151118412,66.97896024012387,67.26077081918946,3719100
2022-05-05,68.82728576660156,69.35774603148755,67.60888267195915,68.18078771399583,4926400
2022-05-06,69.63954162597656,69.82188850504163,67.96527780867653,68.36312611968981,4843700
2022-05-09,69.43233489990234,70.19487701832168,68.25537665262492,69.24999433263869,4319600
2022-05-10,67.93211364746094,70.50153105843363,67.18615212206024,69.5649387853982,5273200
2022-05-11,68.81070709228516,69.84676331179044,67.55915573210422,67.82438587135415,4543400
2022-05-12,68.71123504638672,69.39088752807507,67.70004338064902,68.79411826150306,4057500
2022-05-13,69.29972076416016,69.40746832182322,68.04816322761947,69.16710254834292,2626500
2022-05-16,69.36603546142578,69.7307229371397,68.76926608933107,69.2914361281214,2810400
2022-05-17,69.83018493652344,69.85504927250173,68.11447619458727,69.42405269384655,3492100
2022-05-18,68.51232147216797,69.93792936760798,68.29682003070073,69.83018180866668,3928000
2022-05-19,68.13932037353516,68.32166721488052,67.01209110302113,68.20562946558495,4932300
2022-05-20,68.41285705566406,68.5454689480094,67.32707228797231,68.13104650860527,3471200
2022-05-23,68.8521499633789,69.44891934105782,68.15592323847694,69.20855354596019,2821500
2022-05-24,70.38551330566406,70.48497697851367,68.32998132212093,68.98476960698068,4772300
2022-05-25,70.17000579833984,70.54298343951046,69.57323651359953,70.38550089948616,4603600
2022-05-26,70.10369110107422,70.55126802891635,69.96278900997123,70.48495893066189,3501900
2022-05-27,70.58443450927734,70.60929884442979,69.2914321690874,69.89649172666417,4116800
2022-05-31,69.8052978515625,70.50981454355241,69.2914118890044,70.3108935969679,7050700
2022-06-01,69.38259887695312,70.12856047702061,69.02619535267554,70.0373870412577,3969800
2022-06-02,69.74855041503906,69.93235771591765,68.11094114816514,69.77361475722927,2696600
2022-06-03,69.10520935058594,69.89059281355875,69.07178809956031,69.61487227343615,2108800
2022-06-06,69.12191009521484,69.71512284625108,69.03000326588311,69.33913862413472,3090000
2022-06-07,69.43106079101562,69.48954638855996,68.45351307158074,68.83784790893671,2860300
2022-06-08,67.83523559570312,68.97988319694498,67.74332874640534,68.97988319694498,2240300
2022-06-09,66.28952026367188,68.50362838009256,66.26445592311384,67.69318070497869,3075600
2022-06-10,66.26447296142578,66.81591409329542,65.41225329107105,65.72139511116032,2974100
2022-06-13,63.766292572021484,65.75480936694949,63.46550766193794,65.43731701717347,3461900
2022-06-14,62.32920837402344,64.2508889692802,61.201268187438885,64.2508889692802,4899300
2022-06-15,62.56315231323242,63.498928288069976,61.69421884540877,62.780387273801416,3870900
2022-06-16,62.145389556884766,62.55479508770165,61.30987743196291,61.74434730661519,5482500
2022-06-17,61.33494186401367,62.31248942011471,60.69159402406784,62.10361141029222,7815900
2022-06-21,62.31249237060547,62.521370390318324,61.276452803224814,61.58559456720229,3381300
2022-06-22,63.01433181762695,63.45715228636706,62.24566208417422,62.24566208417422,3872200
2022-06-23,64.45976257324219,64.5349556057523,63.28168740163658,63.290044307843836,3097800
2022-06-24,65.28691864013672,65.4623754260282,64.46812030597651,64.66028453004496,3332500
2022-06-27,65.68798065185547,65.90520926465109,64.71042639646278,64.94437519974383,2358000
2022-06-28,65.61278533935547,66.32296957834963,65.50417102615282,65.88014904254575,3420400
2022-06-29,66.02217864990234,66.18928493333051,65.67126501638256,65.82165748424146,3078800
2022-06-30,66.6822280883789,67.34228350562844,65.48744536148838,65.6545516297839,3498000
2022-07-01,67.87701416015625,67.918792322902,66.37309591809957,66.87440199878513,3847400
2022-07-05,66.3647232055664,67.9939691733945,65.19500504623926,67.78509115831648,4957600
2022-07-06,66.86604309082031,67.67649097800012,66.19763712805475,66.65716503224624,3357400
2022-07-07,66.69058990478516,67.35064537062419,66.61539685935615,66.96631048693048,2623900
2022-07-08,66.32295227050781,66.77412959711081,66.08900988807333,66.64045096762761,3174800
2022-07-11,66.65716552734375,66.97466425838415,65.92191705050482,66.16421636518473,1636200
2022-07-12,66.2143325805664,67.05820156927867,65.63782720344746,66.28117507707756,2562500
2022-07-13,65.72139739990234,66.54019584461722,65.51251933500225,65.74646174777793,2708900
2022-07-14,65.81328582763672,65.92190648113628,64.47646773205815,64.61015272884175,2111800
2022-07-15,66.17256164550781,66.40651040881873,65.19501393158227,66.36473225032877,2851400
2022-07-18,65.17830657958984,66.12243304287018,65.14488532764382,65.85506940175395,3132300
2022-07-19,64.98612213134766,65.75479163901046,64.93599345133289,65.4623637148399,2884300
2022-07-20,63.3067512512207,65.03626110441049,63.27333637555619,65.01955366657822,4937700
2022-07-21,63.46550750732422,63.62425686905168,62.8890020353265,63.281693798892924,3262000
2022-07-22,64.62686920166016,64.66864736260888,63.657678337282974,63.80807079246507,2065500
2022-07-25,65.6712646484375,65.67962155617532,64.37622442500289,64.50154616880572,2697100
2022-07-26,66.2143325805664,66.28117507707756,65.16994247677198,65.48743477352302,1799100
2022-07-27,66.17256164550781,66.28953283993727,65.60441311208534,65.88849056602258,2164200
2022-07-28,67.94386291503906,68.06083413213399,66.41487381014407,66.75743692767439,2849100
2022-07-29,68.49529266357422,68.74594249781539,67.57622414800008,67.77675166473563,3470000
2022-08-01,68.96318054199219,69.03837358329613,67.76839779269385,68.40338887522122,3156500
2022-08-02,68.64568328857422,69.69007350627197,68.60390513008551,69.17205366349116,2651700
2022-08-03,69.51461791992188,69.70678854569107,67.68485039362845,68.54542700693469,2664500
2022-08-04,69.2555923461914,70.05768313804221,69.17204241724984,69.68170527057967,2977000
2022-08-05,68.9882583618164,69.40601456029523,68.11096779522937,69.14700775706355,2529700
2022-08-08,68.00233459472656,69.74020142767576,67.89372030808671,69.33915278374442,3383400
2022-08-09,68.82948303222656,69.2305316364143,68.25298403017405,68.30311271527827,2407200
2022-08-10,68.62895965576172,69.16368686075644,67.90206187344808,69.13862251903029,2758900
2022-08-11,68.31147003173828,69.00494021950506,68.04410641882244,68.51199114781232,2695800
2022-08-12,69.2054672241211,69.23053156664795,68.62896184819823,68.66238309638447,1845300
2022-08-15,70.72611236572266,70.87650482384724,69.07179532635223,69.34751589532273,4459900
2022-08-16,71.39451599121094,71.67859345810797,70.57571759285072,70.78459564592559,3642400
2022-08-17,71.53653717041016,71.94593625088811,71.01851745417753,71.26917359497246,2124200
2022-08-18,71.56160736083984,71.91252088708485,71.20233692936492,71.661864725795,1678400
2022-08-19,71.53653717041016,72.08797175592836,71.25245978587921,71.75376569301861,1904900
2022-08-22,70.65927124023438,71.54491219183586,70.366843225503,71.31096978005077,2088700
2022-08-23,70.1245346069336,70.73446127773465,69.69842162800276,70.73446127773465,2002200
2022-08-24,70.44203186035156,70.62584556509417,69.91566146677681,70.20808946320723,2859000
2022-08-25,70.43367767333984,70.55899939784159,69.92401474552638,70.52558452094239,2571400
2022-08-26,69.41436004638672,70.64256408771563,69.41436004638672,70.50052215902221,2788000
2022-08-29,69.8571548461914,70.31668896976569,68.71250117666567,69.13025715284218,1865600
2022-08-30,68.79605865478516,69.81538436854862,68.58718064375005,69.65664141478864,2783700
2022-08-31,68.34489440917969,69.36421384765336,68.3198236908777,68.81277915959066,3381800
2022-09-01,69.37935638427734,69.51413566659316,68.22527784981693,68.32636713175606,2038400
2022-09-02,68.93287658691406,70.1037998942402,68.74754948613985,69.44673575653893,2682700
2022-09-06,68.65487670898438,69.6320534992186,68.47797534391113,69.26982505827787,4410200
2022-09-07,70.24700927734375,70.3902142544206,68.99184805267016,69.07608589642504,3443700
2022-09-08,69.72471618652344,70.5081402527511,69.59836264917604,70.15433749430888,2871500
2022-09-09,70.05327606201172,70.65979250734229,69.53941676339285,69.91849034509156,2595600
2022-09-12,70.9293441772461,71.13994200013214,70.22173857727802,70.3228278459601,3700500
2022-09-13,69.27825927734375,70.74402477868902,69.01712002883384,70.32282912525464,3051800
2022-09-14,69.44673919677734,70.12907407712463,69.18559352959748,69.28668279691892,5389300
2022-09-15,68.16630554199219,69.48885968583662,68.0483712688037,69.48885968583662,4921000
2022-09-16,68.0820541381836,68.74754393406627,67.93042347042635,68.1157505562335,14132100
2022-09-19,68.38533020019531,68.46956804999304,67.4587009985484,67.85462596222727,2518500
2022-09-20,67.41657257080078,68.006250318245,66.91956480450553,67.94728318619411,2819400
2022-09-21,66.48995208740234,68.49484126434477,66.46468137423348,67.72826844816592,3615600
2022-09-22,66.07717895507812,66.3046217896764,65.71495042076539,66.23722893981918,2964800
2022-09-23,65.49592590332031,65.5717380380863,64.65353457337407,65.45380376604868,3493500
2022-09-26,63.8869514465332,65.30216905082656,63.32255083266754,65.09157123130038,3212500
2022-09-27,62.36222839355469,64.21549315378343,62.31168697097229,64.1986417282988,3817700
2022-09-28,63.06142044067383,63.39837828457842,62.25272547146458,63.05299472716872,2956600
2022-09-29,59.86032485961914,62.89293873883248,59.75924201493583,62.81712017838429,5208300
2022-09-30,58.21767044067383,60.30679752336875,58.133432585666775,60.19728895455322,5927600
2022-10-03,59.88560104370117,60.58478744235892,58.849463229390985,59.48968248761593,6405300
2022-10-04,60.23097229003906,60.660593612209105,59.565482454343496,59.91086593981657,6024400
2022-10-05,58.1334342956543,59.506530010774156,57.64484572453071,59.4896850100518,4912500
2022-10-06,55.56413269042969,57.754348915659854,55.44619841555132,57.754348915659854,7388200
2022-10-07,54.24156951904297,55.74102484512214,53.94673388081418,55.46303420324862,4691600
2022-10-10,54.3342399597168,55.06712271938192,54.04782999679627,54.250002113383445,3888300
2022-10-11,54.61223220825195,55.26087071331172,53.820382290675504,54.039405838992884,4155900
2022-10-12,52.78424072265625,54.61223158368658,52.66630645035776,54.511142310172524,6378000
2022-10-13,54.789127349853516,55.100814424221916,51.97554046281858,52.21140898312541,6225700
2022-10-14,54.1741828918457,55.53885912276401,53.87092472066501,55.24402345072674,4577700
2022-10-17,54.99130630493164,55.690492667962914,54.51114349246331,54.890223456161024,4322000
2022-10-18,56.0527229309082,56.49076361858127,55.783157947662595,56.06114864421043,2904600
2022-10-19,55.33669662475586,55.800008067916,54.8059858959291,55.34511591189453,2415900
2022-10-20,54.25843048095703,55.26929754029027,54.00571050265572,54.78070900994026,3300000
2022-10-21,55.201904296875,55.49673998484069,53.88777584369307,54.1910372447252,3607000
2022-10-24,55.606266021728516,56.17066679753148,55.05871024846921,55.597840306988054,5847200
2022-10-25,56.372825622558594,56.63397130221676,55.488318592239544,55.72418713365796,4108700
2022-10-26,56.54130935668945,57.063587877041876,56.01902440940111,56.78560361782742,4203600
2022-10-27,56.75191116333008,57.333156861385724,56.490765457947504,56.86984544565652,2762100
2022-10-28,58.47038650512695,58.5798950665867,56.64239239688631,57.00462093332818,3065500
2022-10-31,58.942115783691406,59.64130205170916,58.37771519829952,59.54021278973976,7312800
2022-11-01,58.731529235839844,59.24538850224078,58.51250567304526,58.984242798815444,3780400
2022-11-02,58.15869140625,59.60760535304499,58.15026569439141,58.52934560480734,3134100
2022-11-03,58.31875991821289,58.79049704938181,57.50163922534074,57.64484422202611,3770400
2022-11-04,56.54972839355469,57.63641399440646,55.88423846309806,56.718210517874276,7620900
2022-11-07,53.020111083984375,54.95761057084138,50.265490948963645,54.805979868842584,20566200
2022-11-08,52.750545501708984,53.42445793983915,52.45570981423578,53.31494937790224,8069700
2022-11-09,50.897281646728516,51.80706580826505,50.45924099132334,51.23423945769786,11129900
2022-11-10,52.53994369506836,52.83478257373733,51.11630357621884,51.9671173625622,8582900
2022-11-11,51.94184494018555,52.48097483219329,51.360596127889885,52.48097483219329,5615100
2022-11-14,48.82500076293945,52.16086966174373,48.81657826355716,52.03451289020188,15961400
2022-11-15,49.60000991821289,50.19810708181563,49.128269545156265,49.48207562831583,5575900
2022-11-16,50.21494674682617,50.33288101664337,49.532608625568024,49.532608625568024,4158900
2022-11-17,49.170379638671875,49.936955598705765,49.00190073475356,49.44837031215726,3660600
2022-11-18,49.835872650146484,49.894839788175666,49.27147198230486,49.53261124687182,7368300
2022-11-21,50.15597915649414,50.52663017447803,49.726357790669276,49.743206002414155,5112200
2022-11-22,50.75407791137695,50.96467574503412,50.24864439598692,50.36657866868007,3578800
2022-11-23,51.4111442565918,51.50380782139946,50.56875288702106,50.602449313036225,3608800
2022-11-25,51.83233642578125,52.202990659871816,51.59646788660931,51.714402156195284,1702100
2022-11-28,51.065757751464844,51.967116150884,50.914127066191746,51.47010517437055,6469000
2022-11-29,50.3497314453125,50.76250140784591,50.0717407569603,50.76250140784591,3895500
2022-11-30,51.47853469848633,51.6048914699253,49.827448462661025,50.19809949107041,9257300
2022-12-01,51.417205810546875,52.11560060629524,51.04245841372516,51.800472039672826,6435300
2022-12-02,51.502376556396484,51.73233628792338,50.89766618875946,51.033938261258825,4440700
2022-12-05,50.4803466796875,51.23836047059643,50.122630371661785,51.102088364915986,5548200
2022-12-06,49.611602783203125,50.73584828592533,48.88765794776236,50.46330411853708,9698900
2022-12-07,49.398681640625,49.80749792639359,49.0920686140528,49.151687452665946,6346400
2022-12-08,49.64567184448242,49.833043929808554,48.92172375673253,49.441262093510645,5615000
2022-12-09,49.63716125488281,49.901189883530414,49.304998197251415,49.55199240640724,7960300
2022-12-12,51.085044860839844,51.119113693447126,48.742866227304106,49.78194287894715,7001200
2022-12-13,51.085044860839844,51.93674618212557,50.30148120476868,51.7067864355005,6679100
2022-12-14,50.4803466796875,53.70829604116068,50.037461523980234,51.2553948899294,7844400
2022-12-15,50.11410903930664,50.76991948799148,49.7563927723045,50.3525843846528,6976800
2022-12-16,49.926734924316406,50.182244693322424,48.70028608369771,49.99487259550894,16155700
2022-12-19,50.46330642700195,51.2553889650153,49.850080397834745,49.98635248776269,7089700
2022-12-20,50.74436950683594,51.03394485545401,50.199277897423634,50.31851881912761,5518300
2022-12-21,51.1446647644043,51.44276218248622,50.76991734482496,50.98284267960515,3962500
2022-12-22,51.5194206237793,51.536451793172844,50.488859430382625,51.01691665310921,4147400
2022-12-23,51.77492904663086,51.77492904663086,51.144668579119994,51.383147181169434,2855200
2022-12-27,52.61811065673828,52.737348331098126,51.55348392283547,51.774928102917706,2955900
2022-12-28,52.3455696105957,53.00138010786989,52.226331929088246,52.77993916349648,2869800
2022-12-29,52.498878479003906,52.907694797747645,52.30298752933398,52.618116165847916,3121000
2022-12-30,52.22633361816406,52.70328760860244,51.51090425699812,52.58404992323866,3553600
2023-01-03,53.63164138793945,53.74236023725778,52.081545007650995,52.22633269475181,6226200
2023-01-04,53.8360481262207,54.457789797746976,53.56350392086626,53.657191600641205,7016700
2023-01-05,52.3455696105957,53.65719060514407,52.24336634772976,53.41871524212915,5700700
2023-01-06,52.69476318359375,53.10357945388694,52.14967482320283,52.88213852584672,7520000
2023-01-09,52.456295013427734,53.22282765569231,52.3370573244051,52.41371058863156,6622000
2023-01-10,52.66069793701172,52.77141677725355,52.13264074162158,52.32853166933743,6264500
2023-01-11,53.12913513183594,53.256888394586504,52.558493494804296,52.745868845618126,5578900
2023-01-12,53.58053970336914,54.15118138152794,53.00990127419363,53.29947990587497,3715100
2023-01-13,53.589054107666016,53.71681062579199,52.907693591954995,53.2909598973497,3581600
2023-01-17,53.24836730957031,53.81900563867335,52.984338728786426,53.50387705766097,5112800
2023-01-18,52.6436653137207,53.51240114166643,52.46480554842082,53.27392253759427,4663700
2023-01-19,52.813995361328125,53.15467717561801,52.24335705872252,52.660692118778506,3748000
2023-01-20,53.163204193115234,53.1802386123917,52.379640400297546,52.77142229670639,4146700
2023-01-23,53.63164138793945,54.11711095489885,52.89065878659453,53.04396530763257,4109600
2023-01-24,53.214298248291016,54.15968723625193,53.009891750289185,53.75087099126556,4898200
2023-01-25,53.07802963256836,53.23133614057184,52.61811010855792,52.98434196112369,3118100
2023-01-26,53.299476623535156,53.46129872430975,52.831038241587216,52.95879475466085,2718000
2023-01-27,53.18875503540039,53.63164016956201,53.06099852110993,53.15468619839185,2375500
2023-01-30,53.39316177368164,53.819012491047374,52.984345474888514,53.05248314917893,3799700
2023-01-31,54.20227813720703,54.236346973944144,53.12913577185268,53.70829300045125,8194000
2023-02-01,53.74235534667969,54.10858719705628,53.0098948949094,53.78494301452391,5232900
2023-02-02,52.80548095703125,54.117101747655276,52.75437770905198,53.921210837208726,6472600
2023-02-03,51.31500244140625,52.63513878387828,50.327029080377486,52.60958878499267,7882500
2023-02-06,52.584041595458984,52.66921042894963,51.102079850249346,51.246867516980004,4223500
2023-02-07,52.46480178833008,52.65217712474716,51.800475775917235,52.2263264503322,4446200
2023-02-08,50.7358512878418,51.596071506856575,49.66270897137821,50.95729546756128,9473600
2023-02-09,49.16872024536133,51.195770438150674,49.15168582789452,50.93174184088952,7762300
2023-02-10,50.71030044555664,50.90619137114954,49.23685746254518,49.458298389611926,5022800
2023-02-13,49.94377136230469,50.52292859493576,49.81601809712564,50.38665649602157,5977800
2023-02-14,49.44978332519531,49.798980761267345,48.9898637999347,49.69677425633193,5495200
2023-02-15,49.611602783203125,49.764909283481856,49.160202115150604,49.253889781874584,4260900
2023-02-16,49.483848571777344,49.60308949338412,48.512909524431095,49.27092322809675,5425200
2023-02-17,49.994876861572266,50.190767809491696,49.07503771588112,49.52644170359249,3907200
2023-02-21,49.483848571777344,49.994871346000515,49.262407643902,49.76491158494753,3668300
2023-02-22,49.151695251464844,49.61161486429764,48.93876986578116,49.47534274741943,3605600
2023-02-23,48.793968200683594,49.31350651292377,48.598077291786616,49.11761235504419,4171400
2023-02-24,48.54697799682617,48.70880008718176,47.89968638642096,48.57252799820261,4915800
2023-02-27,47.97633743286133,48.84506992953172,47.805996517226504,48.54697576390783,6682500
2023-02-28,47.37162780761719,48.018922647996355,47.124636887271535,47.7378596451779,6158100
2023-03-01,46.622135162353516,47.69527747601128,46.307003311190726,47.133154692860465,7611300
2023-03-02,47.41365432739258,47.430895896643705,46.33587534757398,46.53418628516616,5276400
2023-03-03,48.232765197753906,48.25001005665353,47.215341546519724,47.525742428471915,5971100
2023-03-06,48.258636474609375,48.448323353477385,48.025835801837985,48.16379139061503,4681200
2023-03-07,47.129119873046875,48.35347852459971,46.89631921488288,48.21551965535839,4625900
2023-03-08,47.387786865234375,47.56023216517865,46.887699113428546,47.060144413372825,3424100
2023-03-09,46.7928581237793,47.82752672475625,46.71525789647801,47.37054614659495,4231100
2023-03-10,45.8788948059082,47.034274003394806,45.71507358512205,46.904942499338496,4088800
2023-03-13,46.73249435424805,47.836138909320404,45.628846510055475,45.71507079662064,5463400
2023-03-14,47.1722297668457,47.611965434080865,46.53418645043449,47.23258512680027,3980000
2023-03-15,48.206905364990234,48.45695091549535,46.732504287108476,47.172236730133925,5175400
2023-03-16,48.18103790283203,48.81908128938878,47.784412693514255,48.1465481821747,4467700
2023-03-17,47.76716613769531,48.23276416149997,47.37916504359106,48.12929829944565,9392100
2023-03-20,47.95685577392578,48.198280518161155,47.44814392984785,47.62921331030454,4195200
2023-03-21,46.63765335083008,47.9740986624987,46.016851589902,47.870632798717516,5097800
2023-03-22,45.8788948059082,46.95667378531285,45.8788948059082,46.456586049211715,3737500
2023-03-23,45.02529525756836,46.197919301998205,44.86147074925748,45.72369392438291,4159000
2023-03-24,46.413475036621094,46.42209582114839,44.99942626835661,45.10289541740646,3059300
2023-03-27,46.67214584350586,47.05152289267426,46.525566179406695,46.70663227406975,3958500
2023-03-28,47.18085479736328,47.48263160325558,46.36174209535785,46.525563320110734,2750900
2023-03-29,47.92237091064453,47.97410220179135,47.42227983542032,47.42227983542032,3121800
2023-03-30,48.0172119140625,48.36210253190612,47.818900959994664,48.20690208278856,2824400
2023-03-31,48.206905364990234,48.23277101189734,47.698193478051266,48.04308411937701,3466600
2023-04-03,47.91374588012695,48.370723151450804,47.465389394115334,48.284502141845785,2973300
2023-04-04,48.55179214477539,48.646633938931906,47.73267940361513,48.07756672838953,2980700
2023-04-05,49.50023651123047,49.836503051522115,48.67250298295555,48.84494829029299,3979000
2023-04-06,50.06068420410156,50.12966035530892,49.33641652626021,49.84512838675736,3198000
2023-04-10,49.97446823120117,50.069313332896485,49.25020043267124,49.586467037502764,2741400
2023-04-11,50.07792663574219,50.30210322769598,49.793391391867914,50.00894719875912,2299600
2023-04-12,49.91410446166992,50.49179576161217,49.68992785918774,50.18139485885165,2112100
2023-04-13,50.31934356689453,50.49178885474133,49.224319771555706,49.733031561687596,2897000
2023-04-14,49.9485969543457,50.138287136366685,49.67268575638114,50.112418200286875,2640700
2023-04-17,50.59526443481445,50.60388522075934,49.86237593202499,50.17277356285473,3825200
2023-04-18,49.457130432128906,50.56077523525025,49.362285340150486,50.56077523525025,4119300
2023-04-19,49.517486572265625,49.83650828642197,49.146730273737575,49.45713120172581,4554400
2023-04-20,49.327789306640625,49.681300692981274,48.52592145411564,49.56058996922406,6056300
2023-04-21,49.75890350341797,49.91410395321727,49.11223605896111,49.73303785815832,3224000
2023-04-24,49.59507751464844,49.90547838449573,49.086365708869906,49.83649895158727,4724700
2023-04-25,49.41401672363281,49.89685964916869,49.284681917652414,49.75890405771262,3014500
2023-04-26,48.38796615600586,49.30192395273319,48.344855652856204,49.06050250379866,3119200
2023-04-27,49.44850540161133,49.50023998417847,48.31899497308968,48.3448606198128,2832400
2023-04-28,49.26743698120117,49.922728506442176,49.00877065876214,49.46574793804179,3129000
2023-05-01,49.250186920166016,49.707167440307686,48.98289984049111,49.112231343492404,3699300
2023-05-02,47.87925720214844,49.336416635663795,47.54299065260513,49.23294747494219,4039900
2023-05-03,48.07756423950195,48.93116665568641,47.96547759154114,48.241388752725506,3482900
2023-05-04,48.77597427368164,48.991530109534615,47.86201634558145,48.35348667731758,3673700
2023-05-05,48.70698928833008,49.31916696180528,47.74129695057493,48.65525471301877,4139700
2023-05-08,48.71561813354492,49.37953049218333,48.405217208558554,48.74148378092013,3764600
2023-05-09,48.71561813354492,49.11224007586262,48.12930600615311,48.67250762487925,3449100
2023-05-10,48.58627700805664,49.16396827433335,48.17241025820135,49.08636805316545,3730100
2023-05-11,47.81889724731445,48.65525479272161,47.53436530543725,48.6207650757909,3379600
2023-05-12,47.58610534667969,48.336242026891846,47.34468386198853,48.12930697635583,2475200
2023-05-15,47.22396469116211,47.77578700860814,46.84458767019808,47.77578700860814,2941500
2023-05-16,45.55987548828125,47.215342506870805,45.55125470321635,47.215342506870805,3264900
2023-05-17,45.887516021728516,46.17204794422778,45.59436002602369,45.654715381981724,4057900
2023-05-18,45.42192459106445,45.6116147732746,44.84423325847943,45.56850097613889,4886800
2023-05-19,44.9390754699707,45.92200946185517,44.930454684568524,45.71507772099566,4237000
2023-05-22,44.97356414794922,45.23223046259162,44.56831817189972,45.077030015982054,3781500
2023-05-23,45.08565902709961,45.63748143585908,44.79250296130601,44.83561347028016,3087400
2023-05-24,44.24067306518555,45.387428197599995,44.23204899137767,45.085651396733155,3049700
2023-05-25,43.4819221496582,44.128589637560175,42.904230816789564,44.128589637560175,4344500
2023-05-26,42.990455627441406,43.45605701359415,42.73178928706354,43.36121192132737,3753500
2023-05-30,42.886985778808594,43.28360768327838,42.66280589254608,43.06805187139863,4130700
2023-05-31,43.35259246826172,43.568148323078645,42.58521415137287,42.921480758627865,4871900
2023-06-01,42.83528137207031,43.4819157338266,42.36341089182176,43.315888713031306,4421800
2023-06-02,43.569297790527344,43.65667972482832,42.529434771947294,42.704201973956366,4539400
2023-06-05,44.128543853759766,44.731487114309495,43.831440652893235,44.05863564959981,4071500
2023-06-06,45.107242584228516,45.15967374572459,44.163505011149475,44.41691729160305,5817300
2023-06-07,46.356815338134766,46.636441482801374,44.65284122735559,45.369383639739596,7075900
2023-06-08,46.566551208496094,46.63645609986945,45.58785606200808,46.278184781385974,5877300
2023-06-09,46.39177322387695,46.8898575430324,46.33934206744754,46.645185479842176,3968700
2023-06-12,45.87621307373047,46.43546542356988,45.683968828445565,46.40925151136083,3970300
2023-06-13,45.77135467529297,46.08593495944179,45.35191540756354,45.58784728726817,3428000
2023-06-14,45.92863845825195,46.627703807677584,45.78008519645784,46.04223428581663,3308600
2023-06-15,46.19953155517578,46.37429875292785,45.83252343996277,46.208271748437255,3833200
2023-06-16,46.601497650146484,47.23065490257612,46.365562430457715,46.47042141696148,9868200
2023-06-20,46.461673736572266,47.09083422102345,46.129619777251065,46.601490140589455,4952600
2023-06-21,46.566551208496094,46.715101186044244,45.605333118203326,46.31313889377646,3324500
2023-06-22,46.313133239746094,46.84617172169965,46.15584308659891,46.785003699187655,3627700
2023-06-23,45.282005310058594,46.53158620148462,45.14219222663923,46.53158620148462,6304600
2023-06-26,46.1296272277832,46.14710428110812,45.098504415462536,45.36065354852216,3592600
2023-06-27,45.884952545166016,46.313132024925785,45.79757061055731,46.17331892950758,3675600
2023-06-28,45.14219284057617,45.989811545375076,44.95868879110638,45.911166476544174,3966100
2023-06-29,45.282005310058594,45.50046346123927,44.53050873665196,44.748966887832644,2677300
2023-06-30,45.255794525146484,45.62280264444984,44.62663393958978,44.722756066095066,6055700
2023-07-03,45.97233581542969,45.98107267514804,44.932472838375375,45.05481220828123,1703800
2023-07-05,46.39177322387695,46.793735422948565,45.482986512874895,45.66649056026757,4475600
2023-07-06,45.74513244628906,46.12962089988032,45.308216173322,45.89368571246931,3410100
2023-07-07,45.64902114868164,46.13836532123348,45.25579577187593,45.34317770742957,3214400
2023-07-10,45.072288513183594,45.561632651058744,44.81887625126572,45.50046463382435,3321900
2023-07-11,45.43055725097656,45.4567711616576,44.46060255489734,45.1247138482686,3226700
2023-07-12,46.042240142822266,46.30439259893584,45.49172798516044,45.70144594996296,2660600
2023-07-13,46.348087310791016,46.45294630166951,45.95486192823763,46.050984058795926,3921500
2023-07-14,45.99855041503906,46.444206935692215,45.85000046375937,46.19079466578411,3443000
2023-07-17,44.83634948730469,45.99854504923785,44.81887243623868,45.98980819040817,2772700
2023-07-18,44.609153747558594,45.39560442416944,44.076115326012,44.880043054703854,3463900
2023-07-19,45.413082122802734,45.80630413329967,44.60915438266526,44.783921572556615,3028800
2023-07-20,46.40924835205078,46.461676172899864,45.08975930390364,45.570369884398325,2871800
2023-07-21,46.99472427368164,47.2830906814956,46.39178087562618,46.55780789825981,2940400
2023-07-24,47.09083557128906,47.40541582253481,46.8898544848613,47.099575763494016,2296500
2023-07-25,47.29181671142578,47.475324080465306,47.01219056186902,47.27433966040265,2464000
2023-07-26,47.58018493652344,47.833597186279434,46.96850146012878,47.20443665816986,2149900
2023-07-27,46.627708435058594,47.449109885474606,46.461678106376006,47.22191487439166,2946500
2023-07-28,46.75004577636719,47.30056126746153,46.5315876185337,47.12579407451335,2930400
2023-07-31,46.793739318847656,47.387945807558694,46.601498396081475,47.22191879848628,3620300
2023-08-01,45.701446533203125,46.89859631999911,45.68396948034538,46.73256931796103,3922800
2023-08-02,45.73639678955078,46.19079012538747,45.509201788335794,45.65775172501353,3649700
2023-08-03,44.33827590942383,45.649025055345916,44.24215377204435,45.52668566833093,4775400
2023-08-04,43.001304626464844,44.626633916023295,42.49448341435065,44.43438966311425,6668700
2023-08-07,42.94013214111328,43.429479582444074,42.791582203609686,43.07120836053964,4680400
2023-08-08,43.053733825683594,43.06247068523291,42.223592165407915,42.95761170360652,6304100
2023-08-09,43.42074966430664,43.86640624908308,42.8527603570093,42.96635621842426,4198300
2023-08-10,43.58677673339844,43.93630781916036,43.28093328327357,43.60425378769762,3672400
2023-08-11,43.3333625793457,43.96252317338276,43.2459806450215,43.69163384352633,5298300
2023-08-14,42.80906295776367,43.385792372990416,42.3634064398934,43.33336121400362,3670600
2023-08-15,41.76919937133789,42.41583698925315,41.71677154651163,42.40709679617746,4092300
2023-08-16,42.01387405395508,42.302237085762215,41.81288961755364,41.90901173929165,3269400
2023-08-17,42.02260971069336,42.677984158250396,41.80415156150768,41.891533487819224,2842200
2023-08-18,42.31972122192383,42.47701138684018,41.917758948652015,41.94397286500225,6942700
2023-08-21,42.04882049560547,42.17115651670876,41.5070452592595,42.09251145551285,3412200
2023-08-22,41.76919937133789,42.0488255484345,41.62064942312087,41.97892067086383,2560800
2023-08-23,41.76919937133789,42.02261163602137,41.42840517633933,41.85658463505994,2660700
2023-08-24,42.00513458251953,42.49448205913326,41.59443217655075,41.629386282038936,3680400
2023-08-25,42.39835739135742,42.68672041081247,41.952700906644935,42.092513986800334,3342500
2023-08-28,42.75663375854492,42.82653864032443,42.26728625245972,42.56438950018874,4312700
2023-08-29,43.30714416503906,43.34209493509221,42.66924677722586,42.93139588636177,3571700
2023-08-30,43.25471496582031,43.42074196465252,42.86148961763147,43.25471496582031,3141600
2023-08-31,42.996063232421875,43.90842194294261,42.987203478122055,43.56296586338645,5234500
2023-09-01,42.41145324707031,43.527542610332226,42.07485347316307,43.23523485907595,4087500
2023-09-05,41.44594192504883,42.446878014474805,41.109342183813645,42.37601686732384,5914500
2023-09-06,40.701881408691406,41.41936615349696,40.604444374456925,41.304216366680386,10714900
2023-09-07,40.772743225097656,41.313073420896046,40.56015640055817,40.99418980508017,7001600
2023-09-08,41.738250732421875,41.764826619924776,40.54244054399836,40.81703552148381,6539800
2023-09-11,41.89768981933594,41.96855434273073,41.40165167159824,41.47251281598657,6339400
2023-09-12,42.13685607910156,42.26086562651848,41.62310175708763,42.04827879637711,3871800
2023-09-13,42.29629898071289,42.55317783784011,41.75596875675798,41.98627510418474,4611600
2023-09-14,42.969486236572266,42.98720236570723,42.4645883827472,42.73918331582997,5719800
2023-09-15,42.9340705871582,43.359247680394496,42.730340107837094,42.818917401800306,7657500
2023-09-18,43.07578659057617,43.31494928526119,42.60631757700643,43.02263819875514,4071900
2023-09-19,42.38487243652344,43.137792807081105,42.35829992922363,43.04921215107087,4185300
2023-09-20,42.491172790527344,43.350383262408045,42.28744233311205,42.6506146057231,4795300
2023-09-21,41.97740936279297,42.446874988597244,41.66738553047059,42.305149325391824,4219500
2023-09-22,42.29629898071289,42.34944737912064,41.85340579766878,41.85340579766878,5634800
2023-09-25,42.438018798828125,42.464591304856036,41.50794391878119,42.065990198411896,5519700
2023-09-26,40.799320220947266,42.51774451185914,40.76388795622576,42.411451096701384,6859200
2023-09-27,40.26784133911133,40.78159897614748,39.74522732650842,40.746166715867815,7536700
2023-09-28,39.09860610961914,40.63101597837828,39.04546109504204,40.54243870141211,5110500
2023-09-29,39.56807327270508,40.02868256435572,39.16061237667028,39.49721212422395,5903900
2023-10-02,37.47761917114258,39.461778569811905,37.09673079587001,39.4174899310839,8691900
2023-10-03,37.619346618652344,37.86736571044446,36.49439757101331,36.972723001475266,10466400
2023-10-04,37.176448822021484,37.99137052441299,36.97271839642361,37.654770813900456,6008400
2023-10-05,36.29952621459961,37.070159435375416,35.67947505968508,37.034730547471376,8615900
2023-10-06,36.937294006347656,37.09673583061302,34.75826024673035,35.89206577127783,7236600
2023-10-09,37.36246871948242,37.371325096268315,36.55640327169491,36.78670623720272,5562800
2023-10-10,37.725643157958984,37.95594613670255,37.17645653248819,37.47762404561868,6391700
2023-10-11,38.053375244140625,38.15081226909404,37.45104034352521,37.96479797364094,3227500
2023-10-12,36.804412841796875,37.92936162675651,36.627254940880896,37.8053521098171,4853700
2023-10-13,37.096736907958984,37.58391877224855,36.848714408006025,36.93729507906319,5534900
2023-10-16,37.39789581298828,37.52190534488253,36.29951939805601,37.1764492548896,6253400
2023-10-17,37.12330627441406,37.76107353596094,36.81328239949922,37.0524451225793,4615200
2023-10-18,36.104644775390625,37.1853050431257,36.01606750515272,37.00814712364362,7986600
2023-10-19,35.99835205078125,36.591830585331394,35.599747569218664,35.87434251851874,6496900
2023-10-20,35.449161529541016,36.34380403916273,35.44030177594734,35.96291573077764,5447500
2023-10-23,35.0151252746582,35.5997439959341,34.70510147512022,34.92654801164906,6403900
2023-10-24,35.74147033691406,35.87433961300911,35.16571135818298,35.43144653136702,7758800
2023-10-25,35.90978240966797,35.98950332292109,35.077141009244954,35.528893977348304,6750500
2023-10-26,36.2906608581543,36.63611692754456,35.83890801433155,35.83890801433155,6863800
2023-10-27,35.502323150634766,36.17551937748988,35.43145861148833,36.104654838343436,4602900
2023-10-30,35.43144989013672,36.024925053873446,35.16571469176197,35.63518032152424,5347000
2023-10-31,35.714900970458984,35.75033323106414,35.02398878369022,35.55545917674214,8996000
2023-11-01,35.62632369995117,35.90091527214065,34.9354081341373,35.70604459681407,5950400
2023-11-02,36.388099670410156,36.53868170642879,35.82119364920574,35.945206558817084,8291700
2023-11-03,38.62914276123047,39.01003115709225,36.45896555618253,37.7256402905123,14830600
2023-11-06,40.382991790771484,40.56900607627149,38.93030300666575,38.98344801451942,13464500
2023-11-07,40.374141693115234,40.746170321957756,40.10840309650587,40.365281937758056,9494700
2023-11-08,40.693023681640625,40.755028455788214,39.86038572951105,40.152696846784046,12275500
2023-11-09,39.7452278137207,40.994186282335306,39.50606512241071,40.69301882427899,6288900
2023-11-10,39.824951171875,40.2058395505723,39.4263466617259,40.04639774651266,3994600
2023-11-13,39.444061279296875,39.8515255290365,39.19604220650388,39.8160932674928,4715000
2023-11-14,41.180206298828125,41.330788346899624,40.36528115118546,40.42728592145096,6285500
2023-11-15,41.8356819152832,42.24314275724467,40.87903457419947,41.12705362947929,7506600
2023-11-16,41.51679992675781,42.36715728118975,41.33078562819715,42.06598982585072,6723000
2023-11-17,41.41936111450195,41.941975106264984,41.10048092171969,41.906546226404416,5251100
2023-11-20,41.109344482421875,41.48137650753782,40.63987879690123,41.23335403112493,4472700
2023-11-21,41.11819839477539,41.36622085632312,40.8347470492979,41.20677905211621,4005400
2023-11-22,41.321937561035156,41.38394233968909,40.622165483075584,41.27764553713348,2685200
2023-11-24,41.596527099609375,41.747112539503775,41.056196873588206,41.32193548763634,1650300
2023-11-27,41.5522346496582,41.72939258312235,41.12705763674818,41.499086255917,4418600
2023-11-28,41.63195037841797,41.995122576346056,41.304210438581926,41.481368350035986,3582200
2023-11-29,41.39278793334961,41.91540191657127,41.28649453749273,41.55222971663799,4859800
2023-11-30,40.74397659301758,41.561731607526376,40.62715346865656,41.40896580706203,8814200
2023-12-01,41.93915939331055,41.99307855459185,40.770938322958266,40.833842297115034,5664600
2023-12-04,41.45390319824219,41.93017715409399,41.06749108869875,41.41795708851496,6342800
2023-12-05,41.624637603759766,41.76841859920589,40.75296339061239,41.5257875266388,7371400
2023-12-06,42.469356536865234,42.76590681021754,41.79538238252981,41.876259418170456,7733600
2023-12-07,42.45138168334961,42.75691673282199,42.1997623656604,42.676039707137846,5641000
2023-12-08,42.67604064941406,42.774887302535504,42.397463459682356,42.5682023274479,6508800
2023-12-11,42.819820404052734,42.9725862137097,42.37948917220089,42.51428535672945,6805200
2023-12-12,42.819820404052734,42.8467782697547,42.28962733452143,42.8467782697547,6744700
2023-12-13,44.4553337097168,44.52722249939801,42.37949220202385,42.738946434458775,5543000
2023-12-14,44.1767578125,45.560652191821504,44.01500374592945,44.967555090399394,6679600
2023-12-15,43.56568145751953,44.37445167529898,43.18825764122861,43.844258627645615,8031000
2023-12-18,43.29609298706055,44.0060131381997,43.215215964424324,43.78135512287788,7526300
2023-12-19,43.14332580566406,43.7004801783231,43.08941007334891,43.385956885110524,5148200
2023-12-20,42.397457122802734,43.37696611886613,42.379484071828024,43.260143001535,7004900
2023-12-21,42.011051177978516,42.59516342117558,41.64261214968774,42.5142863940869,4829100
2023-12-22,42.05598068237305,42.92765489743295,42.02003457643031,42.298611755472486,4624300
2023-12-26,42.2806396484375,42.46935156684486,41.9032158116228,42.04699681060117,3369200
2023-12-27,41.795379638671875,42.262668766361514,41.60666771056921,42.19077997718366,4231300
2023-12-28,42.28962707519531,42.43340807140639,41.49882988202974,41.678556984295916,3463900
2023-12-29,42.2357063293457,42.32556816309807,41.90321343085088,42.00206350478402,3644300
2024-01-02,43.5926399230957,44.09587511309731,42.020033810851125,42.08294120910944,4915900
2024-01-03,43.520751953125,43.691490814416156,42.80184697399204,43.40392882276297,4674300
2024-01-04,43.314064025878906,43.61959904963193,43.17926785174909,43.610610809751755,3524800
2024-01-05,44.06892013549805,44.104866243141025,42.90968387408325,43.197245879208076,3738600
2024-01-08,44.041954040527344,44.36546211803526,43.700476339165995,43.97905007301293,4093200
2024-01-09,43.385955810546875,43.87121795742105,43.28710573307146,43.61960207149045,4618700
2024-01-10,43.07143783569336,43.412919001531264,43.02650691524325,43.35899984018544,3223800
2024-01-11,42.33456039428711,43.05346541610707,42.01105227746574,42.95461533285504,4629300
2024-01-12,42.532257080078125,43.01751578758851,42.2357068545908,42.702995937534624,4734200
2024-01-16,42.0200309753418,42.52326613138512,41.78638816275574,42.3255659936522,6915300
2024-01-17,41.489845275878906,42.271657725019466,40.95965559116538,41.65159933928663,4891400
2024-01-18,40.86978530883789,41.38200530417748,40.37553836589731,41.25619736539362,5408300
2024-01-19,40.726009368896484,40.95066740973462,40.37554337367054,40.941682596425345,4233300
2024-01-22,40.501346588134766,41.202278496555714,40.45641567082739,40.80688162503787,4414000
2024-01-23,40.25872039794922,40.71702472282685,40.03406235618833,40.59121333991263,5496700
2024-01-24,39.67460250854492,40.681069346524005,39.575752444206024,40.546273180969344,5693400
2024-01-25,40.60918426513672,40.6361455597808,39.9262253623211,40.186829499820405,3985700
2024-01-26,40.941680908203125,41.11241977811625,40.65411890202865,40.70803463568041,4511800
2024-01-29,40.824859619140625,41.18431385712768,40.45642056780825,40.85181748718627,3338700
2024-01-30,41.10342788696289,41.38200160421729,40.52830054564421,40.81586250229909,4144700
2024-01-31,41.0854606628418,41.65159641703949,40.869787450759766,41.38200747294401,6600700
2024-02-01,41.94813919067383,41.98408529095929,40.79789140560934,40.9686302399521,4581900
2024-02-02,41.01356506347656,41.75943128950651,40.582222102932754,41.516800231448904,3650000
2024-02-05,40.15986251831055,40.6810707195031,40.11493160427888,40.4923588237647,3683700
2024-02-06,40.519317626953125,40.681071663628316,39.84534361680954,39.99810941366439,4070700
2024-02-07,39.98014450073242,40.82485745889139,39.845348311617606,40.82485745889139,4481000
2024-02-08,39.70156478881836,39.953180669313106,39.24326051733519,39.80939967645764,4033900
2024-02-09,40.168861389160156,40.18683444513144,39.4589411043391,39.5577911981762,3145000
2024-02-12,40.63614273071289,40.80688158752767,40.05203052222619,40.186826702033656,3600900
2024-02-13,39.86331558227539,40.57323567633878,39.11744938592825,40.3485776790789,4106700
2024-02-14,40.3126335144043,40.40249534642382,39.683590406240135,39.97115238231361,3570300
2024-02-15,40.878780364990234,41.21127331978733,40.36655685623551,40.47439518861009,4361900
2024-02-16,41.21126937866211,41.22924243233907,40.40249910324632,40.681076293224976,6185200
2024-02-20,40.752967834472656,41.66957306589535,40.7170251526988,41.19329910929707,4807900
2024-02-21,41.59768295288086,41.6246408203573,40.73499691353896,41.04052855296415,4778100
2024-02-22,40.97761917114258,42.19975927965893,40.32161820101436,40.99559222309242,7675500
2024-02-23,43.00853729248047,43.17029136141243,41.112422817341205,41.112422817341205,11570900
2024-02-26,41.840309143066406,42.685022029138686,41.480854954775246,42.64009111260459,7000100
2024-02-27,42.94563293457031,42.96360598962759,41.93017760589753,42.16382046562264,6555300
2024-02-28,43.4488639831543,43.493798333994675,42.792862911398984,42.909686053166546,7247500
2024-02-29,43.58372497558594,43.939100795957486,43.22834567918031,43.73863095840058,9703600
2024-03-01,40.81361389160156,42.82741267460607,40.24865403017055,42.690728052252105,13834300
2024-03-04,42.55403518676758,42.80006535362866,40.54023695835286,40.631357697471756,9867900
2024-03-05,42.00730514526367,43.565496380889,41.90707371114237,42.81829511104859,7625000
2024-03-06,42.91852951049805,43.24656979329466,42.308012798875254,42.65427792805324,8225400
2024-03-07,43.729522705078125,44.84121060672718,43.6019487711525,43.61106293302147,9605600
2024-03-08,43.7386360168457,44.08490119193539,43.3741459929582,43.729525330464035,4393400
2024-03-11,43.41059494018555,43.89354125885928,43.255688942133375,43.54727956578934,4644000
2024-03-12,42.80918884277344,43.75686010763672,42.754514297327106,43.28302447520508,4942700
2024-03-13,43.80241775512695,43.92087752484502,43.036991546855376,43.036991546855376,7598800
2024-03-14,43.38325500488281,43.81153021070032,43.03698987090198,43.67484559896118,7035300
2024-03-15,43.592838287353516,44.04844905395377,43.21012343587147,43.28302282702397,11847800
2024-03-18,44.20335006713867,44.46760511624997,43.46526293304463,43.69306829068529,8115600
2024-03-19,44.20335006713867,44.56784002977729,44.0484440924393,44.28536013493066,8266800
2024-03-20,43.884429931640625,44.2671447921205,43.52905408150285,44.14868501672978,4506500
2024-03-21,44.194244384765625,44.71364038089559,43.756858465710614,43.966439001339,5090600
2024-03-22,44.030216217041016,44.43115236752847,43.884420937224334,44.412930999080835,3857300
2024-03-25,43.9664421081543,44.08490188919651,43.62929109014828,43.99377764376614,3960700
2024-03-26,42.53581619262695,43.98465839045419,42.42647059544203,43.82974894141118,8490500
2024-03-27,44.212467193603516,44.2398027260231,42.49936981594914,42.67250412403083,6547100
2024-03-28,44.82298278808594,44.9687780840174,44.13956668665082,44.330925836838524,5401400
2024-04-01,44.79564666748047,44.86854605250489,44.07578088251725,44.7500862898572,4255000
2024-04-02,44.394710540771484,44.96877755649822,44.17601586142273,44.64985143665003,3771400
2024-04-03,44.31269836425781,44.80475528634466,44.11222854071964,44.47671849696471,3553900
2024-04-04,44.3309326171875,44.87766419154375,43.88443249983673,44.82298964369429,6326800
2024-04-05,44.258026123046875,44.45849595698057,43.702180475164546,44.15779120608003,3825900
2024-04-08,44.449378967285156,44.7591943836342,44.11222802115154,44.294472997127535,2656900
2024-04-09,45.15102005004883,45.18746974059987,44.40381877392145,44.631624125814774,4358700
2024-04-10,44.467613220214844,44.62252269917948,43.4561566917928,44.05756280652557,4737100
2024-04-11,44.66807556152344,44.83209569937751,44.09400507903418,44.777421161414836,3753100
2024-04-12,44.567840576171875,45.059900988956414,44.094005009346084,44.87765600540281,5523700
2024-04-15,43.66572952270508,45.14191075102851,43.65661883780457,44.74097109472806,4414100
2024-04-16,42.6998405456543,43.60194789462773,42.481145853641046,43.60194789462773,3467500
2024-04-17,44.030216217041016,44.13045112367129,42.96408888513786,43.12810900943583,3124800
2024-04-18,44.258026123046875,44.47672080334127,43.89353614790088,44.29447581576828,2822700
2024-04-19,45.415279388427734,45.54284984138976,44.358262594698466,44.47672236217784,4112400
2024-04-22,46.13513946533203,46.1715856787643,45.04167311358863,45.25125361396744,4257200
2024-04-23,46.17158889770508,46.57252855771571,45.77976687474717,45.88911247473463,4636500
2024-04-24,46.68187713623047,46.800336904794996,45.21480996165975,45.57018579131916,3538300
2024-04-25,46.44496154785156,46.67276692569892,45.88000170804547,46.49052192821419,4517600
2024-04-26,45.971126556396484,46.672767546624975,45.74332117551844,46.472297699121334,3477100
2024-04-29,46.59986877441406,46.827674158314046,46.18981838818724,46.2627177795317,2603800
2024-04-30,46.45407485961914,46.9279104894523,45.75243383906048,46.13514870301721,4741100
2024-05-01,46.60898208618164,47.46552906264943,45.4972907206965,46.40851223967534,7031600
2024-05-02,46.61809539794922,47.73889751230473,46.1807094613252,47.529316968257874,4651600
2024-05-03,46.83678436279297,47.246831238338736,46.16247895396912,47.08281109770682,3741800
2024-05-06,46.84590148925781,47.06459619884899,46.50875047650447,47.000810966058744,3001000
2024-05-07,47.492862701416016,47.60221178207624,47.00080574258142,47.21038626646236,3547600
2024-05-08,47.520206451416016,47.59310236976267,46.95524657306582,47.29240105802674,3172600
2024-05-09,48.14894104003906,48.38585708504021,47.31972966848413,47.60220956632321,3716000
2024-05-10,48.35852813720703,48.9052596853494,48.06693751472651,48.75035368792168,5043400
2024-05-13,48.3311882019043,48.62277879783458,47.82090292100926,48.294738508404485,5545600
2024-05-14,48.14894104003906,48.6227766060753,47.99403158766474,48.586326914218525,3459600
2024-05-15,48.49520492553711,48.7230102797893,48.32207063164378,48.63188605246812,4123200
2024-05-16,48.5681037902832,48.80502331971832,48.467868872140194,48.57721795158751,2709600
2024-05-17,48.75034713745117,48.83235720625647,48.3585216393852,48.65011222268537,2898100
2024-05-20,49.0054931640625,49.13306362312005,48.513436175702566,48.89614755287522,3654100
2024-05-21,49.15128707885742,49.4155421514402,48.75946155083032,49.08750185113526,3389600
2024-05-22,48.75034713745117,49.12394778955664,48.668337068645876,48.98726318286983,4214200
2024-05-23,47.87557601928711,48.61366317224016,47.75711625699769,48.3858578087788,3438200
2024-05-24,48.10337829589844,48.1398279859614,47.83912325699266,48.076039290334336,2134100
2024-05-28,48.19451141357422,48.57722630538698,47.91203493317648,48.02138055539384,4443100
2024-05-29,47.784454345703125,47.784454345703125,47.48375305737829,47.6842229002843,5227200
2024-05-30,48.75034713745117,48.80502167533268,47.80267600370865,47.97581030231646,5371700
2024-05-31,49.75428771972656,49.80965355228735,48.69313566219344,48.859229639891545,8083400
2024-06-03,49.52360534667969,49.89270388183035,49.209876167781474,49.65279229797157,5037000
2024-06-04,49.16373062133789,49.569739667840224,48.988410773065404,49.29291403795805,4399100
2024-06-05,48.46245193481445,49.03455148116281,48.388630821745295,48.896142174134745,3437300
2024-06-06,48.231773376464844,48.95151173551394,48.14872637196034,48.25945453797137,3399800
2024-06-07,47.46588897705078,47.99185209823623,47.39207138249054,47.70580407933664,4802600
2024-06-10,47.48434829711914,47.6688975792036,46.82920168970484,47.29979901503468,4894400
2024-06-11,47.54893493652344,47.84421234830978,47.022971826779994,47.15215525443847,4103000
2024-06-12,46.87533187866211,48.1856284387267,46.72769317668145,48.084126171117944,3497700
2024-06-13,46.773834228515625,47.17984333903144,46.506241474748435,46.88456590592066,2948200
2024-06-14,46.53392028808594,46.73692483310931,46.155595875987046,46.50623913012256,2163900
2024-06-17,45.629638671875,46.17405714232147,45.40817881949637,46.13714658026088,6136000
2024-06-18,45.601951599121094,45.915684320215156,45.38049527833985,45.62963627920732,3827900
2024-06-20,45.96181869506836,46.48778179298955,45.67576716883684,45.86031642705123,3887700
2024-06-21,45.408172607421875,46.17405082547084,45.34358089264479,46.09100383218824,6341700
2024-06-24,46.04486083984375,46.09099726954621,45.315893282599475,45.44507669375994,4045800
2024-06-25,45.38971710205078,46.09100360181752,45.29744422996884,45.86031790162822,2629400
2024-06-26,45.44508743286133,45.57427087454905,44.90066898575964,45.21440170985188,2823500
2024-06-27,45.77727127075195,45.80495242859854,45.22362347392893,45.43585741736766,2823700
2024-06-28,45.21439743041992,45.777271104485926,44.72534487032265,45.67576883277115,6707000
2024-07-01,44.300880432128906,45.58349588534329,44.282428673651516,45.297444349161474,3525900
2024-07-02,44.78993606567383,44.872983057933425,44.31933526954132,44.43006693921039,3012100
2024-07-03,45.408172607421875,45.629632429503644,44.80839189592257,45.011392919514364,2091900
2024-07-05,45.31590270996094,45.463541427713416,44.98371471502169,45.40817558856198,2380900
2024-07-08,45.5189094543457,45.61118233738106,45.103674440716894,45.315904887686095,3086100
2024-07-09,45.657318115234375,46.07255312282743,45.24208310764132,45.408177110678544,2695700
2024-07-10,45.90645217895508,45.94336273404594,45.38048908885524,45.83263106877335,2046600
2024-07-11,47.64121627807617,47.73348915885329,46.09100794512417,46.2663278265946,3766900
2024-07-12,47.9549446105957,48.29635846219757,47.539709645142395,47.751940067488654,3423600
2024-07-15,47.08756637573242,47.81653406996398,46.78306306648691,47.81653406996398,2796500
2024-07-16,47.327484130859375,47.742719139374344,47.20752656840287,47.27211828972911,2592900
2024-07-17,48.0195426940918,48.499369437812696,47.32748549987635,47.56739711174435,4046300
2024-07-18,47.585845947265625,48.40708647663529,47.53970951123065,47.659667060909136,2896100
2024-07-19,47.43821334838867,47.816537804565876,47.02297833063689,47.816537804565876,2680000
2024-07-22,47.79807662963867,47.90880478072326,47.35516050531586,47.595075605981,2509100
2024-07-23,46.801509857177734,47.7427078131996,46.764599305180646,47.65043143320688,4193500
2024-07-24,48.10258483886719,48.25944943078344,46.755377628367654,47.27211488170888,4168800
2024-07-25,48.25944519042969,49.126825629467426,47.9733971903081,48.38862861241805,3806300
2024-07-26,48.628543853759766,48.87768481980941,48.259445344060076,48.46244987639333,2994100
2024-07-29,48.822322845458984,49.006872114892516,48.1764021624339,48.70236529232951,2063100
2024-07-30,49.09914779663086,49.20065007662145,48.582414036656594,48.776189196646946,2541100
2024-07-31,49.329830169677734,49.339059569042355,48.65622833542481,49.21910201719376,6131100
2024-08-01,51.156864166259766,51.35986872691462,48.78541523855159,49.449791240705856,5732900
2024-08-02,51.74741744995117,53.1499833957983,50.76007942441174,51.74741744995117,5501200
2024-08-05,49.865020751953125,52.44869983589184,49.63433505660173,51.92273673208941,5070700
2024-08-06,49.9849739074707,50.40943825470325,49.73583645842209,49.93883747320186,5067300
2024-08-07,50.83390426635742,51.27682041648182,49.735841530839714,50.15107300159189,4275500
2024-08-08,50.0034294128418,50.82467343449728,49.892701266095564,50.36330204973961,3428500
2024-08-09,50.26180648803711,50.41867109019178,49.2467871941515,50.07725720551384,2942200
2024-08-12,50.492488861083984,50.56630645720472,50.04957272440591,50.28948431177899,2673800
2024-08-13,50.824676513671875,50.92617526768096,50.37253098042336,50.64935312405216,3102100
2024-08-14,51.22145462036133,51.802783607876826,50.54785275482069,50.67703619204976,4207200
2024-08-15,51.018455505371094,51.21223066850964,50.60322049865649,50.84313210254448,3750600
2024-08-16,51.682823181152344,51.8766018462225,50.953859037260784,51.267591733107146,3470900
2024-08-19,51.941200256347656,52.19956714976478,51.489054672882766,51.673603962459964,2782600
2024-08-20,51.95042037963867,52.39333651354861,51.74741935158695,51.94119450017545,2816400
2024-08-21,52.05192565917969,52.245700818956934,51.82123993944924,51.95042337930074,1964600
2024-08-22,52.0796012878418,52.190332955940754,51.8304603145957,52.14419300090734,1853700
2024-08-23,52.1072883605957,52.43947634019684,51.950420250235375,52.245697672106495,2021600
2024-08-26,52.15342330932617,52.55942887281558,52.005784602604166,52.23647030185632,2575000
2024-08-27,51.7012825012207,52.32874794196242,51.58132846106769,52.107291621691665,2295700
2024-08-28,51.81201171875,52.061149187217076,51.56287073029835,51.802782319186285,4821900
2024-08-29,51.784324645996094,51.86737163830728,51.12917810664356,51.84891636001764,3315500
2024-08-30,52.202693939208984,52.305415386455756,51.65171725675982,51.8851818923334,5450400
2024-09-03,52.97779846191406,53.37002093014191,51.96923301661995,52.006584653565746,4220500
2024-09-04,53.687530517578125,53.911654578442544,53.10853564183832,53.34200028329826,3273100
2024-09-05,53.547454833984375,54.285204018330994,53.2859755534111,54.13578677766226,2574300
2024-09-06,53.332664489746094,54.03305843020876,53.248617074395064,53.68753175038243,2582500
2024-09-09,53.57546615600586,53.82760840206374,53.061844645467716,53.39803430687822,4087500
2024-09-10,53.89297866821289,54.266523531207774,53.687532199714745,53.827608851546955,2789100
2024-09-11,53.444725036621094,53.771577670514276,52.819041510485555,53.65017506007465,4236200
2024-09-12,53.398033142089844,53.74355981438565,53.0898581050566,53.41671074091498,3121800
2024-09-13,54.31321334838867,54.33189094695184,53.16456775466151,53.668852228703976,2986600
2024-09-16,54.65874099731445,55.041622868765366,54.238507490454175,54.5560159845663,3284000
2024-09-17,54.49065399169922,54.83618427734133,54.089094463706246,54.537349776842596,3504500
2024-09-18,53.612823486328125,54.49064931083753,53.248619192780474,54.434620073299705,2980600
2024-09-19,53.67818832397461,53.855620163692834,53.07118241185169,53.43538667160296,4107400
2024-09-20,54.098426818847656,54.154459615065754,53.398032896866084,53.92099497440523,9329900
2024-09-23,54.033058166503906,54.33189262798518,53.76223832254032,54.16379779810349,4276700
2024-09-24,53.24861526489258,54.21982901763662,53.192582469100074,53.65951174687459,5644400
2024-09-25,53.435394287109375,53.584811531952944,52.97780197093261,53.584811531952944,5105900
2024-09-26,53.351341247558594,54.07041277591278,53.183246419507604,53.36067826583354,4702800
2024-09-27,53.379356384277344,53.75290124189007,53.23927617207563,53.56612881308371,3656200
2024-09-30,53.96768569946289,53.977022717380834,53.29530641296775,53.66885125266229,3564600
2024-10-01,54.3879280090332,54.84551674136888,53.61282363860427,53.87430291422466,4088300
2024-10-02,54.4999885559082,54.584035972542395,54.07041445417248,54.16379888937142,2125100
2024-10-03,54.23851013183594,54.71477645858574,54.126444532987115,54.61205144083494,2216300
2024-10-04,54.37859344482422,54.45330385320416,53.44473471440501,53.64084419281984,2459600
2024-10-07,53.313987731933594,54.18247651680512,53.11787828048205,54.16379891727813,2467200
2024-10-08,53.05250549316406,53.64083381458087,53.05250549316406,53.62215621609957,3150500
2024-10-09,52.65094757080078,53.44472593632692,52.31475791308551,53.02448886418283,2736200
2024-10-10,51.8198127746582,53.09919799729913,51.8011351760752,52.83771874191234,5511200
2024-10-11,52.501529693603516,52.56689950819903,51.75443999127585,51.81981336825908,3479200
2024-10-14,53.16456604003906,53.220598833921436,52.31475492595467,52.47350916504005,3353800
2024-10-15,53.799591064453125,54.313212549024016,53.42604622346286,53.43538680380081,3086700
2024-10-16,56.545135498046875,56.703893306818614,53.92099520569469,54.864190790558375,8468400
2024-10-17,55.78871154785156,56.713229520785184,55.69532355507848,56.57315287520707,4926400
2024-10-18,55.956809997558594,56.03152040137339,55.22840137230494,55.81673333398803,4053100
2024-10-21,56.059532165527344,56.657201116043595,55.88210030908906,56.18093478434719,3522000
2024-10-22,56.03151321411133,56.218285637302564,54.90154521926645,55.51789172212617,4221600
2024-10-23,56.90000915527344,56.90000915527344,55.835410839450155,55.98482808443609,2643100
2024-10-24,56.750587463378906,57.20817618174741,56.52645983226832,56.909341715191864,2591500
2024-10-25,55.63929748535156,57.11479223118346,55.5645870868852,56.96537499663861,3200400
2024-10-28,56.143577575683594,56.39571982310944,55.788713875503056,55.95680514473247,2929300
2024-10-29,54.74279022216797,55.947468673069594,54.74279022216797,55.86342125643953,4938700
2024-10-30,54.58403778076172,55.1536921165548,54.2291705029518,54.92022745843554,4085900
2024-10-31,55.59260177612305,55.994161262422956,54.640065568787534,54.8735302207113,5970400
2024-11-01,55.088321685791016,57.87121995219587,55.04162590477511,55.9661475081159,8602600
2024-11-04,53.808929443359375,54.677418192598395,53.48208037101682,54.53734154547489,6337700
2024-11-05,54.71477508544922,54.7801449019432,53.39803461231809,53.64083627895464,3813100
2024-11-06,53.29530715942383,54.490644963368155,53.27662956093874,54.42527514986418,5772200
2024-11-07,52.88441467285156,53.771581074744894,52.85639649181464,53.622160275582466,5971900
2024-11-08,53.96768569946289,54.238505530122055,52.82837714454337,52.90308753743732,5554300
2024-11-11,54.30387878417969,54.78948211921471,53.836949486163995,53.986366719033505,2884000
2024-11-12,53.25795364379883,54.257182038776705,53.04316659802102,54.12644240764132,4992700
2024-11-13,52.83771514892578,53.83694344964896,52.12798070058435,53.70620026845849,6499800
2024-11-14,52.473514556884766,53.33266633942431,52.28674568286079,52.987139647614455,4822300
2024-11-15,53.81827163696289,53.8462862547497,52.2960811350283,52.482853565845254,5808200
2024-11-18,53.89297866821289,54.38792614603929,53.24861752005393,53.5007597682173,4293400
2024-11-19,53.78091049194336,53.86495789839875,53.18324162932166,53.678185488232614,4564400
2024-11-20,53.977020263671875,54.06106767066311,53.556783228715716,53.80892544968941,2632900
2024-11-21,54.50932693481445,54.5653597347649,53.72488554744798,54.16380024108992,3871700
2024-11-22,54.29454040527344,55.02294899975544,54.09843094712644,54.77081030350242,4785100
2024-11-25,54.65874099731445,55.06964104830706,54.38792471925483,54.630726380160496,5578700
2024-11-26,55.20972442626953,55.41517447680923,54.40660538767418,54.6774252611332,4577000
2024-11-27,55.75135803222656,56.283657138730625,55.49921578771603,55.6392959999067,5400800
2024-11-29,55.48503494262695,56.08946708727212,55.25837108703514,55.89113846531663,2553300
2024-12-02,54.15339279174805,55.49447612627587,54.09672592869911,55.49447612627587,5658700
2024-12-03,53.52062225341797,54.663380506187806,53.51117957815351,54.493383529831945,8405700
2024-12-04,53.22785186767578,53.75672814113724,52.84063733773461,53.33173930787697,4593500
2024-12-05,53.747283935546875,54.19116531187644,53.076742334959164,53.26562825697383,5964000
2024-12-06,52.935081481933594,53.9361744316195,52.71786391414035,53.83228698556629,3453500
2024-12-09,52.50064468383789,53.13340841310696,52.349536658736355,52.93507980566736,6352200
2024-12-10,51.95287322998047,52.33064507509705,51.20677942005917,52.292867170045525,5098900
2024-12-11,51.25400161743164,52.14176079796125,50.99900615433603,52.00009905359664,4155100
2024-12-12,50.83845520019531,51.48066158959838,50.56457078536055,51.423998333218364,6079800
2024-12-13,51.03678512573242,51.414553387954946,50.73456907487461,50.838456517863136,2985200
2024-12-16,50.55512237548828,51.27288814942706,50.53623342325839,51.0745595550621,3427100
2024-12-17,50.611793518066406,50.82901108305558,50.14902315599411,50.2340216468768,3513200
2024-12-18,49.705142974853516,50.904564465451124,49.67680774411382,50.5362352874303,5895900
2024-12-19,50.04513931274414,50.62123619237968,49.52570208919638,49.742919654180184,4215600
2024-12-20,50.67790222167969,50.829010247130526,50.00736058391033,50.0640238417672,8702800
2024-12-23,50.6967887878418,50.6967887878418,50.10179938946668,50.58345867476537,4063300
2024-12-24,50.78178787231445,50.82900845309501,50.2812432311817,50.3567954398907,1329400
2024-12-26,50.725120544433594,50.8762285631529,50.52679194537063,50.5645698507253,1835200
2024-12-27,50.932899475097656,51.09345018158469,50.36624526047328,50.39457689039461,2932200
2024-12-30,50.8762321472168,51.02734017658117,50.3851301511077,50.76290202586842,3202200
2024-12-31,50.86678695678711,51.244555210171946,50.385127660144704,51.00844870079414,2714900
2025-01-02,51.37677764892578,51.57510625125674,50.93289626044271,51.26344393099431,3680700
2025-01-03,51.68843460083008,51.89620947390752,51.47121705293062,51.726212505516756,3366500
2025-01-06,50.67790222167969,52.056763404255996,50.30013035670285,52.056763404255996,3748700
2025-01-07,51.02733612060547,51.433439592748705,50.72512008589877,50.810118570828735,3865300
2025-01-08,51.5656623840332,51.61288657006201,50.49846351053408,50.90456701202474,4430400
2025-01-10,50.42290115356445,51.88676066305823,50.262350470533754,51.43343663704914,4196300
2025-01-13,50.489017486572266,50.57401597807288,50.00736176986854,50.470128532605514,3972500
2025-01-14,50.706233978271484,50.93289781836817,50.33790839047646,50.59290385957291,4735600
2025-01-15,50.66845703125,51.52788455884855,50.50790273565942,51.41455084336132,4547400
2025-01-16,52.00009536743164,52.066204897321995,50.52678955266267,50.55512117898734,4578100
2025-01-17,52.2078742980957,52.613977814312996,51.61288844171199,51.848994969619724,4655500
2025-01-21,52.80286407470703,53.43563144670874,52.17010030540504,52.519536960053905,5751600
2025-01-22,49.988468170166016,52.632860233859304,49.912912361320856,52.632860233859304,5963400
2025-01-23,50.25291061401367,50.876231679751896,49.94125188249434,50.24346793844624,5134700
2025-01-24,50.50790786743164,50.73457171873658,49.96014259771921,50.05458376752145,4277100
2025-01-27,52.63286209106445,52.717860577664894,50.67790050195376,50.95178491463288,6517600
2025-01-28,52.236209869384766,53.01063899771875,51.92454752123342,52.47231639882073,4576000
2025-01-29,52.037872314453125,53.01063356588939,52.01898696440913,52.236204516908664,3611500
2025-01-30,52.70841979980469,52.88785945455366,52.30231630506269,52.538422820484804,3170900
2025-01-31,52.50064468383789,52.802860734040955,52.18898235554751,52.58564317312622,4289200
2025-02-03,53.1900749206543,53.53951155087717,51.84899165711276,52.12287247393638,3921600
2025-02-04,50.96123123168945,52.63286585249594,49.988473506509834,52.63286585249594,9350800
2025-02-05,51.093448638916016,51.7167696972627,50.83845677192378,51.56566167107864,6157400
2025-02-06,51.357887268066406,51.42399680033873,50.91400589192429,51.23511087840383,3247800
2025-02-07,51.593997955322266,51.83010447621997,50.932898976268774,51.17844817281456,3067800
2025-02-10,52.236209869384766,52.26454150005317,51.37678224634585,51.47122341704034,4839200
2025-02-11,52.61397171020508,52.6611922897683,51.471217112358346,52.0378712725156,5604100
2025-02-12,52.821746826171875,53.23729297201616,51.527884206159584,52.21731475850772,5075900
2025-02-13,53.55839920043945,53.832283613295296,52.56675259126073,53.05785455830244,4995700
2025-02-14,52.50064468383789,53.822842605500924,52.36842561221149,53.75672946698822,3663700
2025-02-18,52.51953125,52.746191475999545,51.91509917706877,52.45342171719185,3512300
2025-02-19,52.57619857788086,52.7556418402884,52.264539842314505,52.6139764860403,4744600
2025-02-20,53.1900749206543,53.49229096885237,52.207870962660806,52.41564584680929,4128600
2025-02-21,54.23838424682617,54.34227168091862,52.88785480902269,53.123961303705826,5117600
2025-02-24,53.70950698852539,54.493382317922084,53.605619549429505,54.39893755388066,4323600
2025-02-25,54.23838424682617,54.4367128377122,53.79450288395813,54.257273198724725,3867400
2025-02-26,53.93617248535156,54.446163418828306,53.71895492539654,54.08728050978547,4422300
2025-02-27,53.341182708740234,54.578382127432896,53.33174003345684,53.74728619721571,5773100
2025-02-28,54.113407135009766,54.275883057442705,53.32970918068821,53.903149109145744,7862300
2025-03-03,54.35234069824219,54.677288904290954,53.83624949107453,54.036951829740794,6791700
2025-03-04,51.9247932434082,54.715522050395855,51.32268254761376,54.40012951827806,8397800
2025-03-05,51.70497512817383,52.115939189380896,51.39914191692477,51.638074341076816,4346700
2025-03-06,51.31312561035156,51.94390705828073,50.91172089158729,51.685863250971934,3470900
2025-03-07,52.775386810302734,53.08121997401508,51.160201540764355,51.35134817953929,6524600
2025-03-10,54.036956787109375,54.600837442106396,52.61291796488999,53.0334413558962,6307000
2025-03-11,52.69893264770508,54.44791966815166,52.5651310791982,54.18031288531862,4316600
2025-03-12,51.341796875,52.373982979267176,51.150650219892974,52.10637984960887,5081200
2025-03-13,51.69541549682617,51.99169299269708,51.246221406981064,51.53293956495529,3448700
2025-03-14,52.25929641723633,52.37398295191296,51.313122480151314,51.53293985737286,5187700
2025-03-17,52.2879638671875,52.880518825208675,51.89611488956393,52.36442398273306,4838700
2025-03-18,52.34531021118164,52.373980932290415,51.494711457310245,52.039477033291234,4937100
2025-03-19,52.4791145324707,52.727602635401084,52.08726552481404,52.307082905126876,4313500
2025-03-20,52.54601287841797,52.9952069562929,52.32619550830148,52.60335796681235,3984600
2025-03-21,52.135047912597656,52.83273006920544,51.81009970923604,52.37398030783946,7961400
2025-03-24,51.9247932434082,52.78494773443816,51.800547369014595,51.98213468865198,4144600
2025-03-25,50.51030731201172,51.83877450299114,50.31916431089841,51.70496929806516,5105000
2025-03-26,51.47560119628906,51.61895846093154,50.61544302515658,50.768359628266865,3618100
2025-03-27,52.05859375,52.163724591898486,51.32268150252978,51.56161390836482,5189900
2025-03-28,52.55557632446289,52.94742534457527,52.11593790404317,52.38354469165069,3830200
2025-03-31,53.5877571105957,53.79801878427575,52.6320275332413,52.995205793465296,7010900
2025-04-01,53.76934814453125,53.78846317490147,53.100340310669694,53.62599088548345,4612200
2025-04-02,53.74067687988281,54.05606940908172,53.39661362832735,54.00828001072852,3264000
2025-04-03,53.759788513183594,54.524371442873964,53.157677861006626,54.476585693359375,7118800
2025-04-04,50.39562225341797,54.46703246240655,50.37650722358479,54.45747312458038,8633400
2025-04-07,48.57973861694336,50.08023383739885,47.643120375578775,49.22963140816696,7889000
2025-04-08,47.46153259277344,49.057602947589984,46.87853694358354,48.86645629519375,9528800
2025-04-09,49.93687057495117,50.09934285362296,45.941920637289556,47.050566804699734,9854400
2025-04-10,49.63104248046875,50.25226822962497,48.53195189221371,49.889089931080434,5827600
2025-04-11,50.405181884765625,50.67278501235016,48.76132576773108,49.659710300207145,5152800
2025-04-14,51.70497512817383,51.857891733798354,50.26182489045606,50.653673920232634,4039800
2025-04-15,51.29400634765625,52.08726367285064,51.25577993413174,51.88656133002524,4359300
2025-04-16,50.71101760864258,51.70497369473644,50.51987094545628,51.70497369473644,6082300
2025-04-17,50.81614303588867,51.59028535414933,50.17580592926086,50.30005180286746,8734000
2025-04-21,49.755287170410156,50.806588332975764,49.1436171284931,50.57721161152945,3608600
2025-04-22,51.03596496582031,51.28445307162139,50.108906035070724,50.27137832620618,4703800
2025-04-23,50.96906661987305,52.08726861819696,50.45297170719149,50.84482073811945,5342000
2025-04-24,50.98817443847656,51.2175511544502,50.4242938094364,50.739686338172746,3980400
2025-04-25,50.60588455200195,51.08374936619306,50.57721018399343,50.8830470192294,5352200
2025-04-28,51.36091232299805,51.456483828419586,50.414738377720184,50.605885034382496,3889100
2025-04-29,51.905677795410156,52.068150083385916,51.00728960508088,51.10286475608358,5046600
2025-04-30,51.97257614135742,52.201949201370816,50.93083074209738,51.91523105344455,6157800
2025-05-01,52.40265655517578,54.495703100119336,52.28796637635375,54.13252482548787,7996200
2025-05-02,52.565128326416016,52.842290787133706,52.02036274269869,52.49822754566611,7472100
2025-05-05,52.01080322265625,52.498227361633056,51.552053450913974,52.450441610667646,4314900
2025-05-06,52.25929641723633,52.670260449465054,51.68586009803397,52.08726479231178,4100300
2025-05-07,52.7084846496582,53.22457582123516,51.896112367649586,52.08725900140566,4070100
2025-05-08,52.565128326416016,53.09077888051635,52.16372364191656,52.4313267649162,4673600
2025-05-09,52.651145935058594,52.842292591937905,52.249737591030105,52.632030904788735,3312200
2025-05-12,52.42176818847656,52.93786305817279,52.07770858783158,52.24973656524449,5756700
2025-05-13,51.42781448364258,52.54601643947057,51.360913698891466,52.46000062395924,5801700
2025-05-14,51.60940170288086,51.62851673360247,50.204477934306915,51.188881964463455,7964700
2025-05-15,52.60335922241211,52.641589282254216,51.590284511511314,51.60939954143237,5850900
2025-05-16,53.30104446411133,53.32015949512826,52.28796969513061,52.53646145253125,4679000
2025-05-19,53.712005615234375,53.721561307317,52.56512933690177,52.96653402911763,6461000
2025-05-20,55.43231964111328,56.04398603313241,54.476589992128574,54.76330815766013,11479600
2025-05-21,54.02739715576172,55.36542015400444,53.922266308580156,55.116928397789955,7410200
2025-05-22,53.19590759277344,53.82668896162771,52.67025705969804,53.68332806814398,5419300
2025-05-23,53.79802322387695,53.970054853662916,52.58424612297345,53.520860748575195,5958200
2025-05-27,54.21854019165039,54.419242534212785,53.78846113914588,54.18031013235685,5276500
2025-05-28,53.40617370605469,54.256772508726655,53.01432469653774,54.19942741740005,6772800
2025-05-29,54.187744140625,54.27480064189595,53.22045132202747,53.39456432456937,4612200
2025-05-30,54.81647872924805,55.01961301242042,53.97493506443347,54.042645262181246,9415800
2025-06-02,54.913211822509766,55.30980171658398,54.16839593560372,54.51662192843555,4643800
2025-06-03,54.83583068847656,55.20340300700524,54.477933364870154,55.13569280226699,4737200
2025-06-04,54.245784759521484,54.93256179693651,54.226438459744095,54.89386919738174,5398000
2025-06-05,54.168399810791016,54.4876082236993,53.80082749318042,54.28447392006248,4821500
2025-06-06,53.945919036865234,54.53596822582634,53.65573193948757,54.53596822582634,4402700
2025-06-09,53.84919357299805,54.332840019415904,53.70410185303042,53.936250080950444,5535100
2025-06-10,53.79115676879883,54.1006901901499,53.47194835244522,53.82984936895007,5926500
2025-06-11,53.752464294433594,54.03298011129239,53.5590049831541,53.66540778885429,5298100
2025-06-12,54.08134078979492,54.14905099121331,53.52998418399993,53.76213608166956,4955000
2025-06-13,53.694419860839844,54.4295644299591,53.47194296727007,54.10068474165397,4289000
2025-06-16,52.939937591552734,54.33283797648813,52.8045171820363,53.907230448018005,4208200
2025-06-17,52.01133346557617,52.88189475767237,51.61474357152667,52.82385955215677,11059300
2025-06-18,52.40792465209961,52.72712936009497,51.837221747570474,52.253157950359295,10128600
2025-06-20,52.446617126464844,52.98829873631525,52.282175430667955,52.47563472986991,14473100
2025-06-23,54.05232238769531,54.16839648985054,52.47563409954271,52.66909339642087,9467300
2025-06-24,54.149051666259766,54.54564157519548,53.82017195958654,53.955592364111524,7600600
2025-06-25,53.39456558227539,54.01363241037121,53.094703473072386,53.974939811132884,4113100
2025-06-26,53.37521743774414,53.597694340780585,53.00764513754386,53.27848963292107,5695100
2025-06-27,54.04264831542969,54.390874317765736,53.33652500621681,53.800825112688464,6225500
2025-06-30,54.671390533447266,54.758447034691976,53.394564308477676,53.69442272059781,6009800
2025-07-01,55.76443099975586,55.82246620578882,54.3328344187899,54.816480815353515,5922600
2025-07-02,55.541954040527344,56.26742368279084,55.16471041693903,55.61933924020157,7517700
2025-07-03,55.00027084350586,55.72574046520543,54.806811539733445,55.37751445640095,3095600
2025-07-07,54.5940055847168,55.13569089380238,54.245783268086015,54.92288529203139,4271900
2025-07-08,54.47793197631836,54.65204498118728,53.54933174363698,54.236108768437,4397600
2025-07-09,55.280784606933594,55.358166111625835,54.43923722010695,54.63269651673132,2890300
2025-07-10,56.25775146484375,56.41251817175122,54.67139179655976,54.81648350870026,3655100
2025-07-11,55.512935638427734,55.9482181555209,55.25176612817184,55.63868474112784,4726300
2025-07-14,55.32915115356445,55.76443366929526,54.93256123699402,55.435553956290796,3219200
2025-07-15,54.70041275024414,55.24209810255174,54.352186715898505,55.12602398774639,2985600
2025-07-16,55.30012893676758,55.4839169347489,54.56498801463016,54.72942971335401,4411100
2025-07-17,55.725738525390625,56.073964522073354,54.86484852799676,55.0486328307219,3787800
2025-07-18,56.190040588378906,56.76074350512845,55.72574047321595,55.870832183619136,5451500
2025-07-21,55.80311965942383,56.4415327524567,55.78377336085566,56.25774845095285,4380200
2025-07-22,56.5963020324707,56.71237982917409,55.56129899640607,55.928871306108164,4018000
2025-07-23,56.38350296020508,56.944530912831006,56.006259326728596,56.63499748587956,5192200
2025-07-24,56.82845687866211,57.2057005126594,56.26742523533213,56.45121324466482,3970500
2025-07-25,56.82845687866211,57.050933798970014,56.5382697517357,56.82845687866211,2908700
2025-07-28,56.10298538208008,56.77041612118197,55.928872373630995,56.683359616957425,2908100
2025-07-29,56.741397857666016,56.77041546209418,55.9965819279319,56.24808013274048,2976400
2025-07-30,56.34480667114258,57.07027628493412,56.1029834665454,56.731725274469774,4091900
2025-07-31,56.538265228271484,56.596300435055824,55.64835392830961,55.85148822184247,9138000
2025-08-01,58.43415832519531,58.7920556306169,57.11863951724335,57.14766081060618,7653300
2025-08-04,59.130611419677734,59.56589392887125,58.337431598449236,58.656636311904954,6820200
2025-08-05,59.08224868774414,59.652947923420804,58.63729117511973,59.31439690396357,10023100
2025-08-06,58.9758415222168,59.87542409586838,58.95649522397461,59.2466823177492,5408700
2025-08-07,59.72066116333008,59.9528093770076,58.62761922830454,58.850096137216056,5414600
2025-08-08,59.78837203979492,60.22365086782456,59.54654882869874,59.97215635185345,3894600
2025-08-11,59.47883605957031,60.13659177064909,59.469161065183286,59.972153765361696,4151700
2025-08-12,59.30472183227539,59.749675626708616,58.985513442836904,59.47883482834563,3460800
2025-08-13,60.06888198852539,60.117249580939394,59.32406977241573,59.56589297476878,4103200
2025-08-14,59.178977966308594,59.96248651785421,58.98551865470023,59.80771980655341,3875600
2025-08-15,59.140281677246094,59.31439467784073,58.75336676809185,59.3047233733318,6543700
2025-08-18,58.42448806762695,59.26603179164444,58.37612047446527,59.20799289380798,2865500
2025-08-19,59.295047760009766,59.32406905309212,58.53088556425683,58.550231863002004,2831800
2025-08-20,59.50785446166992,60.41710838000777,59.362759063350495,59.565893358983544,3051900
2025-08-21,59.24668502807617,59.556218434253005,58.96616922562552,59.24668502807617,2557800
2025-08-22,59.87542724609375,60.378416267137936,59.48850864075129,59.48850864075129,4595200
2025-08-25,58.22135543823242,59.67229471635023,57.73770901219316,59.19832328519221,9794200
2025-08-26,57.86345672607422,58.32775684112639,57.25406121072419,58.26004663830186,6067600
2025-08-27,58.366451263427734,58.52121797328056,57.98920763878207,58.01822524377653,3534000
2025-08-28,57.853782653808594,58.43415684737816,57.76672615578025,58.42448554312129,3771800
2025-08-29,57.94084167480469,58.22135378961805,57.70868977331059,57.83443887370028,4254000
2025-09-02,57.20569610595703,57.84410921198834,56.95420159930861,57.59261470533992,3838300
2025-09-03,56.992889404296875,57.28308019318248,56.63499210524823,56.96387180137998,4454500
2025-09-04,56.86714553833008,57.62163275403413,56.56728343699498,57.48621235018256,5589800
2025-09-05,56.933677673339844,57.334825631916445,56.53252971476324,57.031520914662195,4896000
2025-09-08,56.69886016845703,56.90432537241323,56.31728086615611,56.72821127406851,5238600
2025-09-09,57.579429626464844,57.68705532853502,56.56188601675166,56.640156879496615,5634300
2025-09-10,58.137123107910156,58.31323721467455,56.70864533734395,57.23698765763714,7993600
2025-09-11,58.71438217163086,58.8122254105568,57.8044643098162,57.8533840631102,4658000
2025-09-12,58.75352096557617,59.23294351769502,58.362159196905424,58.4599987059886,3979900
2025-09-15,59.27207946777344,59.43840737590396,58.70459987743601,58.75351963086628,6002400
2025-09-16,58.1175537109375,59.24272293703484,58.07841641637642,59.12531478568943,4550900
2025-09-17,58.313236236572266,58.68503309265399,58.166476971622316,58.34259107543271,3492100
2025-09-18,58.45021438598633,58.82200749452875,57.53050660761595,57.86316615317457,4527500
2025-09-19,58.55783462524414,58.89049416100684,58.01970989359978,58.743734906379,9145900
2025-09-22,58.52848434448242,58.98833822659788,57.80446305385154,58.62632384894459,6387100
2025-09-23,59.800418853759766,59.8884759040823,58.362158674942386,58.45999818315053,4318500
2025-09-24,59.702579498291016,60.191784505259314,59.56560269351397,59.761285442768894,4464100
2025-09-25,58.38172149658203,59.80041670874009,58.28388199188335,59.76128314626333,4096700
2025-09-26,59.0274772644043,59.12531677175567,58.41107791754433,58.71438262973638,3114400
2025-09-29,59.604736328125,59.7514993233246,59.04704291810733,59.26229431577661,3467200
2025-09-30,59.84933853149414,59.88847582766266,59.42862566086555,59.712361727242325,2829400
2025-10-01,59.58517074584961,60.41681775644443,59.57538455569882,59.9863186982588,3635200
2025-10-02,59.77106857299805,60.25049112744835,59.281863560527064,59.281863560527064,3583700
2025-10-03,60.20156478881836,60.71033842557013,59.83955414179151,59.83955414179151,4021900
2025-10-06,60.17221450805664,60.44616811146876,59.71236061746807,60.29940885207137,5905300
2025-10-07,59.55581283569336,61.02342776621943,59.477541980214276,60.66141712841091,9524000
2025-10-08,59.262290954589844,59.92761002570717,58.81222326893336,59.908041378634564,5312300
2025-10-09,58.958988189697266,59.90804713606951,58.72417186693471,59.53625027063428,4198000
2025-10-10,59.65365982055664,59.8297739218781,58.98834071163957,59.14488616477664,3937800
2025-10-13,60.01567077636719,60.0645905308998,59.321000557925146,59.44819117324234,2979500
2025-10-14,60.1917839050293,60.524443455743985,59.908044108056,60.07437574958234,4398900
2025-10-15,60.35811233520508,60.63206967672997,59.996101675588406,60.377680983338145,4449800
2025-10-16,59.311214447021484,61.17019498045397,59.30143198903708,60.42660127414577,5117600
2025-10-17,59.27207946777344,59.42862491815308,58.79265692654568,59.31121303111489,4457100
2025-10-20,60.123294830322266,60.32876003313903,59.53624659498277,59.60473499592169,3726000
2025-10-21,59.55581283569336,60.416814639989894,59.14488244666819,60.29940649060239,3590000
2025-10-22,59.58517074584961,60.25048984726065,59.42862529447866,59.52646480195877,3928300
2025-10-23,59.36991882324219,60.07437521432322,59.0666103810072,60.054806566533415,3015600
2025-10-24,59.74171447753906,60.33854142772864,59.399268746540145,59.64387124053743,3669200
2025-10-27,59.487327575683594,60.02545233213019,58.99812257303432,59.53624732948093,4020200
2025-10-28,58.332801818847656,59.67322617542891,58.31323317141532,59.65365752799657,4476500
2025-10-29,57.716407775878906,58.45999773666044,57.52072502861914,58.23496388363,4507800
2025-10-30,58.234962463378906,58.714381263518256,57.77510857838421,57.863165625886644,5005200
2025-10-31,57.422882080078125,59.42862558424167,56.98260056193294,58.45021557531818,7892500
2025-11-03,57.227203369140625,57.40331373793444,55.89656515273933,57.070657916172124,5929700
2025-11-04,58.03927993774414,58.26431378612718,57.432666792870805,57.432666792870805,6614800
2025-11-05,58.40129470825195,58.78287776400971,57.77511287163125,58.22518060016011,7846100
2025-11-06,59.19380569458008,59.40905709145398,58.411078431863146,58.411078431863146,5342400
2025-11-07,60.250492095947266,60.27984320281915,59.184025002324034,59.36013537589348,5018200
2025-11-10,59.55581283569336,60.172212151568885,59.20358465519306,59.90804101619366,4120400
2025-11-11,59.878692626953125,59.96674967607088,59.350350332246556,59.62430393735161,3509900
2025-11-12,60.045021057128906,60.18199786087231,59.634090645898695,59.81020474566535,2945500
2025-11-13,59.55581283569336,60.05480400218138,59.25250813874748,59.69278963203508,4875500
2025-11-14,59.25251388549805,59.77107001689595,59.11553334353316,59.58517345130794,4342600
2025-11-17,60.17221450805664,60.279840204350805,59.26229291690875,59.38948726092349,4432700
2025-11-18,60.123294830322266,60.83753367749809,59.94718073295421,60.358111138587724,7127400
2025-11-19,58.89049530029297,60.2700532215751,58.88071284273032,60.17221371659708,5721200
2025-11-20,59.516685485839844,59.790639107115645,58.90028610563112,59.1938083759035,4955100
2025-11-21,60.14286422729492,60.67120279364293,59.26229372948496,59.829773324148704,5538600
2025-11-24,60.27005386352539,60.70055664762494,59.30143006397722,60.07437485148514,8970700
2025-11-25,60.21135330200195,60.7494780645274,59.526465544088644,60.43638715788212,6362600
2025-11-26,61.189762115478516,61.27781916451259,60.31897781521817,60.51465682877128,3669800
2025-11-28,61.414794921875,61.51263442698668,61.10170402671218,61.25824947429359,2034400
2025-12-01,59.487327575683594,61.35609053651029,59.3699194201024,61.34630807868601,7124500
2025-12-02,59.04704284667969,59.663442200499155,58.73395194081475,59.663442200499155,6108000
2025-12-03,58.733951568603516,59.59495342044472,58.548055010779905,59.20358792442472,7941900
2025-12-04,58.548057556152344,59.06661368843574,58.35237479963505,58.753522770943334,7389000
2025-12-05,57.87324905395508,58.516392810908755,57.84356282477641,58.36797676290693,7138000
2025-12-08,57.82377243041992,58.37786881527341,57.35873095734655,57.9820851440248,5467900
2025-12-09,57.843563079833984,58.53618263031521,57.606095892194816,58.130506058164805,4456500
2025-12-10,57.44778060913086,57.82377093517432,57.002524934108095,57.78419558865109,6792200
2025-12-11,57.556617736816406,58.11071410933117,57.289468105316274,57.398305026736864,6554400
2025-12-12,58.70439147949219,58.793438843190174,57.62588492807771,57.63577782144208,7601200
2025-12-15,59.20901107788086,59.30795510774231,58.32839637890642,58.80333451629243,6858700
2025-12-16,58.71428298950195,59.31785138127569,58.40755045981306,59.17932823060095,7027200
2025-12-17,59.476165771484375,59.773001641947815,58.32839763774561,58.79343911749828,9188200
2025-12-18,59.46626663208008,59.832367839092974,59.33764015072468,59.74331670420777,11093100
2025-12-19,58.8033332824707,59.84226067210819,58.69449258722314,59.65426550952686,10159800
2025-12-22,56.61663818359375,57.87324697206383,55.26108159220905,57.863350304536,18834500
2025-12-23,57.52693557739258,57.69514495585323,56.28022345094958,56.389064147399516,8862900
2025-12-24,58.387760162353516,58.387760162353516,57.5170421478209,57.5170421478209,3079300
2025-12-26,58.57575988769531,58.645021463090465,58.179976221603496,58.21955534310723,4342400
2025-12-29,58.6252326965332,59.100170837593694,58.50649910488629,58.664811818573114,6530000
2025-12-30,58.43723678588867,58.743965541617804,58.298709860509476,58.52628792211034,4061400
2025-12-31,57.972190856933594,58.466918546863226,57.95240129639968,58.37786741169698,3370800
2026-01-02,58.61534118652344,58.75386434245932,57.65556821400637,58.28881908369779,5675200
2026-01-05,58.071136474609375,58.615339968005685,56.89368589915875,58.34818655519464,5283800
2026-01-06,58.10082244873047,58.58565348230159,57.97219218953958,58.179976918212915,6171000
2026-01-07,56.47811508178711,58.358078045083076,56.30990570392626,58.27892357715713,7836500
2026-01-08,57.190521240234375,57.695145606837336,56.42864013096114,56.43853679864431,5570100
2026-01-09,57.36862564086914,57.90293248138658,57.28947116883301,57.28947116883301,4880700
2026-01-12,57.77429962158203,58.18987284813231,56.86400247447543,57.35873016950452,11453900
2026-01-13,58.39765930175781,58.67470561133872,57.249891166314626,57.78419799862599,7851500
2026-01-14,59.614688873291016,59.86205272753703,58.48671030184482,58.4966031952466,6151200
2026-01-15,59.703739166259766,60.0797332762412,59.26838014776266,59.79279030350608,5335200
2026-01-16,60.485408782958984,60.85150621880512,59.21890332265783,59.466267169075735,6710200
2026-01-20,60.445831298828125,60.50519998238661,59.63447816255979,60.445831298828125,6392900
2026-01-21,60.27762222290039,61.1582407150406,59.85215986588657,60.85150817680258,6995200
2026-01-22,59.29806137084961,60.51509103829895,59.268378917208054,60.386460781730975,4707300
2026-01-23,58.97153854370117,59.24858861394961,58.36797393854298,59.12985125192626,5245600
2026-01-26,59.604793548583984,60.06983500895571,59.218902781143626,59.218902781143626,4454200
2026-01-27,60.485408782958984,60.54477369043672,59.32774401899735,59.56521497232655,3876500
2026-01-28,60.0698356628418,60.91087500681071,59.81257892288727,60.396357752428884,3386200
2026-01-29,60.188575744628906,60.72287880934785,59.68395136056783,60.43593960264667,4288000
2026-01-30,59.53553009033203,60.30730787524881,58.99133037080174,60.21825673754583,8217000
2026-02-02,59.39700698852539,60.32709748855542,58.902279284074645,59.6344779474298,6022800
2026-02-03,60.78224563598633,61.07908150163887,59.53552971598372,59.53552971598372,7696100
2026-02-04,61.67275619506836,62.2466383578411,61.09887025782285,61.28686542288288,5492700
2026-02-05,61.86075210571289,62.15758797103319,61.42539308820798,61.90033122761501,3495500
2026-02-06,61.67275619506836,62.761155612948976,61.009819121852786,62.325796600691284,3658700
2026-02-09,61.70243835449219,61.7618032618738,60.97023970951272,61.613387218947025,3375600
2026-02-10,63.11735916137695,63.75060999630004,61.652965661999126,61.9003295052955,6345700
2026-02-11,63.968292236328125,64.15628362644877,62.82052413915877,63.20641113591367,4459200
2026-02-12,64.43334197998047,65.45247989131725,64.01776495147018,64.01776495147018,8873000
2026-02-13,65.80867767333984,66.08572396448166,64.31459797588764,64.31459797588764,4554200
2026-02-17,64.95774841308594,66.85750096621835,64.80932859354061,66.51119308657634,6672800
2026-02-18,64.03755187988281,65.30405352835913,63.889132066620206,65.04679302196698,6582700
2026-02-19,64.7697525024414,64.8588074179139,63.88913776059783,64.28492144825636,6897800
2026-02-20,65.26448059082031,65.47226532949357,64.54218233956745,65.30405971470275,9279300
2026-02-23,63.5527229309082,65.73941843382678,63.28556574857841,65.48215791908767,10616600
2026-02-24,63.06789016723633,63.661558135310045,62.38516351138757,63.493352525561896,6820800
2026-02-25,62.899681091308594,63.463670381834035,61.99927680516509,63.12725538621597,5696400
2026-02-26,62.68199920654297,63.39440831517554,62.533583158559765,63.11736200602859,5046800
2026-02-27,63.13999938964844,63.220001220703125,62.52000045776367,62.66999816894531,14187500
2026-03-02,63.04999923706055,63.40999984741211,62.83000183105469,63.0,6884400
2026-03-03,62.68000030517578,63.2400016784668,60.77000045776367,62.18000030517578,4503500
2026-03-04,62.56999969482422,62.939998626708984,61.790000915527344,62.66999816894531,4959700
2026-03-05,63.0,63.11000061035156,62.04999923706055,62.33000183105469,5714900
2026-03-06,63.2400016784668,63.400001525878906,62.040000915527344,62.66999816894531,4420700
2026-03-09,62.90999984741211,63.2400016784668,62.04999923706055,63.09000015258789,3381800
2026-03-10,62.72999954223633,63.34000015258789,62.27000045776367,62.43000030517578,3434200
2026-03-11,62.209999084472656,62.81999969482422,61.9900016784668,62.52000045776367,3261300
2026-03-12,62.84000015258789,63.7599983215332,61.95000076293945,62.04999923706055,4885800
2026-03-13,63.209999084472656,63.849998474121094,63.09000015258789,63.709999084472656,4294700
2026-03-16,63.41999816894531,63.849998474121094,63.189998626708984,63.81999969482422,3096300
2026-03-17,63.029998779296875,64.02999877929688,63.0099983215332,63.939998626708984,3777200
2026-03-18,62.20000076293945,62.91999816894531,62.189998626708984,62.84000015258789,3519100
2026-03-19,61.02000045776367,62.349998474121094,60.15999984741211,62.15999984741211,5069500
2026-03-20,59.380001068115234,61.2599983215332,59.09000015258789,61.099998474121094,7784800
2026-03-23,59.81999969482422,60.59000015258789,59.369998931884766,60.13999938964844,5266300
2026-03-24,60.27000045776367,60.900001525878906,59.31999969482422,59.45000076293945,3396000
2026-03-25,60.65999984741211,61.290000915527344,60.33000183105469,60.7400016784668,3864700
2026-03-26,60.900001525878906,61.40999984741211,60.2599983215332,60.59000015258789,3139700
2026-03-27,60.880001068115234,61.439998626708984,60.630001068115234,60.939998626708984,3699900
2026-03-30,61.84000015258789,62.52000045776367,61.25,61.779998779296875,3906000
2026-03-31,61.81999969482422,62.2599983215332,61.150001525878906,62.15999984741211,4552200
2026-04-01,62.04999923706055,62.45000076293945,61.61000061035156,61.61000061035156,3674900
2026-04-02,62.77000045776367,62.959999084472656,62.0,62.099998474121094,3451800
2026-04-06,62.220001220703125,62.939998626708984,62.099998474121094,62.43000030517578,2373200
2026-04-07,62.689998626708984,63.150001525878906,62.16999816894531,62.16999816894531,2642100
2026-04-08,63.20000076293945,63.22999954223633,61.790000915527344,61.91999816894531,3515700
2026-04-09,64.11000061035156,64.58000183105469,62.56999969482422,62.56999969482422,4386500
2026-04-10,64.2300033569336,65.12999725341797,63.93000030517578,64.0999984741211,4707400
2026-04-13,62.970001220703125,64.1500015258789,62.58000183105469,64.08000183105469,3541000
2026-04-14,63.709999084472656,63.869998931884766,62.18000030517578,62.790000915527344,5177800
2026-04-15,62.380001068115234,63.400001525878906,62.18000030517578,63.2400016784668,5125400
2026-04-16,62.47999954223633,62.720001220703125,61.68000030517578,62.220001220703125,4534600
2026-04-17,62.41999816894531,62.66999816894531,61.560001373291016,62.119998931884766,5763200
2026-04-20,62.220001220703125,63.04999923706055,61.970001220703125,62.36000061035156,3029500
2026-04-21,61.09000015258789,62.34000015258789,61.0099983215332,62.27000045776367,4344100
2026-04-22,60.95000076293945,61.779998779296875,60.439998626708984,61.56999969482422,4908200
2026-04-23,62.52000045776367,62.599998474121094,61.310001373291016,61.54999923706055,4060200
2026-04-24,62.58000183105469,62.900001525878906,61.880001068115234,62.45000076293945,2931000
2026-04-27,62.5,63.099998474121094,62.369998931884766,62.41999816894531,3446800
2026-04-28,62.88999938964844,63.459999084472656,62.540000915527344,63.04999923706055,4394000
2026-04-29,62.5,63.290000915527344,62.40999984741211,62.54999923706055,7278700
2026-04-30,64.5,64.66999816894531,62.77000045776367,63.20000076293945,8054400
2026-05-01,63.939998626708984,65.61000061035156,63.75,64.5,6257900
2026-05-04,62.95000076293945,64.12999725341797,62.66999816894531,63.400001525878906,3883900
2026-05-05,62.9900016784668,63.7599983215332,62.689998626708984,63.209999084472656,3332600
2026-05-06,61.63999938964844,62.970001220703125,61.61000061035156,62.91999816894531,5139400
2026-05-07,61.61000061035156,61.70000076293945,61.16999816894531,61.52000045776367,3190800
2026-05-08,61.88999938964844,62.099998474121094,61.040000915527344,61.86000061035156,6031800
