Date,Close,High,Low,Open,Volume
2010-01-04,9.669173240661621,9.850147099936432,9.436492212226474,9.669173240661621,14482500
2010-01-05,10.427538871765137,10.634365885290025,9.72949667379677,9.755349845023009,25066000
2010-01-06,10.436155319213867,10.548186815851684,10.212093147795672,10.332741819669137,14980700
2010-01-07,10.935989379882812,11.082492066281931,10.384450628128544,10.393068626589097,19814500
2010-01-08,10.746394157409668,11.073870574586673,10.384446581680201,10.875660796517085,24589200
2010-01-11,11.022165298461914,11.108343620413127,10.453390674784591,10.63436449339623,16220400
2010-01-12,10.806720733642578,11.125579222229515,10.608511736084786,10.918752227771623,12905500
2010-01-13,11.073870658874512,11.168666140150995,10.694687090054067,10.798100566498574,11763200
2010-01-14,11.349642753601074,11.47029225040365,10.935987923033283,10.961841914970773,12026800
2010-01-15,10.979077339172363,11.487527686249365,10.849810663954386,11.358261011031388,9127500
2010-01-19,11.228994369506836,11.453057390689946,11.022167344656678,11.030785342823153,9836500
2010-01-20,11.556469917297363,11.625412253032998,10.935988073819175,11.177287070751369,20133800
2010-01-21,11.582324028015137,11.797769050143717,11.332407835220286,11.634031194943312,24669200
2010-01-22,11.453054428100586,11.832237208908415,11.125577979201525,11.47029041997506,22279200
2010-01-25,11.48752498626709,11.754677093280009,11.160048554578502,11.530614141831403,19299600
2010-01-26,11.33240795135498,11.547852975691443,10.944607071920855,11.013549413959918,16290600
2010-01-27,11.341024398803711,11.582322562945352,11.048019074274432,11.211757730620763,24581400
2010-01-28,10.901518821716309,11.66850346888219,10.884283645682332,11.401351254565835,17086500
2010-01-29,10.539566993713379,11.341022503725746,10.50509583316754,11.030782058813198,19296900
2010-02-01,10.884279251098633,10.892897246564868,10.617127144646314,10.66021630012021,9733500
2010-02-02,11.116963386535645,11.263466074888699,10.910136351869301,11.030785866353458,12952100
2010-02-03,10.7033052444458,11.125577151673617,10.617126935198085,11.125577151673617,9609600
2010-02-04,9.875997543334961,10.36721181620122,9.75534806321985,10.160384840453041,17073600
2010-02-05,9.738115310668945,10.108680195425979,9.419256771758219,9.832910825958875,20004600
2010-02-08,9.695024490356445,9.996647803243832,9.600228991208294,9.746731649255606,9296400
2010-02-09,10.677453994750977,10.815338656782536,9.936322703545219,9.936322703545219,23978700
2010-02-10,9.979413986206055,10.625749093197937,9.901853641869815,10.574042744878836,19463200
2010-02-11,10.194860458374023,10.53095505723585,9.979415392352834,10.039739747844301,14521800
2010-02-12,10.556803703308105,10.574039695682586,9.970793112293386,10.074206600968214,12768600
2010-02-16,10.755013465881348,10.875662955696507,10.59989363252747,10.625746801110214,7985600
2010-02-17,10.970458030700684,11.030783184203406,10.625746390073887,10.625746390073887,10321500
2010-02-18,10.815340042114258,11.048020233632057,10.694690536453999,10.867046386070427,7197400
2010-02-19,10.935989379882812,10.979078550328007,10.75501552149905,10.75501552149905,4816200
2010-02-22,10.970458030700684,11.384112821310218,10.927369692015368,10.970458030700684,9824800
2010-02-23,10.892900466918945,11.142816656323486,10.755014964266849,10.970459983472747,5596600
2010-02-24,10.987696647644043,11.004932644720219,10.729162444504432,10.875665132221625,6896100
2010-02-25,10.910134315490723,10.979076647511404,10.651600159484452,10.84119198347004,6528800
2010-02-26,11.134199142456055,11.220377482628704,10.918754113881993,10.979078458888312,6592000
2010-03-01,11.349642753601074,11.634030090053791,11.142815749245907,11.142815749245907,8057800
2010-03-02,11.013545036315918,11.565084375261122,10.970455884204116,11.358257431353127,9626600
2010-03-03,11.142814636230469,11.263463299124428,10.970457994626454,11.056636315428461,5705700
2010-03-04,11.013545036315918,11.263461132335717,10.849807244519727,11.263461132335717,7559000
2010-03-05,10.944605827331543,11.151432829928963,10.867045495893148,11.065255323108763,7205000
2010-03-08,10.806720733642578,11.116961225329415,10.789485561699797,10.944605396614506,10698200
2010-03-09,11.039401054382324,11.435819847496425,10.875662410564885,10.927369566996015,17172100
2010-03-10,11.461673736572266,11.685736725455055,11.16005041908717,11.203139581850387,17016700
2010-03-11,11.194522857666016,11.444439043877507,11.082491350487414,11.358261530410708,10470400
2010-03-12,11.056638717651367,11.297936917722366,10.927372030220578,11.289319741255854,7359600
2010-03-15,10.910134315490723,11.065254973465969,10.7808676484163,11.065254973465969,13433400
2010-03-16,11.18590259552002,11.20313858783899,10.918751289434743,11.056635940557124,8101500
2010-03-17,11.151432037353516,11.24622835653288,10.996312207359145,11.134196865957428,8628800
2010-03-18,11.297934532165527,11.332405696325662,11.116960714860479,11.125578711364858,6619800
2010-03-19,10.832572937011719,11.280698873587824,10.823955762737059,10.832572937011719,9765000
2010-03-22,11.263465881347656,11.280701878202473,10.625748791155589,10.703309133287137,7552800
2010-03-23,11.573702812194824,11.582319985460604,11.039399442425713,11.263461562623743,9092700
2010-03-24,11.901179313659668,11.952885641046148,11.496142580465056,11.504760575648554,11060200
2010-03-25,12.237277030944824,12.452722051989126,11.935654494597323,11.961507667002529,17938500
2010-03-26,12.495809555053711,12.840521214036361,12.194186237050824,12.194186237050824,12418800
2010-03-29,12.62507438659668,12.719870695430908,12.48718974304577,12.556132064821226,12981500
2010-03-30,12.599221229553223,12.77157703410346,12.49580774682308,12.63369239046327,11130600
2010-03-31,12.573371887207031,12.668167403067448,12.401016030252842,12.478575549489062,6676200
2010-04-01,12.6595458984375,12.83190252951158,12.5906035747508,12.607839566601138,7045600
2010-04-05,12.426865577697754,12.73710602970025,12.280362936565579,12.659545711235298,12949300
2010-04-06,12.633692741394043,12.633692741394043,12.29759911864961,12.29759911864961,9131800
2010-04-07,12.211423873901367,12.62507792033518,12.116628360391335,12.538900404923568,16171400
2010-04-08,12.762962341308594,12.780197514185375,12.375160678362723,12.607841676130246,13900700
2010-04-09,12.564750671386719,12.806048809332362,12.48719035015414,12.719871313851876,11695600
2010-04-12,12.866377830505371,12.874995007345385,12.590607625185177,12.64231479551321,8403200
2010-04-13,12.38377857208252,12.857757739160203,12.32345423473248,12.788815404515171,9319100
2010-04-14,12.401012420654297,12.737106038422835,12.349305267689813,12.469954743368731,10568900
2010-04-15,12.401012420654297,12.547515061886799,12.073535976832074,12.409629594600615,14046900
2010-04-16,11.952889442443848,12.409632648283756,11.806386765160902,12.392397474292682,13023100
2010-04-19,11.358261108398438,12.237276315502358,11.349643110814702,11.875328635560306,18874700
2010-04-20,11.341024398803711,11.6167937292513,10.927370403132329,11.547851396639404,25945600
2010-04-21,10.832572937011719,11.52199701228254,10.642981953251686,11.52199701228254,25576200
2010-04-22,10.651599884033203,11.065254687317573,10.427537721688966,10.85842769660409,26749900
2010-04-23,11.211755752563477,11.392729549205388,10.729158687565953,10.746394678606748,20970900
2010-04-26,11.160049438476562,11.332405252527456,11.013546791068965,11.27208092307398,14005900
2010-04-27,10.530950546264648,11.194520638001226,10.513714553874356,11.099725145426673,13762800
2010-04-28,10.496479034423828,10.832572656288795,10.436153884920449,10.746395162774048,13210400
2010-04-29,10.436155319213867,10.780867806220403,10.298270653154228,10.651600315396413,13514300
2010-04-30,10.41030216217041,10.841192155047853,10.341359829058614,10.522333658941438,22022900
2010-05-03,10.849811553955078,10.979078239776689,10.479245849208727,10.599895358671096,12473500
2010-05-04,10.134535789489746,10.642986261074041,9.90185473089042,10.58266108559032,18811600
2010-05-05,10.62574577331543,10.70330609341891,9.738112733829974,9.919086540118982,24063000
2010-05-06,10.100061416625977,10.798102727808159,9.393401286693406,10.470626242592074,21529100
2010-05-07,10.08282470703125,10.608510974178564,9.82429057159817,10.10867787401735,22890900
2010-05-10,10.599895477294922,10.720544166249931,10.427539620318084,10.720544166249931,9885000
2010-05-11,10.686070442199707,10.780866757285489,10.272416484267653,10.48786145948827,13176200
2010-05-12,11.677119255065918,11.737443592540062,10.772250083666444,10.806721251059878,19995700
2010-05-13,11.418582916259766,12.03906463315015,11.35825859026254,11.634027876943911,10911900
2010-05-14,11.840856552124023,11.978741215379323,11.211757570557364,11.384113399626488,19889400
2010-05-17,12.013216018676758,12.06492319398263,11.461677198655032,11.858096136474481,10750400
2010-05-18,11.694355010986328,12.15109902904722,11.590941503649193,12.047684699852585,11284500
2010-05-19,11.74605941772461,11.935651214257156,11.375493820378566,11.547849625473013,10407300
2010-05-20,11.125580787658691,11.547852832890527,11.08249161895273,11.401350152404783,15818600
2010-05-21,11.496147155761719,11.668503018740495,10.901518401162964,10.927372397002966,11238500
2010-05-24,11.599557876586914,11.978740683709155,11.211757072929366,11.30655256924558,9253200
2010-05-25,11.927033424377441,11.995975747605042,11.20313820863031,11.20313820863031,12158200
2010-05-26,11.935653686523438,12.478574379563348,11.57370600992518,12.039067191000443,16419800
2010-05-27,12.021830558776855,12.288982714241868,11.927035056828592,12.142480051867093,12319900
2010-05-28,11.702970504760742,11.987357794554725,11.547849866015907,11.763294832336035,8475200
2010-06-01,11.668500900268555,11.961506225064753,11.409966741809708,11.470291899293146,11559500
2010-06-02,12.142477989196777,12.28036263110145,11.944268200065839,11.970122186815935,17184800
2010-06-03,12.306217193603516,12.495809008682912,12.099390207257295,12.220039693554618,10460200
2010-06-04,11.702970504760742,12.151096429198123,11.634028181286888,12.021828956291653,10129700
2010-06-07,11.315171241760254,11.961506227087979,11.297935247659947,11.789150395372072,8644600
2010-06-08,11.3668794631958,11.573707317372008,11.013549744187069,11.427204630681913,10711200
2010-06-09,11.513379096984863,11.832237559391606,11.418583604439297,11.418583604439297,8691600
2010-06-10,11.50476360321045,11.806386117291742,11.487527608307674,11.754679776298365,12495600
2010-06-11,11.59093952178955,11.711589003982553,11.272081056555216,11.384112542479285,9612100
2010-06-14,11.797767639160156,12.116626957010308,11.728825306072943,11.76329647261655,16056800
2010-06-15,12.056303024291992,12.202805702453848,11.849476004013203,11.970125510104591,12452700
2010-06-16,12.133861541748047,12.478573190490788,11.875327394262293,11.961505717376676,12239100
2010-06-17,12.228653907775879,12.409627682480506,12.021826971501214,12.202800746205842,7956300
2010-06-18,11.81500244140625,12.237274394428951,11.58232147431781,12.220039223824633,13390000
2010-06-21,11.625414848327637,12.064922953152605,11.487530146074546,11.961509426462786,8075000
2010-06-22,10.918753623962402,11.728826533435933,10.875664455809469,11.625413022983409,11331000
2010-06-23,10.910134315490723,11.09972613947631,10.703307319428676,10.970458650544463,7757100
2010-06-24,10.608511924743652,10.979076757606377,10.59127593063693,10.78948575357705,7594100
2010-06-25,10.341360092163086,10.64298342359416,10.17762225232112,10.599894258838656,11967400
2010-06-28,10.375829696655273,10.617127832338232,10.281034205958445,10.418918854920136,7610400
2010-06-29,9.746729850769043,10.151765763001876,9.686404706208439,10.151765763001876,10400100
2010-06-30,10.12591552734375,10.55680554978391,9.738114671519105,9.798439011666328,16054200
2010-07-01,10.100061416625977,10.582657736628425,9.76396693451692,10.31550640780571,14191300
2010-07-02,9.50543212890625,10.186238221474456,9.229662822101112,10.031118397325248,18289100
2010-07-06,9.565760612487793,10.082828242818865,9.445111087815052,9.824294016724505,9754900
2010-07-07,10.09144401550293,10.117297185850719,9.419255833458177,9.72087834580228,10661800
2010-07-08,10.143152236938477,10.306890095377645,9.910471213945522,10.255182927426691,5722400
2010-07-09,10.039734840393066,10.25517980110414,9.91908618838354,10.1517663185857,6974700
2010-07-12,10.056973457336426,10.410303153649936,9.850146438302788,10.091444627175365,9615500
2010-07-13,10.436155319213867,10.574040807130945,10.255181489546231,10.255181489546231,10829200
2010-07-14,10.522334098815918,10.686071941336952,10.341360261367685,10.47924493335539,8406400
2010-07-15,10.349979400634766,10.617130776618557,10.169005543221605,10.565424429847692,8121800
2010-07-16,10.100061416625977,10.462009067556522,10.065590250911516,10.29827041401977,8205100
2010-07-19,9.807058334350586,10.08282772297591,8.962513348899119,9.850147506787694,29991000
2010-07-20,9.936322212219238,10.013882536241182,9.565757406797264,9.634699734404021,9408900
2010-07-21,9.393399238586426,10.134530372639574,9.350310907231258,9.944938591619323,15492500
2010-07-22,9.875997543334961,9.936321872463843,9.531285917087997,9.608845416600555,9812600
2010-07-23,9.86738109588623,9.970794599990926,9.69502525571174,9.850145922797518,6727200
2010-07-26,10.324125289916992,10.341361286552873,9.815675717021822,9.84152889011809,7334800
2010-07-27,10.09144401550293,10.548187193648696,10.074208020699427,10.470626860747865,6278500
2010-07-28,9.944940567016602,10.229327884107176,9.772584741788586,10.091443223924765,5144900
2010-07-29,10.07420539855957,10.169001701590082,9.755346974405247,10.031117066480888,5777000
2010-07-30,10.237944602966309,10.281033759359415,9.763965526356726,9.944939325721938,7858600
2010-08-02,10.867045402526855,11.030784061236108,10.281035566868985,10.410302236917389,13109600
2010-08-03,10.470626831054688,10.867045669978939,10.151768324811316,10.789486159155523,9692100
2010-08-04,10.220711708068848,10.677455753607877,10.065591848659741,10.565424241788353,8127200
2010-08-05,10.169007301330566,10.453394723310465,10.100064945811663,10.169007301330566,8084800
2010-08-06,10.177623748779297,10.298272441605237,9.97079589191361,9.996649887682809,6764200
2010-08-09,10.505096435546875,10.5481855941643,10.143149639989598,10.281034290079484,6923900
2010-08-10,10.169007301330566,10.418923545551014,10.048357768243633,10.418923545551014,6206500
2010-08-11,9.789819717407227,10.082825025358089,9.660553056538264,10.065589854109007,6684400
2010-08-12,9.893232345581055,10.005263825406844,9.522667566619011,9.608845059045324,5839300
2010-08-13,9.953558921813965,10.031119251421096,9.669171594492774,9.80705625963548,5167200
2010-08-16,9.893232345581055,10.039734986748833,9.763965696012928,9.936321502722869,4548300
2010-08-17,9.789819717407227,10.039735864449305,9.712260214000281,9.97941153229144,9363100
2010-08-18,9.789819717407227,9.884616035778027,9.712260214000281,9.824290881762776,5054400
2010-08-19,9.289987564086914,9.832909027306314,8.910804750430415,9.720877535988908,24099900
2010-08-20,9.074541091918945,9.255514883352419,8.936656454990064,9.20380855543272,7988600
2010-08-23,9.022838592529297,9.376168330047147,8.95389624481155,9.083162941317921,6190600
2010-08-24,8.583324432373047,8.807387314746212,8.419586677935445,8.729827023012653,15559800
2010-08-25,8.643653869628906,8.66950786345929,8.27308899849281,8.393737682271182,11440000
2010-08-26,8.65227222442627,8.893570423792625,8.59194788004907,8.72121456710237,7133800
2010-08-27,9.0142183303833,9.195192153169346,8.488532855555935,8.66950667834198,10308000
2010-08-30,8.936660766601562,9.289990524664804,8.910807590168503,8.945278766031803,6209000
2010-08-31,9.0142183303833,9.057307492352818,8.798773342393124,8.859097676036003,5834800
2010-09-01,9.203808784484863,9.358928593961638,9.074541317754052,9.33307542935839,7972200
2010-09-02,9.341696739196777,9.496817425566286,9.186576052827268,9.246900398923154,7181200
2010-09-03,9.52266788482666,9.69502369729601,9.427871571575512,9.539903055144924,7834700
2010-09-07,9.195191383361816,9.496814670039582,9.14348422895576,9.436489519589625,8304200
2010-09-08,9.21242904663086,9.367549729969962,8.962512846727615,9.186575873360196,6849500
2010-09-09,9.160721778869629,9.358930790441704,9.00560111112976,9.358930790441704,5883400
2010-09-10,9.083160400390625,9.324458549901884,9.014218071958837,9.195191889556627,5673200
2010-09-13,9.177956581115723,9.350313236908883,9.117632244702584,9.169339405812021,5359500
2010-09-14,9.634703636169434,9.8673838806064,9.083163970101019,9.143488325722139,13273000
2010-09-15,9.910468101501465,9.936321266428818,9.66916997784582,9.66916997784582,8238400
2010-09-16,9.979413986206055,10.065592329214676,9.695026604878233,9.850147293550714,8944400
2010-09-17,9.634703636169434,10.056975769232684,9.591614458501047,10.039739769422248,8566400
2010-09-20,9.953558921813965,10.03973642659944,9.660553597456998,9.746731924099905,6180100
2010-09-21,10.298269271850586,10.341358429679048,9.988028814828853,10.022499976720157,9052900
2010-09-22,9.841527938842773,10.25518195582975,9.772585602678276,10.186239619665253,8765000
2010-09-23,9.755350112915039,9.962177953977129,9.617465433445323,9.651936603312754,5163100
2010-09-24,10.08282470703125,10.091442703312403,9.841526564160477,9.92770488325729,7840700
2010-09-27,9.815674781799316,10.194857631227634,9.72949645054596,10.074208131844431,9240500
2010-09-28,9.988030433654785,9.996648430988719,9.7122610938286,9.772585431451214,7828900
2010-09-29,9.988030433654785,10.022501601133058,9.781203428785146,9.884616931219966,6901300
2010-09-30,10.03111743927002,10.074205772950005,9.815672483440952,10.005263452833287,8396100
2010-10-01,10.349979400634766,10.349979400634766,10.091445201207742,10.125916373007508,9094900
2010-10-04,9.919087409973145,10.349977384461736,9.867380251417256,10.08282523866155,7916400
2010-10-05,10.194860458374023,10.229331636063105,9.867383859398892,9.970797392466137,12624100
2010-10-06,10.151769638061523,10.38445066620418,9.962178602379623,10.229329980775741,10124100
2010-10-07,10.143152236938477,10.186240584730458,10.005266729688454,10.169005409985177,7162500
2010-10-08,9.824295997619629,10.160390641495589,9.781207636130604,10.091448276883774,13098100
2010-10-11,9.686407089233398,9.953559253235783,9.600229581578485,9.858762926400681,8441200
2010-10-12,9.841527938842773,9.970794613686834,9.445109094968183,9.626082932864355,12218700
2010-10-13,9.979413986206055,10.108680678861397,9.677790607533474,9.901853641869815,9462200
2010-10-14,9.86738109588623,10.013883765498917,9.807056757289526,9.996648592410205,7282400
2010-10-15,9.807058334350586,9.9966501999593,9.746733986053197,9.910471855085083,6667900
2010-10-18,9.919087409973145,9.919087409973145,9.582992934003379,9.850145079803562,7043400
2010-10-19,10.08282470703125,10.100060699593556,9.738113074358717,9.763966241344816,12510300
2010-10-20,11.177285194396973,11.34964100480233,10.625745779242502,10.746395257454918,30285400
2010-10-21,11.659884452819824,11.668502451013852,11.116962894459139,11.228994405408887,20095600
2010-10-22,11.358261108398438,11.608177285324379,11.254847602966064,11.590941290156907,7956400
2010-10-25,11.608176231384277,11.763296064520315,11.384113245695389,11.504762735341115,8404500
2010-10-26,11.48752498626709,11.754677093280009,11.315169185867118,11.47890699078277,8190200
2010-10-27,11.875325202941895,11.892561193127221,11.341021835055447,11.34963983014811,9277000
2010-10-28,11.961504936218262,12.15109674157398,11.866709444469075,11.892562610972064,11263500
2010-10-29,11.970123291015625,12.004594454671631,11.599557665320532,11.952887298258936,11073200
2010-11-01,11.823619842529297,12.039064806312265,11.590938887152182,11.97873965759006,7474200
2010-11-02,11.935653686523438,11.99597802533732,11.720208680065307,11.94427086217008,6661300
2010-11-03,12.228653907775879,12.478569994572062,11.746057723134994,11.970120648361142,13846300
2010-11-04,12.220040321350098,12.366542983002816,11.96150616420663,12.332071816840848,12042500
2010-11-05,12.288981437683105,12.530279576940499,12.19418512372469,12.245892278779948,6893000
2010-11-08,12.142477989196777,12.297598622268183,11.944268200065839,12.176949149672947,7809500
2010-11-09,11.944269180297852,12.237274479320037,11.901180842559475,12.185568145291041,8341100
2010-11-10,11.668500900268555,12.12524405970281,11.668500900268555,11.94427023096736,8911000
2010-11-11,11.668500900268555,11.901181889438746,11.418584738858403,11.530616234919151,10201800
2010-11-12,11.599557876586914,11.763295701470808,11.54785071923246,11.565086712303074,5516200
2010-11-15,11.375495910644531,11.60817690667053,11.315171573241106,11.496145407308841,10599300
2010-11-16,11.33240795135498,11.590942144930246,11.142816921676324,11.289319603973723,9095100
2010-11-17,11.384113311767578,11.521997973958728,11.091107993682677,11.246228649576427,10050200
2010-11-18,11.866710662841797,11.952888167318843,11.487527013199013,11.487527013199013,10132800
2010-11-19,11.858094215393066,11.987360899929273,11.590942026332025,11.806387048464062,7462700
2010-11-22,11.858094215393066,11.927036556726714,11.61679519886776,11.806387048464062,7653800
2010-11-23,11.81500244140625,11.832237612010568,11.539233136878341,11.702970955977449,12173300
2010-11-24,12.349306106567383,12.357924102956428,11.711589167210652,11.84085582561686,10658700
2010-11-26,12.263130187988281,12.392397693567451,12.168334674716249,12.21142384324264,4033900
2010-11-29,12.19418716430664,12.288983494128326,12.013213324114997,12.176951990975644,9593900
2010-11-30,11.789149284362793,12.185568070879594,11.7805312881248,12.168332078403607,27737100
2010-12-01,11.961504936218262,12.15109674157398,11.849473452228853,12.030447261464461,9654800
2010-12-02,11.642642974853516,12.004590484465538,11.530611524558642,11.866705875443262,11955500
2010-12-03,11.74605941772461,11.909797227100007,11.539232451611271,11.547849625473013,9256600
2010-12-06,11.61679458618164,11.849475592303934,11.470292734967504,11.711590916908868,9590000
2010-12-07,11.306553840637207,11.746061851070703,11.211758333661493,11.711590682910673,13197600
2010-12-08,11.289318084716797,11.315171254037876,11.039401922993202,11.228992927157698,9767700
2010-12-09,11.470290184020996,11.63402799417363,11.13419574609846,11.349640708953526,12208400
2010-12-10,11.220376968383789,11.513381503455369,11.220376968383789,11.453057161213797,8749700
2010-12-13,11.272082328796387,11.384113827365063,11.11696166587707,11.272082328796387,10138200
2010-12-14,11.263465881347656,11.43582256246557,11.160052365791447,11.220377532925744,7993000
2010-12-15,10.892900466918945,11.306554509302657,10.82395812652166,11.185905002678645,13393200
2010-12-16,10.832572937011719,11.116960234509113,10.832572937011719,10.918751254617076,12697900
2010-12-17,10.737780570983887,10.918754433152172,10.642985051508152,10.832576090459623,9038700
2010-12-20,10.798100471496582,10.901513947031255,10.625744678938796,10.789483298261628,5587700
2010-12-21,10.901518821716309,11.073875513201758,10.729162952088474,10.806723298885403,7408300
2010-12-22,10.711926460266113,10.91013548052692,10.539569789951917,10.867046312948371,12164600
2010-12-23,10.539566993713379,10.729158787644138,10.470624672621701,10.729158787644138,6568900
2010-12-27,10.72916316986084,10.918755041228456,10.52233612210942,10.591278471359894,7330900
2010-12-28,10.755013465881348,10.91875211790602,10.694689131902473,10.694689131902473,5098800
2010-12-29,10.910134315490723,10.970458650544463,10.720542491505135,10.74639648240596,5223100
2010-12-30,10.763632774353027,10.996313785524512,10.703308433023018,10.910135450603773,6807300
2010-12-31,10.858428001403809,10.88428117050435,10.703307343085706,10.729160512186247,4262400
2011-01-03,10.841192245483398,11.073873238069778,10.74639674212827,10.935987748838528,15060100
2011-01-04,10.798100471496582,11.022163412750329,10.660215837450354,10.841189625100341,19143500
2011-01-05,11.18590259552002,11.384112397901454,10.841190967714066,10.901515297115772,23780500
2011-01-06,11.125580787658691,11.297936640624998,10.970460109060248,11.14281678388409,13100900
2011-01-07,11.20313835144043,11.254845505448918,11.03078254117435,11.108342861258418,12458400
2011-01-10,10.858428001403809,11.185903668297138,10.823956835317277,11.185903668297138,10294200
2011-01-11,10.642984390258789,10.944606927227712,10.617130395942784,10.944606927227712,7395400
2011-01-12,10.780867576599121,10.815338742379831,10.617128922747684,10.789485573508653,6715400
2011-01-13,10.867045402526855,10.927370560825896,10.582658070934409,10.841192232888663,8514800
2011-01-14,10.987696647644043,11.039403817014996,10.772251615337296,10.780869613875385,11113000
2011-01-18,10.08282470703125,10.815337953782084,10.08282470703125,10.763630797952523,24240100
2011-01-19,9.86738109588623,10.298271107251198,9.781203586727722,10.220710773708307,21069900
2011-01-20,10.005266189575195,10.005266189575195,9.574376160055648,9.798439172651614,21903600
2011-01-21,9.944940567016602,10.15176755729022,9.815673903559942,10.091443223924765,15559900
2011-01-24,10.35859489440918,10.401683232347237,10.005264441572601,10.022500434233717,22252200
2011-01-25,10.022503852844238,10.358598427659363,9.901854328635762,10.281038077943746,18292600
2011-01-26,10.324125289916992,10.349979284870814,10.108680263113808,10.169005429481837,24451000
2011-01-27,10.599895477294922,10.634366648690289,10.255182941483694,10.298272111192292,18365800
2011-01-28,10.194860458374023,10.591279412727317,9.988033392239531,10.539572235264842,16905000
2011-01-31,10.056973457336426,10.444774323488875,10.056973457336426,10.41892115157405,13665000
2011-02-01,10.160385131835938,10.237945455430141,10.039735648260802,10.125913968222665,10836000
2011-02-02,9.78120231628418,10.108677959152399,9.755348327222977,10.056971624744728,14214300
2011-02-03,9.936322212219238,10.220709519061453,9.8156735498361,9.832908720809103,15575000
2011-02-04,9.824295997619629,9.962181548701073,9.781207636130604,9.936327545578282,14999500
2011-02-07,9.953558921813965,10.082825589920894,9.867380595171056,9.901851761456733,13949600
2011-02-08,10.220711708068848,10.332743219888371,9.988031508026413,10.005266682690737,15172000
2011-02-09,10.117295265197754,10.26379790578581,10.117295265197754,10.23794474034595,28676400
2011-02-10,10.07420539855957,10.151765711272805,9.936320763450377,10.005263081004975,15732700
2011-02-11,10.255181312561035,10.367212807265398,10.005265154176664,10.039736320096665,16926800
2011-02-14,10.186241149902344,10.349979839283918,10.022503282378368,10.255183496423765,12949100
2011-02-15,10.255181312561035,10.332741641345397,10.048354317041023,10.151767814801028,11202400
2011-02-16,10.186241149902344,10.45339335906605,10.09144562889979,10.298272668464053,12390100
2011-02-17,10.039734840393066,10.229326635938856,9.996646505736694,10.212091466447767,12979000
2011-02-18,9.910468101501465,10.117295064634876,9.82428978926723,10.117295064634876,13203300
2011-02-22,9.255514144897461,9.470959078373792,9.005598054939204,9.470959078373792,34083100
2011-02-23,9.496814727783203,9.548521060646312,8.936657309383898,9.16072027674362,35794200
2011-02-24,9.591612815856934,9.746733500154331,9.195193928541691,9.29860744412077,25498500
2011-02-25,9.582991600036621,9.729494236717947,9.479578119177559,9.695023076431594,16741600
2011-02-28,9.686407089233398,9.755349424100311,9.488198081955387,9.505433254743386,20998700
2011-03-01,9.14348316192627,9.703640511550196,9.134865988745318,9.703640511550196,16176000
2011-03-02,8.747063636779785,9.307220935567951,8.721210475868691,9.160718320643136,23831900
2011-03-03,8.841858863830566,9.117628071918874,8.68673827335236,8.996978632451706,34584500
2011-03-04,8.540237426757812,8.859095844437098,8.505766268680517,8.859095844437098,17888700
2011-03-07,8.695362091064453,8.798775613368008,8.540241396680313,8.626419742862083,23553500
2011-03-08,9.53990650177002,9.62608485006831,8.72121548036682,8.764304654515964,32077000
2011-03-09,9.376166343688965,9.410637510245056,9.16933934435241,9.25551684981392,14066700
2011-03-10,9.634703636169434,9.87600188051162,9.203813503200966,9.358933392206374,28579300
2011-03-11,9.677787780761719,10.031118226407184,9.608845455235128,9.720876939680176,19396900
2011-03-14,9.453728675842285,9.695026892832656,9.32446115748995,9.634702544049466,11344400
2011-03-15,9.21242904663086,9.427874074887365,9.005602016750428,9.057309185149316,14991100
2011-03-16,8.790154457092285,9.264133547130914,8.738448125441424,9.22104438951698,18074700
2011-03-17,8.497149467468262,9.048688896048432,8.471296300742468,8.945275407287903,24147900
2011-03-18,8.824628829956055,8.953896349836281,8.686744132903245,8.772922479490061,23324800
2011-03-21,8.764302253723145,8.91942290942503,8.6177995948619,8.807391416068937,16684200
2011-03-22,8.617798805236816,8.893568104010045,8.548856480543508,8.859096941663392,19680100
2011-03-23,8.540237426757812,8.703976044017889,8.385116804481369,8.557473416725077,18303400
2011-03-24,8.626419067382812,8.686743411871872,8.497151558232261,8.548858726263992,20215600
2011-03-25,8.445443153381348,8.738448449803357,8.445443153381348,8.686741294375857,19484500
2011-03-28,8.540237426757812,8.6350337278633,8.471295110603224,8.58332657981874,14556400
2011-03-29,8.4368257522583,8.6177995762335,8.402354586827663,8.583328410802864,13127900
2011-03-30,8.566093444824219,8.669507775380055,8.454062760127501,8.497151105692003,16671800
2011-03-31,8.445443153381348,8.60056297594914,8.367882831168775,8.479914316380563,11487500
2011-04-01,8.46268081665039,8.566094336108678,8.419592466602634,8.523005986060921,9176700
2011-04-04,8.471295356750488,8.514384511063442,8.359263884279715,8.436824197671578,8698400
2011-04-05,8.359264373779297,8.462677857071688,8.350646378040604,8.436824691712916,13820500
2011-04-06,8.264470100402832,8.43682593121186,8.023171937270194,8.43682593121186,20997600
2011-04-07,8.10935115814209,8.28170702543134,8.040408811226389,8.264471849631217,13453400
2011-04-08,7.7904887199401855,8.083493959397174,7.695693245586476,8.07487596485851,23145000
2011-04-11,8.126585006713867,8.204145331947503,7.747401377095515,7.756019373645338,24897700
2011-04-12,8.531624794006348,8.729834693921104,8.083499457349175,8.083499457349175,41929600
2011-04-13,8.255853652954102,8.60918337789406,8.195529306312913,8.540241032630536,16160700
2011-04-14,8.05764102935791,8.281703140806307,7.945609562705102,8.238614810588258,10837100
2011-04-15,7.971464157104492,8.14381997450825,7.868050666662237,8.049024480400526,15754300
2011-04-18,7.876669883728027,8.117968065489835,7.76463837958853,7.9887013878675255,23191400
2011-04-19,7.868051528930664,7.962847033427134,7.781873199855724,7.919757868889664,10729500
2011-04-20,7.816342830657959,7.919756312105457,7.678458188727964,7.859431986725407,21788700
2011-04-21,7.799108982086182,7.911140478090611,7.756019818721796,7.773255812810524,9601900
2011-04-25,7.756021499633789,7.962848542378197,7.756021499633789,7.781874674512437,12798000
2011-04-26,8.609185218811035,8.669510400209244,7.936996797827666,7.9887039787607375,42708800
2011-04-27,8.660889625549316,8.781538305984887,8.445444614077232,8.454062611781914,20141900
2011-04-28,8.67812442779541,8.729831589953646,8.454062250062956,8.652271257645024,12692700
2011-04-29,8.94527530670166,9.221044606962147,8.505767368018502,8.548856526648537,22643800
2011-05-02,9.0142183303833,9.307223645547127,8.876333669566772,9.18657415640396,13659400
2011-05-03,9.065927505493164,9.152105026741742,8.876335643774148,8.876335643774148,12300200
2011-05-04,9.022838592529297,9.229665635682533,8.790157552588695,9.0745449423888,14880200
2011-05-05,9.669173240661621,9.867382275084829,9.091780490682819,9.100398489185803,27716600
2011-05-06,9.660552978515625,9.781202463714326,9.350312501821314,9.74673129963718,17845700
2011-05-09,9.315842628479004,9.59161197930475,9.28998863544597,9.341695799654545,9825400
2011-05-10,9.30722427368164,9.548522446395518,9.272753106151086,9.419255773620305,11151800
2011-05-11,9.531289100646973,9.565760274785434,9.160723362265307,9.31584405681719,14412000
2011-05-12,9.367548942565918,9.62608311911374,9.255517438666612,9.582993952712854,9424800
2011-05-13,9.177956581115723,9.33307724258659,9.08316107791544,9.2899880786383,8481400
2011-05-16,9.479578971862793,9.582992462023867,9.246898002607354,9.272751991540645,12249700
2011-05-17,9.488195419311523,9.651933213206831,9.393399119078826,9.393399119078826,12000700
2011-05-18,9.4192533493042,9.470959676363186,9.212425575496498,9.453724507962608,14215100
2011-05-19,9.807058334350586,9.910471855085083,9.341697080116546,9.470963775570267,19203000
2011-05-20,9.919087409973145,9.996647736878275,9.60884610235262,9.712260419464398,16707900
2011-05-23,9.677787780761719,9.93632191241511,9.669170606463906,9.772584094753793,11458700
2011-05-24,9.557140350341797,9.703643016379266,9.41063768430433,9.65193585466003,11729700
2011-05-25,9.040071487426758,9.712260440846126,9.02283631577512,9.514050624779163,21536800
2011-05-26,8.772921562194824,9.065926923724264,8.721214395277702,9.040072929336935,32679600
2011-05-27,8.617798805236816,8.850479767469732,8.583327642890163,8.772919446725426,25949600
2011-05-31,8.68674373626709,8.738450906229758,8.540241046873376,8.652272563577839,13701400
2011-06-01,8.342029571533203,8.772919515156078,8.255851254065691,8.686741197688566,19373900
2011-06-02,8.290322303771973,8.548856430796086,8.255851141625913,8.385117794209302,18965700
2011-06-03,8.290322303771973,8.42820695235621,8.195526813334642,8.212761983479005,13708100
2011-06-06,8.040410041809082,8.290326293092514,7.971467684341771,8.221383935625203,14622000
2011-06-07,7.980081558227539,8.212761688903326,7.919756410242679,8.152437362775771,12390100
2011-06-08,7.876669883728027,8.2730887361226,7.8594338883877235,7.980083390197374,11940400
2011-06-09,7.911141395568848,8.100732421387677,7.850816231119649,7.919758571755137,10648400
2011-06-10,7.945613861083984,8.09211656427987,7.919759862738125,7.9714670375721814,9087500
2011-06-13,7.980081558227539,8.221379684595064,7.962845566844064,8.066259049573002,7324900
2011-06-14,8.186907768249512,8.255850083707244,8.083494295062911,8.10072946299873,13880900
2011-06-15,8.040410041809082,8.152441578157893,7.842200969554996,8.109352399276393,15364400
2011-06-16,8.100732803344727,8.255853488017424,7.980084112472689,8.040408457908708,9785400
2011-06-17,8.255853652954102,8.393738343481152,8.169675310445905,8.238618477567012,9424600
2011-06-20,8.350647926330566,8.402355088492417,8.212763256375576,8.290323588689624,8154900
2011-06-21,8.454062461853027,8.5316219742472,8.23861745420176,8.34203095925147,10605900
2011-06-22,8.264470100402832,8.557475423706896,8.264470100402832,8.428207934207052,9758800
2011-06-23,8.566093444824219,8.729832116656366,8.367884425283474,8.505769103547907,20251200
2011-06-24,8.126585006713867,8.316175999665658,7.971464356246597,8.30755882497322,21424600
2011-06-27,8.324792861938477,8.359264021583588,8.04040558940199,8.195526218733628,10334000
2011-06-28,8.09211540222168,8.40235594110132,8.040408234812967,8.333413599128066,12640400
2011-06-29,7.928375244140625,8.135202231464731,7.885286082983755,8.049024731008382,14839200
2011-06-30,7.902523040771484,8.066260886924564,7.893905043116719,7.988701373604152,20603300
2011-07-01,8.005936622619629,8.08349695852958,7.902523115358861,7.9628474557966005,14412300
2011-07-05,7.859432220458984,8.109348346853741,7.850814224617743,8.074877185346097,10995200
2011-07-06,7.868051528930664,7.92837586616865,7.764638027155209,7.859433531651679,14801100
2011-07-07,8.10935115814209,8.10935115814209,7.799110597021437,7.919759293195112,12604500
2011-07-08,8.05764102935791,8.09211218664668,7.902520410629835,7.919755578345611,9610200
2011-07-11,7.756021499633789,7.98008454020237,7.738785501809616,7.936995367499549,10281000
2011-07-12,7.419926166534424,7.773256688437752,7.376837820173736,7.730167520219538,30189600
2011-07-13,7.4974846839904785,7.600898169482937,7.42854236032884,7.575045003574154,15208200
2011-07-14,7.333747386932373,7.531956375945872,7.325129390403773,7.531956375945872,10182100
2011-07-15,7.247568130493164,7.471631080190455,7.161390641895398,7.463013084773495,12181300
2011-07-18,6.945947647094727,7.2303350012229926,6.808062558025904,7.135538668608564,24686900
2011-07-19,7.118302822113037,7.1441559913568815,6.825297497824702,7.014889323280231,17366300
2011-07-20,7.014889240264893,7.221716235482882,6.963182080531684,7.195863066544988,6007800
2011-07-21,7.040743350982666,7.152774860508927,6.911476667144882,7.126921688112876,10000300
2011-07-22,6.9804182052612305,7.109684874231556,6.920093047465299,7.083831704808978,8025800
2011-07-25,6.773590087890625,6.971799480123069,6.70464776205824,6.937328317206877,17931700
2011-07-26,6.911475658416748,7.023506329734628,6.764972588863229,6.799443754312748,22110100
2011-07-27,6.558144569396973,6.799442689765021,6.273757293498881,6.730500369659864,41433000
2011-07-28,6.575382709503174,6.739120988967612,6.515057950459812,6.6615606431874035,16710100
2011-07-29,6.799443244934082,6.842532403982321,6.394406875781073,6.489202779129993,13439200
2011-08-01,6.721884727478027,7.101067597625701,6.609853219470017,7.066596427612277,14368800
2011-08-02,6.403025150299072,6.764972810295048,6.377171980830057,6.764972810295048,17884500
2011-08-03,6.5064377784729,6.540908938256101,6.110019030037462,6.4978197830627815,32955700
2011-08-04,6.049694061279297,6.601233007435597,6.015222902827567,6.489201947931786,22335000
2011-08-05,6.006608009338379,6.273760241679654,5.670513835423222,6.273760241679654,29538700
2011-08-08,5.704982280731201,5.946280809911273,5.524008486578307,5.549862061855279,26006400
2011-08-09,6.1014018058776855,6.127255384447437,5.687747425262486,5.954899152816035,18504700
2011-08-10,5.756689548492432,5.937663359248405,5.6877472226670465,5.894574611071877,14141100
2011-08-11,6.006608009338379,6.07555077276993,5.730838599327516,5.842870127608847,12644800
2011-08-12,6.006608009338379,6.2479066540267185,5.920430068709984,6.161728713398324,11327000
2011-08-15,6.308229446411133,6.38578936327236,6.041077708492003,6.075548873970039,13434500
2011-08-16,6.601233959197998,6.816678936048363,6.222050750629914,6.26513991037146,23754400
2011-08-17,6.721884727478027,6.756355897491453,6.497821711462005,6.583999636495567,14279600
2011-08-18,6.368553638458252,6.454731550230812,6.213433397267645,6.437495967876299,16193100
2011-08-19,6.213432788848877,6.670175881983549,6.18757921238434,6.239285954384756,13253800
2011-08-22,6.22205114364624,6.592616790230031,6.178962392111672,6.48058529656848,21189100
2011-08-23,6.256523132324219,6.316847470632237,6.075549295542692,6.2909943001941535,13576700
2011-08-24,6.2479047775268555,6.316847109323385,6.084166534045741,6.204815614689668,10507700
2011-08-25,5.885956287384033,6.282375049751884,5.782542804399895,6.118636829562671,24540600
2011-08-26,6.135872840881348,6.16172641890698,5.773925214094588,5.7911607958021145,13300600
2011-08-29,6.46334981918335,6.4719678161880445,6.19619807596855,6.19619807596855,9652300
2011-08-30,6.558144569396973,6.678793629580997,6.359935193630326,6.4202595182580176,9547600
2011-08-31,6.489202499389648,6.730500629057474,6.437495346389314,6.652940310485629,14169800
2011-09-01,6.394406318664551,6.601233277847353,6.394406318664551,6.506437793686222,13388100
2011-09-02,6.265140533447266,6.446114364873933,6.204815785995469,6.256522947199136,7748700
2011-09-06,6.144490718841553,6.239286210942621,6.084165978562868,6.101401559938395,8010600
2011-09-07,6.437495708465576,6.446113704759902,6.1703439872716626,6.213433146885934,6746500
2011-09-08,6.299610614776611,6.454730838871825,6.24790387341154,6.351317356141682,5642300
2011-09-09,6.18757963180542,6.471967348477732,6.1358728863000955,6.256522370074538,6394500
2011-09-12,6.359936714172363,6.377172298319358,6.110020538576562,6.1703448776266745,9878900
2011-09-13,6.885620594024658,6.980416900619045,6.2479037217409825,6.35993519744335,22862900
2011-09-14,7.230334281921387,7.368218946344154,6.92871096210351,7.040742457411366,21972200
2011-09-15,7.290657043457031,7.359599360787248,7.170007577200527,7.299275038587621,14276900
2011-09-16,7.238949775695801,7.385452403081829,7.221714607574805,7.247567770684917,8792200
2011-09-19,7.161393165588379,7.238952686101355,6.9631833104350385,7.014890479301257,7291100
2011-09-20,7.213099002838135,7.316512511404639,7.1355386659488795,7.238952174515384,7574800
2011-09-21,6.8942389488220215,7.325128883123398,6.877003367887113,7.204479405650375,9239100
2011-09-22,6.532291889190674,6.868385951231735,6.480585142025026,6.661558962569143,18378800
2011-09-23,7.040743350982666,7.101067693859294,6.471968627124365,6.480586214280127,19052200
2011-09-26,7.152773380279541,7.247568874019311,6.937328403896768,7.101066224330436,12215400
2011-09-27,7.014889240264893,7.316511736160105,6.980418074395227,7.299276564153983,9701400
2011-09-28,6.9890360832214355,7.092449593167068,6.868386988284865,6.93732973917738,9365400
2011-09-29,6.8511505126953125,7.144155830381519,6.764972598943106,7.101066668041062,9619500
2011-09-30,6.46334981918335,6.78220831164017,6.437496239097982,6.7735907255641905,14810400
2011-10-03,5.730836868286133,6.420260595996623,5.722218871362005,6.368553847237989,34613200
2011-10-04,6.282375335693359,6.282375335693359,5.756689490204488,5.885956555282561,22000000
2011-10-05,6.403025150299072,6.489203477672377,6.1875801537232515,6.299611650565571,12280400
2011-10-06,6.704648017883301,6.7477367677083135,6.359935964639738,6.471967453856417,11214600
2011-10-07,6.721884727478027,6.954564919604265,6.627088804476728,6.80806265251159,13825500
2011-10-10,6.937328338623047,6.989034672228281,6.799443275603937,6.825296853335232,12199000
2011-10-11,7.075214385986328,7.204481067348901,6.868386956134447,6.868386956134447,12251700
2011-10-12,7.256185531616211,7.368216997289289,7.06659375725737,7.075211751968501,11724900
2011-10-13,7.480249404907227,7.531955735970676,7.083830638705754,7.170008131097274,14798700
2011-10-14,7.385454177856445,7.583664000951097,7.282040678707797,7.540574837508134,9250200
2011-10-17,7.238949775695801,7.531955030467858,7.144154296387232,7.454394719280286,9431700
2011-10-18,7.506104469299316,7.583664807372668,7.1872459408869425,7.230335108911863,11463300
2011-10-19,7.325127601623535,7.506101375243816,7.20447814525762,7.454394230556371,8098000
2011-10-20,7.4974846839904785,7.4974846839904785,7.204479397499852,7.2906577130055625,8126900
2011-10-21,7.463013648986816,7.583663128373676,7.256186674487064,7.549191965957051,9328800
2011-10-24,7.669839859008789,7.738782176970336,7.411306577581617,7.497484064104921,9921000
2011-10-25,7.2734222412109375,7.480250048841361,7.161391573643581,7.454396059226693,19332600
2011-10-26,7.37683629989624,7.45439580047591,7.213097658783106,7.42854263361602,11869200
2011-10-27,7.445780277252197,7.626754129118458,7.316512770571989,7.583664960225056,11819700
2011-10-28,7.333747386932373,7.4371608797034225,7.282040229618156,7.36821855118939,7706900
2011-10-31,7.34236478805542,7.350981962027854,7.20447932035135,7.2475684776427896,7863300
2011-11-01,7.1786274909973145,7.264805821622006,6.9890356567374745,7.066595989928203,20844200
2011-11-02,7.109684944152832,7.325129942460494,7.066595780119811,7.238951614394451,11882800
2011-11-03,7.152773380279541,7.247568874019311,6.902857240549819,7.247568874019311,13038200
2011-11-04,7.195863723754883,7.21309889733512,7.023507056807523,7.135538561580308,9418500
2011-11-07,7.161393165588379,7.264806681463248,7.057978827855942,7.213099512597029,7735900
2011-11-08,7.066595554351807,7.204480217366293,6.911475719389219,7.14415588276181,14866000
2011-11-09,6.8942389488220215,7.0235056003695036,6.851149791020418,6.9287101106918385,9113300
2011-11-10,6.566763401031494,6.971800224962282,6.463349901234634,6.911475888878472,15540200
2011-11-11,6.8511505126953125,6.902857671875342,6.592616771438695,6.6787946851909,9485300
2011-11-14,6.945947647094727,7.204481007678598,6.877004897095937,6.9114764775597095,15831500
2011-11-15,6.8942389488220215,6.971799268493442,6.782207467280784,6.945946102555411,12773800
2011-11-16,6.532291889190674,6.851150368843186,6.523674303460749,6.833914786454637,9692800
2011-11-17,6.273758888244629,6.6012349919862645,6.161727384131802,6.540910652024547,14791000
2011-11-18,6.3426995277404785,6.351317112172643,6.256521628775656,6.316845952586713,11443400
2011-11-21,6.213432788848877,6.2737575266470245,6.101401309050313,6.2048147930511455,7395800
2011-11-22,6.273758888244629,6.377172394689356,6.18758055527861,6.256523303837175,10112500
2011-11-23,6.135872840881348,6.334082235982255,6.135872840881348,6.204815167711457,12493000
2011-11-25,6.135872840881348,6.2909934871777775,6.101401677466292,6.101401677466292,2949900
2011-11-28,6.403025150299072,6.47196789438346,6.2909940643854725,6.377171980830057,8346300
2011-11-29,6.721884727478027,6.80806265251159,6.446114956441868,6.46335054144858,17632000
2011-11-30,6.997652530670166,7.075212851408273,6.4719670994613745,6.532291428098863,28064300
2011-12-01,7.34236478805542,7.428542280780981,6.9200920328280935,6.928710028657846,15642600
2011-12-02,7.247568130493164,7.4543950893565345,7.19586180170596,7.385452769735411,12820600
2011-12-05,7.419926166534424,7.514722500985998,7.333748651955523,7.376837820173736,13640600
2011-12-06,7.299276351928711,7.4716321762658175,7.238951197017674,7.368218681663554,11847700
2011-12-07,7.37683629989624,7.45439580047591,7.204479662544023,7.23033365126127,10077200
2011-12-08,7.049360752105713,7.411308422429708,6.971800419628076,7.256187757474435,10778900
2011-12-09,7.325127601623535,7.454394230556371,7.09244668331581,7.109682672164019,9216400
2011-12-12,7.325127601623535,7.454394230556371,7.1527718224273595,7.195860972690699,8173700
2011-12-13,6.885620594024658,7.385452826015354,6.83391385391479,7.3509816659421094,11750000
2011-12-14,7.023505687713623,7.195862321063458,6.902857030597543,7.066594846051081,15140400
2011-12-15,7.402689456939697,7.618134431486919,7.144155323111561,7.19586247862013,22844700
2011-12-16,7.773257255554199,7.868052775064281,7.49748705195268,7.49748705195268,22224500
2011-12-19,7.333747386932373,7.842197676116404,7.290658226146756,7.799108515330788,13485600
2011-12-20,7.437163352966309,7.523340881338892,7.368221001525179,7.437163352966309,7492300
2011-12-21,7.299276351928711,7.592281664230492,7.26480518706129,7.3596006849823485,9603300
2011-12-22,7.2044830322265625,7.4199281078275,7.1700118530047225,7.4199281078275,8449600
2011-12-23,7.1786274909973145,7.1786274909973145,6.945947313282599,7.135538325684968,10046700
2011-12-27,7.049360752105713,7.238951762764977,6.963182422273347,7.11830308722862,5595900
2011-12-28,6.997652530670166,7.066594855357963,6.911475035739088,7.032123693014065,5651700
2011-12-29,6.971800804138184,7.075214312526026,6.937329634675569,6.954564808478122,4602800
2011-12-30,6.971800804138184,7.0321251452333815,6.9028584652129545,6.971800804138184,3678600
2012-01-03,6.928710460662842,7.152773435062796,6.911475289786043,7.092448282350581,7093200
2012-01-04,6.902858257293701,7.014889760137102,6.747737588455533,6.920093430577118,7412900
2012-01-05,7.1786274909973145,7.195863485865241,6.7822086494671785,6.920093320980709,10509800
2012-01-06,7.170009613037109,7.264805942675354,7.101067276131559,7.118303271286688,6683300
2012-01-09,7.135539531707764,7.325131398011727,7.118304355784281,7.18724670319343,9015700
2012-01-10,7.126922130584717,7.230335648446833,7.006272615483455,7.195864475826127,6933800
2012-01-11,7.419926166534424,7.428544164549572,7.0838324625189175,7.187245973128114,6801100
2012-01-12,7.643985271453857,7.738780735529881,7.299273745852767,7.411305197137397,12891800
2012-01-13,7.62675142288208,7.76463605692868,7.428541645047157,7.497483962070457,10127900
2012-01-17,7.523336410522461,7.678457020011887,7.4630120943242035,7.643985864776145,6881500
2012-01-18,7.687076091766357,7.859431892103819,7.437159975812717,7.575044616082686,14086800
2012-01-19,8.040410041809082,8.16105957830574,7.687080254324683,7.704315432762646,14325100
2012-01-20,8.10935115814209,8.186911503886654,7.971466464310689,8.014555636597402,7844600
2012-01-23,8.005936622619629,8.23861763034948,8.005936622619629,8.117968127616502,15346500
2012-01-24,8.083497047424316,8.178292557991451,7.919758376067666,8.00593671066143,12709100
2012-01-25,8.583324432373047,8.876329613652258,8.548853282920025,8.548853282920025,41332200
2012-01-26,8.764302253723145,9.091778736950786,8.712595094536711,8.859097753397956,31724900
2012-01-27,8.95389461517334,9.117632455737759,8.626418112187041,8.686742449996437,12840700
2012-01-30,9.2813720703125,9.37616758543174,8.850482020367242,8.9797487066078,15348800
2012-01-31,9.091776847839355,9.30722179294523,8.876331902733481,9.281368629652553,14524000
2012-02-01,9.393399238586426,9.488195540025172,9.143483136183146,9.203808279423413,11502100
2012-02-02,9.565760612487793,9.62608496389534,9.324461563142311,9.39340391385312,10674900
2012-02-03,9.738115310668945,9.979413508952662,9.695026141225323,9.695026141225323,15182000
2012-02-06,9.47096061706543,9.720876747626098,9.410636288885819,9.703641577513638,9530600
2012-02-07,9.453728675842285,9.68640889390431,9.419257501986518,9.50543502569713,8105500
2012-02-08,9.47096061706543,9.514049775132579,9.22104448650476,9.402018292900923,7824800
2012-02-09,9.582991600036621,9.608844764787063,9.289986326673967,9.479578119177559,8789600
2012-02-10,9.384781837463379,9.608843949382162,9.315839522741104,9.419252994824516,8179100
2012-02-13,9.608845710754395,9.686406034498638,9.40201872867466,9.427871895970284,7591600
2012-02-14,9.427871704101562,9.608845515202635,9.324458215166286,9.565757177872618,9437400
2012-02-15,9.333078384399414,9.548523408641058,9.255518044175215,9.42787389919702,8594100
2012-02-16,9.4192533493042,9.470959676363186,9.19519040709592,9.307221878200059,10332600
2012-02-17,9.333078384399414,9.522670235852173,9.203811698597447,9.479581066632337,7612000
2012-02-21,8.660889625549316,9.333077831222123,8.247234776157015,9.333077831222123,26706000
2012-02-22,8.557472229003906,8.798770302054375,8.557472229003906,8.617796541802242,9361000
2012-02-23,8.350647926330566,8.6522712582502,8.247234423864324,8.635036085434558,10959500
2012-02-24,8.212761878967285,8.49714916851763,8.17829071725989,8.393735683395443,9416100
2012-02-27,8.324792861938477,8.393735181228699,8.100729913316616,8.247232547272658,10316600
2012-02-28,8.531624794006348,8.548860794806654,8.273091356863779,8.333415715949345,12150400
2012-02-29,8.454062461853027,8.67812464519866,8.402355298399431,8.488533630202932,9454600
2012-03-01,8.307559967041016,8.557476148340987,8.264470800225675,8.445444643364103,10799300
2012-03-02,8.41958999633789,8.695359300650685,8.290322518548253,8.333411677811466,15245600
2012-03-05,8.333413124084473,8.402355462127689,8.109350114515268,8.367884293106082,12015200
2012-03-06,8.066261291503906,8.46268016307387,8.005936948609845,8.212763971553079,10179200
2012-03-07,8.07487678527832,8.273086570520015,8.049023620892806,8.09211277610685,7012500
2012-03-08,8.161056518554688,8.238616847090853,7.962846698755887,8.023171855315915,10089500
2012-03-09,8.07487678527832,8.273086570520015,8.049023620892806,8.273086570520015,10153900
2012-03-12,7.91975736618042,8.21276268020766,7.91975736618042,8.100731188264456,11235700
2012-03-13,8.023171424865723,8.100730927383331,7.876668772570168,8.083495756331876,16418800
2012-03-14,8.014554023742676,8.023172020837247,7.816344199854725,8.014554023742676,12680700
2012-03-15,8.29893970489502,8.47129550327065,7.971463277052686,8.005934436727811,22472900
2012-03-16,7.936995029449463,8.35064909732005,7.936995029449463,8.324795923542533,14737100
2012-03-19,8.023171424865723,8.109348923837747,7.902521940076038,7.971464267996607,9817500
2012-03-20,8.212761878967285,8.298940194164436,7.962845751124335,8.066259236246522,9882800
2012-03-21,8.393735885620117,8.557474524068086,8.143819751756105,8.25585123546857,21023800
2012-03-22,8.212761878967285,8.583327483714783,8.152437551443674,8.385117687504264,14986700
2012-03-23,8.290322303771973,8.350646632063244,8.143819659186885,8.195526813334642,9249700
2012-03-26,8.514387130737305,8.531622304650982,8.212763779601582,8.34203128231297,10079500
2012-03-27,8.454062461853027,8.548857969350893,8.376502127601375,8.488533630202932,8508500
2012-03-28,8.617798805236816,8.859096941663392,8.497149326094858,8.505767322145857,17276600
2012-03-29,8.67812442779541,8.712595595281746,8.41097308524067,8.626418087494637,11634700
2012-03-30,8.548857688903809,8.63503601788021,8.385119028220137,8.63503601788021,11853600
2012-04-02,8.626419067382812,8.686743411871872,8.445445212058084,8.514387554862024,10551700
2012-04-03,8.893567085266113,9.11763002578198,8.678122139814068,8.686740134877889,16724700
2012-04-04,9.031455993652344,9.152105516080267,8.79015777065413,8.833246944511076,12339800
2012-04-05,8.936660766601562,9.169341820072084,8.867718414874963,8.962513943034622,8456300
2012-04-09,8.867714881896973,8.96251037228925,8.747065403514437,8.876332877893725,5835400
2012-04-10,8.454062461853027,8.928040821199831,8.42820846919749,8.841863311253812,9603000
2012-04-11,8.540237426757812,8.686740054050624,8.479913105586856,8.566090589851473,6920800
2012-04-12,8.841858863830566,9.04006777667977,8.600559984896229,8.600559984896229,10834900
2012-04-13,8.72983169555664,8.841863196706822,8.686742530213113,8.798774031363294,7007000
2012-04-16,8.833244323730469,9.014218142749487,8.686741669198055,8.747066001585264,15157900
2012-04-17,8.996983528137207,9.031454697905644,8.781538511620097,8.91942401255136,12285200
2012-04-18,9.074541091918945,9.143483410383386,8.953892445534807,8.979745609494657,10180200
2012-04-19,9.324459075927734,9.505432903734901,8.945276248161848,9.100396906812971,22660200
2012-04-20,9.264134407043457,9.42787223494604,9.100396579140876,9.350312730270543,12197600
2012-04-23,8.95389461517334,9.152103623322766,8.876334282642707,9.074543290792134,9612100
2012-04-24,9.031455993652344,9.152105516080267,8.953896466939,8.962513644224282,9782600
2012-04-25,9.031455993652344,9.23828386379416,8.833246944511076,9.014220817224144,12228400
2012-04-26,8.962512016296387,9.169339848870521,8.83324534006285,9.065926343512196,8304000
2012-04-27,9.324459075927734,9.350313066941208,8.876333915840778,8.95389424516634,10975200
2012-04-30,9.445109367370605,9.58299404367627,9.238282352912107,9.281371519722,13160200
2012-05-01,9.52266788482666,9.772584018371553,9.462342734069383,9.600228205902203,13729900
2012-05-02,9.367548942565918,9.514051615214434,9.272753433969962,9.453727275367688,7707300
2012-05-03,9.445109367370605,9.59161204140975,9.315842688798417,9.315842688798417,8483900
2012-05-04,9.479578971862793,9.651934788797917,9.39340065246655,9.522668131560915,15183900
2012-05-07,9.626084327697754,9.695026673852094,9.43649246484452,9.47958163665538,11680500
2012-05-08,9.626084327697754,9.677790676384712,9.47096363792169,9.565759980277104,11789400
2012-05-09,9.402019500732422,9.55714016095882,9.34169516480324,9.539904166774804,11634200
2012-05-10,9.50543212890625,9.608845618958178,9.436489802204965,9.479578961857609,8887400
2012-05-11,9.798441886901855,9.841531066161375,9.436494096094274,9.453730096541175,7838200
2012-05-14,9.85014533996582,9.97941200698363,9.746731841980088,9.807056177007409,15907800
2012-05-15,9.626084327697754,9.867382539237946,9.565759980277104,9.824293367427085,9694200
2012-05-16,9.815674781799316,9.919088286188858,9.677789287422451,9.677789287422451,9472000
2012-05-17,8.971128463745117,9.78120201519827,8.893568142663716,9.772584019109814,20742400
2012-05-18,8.738447189331055,8.99698046360451,8.643650888364034,8.988363290490701,18994600
2012-05-21,9.117633819580078,9.152104992321384,8.74706809621785,8.74706809621785,14203200
2012-05-22,9.083160400390625,9.307223378722629,9.022836068477156,9.203809886074946,12860300
2012-05-23,9.255514144897461,9.264132139482241,8.83324227252958,9.065923195175472,9144000
2012-05-24,9.712260246276855,9.944940400985727,9.376165776300274,9.393400947606633,19379500
2012-05-25,9.798441886901855,9.95356260349303,9.669175170981035,9.746735529276622,11596300
2012-05-29,10.169007301330566,10.194860479185728,9.798441524023186,9.90185505730154,18680200
2012-05-30,10.12591552734375,10.34136053856383,10.02250202058101,10.082826360728234,13803100
2012-05-31,10.427538871765137,10.556805549753818,10.005266025163289,10.212093860545671,20830500
2012-06-01,9.919087409973145,10.375830552810978,9.850145079803562,10.358595381197285,17554100
2012-06-04,8.772921562194824,9.807057503819436,8.712596397148593,9.798439505690327,29678300
2012-06-05,9.117633819580078,9.160722990971108,8.910806783132243,8.919424781781965,11215400
2012-06-06,9.14348316192627,9.298603785184778,9.005598528744146,9.221043473555524,14791800
2012-06-07,8.859097480773926,9.36754777272125,8.859097480773926,9.203809947074896,15796300
2012-06-08,8.94527530670166,9.057306790396819,8.523003360213453,8.669506006441173,20033400
2012-06-11,8.764302253723145,9.126249902455937,8.747066260041862,9.117631905615296,11489900
2012-06-12,8.65227222442627,8.996983937806776,8.617801053088218,8.824628081116524,12803400
2012-06-13,8.867714881896973,9.091777846668537,8.617798750992483,8.75568339951119,16726400
2012-06-14,9.005598068237305,9.221043002031772,8.841860280170678,8.876331436703504,8616600
2012-06-15,8.841858863830566,9.022832612102786,8.678120280135333,8.936654323646655,8161600
2012-06-18,9.160721778869629,9.160721778869629,8.75568493635857,8.833245270228504,9463800
2012-06-19,9.402019500732422,9.445108664335025,9.117632171555648,9.134868165739665,8012700
2012-06-20,9.660552978515625,9.660552978515625,9.238281013106244,9.341694505337681,13200100
2012-06-21,9.677787780761719,9.763966098598631,9.462342808026785,9.660552610308745,17544300
2012-06-22,9.51405143737793,9.75534961411206,9.453727098658765,9.634700936673733,8435000
2012-06-25,9.065927505493164,9.514052752815505,8.98836716106913,9.479581579944556,12840500
2012-06-26,9.600228309631348,9.677787809687567,8.971128559999208,9.022835715227373,21807000
2012-06-27,9.53990650177002,9.807058724008607,9.33307945208329,9.56576049937409,12157400
2012-06-28,9.61746597290039,9.634701969729651,9.238283083089856,9.565759626127736,9647500
2012-06-29,9.436487197875977,9.712257250430078,9.41063403796242,9.660550108745829,11398200
2012-07-02,9.582991600036621,9.695023076431594,9.436488963355293,9.57437360450071,7967100
2012-07-03,9.272751808166504,9.522667943244535,9.221044653179824,9.522667943244535,6082600
2012-07-05,9.160721778869629,9.298606451590633,9.083161444999694,9.22966411523013,8504000
2012-07-06,9.479578971862793,9.531286127872011,9.109013349059255,9.160720505068474,9499300
2012-07-09,9.402019500732422,9.582993330377407,9.281370828874055,9.539904166774804,7082200
2012-07-10,9.23828125,9.44510823976646,9.048689431785377,9.393401081396146,13815500
2012-07-11,9.557140350341797,9.608846690203578,9.238281848335971,9.25551702100408,11355600
2012-07-12,9.264134407043457,9.470961396559582,9.203810073898937,9.24689841365508,9789900
2012-07-13,9.324459075927734,9.376166236097252,9.221045577446128,9.272752737615646,5318900
2012-07-16,9.453728675842285,9.574377373408664,9.264136808706759,9.358932331345716,7189800
2012-07-17,9.30722427368164,9.565758441089526,9.238281938620533,9.565758441089526,10406800
2012-07-18,8.816008567810059,9.358930039477917,8.764302230617355,9.324458874063643,19709300
2012-07-19,8.617798805236816,9.03145275339666,8.566091650788167,8.953893254509694,15720100
2012-07-20,8.566093444824219,8.764303286222473,8.48853392969361,8.600564614390327,12053500
2012-07-23,8.324792861938477,8.497148660164033,8.229997378378739,8.479913491270114,12583800
2012-07-24,8.040410041809082,8.445447008322828,7.936996505608116,8.376504650855518,14537700
2012-07-25,8.161056518554688,8.471297010841925,7.824962035517115,8.29894118179346,24152400
2012-07-26,8.10935115814209,8.255853850802353,7.928377292023975,8.255853850802353,19560100
2012-07-27,8.117963790893555,8.229995236041757,7.997314352613092,8.161052934697796,14923500
2012-07-30,8.161056518554688,8.24723402215021,7.945611526779751,8.10073136199466,17242600
2012-07-31,8.316176414489746,8.41959073453132,8.066260255080365,8.161056578142238,18124100
2012-08-01,8.169672966003418,8.290322446520722,8.100730640524201,8.178290962152657,15043400
2012-08-02,7.954226493835449,8.161054253137973,7.876667008686344,8.083493946131675,14795700
2012-08-03,8.005936622619629,8.10073213214429,7.902523115358861,8.014554620355733,7073700
2012-08-06,8.07487678527832,8.126583935906629,7.980081301293245,8.02317045650729,8104000
2012-08-07,8.031787872314453,8.135201354832892,7.945610381144405,8.05764185933704,12499800
2012-08-08,8.09211540222168,8.23861808437923,7.9714658928397135,8.074879405799594,12932000
2012-08-09,7.816342830657959,8.083494940790297,7.790489665760409,8.057641775892746,13486900
2012-08-10,7.8077263832092285,7.919757048805533,7.730166059444579,7.850814721427482,7633300
2012-08-13,7.980081558227539,7.99731672775371,7.747400605694447,7.807725753679307,8650300
2012-08-14,7.997318744659424,8.161057416667745,7.936994403318206,7.980083570786581,10919600
2012-08-15,7.980081558227539,8.014552719137185,7.902521240716508,7.945610397317893,7577200
2012-08-16,7.781872272491455,8.040406407049355,7.773255098096833,7.988700073252191,9995300
2012-08-17,7.868051528930664,7.911140693468135,7.79049119713471,7.850815534372694,12886100
2012-08-20,8.15243911743164,8.186910285760543,7.842198602471513,7.842198602471513,14686500
2012-08-21,8.367883682250977,8.557475508958378,8.169673858452912,8.21276302204879,24099900
2012-08-22,8.212761878967285,8.359264521688047,8.09211322392006,8.307558190055616,10371400
2012-08-23,7.8852858543396,8.247233482590339,7.816343527230637,8.186909151834337,11852000
2012-08-24,7.850818634033203,7.945614997814633,7.833583454527894,7.928378996451544,7277200
2012-08-27,7.8077263832092285,7.93699304157873,7.799108386822629,7.876668710587278,6968300
2012-08-28,7.4974846839904785,7.790489970481106,7.471631518081696,7.78187197455907,20934300
2012-08-29,7.419926166534424,7.540575673173916,7.2906594837373095,7.52333967714362,15102100
2012-08-30,7.368217468261719,7.45439495530982,7.333746309071026,7.437159786643106,13066400
2012-08-31,7.454395771026611,7.609516415287845,7.454395771026611,7.540574089362265,11402000
2012-09-04,7.37683629989624,7.497484959813965,7.25618681812116,7.463013796714993,12021100
2012-09-05,7.652604103088379,7.730164410306465,7.4113060087432645,7.428541175982176,12740500
2012-09-06,7.928375244140625,8.023171563057216,7.6870770922625,7.704312263610813,14112100
2012-09-07,7.997318744659424,8.178292590540588,7.928376405453029,7.980083570786581,13606400
2012-09-10,8.083497047424316,8.35926640315235,7.980083539026304,7.997318712830552,10470700
2012-09-11,7.997318744659424,8.161057416667745,7.936994403318206,8.014554740389778,6210500
2012-09-12,8.186907768249512,8.229996920874902,7.988698816772835,7.99731598981213,10244900
2012-09-13,8.14382266998291,8.204147842433914,8.023173968796177,8.169675845686118,7533300
2012-09-14,7.988696575164795,8.14381633048987,7.954224605251447,8.126581167390194,9551000
2012-09-17,7.954226493835449,8.031786800841745,7.790488707155527,7.9714624828844896,11245300
2012-09-18,7.721548080444336,7.997317390577478,7.704312087632328,7.89390389927755,12421300
2012-09-19,8.07487678527832,8.117965940492365,7.824960671265595,7.8594318310653755,19155500
2012-09-20,7.8852858543396,8.04040650126345,7.85943268713808,7.997317341356006,7380000
2012-09-21,7.816342830657959,7.971463463757852,7.790489665760409,7.911139138377802,10426200
2012-09-24,7.868051528930664,7.97146503070612,7.661224525379755,7.773256024434195,8190600
2012-09-25,7.773257255554199,7.92837712185637,7.756021258266411,7.868052775064281,13833700
2012-09-26,7.8939056396484375,7.936994809320961,7.712931784509879,7.721549782815894,5420900
2012-09-27,7.954226493835449,8.014551633649898,7.790488707155527,7.876667008686344,8492400
2012-09-28,7.8939056396484375,7.928376811014946,7.790492125548911,7.87667046489396,7016300
2012-10-01,8.161056518554688,8.324794350686375,7.850815204410029,7.859433201326808,15083700
2012-10-02,8.41958999633789,8.445443163152877,8.057642373498672,8.100730710904529,15425300
2012-10-03,8.755682945251465,8.85047925258288,8.402353346289287,8.50576682731305,17180400
2012-10-04,8.738447189331055,8.798771510413896,8.531619419312161,8.798771510413896,11015700
2012-10-05,8.859097480773926,9.031453302995716,8.72983081957193,8.833244312905006,7120200
2012-10-08,8.72983169555664,9.040072206686583,8.695360527653314,8.859098369729749,7033400
2012-10-09,8.523003578186035,8.781536892863462,8.47991441845401,8.7384485549888,9063400
2012-10-10,8.479915618896484,8.591947121316323,8.402355284770636,8.53162196040873,8140100
2012-10-11,8.402355194091797,8.531621868334836,8.376502023614684,8.514386695302584,7802900
2012-10-12,8.635037422180176,8.712596944643352,8.419592386559204,8.479916733538648,11387000
2012-10-15,8.712593078613281,8.790153388518288,8.626415595718893,8.686739915930687,7159900
2012-10-16,8.609185218811035,8.747069938822213,8.557478859735722,8.6953635797469,11032000
2012-10-17,8.781538009643555,8.876334337481078,8.557475829885474,8.591946997683445,9621300
2012-10-18,8.798773765563965,8.962511602694097,8.790155768384103,8.790155768384103,8861600
2012-10-19,8.617798805236816,8.798772613021082,8.574709646839164,8.772919446725426,7182800
2012-10-22,8.738447189331055,8.790153515442851,8.531619419312161,8.617797725308137,7317200
2012-10-23,8.747063636779785,8.833241935626324,8.540236705776694,8.738446464380866,11526200
2012-10-24,8.65227222442627,8.859099252454573,8.454063194696866,8.68674339576432,14129700
2012-10-25,8.307559967041016,8.703978822398643,8.229999631144905,8.660889655583302,11605300
2012-10-26,8.307559967041016,8.419591472017899,8.178292466594996,8.359266309733425,9458300
2012-10-31,8.29893970489502,8.46267750788755,8.186908230486543,8.212761394778568,8323100
2012-11-01,8.359264373779297,8.428206695974223,8.298940047323063,8.307558043061755,6025800
2012-11-02,8.359264373779297,8.436824691712916,8.221379729389444,8.419589522092839,7063300
2012-11-05,8.41958999633789,8.471296329967863,8.27308734795738,8.30755851099648,6273400
2012-11-06,8.65227222442627,8.65227222442627,8.367884855422963,8.410974025059915,6963400
2012-11-07,8.566093444824219,8.635036605813946,8.290324088295353,8.600564614390327,11258200
2012-11-08,8.867714881896973,8.876332877893725,8.471296106477025,8.505767268606702,11436300
2012-11-09,8.781538009643555,9.040072179057075,8.69536050107736,8.781538009643555,10308400
2012-11-12,8.876334190368652,8.99698286473324,8.678124362422256,8.816009031328903,7384800
2012-11-13,8.798773765563965,9.048689930777817,8.772920595881827,8.781537771204242,8238400
2012-11-14,8.238616943359375,8.979747427856623,8.169673789076965,8.816008771954223,16717900
2012-11-15,8.17829418182373,8.45406441416453,8.152441005055355,8.230001357218152,13064400
2012-11-16,8.040410041809082,8.221383935625203,7.936996505608116,8.178294756743703,9599900
2012-11-19,8.229999542236328,8.238617539877795,8.031789705770024,8.1524392071781,6730300
2012-11-20,8.342029571533203,8.497149392374444,8.109348607485325,8.273087246302131,6981800
2012-11-21,8.376500129699707,8.385117303338767,8.178290342570202,8.350646143210673,9163100
2012-11-23,8.479915618896484,8.49715079211474,8.359266118938777,8.393737287232767,2652600
2012-11-26,8.445443153381348,8.566091812949926,8.247233349742844,8.428207160953063,6888900
2012-11-27,8.46268081665039,8.591948332366448,8.393738470344864,8.410974467850044,7973400
2012-11-28,8.617798805236816,8.747065458572433,8.402353835105895,8.428207001401551,11320000
2012-11-29,8.660889625549316,8.7212139657671,8.497150956590334,8.678124799101186,10219500
2012-11-30,8.617798805236816,8.660887963634467,8.488532151901198,8.60056281313482,9740500
2012-12-03,8.290322303771973,8.626416751089053,8.273087133627609,8.609180759087355,9804900
2012-12-04,8.385117530822754,8.58332732332959,8.186908560173226,8.497149009742738,9928900
2012-12-05,8.367883682250977,8.46267918467596,8.23861701332078,8.454062009442733,9922200
2012-12-06,8.635037422180176,8.643654598993248,8.385120391876564,8.410974387888544,11550100
2012-12-07,8.712593078613281,8.824624546047488,8.514384128284686,8.57470844849648,10243300
2012-12-10,8.738447189331055,8.790153515442851,8.574708572310149,8.71259320441792,8756700
2012-12-11,9.186573028564453,9.427871155369104,8.781536270749383,8.841861418843525,28373100
2012-12-12,9.23828125,9.56575772805893,9.02283626352892,9.152102926668608,19529800
2012-12-13,9.729496002197266,9.738113999296967,9.30722400660115,9.367548342584184,20240700
2012-12-14,9.669173240661621,9.850147099936432,9.58299489934692,9.71226241131897,12007100
2012-12-17,9.677787780761719,10.12591371854191,9.61746345139029,9.893232753496653,19546900
2012-12-18,9.936322212219238,10.005264539825994,9.651934905377024,9.703642062010777,14538500
2012-12-19,10.194860458374023,10.289655991554572,9.901855037087973,9.944944214663753,25298300
2012-12-20,10.289652824401855,10.32412399148072,10.039736657615721,10.177622147788632,13366300
2012-12-21,10.220711708068848,10.26380087751598,10.065591848659741,10.11729819451026,12579200
2012-12-24,10.151769638061523,10.315508321982112,10.03973812323627,10.169005635045826,4118800
2012-12-26,10.039734840393066,10.246562627287247,10.022499670901977,10.065588827415652,5844700
2012-12-27,9.970794677734375,10.134533343569936,9.850145999600256,10.005265846038048,6388400
2012-12-28,9.910468101501465,10.065588734780171,9.87599694097923,9.9449392620237,6935700
2012-12-31,10.229326248168945,10.384446876994993,9.95355697190688,9.970792140744623,11658400
2013-01-02,10.539566993713379,10.58265614986,10.315504861094075,10.401682351530024,10628500
2013-01-03,10.841192245483398,10.867045415151626,10.44477341585499,10.462009410205438,16272400
2013-01-04,11.18590259552002,11.272080913400181,10.815337801092957,10.823955797252443,17125600
2013-01-07,11.194522857666016,11.53061737920182,11.108345344199218,11.323790360652486,23137100
2013-01-08,11.18590259552002,11.427201556841535,11.09110710333772,11.246227746779073,16685700
2013-01-09,11.297934532165527,11.34102369283004,11.108343540213482,11.203139036189505,10251700
2013-01-10,11.461673736572266,11.763296232199938,11.349642242130871,11.590940403004494,27721200
2013-01-11,11.50476360321045,11.556469944203826,11.280700600619221,11.487527608307674,14934900
2013-01-14,11.582324028015137,11.62541319681236,11.34964383148219,11.461675341611956,7996300
2013-01-15,11.74605941772461,11.840854905062228,11.384111816097615,11.418582977116504,17041000
2013-01-16,11.995975494384766,12.159713303129683,11.651263885523198,11.67711705072349,20083000
2013-01-17,11.918415069580078,12.064917707491054,11.823619583461275,12.021828551307125,9910600
2013-01-18,11.728825569152832,11.987359734957566,11.720208393716725,11.935653394911094,11337100
2013-01-22,12.073538780212402,12.194187462047676,11.599559585103455,11.754680258157384,16829300
2013-01-23,11.875325202941895,12.194183624655231,11.840854044428486,12.108006139300334,20839900
2013-01-24,12.004593849182129,12.211420820686195,11.81500204770807,11.918415533460104,14578900
2013-01-25,12.211423873901367,12.220041871999788,11.909800515316896,12.013214026925349,10746000
2013-01-28,12.013216018676758,12.23727907523942,11.9787448424254,12.20280789898806,9593800
2013-01-29,11.789149284362793,12.004594259168503,11.728824132554193,11.970123096073884,16123200
2013-01-30,11.927033424377441,11.995975747605042,11.78914877792224,11.823619939536039,8168500
2013-01-31,11.970123291015625,11.995976458293287,11.823620640013257,11.866709800047607,6967400
2013-02-01,11.90980052947998,12.142481547268854,11.840858188325694,12.039068035537422,10069500
2013-02-04,11.944269180297852,12.021829503198708,11.58232155466543,11.754678193048383,10041800
2013-02-05,12.004593849182129,12.151096492795174,11.892562367486427,11.918415533460104,19010700
2013-02-06,12.469956398010254,12.487191570047145,11.987359253115967,11.987359253115967,16494800
2013-02-07,12.806050300598145,12.8319042919246,12.461338634819807,12.487191804288821,16685200
2013-02-08,12.599221229553223,12.823284186397183,12.513043738206756,12.728488699358879,9197200
2013-02-11,12.6595458984375,12.840519703579425,12.5906035747508,12.633692732519318,7583800
2013-02-12,12.495809555053711,12.745725713280487,12.461338389155445,12.61645904662635,7146700
2013-02-13,12.737107276916504,12.754343270199714,12.495809123953338,12.55613345672978,7230400
2013-02-14,12.271745681762695,12.650929301185664,12.082154693908574,12.581986974355555,17917800
2013-02-15,12.452720642089844,12.5475169666053,12.33207196995372,12.383778308909934,14248600
2013-02-19,12.32345199584961,12.599221284328907,12.237273682271175,12.409629487570736,12245700
2013-02-20,11.90980052947998,12.340690572623048,11.875329358902837,12.314837400154575,13822800
2013-02-21,11.685736656188965,12.056301481298329,11.341024177983904,12.03044831253661,21229600
2013-02-22,11.849475860595703,11.866711856339084,11.539235333932448,11.68573801032114,8462800
2013-02-25,12.082157135009766,12.357926498047155,11.909800461253868,11.92703645737247,16933300
2013-02-26,11.978741645812988,12.064919974372918,11.7202083038481,12.01321281286547,11452000
2013-02-27,12.297599792480469,12.366542119993204,11.93565216210992,11.970123325866288,7947600
2013-02-28,12.297599792480469,12.426866451102505,12.263127806866729,12.357924123589768,7523500
2013-03-01,12.771576881408691,12.995639835573794,12.288980634437866,12.288980634437866,16031300
2013-03-04,13.486856460571289,13.693684281951981,12.59060530744643,12.711254801430378,25397700
2013-03-05,13.66783332824707,13.728158499574825,13.504095456032015,13.538566630280322,12270800
2013-03-06,13.504091262817383,13.848802898262536,13.331735445094807,13.788478567523976,12824800
2013-03-07,13.702301025390625,13.728155015909346,13.43514969822314,13.529945197886212,6443600
2013-03-08,13.995305061340332,14.133189710715927,13.624740271607754,13.909126744551916,18025800
2013-03-11,13.986689567565918,14.150428234385958,13.590271540618946,13.831568898337983,11617300
2013-03-12,13.814334869384766,14.04701423494394,13.762627704482444,13.960837544440917,9592100
2013-03-13,14.098721504211426,14.141809847270146,13.745391009384697,13.745391009384697,11475800
2013-03-14,14.029778480529785,14.202133488020687,13.93498215799514,14.08148481840557,9249800
2013-03-15,13.788477897644043,13.986686872931159,13.633357258301203,13.917744549191525,15200400
2013-03-18,14.021160125732422,14.115954802132753,13.5816521557188,13.641976488986684,8001000
2013-03-19,14.253844261169434,14.417581303795805,14.047015581730033,14.150429921449733,9146200
2013-03-20,14.710586547851562,14.72782254493353,14.288314481634316,14.400345175236788,13076400
2013-03-21,14.512371063232422,14.86570062781671,14.50375306852129,14.598549366629316,10723800
2013-03-22,14.40034008026123,14.684729000348737,14.29692742178811,14.676111004856882,10148700
2013-03-25,14.055631637573242,14.5468459849868,13.978071304432687,14.460669298132796,11366000
2013-03-26,14.262459754943848,14.38311008461814,14.038398379223876,14.219371408162715,10003800
2013-03-27,14.296927452087402,14.443430088330281,14.038394161642126,14.107336482008504,7921800
2013-03-28,14.227985382080078,14.598550976962892,14.193513399433025,14.383106016562614,10119400
2013-04-01,14.003924369812012,14.598553003293413,14.003924369812012,14.159045025825842,10897400
2013-04-02,12.874991416931152,13.426530851907632,12.728489589214407,13.2714102060392,41032200
2013-04-03,12.547517776489258,13.047350135234185,12.288983599448693,12.909464638117056,26394900
2013-04-04,12.711255073547363,12.797433402788974,12.418249740354842,12.426867737650493,16159800
2013-04-05,12.401012420654297,12.599221392993966,12.013210828063958,12.09938914238566,38513400
2013-04-08,12.866377830505371,12.90946618027821,12.409633761823445,12.581990448345163,12334100
2013-04-09,12.75434398651123,13.13352681960622,12.711254822740623,13.073202483441833,14994800
2013-04-10,13.142144203186035,13.20246853653416,12.814667724418184,12.857756886177159,11900400
2013-04-11,13.400678634643555,13.56441646655373,13.142144480491902,13.142144480491902,11817700
2013-04-12,13.340354919433594,13.710920607814808,13.262795404480382,13.348972917269787,8501600
2013-04-15,12.849138259887695,13.521326356077507,12.676782443154073,13.426530862338355,15407200
2013-04-16,13.6764497756958,13.693685771793362,13.159382220631917,13.271412907835945,11532500
2013-04-17,13.383445739746094,13.529948433625885,13.099058350887114,13.521330434725284,22305600
2013-04-18,13.055967330932617,13.383443846101835,12.987024993197782,13.383443846101835,14419200
2013-04-19,13.150765419006348,13.331739285207632,12.797435685436604,13.116294245532655,9027300
2013-04-22,13.04734992980957,13.529946285620035,12.849140095851448,13.211087773638036,17120100
2013-04-23,14.408966064453125,14.43482006526281,12.788819819168888,12.866380177882464,28073700
2013-04-24,14.193513870239258,14.434812825628837,14.06424721845417,14.322782165739003,11143400
2013-04-25,14.038395881652832,14.56408052246138,14.029777885086819,14.227986874960777,20782200
2013-04-26,14.486519813537598,14.538227791564653,13.943599193971368,14.090101844285229,11495100
2013-04-29,14.607169151306152,14.736435800384646,14.374488196736088,14.426194527624562,10950900
2013-04-30,14.77090835571289,14.934647012424659,14.434814688944144,14.589935348595832,12023700
2013-05-01,14.512371063232422,15.124233894292969,14.37448643528316,14.87431862252784,13514600
2013-05-02,15.072531700134277,15.115621685498077,14.383108371462189,14.538229031342127,16788000
2013-05-03,15.477569580078125,15.779192939398614,15.236272207593789,15.27074255635652,17308400
2013-05-06,15.56374454498291,15.718865190089122,15.313829228534347,15.503420214933765,7968700
2013-05-07,15.580977439880371,15.641301757936624,15.425856825613215,15.563741450803045,7301400
2013-05-08,16.080820083618164,16.23594079884848,15.727490296133764,15.727490296133764,26633800
2013-05-09,15.25350284576416,16.27040161092921,15.19317688011859,16.141134971974832,23003700
2013-05-10,15.624067306518555,15.71886361205894,15.270737714232007,15.356916024385578,11567200
2013-05-13,15.41723918914795,15.667156105430461,15.32244453444978,15.580977801756685,8181700
2013-05-14,15.727490425109863,15.744726425546903,15.468956993416164,15.51204535079329,8452500
2013-05-15,16.339345932006836,16.7443835324476,15.727482998843117,15.770571335874617,21079200
2013-05-16,16.063575744628906,16.63235030940897,16.04634139699512,16.330728679385153,10451100
2013-05-17,15.97739315032959,16.330722623371425,15.891214869260216,16.141130076276003,10414800
2013-05-20,15.822282791137695,16.261790829082084,15.701632462239298,16.011873816956527,8101600
2013-05-21,15.624067306518555,15.899838227752895,15.425858343765526,15.822277912986136,9161500
2013-05-22,15.667157173156738,15.95154444406127,15.59821485426214,15.684393163809021,10284700
2013-05-23,15.934314727783203,15.986021076385661,15.236273268646844,15.382775959449802,9341900
2013-05-24,16.313493728637695,16.313493728637695,15.693011150233277,15.693011150233277,11080300
2013-05-28,16.132522583007812,16.58926661932937,15.925695560064579,16.477235931628265,9908300
2013-05-29,15.580977439880371,16.046339282681842,15.296590194962047,15.968778975548263,13292700
2013-05-30,15.598217964172363,15.856751300643811,15.572363973039273,15.701630641274996,5579200
2013-05-31,15.520659446716309,15.87398914821649,15.486187454513823,15.598219785456841,7024200
2013-06-03,15.348307609558105,15.830905790174652,15.12424452078233,15.615460702165128,9934100
2013-06-04,15.589600563049316,16.08081490735093,15.339683570354147,15.486186238278746,12083100
2013-06-05,15.132853507995605,15.598215409897023,14.951880530843676,15.503419101647193,10279700
2013-06-06,15.072531700134277,15.331066681172464,14.598553367136576,15.081149697207037,12921100
2013-06-07,15.83951473236084,15.83951473236084,15.210415764361391,15.296594087966135,10492900
2013-06-10,16.02049446105957,16.106672812016527,15.6930170561662,15.917080111168156,7801700
2013-06-11,15.960163116455078,16.141136094837744,15.563743533208187,15.744718155305462,8208200
2013-06-12,15.572361946105957,16.201460855025797,15.520655614284854,16.09804819138359,6379400
2013-06-13,16.123899459838867,16.201459774253934,15.434476269165547,15.589596897995678,12372400
2013-06-14,16.24455451965332,16.339349208876712,15.96878516243068,16.054961853776486,10445000
2013-06-17,16.21870231628418,16.416911358202416,16.02049327436594,16.347969011286715,8832100
2013-06-18,16.347963333129883,16.416905656099768,16.06357604541478,16.201460691354548,5265200
2013-06-19,16.10666847229004,16.40829179751335,16.10666847229004,16.36520181178723,4749700
2013-06-20,15.865368843078613,16.15837415933168,15.710248188154658,15.917075180148325,11287500
2013-06-21,15.753339767456055,16.080815460346905,15.35692009320399,15.977402775735051,10310600
2013-06-24,14.960498809814453,15.589597709516077,14.900174482954657,15.589597709516077,12095600
2013-06-25,15.641304969787598,15.71024729653942,15.141472689908214,15.141472689908214,9019300
2013-06-26,15.865368843078613,15.882604836673456,15.58959952042039,15.727484181749501,4871800
2013-06-27,16.10666847229004,16.115286469435265,15.727484816474593,15.925693819670098,4852600
2013-06-28,16.123899459838867,16.261785741688072,15.951544484027808,16.03772279379061,7486400
2013-07-01,16.684059143066406,17.002916780867107,16.20146122273421,16.20146122273421,13262600
2013-07-02,16.365201950073242,16.735767611874746,16.080814616737307,16.684061272281365,8702000
2013-07-03,15.865368843078613,16.28764082386337,15.77057252202179,16.141138165736837,6578000
2013-07-05,16.373815536499023,16.52893615720754,16.123898615643206,16.235930905583558,6658800
2013-07-08,16.399673461914062,16.589264464051592,16.330731129889973,16.50308613809277,4717900
2013-07-09,16.65821075439453,16.865037799612974,16.442765710160916,16.52032605758224,6139200
2013-07-10,16.11528205871582,16.92535384407331,15.960161439987745,16.684056564909138,15637600
2013-07-11,16.253170013427734,16.468614996028993,15.89984037345885,16.42552501327988,9921800
2013-07-12,16.623735427856445,16.709912104791712,16.192845468321106,16.270404148819896,8801100
2013-07-15,16.753000259399414,16.95982722016798,16.56340764590897,16.761618254895758,6599600
2013-07-16,16.623735427856445,16.88226874609175,16.546175103642906,16.804708421878207,5463500
2013-07-17,17.166648864746094,17.399329739946772,16.640962808266202,16.640962808266202,11346200
2013-07-18,17.71819496154785,17.838845269889188,17.23559865932684,17.23559865932684,15283100
2013-07-19,17.48551368713379,17.5975443427441,17.261450732198576,17.476895691515367,7419200
2013-07-22,17.55445671081543,17.57169105902732,17.304539759024415,17.41657041911768,4967700
2013-07-23,17.62339973449707,17.709576410121922,17.287304453444193,17.632016087087777,8767800
2013-07-24,17.925024032592773,18.648919391958536,17.856081695687223,18.166323033619683,17975400
2013-07-25,18.511028289794922,18.528264278964482,17.89054747312027,18.07152042825748,12557300
2013-07-26,18.872974395751953,18.95053469734976,18.22663964491309,18.330053928281586,8877900
2013-07-29,18.373146057128906,18.96777461121914,18.286967743770024,18.80403598020872,7833700
2013-07-30,18.26112174987793,18.52827313483766,18.080147064526688,18.51103713742989,7459800
2013-07-31,18.295591354370117,18.476566032336127,18.209413014563214,18.38176969417702,5684600
2013-08-01,19.002246856689453,19.002246856689453,18.442090229232228,18.554122540952537,9941900
2013-08-02,18.916072845458984,18.97639718625311,18.735098179361607,18.933307197318015,6716700
2013-08-05,18.70923614501953,18.924681065954612,18.588587515284463,18.829886418468902,4653900
2013-08-06,18.080142974853516,18.743713931518364,18.071524978098992,18.709241944500278,6922300
2013-08-07,18.132001876831055,18.22707009975126,17.725804135277407,18.10607537852878,5775400
2013-08-08,18.20113754272461,18.451771288445507,18.131997483289368,18.356703088561158,6645500
2013-08-09,17.77764892578125,18.235702706889356,17.751722441850575,18.227059996102955,6656700
2013-08-12,18.18385124206543,18.22706315505802,17.67394275629457,17.725797381571436,8250000
2013-08-13,16.896116256713867,18.417199102725355,16.014580974767565,18.270276280996153,71984800
2013-08-14,16.455352783203125,16.792410411003203,16.204719004684623,16.680056769450335,30584800
2013-08-15,16.878835678100586,17.06897045172323,16.37756977634158,16.489921767930134,17556800
2013-08-16,17.138107299804688,17.44059565662157,16.878832507349607,16.939329849027196,11501700
2013-08-19,16.533130645751953,17.103538158380804,16.42942138776775,17.086252732573794,8353200
2013-08-20,16.58498764038086,16.83561973170523,16.40349395841652,16.68869690284991,13639200
2013-08-21,16.90475845336914,17.08625212098851,16.56770090434172,16.65412638185433,12699800
2013-08-22,17.5010986328125,17.630736070777072,17.017118095144355,17.017118095144355,13194900
2013-08-23,17.38873863220215,17.66529881230077,17.32823965043046,17.52701872225146,6310900
2013-08-26,17.51837730407715,17.760366655316897,17.1553916287887,17.406023692348274,10372200
2013-08-27,16.515846252441406,16.99118390540472,16.291140670617096,16.956614703508837,19939000
2013-08-28,16.533130645751953,16.610913413454572,16.35163862006513,16.48991872966336,10242800
2013-08-29,16.97390365600586,17.285034810084785,16.70598607800977,16.9566198740021,12982100
2013-08-30,17.051679611206055,17.414665262691514,16.9220422317674,17.02575312437555,12920000
2013-09-03,17.146759033203125,17.673953256759656,16.91341060817681,17.328251153714838,16288300
2013-09-04,17.552947998046875,17.66530161933297,17.28503048705759,17.431953312134738,12499200
2013-09-05,17.5010986328125,17.92458180932581,17.457886702967464,17.570238709622235,9206400
2013-09-06,17.189958572387695,17.812220590273764,17.068963912655896,17.725795126853075,12276100
2013-09-09,18.80611801147461,18.83204615704199,17.941866273714357,18.01964906198713,48677200
2013-09-10,19.558013916015625,19.990139736637023,18.987607964669717,19.108604315375555,206372300
2013-09-11,19.37651824951172,19.627150321554243,19.272807346592444,19.385160962124065,27856100
2013-09-12,19.160463333129883,19.393811725241115,19.082680535759472,19.29874349547071,26098900
2013-09-13,19.41973304748535,19.523443965803082,19.143172796543563,19.18638636602142,15015300
2013-09-16,20.007421493530273,20.370407182178045,19.687649368072048,19.860498675543585,21517800
2013-09-17,20.15435218811035,20.491409870571093,19.93828923300895,20.448197938922625,14278100
2013-09-18,20.145706176757812,20.353126381914826,19.800005834829456,19.877788617816993,17592100
2013-09-19,20.266704559326172,20.387699278992663,19.946930680798328,20.154350906696354,9416200
2013-09-20,20.137060165405273,20.500045877110942,20.093848247899665,20.379051189352047,14547300
2013-09-23,20.15435218811035,20.318560495547686,19.998786596688614,20.14570947209475,9871500
2013-09-24,20.534618377685547,20.828464055904874,20.093849860356553,20.093849860356553,11199300
2013-09-25,20.57782554626465,20.60375368191801,20.050633308742892,20.569182834380197,11788300
2013-09-26,20.750675201416016,20.75931791276498,20.43090147521888,20.56054049702471,12969100
2013-09-27,20.370407104492188,20.698823589764736,19.964209502632855,20.206198861855913,16040400
2013-09-30,20.387697219848633,20.474122717351246,19.62715481994074,20.016068734487874,10827400
2013-10-01,20.92352867126465,20.93217138434358,20.422262851689368,20.465476417084027,15105900
2013-10-02,20.958097457885742,21.407508603121048,20.837102783564237,21.21737223098291,21639200
2013-10-03,21.20873260498047,21.347012713130507,20.65561052395141,21.16551904091551,16929500
2013-10-04,21.770505905151367,21.9779261641267,21.217383566120798,21.338379953512007,17398300
2013-10-07,21.476652145385742,21.684072327283225,21.442081290854958,21.56307763328363,8462700
2013-10-08,20.940820693969727,21.45072938724977,20.785255106402325,21.398874740870465,12505800
2013-10-09,20.958097457885742,21.21737223098291,20.500043600423353,20.99266830679406,10944400
2013-10-10,21.182804107666016,21.554432510184014,21.070450491429515,21.295156075473628,12480400
2013-10-11,21.087739944458008,21.424799209115935,20.888962460447694,21.24330550531102,12404400
2013-10-14,20.83710479736328,21.04452496557287,20.543259146959123,20.914887566495498,18373500
2013-10-15,20.759323120117188,20.97538601275347,20.595114860153476,20.828463179823636,11664000
2013-10-16,21.10502052307129,21.182803285622995,20.638323947761062,20.897600372409688,10759400
2013-10-17,21.42479705810547,21.519863609192864,21.070452400388493,21.070452400388493,12646400
2013-10-18,21.614931106567383,21.76185393357965,21.45072285321744,21.58036025389203,11466700
2013-10-21,21.338375091552734,21.805070155803108,21.139595946283993,21.77914365960711,12851900
2013-10-22,22.029773712158203,22.6779624305763,21.830996234132986,22.09027106212856,22623200
2013-10-23,22.133480072021484,22.427325695701267,21.856919872894352,21.986557260181595,12626900
2013-10-24,22.747100830078125,22.87673823458966,22.18533764490879,22.34090318969424,18251900
2013-10-25,22.738460540771484,23.058234377857712,22.513754913062368,22.729817826425457,13052800
2013-10-28,22.591535568237305,22.85081202893668,22.453255448569262,22.83352660187091,9529800
2013-10-29,22.773029327392578,23.066874994721186,22.677961126660072,22.764386613832436,9611200
2013-10-30,22.885385513305664,23.092805731587152,22.470545076742695,22.98045373151236,12238300
2013-10-31,22.79895782470703,23.006379671534127,22.695248549722688,22.876740605159892,10144300
2013-11-01,23.075519561767578,23.28293975858435,22.513754674239305,22.86809771652161,13682300
2013-11-04,23.76848030090332,24.071650017024375,23.396014791281054,23.499957655461852,17463300
2013-11-05,23.785802841186523,24.002352400857088,23.491296960005222,23.99369187235525,13766200
2013-11-06,23.283403396606445,23.993687201864926,23.18812273235483,23.959038486034007,13371800
2013-11-07,23.110164642333984,23.725164475556863,23.040868863208285,23.39600993774521,13309400
2013-11-08,23.292072296142578,23.93305885468629,23.058200005370356,23.075522716142316,17707900
2013-11-11,23.79446029663086,23.87241825480242,23.499952821792007,23.551925895334183,7869200
2013-11-12,24.357498168945312,24.660666267740098,23.75982084877145,23.76848303047162,29670200
2013-11-13,24.071651458740234,24.44411533852832,23.889748957316154,24.348834649346315,11977300
2013-11-14,24.201580047607422,24.41812961440241,23.97636829988359,24.158269142963178,10551900
2013-11-15,24.357498168945312,24.41813178870427,24.071652781408638,24.262215822385677,10508100
2013-11-18,24.357498168945312,24.859893142559535,24.296862897044125,24.487427590163396,13631800
2013-11-19,24.123619079589844,24.903197092940474,24.106294719880704,24.392140046513997,13900000
2013-11-20,24.002349853515625,24.32284389475689,23.75115325007083,24.244885929377713,12442400
2013-11-21,24.28819465637207,24.366150962639257,24.011009886395076,24.123616560604226,8489000
2013-11-22,24.773265838623047,25.033124606173985,24.470096175052454,24.470096175052454,14684400
2013-11-25,25.26700210571289,25.457565119056895,24.87721224643881,25.119748342447348,14535700
2013-11-26,25.154394149780273,25.327632782164287,24.894533722991557,25.275661357663264,10968300
2013-11-27,25.414255142211914,25.483550931641005,25.119747624102803,25.26700138315736,9180300
2013-11-29,25.102418899536133,25.5008708585871,24.998476059534426,25.483546501206263,5589100
2013-12-02,25.119747161865234,25.48355046270896,25.0417891936743,25.119747161865234,8905300
2013-12-03,24.296855926513672,25.09375824074126,24.114955119422365,25.076435534452862,17541900
2013-12-04,23.915733337402344,24.26221229431501,23.64721070017079,24.24488793343388,15919100
2013-12-05,24.201580047607422,24.262213661967287,23.924396866452575,23.93305739523934,13599600
2013-12-06,24.452777862548828,24.84256776239182,24.34883499068547,24.574046749245625,11333300
2013-12-09,25.015806198120117,25.076441466970568,24.426792741423583,24.47876417686754,11504500
2013-12-10,24.920522689819336,25.223692391212513,24.74728238841125,24.97249411938498,10638500
2013-12-11,23.959035873413086,25.16305053083634,23.950373695399925,24.989811926997724,16735900
2013-12-12,24.435453414916992,24.61735591825879,24.037002987255583,24.05432734988664,11555900
2013-12-13,24.57404327392578,24.929184398161308,24.470098764620346,24.600028162145698,11055000
2013-12-16,24.18425941467285,24.920528385728076,24.09763924417065,24.833908215225875,11246400
2013-12-17,23.33538055419922,24.218901484667498,23.300731832304546,24.210240956335824,17570900
2013-12-18,23.482627868652344,23.586570701505313,22.867626441063027,23.26607837271019,16441500
2013-12-19,23.829111099243164,24.01101191614627,23.65587080988053,23.725166595197216,11138500
2013-12-20,23.8637638092041,24.175595742943045,23.664538585822992,23.872425990934875,18881100
2013-12-23,23.881088256835938,24.158271464628733,23.785805909603827,24.054328587777555,7464900
2013-12-24,24.114959716796875,24.184255511586553,23.829114356771694,23.829114356771694,4899200
2013-12-26,24.149608612060547,24.236228775125294,23.898411956529188,24.13228590116135,6127500
2013-12-27,23.413331985473633,24.158261124540672,23.266078262842672,24.13227624252091,9960200
2013-12-30,23.551929473876953,23.716505942008258,23.2920690231073,23.335379924306547,7570900
2013-12-31,23.79446029663086,23.950376212973982,23.560588074257875,23.586572958887263,9152400
2014-01-02,23.99369239807129,24.296860466539048,23.612564702100595,23.612564702100595,11703400
2014-01-03,25.3189697265625,25.43157640325007,24.461433817332484,24.574040494020053,19087100
2014-01-06,25.370943069458008,25.812702645309663,25.163054072167892,25.492210274425776,15782700
2014-01-07,24.929182052612305,25.691435657945824,24.764603950089406,25.500872669647887,13041100
2014-01-08,25.812700271606445,26.072560668251775,24.781925819885615,24.920517370573148,17910500
2014-01-09,26.90412139892578,27.35454495603212,26.33243059649939,26.453699493961746,18690400
2014-01-10,27.259252548217773,27.267914727136674,26.55763257720382,27.016718147055354,13196400
2014-01-13,26.782852172851562,27.52778325819355,26.73954291762376,27.519121076719554,15114200
2014-01-14,27.727001190185547,27.77897426847008,26.86946687633482,26.9214383024775,14279900
2014-01-15,27.285242080688477,27.978199948865083,26.92143878686029,27.978199948865083,18087100
2014-01-16,27.354534149169922,27.484463525273835,27.137984638282845,27.250589657001797,7461700
2014-01-17,26.912776947021484,27.189960097794213,26.748198831696964,27.08601724232539,15822000
2014-01-21,27.78763771057129,28.281370382356204,27.415170596657173,28.056157017232486,17955300
2014-01-22,28.44594383239746,28.51523795753245,27.960871739319337,28.0474935260922,11534900
2014-01-23,28.15144157409668,28.31601804298765,27.804960971471157,28.194750823353893,13397300
2014-01-24,26.94742774963379,27.98686629750886,26.817496692042887,27.744328543624775,14874200
2014-01-27,26.496999740600586,27.363197831755514,25.691435251483824,27.042703811085822,19140400
2014-01-28,26.765518188476562,27.293899503457407,26.45368802821745,26.488335089516642,11917500
2014-01-29,25.916648864746094,27.103341064087072,25.79538165172653,26.367072301878572,16374700
2014-01-30,26.488338470458984,26.739536718542574,26.22847969505137,26.375733441686833,10021000
2014-01-31,26.514326095581055,26.713551275035186,25.98594469150179,26.150522803814354,11438800
2014-02-03,25.448894500732422,26.67889562955797,25.310302963862622,26.54030409268817,16778900
2014-02-04,25.933977127075195,26.01193510493136,25.344962028669556,25.9859485615986,14439900
2014-02-05,26.00326919555664,26.07256498236648,25.223691180910453,25.691437328841413,13892600
2014-02-06,26.75685691833496,27.146646697066632,25.821363101520596,25.994603370321705,9460400
2014-02-07,27.415176391601562,27.588416715788796,26.921443615452777,27.13799319461573,12866200
2014-02-10,27.034048080444336,27.545105208301347,26.79151361443907,27.50179595426959,10751100
2014-02-11,27.207286834716797,27.233273376925265,26.522991077980876,27.11200449876112,12510900
2014-02-12,26.964746475219727,27.293902682681303,26.66157845800746,27.293902682681303,9535200
2014-02-13,27.155315399169922,27.285244805912523,26.35841294510203,26.670244842997917,8717700
2014-02-14,27.14665412902832,27.389190241320854,26.800175148711915,27.01672471792743,7007600
2014-02-18,26.782852172851562,27.363205114471956,26.782852172851562,27.163979896996555,10427800
2014-02-19,26.531158447265625,26.939064138510826,26.418334490224687,26.748128996105354,10555900
2014-02-20,27.63336944580078,27.676762893761865,26.513800610582322,26.539837672571334,12151100
2014-02-21,27.563934326171875,27.937122220147025,27.520539230114075,27.668079246003284,9632100
2014-02-24,28.162784576416016,28.405790589284997,27.63337578205834,27.702806307928668,11241100
2014-02-25,28.848405838012695,29.07405375371815,28.310316489308846,28.310316489308846,15329800
2014-02-26,29.082727432250977,29.291020590942285,28.718218542925488,29.03933398981329,11732700
2014-02-27,28.917835235595703,29.46460195987138,28.88311915230977,28.97858672599212,10851800
2014-02-28,28.822368621826172,29.030661817770923,28.345034048224996,28.579362652147328,10860700
2014-03-03,28.284286499023438,28.405789500802047,27.685447201742395,28.11070936332178,14410000
2014-03-04,29.898544311523438,30.13287291738121,29.06537814227896,29.074055508107143,13583500
2014-03-05,30.13286781311035,30.506057383960155,30.037400251631446,30.245690103305872,11323000
2014-03-06,30.69699478149414,30.87925257325524,30.401914679009625,30.42795339823727,12030900
2014-03-07,30.688318252563477,31.11357871995254,30.202302979124926,31.000756406151957,11828800
2014-03-10,30.523414611816406,31.08753935181238,30.124189604497168,30.670956303647813,10695400
2014-03-11,30.30645179748535,30.7664317204428,30.176271424002337,30.427958114394897,9975900
2014-03-12,29.941940307617188,30.237020431482907,29.69025363799765,30.02872721610955,9953500
2014-03-13,29.14348602294922,30.18494202002233,28.891799389016473,30.167583978643393,13340700
2014-03-14,29.612140655517578,30.054762445243316,28.85708404509527,29.065377236267608,11883800
2014-03-17,29.681568145751953,30.011364267012375,29.291020543036645,30.011364267012375,9175600
2014-03-18,29.56874656677246,30.011368346924755,29.551388525324537,29.93325881576305,8857900
2014-03-19,29.27366828918457,29.785718956004146,28.926517370937386,29.59478379900794,9846200
2014-03-20,29.195560455322266,29.429889076922347,28.900480336719376,29.33442149285843,7001400
2014-03-21,28.405786514282227,29.568748897291062,28.405786514282227,29.568748897291062,22078800
2014-03-24,28.917835235595703,29.100089706784953,28.223530123416705,28.73558076440645,11289700
2014-03-25,29.881189346313477,29.950618212212913,29.039342413839645,29.039342413839645,11544300
2014-03-26,29.47327423095703,29.98532478344012,29.42988078970403,29.941931342187118,12058800
2014-03-27,29.620830535888672,29.759691602915996,28.614086972263337,29.42121795895621,11952200
2014-03-28,29.100080490112305,30.106823411589925,29.082722453967033,29.629489005069022,10434900
2014-03-31,30.072114944458008,30.297762825156457,29.29101975991078,29.29101975991078,10215900
2014-04-01,31.026805877685547,31.052841298715244,30.30646166257345,30.315142343389812,11630500
2014-04-02,30.983388900756836,31.695051895162578,30.835847235195697,31.165643331120144,12018200
2014-04-03,30.69699478149414,31.304513029045562,30.349843861970545,31.009432926561047,8904100
2014-04-04,30.037405014038086,30.983396793040054,29.92457939524665,30.974716116597932,9353600
2014-04-07,29.49932098388672,30.69699618027391,29.238953643994652,29.950616868760925,13775500
2014-04-08,29.082727432250977,29.750997040055143,28.12805845579213,29.421204228962782,16158400
2014-04-09,30.141550064086914,30.219659598805,29.013303804265277,29.27366781642288,9554000
2014-04-10,28.648792266845703,30.497382428354037,28.64011490086005,30.462666342995167,14715400
2014-04-11,28.22353172302246,29.377813416682745,28.006561156250186,28.535969868887836,12681600
2014-04-14,27.53789710998535,28.640107713202568,27.01716754776548,28.5186047556476,15615700
2014-04-15,27.694122314453125,28.145421479283634,26.505124565417916,27.598654737759052,19269200
2014-04-16,29.17820167541504,29.273669257069617,27.919771692229396,27.963168455314715,14163400
2014-04-17,29.29969596862793,29.403844196266057,28.535962163524967,29.169515650141097,13151800
2014-04-21,29.4559268951416,29.57743320978969,28.857089242564513,29.14349201817218,8893100
2014-04-22,30.332483291625977,30.592847287248226,29.655532930158735,29.66421360608058,14105200
2014-04-23,32.18974685668945,32.46746886068601,31.24375524598009,31.99881173742653,22024400
2014-04-24,31.87731170654297,32.51954596904889,31.530160824970576,32.24182393950788,16534100
2014-04-25,31.304513931274414,31.77317116238197,31.052827272637966,31.677703580781372,10323800
2014-04-28,31.104904174804688,31.825244818056927,30.488708488624525,31.417342356729414,12646300
2014-04-29,31.885988235473633,31.894665599333663,31.13092846206586,31.261112094917493,10035400
2014-04-30,31.9641056060791,32.26786307641787,31.504125751512817,31.946747563387156,11962800
2014-05-01,32.215789794921875,32.57162140268717,32.08560943737352,32.11164484674155,11867300
2014-05-02,32.31126403808594,32.51955728809597,31.72978437093562,32.20711906843537,9365600
2014-05-05,32.58898162841797,32.719165305393325,31.790531454380524,32.12032436415681,8766600
2014-05-06,32.71049118041992,33.691199360819134,32.51087859692435,33.37008375351835,13277500
2014-05-07,33.24073791503906,33.25812031938465,32.432320157498474,32.86695321785418,10513500
2014-05-08,32.771331787109375,33.53628686383618,32.59747790840052,33.09295930732925,11164100
2014-05-09,32.74525451660156,32.87564576644326,32.119385138928195,32.87564576644326,9852300
2014-05-12,33.597137451171875,33.63190557642891,32.806105400795914,32.83218232373548,8269600
2014-05-13,33.71013259887695,33.996991955063024,33.35373369075837,33.48412491011321,6636500
2014-05-14,33.41459274291992,33.77968628443956,33.19727618505913,33.588446652406056,8417700
2014-05-15,33.145118713378906,33.3450495268564,32.44970646737303,33.10165606975113,11211400
2014-05-16,32.9104118347168,33.19726789514678,32.51924146505164,33.066879982582854,9214000
2014-05-19,33.37112808227539,33.6579875130281,32.68440700500737,32.753949891003415,6850400
2014-05-20,32.884334564208984,33.42327855888821,32.57139827181891,33.37981592183106,9062800
2014-05-21,33.327667236328125,33.44067277418072,33.006039661195736,33.04080779008404,6500300
2014-05-22,33.57975769042969,33.77099401923987,33.28420701937278,33.35374659821619,6668400
2014-05-23,34.04045486450195,34.37946805837939,33.59713068388989,33.70144167062452,7091300
2014-05-27,34.30123519897461,34.422931907121104,34.179538490828115,34.388163787641105,7278500
2014-05-28,35.00535202026367,35.37044225082418,34.327325411515545,34.35340233770199,9579300
2014-05-29,34.892337799072266,35.33566532986917,34.457704785499395,35.04880594923744,9408900
2014-05-30,34.6923942565918,35.240032580838616,34.48376902774069,34.892324971415285,7947700
2014-06-02,35.439979553222656,35.596447717642036,34.56201892887091,34.89234097775483,10306700
2014-06-03,35.77030563354492,35.978927665625164,35.35305493740961,35.500831916454906,11273200
2014-06-04,36.65694808959961,36.81341624538435,35.439977597480016,35.8919963457485,13825900
2014-06-05,36.07453918457031,37.082887617089916,36.057153466562966,36.91772827000009,15651100
2014-06-06,36.709110260009766,36.74388170292977,36.27447717147166,36.30924861439166,8466700
2014-06-09,36.396156311035156,36.91771775473947,36.144071761696395,36.81340347640718,9511500
2014-06-10,36.43962860107422,36.526557189408415,35.865913182014886,36.38747476406029,7033800
2014-06-11,35.387821197509766,35.70945203349832,34.66633207793995,35.6399091556672,23352200
2014-06-12,33.46674728393555,34.64025527788644,33.119039492253,34.61417835410578,36333100
2014-06-13,34.11000061035156,34.44901383282665,33.44935656800139,33.47543348788817,19864000
2014-06-16,33.76228713989258,34.02306624245682,33.24942013458888,33.55366186824946,14132500
2014-06-17,34.32732391357422,34.579408593013966,33.92745893890141,34.014387549042205,11030800
2014-06-18,34.55332946777344,34.614177833003744,33.91007105764089,34.249087641621884,10161400
2014-06-19,34.440311431884766,35.066183893794324,34.26645760180033,34.62285977726572,10209500
2014-06-20,34.396854400634766,34.74456211738484,34.257771977132045,34.55332254157364,11776100
2014-06-23,33.96223068237305,34.48378908386625,33.52759757579956,34.25778132748251,13342100
2014-06-24,33.52760314941406,34.223015572339214,33.510217424342436,33.805768118584126,8813100
2014-06-25,34.20561218261719,34.336003395323054,33.066875964395926,33.47542868663416,8944000
2014-06-26,34.16216278076172,34.35340241586428,33.77099230713719,34.14477705793534,10651000
2014-06-27,34.188236236572266,34.25777579808648,33.84052848104047,34.12738456076533,17022700
2014-06-30,33.65797805786133,34.18823080866746,33.55366375817113,34.05783959204791,11834400
2014-07-01,35.040103912353516,35.12702916179301,33.81443932573658,33.901364575176075,13673700
2014-07-02,33.24073791503906,33.90137870774542,33.058189509539474,33.86660726708006,29005300
2014-07-03,33.55366897583008,33.866605291590076,33.28419861635989,33.33635245832862,8751600
2014-07-07,32.0759162902832,33.466740544978585,31.910753630297346,33.405892191084824,19850000
2014-07-08,31.676050186157227,31.936832625279372,30.224377633910485,30.94586665178543,43293800
2014-07-09,32.128074645996094,32.88433854958888,31.797755911539877,32.65832750392194,15679900
2014-07-10,32.554019927978516,32.762641959504805,31.36312615971934,31.467437175482488,16116000
2014-07-11,32.3627815246582,32.9278059036902,32.223699059725526,32.68440910306736,11699500
2014-07-14,32.49317169189453,32.81479925947115,32.42362880377666,32.667025596201796,8388500
2014-07-15,33.05819320678711,33.205970188148804,32.61486889467696,32.67571726465311,12018900
2014-07-16,32.919105529785156,33.38851000894553,32.79740880911105,33.31897044684044,9148100
2014-07-17,31.789066314697266,32.9886546612861,31.676060774369585,32.684409485940435,16479000
2014-07-18,32.319305419921875,32.74524384069355,32.041140605870865,32.119374667071845,10546500
2014-07-21,32.29323959350586,32.35408796022412,31.80644934377245,32.180234062748816,6598100
2014-07-22,32.75394058227539,32.93648563215441,32.48446694960658,32.54531529956625,10255600
2014-07-23,34.03178024291992,34.162168210861644,32.82349718433617,32.84088290992602,18509000
2014-07-24,33.09295654296875,34.553323696554905,32.979951033849666,34.32731599430339,14606000
2014-07-25,33.084266662597656,33.83183267126241,32.953875430256375,33.1103435826712,10057700
2014-07-28,33.197269439697266,33.49282003097444,32.87564192789138,33.35373759484323,10621800
2014-07-29,32.75394058227539,33.57104936458125,32.71916914915947,33.24942189822493,11423000
2014-07-30,32.89302444458008,33.14511237177157,32.59747388207646,32.87563872725792,10040400
2014-07-31,32.56269836425781,32.997331294851705,32.0150632592195,32.54531264911572,10679600
2014-08-01,32.667022705078125,32.814796355269095,32.075921472340006,32.49316881615742,10073500
2014-08-04,32.40624237060547,33.032115085982134,31.684753160146123,32.719178728293805,11250600
2014-08-05,31.493505477905273,32.354080241302164,31.180569200306405,32.171531868711824,16393800
2014-08-06,31.388946533203125,31.659091352964058,30.80508600642837,31.171088772693036,12689800
2014-08-07,31.031648635864258,31.998937272079885,30.69179118513864,31.68522167933488,11838000
2014-08-08,31.58066177368164,31.61551648821641,30.142799254326345,30.94451420080031,13959300
2014-08-11,31.97279930114746,32.46080181373318,31.65908696189073,32.24294408343967,10172900
2014-08-12,31.815940856933594,32.086085634025466,31.57194126746035,32.016372890281005,6490000
2014-08-13,32.47822189331055,32.67865055111474,31.868219751507556,31.972790502482738,7328900
2014-08-14,33.462947845458984,33.48037353810028,31.580657236917233,32.582800776045325,9026000
2014-08-15,33.57623291015625,33.6633779983289,32.948804896539215,33.567520063461586,10294100
2014-08-18,34.43022537231445,34.66551205938993,33.82022654387169,33.916081128166766,9095000
2014-08-19,34.45636749267578,34.77008304757325,34.28208070392785,34.621938113652114,7092700
2014-08-20,35.31037521362305,35.397516960960544,34.50865717629088,34.526086190607295,9484200
2014-08-21,34.77879333496094,35.52822414452524,34.7526514820555,35.38879538862331,8285700
2014-08-22,35.214515686035156,35.380086328099814,34.77880032079135,34.81365834782951,6735700
2014-08-25,35.31037521362305,35.52823290621136,35.05765949240191,35.47594586326212,5645700
2014-08-26,34.77008819580078,35.46723212977099,34.75265918192097,35.336516187794615,7258900
2014-08-27,34.99666213989258,35.14480711019278,34.726517384783286,34.900804216329774,7529000
2014-08-28,34.76137924194336,34.97052412766758,34.46509259297707,34.77880825944081,5722800
2014-08-29,34.491241455078125,34.900811775034235,34.247238508369755,34.85724088877238,6721900
2014-09-02,35.667667388916016,35.70252542311205,34.63937864984882,34.682949530471305,11664100
2014-09-03,33.828948974609375,34.68295090068032,33.436804385024445,34.41280943560144,24332900
2014-09-04,34.23851013183594,34.42150976568303,33.82893667339757,34.17751025388691,12810300
2014-09-05,34.17751693725586,34.517374416357434,33.74180153856262,34.22980065758245,10321800
2014-09-08,34.020668029785156,34.68295414642793,34.00323901036751,34.35180942598377,9095800
2014-09-09,33.828948974609375,34.360522382241705,33.36709163812336,33.83766514562528,9508600
2014-09-10,34.465091705322266,34.465091705322266,33.72437676410638,33.950947337247506,9198600
2014-09-11,34.47380065917969,34.84851613666763,34.116514195091696,34.59580042873494,9353400
2014-09-12,34.58708572387695,34.822372428368645,34.2472282588038,34.360515188576365,8266700
2014-09-15,34.16008377075195,34.72651172566552,34.11651290102695,34.54351207827395,6750500
2014-09-16,34.438941955566406,34.508654683551775,33.63722397614648,34.10779735596398,7581500
2014-09-17,33.933509826660156,34.77879865859209,33.77665203672961,34.43894122182399,10551900
2014-09-18,34.36922836303711,34.46508627959104,33.98580002106595,34.08165793761989,6511400
2014-09-19,33.672088623046875,34.578377534766375,33.672088623046875,34.52609048531314,10491000
2014-09-22,33.07079315185547,33.79407884786557,32.98364809410217,33.67207909125501,8181900
2014-09-23,32.85295104980469,33.27995040012709,32.30394856085883,32.87038006960804,11913900
2014-09-24,32.81807327270508,33.1317887919989,32.643786503737,32.92264400438848,11253000
2014-09-25,31.946651458740234,32.66994058359526,31.754935628201398,32.6002245273104,14536800
2014-09-26,31.824647903442383,32.0076475430814,31.484790480043024,31.720077155683533,15665300
2014-09-29,31.37150764465332,31.676507083722957,31.1449371076651,31.406365673188297,9684100
2014-09-30,31.50222396850586,31.833365270838044,30.65693504970903,31.380220867165754,15101800
2014-10-01,30.412939071655273,30.839938341698677,29.881365702452467,30.805080308645543,24756500
2014-10-02,30.744075775146484,31.362794133647768,29.994644798781593,30.787649972012186,19361100
2014-10-03,32.19937515258789,32.36494584091153,31.33665702570176,31.345373197018738,15957100
2014-10-06,31.467370986938477,32.52180160010335,31.43251295239291,32.52180160010335,11973500
2014-10-07,30.735361099243164,31.214647318011643,30.526216269179013,31.066505695076277,16028000
2014-10-08,30.33450698852539,31.144937888948487,29.558930793267045,31.092650844834377,25258700
2014-10-09,29.375926971435547,31.319216958923064,29.288785234478656,30.944501506368898,28211700
2014-10-10,28.678789138793945,29.733219669411337,28.50450230395552,29.463078233444413,24808300
2014-10-13,26.927213668823242,29.027363603898486,26.247498650996736,29.018647433583034,41248000
2014-10-14,28.574220657348633,28.99250709993279,27.258359769028722,27.63307366835042,27229100
2014-10-15,28.21693229675293,29.192933933286156,26.517641447727588,27.08407117669521,37245100
2014-10-16,29.036073684692383,29.733217652511684,27.2322122136029,27.275783088295732,29696600
2014-10-17,29.968507766723633,30.62208093403832,29.75936621476015,30.12536559281876,21497300
2014-10-20,31.4063720703125,31.484800988369003,30.5087959360558,30.944511408759652,19943900
2014-10-21,32.661231994628906,32.75708993214554,31.981516909322306,32.04251681060647,21351600
2014-10-22,32.504371643066406,32.99237413985984,32.46080076326674,32.81808729641611,16448900
2014-10-23,33.044654846191406,33.95094368988309,32.63508462440833,32.78322626703854,25662000
2014-10-24,34.36922836303711,34.412802560921314,33.0795112226855,33.105656406264934,19537200
2014-10-27,34.63937759399414,34.94437707329986,34.16009127326586,34.31694909812167,18958800
2014-10-28,34.717803955078125,34.98794870564292,34.39537548290029,34.9182326444992,13212200
2014-10-29,34.491241455078125,34.70909921063296,33.85509388352196,34.613241266309544,13198100
2014-10-30,34.10780334472656,34.700376595747706,33.837661905514956,34.54351877493359,14630500
2014-10-31,35.05765914916992,35.205804107286745,34.45637312024112,34.79623058547238,14619000
2014-11-03,35.38880157470703,35.50208849750646,35.057656974963315,35.1012278455033,10764800
2014-11-04,36.87895202636719,37.34952546685714,36.16437902010234,36.16437902010234,19149900
2014-11-05,36.5645637512207,37.359255613726646,36.223982000336584,37.359255613726646,13025000
2014-11-06,37.46405792236328,38.08409162584608,36.74796200230409,36.78289099178958,16694400
2014-11-07,37.28066635131836,37.55138685115183,37.04487817365623,37.50772311410246,10192800
2014-11-10,37.87450408935547,37.900704997746246,36.686831736418945,36.931354670531,11142000
2014-11-11,38.28495788574219,38.669203525219984,37.99677115763606,38.0491696531091,11653700
2014-11-12,37.900699615478516,38.241281394225034,37.464055626043645,37.900699615478516,9505800
2014-11-13,38.49453353881836,38.78271682331779,37.95309262386706,38.05788957398419,11268900
2014-11-14,38.20634841918945,38.546930192084986,38.03169016015018,38.3722719330457,7982200
2014-11-17,37.92689895629883,38.590596385384764,37.88323522158637,38.12775480103969,7967400
2014-11-18,39.11455535888672,39.48133457956201,38.01421103420472,38.01421103420472,12945300
2014-11-19,38.817649841308594,39.254293814031236,38.30240982024271,38.712856220627316,9762100
2014-11-20,38.38975524902344,38.98359159635358,38.1627017427293,38.424687582708906,9076900
2014-11-21,37.62998580932617,38.67793223589123,37.47279367877492,38.573135261303825,14747000
2014-11-24,37.99675369262695,38.48579609826504,37.68237285828338,37.9618247096969,10597800
2014-11-25,38.49453353881836,38.71285552123545,37.82210143321425,38.04915482914323,11304900
2014-11-26,38.63426208496094,38.79145085810027,38.4596038209592,38.62552733952973,8587400
2014-11-28,40.75634765625,41.2104577970155,40.24111095587693,40.51182809250289,16204600
2014-12-01,39.83938980102539,40.808739823615255,39.166957773361,40.651547747988324,14652000
2014-12-02,39.0097770690918,40.41577141575329,38.468339390396885,39.23683383621944,18329400
2014-12-03,39.07963943481445,39.73460545886162,38.33734594009278,39.42022123430627,11034800
2014-12-04,40.53803253173828,40.99214274942125,39.77827280760033,40.23238302528329,14723100
2014-12-05,41.289058685302734,41.59471150713274,40.85241465239952,40.92227929670224,15045100
2014-12-08,41.34145736694336,41.62964069775119,40.79128495007253,41.09693777336948,14718700
2014-12-09,40.459434509277344,40.48563208316793,39.48134955385711,40.11884939205301,14027400
2014-12-10,40.36336898803711,41.34145053195587,40.232374466662954,40.948470299162466,15790800
2014-12-11,42.20602035522461,42.39814149414858,40.73889591097368,40.73889591097368,19911400
2014-12-12,41.638370513916016,43.33254796983831,41.61217294094342,43.33254796983831,15141600
2014-12-15,41.743160247802734,42.153606619886816,40.791276319647174,41.682030362342836,12391100
2014-12-16,39.62980270385742,41.91781588832301,39.59487039109826,41.83048843775382,19653600
2014-12-17,40.31970977783203,40.52930038657679,38.6866619717101,39.752074514447365,17268400
2014-12-18,40.84367370605469,41.00086578772313,39.891789803208596,40.52055812988237,12578400
2014-12-19,41.37638473510742,41.69950034954639,40.564226660746044,40.581692819814265,13059600
2014-12-22,41.40258026123047,42.511656322263825,41.3065180567689,41.725695859695605,8206700
2014-12-23,41.158058166503906,41.71696186921351,40.51182367816539,41.67329814206349,6606300
2014-12-24,41.961483001708984,42.05754520388868,41.28031950454965,41.45497775111919,4296200
2014-12-26,42.258399963378906,42.44178961858703,41.77809229583573,42.040077993465744,5303100
2014-12-29,42.5989875793457,42.67758363260879,41.4200501117288,41.9265554195014,6656700
2014-12-30,42.99197006225586,43.166628337548836,42.45926382171054,42.56406078568404,7318900
2014-12-31,42.957035064697266,43.8041254817301,42.878439012278456,43.29762017939832,7772200
2015-01-02,42.94831085205078,43.67313827360231,42.537864361559876,43.59454220800469,8637300
2015-01-05,42.232208251953125,43.210289880082755,41.75190051777613,43.19282372030713,10556500
2015-01-06,41.236663818359375,42.56406208731731,40.38957332264809,42.398135221616556,12880400
2015-01-07,41.01833724975586,41.559774861457015,40.61662224946541,41.46371265119906,10516200
2015-01-08,42.0837516784668,42.19728006245527,41.27159349172172,41.46371793672841,10499300
2015-01-09,40.939735412597656,42.354460799307624,40.86113937270661,42.20600346358498,8860800
2015-01-12,40.2236442565918,41.01833615942537,39.77826553565819,40.80001417148945,11573400
2015-01-13,40.70395278930664,41.699500541472574,40.13631427662925,40.76508268066215,12499100
2015-01-14,39.568687438964844,40.310981036994185,38.83512525668635,40.03152909434809,13115700
2015-01-15,39.34162139892578,39.961655042609586,39.21936161919423,39.376553716371696,8532400
2015-01-16,40.031517028808594,40.08391550151051,38.95737332338627,39.29795506762641,13020100
2015-01-20,42.9395751953125,43.044372168108765,40.96594551293343,41.05327299226718,21172700
2015-01-21,42.94831085205078,43.31509027061978,42.09248887739326,42.590262849068246,14918700
2015-01-22,44.27571105957031,44.371773291661285,42.94831263618502,43.603278766263486,16033200
2015-01-23,44.15345764160156,44.590101791545415,43.71681349165771,43.970064566813974,8613600
2015-01-26,43.79539108276367,44.38922714249349,43.620732830255655,43.86525238496943,9386200
2015-01-27,42.94831085205078,43.57707937683177,42.712522655257914,43.044373080151196,9786600
2015-01-28,42.31953811645508,43.585806455609195,42.16234600090052,43.227758488252604,9575400
2015-01-29,43.8477897644043,43.9700495516256,42.092482346829605,42.50292544231122,9764600
2015-01-30,41.31526184082031,43.48974737746204,41.05327274175813,43.079304229502185,17133900
2015-02-02,40.61662292480469,41.184261450496656,39.13203600775671,41.13186297184947,20909800
2015-02-03,40.17996597290039,40.37209033465484,39.236816980701185,39.297946853745195,17599000
2015-02-04,41.00960159301758,41.43751415702096,40.54676004260245,40.65155366449604,12204300
2015-02-05,40.29349899291992,41.02706088607301,39.53373953150985,40.9833971618685,11306700
2015-02-06,39.74333953857422,40.76508833689731,39.55121842394083,40.14505459207244,10884000
2015-02-09,38.817649841308594,39.19316392435639,38.17141529589426,38.86131357231503,14027000
2015-02-10,39.57741165161133,39.94419434166095,39.07090634699816,39.41148813190396,11276400
2015-02-11,39.280487060546875,40.110111183622124,39.123294981171405,39.92672153479367,9619100
2015-02-12,39.132041931152344,39.21063799535552,38.18888916071427,38.730326863375126,15764800
2015-02-13,38.86132049560547,38.8875180726107,37.85703784689501,38.494541092213304,16355700
2015-02-17,39.08837127685547,39.577413779437904,38.96611148404224,39.10583743744729,12153500
2015-02-18,39.61338424682617,39.77089299834754,39.07085595716363,39.50837952515857,9889600
2015-02-19,40.18217086791992,41.468491481632185,40.11216881890977,41.00471747556312,14676200
2015-02-20,41.51226043701172,41.54726314508843,39.82341815979332,40.015929716173225,13624800
2015-02-23,41.293479919433594,42.238532583587876,41.00471605296899,41.97601906733629,12104600
2015-02-24,42.028533935546875,42.2385468221676,40.60220879248536,41.03973257974041,12044300
2015-02-25,40.987220764160156,42.01102463025761,40.7772079172976,41.94102257333073,10815800
2015-02-26,40.18217086791992,41.459742477271135,39.87590564467442,41.302233694447565,14477500
2015-02-27,38.95711135864258,40.13842403495819,38.93961000975867,40.077170982884994,15235200
2015-03-02,39.71841812133789,39.82342292007777,38.95712748889966,38.95712748889966,11247500
2015-03-03,40.059669494628906,40.085923186883925,38.73834936988002,39.0096152695754,12972500
2015-03-04,39.508392333984375,39.81465759565765,39.2021237342701,39.69215149098834,10364100
2015-03-05,38.84335708618164,39.788409966429484,38.54584080958968,39.788409966429484,12145300
2015-03-06,38.309574127197266,39.132120820045245,38.17831901994175,38.77335151934802,7527200
2015-03-09,39.00086212158203,39.13212056602644,38.327075226979844,38.38832827757633,8415200
2015-03-10,37.99456787109375,38.843365171168436,37.86331272465582,38.81711480948923,9909400
2015-03-11,38.51958465576172,38.84335123983869,38.01205559171176,38.02955693923493,8603500
2015-03-12,39.66590881347656,39.727161877666084,38.563346981981915,38.61585103901935,9284900
2015-03-13,39.81466293334961,40.575953355885126,39.665906454320066,39.77091122410806,10039200
2015-03-16,40.39219665527344,40.680963962479325,40.217186469516086,40.383447648104315,8517000
2015-03-17,40.82097244262695,41.083486058667546,40.427200349545195,40.68971396558579,11583500
2015-03-18,40.08592224121094,40.93471594183714,39.73590194908983,40.90846558824237,19021400
2015-03-19,41.354736328125,41.43349072321492,40.55844337245608,40.567195715266486,16818100
2015-03-20,41.494747161865234,41.67850965745346,40.96097103823393,40.96097103823393,21270700
2015-03-23,40.759708404541016,41.64350478617454,40.74220705644401,41.494744996370386,10793900
2015-03-24,40.27842712402344,40.62844738769675,40.26967811954989,40.54969299527229,9517400
2015-03-25,38.95711135864258,40.22593077937774,38.83460525449619,40.173426732726014,10383800
2015-03-26,38.58084487915039,38.80835576318751,37.27702261950753,37.74954907640156,15909700
2015-03-27,39.272125244140625,39.569641470915954,38.78209753591047,38.83460157759106,7983200
2015-03-30,39.86716079711914,40.16467704702454,39.67464930069772,39.67464930069772,8325800
2015-03-31,39.342140197753906,39.91967149348631,39.07962657933768,39.884672125594776,9679100
2015-04-01,37.85454559326172,38.493333074317206,37.55702937094953,38.21331486092872,19301700
2015-04-02,36.97075653076172,37.950808786984794,36.97075653076172,37.54828774186262,15554800
2015-04-06,36.54198455810547,36.67324302703919,35.89445123440431,36.23571924798215,18500400
2015-04-07,36.436973571777344,37.14576317466685,36.41072321768398,36.75199117306157,9166300
2015-04-08,37.88081359863281,37.889562606401086,36.673246906056534,36.69949726740323,14039100
2015-04-09,37.749549865722656,38.47584091702847,37.41703087006208,37.99456210566128,9704800
2015-04-10,37.82830047607422,38.09081404078133,37.6620426639693,37.73204472347202,8160300
2015-04-13,37.68829345703125,38.38833075039957,37.61829139671497,37.69704580084648,10223200
2015-04-14,37.697052001953125,37.79330443346623,37.14577108234773,37.67955064948483,10244200
2015-04-15,38.677093505859375,39.674646949953996,38.3270732309304,38.92210569548522,22814900
2015-04-16,39.36839294433594,39.727162326373175,38.642101834968884,38.67710454005585,13257600
2015-04-17,39.1671142578125,39.57838754205958,39.009608820525976,39.13211490399351,9581400
2015-04-20,40.01592254638672,40.09467695642763,39.16712538683926,39.49964437790548,8819100
2015-04-21,40.453433990478516,40.593441417038385,39.86715393489668,40.16467013359144,9400600
2015-04-22,40.71596145629883,40.79471586936492,39.9634200287876,40.55845263016664,9691300
2015-04-23,40.628456115722656,41.06597987028522,40.35719018619899,40.488448647784296,10077000
2015-04-24,41.109737396240234,41.45975778464389,40.8472237739584,40.92597819444713,10280600
2015-04-27,40.64595031738281,41.21472909544864,40.54094556940833,41.16222839048178,10000200
2015-04-28,40.42719650268555,40.64595838490999,39.51714627150192,40.505950913808,8684600
2015-04-29,39.403385162353516,40.252182247484484,38.7295982328633,40.11217479058009,11460600
2015-04-30,39.06212615966797,40.00717921419631,38.8171138883644,39.16713094193495,9256600
2015-05-01,39.95466613769531,40.278432757146966,39.097120043608626,39.210877145918005,11469900
2015-05-04,39.63090896606445,40.68971582401081,39.4821491294207,40.17343757573287,9653100
2015-05-05,38.41458511352539,39.37713599143283,38.397083763630924,38.83460749686907,11350400
2015-05-06,38.6337890625,38.80915537368256,37.564037170816924,38.177829294649804,12783300
2015-05-07,39.77369689941406,40.308572980942245,38.817935543461786,38.817935543461786,15678600
2015-05-08,40.48394012451172,40.711921743156864,39.98413864234976,39.98413864234976,9936500
2015-05-11,41.04513168334961,41.509858644470086,40.24720255553356,40.36996036828995,12461400
2015-05-12,40.42254638671875,40.68560251854585,40.291021665702864,40.61545332475258,7549200
2015-05-13,41.01881408691406,42.07102891127512,40.72945693353154,41.55369015108336,16830900
2015-05-14,41.56245422363281,41.89565291438956,41.09772410038036,41.50984231961417,8820200
2015-05-15,41.21171569824219,42.03594880804365,41.18541141816395,41.939498666124024,9614900
2015-05-18,41.53615951538086,41.729066545204596,41.09773688025364,41.202960721011635,7940000
2015-05-19,40.519004821777344,41.97456732240596,40.4313216636869,41.825505284672595,12749000
2015-05-20,38.24798583984375,40.27349941112152,37.84463785955779,40.212120516073604,37638100
2015-05-21,38.361968994140625,38.71270833433206,37.432512084062076,38.14275774274554,16267300
2015-05-22,37.86216735839844,38.581179990631995,37.81832577738873,38.56364268924846,10619900
2015-05-26,36.695980072021484,38.11647208331642,36.581992573938464,38.0726271357,18594400
2015-05-27,37.29222106933594,37.809559812641055,36.85379851890443,36.85379851890443,12382900
2015-05-28,37.04670715332031,37.8183318128487,36.97655793659103,37.388676222628696,10886600
2015-05-29,37.634193420410156,37.87094201977122,36.73104395776894,36.994096842092716,12538000
2015-06-01,38.88806915283203,39.27388304138957,37.651718003831654,37.88846652320166,17682300
2015-06-02,37.88848114013672,38.24798754641468,37.59035363164531,37.69557746633573,18431500
2015-06-03,37.91478729248047,38.379514170424194,37.66050138591171,38.1603028740509,9886600
2015-06-04,37.634193420410156,38.67764132258288,37.21330813651234,38.055082049206874,13390400
2015-06-05,37.61665725708008,37.83586853866003,37.073010870434715,37.55527836582959,9897200
2015-06-08,35.73143768310547,37.37113707702238,35.643754511413114,37.151925802892904,18359700
2015-06-09,35.70513916015625,36.082182880071585,34.17065999372379,35.161492704292804,29310500
2015-06-10,36.003257751464844,36.44168026178269,35.37192826623969,35.617443801650225,11590200
2015-06-11,35.775272369384766,36.64335031927664,35.7226638144748,36.24000245544314,9259100
2015-06-12,36.07341003417969,36.441686747740356,35.582378875964,35.72267397043975,7838300
2015-06-15,35.687599182128906,36.12602176828553,35.53853376348824,35.880502845506584,9649400
2015-06-16,35.5735969543457,35.95940750215815,35.1088702325605,35.643746151164954,8314900
2015-06-17,35.775272369384766,36.02079122359042,35.27547102835239,35.4420703603972,7057900
2015-06-18,36.25754165649414,36.32769086638774,35.47715009336922,35.66128675199227,7198400
2015-06-19,36.818721771240234,37.53773437922776,36.67842670980116,36.818721771240234,11189300
2015-06-22,37.64295959472656,37.774487694835294,37.14315816615104,37.45882293049316,10407000
2015-06-23,37.79202651977539,38.32690262324735,37.70434333834348,38.03754544860288,7789400
2015-06-24,37.40620422363281,37.81832240717388,37.26590916996533,37.6780273535064,7413400
2015-06-25,37.35360336303711,38.03754487857253,37.32729907798153,37.68680546830314,6208700
2015-06-26,37.13438034057617,37.61664771361829,36.88009786057871,37.511423916828456,15144800
2015-06-29,36.05586242675781,37.22206778408966,36.02079117183421,36.625812966715145,7881500
2015-06-30,36.020809173583984,36.678443196856236,35.976964229446146,36.54691505424194,10416400
2015-07-01,35.31055450439453,36.660896834824335,34.03036139134234,36.60828492179113,30993500
2015-07-02,35.07380294799805,35.976952303541474,34.854591679573055,35.275476913561214,11310800
2015-07-06,35.49468231201172,35.7665054440691,34.96857669275648,34.96857669275648,9714600
2015-07-07,36.10847473144531,36.21369518719205,35.03872283917652,35.661281940950204,9136400
2015-07-08,35.222862243652344,35.84542473929591,35.082567176654834,35.477148097866035,8642700
2015-07-09,35.55607223510742,36.02956944647028,35.503463663777545,35.58237986567135,8541600
2015-07-10,37.23084259033203,37.45882419221309,36.22247272016161,36.34523050045204,13746100
2015-07-13,38.02876663208008,38.160294719758014,37.704334919345584,37.888471566176115,10131500
2015-07-14,38.28306198120117,38.54611487691442,37.36237517375526,37.660502680870025,13648600
2015-07-15,38.572410583496094,38.958221154944674,37.178226987830016,37.34482632313549,23558400
2015-07-16,38.99330520629883,39.34404126219678,38.74778628778156,39.019609490644,12804800
2015-07-17,39.405418395996094,39.545713481070315,38.914387270685644,39.1511358539169,9625000
2015-07-20,38.66009521484375,39.545707170892115,38.54610443112924,39.545707170892115,7746100
2015-07-21,39.15114212036133,39.2212880016765,38.65134059073112,38.65134059073112,6166500
2015-07-22,39.65092086791992,39.82628714289795,38.98451698137319,39.0283585501177,8995500
2015-07-23,39.59832000732422,40.8960502040068,39.50186652228392,40.597922770654165,11449800
2015-07-24,38.668861389160156,40.01920343002558,38.3707339690327,39.992899151599005,8550100
2015-07-27,38.51980972290039,38.7390210218721,37.748185013948266,38.23044920270623,7301600
2015-07-28,39.37912368774414,39.41419830376565,38.493511375047554,38.519815664613944,7624700
2015-07-29,38.739017486572266,39.747390707778166,38.44965699278497,39.29143084613977,10355300
2015-07-30,38.60749053955078,38.90561802168587,38.265521469286746,38.721481344605046,5297100
2015-07-31,38.87930679321289,38.931918696509406,38.475958902634105,38.71270745012118,5973700
2015-08-03,40.09811782836914,40.20333828229785,39.080977853997155,39.17743133047261,12159300
2015-08-04,40.64176940917969,41.299403240039545,40.14196796531809,40.615465126312856,11268300
2015-08-05,40.71650695800781,40.91876998427387,40.56700951215969,40.76927253842575,5838700
2015-08-06,40.487876892089844,41.14743178056132,40.24164078588514,40.87481455231204,6525100
2015-08-07,40.760494232177734,40.87481802854305,40.241644208267374,40.311998345929084,6825100
2015-08-10,40.73411178588867,41.49919455744486,40.637376527078274,41.09466834302847,6325400
2015-08-11,41.42003631591797,41.754211656710574,40.56701446698555,40.70771934395051,9734300
2015-08-12,40.9803466796875,41.16502461731666,39.37103432799043,41.156228672602424,11334000
2015-08-13,41.727840423583984,42.09718955509413,40.866022428723966,41.235371560234114,9953500
2015-08-14,41.88612747192383,42.17632983742161,41.57833322132229,41.64868734306064,6117400
2015-08-17,42.202720642089844,42.43136486270468,41.613516525474836,42.009250132952126,8136600
2015-08-18,41.64869689941406,42.475337891498654,41.26175585040728,42.2818707216652,8076100
2015-08-19,41.402462005615234,41.85095787029207,40.989139853407536,41.64869476624803,9389300
2015-08-20,40.19767761230469,41.4024671515323,40.16250054079362,40.936379340686145,9484800
2015-08-21,38.34211730957031,40.08334491603347,38.333324721713865,40.01299079450523,14908800
2015-08-24,37.066978454589844,38.834583716295214,30.4362538670274,34.73655031915847,15222400
2015-08-25,36.38105010986328,38.553185485785804,36.38105010986328,38.553185485785804,10465900
2015-08-26,38.43006896972656,38.588362425600906,36.48658119497706,37.47151564456302,14221500
2015-08-27,38.570762634277344,39.00166986254348,37.61220958886605,38.86096498223856,12853000
2015-08-28,38.641117095947266,38.95770394560528,38.17503276432257,38.641117095947266,9205800
2015-08-31,38.50041961669922,39.22153275549691,38.289363912727666,38.66750901656913,8387000
2015-09-01,38.49162673950195,39.098416077228364,38.07830456986039,38.64992019363404,11269300
2015-09-02,40.44390106201172,40.45269364979422,39.00167177483612,39.26549637367878,15227900
2015-09-03,39.62606430053711,40.93637831203183,39.49415196302042,40.50547093819481,10909000
2015-09-04,39.925048828125,40.443898698366645,38.96649579173514,39.17755143287168,8955300
2015-09-08,40.9715461730957,41.024311767175774,40.41751917659763,40.64616672960861,8177800
2015-09-09,40.46148681640625,41.499186632380386,40.36475493073847,41.279335033312464,9614000
2015-09-10,40.88362121582031,41.33211718152223,40.55823830349662,40.7077391951776,8754700
2015-09-11,41.26175308227539,41.37607687132773,40.69014084635309,40.89240394718742,7030100
2015-09-14,41.235374450683594,41.58713842840083,40.98034573457209,41.30572858809501,5253000
2015-09-15,41.235374450683594,41.43763756373654,40.72532037313051,41.33210971228933,8804600
2015-09-16,41.411251068115234,41.69266087191957,40.91878223412291,41.18260686052526,7903500
2015-09-17,41.76301574707031,42.36980501837435,41.22657725064074,41.60472231026586,11128000
2015-09-18,41.04190444946289,41.49919628444339,40.93637659667353,41.40246437627729,11862900
2015-09-21,41.55194854736328,41.92129759087656,41.059479801343365,41.12983391706145,7670500
2015-09-22,40.85722351074219,41.48160129503742,40.417520278759156,41.24416450187569,8329500
2015-09-23,40.9715461730957,41.226574845812046,40.39113805689227,40.89239945931026,4872500
2015-09-24,40.37355041503906,40.78687252443256,39.626056266450675,40.74290287239843,8871600
2015-09-25,40.487876892089844,41.19140143552549,40.092143288073025,40.90999161815123,6882900
2015-09-28,39.274288177490234,40.39992725265145,39.01046693858295,40.33836907539539,7367300
2015-09-29,38.72905349731445,39.511724552212605,38.315731470929194,39.14237216903097,7508800
2015-09-30,39.4589729309082,39.60847379630685,38.57077374708069,39.32706395461874,9525700
2015-10-01,39.93385696411133,40.01300369902148,38.817010084677115,39.318271620884644,8096500
2015-10-02,39.4589729309082,39.52053112411061,38.12227450555468,39.52053112411061,10918900
2015-10-05,41.29692459106445,41.36727871475746,39.60846587846338,39.76675930210339,8629300
2015-10-06,39.65243911743164,41.543164429447536,39.57329239844796,41.0946652369835,9081000
2015-10-07,40.44390106201172,40.45269364979422,39.10720295624083,39.7491692137751,11737900
2015-10-08,40.41752243041992,40.51425768335308,39.72279048178144,40.276817522881586,8905400
2015-10-09,41.51677703857422,41.62230822625648,40.593400951705085,40.70772472769286,10715300
2015-10-12,42.651214599609375,42.651214599609375,41.78939664531163,41.78939664531163,10647300
2015-10-13,41.974063873291016,43.18764555218924,41.965271286014975,42.29944327720737,13839900
2015-10-14,42.7303581237793,43.513029301597705,42.149950020198396,42.721565535625174,15052900
2015-10-15,43.02934646606445,43.37231435394654,42.528085190749316,43.04693499296462,8423700
2015-10-16,43.196449279785156,43.205245223998595,42.281869007105854,42.86227720241013,14240400
2015-10-19,44.207763671875,44.480380885394226,43.205240832313805,43.275591605521356,11037800
2015-10-20,44.102230072021484,44.64746107314677,43.79443583478231,44.25172754222156,8745500
2015-10-21,43.47785949707031,44.489178391738896,43.38992018217297,43.794446398172475,7607300
2015-10-22,44.682647705078125,44.796968140427616,43.39871160138231,44.09344357621262,9528500
2015-10-23,44.849727630615234,45.430135736354075,44.41002441855038,45.05199070560475,11458600
2015-10-26,45.131141662597656,45.26305398049133,44.25173515575878,44.752996596283374,5579300
2015-10-27,44.73540496826172,45.27184343706341,44.313290276746294,44.84972874554799,7910200
2015-10-28,44.093441009521484,44.96405491339431,43.56579845574189,44.96405491339431,7435100
2015-10-29,44.41002655029297,44.54193886211211,43.62735533199531,44.005500380896116,5632800
2015-10-30,44.709022521972656,45.245460974859576,44.22534966196075,44.41002420501942,7052500
2015-11-02,44.585914611816406,45.08717609780776,44.55953013304271,44.76179660007142,8548100
2015-11-03,44.849727630615234,45.72913405474495,44.717815325128065,45.42134314816726,10988100
2015-11-04,44.668983459472656,45.198026530869214,44.50145393836431,45.198026530869214,7353500
2015-11-05,44.56317138671875,45.10103369880169,44.36918737552202,44.818876971737446,5736700
2015-11-06,45.14511489868164,45.3920011657615,44.4838095145122,44.55434700643225,6376100
2015-11-09,44.642520904541016,44.92467758564433,44.289823371375384,44.90704237262876,5559100
2015-11-10,44.35155487060547,44.968774010125856,43.690249370456556,44.61607639795029,7348900
2015-11-11,44.06938934326172,44.730694711612415,44.05175412981027,44.519078877341094,6116400
2015-11-12,44.06938934326172,44.46617323698674,43.99885185302896,44.07820863177396,9350200
2015-11-13,43.196468353271484,44.15756562788169,42.98484915438544,43.92831121545739,9207300
2015-11-16,42.26182174682617,42.455805730015,41.45061875095992,42.20010018191573,12339200
2015-11-17,42.1207389831543,43.25818489754148,42.076652636212636,42.37644450441765,10417300
2015-11-18,42.10311508178711,42.31473431295589,41.133201734232955,42.173655946701224,10952800
2015-11-19,42.77322769165039,42.99366280385212,42.34117675533582,42.4998903052069,7857100
2015-11-20,42.9936637878418,43.09065577760206,42.702691182133975,42.73796160815097,6878200
2015-11-23,42.97603988647461,43.3728204800418,42.67624793703198,43.20529097083729,6261100
2015-11-24,41.653419494628906,42.32354074308911,41.15082435381773,41.75922740468624,11111000
2015-11-25,41.32717514038086,41.98848049693379,40.8863049026789,41.838586230630156,7731700
2015-11-27,41.56524658203125,41.88267369982265,41.247819464239846,41.432987525333544,2597700
2015-11-30,40.965660095214844,41.82976532405323,40.94802488276024,41.62696542618458,8731300
2015-12-01,42.03257369995117,42.05902820575541,41.071479654117724,41.2742795928914,6335800
2015-12-02,42.61451721191406,43.496257654649405,42.48225480007462,43.35517595478181,12810600
2015-12-03,42.51753234863281,43.19647300692074,42.191285908387385,42.69387777586736,11634400
2015-12-04,43.893043518066406,43.91067873270139,42.91431096905107,43.2052869651684,12775600
2015-12-07,45.65652084350586,45.691791269859436,44.254553349894564,44.32509420260172,13829500
2015-12-08,44.325096130371094,45.69179325706865,43.99003379258569,45.25974228795221,13469200
2015-12-09,43.65497589111328,44.73951979564359,43.328732808932806,44.10466548344506,8144700
2015-12-10,45.21564865112305,45.77996199410541,43.681422170336326,43.8313164305029,10089600
2015-12-11,43.45218276977539,44.66017001032268,43.39928047784491,44.41328031487578,8651600
2015-12-14,44.24574661254883,44.44854656083302,42.99367312559259,43.66379791116739,10006400
2015-12-15,45.10102462768555,45.33027566097619,44.14874334269479,44.677786258641106,8084800
2015-12-16,45.95631408691406,46.106211721522364,44.83650324417425,45.32146321181309,9172900
2015-12-17,44.995208740234375,46.5294384208891,44.98639281675407,45.83286274090789,10024900
2015-12-18,44.05175018310547,45.80641508323004,44.05175018310547,45.004031442728305,15753500
2015-12-21,45.37435531616211,45.40962573564133,44.45734459113646,44.49261501061568,8822100
2015-12-22,45.630062103271484,45.80641084208557,45.109835173734766,45.54188941565066,6745600
2015-12-23,45.62125015258789,45.735873983761806,44.889404000031405,45.62125015258789,5843600
2015-12-24,46.079750061035156,46.42363162927944,45.57715832134993,45.59479353230394,3834200
2015-12-28,45.8064079284668,46.485348343393426,45.250910613786424,46.21200764743942,5295300
2015-12-29,46.00040054321289,46.2120197444397,45.75351427809253,45.78878470555918,4300100
2015-12-30,45.11865234375,46.11501988654384,45.03047965369285,46.05329833078933,5060000
2015-12-31,44.6954231262207,45.03930473425114,44.39563123246263,44.96876388227373,5911400
2016-01-04,42.905487060546875,43.57560827412749,42.58805998332403,43.57560827412749,12323200
2016-01-05,42.826141357421875,43.866595551137756,41.47707929420277,43.4786308918232,14557200
2016-01-06,43.143550872802734,43.46979382479725,41.99728921596817,42.13836752198517,10375900
2016-01-07,41.441795349121094,42.92311936685633,41.21254434418292,42.6674138648916,11301100
2016-01-08,41.09791946411133,43.161192078523335,40.992111560790164,41.86503264944182,10850300
2016-01-11,41.212547302246094,41.69750384395712,40.18090929704666,41.43298239971226,12096400
2016-01-12,41.40652847290039,41.865033885593895,40.401344952737695,41.50352045529726,12163400
2016-01-13,39.62541580200195,41.88267263267002,39.27272162955484,41.88267263267002,10964500
2016-01-14,39.978111267089844,40.33962470917561,38.814214167517484,39.70477052265512,11555000
2016-01-15,39.23744201660156,39.99573918700407,38.31161540577821,38.69076399097946,16408600
2016-01-19,40.52478790283203,41.22136362481904,39.845847392441584,40.383709573632245,16014700
2016-01-20,40.28672409057617,41.230186199966234,37.50924340573024,40.63942165225814,21927500
2016-01-21,41.01856994628906,41.54761291998266,40.00456698920761,41.13319715723285,12817400
2016-01-22,41.23018264770508,41.87385614685381,41.02738274446117,41.52115861555913,9419500
2016-01-25,40.507144927978516,41.98846878246463,40.427788172789185,41.962017651925535,8602600
2016-01-26,40.65705490112305,41.35363070180352,40.23381986571003,40.992117232164915,8685100
2016-01-27,39.431434631347656,41.44180181317538,39.34325856679288,40.87748845431658,10669700
2016-01-28,38.091190338134766,39.678322568145994,37.49160652801916,39.53724422244662,13996900
2016-01-29,39.052284240722656,39.09637058926963,37.403427223768944,38.0382814062783,12820100
2016-02-01,39.86347961425781,40.1897259589665,38.805390542830246,39.44024465840128,8618200
2016-02-02,38.45270538330078,40.136829675591066,38.19699982013659,39.84585368366495,8994000
2016-02-03,38.620243072509766,38.92885434432601,37.13010245852357,38.77014074478027,10049100
2016-02-04,38.83184814453125,39.12282072838217,38.232264401572905,38.60259375621457,9444000
2016-02-05,37.04191589355469,39.28153750844748,36.742123997359805,38.920024048057144,14206000
2016-02-08,35.94855880737305,36.68040163705214,35.313704602486766,36.424699461037754,15450900
2016-02-09,37.015464782714844,37.46515430912265,35.29607018162078,35.57822686488439,12082600
2016-02-10,38.15291213989258,38.60259831847125,37.44752040703727,37.58859875360833,11356200
2016-02-11,37.65031433105469,38.373341162667685,37.156538514813285,37.57977348720339,10019500
2016-02-12,38.0262565612793,38.158935119695236,37.27439789995546,38.03510044881034,7552700
2016-02-16,39.43265914916992,39.512264236001535,38.11469759902607,38.468513731400996,8128800
2016-02-17,40.777164459228516,40.92753754111224,39.759948681598615,39.786483718419746,10338400
2016-02-18,41.09559631347656,41.29019557160503,40.67101887466662,41.042526242526286,10946800
2016-02-19,41.3255729675293,41.70592417736033,40.90099557907072,41.09559143988019,10578700
2016-02-22,43.183101654052734,43.26271012931652,41.32557506355296,41.32557506355296,12748800
2016-02-23,43.298091888427734,43.74036044014969,42.85582333670578,42.873514483683614,9411500
2016-02-24,43.28923797607422,43.386537582380775,42.27202248796193,42.85581675156051,9236800
2016-02-25,43.51922607421875,43.74036034962206,43.050419115879684,43.41308256681272,7524800
2016-02-26,42.33394241333008,43.74035641329738,42.19241662477794,43.65190068655169,12282800
2016-02-29,42.67007064819336,43.165409258404836,41.92705935863493,42.2366459900171,8030000
2016-03-01,43.25386428833008,43.563450914677,42.829283523281205,43.103491231075026,8000600
2016-03-02,42.944278717041016,42.97081712649448,42.112814996065055,42.54623631765409,8938300
2016-03-03,43.15655517578125,43.35115099485612,42.76735678915068,42.97964712497103,8853700
2016-03-04,43.05042266845703,43.4307739234771,42.87351793292898,43.395395000916416,8516400
2016-03-07,42.80274200439453,42.88235046399703,42.32509124677956,42.670063487884136,8291900
2016-03-08,40.88330078125,41.6616909034477,40.69754544881931,41.316722017026315,13690500
2016-03-09,41.343265533447266,41.52017025403193,40.88330583659638,40.96291431055598,8448900
2016-03-10,41.573246002197266,42.00667068986513,40.9363781751723,41.573246002197266,8293400
2016-03-11,42.18356704711914,42.51969204180174,41.820907022991335,41.98897120745302,6661600
2016-03-14,42.36048126220703,42.67007127235902,41.85629538415743,42.01551233240902,5798900
2016-03-15,42.2454948425293,42.404711807169114,41.95359932351737,42.298568288823105,4751900
2016-03-16,43.13887405395508,43.165409086756256,41.900520784868306,41.988976517940905,6376600
2016-03-17,43.00618362426758,43.14770939491394,42.5108451141256,42.97080471228639,6578000
2016-03-18,44.271087646484375,44.49222195378374,42.9708202140485,43.05042532540419,12485200
2016-03-21,44.3329963684082,44.66912139497972,44.173779428150176,44.262235158427465,7284700
2016-03-22,43.687286376953125,43.99687638329359,42.63468845357448,43.085800885239266,13352500
2016-03-23,43.26270294189453,43.98802298524557,42.98849526726543,43.864188349684284,8783100
2016-03-24,42.316253662109375,42.953121433746574,41.89167627243163,42.882356848346376,9139000
2016-03-28,42.63468933105469,42.90889367534574,42.25433810422391,42.36932887318797,5887600
2016-03-29,43.45730972290039,43.50153590412592,42.48431686473206,42.546234193296065,7302100
2016-03-30,43.63421630859375,44.29761912669062,43.59883401514402,43.81996828784298,5779300
2016-03-31,43.05926513671875,43.99687565216016,43.04157399028689,43.66959450453256,6550500
2016-04-01,41.58208465576172,42.07742661157845,41.34326262492544,42.01550928888149,13932200
2016-04-04,41.705928802490234,42.740835668957565,41.36095647275961,41.670546505967884,7863200
2016-04-05,41.71477508544922,42.2897256271152,41.325579924073935,41.546714228677516,6506900
2016-04-06,41.750152587890625,41.85629609711926,41.440562572465225,41.76784373513562,5542600
2016-04-07,40.51178741455078,41.74129310707985,40.16681857986885,41.573232318815414,10434300
2016-04-08,40.94521713256836,41.23711257793093,40.3879578969334,40.77715294883041,5845000
2016-04-11,41.175201416015625,42.280872793321315,41.13097523577165,41.45825301866658,8880400
2016-04-12,41.2459602355957,41.803216102372424,41.14866062812145,41.422868306072466,8254600
2016-04-13,42.4931640625,42.57277253828442,41.44940999076709,41.70592656543259,10882500
2016-04-14,42.89118957519531,44.049930587440706,42.69659040552478,43.29807568065186,15906500
2016-04-15,42.0155143737793,43.17425924807781,41.70592772282697,43.11234191788734,11822200
2016-04-18,41.175201416015625,42.14819425258939,40.874458666418825,42.14819425258939,11664700
2016-04-19,41.45824432373047,41.94473895286539,41.21941895141175,41.29902740885132,8759000
2016-04-20,41.21943283081055,42.04205270993168,41.20174505585976,41.484796694456094,8397200
2016-04-21,39.77763366699219,40.962913492130724,39.574190542991545,40.93637508518025,15330300
2016-04-22,39.46804428100586,39.51227046096016,38.17662093058937,38.415446351432074,14258600
2016-04-25,38.85771942138672,39.69803043527158,38.73388475340737,39.37959650375802,8774300
2016-04-26,38.55696487426758,39.379584488266175,38.088161381603655,39.052306769288,11545700
2016-04-27,38.64542770385742,39.13192584626326,38.282767599490406,38.698501148731204,9097500
2016-04-28,37.9112548828125,38.742718415691016,37.822799161714315,38.42428456821902,10229800
2016-04-29,36.85866165161133,37.77858110318827,36.46062263101263,37.63705529327193,16658500
2016-05-02,37.300926208496094,37.5839811720581,36.97364844101401,37.247856144399115,10701800
2016-05-03,37.96433639526367,38.212009114821974,37.000194051212354,37.96433639526367,14319500
2016-05-04,36.64637756347656,37.645905574199496,36.41639599501344,37.47784134165142,14925300
2016-05-05,36.92941665649414,37.38937626287312,36.66405625357105,36.787890883319115,10271100
2016-05-06,37.185943603515625,37.38053948730477,36.22179794891869,36.80559234876922,10777200
2016-05-09,37.62519454956055,38.015643448987134,37.26136616585742,37.3678516138626,10512100
2016-05-10,38.11326217651367,38.193127120648164,37.63407251170673,37.705065077653764,9299300
2016-05-11,37.53645706176758,38.432719532280636,37.52758468413897,37.88253733618111,9037700
2016-05-12,36.44497299194336,37.687315776907305,36.06339642449494,37.660691872940184,13454000
2016-05-13,36.915287017822266,37.42997295170675,36.16100964311488,36.16100964311488,10758600
2016-05-16,38.15761947631836,38.29960118082581,37.31460162481939,37.75829487454402,12303100
2016-05-17,38.75217056274414,39.39996574903713,37.93577652896252,37.97127280480812,16203000
2016-05-18,38.920780181884766,39.6306888462262,38.55695177984031,38.55695177984031,10382900
2016-05-19,38.24636459350586,38.93852850649748,37.75830259602346,38.397222089519865,8860800
2016-05-20,38.24636459350586,38.88528408700226,38.13100676226688,38.530328060590584,5964600
2016-05-23,38.11326217651367,38.690061541830005,38.077765893540146,38.15763083767464,5227000
2016-05-24,38.71668243408203,38.84091602971091,38.20199652634913,38.24636518405779,9359900
2016-05-25,38.601314544677734,39.14262087646224,38.49482910755798,38.761044392912865,7600800
2016-05-26,37.94465255737305,38.69005749631658,37.62519619934997,38.574699666382486,8512400
2016-05-27,38.26410675048828,38.54807017317342,37.989019088887,38.0067672259437,5509400
2016-05-31,38.56582260131836,38.610191256341345,37.847041588656346,38.37947221915498,9315100
2016-06-01,38.61019515991211,38.78767318305885,38.21974621707867,38.56582650040336,7047600
2016-06-02,37.6695556640625,38.56581449350451,37.62518701836728,37.953519058644765,10103500
2016-06-03,36.88866424560547,37.6251968194276,36.60470077705301,37.465466945227895,15958000
2016-06-06,36.63131332397461,36.91527673074101,36.38284618933171,36.86203570766658,11538400
2016-06-07,37.358978271484375,37.989025393673344,36.382854267142264,36.6934382544025,11445900
2016-06-08,37.137123107910156,37.6695570309043,36.47158324300058,37.44771040926778,13861700
2016-06-09,37.62519454956055,37.784924414124,36.844293365596016,37.048391884735686,7618100
2016-06-10,37.30573654174805,37.52758320997665,36.74668198998075,37.323484681419714,6787900
2016-06-13,36.00127410888672,37.00402191521074,35.96577783244257,36.90640884754497,9946500
2016-06-14,34.7056999206543,35.992411518147264,34.28862702181761,35.85930213784683,15065800
2016-06-15,34.510467529296875,35.30024113484062,34.45722649483603,34.93641273054143,11044000
2016-06-16,33.738441467285156,34.22650345684859,33.57871159650272,34.049025446522386,13086600
2016-06-17,33.72956085205078,33.93366273488282,33.43672505448964,33.66744406514051,11157800
2016-06-20,33.80056381225586,34.36849083044851,33.720698863753015,34.10227546380971,9921200
2016-06-21,34.315242767333984,34.60808200918842,33.76506394989098,34.315242767333984,11997900
2016-06-22,34.2087516784668,34.75005802908194,34.16438302688268,34.22649981612267,7029400
2016-06-23,33.99577713012695,34.67018936275418,33.48109134895266,34.60807258021394,10956200
2016-06-24,31.218263626098633,32.90429966959891,31.209387863649564,32.02578536827557,26090700
2016-06-27,29.603219985961914,31.00528917060991,28.928804218066205,30.916551857255403,28380600
2016-06-28,30.76569175720215,30.76569175720215,29.81618836724383,30.410739148729743,19678200
2016-06-29,32.158897399902344,32.28313100363388,30.97867139422906,31.413492392401274,15059700
2016-06-30,32.32748794555664,32.32748794555664,31.706316766961,32.17663049205985,12413700
2016-07-01,32.62921142578125,32.833309973456885,32.22101433042998,32.30975165198918,9408400
2016-07-05,31.60870933532715,32.15889145749093,30.863304465564113,31.94591718679669,14239500
2016-07-06,31.573219299316406,31.59983981614351,30.24213929617716,31.02303712740524,14540000
2016-07-07,32.27424621582031,32.37185927291789,31.502220904856287,31.53771717745738,8775800
2016-07-08,33.16163635253906,33.49884420896375,32.70907067519141,32.74456695168059,12621000
2016-07-11,33.827171325683594,34.12001048595805,33.36572995456402,33.42784673672331,11994100
2016-07-12,35.681819915771484,35.85929794036011,34.72344399917175,34.785560800011005,19533000
2016-07-13,35.105018615722656,36.02789819907845,34.98078163583885,35.93916088427302,13885600
2016-07-14,36.36510467529297,36.69343678944706,35.637447889810154,35.78830538125054,18543000
2016-07-15,35.47771453857422,35.97465223467997,35.238119759297035,35.90365968447439,15192400
2016-07-18,35.584205627441406,35.95690980496191,35.54871273181555,35.64632242617622,8285500
2016-07-19,35.96577835083008,36.01015038958043,35.051771222442504,35.388979083299695,9297000
2016-07-20,35.681819915771484,36.57808241664373,35.44222509034361,36.10776514371712,9541900
2016-07-21,34.1821403503418,34.838804694519524,33.960293647692986,34.70569870399746,17399700
2016-07-22,34.57258605957031,34.776684600496516,34.10227217765826,34.67019914112452,9579300
2016-07-25,34.57258605957031,34.83880140055616,34.20875763703025,34.75893645974923,7160500
2016-07-26,34.63471221923828,34.90093101727823,34.262011318162564,34.5814711677204,9038700
2016-07-27,34.19987869262695,34.537083146744905,34.164382417947884,34.50159025717691,8671900
2016-07-28,34.92753601074219,35.08726586448915,33.942536374339646,34.16438301730919,7354100
2016-07-29,34.386234283447266,35.406730332355494,34.37736190598451,34.93641308415118,10468200
2016-08-01,35.03402328491211,35.06064380022598,34.41285197506848,34.53708556001494,8965300
2016-08-02,32.29199981689453,34.47497017462278,32.203262505485654,34.44834965822241,19993500
2016-08-03,32.371864318847656,32.71794456787604,32.09677324097595,32.28312700862396,10994100
2016-08-04,32.425106048583984,32.549339626644965,31.963664626420957,32.40735791098797,8825300
2016-08-05,33.4278564453125,33.48110086767478,32.70907536153621,32.81556082114904,8097500
2016-08-08,33.223758697509766,33.93367080551695,33.152769517776136,33.24150683872113,10029100
2016-08-09,32.96641159057617,33.77393321332096,32.95753582943983,33.4988421649818,8392000
2016-08-10,32.54972457885742,33.12077184105858,32.33558355738707,33.0137013303234,9604700
2016-08-11,32.74603271484375,33.05832321199514,32.37128071455094,32.63896217349344,7537900
2016-08-12,32.4337272644043,32.78171235637061,32.35342353605975,32.72817540290427,7700600
2016-08-15,32.94231414794922,33.05830917064191,31.97867287767598,32.433725037917014,10784600
2016-08-16,32.960166931152344,33.290306420749154,32.82632963327375,32.844175287066314,9253500
2016-08-17,33.46875762939453,33.48660328397524,32.754948464718844,33.04047213058912,10427900
2016-08-18,33.07615661621094,33.3973715249767,32.87985786002967,33.343834572279114,12103300
2016-08-19,32.80848693847656,32.99586121463213,32.451580637856765,32.844178249280695,7579600
2016-08-22,32.665714263916016,32.781709283699094,32.18389193901057,32.59433166598501,11186100
2016-08-23,32.73710250854492,33.12970009828265,32.674644419943114,32.81740625156304,7588400
2016-08-24,32.80848693847656,33.058319306683984,32.540808914867085,32.68357075437286,7548000
2016-08-25,32.54080581665039,32.84417512218015,32.51403563424072,32.692488767560064,6540000
2016-08-26,32.201744079589844,32.692487626303944,32.03221548089524,32.576492583139064,7882000
2016-08-29,32.612178802490234,32.656791226376505,32.35342197875619,32.362346505759305,5674600
2016-08-30,33.156463623046875,33.54905777053267,32.46050018768699,32.61218312976893,9950600
2016-08-31,32.79064178466797,33.29923105841902,32.13929066922734,33.29923105841902,13838000
2016-09-01,32.85310363769531,33.147551884466836,32.40697240589205,33.013711153441385,7127400
2016-09-02,33.165382385253906,33.450909403836604,32.71925131155153,32.71925131155153,10201900
2016-09-06,32.85310363769531,33.272468084777955,32.70142065266357,33.218931111625544,8041600
2016-09-07,34.7089958190918,34.958828109034016,33.37952383966428,33.415215139287355,16662100
2016-09-08,35.056968688964844,35.06588980977838,34.44130583785687,34.67329582351486,10542100
2016-09-09,33.68290710449219,35.146216961259135,33.68290710449219,34.87853891004512,11696700
2016-09-12,34.29854965209961,34.43239031201247,32.90662312681079,33.227837987634175,8572700
2016-09-13,33.486595153808594,34.36101159370171,33.3616790057824,34.08441252413221,10203900
2016-09-14,33.12077331542969,33.80781564700857,32.951244715576586,33.39737583449453,9468400
2016-09-15,33.2724609375,33.56690571731047,32.85309658050127,33.094007802370086,9159400
2016-09-16,32.80848693847656,33.156468709539965,32.647879443568726,33.031552525436254,11257500
2016-09-19,33.52228927612305,33.673975614144666,32.87985942795627,32.93339638320685,8768200
2016-09-20,33.57582473754883,34.00411014936845,33.37952598074029,33.54905455925955,7551400
2016-09-21,33.95057678222656,34.173642337173796,33.441987589243695,33.718590102713954,8529600
2016-09-22,34.35209274291992,34.76253251464623,34.03980235219555,34.048723476054825,10917000
2016-09-23,34.60192108154297,34.73576175003066,34.06656521501139,34.06656521501139,6841200
2016-09-26,33.94165802001953,34.57516342327154,33.82566297033478,34.369943506881896,7854400
2016-09-27,34.9856071472168,35.02129845935261,33.8881248268722,33.9059704829401,9596600
2016-09-28,35.003440856933594,35.89570293354279,34.89637036077921,35.06589892999946,10552400
2016-09-29,34.82500457763672,35.404976568981255,34.816083450194945,34.85177476738474,7181000
2016-09-30,35.11943817138672,35.33357917766766,34.73576518111429,34.93206393996342,8889300
2016-10-03,35.672645568847656,35.7351036561909,34.98560320436149,35.02129451247491,11629700
2016-10-04,35.82432174682617,36.921803631630624,35.77970592250695,36.80580861507777,12479200
2016-10-05,35.97601318359375,36.11877500560363,35.73510197075639,35.83325136158387,7408700
2016-10-06,35.636959075927734,36.02955671080139,35.46743044504835,35.922482771993515,9184300
2016-10-07,34.75361633300781,35.62803295509453,34.619775630115676,35.57449599319558,10707000
2016-10-10,35.48527145385742,35.645878937322834,34.96775769519987,34.985603349330525,7994100
2016-10-11,34.744686126708984,35.9224718663459,34.61084884939701,35.91355074267574,12166600
2016-10-12,35.03913879394531,35.24435870199269,34.40563341644555,34.8071487040063,11127500
2016-10-13,35.69940948486328,36.47568005737345,33.82566020742607,34.378861823973494,24274100
2016-10-14,35.726192474365234,36.359698052999136,35.529893628817824,36.092019975069036,12133300
2016-10-17,35.110511779785156,36.12769341859757,35.03020805576601,35.45849685300795,10535100
2016-10-18,35.20866775512695,35.93140140680162,34.842840366832206,35.146209669592025,13433800
2016-10-19,36.493526458740234,36.51136870802152,34.96775546320874,35.28897040963642,13814400
2016-10-20,36.993186950683594,37.06456955458991,36.341836006733004,36.42213973427266,14613500
2016-10-21,36.73442077636719,36.85934030143907,36.279368705158376,36.65412047295595,9050900
2016-10-24,36.91288375854492,37.251944324598014,36.71658840237519,36.93072940978034,8714100
2016-10-25,36.77013397216797,37.37687269766941,36.53814723769321,36.761212845489,8696400
2016-10-26,36.93965148925781,37.84083469281036,35.73509563851761,35.82432388878155,14175900
2016-10-27,37.00212097167969,37.698084519780494,36.5113739531873,37.13595828277789,9546700
2016-10-28,36.886112213134766,37.36793452304809,36.58274298878669,36.93072463359871,8474700
2016-10-31,37.269798278808594,37.314410714980944,36.698750926896864,37.22518584263625,8697100
2016-11-01,37.36793899536133,37.90329491242067,37.07349085838175,37.33224769323473,10889300
2016-11-02,37.41255569458008,37.80514985168664,37.22518144257764,37.33225195747757,10361500
2016-11-03,37.40363311767578,37.983604960754604,37.269795817995615,37.52855269590527,8142800
2016-11-04,38.26020812988281,38.581423100401494,37.25195078435708,37.30548774734703,10813000
2016-11-07,39.44691467285156,39.80382094715858,38.394044907727405,38.724184402760066,11534700
2016-11-08,39.91572189331055,40.01432404671839,38.660794410204964,39.10898352975945,9732800
2016-11-09,40.56110382080078,40.77623604173908,39.055188532464605,39.171718627948295,13290300
2016-11-10,41.188575744628906,41.34992408153184,40.31012558783025,40.71349301067639,20759900
2016-11-11,41.574012756347656,42.0849479447478,40.57903262543873,41.009293656754075,10272900
2016-11-14,42.55107879638672,42.56004107480363,41.78019291488288,41.78915519329979,11932500
2016-11-15,42.712425231933594,44.137666794607824,42.12977799823587,43.94046248423413,14153200
2016-11-16,42.470401763916016,42.79309847586639,42.27319745785488,42.658640372749865,6886400
2016-11-17,43.483299255371094,43.50122722734128,42.31800843259724,42.49728473288807,8569700
2016-11-18,43.83290100097656,43.90460948813098,43.25025372806686,43.74326111776866,8250900
2016-11-21,43.572940826416016,44.07491038365043,43.48330096304476,43.90459977236178,8665000
2016-11-22,43.83290100097656,44.19145027557246,43.69844288587066,43.77911707105182,8941800
2016-11-23,44.110774993896484,44.18248689868022,43.59087736186176,43.73429775201739,4723700
2016-11-25,44.137664794921875,44.29004745009834,43.823930368140246,44.07491517403633,2241400
2016-11-28,43.46537780761719,44.23626014093444,43.45641211128615,43.99424105057666,9227900
2016-11-29,43.55501937866211,43.96735255370752,43.23232266100513,43.50123545258206,7057000
2016-11-30,43.18749237060547,43.69842755772758,41.995307987713396,42.622773272424446,9245300
2016-12-01,42.81998825073242,43.86874913345237,42.66760217427398,42.99029888262214,9802400
2016-12-02,43.30402755737305,43.86874330250991,42.92754697453736,43.31298983389744,8869900
2016-12-05,42.86480712890625,43.752223090336415,42.658640544200814,43.48330688302256,9240200
2016-12-06,44.30797576904297,44.36175969332932,43.124756790035775,43.214393244434795,9142600
2016-12-07,45.80491638183594,46.011086339692596,44.08387218990006,44.31692897527898,10667600
2016-12-08,46.029022216796875,46.539957550706454,45.302958015668366,45.804927652120334,9489100
2016-12-09,46.414459228515625,47.292909399806064,45.948342183041085,46.61166351451943,8526700
2016-12-12,44.79201889038086,46.02005604342699,44.7561629424088,45.74217757576063,8648700
2016-12-13,44.514137268066406,45.44637133280556,44.478281322635404,44.83683393812313,8855500
2016-12-14,44.657554626464844,45.33880386618469,44.442425807171894,44.69341056948398,9555000
2016-12-15,45.267093658447266,46.378603997373766,45.204347465542895,45.24916568627301,10302100
2016-12-16,44.962318420410156,46.16346502581955,44.89957223664635,45.733204014548946,10039600
2016-12-19,45.19538116455078,45.482225296086774,44.989214616424135,45.01610828403093,4998300
2016-12-20,45.500144958496094,45.849735244524126,45.195376307191836,45.204342001900855,6176300
2016-12-21,45.64356994628906,45.849739912659615,45.2222745761591,45.42844112311866,4077700
2016-12-22,44.63962936401367,45.580825699213584,44.51413697524183,45.50911722823445,5407300
2016-12-23,44.72029113769531,44.944385603945065,44.62168902543979,44.76510934706322,4046300
2016-12-27,45.141597747802734,45.36569225336616,44.75615492468078,44.774082895455145,3365600
2016-12-28,44.37968063354492,45.231240558614445,44.32590013305105,45.13263841516064,4520200
2016-12-29,44.200401306152344,44.684442837203214,44.1107614526905,44.40656783999843,3348300
2016-12-30,44.09284591674805,44.42450833897379,43.8060051435989,44.227304025154346,4532400
2017-01-03,44.35279083251953,44.94440027982312,44.074912372645386,44.25418868806705,5423200
2017-01-04,45.44636917114258,45.65253571844777,44.80994155736424,44.89957799726702,7898600
2017-01-05,44.57688903808594,45.4374113195884,44.370722455189195,45.18642650900308,5806200
2017-01-06,44.532066345214844,45.08781983553393,44.11973322076556,44.63066848788994,6922700
2017-01-09,44.5410270690918,44.97128815169943,44.29900456898541,44.3348605140555,5332900
2017-01-10,45.65254211425781,46.02901931788623,44.69341771140087,44.756163912005604,8440500
2017-01-11,46.10969543457031,46.37861164209937,45.40155922372379,46.127623409699694,10001600
2017-01-12,45.61668014526367,46.61166036555729,44.52309778862945,45.98419502290797,14284800
2017-01-13,45.92144775390625,46.28896262293377,45.51807694170265,45.52704263720214,7380600
2017-01-17,45.114715576171875,45.91249161166133,44.989219758289515,45.706325039971695,7477500
2017-01-18,45.08781814575195,45.53600719972446,44.63066681524089,44.944397785257195,7076500
2017-01-19,44.54999542236328,45.26709726948272,44.47828352794567,45.06989297924562,7012700
2017-01-20,45.267093658447266,45.30294960279578,44.55895414491389,44.61273806143666,7722400
2017-01-23,43.71636199951172,45.20434956497113,43.71636199951172,45.06989147712509,8753100
2017-01-24,44.31692886352539,44.603769561458044,43.76117543870723,43.841849598713964,6398100
2017-01-25,44.98920440673828,45.20433660171621,44.64858327552107,44.80993156690195,8096300
2017-01-26,45.625648498535156,46.19932995857461,45.320879795462794,45.43740649118809,8905600
2017-01-27,44.54999542236328,45.82285077357387,44.43346530364033,45.715286351358785,6852000
2017-01-30,42.7303466796875,43.87771308818676,42.61381997695363,43.87771308818676,12745600
2017-01-31,42.34489822387695,42.87376138064509,41.7443231857928,42.83790543998708,12533800
2017-02-01,42.362823486328125,42.8199781888694,42.165622648218275,42.560027743848735,8377500
2017-02-02,42.470401763916016,42.72138657569448,41.66365998404009,41.76226213707066,8795700
2017-02-03,42.855838775634766,43.02614938596621,42.49728616298726,42.59588830243588,5632300
2017-02-06,43.25920867919922,43.63568928607825,42.96340566324764,43.19646248128793,7169200
2017-02-07,43.16060256958008,43.86873859906123,43.0978563824034,43.42054959385027,7262900
2017-02-08,43.11578369140625,43.29505998884009,42.78412476377078,43.25920404547113,5342600
2017-02-09,44.21833038330078,44.41553122702977,43.11578238430153,43.11578238430153,7274700
2017-02-10,44.15558624267578,44.43346470065607,43.94045740116502,44.41553672729496,5322600
2017-02-13,44.87269973754883,45.19539305905748,44.173522325750305,44.25419651098044,6565900
2017-02-14,44.69340896606445,44.80993906699055,44.01215975078508,44.65755302433168,7024600
2017-02-15,45.86766815185547,46.57580770881682,45.293986684741405,45.67046728466705,12705000
2017-02-16,45.56290054321289,45.86766581510597,45.34776829429949,45.85870353863133,6626700
2017-02-17,45.92144775390625,45.92144775390625,44.98921374779369,45.34776634073266,5428000
2017-02-21,45.903526306152344,46.1903670535051,45.68839745534349,45.98420048005852,6406500
2017-02-22,45.834232330322266,46.02322009331461,45.429256100324224,45.89722825131972,4345100
2017-02-23,45.42925262451172,46.338199585965626,45.168267581478815,46.005217248432636,6470900
2017-02-24,45.411251068115234,45.465249036335344,44.88928444073334,45.33925721017488,8154700
2017-02-27,45.393253326416016,45.411252649782966,44.84428941231362,45.29426219742765,7574200
2017-02-28,44.93427658081055,45.53723838429574,44.87128067396939,45.447245212528216,6950200
2017-03-01,45.924232482910156,46.68018708247752,45.31226907216416,45.36626705535495,14144700
2017-03-02,44.961273193359375,45.61823295018443,44.82628343766676,44.997271834751835,12527200
2017-03-03,45.11427307128906,45.57324380843876,44.74529551929971,45.0062771294727,11170800
2017-03-06,43.962337493896484,44.86228301829985,43.38637290756149,44.547303457966564,11368700
2017-03-07,42.8734016418457,43.800344377386565,42.81040573358678,43.66535461669724,10266200
2017-03-08,42.900413513183594,43.17039999252044,42.76542370653587,42.90941489343919,7165900
2017-03-09,42.522430419921875,43.51236922580197,42.26144536696473,42.918405255669896,8790500
2017-03-10,43.11639404296875,43.17938996103473,42.48643142928891,42.57642805011178,6263100
2017-03-13,42.6124153137207,43.39537032018587,42.45042485948787,43.10738805333182,6995300
2017-03-14,41.64948654174805,42.360444479671415,41.50549536484133,42.3154478805794,14313200
2017-03-15,42.46843338012695,42.73841981768113,40.70454075528324,41.33450338787604,17933000
2017-03-16,42.666419982910156,42.92740502608968,42.31544175457491,42.85540773154914,7899000
2017-03-17,41.856468200683594,42.88240906487153,41.856468200683594,42.85540836251132,12295000
2017-03-20,42.16244888305664,42.50442916334983,41.892465896728304,42.50442916334983,5867100
2017-03-21,40.965518951416016,42.45942832146547,40.88452372032215,42.360433768681894,10366200
2017-03-22,41.16352081298828,41.253514016304855,40.020589279160404,40.722545877487505,12064000
2017-03-23,41.325496673583984,41.5954830762809,40.920523935578046,41.28050008414107,5589200
2017-03-24,41.39749526977539,41.67647962595884,41.03751567683028,41.487488451501754,6290300
2017-03-27,41.487483978271484,41.63147511332026,40.56954263797266,40.830524210047706,9023000
2017-03-28,41.87446594238281,42.117451656323624,41.18150744700046,41.487489075701504,7321200
2017-03-29,41.352500915527344,41.982463520743885,41.154511785397,41.77547301214216,6321100
2017-03-30,41.64048385620117,41.82947161069197,41.316502886776924,41.41549745332545,4909100
2017-03-31,41.36149978637695,41.65848348821701,41.29850386774786,41.505490947960595,7052700
2017-04-03,41.68547821044922,41.703477533674594,41.010519038087,41.361497258432166,7398100
2017-04-04,40.596553802490234,41.44250158141138,40.49755921955912,41.25351379564505,8765500
2017-04-05,40.56955337524414,41.4874949584884,40.53355472369956,40.88453299370831,8313400
2017-04-06,40.731536865234375,41.091516483035974,40.38055862603885,40.60554502890983,6080400
2017-04-07,40.65054702758789,40.86653551358969,40.27257146836039,40.69554706056113,9007300
2017-04-10,40.47055435180664,40.704538695088,40.13757201114857,40.56054753775639,9945400
2017-04-11,40.75852966308594,40.78552692762803,40.03857400013519,40.49754466244773,10506800
2017-04-12,40.54254913330078,42.450432869462446,40.497552539305566,42.270446493481586,14332800
2017-04-13,39.624595642089844,40.49754379581016,39.42660998465236,40.39854925058175,14894000
2017-04-17,39.91257858276367,40.00257518588076,39.597599054402316,39.71459292194484,7140300
2017-04-18,39.966575622558594,40.29955446386116,39.570600877037144,39.777587909901946,7973800
2017-04-19,40.56955337524414,41.03752211324223,40.22757305161135,40.326567626848764,8488200
2017-04-20,41.33449935913086,41.550484368498616,40.72253611088917,40.86652726147428,7679200
2017-04-21,40.97452163696289,41.433495810609806,40.76753456310997,41.262503951281744,6396000
2017-04-24,42.12644577026367,42.23443825794212,41.46048465803814,41.84746145799013,12522600
2017-04-25,42.054466247558594,42.7924215188362,42.027468972494034,42.4234438831974,7873900
2017-04-26,41.73047637939453,42.351441038572666,41.70347911004592,42.0544573436579,7610700
2017-04-27,41.16352081298828,41.2715133435723,40.371567578323955,41.10952283118595,12388000
2017-04-28,40.893524169921875,41.4334935546344,40.758534398508594,41.30750172810742,6600000
2017-05-01,40.857521057128906,41.397486904413604,40.857521057128906,41.0285094410646,6378900
2017-05-02,43.044403076171875,43.134396270031125,40.95652596183027,41.10051713181725,12931000
2017-05-03,43.47637176513672,43.63836224253685,42.783413263596145,42.89140577085626,9912400
2017-05-04,43.77334976196289,43.91734090856067,43.37737496707392,43.611359292912915,7467400
2017-05-05,43.82735824584961,44.12433855502288,43.42238197604919,43.764362318660716,5275200
2017-05-08,43.66536331176758,44.17833205717726,43.5573707951077,43.854351074177416,8671600
2017-05-09,44.60129928588867,44.943276096983844,43.98933608400738,44.09732858051009,8759600
2017-05-10,44.97028350830078,44.98828283257447,44.27732497235407,44.412314754876625,7548700
2017-05-11,44.718292236328125,45.159267057409956,44.01633582013639,45.006274531843694,8817400
2017-05-12,44.08833312988281,44.610299753351555,44.00733789466976,44.53830589595093,7180500
2017-05-15,44.556304931640625,44.73629473738084,44.09733418837208,44.20532669860821,5539300
2017-05-16,44.556304931640625,44.67329882032476,43.89934505875585,44.65529949644874,6422800
2017-05-17,43.14029312133789,44.5590246809071,43.07703439041829,44.5590246809071,8274500
2017-05-18,43.0679931640625,43.63729408269043,42.96859103334845,43.049919736009585,5071000
2017-05-19,43.55596160888672,43.95356665016371,43.20353841025313,43.239681816075674,6137000
2017-05-22,43.81802749633789,44.02586676045431,43.682478501536075,43.70958692163479,6548300
2017-05-23,43.908390045166016,44.12526774173983,43.65536893845827,43.881281625777056,5592300
2017-05-24,44.16142272949219,44.25178989640332,43.80899939642615,43.980691842824875,5139600
2017-05-25,45.54399871826172,45.57110713739827,44.24273944524315,44.269851311533714,7421000
2017-05-26,45.90544891357422,46.04099787984603,45.46266205843933,45.46266205843933,5778500
2017-05-30,44.33311080932617,45.71569547141364,44.31503737912939,45.71569547141364,10523500
2017-05-31,44.3963623046875,44.59516312558686,43.845134795742375,44.45057914349913,8088900
2017-06-01,45.0469856262207,45.245789881589126,44.549978434953466,44.56805186245549,7431600
2017-06-02,46.25788116455078,46.881402395144576,45.63436338111107,45.67954522968135,11872100
2017-06-05,46.4386100769043,46.52897721744505,45.6976167602398,46.07715185620309,9018000
2017-06-06,46.294029235839844,46.709707769029755,46.13137181899959,46.22173896566316,6826300
2017-06-07,47.233829498291016,47.44166877641488,45.76991611267915,46.09522751725061,10888400
2017-06-08,47.748905181884766,48.30013268416444,47.170569260527074,47.23382453647845,9057200
2017-06-09,47.90251922607422,48.40856482879222,47.58624287884649,47.80312055062668,9709000
2017-06-12,47.21575164794922,47.86638129049351,46.420538023412206,47.84830786185016,9751100
2017-06-13,46.87236404418945,47.74890638612801,46.50186736977851,47.2247872897079,8280600
2017-06-14,46.908504486083984,47.170563998450966,46.57415471518858,46.998868171032925,6019000
2017-06-15,46.59222412109375,46.84524517484009,46.013884867004045,46.65547938453033,6871200
2017-06-16,46.98984146118164,46.98984146118164,46.31210336318383,46.58319791295211,6254500
2017-06-19,47.45069122314453,47.559131776486886,46.93561065980543,47.08019461710845,7674700
2017-06-20,46.77295684814453,47.71275436594612,46.68259316061326,47.604317251477845,7050100
2017-06-21,47.233829498291016,47.51396249775589,46.763930651037526,47.03502521175759,5135100
2017-06-22,47.72179412841797,48.07421734559335,47.143454791832376,47.88445152821488,7240900
2017-06-23,47.821197509765625,48.047110204230854,47.550102965838185,47.71276038162548,15792900
2017-06-26,47.77601623535156,48.6073767535103,47.62239725590019,47.91156523252388,6127500
2017-06-27,47.748905181884766,48.0832549900783,47.53202748779863,47.766978610321445,5921800
2017-06-28,48.65256118774414,48.97787604051375,48.11940705618382,48.11940705618382,6745200
2017-06-29,48.679664611816406,49.27607396494255,48.50797221143983,48.8965423071141,7188300
2017-06-30,48.562191009521484,49.050159776474565,48.55315257195251,48.79713867900601,5012800
2017-07-03,48.85136413574219,49.43873509522613,48.56219615168609,49.032091540411535,3532100
2017-07-05,49.0953483581543,49.34836947256885,48.562194261956385,48.93269094255804,5793000
2017-07-06,49.1314811706543,49.5561980472187,48.69772930501877,48.959788801075675,6221400
2017-07-07,50.11647033691406,50.15261719464159,49.05016216403044,49.29414828296016,7493300
2017-07-10,49.52909469604492,50.378525088854744,49.37547228890424,49.736933937461565,7971800
2017-07-11,49.05015563964844,49.736932056504,48.95979195450337,49.5381278126005,5442100
2017-07-12,50.13453674316406,50.23393886441394,49.474872194232724,49.520054036486236,12101600
2017-07-13,49.24896240234375,49.72789616298375,48.6344796599,49.29414424722707,13257400
2017-07-14,49.81826400756836,50.0532116725913,49.15859941087082,49.248963101921056,9228700
2017-07-17,49.37547302246094,49.96284734830459,49.348364604920214,49.881518648528605,5387400
2017-07-18,48.760990142822266,49.24896234011462,48.68869988053106,49.24896234011462,6421200
2017-07-19,48.607383728027344,49.10439104371614,47.98386238815267,48.58931029600079,10733000
2017-07-20,47.7398681640625,48.71580912812366,47.67660944364328,48.607372009262164,8418300
2017-07-21,47.22478485107422,47.6223933718689,47.05309245619264,47.48684438575182,6847600
2017-07-24,46.565120697021484,47.36033429921464,46.4657185658531,47.134421618251565,8208700
2017-07-25,46.21269989013672,47.179605939600975,46.15848305004041,46.91754638862174,5815200
2017-07-26,46.20365905761719,46.33016959805261,45.75183372911715,46.22173248441563,8065100
2017-07-27,45.25482940673828,46.068112980955796,44.757818756370234,45.543997359413915,12402000
2017-07-28,45.480751037597656,45.52593289275542,44.64035543247588,45.17350959650846,8652600
2017-07-31,44.60420227050781,45.815094432369065,44.5138351257993,45.60725517027064,9575700
2017-08-01,45.24579620361328,45.36327177521393,44.5138377996998,44.9837366389481,7849800
2017-08-02,45.19157409667969,45.45363365080921,44.71264028524959,45.19157409667969,5215100
2017-08-03,45.69761657714844,45.85123899187525,45.119280668620505,45.290973064229135,5250300
2017-08-04,45.733760833740234,45.90545321958997,45.48977473985668,45.85123638571833,4426500
2017-08-07,45.86027145385742,46.583191299659894,45.806051172739586,46.266914944356856,6241700
2017-08-08,45.46267318725586,46.12233786047441,45.39037946830653,45.86027830001445,5847200
2017-08-09,44.884334564208984,45.27290469248994,44.73071557947919,45.18254098937292,6692200
2017-08-10,44.315032958984375,44.86626045996452,44.260812673802164,44.79396674638824,8925200
2017-08-11,44.71263885498047,44.80300599859351,43.79091467305174,44.23370505887052,6318900
2017-08-14,45.24579620361328,45.399418635268646,44.87529950593828,45.173505930658166,4666000
2017-08-15,45.1102409362793,45.48074102964702,45.05602410088213,45.408447319579025,4067600
2017-08-16,45.30000686645508,45.634356633018754,45.245786587896006,45.39940898690325,3696000
2017-08-17,42.95051193237305,45.318078987286114,42.923403517451135,45.20060344403538,12043200
2017-08-18,42.95051193237305,43.48366592447594,42.74267270794696,43.12220775262107,8395100
2017-08-21,43.48256301879883,43.56441696555046,43.06419647461462,43.191527534663415,4650400
2017-08-22,42.88230895996094,43.719035247268856,42.82773849666891,43.58261082374737,6762800
2017-08-23,42.00010681152344,42.74588581846237,41.645407463030196,42.709505508509906,10997800
2017-08-24,41.11790466308594,42.29114367512043,40.92691323398751,42.27295351957523,13780200
2017-08-25,42.4548454284668,42.80045139470532,41.24522628134045,41.31798689293463,13938800
2017-08-28,42.700408935546875,42.93687399351525,42.427563570378126,42.59127148336279,7816400
2017-08-29,42.400272369384766,42.56398026601463,41.7090639487161,41.96371913484403,5648800
2017-08-30,42.59128189086914,42.7458930301256,41.92735326518582,42.25476917116173,5960200
2017-08-31,42.91868209838867,43.05510651014583,42.60036309684451,42.745880850324255,5937200
2017-09-01,43.218814849853516,43.51894370154506,43.00963329396742,43.12786408463112,6099600
2017-09-05,41.69087600708008,42.991442438465754,41.59992871276066,42.53669902803487,11344700
2017-09-06,43.100582122802734,43.15515258387717,40.554019586085886,41.12699728440772,18675300
2017-09-07,42.85502624511719,43.47347767944599,42.71860527747903,43.018734181817024,7329100
2017-09-08,43.155147552490234,43.44618303878841,42.645833716760094,42.72768766412,6110700
2017-09-11,44.40114974975586,44.75584908220853,43.60080031408243,43.60989712586782,12512600
2017-09-12,44.601234436035156,44.71037188287749,44.14649102653908,44.51028367248581,5813300
2017-09-13,44.54666519165039,44.683089605983064,44.237439525991036,44.5284750384449,6255100
2017-09-14,43.900936126708984,44.49210057109429,43.78270185006495,44.47391388491899,6283900
2017-09-15,43.88274383544922,44.064641913106556,43.51894768013455,43.70084575779189,17746200
2017-09-18,43.618995666503906,44.06464582283476,43.446194385576774,43.95550835432381,6011400
2017-09-19,43.56441879272461,44.546662725524634,43.42799438594446,43.664459425691035,6782300
2017-09-20,43.69175720214844,44.201067712089866,43.45528863446051,43.65537688874758,5535000
2017-09-21,43.800880432128906,43.97368166047434,43.12785873070046,43.655362695254716,6235600
2017-09-22,44.08282470703125,44.25562594377253,43.74631210525873,43.89182984920315,4601600
2017-09-25,43.9463996887207,44.2556253239488,43.49165631158624,44.03734697638094,6603400
2017-09-26,44.110111236572266,44.61032829897991,43.90092968208968,44.0737309307274,5232000
2017-09-27,43.40071105957031,44.8195082423497,42.855016899764024,44.473905757497526,11658300
2017-09-28,43.937313079833984,44.31020256744202,43.1642471386056,43.1642471386056,8309100
2017-09-29,43.85545349121094,44.24653308282129,43.6553652900847,44.01916138860209,5533100
2017-10-02,43.719032287597656,44.12830206103832,43.5644211895295,43.97368749355319,8604800
2017-10-03,46.6112060546875,46.720343516939664,43.79179790548799,43.79179790548799,16065400
2017-10-04,46.89313888549805,47.35697560943219,46.365634896105604,46.58391324640306,8265100
2017-10-05,47.00228500366211,47.08413896645873,46.620298687472115,46.8476704208608,5276300
2017-10-06,47.302398681640625,47.766238811519536,46.747614744825604,46.747614744825604,6735400
2017-10-09,47.056854248046875,47.684398966931376,46.78400539952409,47.35698312423782,4624800
2017-10-10,47.92995834350586,48.84853854800826,47.720776781478925,47.95724183916506,11332100
2017-10-11,48.2664680480957,49.08500762114771,47.748060808301794,48.54841022757297,11817800
2017-10-12,48.3028450012207,48.37560214187425,47.78443779742807,48.29374819025348,5819300
2017-10-13,49.07590866088867,49.14866927282636,48.22099228712236,48.3028462408438,7242800
2017-10-16,48.76668930053711,48.97587088276267,48.457463598678146,48.912207073799124,4810900
2017-10-17,47.98452377319336,49.166859431396695,47.89357647767785,48.66663889781054,6547600
2017-10-18,48.07548141479492,48.31194649860916,47.90267667141391,48.06638460229201,5402400
2017-10-19,47.538883209228516,48.02091018166726,46.72034356790104,47.81172859986522,9567800
2017-10-20,48.44835662841797,48.45744996881901,47.7753349479993,47.85718888927432,6707800
2017-10-23,47.54798126220703,48.53022892910011,47.50250760416592,48.475658457800144,4095100
2017-10-24,48.36650848388672,48.54840653845581,47.32059727217709,47.74805718000192,5306700
2017-10-25,47.511592864990234,48.47564667095612,47.41154875997486,48.439266365602,6043500
2017-10-26,46.32017135620117,48.766690040483276,46.14737008202351,48.084574817451944,10913600
2017-10-27,45.983665466308594,46.602116923999986,45.42887782313681,46.31107788265902,7574000
2017-10-30,45.77448272705078,46.083704978785974,45.483443692950274,45.67443860117523,3960500
2017-10-31,45.50162887573242,45.983659295950545,45.428871727223424,45.74719075710757,4755400
2017-11-01,45.792659759521484,46.32016377768026,45.42886711507597,45.647142007859905,5833700
2017-11-02,45.783573150634766,45.91999758074933,45.146931592462444,45.91090076838576,6437200
2017-11-03,45.83814239501953,46.10189096643904,45.365208777820975,45.91999635702346,4145000
2017-11-06,45.99274826049805,46.538438965332254,45.728996249747524,45.83813716624788,6259900
2017-11-07,45.392486572265625,46.03822137504618,45.25606216292693,45.99274772840556,4427000
2017-11-08,45.52892303466797,45.838148770870376,44.98322872226608,45.24698079978943,3511700
2017-11-09,44.737667083740234,45.46525950485659,44.664909923279275,45.2015074256728,5594200
2017-11-10,44.46482467651367,44.90137807714358,44.4102576698212,44.73767011823011,7048500
2017-11-13,44.437530517578125,44.47391082626156,43.95550357048279,44.20106198055299,5182500
2017-11-14,44.47391891479492,44.55577288951095,44.164693173580794,44.40115828419498,4855600
2017-11-15,44.864986419677734,45.05597781889311,43.96459294286441,44.25562844721648,6561300
2017-11-16,46.1690559387207,46.35208559723999,45.22645441919652,45.26306104910045,6969900
2017-11-17,45.592533111572266,45.9311358545778,45.32714016848599,45.8030160864677,5005600
2017-11-20,45.56507110595703,45.66573761610374,44.95192213097307,45.61082765847794,4254700
2017-11-21,46.37040328979492,46.37955669629831,45.519321508070824,45.75725771213316,4833900
2017-11-22,46.13247299194336,46.516835821255064,46.00435321250684,46.25144285470676,4160200
2017-11-24,45.85791778564453,46.19652046759387,45.73894795485106,46.19652046759387,1841200
2017-11-27,45.38204574584961,45.90367817468684,45.20816943323771,45.80301165491097,5032300
2017-11-28,46.288047790527344,46.379560917880674,44.91532993421518,45.125812919929466,8571700
2017-11-29,47.679054260253906,48.27389992108482,46.39785332377371,46.516823154140134,10936400
2017-11-30,48.429473876953125,48.96025967622648,47.834631695113764,48.045114635549346,9432600
2017-12-01,47.642459869384766,49.033480977724665,47.36791351946097,48.09087905772349,8852400
2017-12-04,48.420326232910156,49.53680435200589,48.04511688827984,48.74977902156145,8867100
2017-12-05,47.94445037841797,48.65826242661232,47.871240587039765,48.356266364299884,5536800
2017-12-06,47.862083435058594,48.30135262195039,47.669903820356154,47.77972024432881,4190400
2017-12-07,48.877899169921875,48.877899169921875,47.5143314483121,47.587544731271684,7115200
2017-12-08,48.92365264892578,49.985220748055816,48.84128945627771,49.372075251343354,6642700
2017-12-11,49.756439208984375,50.20486185393381,48.960263931871765,49.16159697544109,7356000
2017-12-12,49.070068359375,50.14078970330636,48.996858582995486,49.84794361578683,6030500
2017-12-13,49.0792350769043,49.39038456567366,48.62166250465533,49.24396148219406,6289300
2017-12-14,50.561767578125,50.882066971812044,49.344622900111105,50.22316486322704,13621800
2017-12-15,51.339637756347656,51.69654727113418,50.66243234993532,50.68988558530296,14378900
2017-12-18,51.31218338012695,51.95278562214005,51.14745698958069,51.72399935649261,8709800
2017-12-19,51.01933670043945,51.595879061261115,50.78140052272014,51.43115267245493,6444100
2017-12-20,51.44945526123047,51.80636126823773,50.95527610183521,51.24812223532841,7234700
2017-12-21,51.275577545166016,52.016846314267276,51.15661119868174,51.69654693373049,8245100
2017-12-22,51.275577545166016,51.45860725875908,51.129154472491855,51.40369729738073,3891800
2017-12-26,51.64164352416992,51.96194294534336,51.14746428207216,51.15661768896389,3276700
2017-12-27,51.357933044433594,51.69653918568247,51.17490335827221,51.5867192793851,3766400
2017-12-28,51.56842041015625,51.71484347351618,51.238971135847294,51.41284743264934,3651800
2017-12-29,51.24812316894531,51.87957200123076,51.23897325442002,51.733148931816686,3120200
2018-01-02,51.92533493041992,51.92533493041992,51.1291561734531,51.51351893388563,5297600
2018-01-03,50.96443176269531,51.79721370327979,50.397042751451366,51.67824734819749,9332000
2018-01-04,50.96443176269531,51.120008252343844,50.26892298997709,51.00103840625987,9026100
2018-01-05,51.220672607421875,51.293882400448844,50.69904017722421,50.991886331335124,5191300
2018-01-08,50.04013442993164,51.275578920571625,49.87540803237944,51.174912400845116,9654700
2018-01-09,49.57341766357422,50.53432299110399,49.30802818809669,50.14996016189165,10374700
2018-01-10,51.1200065612793,51.20236976107412,50.07674169121263,50.09504501238943,12318300
2018-01-11,53.554298400878906,54.17659742636091,51.486068260011685,52.25479038025404,25935300
2018-01-12,54.75312423706055,55.36626968015202,53.91118906462038,54.094218753498765,12268400
2018-01-16,54.313865661621094,55.6316769702271,53.902053118683575,55.09174116817366,12082900
2018-01-17,54.6524658203125,55.05512840262438,54.42367954811227,54.57010262268036,6088100
2018-01-18,54.40538024902344,54.95446594649144,54.204047197484364,54.72567965737949,5846600
2018-01-19,54.917842864990234,54.92699626877598,54.06676133595168,54.62499678185853,6192400
2018-01-22,55.02767562866211,55.05512886443595,54.35046672122823,54.817192675392505,7055600
2018-01-23,54.844635009765625,55.16493433346659,54.36875923526648,55.00020796956301,7427100
2018-01-24,51.9802360534668,52.291385497606264,50.84545819201783,51.65078329014252,21197900
2018-01-25,50.15911102294922,52.291397581195405,49.86626483032315,52.16327780829675,18385800
2018-01-26,50.5709114074707,51.156607142731914,50.1774022672969,50.61667145049195,9431500
2018-01-29,51.02848434448242,51.43115038409316,50.332975671247524,50.332975671247524,8781700
2018-01-30,51.357933044433594,51.74229573447259,50.7173308883692,50.882057256814356,7026800
2018-01-31,51.952789306640625,52.41036187038662,51.46776350619039,51.522669979598874,8609600
2018-02-01,51.632484436035156,52.32799666119988,51.248125172918975,51.71484763398883,5492900
2018-02-02,49.985225677490234,51.49521652794986,49.9120158829173,51.321340211212735,8963000
2018-02-05,48.063419342041016,50.07673918782061,48.045116021779215,49.41783362240148,9476700
2018-02-06,48.59421157836914,48.960271076274836,46.910344171806706,47.46858333516195,12240800
2018-02-07,49.280555725097656,49.82964480712445,48.319654195302085,48.34711091855411,8995400
2018-02-08,46.88288116455078,49.326320298393206,46.864577844368284,49.280560252436274,12197900
2018-02-09,46.178218841552734,47.58754307032182,44.402838683766596,47.54178651556986,19053400
2018-02-12,47.63330841064453,48.03597454513349,46.41616707294417,46.87373968686199,10610200
2018-02-13,47.74311828613281,47.852938211871994,47.00185298790169,47.45942553881039,8220600
2018-02-14,47.77056884765625,48.11832491894485,47.35875290678831,47.48687264594699,7797900
2018-02-15,48.45694351196289,48.64912318386533,47.56925146888657,48.109187326375945,4877800
2018-02-16,48.365421295166016,48.978570380181374,48.29221149619509,48.3837246176592,5556500
2018-02-20,48.017669677734375,48.6948751695973,47.862093178683565,48.07257615539782,6719400
2018-02-21,48.64910888671875,49.77473683691865,48.11832659302342,48.2006862930613,7604700
2018-02-22,48.36838150024414,49.19676623452616,48.276340312500025,49.0218830622076,4899800
2018-02-23,49.20596694946289,49.22437588849295,48.442015291018784,48.598486006055175,4270200
2018-02-26,50.338096618652344,50.43934404032047,49.47289744365056,50.264464364532415,7397700
2018-02-27,49.35322952270508,50.63262079984563,49.27039106175339,50.246043656168226,5979200
2018-02-28,49.610958099365234,50.163212242530946,49.11392726382837,49.583342934404605,6328200
2018-03-01,49.1047248840332,50.58661128132689,48.79177990875909,49.58334681746105,7876800
2018-03-02,49.02188491821289,49.178359156677615,47.687270089662476,48.58008088025086,6860500
2018-03-05,49.509708404541016,49.78583546339304,48.395993944188405,48.699732655581826,5964000
2018-03-06,49.55572509765625,49.80424048441809,49.224371248640466,49.62935733568988,4690900
2018-03-07,49.2703971862793,49.39005353611571,48.902228933842416,49.11392646900151,4554400
2018-03-08,50.292076110839844,50.632632747939724,49.57414495394104,49.66618614954212,6740700
2018-03-09,51.626686096191406,51.626686096191406,50.23684460680832,50.5681949636334,6975900
2018-03-12,51.69111633300781,51.985652328318146,51.14806493331451,51.773954801135474,6337600
2018-03-13,52.086910247802734,52.47348750299109,51.04682782942253,51.87521267789291,9137400
2018-03-14,51.68191909790039,52.703588964917124,51.55305651403908,52.114516911850984,7157000
2018-03-15,51.8568000793457,52.050088693311814,51.36897543138938,51.9764564403875,4266300
2018-03-16,52.17894744873047,52.74961408333382,51.93963823926354,51.96724989504722,6546600
2018-03-19,51.50703430175781,52.21576269059382,51.11125087018515,52.04088302756141,6121000
2018-03-20,52.00407028198242,52.20656513054113,51.49783667173227,51.69112529382197,4363500
2018-03-21,51.49782943725586,51.87520391309886,50.39331766296172,51.07443436897272,9313900
2018-03-22,50.319679260253906,51.54384731944068,50.28286489492523,51.08363439694567,6631400
2018-03-23,49.610958099365234,50.81671379787782,49.55573128059018,50.420930374522115,7321400
2018-03-26,50.67866134643555,50.88115269692566,49.76743798021602,50.22765102128416,5808800
2018-03-27,49.942317962646484,51.06523891295901,49.66619083862696,50.908768163435134,6699600
2018-03-28,49.63857650756836,50.503775719229125,49.44528788227393,50.135607410736895,7473500
2018-03-29,50.44855499267578,50.825929547153315,49.47290207837313,49.7214175427091,5960300
2018-04-02,47.816139221191406,50.282881585448294,46.89571307068203,50.246063696752614,10228200
2018-04-03,49.44527816772461,49.49129875835111,48.11065997268028,48.313154784812056,6776300
2018-04-04,49.574134826660156,49.684584941047405,48.41439633658365,48.58927948810477,6378300
2018-04-05,49.89628601074219,50.14480141917477,49.42687035780026,49.98833070524282,4417800
2018-04-06,48.82859420776367,49.979126604323355,48.33156336977479,49.56493423933262,6918700
2018-04-09,48.377593994140625,49.42687911942613,48.30395822548712,49.11393412494215,6179300
2018-04-10,48.19350814819336,49.132343132902584,47.337511647756905,49.104727964047186,12220000
2018-04-11,47.37432098388672,48.35917639078486,47.273073575695044,47.862145574832695,7799600
2018-04-12,48.76416778564453,49.371648789340014,47.816130153960515,48.41440493165427,12713600
2018-04-13,48.70893859863281,50.10798643553451,48.32236139284031,49.35323745276661,9925900
2018-04-16,49.979129791259766,50.466957946087035,49.031092159609436,49.031092159609436,9490400
2018-04-17,50.20923614501953,50.8075144321676,49.730614217530366,50.62342853526462,7380400
2018-04-18,50.81671905517578,51.56226538561237,50.36571227753185,50.63263315136034,7504900
2018-04-19,50.687862396240234,50.83513042409546,50.218446654685074,50.66025073825074,5217500
2018-04-20,50.991600036621094,51.37817725786843,50.770696259375164,50.83512579624973,7445700
2018-04-23,50.26447296142578,51.359778823499134,49.85948320548658,51.33216716237497,5360400
2018-04-24,49.52812194824219,50.89955465621508,48.88382307691868,50.411730023182,7655000
2018-04-25,50.30127716064453,50.586606944332885,48.975861609047875,49.647772099000655,7219800
2018-04-26,48.90222930908203,49.73981674207162,48.58007813568839,49.610957677172635,12130500
2018-04-27,49.24279022216797,49.426876121489485,48.86541570857479,49.0310926668495,5699000
2018-04-30,48.06464385986328,49.50050608359563,48.06464385986328,49.28880853807475,8200000
2018-05-01,48.543270111083984,48.64451402448682,47.72408799934121,48.11066875569862,6799500
2018-05-02,48.19350814819336,48.93905099550164,48.11987237944124,48.60770056955724,5142800
2018-05-03,47.66885757446289,47.97259629165764,47.02455875073817,47.88055510733102,7083100
2018-05-04,48.17509841918945,48.313163727771375,47.47557618320278,47.47557618320278,4535200
2018-05-07,47.770111083984375,48.23032408667731,47.37432762077673,48.23032408667731,6055800
2018-05-08,48.20271682739258,48.83781312244072,47.81613952705644,47.917386966043665,6361100
2018-05-09,47.51239013671875,48.11987116905658,47.36512211406554,48.018623745142506,8403900
2018-05-10,48.20218276977539,48.44291435417385,47.51701766769191,47.72997348174089,7590700
2018-05-11,48.97993850708008,49.146600201304274,48.03552341714823,48.14663003595911,7810800
2018-05-14,48.22996139526367,49.3132588872096,48.00774462326627,48.97993902723715,10466400
2018-05-15,48.48921585083008,48.81328185955526,47.9244182211233,48.11885923916485,6572800
2018-05-16,49.51695251464844,49.989161784997236,48.526243379779146,48.526243379779146,6997400
2018-05-17,49.165122985839844,49.97065581564907,49.072534710513324,49.461409705304284,6069600
2018-05-18,49.02623748779297,49.285487468006544,48.89661249768618,49.081789036686686,5819000
2018-05-21,49.97990417480469,50.322484969862145,49.294742584689764,49.32251835585193,5413600
2018-05-22,49.55399703979492,50.91506646274278,49.46140524080963,50.35026885098847,4943600
2018-05-23,49.44288635253906,49.49843789535209,49.054007892769405,49.26696371492263,3692000
2018-05-24,50.368778228759766,50.526178960942254,49.56324561530651,49.56324561530651,5251200
2018-05-25,51.72985076904297,51.96132495804426,50.57247982403654,50.60025912848745,7597300
2018-05-29,50.21137237548828,51.47984973310491,49.831754909397965,51.28541229408639,6544600
2018-05-30,50.28545379638672,50.65581037741558,49.692876909112094,50.452115494055235,4149700
2018-05-31,50.04471206665039,50.77617125088749,49.942862872387586,50.38729283024909,5365500
2018-06-01,50.387298583984375,50.6743278431359,50.06323613979374,50.387298583984375,4317800
2018-06-04,51.10023498535156,51.32245173606184,50.415073440357766,50.720617499067046,4472400
2018-06-05,50.61876678466797,50.92431436623272,50.26692861027957,50.887277653555415,4968300
2018-06-06,50.15582275390625,50.28545125934282,48.72994451426025,49.25770535291159,10825300
2018-06-07,49.49843215942383,50.06322965934492,48.970671371763366,49.915086342317686,6858000
2018-06-08,50.08174514770508,50.12803926937234,49.12807281970222,49.12807281970222,5858500
2018-06-11,50.822471618652344,51.70207423022194,50.2206408553795,50.33174747548874,6800800
2018-06-12,50.50766372680664,50.776174614556936,49.979902896133616,50.776174614556936,5253700
2018-06-13,50.600250244140625,50.98912511801689,50.3502577400708,50.58173188843006,4384900
2018-06-14,50.831729888916016,51.38726649224213,50.56321900010164,50.72061974263833,5456100
2018-06-15,51.090980529785156,51.090980529785156,50.109528749704666,50.60025640575273,8125300
2018-06-18,50.739139556884766,50.97987468204813,50.276191196818274,50.674327069036714,5836500
2018-06-19,49.79472351074219,50.405815192872716,49.36881187544241,50.30396952253064,5830800
2018-06-20,49.85027313232422,50.54469558297954,49.729905585246364,49.998416447183416,4541300
2018-06-21,49.74843215942383,50.285453972012604,49.442888067308274,49.81324464963064,4806800
2018-06-22,48.81327819824219,49.98916750441254,48.53550634530784,49.535476539033496,10311600
2018-06-25,47.50775909423828,48.70216310628734,46.96147992127962,48.40587645641302,7547800
2018-06-26,47.28554916381836,47.79479169601921,47.13740581750509,47.711460842967,4810300
2018-06-27,46.1929817199707,47.38738920521241,46.01706263402642,47.24850329966698,9035800
2018-06-28,46.109657287597656,46.30409475675604,45.41523472744704,46.1281756463769,6871800
2018-06-29,45.86892318725586,46.59112148020155,45.84114388459331,46.118915719125276,6703900
2018-07-02,46.220767974853516,46.45224218193596,45.285613732327555,45.60041879524031,8300000
2018-07-03,45.16523742675781,45.8596599137966,45.01709410413682,45.60040998221372,6449500
2018-07-05,45.60966110229492,45.628179456569676,44.92449965420374,45.461517800111835,6335900
2018-07-06,45.90595626831055,46.091132767316864,45.44300795676413,45.68373952468153,4903000
2018-07-09,46.76704406738281,47.017036617888685,45.64670982890589,45.905963324994865,7895600
2018-07-10,46.85036849975586,46.90592356959669,45.93373280548217,46.85036849975586,7366600
2018-07-11,46.14668273925781,46.42445098910268,45.19301045305161,46.42445098910268,10426500
2018-07-12,46.970741271972656,47.47998377338929,45.48004695305038,47.12814555467425,12625600
2018-07-13,47.007774353027344,47.21147275064321,46.600381089811115,46.75778182832119,6835900
2018-07-16,46.915184020996094,47.137400782738915,46.37816577247565,47.12814336984012,8603200
2018-07-17,47.35035705566406,47.748492922443894,46.850371985938374,46.850371985938374,5299000
2018-07-18,48.8873405456543,49.58176300662102,48.498465662880264,48.554017199267825,10212300
2018-07-19,49.0725212097168,49.29473795418716,48.54476041511692,48.94289624711547,6391400
2018-07-20,48.13737106323242,48.97067597534121,48.118852705361256,48.75772015784622,6697500
2018-07-23,48.36884689331055,48.4984718708276,47.52628100743395,47.96145007023896,4509200
2018-07-24,47.850337982177734,48.66512800317884,47.74848878805068,48.498466327700996,4652700
2018-07-25,48.157962799072266,48.21389667269551,47.78507742044768,47.78507742044768,4727600
2018-07-26,50.32069778442383,50.5630743874529,48.018137836143204,48.15797076528298,10322100
2018-07-27,50.76815414428711,51.057140515362285,50.26475990671055,50.29272862397513,6561000
2018-07-30,50.143577575683594,51.15968663458901,50.1062883216084,50.637647745833355,5676700
2018-07-31,50.730873107910156,51.318166480195494,50.162227920887176,50.274092139765536,6048100
2018-08-01,49.95713424682617,51.15036191376097,49.770691534842875,51.075786962627014,4203400
2018-08-02,50.255435943603516,50.43255454573618,49.35119119587137,49.60288829749058,4483600
2018-08-03,50.58171844482422,50.74951654725745,50.348665919900206,50.48849885729434,3147300
2018-08-06,50.730873107910156,50.833416790256734,50.190193086581914,50.4325661535016,3122300
2018-08-07,50.99189758300781,51.35545898441573,50.82409946603499,50.8986744313009,4425300
2018-08-08,51.485958099365234,51.78426501618731,51.131717302101904,51.15036192891566,3562200
2018-08-09,51.58850860595703,51.94274945016886,51.39274533261605,51.46732029365572,2890400
2018-08-10,51.00120544433594,51.113073198580736,50.19950431940862,51.066459856262696,4204400
2018-08-13,50.54442596435547,51.15968440539124,50.115606673373875,51.15968440539124,3896600
2018-08-14,51.047821044921875,51.327486906289174,50.58171601744191,50.58171601744191,3459900
2018-08-15,51.485958099365234,51.78426501618731,50.67493639151139,51.08510751311701,4896500
2018-08-16,51.691043853759766,52.017315922751955,51.47663598612221,51.57917965240514,3366100
2018-08-17,51.87748718261719,52.19443872034112,51.560535644893264,51.72833372698822,3266500
2018-08-20,53.527496337890625,53.788517555281175,52.073251018009955,52.1757946866885,7005800
2018-08-21,53.6953010559082,54.096151688758816,53.54614758015677,53.63004663252316,4732300
2018-08-22,53.052066802978516,53.60207080214886,52.93087851676168,53.60207080214886,4246100
2018-08-23,53.08003616333008,53.43427695932826,52.87495238130919,52.958851423621944,3051900
2018-08-24,53.30376434326172,53.49020704139567,52.71647108877431,52.930878946993815,3149600
2018-08-27,53.83512496948242,54.002923046083,53.38766461724715,53.5741073197032,4278900
2018-08-28,54.804630279541016,54.879205235167646,53.89106484749497,54.02157368691595,7035300
2018-08-29,54.55292892456055,54.8792009979214,54.450385256904596,54.813946583249226,4543300
2018-08-30,54.47834777832031,54.711400264025805,54.23597475787003,54.375807671732815,3020300
2018-08-31,54.5156364440918,54.79529871271554,54.38512762247396,54.47834719331564,6076700
2018-09-04,54.888526916503906,55.16818921099468,54.47835223222502,54.534286113562786,5017400
2018-09-05,53.33173370361328,55.55971505373226,53.08936066621957,55.00039047137817,9495500
2018-09-06,52.613922119140625,53.620710453836836,52.37154912528691,53.33172412307811,7618100
2018-09-07,53.005462646484375,53.76987458330417,51.914775066910394,52.27833996416775,6307600
2018-09-10,53.65801239013672,53.82581048560084,52.96817538032876,53.182583267621986,3894900
2018-09-11,54.319881439208984,54.49700007307489,53.28512768808364,53.443605249836686,4717500
2018-09-12,53.49953842163086,54.42242800863035,53.285130519946,54.385138750224435,5116100
2018-09-13,53.900386810302734,54.30123743119261,53.49953618941286,53.49953618941286,3568400
2018-09-14,54.002925872802734,54.3758112972331,53.72326358252944,53.8444483227852,3449300
2018-09-17,54.0308837890625,54.4037691634862,53.87240981639644,53.87240981639644,3944600
2018-09-18,53.909706115722656,54.347842398459576,53.06139160015569,53.94699181316271,3746900
2018-09-19,53.97496032714844,54.3198770308318,53.835127404955735,53.93767107375052,3423000
2018-09-20,54.189369201660156,54.49699665763171,53.9749613248075,54.25462361826318,3448100
2018-09-21,55.56903839111328,56.14700759251556,54.431741058848466,54.47835084739562,11936300
2018-09-24,53.51818084716797,55.149548496209434,53.25716316127309,55.149548496209434,6640000
2018-09-25,53.229183197021484,53.648678357956726,52.58595965431979,53.54613470127272,4635500
2018-09-26,53.61139678955078,54.02157147505011,53.30376933152531,53.50885667427497,5306700
2018-09-27,54.068180084228516,54.60886359199829,53.9003819994792,53.9003819994792,3897600
2018-09-28,53.909706115722656,54.319877236354806,53.63936436171333,54.068180109114984,4642500
2018-10-01,52.763092041015625,54.19869649754877,52.50207434204576,54.05886711142896,5839900
2018-10-02,50.98256301879883,51.83087396655459,50.53510265080556,51.68172051055684,8604600
2018-10-03,50.63764953613281,51.45799537429539,50.57239511724366,51.26223211762792,6966700
2018-10-04,49.929168701171875,50.74019040255621,49.4444190761781,50.57239231866994,7681100
2018-10-05,49.127471923828125,50.208835474309495,48.97831845328239,50.09697126042501,5621700
2018-10-08,48.60542678833008,49.136786181511226,48.111356647045554,48.81983465258749,5495700
2018-10-09,47.412200927734375,49.34187533342794,47.31897779454935,48.968989912885675,8284700
2018-10-10,46.34016036987305,47.38423817810462,46.31219520654332,47.29101504017371,13082900
2018-10-11,47.99016189575195,49.0342359156074,47.23507064894405,48.00880651919023,15887500
2018-10-12,48.52153015136719,49.136788613720874,47.878306526756184,48.99695924633533,9677300
2018-10-15,48.325767517089844,48.94102598725711,48.251189008657924,48.474920977854666,6494400
2018-10-16,49.509674072265625,49.612217742076744,48.49356502174477,48.53085427551226,6684000
2018-10-17,50.61900329589844,51.53256868734291,50.05967870720966,51.20629660329096,9184200
2018-10-18,49.52832794189453,50.61901214738979,49.369850361857836,50.60969161025805,5871200
2018-10-19,49.77069091796875,49.94781309240211,49.18339762713509,49.52831788466378,4989800
2018-10-22,50.56306457519531,50.74018316911487,49.686785027354986,49.910516959341436,6174200
2018-10-23,49.82662582397461,50.01306853748722,48.50288575852415,49.68679289981541,7679800
2018-10-24,48.01814270019531,49.96646203315172,47.887633849697664,49.87324244168182,6759100
2018-10-25,50.06899642944336,50.30204892098547,47.87830443138704,47.9249142184757,9174400
2018-10-26,49.66815185546875,50.51646288484664,48.60543293472054,49.69612057597739,9573000
2018-10-29,49.79865646362305,51.05714209653818,48.996958851220256,50.47917289258768,10819700
2018-10-30,51.38340759277344,51.47663071443775,49.76136439289764,49.770684927014834,7526200
2018-10-31,51.01986312866211,52.32495881343619,50.97325333051296,51.840209089265805,8699500
2018-11-01,52.241058349609375,52.41817700025343,51.07579564671534,51.206304500463546,6401100
2018-11-02,52.31563186645508,53.16394294845501,51.86817142765176,52.669872714045,6488600
2018-11-05,52.250370025634766,52.558001033956764,51.784265023521876,52.22240486345966,5206000
2018-11-06,52.03461456298828,52.409839482212654,51.35920469856259,52.259748798834075,5983100
2018-11-07,53.27286911010742,53.70437942218387,52.194089751471765,52.35356313194452,7204600
2018-11-08,53.21658706665039,53.432342236110536,52.41923085001746,53.08525814423506,4150400
2018-11-09,53.141544342041016,53.66686004000882,52.88826559690162,53.310396838800614,6061600
2018-11-12,53.188446044921875,53.64809727223311,52.719412135493016,53.094637115969256,4553900
2018-11-13,53.301002502441406,54.332875465072746,53.27286161861598,53.591804756265596,6004400
2018-11-14,52.935157775878906,53.995175222345324,52.728781747776395,53.40419160087983,5543300
2018-11-15,52.62559509277344,52.77568577751203,51.59372208250109,52.68188044146698,6969000
2018-11-16,52.43798065185547,52.550547762707936,51.49991304504907,52.353554424105134,6719500
2018-11-19,52.71002960205078,53.085258162030144,52.30666015252862,52.53179800420519,5640400
2018-11-20,51.97833251953125,52.97268559666185,51.856382713268914,52.156564099111286,5623600
2018-11-21,52.50364685058594,53.77003673066808,52.22222369639519,52.35355617162477,6509100
2018-11-23,53.61994552612305,54.11712022435036,52.785065908932275,52.99144193239751,3778200
2018-11-26,53.19782257080078,54.220316586946744,53.05711455185722,53.957658755496446,5927100
2018-11-27,54.69873809814453,55.34600363204181,53.732525770886696,53.76067023997433,8879800
2018-11-28,55.22405242919922,55.28033778752377,54.13589388403822,54.75501851182905,6204000
2018-11-29,55.214664459228516,55.74936275289532,54.73624793640397,54.87695952039807,6793700
2018-11-30,56.9500846862793,57.522306510395396,55.50545968415735,55.589885913591594,10846900
2018-12-03,56.396629333496094,57.287794367526395,56.10583063561008,57.22212991455573,6759400
2018-12-04,53.413570404052734,55.524222604749234,52.841352146645825,54.389161613423475,14429000
2018-12-06,54.482975006103516,54.62368301732318,53.010205390538225,53.122776093647204,9052500
2018-12-07,52.59745788574219,54.4829760467204,52.06275956031719,54.04208306390018,8193600
2018-12-10,52.831974029541016,53.14153809670106,51.884527201020774,52.74754779108322,5698400
2018-12-11,52.4286003112793,53.43233240907424,52.18470429714206,53.17905371452167,7319200
2018-12-12,52.78506851196289,53.441716600279854,52.53178981025017,52.963300082007756,6175700
2018-12-13,50.2335205078125,52.9539180465319,50.04590626747944,52.747542024321135,10174900
2018-12-14,50.19600296020508,51.34044674280233,49.576878397812756,49.62378464735088,5551600
2018-12-17,49.145362854003906,50.064668707431316,48.89208416299166,50.064668707431316,5792700
2018-12-18,49.67068862915039,50.28043052634713,49.39864811980616,50.120960724731596,6099500
2018-12-19,48.7138557434082,50.03653105173504,48.22606011203631,49.905202146835734,8003600
2018-12-20,47.75703048706055,48.83580986431794,46.92215073627881,48.338631508092,8428800
2018-12-21,46.38745880126953,48.10412121341261,46.237368079014146,47.38180849429451,11680200
2018-12-24,44.989723205566406,46.387445565234955,44.93344143730807,46.19983132133767,5381300
2018-12-26,47.288002014160156,47.33490469279499,44.94283229796803,45.40248713685749,7452700
2018-12-27,47.37242126464844,47.37242126464844,45.32743328813657,46.93152827807324,7136300
2018-12-28,47.07223892211914,47.93525951504726,46.63134594443729,47.40056119585388,5854800
2018-12-31,46.80957794189453,47.52250779319058,46.49063479247268,47.17542375890462,6231700
2019-01-02,46.987815856933594,47.05348031611551,45.85275468713797,46.199838768305916,5270700
2019-01-03,42.78527069091797,45.90903444061054,42.28809592804532,45.505665021449694,18694100
2019-01-04,44.830257415771484,45.805848708145376,43.37625315838515,43.4981993860986,11037000
2019-01-07,44.886539459228516,45.4399995631909,44.211133126818645,45.02725105013796,9375500
2019-01-08,44.53007507324219,45.65575345577362,44.04227943753789,45.47752188017648,8231400
2019-01-09,45.4681510925293,45.70266806151747,44.01414302204665,44.18299552599374,8095300
2019-01-10,45.7120475769043,45.88090008237007,42.982270176467615,43.789009129594085,11880200
2019-01-11,45.55257034301758,45.65575478761903,44.64264349809794,45.23362717107782,6577900
2019-01-14,44.7927360534668,44.9334476504576,43.526345994327755,44.623883568455646,10095100
2019-01-15,44.86777877807617,46.23735672979143,43.948469304161,44.999107680508565,11569500
2019-01-16,44.55821990966797,46.13417407906442,44.47379366564871,45.862133561841844,9823000
2019-01-17,45.23362731933594,45.561949595153976,44.38936492659752,44.5019320528145,7312700
2019-01-18,45.130435943603516,45.683896009188196,44.97096257973463,45.627610661038446,7850200
2019-01-22,44.18299102783203,45.07415613494875,43.93909497943057,45.07415613494875,8144400
2019-01-23,44.37060546875,44.839639360763094,44.032900493949434,44.36122636542537,8099900
2019-01-24,44.57697677612305,45.54318534560657,44.248650939634196,45.27114485840146,9057200
2019-01-25,44.736446380615234,45.16796023312597,43.9953756328729,44.69892639302474,11839200
2019-01-28,45.03662109375,45.439990422878104,44.39873845768614,44.492543780460444,8212100
2019-01-29,45.23362731933594,45.48690603715747,44.90530146507348,45.41185890071653,7476500
2019-01-30,47.15665817260742,47.325510625061064,45.36494921907717,45.383711000288,13005200
2019-01-31,46.368690490722656,47.28799648251825,46.049747303491976,46.969053295287566,8287100
2019-02-01,46.82834243774414,47.36304437111066,46.50002014207093,46.55630549780547,6172900
2019-02-04,47.222320556640625,47.2786058978166,46.49062901357153,46.89399834589006,5356200
2019-02-05,47.409942626953125,47.89773826252841,46.922146991377836,47.25046925645529,8727600
2019-02-06,47.39118576049805,47.63508181436881,46.772061154654914,47.062859882911056,6228100
2019-02-07,47.288002014160156,47.53189809012834,46.87525343235054,47.22233754838238,5673900
2019-02-08,47.344276428222656,47.4005581981925,46.82833634720466,46.969047929017606,4456600
2019-02-11,47.47560501098633,47.869591711909365,47.466222330424834,47.47560501098633,6963900
2019-02-12,46.80019760131836,47.90711778827873,46.79081849870942,47.71012442749198,8301700
2019-02-13,47.288002014160156,47.58818345155714,46.80020628377879,46.950297002477285,5754900
2019-02-14,47.35365676879883,47.58817369232405,46.86586113845306,46.96904915735524,5780000
2019-02-15,47.91649627685547,48.28234208014798,47.438079781439086,47.738261136881356,6492000
2019-02-19,48.61067199707031,48.98590053985954,47.84145670495253,47.84145670495253,7904800
2019-02-20,48.066585540771484,48.44181043481564,47.438078386120544,48.010300196365094,7497300
2019-02-21,48.29172134399414,48.64818804669458,47.9352546412937,48.02906355171173,6615000
2019-02-22,48.329246520996094,48.74199500527748,48.066588719948314,48.40429007339082,5413200
2019-02-25,48.2260627746582,48.65757307984993,48.094733862508065,48.60129130518243,6180400
2019-02-26,47.954017639160156,48.741994614429075,47.91649765248573,48.21667901654588,6826800
2019-02-27,47.306758880615234,47.86959812257872,46.85648677135552,47.81331634544915,9041600
2019-02-28,46.83443832397461,47.391762770885016,46.796652516350974,47.316194759090685,9483800
2019-03-01,46.248775482177734,46.976136163513615,45.54975596218714,46.636071054997785,11393900
2019-03-04,46.088191986083984,46.82499733174048,45.748126871641446,46.32434791517424,10194100
2019-03-05,46.96669006347656,47.69405072237902,46.67385542829661,47.259521095203176,9800700
2019-03-06,46.957244873046875,47.49568011224171,46.70219603288297,47.051709408359564,8702600
2019-03-07,46.84389114379883,47.04226126323955,46.05985171440894,46.76831951537174,8183600
2019-03-08,46.84389114379883,46.853335795625426,46.21099136780953,46.52271892989088,8570100
2019-03-11,48.28915786743164,48.449745754705106,47.013917437077005,47.04225499223281,8868100
2019-03-12,47.86408233642578,48.47808919803523,47.25007907826988,48.35528710502263,8073900
2019-03-13,48.1947021484375,48.260825519904884,47.30675715769444,48.156916335183716,10536300
2019-03-14,48.11912536621094,49.195999307841376,48.02466444665097,48.53476206056226,8048800
2019-03-15,48.355289459228516,48.61978656501388,48.156919332479774,48.44975399824247,8192400
2019-03-18,47.930213928222656,48.411970488047416,47.73184018857351,48.241937913178944,6415200
2019-03-19,48.138023376464844,48.544211859869776,48.005776633673186,48.166364538101256,5606600
2019-03-20,47.10838317871094,48.07189979062067,47.013922249553566,48.07189979062067,7753000
2019-03-21,47.51456832885742,47.807402954238945,46.94779558674509,46.957240237617235,5128700
2019-03-22,47.00447082519531,47.45789334424747,46.77776316912246,47.26896789521795,5896200
2019-03-25,46.31489944458008,47.26897141159954,46.258224328072366,46.85333467212433,6454000
2019-03-26,46.371578216552734,46.881675886415266,45.98428263835048,46.626627051484,5321500
2019-03-27,47.202850341796875,47.73183734008257,46.26767123582889,46.3337946106146,7907200
2019-03-28,47.533470153808594,47.84519774288395,47.13672988057147,47.33510001719003,6600100
2019-03-29,48.78981018066406,48.88427109889423,47.59013778118505,47.92075459844369,9162100
2019-04-01,49.290462493896484,49.432157483205025,48.66701102715479,48.95039740231861,8501400
2019-04-02,52.266029357910156,52.84224676934723,50.93410652473203,51.51032753962242,15920700
2019-04-03,53.84355163574219,54.38198686382333,52.71945071462522,52.86114210948928,13277600
2019-04-04,54.051368713378906,54.47644649126146,53.24843641453243,54.27807638112248,8998000
2019-04-05,54.53313064575195,54.97710497756386,54.15528329403127,54.259188883423164,6918300
2019-04-08,54.51422882080078,54.69370961670531,53.758530637514575,54.31585872333562,7921600
2019-04-09,53.79631423950195,54.259177781256014,53.635726355202465,54.03247013730183,9581600
2019-04-10,54.65592575073242,55.70445859384803,53.626285813302616,55.70445859384803,14398200
2019-04-11,55.156578063964844,55.58165945580185,54.6181428354558,54.74094492719838,8452400
2019-04-12,54.83540725708008,55.58166087475026,54.36309538819316,55.5722162228921,7693900
2019-04-15,54.26863479614258,55.251044354417395,54.193063166989006,54.78817713448577,5327000
2019-04-16,54.89208984375,54.90153449627319,54.45756375860627,54.46700841112946,3970200
2019-04-17,55.194366455078125,55.723357056675525,54.873194233296424,55.591106703685924,4987600
2019-04-18,54.94875717163086,55.33605633576862,54.807065783158016,55.2604847124871,4108100
2019-04-22,54.55202102661133,54.759839402675,54.10804671536752,54.58980684106901,4043900
2019-04-23,55.0148811340332,55.17546541954135,54.46699770557525,54.46699770557525,4593000
2019-04-24,54.6464729309082,55.288817256749816,54.59924247236606,55.01487915582416,3275200
2019-04-25,53.56960678100586,55.241591088100684,53.25788284765776,54.637032523525825,5557400
2019-04-26,53.94746017456055,54.28752528368678,53.35234623358964,53.42791785937478,3714100
2019-04-29,54.53313064575195,54.69371856290991,53.89078618402765,54.07026700928971,3215500
2019-04-30,55.06211853027344,55.326612023699845,54.561465498990266,54.618144220490315,4030300
2019-05-01,54.33986282348633,55.60379967865681,54.27334002191003,55.30919973602486,5629800
2019-05-02,54.7960205078125,55.19516094086669,54.40638540364241,54.47290820494798,3426100
2019-05-03,54.9290657043457,55.25217800482153,54.66297450109058,54.862542903531924,4673000
2019-05-06,54.862548828125,55.09062961641746,53.92172418631882,54.14980134939014,4105400
2019-05-07,54.330352783203125,54.64396335648531,53.53207923351135,54.40638090710929,4784800
2019-05-08,53.646121978759766,54.24483081295074,53.389532478392205,53.95022724766485,3641400
2019-05-09,53.779170989990234,53.91221660041781,52.923872601211556,53.351521795600895,5003500
2019-05-10,53.807682037353516,54.045264530520306,52.32516960013426,53.45606096252858,3737800
2019-05-13,52.07807922363281,52.76231793047446,51.38433881262768,52.686289796282736,5223700
2019-05-14,52.50572967529297,52.866856070927014,52.030564700855926,52.17311564327546,2463400
2019-05-15,52.3156623840332,52.619767674304434,51.403346513219496,51.86900977813415,2998900
2019-05-16,52.629268646240234,53.180458079761856,52.40118788481082,52.40118788481082,2731400
2019-05-17,52.163604736328125,52.781320587138495,51.783474972554615,52.040060841121914,3969900
2019-05-20,51.58390808105469,51.95453617832291,51.080234371969254,51.317816857420276,3722800
2019-05-21,52.106590270996094,52.296653351234816,51.878509499400394,51.96403933559617,2816800
2019-05-22,51.37484359741211,52.11609987330165,51.21328560445944,51.783485807254145,3616700
2019-05-23,51.317813873291016,52.22062799055048,50.595564754615935,50.9851998630895,5278900
2019-05-24,51.431854248046875,51.90701920797951,51.04221912591095,51.716952498962264,2502800
2019-05-28,51.20377731323242,51.916524756135686,51.194271983869974,51.450861498341666,3454100
2019-05-29,50.567047119140625,51.08022607440617,50.18691737930056,51.08022607440617,3929600
2019-05-30,50.395992279052734,51.127746720266764,50.243939643555066,50.72860991154318,3775200
2019-05-31,48.941993713378906,50.177421955856865,48.761432323205284,49.863814949216234,5615100
2019-06-03,49.51218795776367,50.08238809152796,48.85646161041678,48.9229844155728,7244600
2019-06-04,51.6124153137207,51.66943278441944,50.196422246097825,50.224930981447194,7619300
2019-06-05,52.211116790771484,52.486713296932805,51.54588884516886,52.12558696559108,6379100
2019-06-06,51.973541259765625,52.47721857515112,51.659934275866064,52.325165935183264,6192000
2019-06-07,52.334659576416016,53.075915628908035,52.19210866237355,52.19210866237355,4234800
2019-06-10,52.01155090332031,53.123438684029125,51.93552640241149,52.74330530382325,3312900
2019-06-11,52.15410614013672,52.56274828882389,51.77397272849534,52.28715174664493,2833700
2019-06-12,52.69580078125,52.724309522021116,52.17311999085851,52.31566731993544,3856200
2019-06-13,53.71265411376953,54.396892900321184,52.90487140737464,52.923878443136786,6300400
2019-06-14,53.20897674560547,53.81718734785844,53.00940469624903,53.7601662444393,4382500
2019-06-17,52.90486145019531,53.16145094685969,52.51522635345772,53.00939831460162,4057300
2019-06-18,53.246978759765625,53.712641967583,52.70529105131269,53.17095425913006,3642500
2019-06-19,53.560585021972656,53.75065169606546,53.17094997143153,53.48455690224743,3196800
2019-06-20,53.18996810913086,54.0547682128918,52.58175752519627,54.0262558494304,5055700
2019-06-21,53.20897674560547,54.035762806466785,52.80033456748779,53.218478450231416,8573500
2019-06-24,53.28499984741211,53.43705249394935,52.90486641845849,53.31350858575627,2896000
2019-06-25,53.14243698120117,53.90270366852052,53.085419517306384,53.265980861673604,3579600
2019-06-26,53.5796012878418,53.98824343875509,53.066422266896595,53.284997710953796,4437700
2019-06-27,53.997745513916016,54.56794201318281,53.693640230944276,53.93122270984225,4375400
2019-06-28,53.93122100830078,54.5679402915527,53.883705239064504,54.06426661225069,8034800
2019-07-01,54.91956329345703,55.02410015773831,54.40638430074204,54.453900068536974,5009000
2019-07-02,55.63230895996094,56.27853353253987,55.20465981263362,55.68932642945752,6837100
2019-07-03,56.21201705932617,56.658669663260284,55.96492924630466,56.069466119104455,3303900
2019-07-05,55.784358978271484,56.44008522335784,54.97657648771771,56.212008105597555,5896900
2019-07-08,56.421085357666016,56.7061836036816,55.91741166886444,55.974432768155914,7800600
2019-07-09,56.03144836425781,57.01029059723934,55.65131859071787,56.61115016601853,7870200
2019-07-10,56.516117095947266,56.70618016495142,55.84138015018813,56.39257320091804,7781300
2019-07-11,57.17184829711914,57.77055716654505,56.51612195218094,57.257378135608555,12695600
2019-07-12,58.58784484863281,59.14853968310056,57.038805962692905,57.2383743888879,10045700
2019-07-15,58.635353088378906,59.310086418941296,58.26472502300579,58.511809191514295,5889000
2019-07-16,60.0228385925293,60.117870136008875,58.6543647902299,58.806417434929834,10319700
2019-07-17,59.158042907714844,60.12737994942203,59.10102180224221,60.089365879106936,7532000
2019-07-18,59.547672271728516,59.547672271728516,58.578335324332514,58.70187922822578,4482200
2019-07-19,57.88459396362305,59.95631343204849,57.83707819374961,59.737737990453994,7902700
2019-07-22,58.245723724365234,58.568836053587916,58.02714827007064,58.397776371927606,4786300
2019-07-23,59.9563102722168,59.97531730420863,58.22671023838727,58.397769901093106,7452200
2019-07-24,60.408714294433594,60.676516167489304,59.662692706048766,59.67225549500352,5718800
2019-07-25,59.519222259521484,60.38001916208836,59.14621148458474,60.03570040106161,5351700
2019-07-26,59.452274322509766,59.930494033485076,59.21316446702211,59.538354016426396,3857900
2019-07-29,59.739200592041016,59.987876864828415,59.15577200803198,59.280110144425684,4972200
2019-07-30,59.90180206298828,59.94962330441608,59.385323899103675,59.595741739618184,2910000
2019-07-31,58.38105010986328,59.80614248606916,58.03673141134947,59.777450477368355,7229600
2019-08-01,57.692420959472656,59.07925873848938,57.16638004978398,58.63929751573351,5838000
2019-08-02,57.51069259643555,57.89326610380978,56.88900563022895,57.29071200877698,3739500
2019-08-05,55.301326751708984,56.80293634323116,54.54573873727948,56.78380711708432,8855700
2019-08-06,56.229068756103516,56.33427766554985,55.55956049933035,55.94213768849401,4704500
2019-08-07,56.65947341918945,56.95596730733093,54.92831673801137,55.49261614745961,7648800
2019-08-08,57.41505432128906,57.816760754676565,56.81250014399778,57.319411843520285,5414000
2019-08-09,56.93683624267578,57.53939408550347,56.49687499487698,57.089866400541744,5606400
2019-08-12,56.104732513427734,56.71685311790071,55.731721748109926,56.49687250370115,4788300
2019-08-13,56.276893615722656,57.30984625532364,55.63607732989676,55.664772992473665,6156200
2019-08-14,54.73702621459961,55.53087266485298,54.230114502069036,55.39696808460319,7662800
2019-08-15,54.622249603271484,55.186548942375026,54.30662287953199,54.966568338795874,4360400
2019-08-16,55.51173782348633,55.81779810747101,54.727457889709775,54.92830926697603,4226100
2019-08-19,55.65520095825195,56.42991809643521,55.60737972346872,56.12385781559089,3503500
2019-08-20,55.16742706298828,55.63608034432504,55.081347367647076,55.492616617774296,2513700
2019-08-21,55.48305130004883,56.01865870948517,55.33002113285659,55.71259837510069,3014900
2019-08-22,55.43523025512695,55.74129059060586,54.96657696265543,55.597826860646556,3436400
2019-08-23,53.75189208984375,55.54043264910078,53.40757334078324,55.30132281208949,5921400
2019-08-26,53.82840347290039,54.39270281460998,53.51278039622971,54.28749390621094,3414500
2019-08-27,53.69450759887695,54.21098575308815,53.14933743005184,54.16316451255603,7702800
2019-08-28,54.21097946166992,54.67963267243299,53.369311861581956,53.40757030897831,5264100
2019-08-29,55.358707427978516,55.59781725177944,54.57442749779357,54.63181152044893,4101400
2019-08-30,55.3395881652832,56.296027632644396,55.081349071272435,55.61695648646443,4268300
2019-09-03,54.79440689086914,55.387398219245796,54.182286339186625,54.93787059287369,6601700
2019-09-04,54.73702621459961,55.51174343910301,54.26837295356898,55.11003699540714,4939600
2019-09-05,55.65520095825195,56.37253042557952,55.04308039656331,55.14828930220224,4461600
2019-09-06,55.4543571472168,56.391667341220746,55.36827745345486,56.14299469731229,5741100
2019-09-09,55.57868957519531,55.90387909055793,55.05264867789515,55.45435144177025,5740500
2019-09-10,56.085594177246094,56.16211106463818,55.2821851022592,55.549990559605504,4409600
2019-09-11,56.21950912475586,56.60208636022845,55.607388466821256,56.06647896027221,4163700
2019-09-12,56.85074996948242,57.28114837881973,56.21950018529649,56.21950018529649,5188700
2019-09-13,57.39591979980469,57.94109354806595,57.01334627550501,57.38635701232088,7548400
2019-09-16,56.49687194824219,56.55425962254479,54.75615262818888,55.502174151489854,9556400
2019-09-17,56.7838020324707,57.16637922409662,55.62651131816574,55.76997867715708,8176700
2019-09-18,56.72642135620117,56.90814352626079,56.1142970837613,56.86032228661633,4075600
2019-09-19,56.1334228515625,56.669030188757,55.769978533831065,56.669030188757,3569900
2019-09-20,56.0760383605957,56.602079256959904,55.94213743954224,56.23863129372448,6139400
2019-09-23,55.492618560791016,56.10473923863819,55.32045916408062,55.76998688310521,4387100
2019-09-24,55.473487854003906,56.34384760370323,55.05265581133978,56.066479288786745,5047700
2019-09-25,55.76998519897461,55.94214459048617,55.167427328684134,55.51174611170726,3193100
2019-09-26,56.21950912475586,56.2482047889588,55.406537060035255,55.578696451145234,3795400
2019-09-27,55.74128341674805,56.79336887701537,55.62651171784623,56.40122889461818,4395800
2019-09-30,55.090904235839844,56.13342325691672,55.01439098627467,55.961263884736944,5208200
2019-10-01,54.52660369873047,56.12385925072333,54.18228861037095,55.52130146117291,7102200
2019-10-02,51.98248291015625,53.321499606317616,50.56695295484317,53.311936817121264,13770400
2019-10-03,50.5286979675293,51.51382943491877,49.55312928930172,50.80606263554808,14346800
2019-10-04,51.465999603271484,51.60946330792022,50.38522218199118,50.54781511029835,6620900
2019-10-07,51.03560256958008,51.75293205776152,50.92083087305845,51.408613319670195,8659800
2019-10-08,50.88257598876953,51.7433692457655,50.58607846608357,50.710416607664996,8039400
2019-10-09,51.57120895385742,52.030303061045885,51.25558585975783,51.65728864288943,7615300
2019-10-10,50.78693389892578,50.93996406668214,48.845362961418196,49.68703070834166,22703500
2019-10-11,50.64346694946289,51.42774696542214,50.34696942205322,51.16950788965115,10935000
2019-10-14,50.681724548339844,50.88257594327331,49.706155939128685,49.7826691925919,6631900
2019-10-15,51.30341339111328,51.63816939997613,50.700855493981834,50.8921441206853,8413300
2019-10-16,50.853885650634766,51.77207032883509,50.75824316157479,51.40862230305844,5532800
2019-10-17,51.045169830322266,51.41818061309808,50.93039812374358,51.1886371999407,4402000
2019-10-18,51.48512649536133,51.63815662917229,50.863439524458286,50.873002311591264,6966400
2019-10-21,52.202457427978516,52.58503094920855,51.74336336486041,51.82944304562927,6699600
2019-10-22,52.2694091796875,52.56590302749037,51.705109847013354,52.30766397878935,5646900
2019-10-23,51.84834289550781,52.26266742066929,51.64599571009003,52.07959157079754,4876100
2019-10-24,51.829071044921875,52.66735391687188,51.53037086037353,52.320477231752875,4825300
2019-10-25,52.60954666137695,52.744446026168305,51.64600182380132,51.65563933053092,4412800
2019-10-28,53.15876007080078,53.31293075354171,52.725167890301776,52.725167890301776,3966400
2019-10-29,53.361106872558594,53.833241720367134,53.10094936074045,53.129854525732014,4480100
2019-10-30,53.30330276489258,53.390021951601604,52.811896490629444,53.34184544245927,3814100
2019-10-31,53.072052001953125,53.18767635455756,52.42647504234521,53.01423798783495,7024000
2019-11-01,53.97777557373047,54.025952074531226,53.21657436393171,53.52490837981425,5389600
2019-11-04,54.80642318725586,54.893142356683136,54.36318983483239,54.68116134794284,6164400
2019-11-05,55.41345977783203,56.02049403042952,54.970230052406684,55.191844915119354,6915300
2019-11-06,55.48090744018555,55.50017510027241,54.96059240268532,55.40382209731227,5120300
2019-11-07,55.55799102783203,56.29992093829111,55.48090935792583,55.808511049566675,7754400
2019-11-08,55.48090744018555,55.55798910742736,54.95095489701044,55.38455076159396,4821000
2019-11-11,55.12439727783203,55.42309748988299,55.00877293069012,55.17257378283851,3811600
2019-11-12,55.134037017822266,55.58690059398786,54.960598652267144,55.49054758007141,4424700
2019-11-13,54.440284729003906,54.80643280591575,54.24757502138547,54.67153711327243,4110600
2019-11-14,54.48845291137695,54.6811625895501,54.025951889140224,54.218661567313376,3763900
2019-11-15,54.777523040771484,55.14367111153485,54.74861787158528,54.81606571677434,4350100
2019-11-18,54.99913024902344,55.00876407822169,54.43063875991716,54.71006391424004,3788400
2019-11-19,54.989501953125,55.39419268421545,54.632991402987805,55.259293323430796,4704900
2019-11-20,53.64053726196289,54.77752042023103,53.264755377992046,54.72934391534815,7383600
2019-11-21,53.29365921020508,53.948869906771314,53.245479034220885,53.707983729375826,5021300
2019-11-22,54.06449890136719,54.08377023829516,53.11058793940678,53.544183831206965,9648200
2019-11-25,54.29574203491211,54.623347377886894,53.65980268391769,54.334284704822394,6822400
2019-11-26,55.36528015136719,55.38455148733803,54.19939189236738,54.26683973044958,4888100
2019-11-27,54.989501953125,55.480911864046845,54.613720065732856,55.4327316830936,4062500
2019-11-29,55.22075271606445,55.7410641042653,54.93168634129198,55.06658569814723,2653600
2019-12-02,54.68115997314453,55.54835164561429,54.65225480927261,55.16293230770968,5628200
2019-12-03,53.59236145019531,53.9585095081777,52.55173496386612,53.85251899068555,6871700
2019-12-04,54.01632308959961,54.50772932285411,53.72725670760454,53.91033257295231,4760100
2019-12-05,53.84288024902344,54.35355777694663,53.669441904515296,54.33428644137557,3899900
2019-12-06,54.09340286254883,54.53663257511222,54.07413152605064,54.38246555875836,4568200
2019-12-09,53.76579666137695,54.10303953142929,53.621267153324425,53.94887251746099,4057000
2019-12-10,53.505638122558594,54.315015849467855,53.409285119015465,53.7657956428828,4871900
2019-12-11,53.072052001953125,53.496010411924004,52.94679014251304,53.38038605931956,5544300
2019-12-12,54.623355865478516,55.39419468093489,53.58272934562342,53.87179206360362,8868000
2019-12-13,54.66189193725586,55.201478307757384,54.37282925419954,54.7197059441197,4440400
2019-12-16,56.290283203125,56.357734718011756,55.066584590562776,55.0858522512372,7460700
2019-12-17,56.550445556640625,57.1382084994311,56.2035725004203,56.29028800775147,6663200
2019-12-18,56.444454193115234,57.465809293332065,56.31919234427732,57.32127978371747,5026900
2019-12-19,56.984039306640625,57.08039599273449,56.2902858692918,56.48299556584778,4455700
2019-12-20,56.82024002075195,57.40800295742309,56.77205983856041,57.3790941129818,6025700
2019-12-23,57.273101806640625,57.73560287132418,56.8780485841631,57.012944268575175,3648100
2019-12-24,57.22492218017578,57.5428937123444,57.00330732849683,57.485079704050605,1076000
2019-12-26,57.38872146606445,57.54288846515831,57.09965512658618,57.31163612870193,2464400
2019-12-27,56.92622375488281,57.47544395058569,56.646794904260254,57.456172615132616,3538600
2019-12-30,56.52153396606445,57.13820200790507,56.11684694196834,57.090025506317176,3779300
2019-12-31,56.34809494018555,56.588981120850995,56.21319926711393,56.35773244576576,2917300
2020-01-02,56.88768768310547,57.224926903576545,56.31919608600291,56.781697163634036,4459200
2020-01-03,55.94341278076172,56.00122311673929,54.83533478318962,55.40382636597006,9078100
2020-01-06,55.55799102783203,55.65434403412268,54.594446262399195,54.91241779929519,5504300
2020-01-07,55.50981521606445,55.953044931532425,55.37491953532477,55.79887791416828,5563000
2020-01-08,56.70460510253906,57.23455763718242,55.62543604910708,55.644707384515144,8519000
2020-01-09,56.81059646606445,57.30200633730121,56.4444521146846,57.09965915028119,5336700
2020-01-10,57.08039474487305,57.32128094139396,56.48299433104639,57.09002857545595,8279700
2020-01-13,57.32126998901367,57.52361347327785,56.878036678623765,56.878036678623765,8414200
2020-01-14,59.2098274230957,59.98066251140918,58.64133585628359,59.778318989907824,16454100
2020-01-15,59.373634338378906,59.681968405211464,58.80514271347537,59.29655265948677,7953400
2020-01-16,59.624149322509766,60.2022746941447,59.383263138389964,59.797587669126536,4950300
2020-01-17,59.76868438720703,60.20228029408149,59.61451736205521,59.86504107519681,5770000
2020-01-21,58.140289306640625,59.3639915580033,56.299919014572986,59.017114866198895,16592000
2020-01-22,57.46581268310547,58.50644285674648,57.38873100855714,58.41972367560973,7096400
2020-01-23,58.072845458984375,58.17883597494292,56.0686705133762,57.0322153120805,7774500
2020-01-24,56.666072845458984,58.01503340374464,55.73143318300336,57.90904288421274,10989500
2020-01-27,54.75825500488281,55.095494228527706,53.59236295535647,54.43064961235697,13090200
2020-01-28,55.384552001953125,55.85669054854701,54.68116477282343,55.45199984066203,6343700
2020-01-29,54.58481216430664,55.6928864337408,54.507726819146924,55.53871941905294,5662000
2020-01-30,55.018402099609375,55.09548744159352,53.621265194645154,53.621265194645154,5980700
2020-01-31,53.707984924316406,54.99913501090808,53.409284734472976,54.63298698394378,9320800
2020-02-03,53.99705123901367,55.16293955978503,53.9585085650299,54.15121825931706,7497600
2020-02-04,55.818145751953125,56.27101294516215,55.06658204886699,55.11475854959252,6880800
2020-02-05,56.74314880371094,57.13820199767129,56.46371994866712,56.82023414674293,6067000
2020-02-06,56.05903625488281,57.841592648630474,55.904869235291834,57.619977787695426,5210200
2020-02-07,55.80851364135742,56.12648519302026,55.423097922664226,55.84705631591626,3836800
2020-02-10,55.606163024902344,56.0012161996912,55.33637168864594,55.44236219235561,4541100
2020-02-11,56.52153396606445,56.94549232592201,55.85668942263593,55.981947591638175,4566500
2020-02-12,57.302001953125,57.73559410846024,57.022573120320956,57.12856362073843,5227500
2020-02-13,56.974403381347656,57.05148505175732,56.22283595997172,56.608255338914844,4353100
2020-02-14,56.7527961730957,57.30201647294361,56.44446209864186,57.08040158665692,3810100
2020-02-18,56.57935333251953,57.3020119516823,56.280653113371464,56.723882850973,5690600
2020-02-19,56.7665901184082,56.83450775036605,56.30089300590076,56.74718931045643,4399900
2020-02-20,56.640464782714844,57.23228933660171,56.388209873993446,56.46582790776358,5239400
2020-02-21,56.145668029785156,56.291200015812514,55.17546465902182,56.23298648119514,6295600
2020-02-24,52.614131927490234,53.7298673600949,51.750651461002704,53.19625621012273,17983100
2020-02-25,49.37363815307617,53.079813923152464,49.237810303025945,52.914881162671854,15836500
2020-02-26,48.11237716674805,50.2274204533686,47.53995712677219,49.90725161867276,15985900
2020-02-27,46.75409698486328,49.46096515481017,43.688254620299,45.327900611207376,21949100
2020-02-28,44.75548553466797,46.3660230902319,43.794982504666024,44.64876256455304,19851300
2020-03-02,45.75478744506836,45.84210589004305,43.00911403269865,44.84279767613527,20098700
2020-03-03,44.80398941040039,48.48106086476465,44.668161538381774,48.32582848231024,26344100
2020-03-04,47.05485916137695,47.190687028646764,44.64875546693964,46.08465587969908,20381800
2020-03-05,43.66884994506836,45.182368461503295,43.096429836387706,45.11445452496762,22918800
2020-03-06,44.52262878417969,45.53164110305271,41.59261437804756,42.174738577873626,25809300
2020-03-09,42.223243713378906,43.66884440898119,41.16572207720603,41.757546621444725,25784700
2020-03-10,44.115142822265625,44.512926005465914,40.22462572949608,44.21216166654602,28693300
2020-03-11,41.39856719970703,43.01880840688354,40.48657755861617,42.688939183334696,23542000
2020-03-12,32.70555114746094,37.624481400801194,32.46300033141445,36.35351749337791,36331900
2020-03-13,37.21699905395508,37.58567734299375,33.75337358078345,37.3916359434454,33052500
2020-03-16,34.74298095703125,36.945342857395715,30.299448136667174,31.822666997544022,35535400
2020-03-17,30.794254302978516,36.08186148383052,29.6882230691025,35.150467150148835,33097500
2020-03-18,22.790077209472656,28.90235962325902,18.530884956834193,28.90235962325902,64242500
2020-03-19,20.869075775146484,23.43041221041707,19.404068389664847,22.663952471293715,44623400
2020-03-20,20.713842391967773,26.049960945609698,20.626523940321437,22.47961223545398,55062900
2020-03-23,21.55791473388672,22.149739286179766,19.986186564589715,21.5094053134268,44426400
2020-03-24,26.088768005371094,28.11649319502081,23.78938705667828,25.477540697008063,65730300
2020-03-25,30.173324584960938,32.28836633562039,26.583571446202317,30.551703299670226,70733900
2020-03-26,30.755447387695312,34.82059815163222,29.513586415238688,31.638332301143457,57779500
2020-03-27,28.66950798034668,30.386768337681318,28.155301394054487,29.80464596309988,34960700
2020-03-30,27.815731048583984,28.41725795992405,25.225287943447746,27.641094143662155,29527500
2020-03-31,27.679901123046875,29.620307744628445,27.57317816669478,28.475467541812765,25002300
2020-04-01,23.15875244140625,25.797704620881525,22.98411555994909,25.797704620881525,56133000
2020-04-02,22.004213333129883,23.91551335843364,21.839278681671054,23.207265322970006,39407400
2020-04-03,21.810169219970703,22.945307127932203,21.10192127197757,22.343782132560133,48967800
2020-04-06,21.654937744140625,22.799777954536054,20.14142108743079,21.645235488906565,95093000
2020-04-07,21.58702278137207,25.079754927337696,21.24745126639338,24.458823575500237,98907200
2020-04-08,22.537822723388672,22.935605937322432,21.858681508375025,22.40199485048914,67565200
2020-04-09,23.663257598876953,24.769290605394563,22.654247141765,24.64316314168312,91692900
2020-04-13,22.557228088378906,24.31329564937273,21.42209008474952,24.235679454702176,76173000
2020-04-14,23.808792114257812,24.53644465784003,23.119946744064936,23.275179138654522,60843600
2020-04-15,23.62445068359375,24.740184106530158,22.61543836511899,24.167764012494658,88092500
2020-04-16,22.10123062133789,23.09083652637058,21.955698653950996,23.052029358779023,57610200
2020-04-17,23.546833038330078,23.87670228740266,22.887094540184904,23.430407835503825,52594500
2020-04-20,22.935606002807617,23.401305005036775,22.227358019929333,22.741566448185118,42950800
2020-04-21,22.411697387695312,23.061733695559536,22.120635277157245,22.33408119498836,38616700
2020-04-22,21.80047035217285,23.226670575087418,20.985499324940577,23.16845703705927,70143800
2020-04-23,21.810169219970703,22.275866348745705,21.74225528667217,21.975103851059668,43581800
2020-04-24,21.742252349853516,22.004207643349496,21.101918421651547,21.858677541579166,43694600
2020-04-27,21.499706268310547,22.74156723291376,21.34447387904965,22.149742592284067,50561700
2020-04-28,23.614749908447266,24.158063271396745,21.975105713429883,22.314677259216825,83972100
2020-04-29,26.505952835083008,26.77761041476529,24.740183193437826,24.92452233145494,81614900
2020-04-30,25.137968063354492,26.41863615936157,24.74018484718611,25.904429580201267,63570700
2020-05-01,23.40130615234375,24.643165284464096,23.013223323040066,24.206574877271567,45146100
2020-05-04,21.89748764038086,22.110933545403185,19.889167155405392,20.55860793390251,91387100
2020-05-05,21.063112258911133,22.79977701327641,20.86907271378853,22.334079884363092,51178700
2020-05-06,20.374269485473633,21.441493495292107,20.131718658265612,21.111624222247926,52949200
2020-05-07,21.034008026123047,21.82957444307708,20.39367399050073,20.44218341572341,48328200
2020-05-08,22.04301643371582,22.23705781740718,21.39298020402028,21.693744533793463,43175900
2020-05-11,21.354177474975586,21.839279184492025,20.907882939952056,21.44149593072984,39151900
2020-05-12,20.40337371826172,21.732551050082478,20.40337371826172,21.441490833768427,37466300
2020-05-13,18.831645965576172,20.34516260030359,18.52118120465936,20.34516260030359,72264900
2020-05-14,18.802541732788086,18.957775984670747,16.98826234787393,18.239823815205597,88506300
2020-05-15,18.618202209472656,19.064494847958233,18.065186613733584,18.404756294965665,46861800
2020-05-18,21.20864486694336,21.286261057423282,19.93767720337519,20.28695098579282,74367700
2020-05-19,21.111621856689453,21.897485930642855,20.684731930491914,21.897485930642855,70906400
2020-05-20,22.04301643371582,22.411694692626252,21.480298641629812,21.67434002532117,50857000
2020-05-21,22.46990966796875,22.974415859256904,21.994510243664315,22.09153094976066,46567200
2020-05-22,22.013916015625,22.702759552375532,21.567621482230948,22.547527153938336,37139300
2020-05-26,24.885713577270508,25.099159481617136,23.556536129820536,23.750575674071424,78557100
2020-05-27,25.53575325012207,27.020165121691356,23.99312969256462,26.84552821321072,92712000
2020-05-28,24.895418167114258,25.57456126198198,24.20657466706265,25.467838299798636,53868100
2020-05-29,24.458826065063477,24.846908893406695,23.643856936884497,23.886407779340974,50424400
2020-06-01,25.390220642089844,25.962640741799476,24.33269888842398,24.575249715402098,46510800
2020-06-02,25.62307357788086,26.17608926149442,25.16707861168567,25.885028959755576,43200400
2020-06-03,27.621686935424805,27.747814399118333,25.90442852253869,26.20519102358985,65011100
2020-06-04,31.415189743041992,31.832377535848,28.34934504139039,29.36805980648986,134626500
2020-06-05,33.142147064208984,36.1303752286942,32.45330355782269,36.091566205537525,130685400
2020-06-08,35.86842346191406,35.975146435754525,34.32579979693043,35.538554134149244,82137300
2020-06-09,33.15184020996094,33.69515531208391,31.67713466325678,33.47200902934537,60254500
2020-06-10,30.697233200073242,32.0070099345838,28.873251728288658,31.279357426866394,90379400
2020-06-11,26.3895320892334,28.68891301240007,25.807409704078122,25.85591913179271,88001500
2020-06-12,29.523283004760742,29.824045471818128,27.89334136952018,28.99937240035526,68352400
2020-06-15,29.55239486694336,30.047198826206458,27.165695375750197,27.456755657426775,64288700
2020-06-16,30.36736488342285,32.036115871990916,29.697925887350205,31.657737148078894,63426700
2020-06-17,29.804643630981445,30.231533585673855,29.18371413362221,29.921068836994237,37722100
2020-06-18,29.872562408447266,30.221834360465685,28.718019889359688,28.989675646427784,40662600
2020-06-19,28.630701065063477,30.58081001956976,28.155301645882744,30.57110776401309,48103900
2020-06-22,28.436660766601562,28.950869228110303,27.70900822605023,28.16500500245937,42192700
2020-06-23,28.756824493408203,28.766526748225026,27.87393966075205,28.650103391454923,33475000
2020-06-24,26.52535629272461,28.126191242253036,26.127573118918026,27.893342690550337,45272500
2020-06-25,27.17539405822754,27.320924179928173,25.4872405753652,25.729791395038223,37309400
2020-06-26,26.108171463012695,27.262713943890517,25.458135157873283,27.185097751508913,45683400
2020-06-29,27.75752067565918,27.961262507353172,25.788007050036345,26.389533989805802,38727300
2020-06-30,27.214200973510742,27.806025560163075,26.777610612477215,27.50526306471564,27054800
2020-07-01,26.874631881713867,28.96056858577101,26.67088822848109,28.15529992883673,39305300
2020-07-02,26.89403533935547,27.873940913711635,26.777611977352027,27.689603615453525,29240100
2020-07-06,27.592580795288086,27.776918079395497,26.467145179564,27.398539406156694,27345200
2020-07-07,26.205190658569336,27.1171822544745,26.059660537540484,27.029863811754012,24598100
2020-07-08,26.205190658569336,26.467145986730802,25.419326524600823,25.85591688768738,27214100
2020-07-09,24.885713577270508,26.117872177852977,24.468525873883067,25.991746566615696,31219800
2020-07-10,26.282804489135742,26.447739104979405,24.400609787834334,24.546139895810338,31349400
2020-07-13,26.02085304260254,26.79701681774987,25.526049121706563,26.418636260290597,34133100
2020-07-14,25.332008361816406,25.952937872009677,24.701374746195967,24.8760116335668,42273300
2020-07-15,27.747814178466797,28.01946991254018,26.117872371962893,26.68059020034963,47726600
2020-07-16,26.447742462158203,27.11718326444304,26.23429840006731,26.73880271505633,25914200
2020-07-17,26.243999481201172,26.90373804532651,26.13727837266278,26.5156570812869,20920100
2020-07-20,25.438730239868164,26.602974957468323,25.254392942485648,26.195489491359865,21574500
2020-07-21,25.642475128173828,26.146981320034627,25.564858933311864,25.71038906736354,20930300
2020-07-22,25.46783447265625,26.020850010837115,25.332006614300465,25.44842996417234,16710800
2020-07-23,25.98204803466797,26.87463524756104,25.011844622850113,25.225288707264227,28110700
2020-07-24,25.186479568481445,25.846218181612404,25.108863369908164,25.69098578446584,16774900
2020-07-27,24.740184783935547,25.380518830302012,24.61405916593075,25.176777020329038,18849800
2020-07-28,25.16707420349121,25.51634613429707,24.584951851460186,24.59465410655423,18615600
2020-07-29,24.953630447387695,25.409627223606787,24.623761147767286,25.24469257379658,14459700
2020-07-30,24.19687271118164,24.623760864172386,24.08044749185575,24.49763523954241,16844000
2020-07-31,24.225975036621094,24.264784055750265,23.702066231988447,24.061040406353875,17106500
2020-08-03,24.449125289916992,24.720781045027955,23.653556984262778,24.109553745512248,16590400
2020-08-04,24.905122756958008,25.438733916853405,24.555848921089755,24.691678663103094,17233600
2020-08-05,25.68128204345703,26.23429950814726,24.982736296686898,25.43873120562512,27782100
2020-08-06,26.273103713989258,26.486547761000097,25.351409894070617,26.09846683438229,30682500
2020-08-07,26.37012481689453,26.389529326155063,25.681279542272478,25.90442769773689,15254500
2020-08-10,28.465770721435547,28.533684670074738,26.56417090695668,26.641787112618083,34084900
2020-08-11,28.756824493408203,29.901664654570926,28.55308269380258,29.872559740636344,37293000
2020-08-12,28.223215103149414,29.37775758748773,27.51496711422998,29.144909009645012,26590000
2020-08-13,27.84483528137207,28.698613365968264,27.64109162733916,27.74781458185716,15767700
2020-08-14,28.087383270263672,28.32023181529034,27.311219602992367,27.456749712319567,13107800
2020-08-17,27.18509864807129,28.174706521460894,26.932845551882796,28.174706521460894,14569000
2020-08-18,26.806716918945312,27.43735055739508,26.554465684184574,27.165692961593397,14222500
2020-08-19,26.845523834228516,28.252319278168184,26.738800885228507,26.923140019724205,21082100
2020-08-20,26.797016143798828,26.961950779949344,26.214893789707837,26.699995443031003,14010200
2020-08-21,26.45744514465332,27.029865255045625,26.360424441948258,26.738803146930426,10897500
2020-08-24,28.91205406188965,28.91205406188965,26.71939650065432,26.835819846118927,34251000
2020-08-25,29.20311737060547,29.377754246757444,28.45606044507348,29.106096678241503,31001900
2020-08-26,29.057594299316406,29.319547826512032,28.737427232285093,29.115805988635852,18877300
2020-08-27,29.90166664123535,31.250248691603385,29.707627083554577,29.89196438577391,31795200
2020-08-28,31.03680419921875,31.03680419921875,29.814347785509014,30.318853959519252,20469700
2020-08-31,29.930768966674805,31.05620267547674,29.882257696565407,30.862163146586365,18262700
2020-09-01,29.794944763183594,30.668129281248305,28.863550411269344,29.125505766688757,20041500
2020-09-02,30.21213150024414,30.367363887038618,29.241928157520658,29.494181248690683,16307700
2020-09-03,30.289749145507812,31.56071506725179,29.562096603586923,30.687532387049945,29474900
2020-09-04,30.823360443115234,31.405480964571957,29.697924720875434,30.84276495396806,25878700
2020-09-08,31.570415496826172,32.113726962855566,30.40617082514181,30.46438250357126,28129400
2020-09-09,30.813655853271484,31.47339251764239,30.38676589943018,31.211437192522784,19362700
2020-09-10,30.842761993408203,31.735347200767922,30.72633678998277,31.221140666138155,17711300
2020-09-11,30.755447387695312,31.172635130415745,30.4061735843915,30.862168499414544,14344100
2020-09-14,31.842069625854492,31.919687660538415,31.056203679321968,31.327863099684098,16333000
2020-09-15,32.511512756347656,33.45261119383393,32.113729529343615,32.21075208533978,22656400
2020-09-16,33.5399284362793,33.94741575472948,32.20104681998863,32.79287143664726,26009000
2020-09-17,32.94810104370117,34.025027229048305,32.63763630391139,32.957805148649896,26014800
2020-09-18,31.86147689819336,33.006317101863594,31.609225665653508,32.23015519285799,35079200
2020-09-21,28.93146324157715,30.270344884236685,28.543382276500477,30.231535862471013,34449900
2020-09-22,29.319543838500977,29.630010457179928,28.834442175617344,28.921760622977676,18035300
2020-09-23,28.67920684814453,30.10540677497954,28.61129291839349,29.532986723483926,17358100
2020-09-24,28.145599365234375,28.63070103953931,27.08807756720833,28.25232232574659,22257800
2020-09-25,28.89265251159668,28.902354765843064,27.92244929314769,27.96125645961744,21831500
2020-09-28,30.406171798706055,31.007696812940804,29.241927089744163,29.688221573368736,22098400
2020-09-29,29.69792366027832,30.183025311178568,29.397159304348687,30.17332305609865,14785600
2020-09-30,29.6688175201416,30.900976183512856,29.5717968178142,30.06660073421957,16664100
2020-10-01,30.173324584960938,30.425577678272475,29.66881839833786,30.0666016241902,12501900
2020-10-02,30.803956985473633,31.337568098558872,28.72772236664937,28.8635502462312,27126000
2020-10-05,31.0465030670166,31.463690748062163,30.58080596513514,31.386072713899466,14807100
2020-10-06,30.1345157623291,31.745055038068067,29.9889856288241,31.65773658786186,20317100
2020-10-07,31.19203758239746,31.395779387195436,30.697231826708812,31.25995151733012,15416600
2020-10-08,31.70624351501465,32.016708268811485,30.968888799489203,31.715943919369387,18123800
2020-10-09,31.83237075805664,32.27866337592956,31.327864611361775,31.735348210020064,16730600
2020-10-12,31.667436599731445,31.832373092975907,31.337567314274576,31.706245621792736,12065800
2020-10-13,30.823360443115234,31.42488547542478,30.54200058729728,30.94948606262659,22421200
2020-10-14,30.813655853271484,31.356969162377588,30.706932902182192,30.82335810796286,16497900
2020-10-15,30.406171798706055,30.522595159292674,29.77554001906668,30.44497896872961,11922300
2020-10-16,30.532299041748047,30.81365890410763,30.30915271330041,30.464385102700163,11143600
2020-10-19,30.561405181884766,31.308462197121347,30.377066029309866,30.75544658991266,14588700
2020-10-20,31.027101516723633,31.444289237545537,30.648722816683286,31.017399261528244,14244300
2020-10-21,30.561405181884766,30.988295169236526,30.43527956202784,30.939783891971548,11292300
2020-10-22,32.71525573730469,32.80257418041618,30.774847329672866,30.92037930186928,25713700
2020-10-23,32.986907958984375,33.025716974242485,31.919685946606265,32.52121087898131,15247300
2020-10-26,30.978593826293945,32.50181281747827,30.590512849322792,32.50181281747827,16558300
2020-10-27,29.794944763183594,31.10472154028066,29.775542102072443,30.803957161606778,13442000
2020-10-28,28.766525268554688,29.25162688134824,27.88364048131168,28.87324821553432,22720900
2020-10-29,29.843454360961914,29.98898448893528,28.465765571816505,28.582188933988803,16962300
2020-10-30,29.72702980041504,30.06660134014628,29.09639799835189,29.610606435688684,15229400
2020-11-02,29.319543838500977,29.717327054024274,28.785932749535373,29.70762664922067,14200900
2020-11-03,29.979278564453125,30.425572999533482,29.727025509932187,30.018087580771308,14257900
2020-11-04,29.523283004760742,30.377060987235666,29.21281828386077,29.9889800861107,12348500
2020-11-05,31.027101516723633,31.298757260130667,29.882261310891234,29.93077258686818,13145100
2020-11-06,30.483789443969727,30.89127492650019,30.10541072823288,30.72634028236843,11821100
2020-11-09,35.67437744140625,37.5371660873961,33.64665230222218,36.28560658507319,58086400
2020-11-10,35.936336517333984,36.06246030053289,34.62655964500647,35.024342909706135,28449400
2020-11-11,33.97651290893555,35.69377283514714,33.6951531224929,35.548240890150986,20970400
2020-11-12,33.355594635009766,34.490730860564945,33.006320811444375,33.07423475480072,21676300
2020-11-13,35.37360763549805,35.57734941839659,33.811579897879625,33.90860243809189,20832400
2020-11-16,36.867733001708984,37.498366757151274,36.13037997012916,37.28492080281093,25376600
2020-11-17,36.47964859008789,36.916240886989215,35.567658670697064,36.28561085904951,16952700
2020-11-18,36.78041076660156,38.128992901193286,36.7610062544668,36.95504767478216,21199200
2020-11-19,36.78041076660156,36.993856699051676,36.363223008284834,36.4699459745099,13981600
2020-11-20,36.02364730834961,36.95504152974861,35.86841493811644,36.85802268623975,12490500
2020-11-23,37.634185791015625,37.692395618647275,36.314708749565554,36.673682923743904,14802900
2020-11-24,40.03058624267578,40.059694858168854,38.235711630951094,38.856641146336244,23818000
2020-11-25,40.059696197509766,40.253737602813096,38.85664244545471,39.58429493956821,14588900
2020-11-27,39.8365478515625,40.93287488888211,39.56488841753567,40.54479579903658,10516600
2020-11-30,39.05068588256836,39.82684784313347,38.177501363787506,39.32234164350811,16732600
2020-12-01,38.769325256347656,39.83655116963595,38.73051623382108,39.5745958191297,13184200
2020-12-02,39.84625244140625,40.049994262554016,37.89614527993217,38.623797813487485,12937300
2020-12-03,41.670230865478516,42.45609313946013,40.32164892273956,40.45747678732741,24526800
2020-12-04,41.09781265258789,42.194143425144006,40.81645280547521,41.912783578031316,18453400
2020-12-07,41.08810806274414,41.55380890125112,40.49628716166224,41.136621188319516,13169100
2020-12-08,41.14632034301758,41.60231706214608,40.525390845244495,40.70002772912214,11530300
2020-12-09,40.85526657104492,42.1844442189417,40.09850908846655,41.767256452640204,16348300
2020-12-10,41.35006332397461,41.476190788391975,39.84624895957262,39.9335674040105,10680700
2020-12-11,40.49628829956055,41.165727259548014,39.914164085585746,40.75823993966245,12223100
2020-12-14,39.477569580078125,41.11721546906383,39.45816507062502,40.991088008134525,12445200
2020-12-15,40.60301208496094,40.68063013589447,38.96336961983004,39.972382075771684,11433200
2020-12-16,39.85595703125,40.5642050617116,39.448469682979145,40.50599152594941,11010600
2020-12-17,39.88505935668945,40.185820019335296,39.39995769329217,40.069396656408905,9656700
2020-12-18,39.46786880493164,39.80743846459018,39.07978602158042,39.66191019660725,14312400
2020-12-21,38.94396209716797,39.14770391357298,37.99316325291248,38.38124607552096,16976800
2020-12-22,37.77971267700195,39.283530653608686,37.682693833815804,39.225317127078014,13461200
2020-12-23,39.040985107421875,39.264131437655934,38.012568206270345,38.12899157399417,12659700
2020-12-24,38.546180725097656,39.235024252408614,38.420053246523224,39.21561974024083,5176400
2020-12-28,38.95366668701172,39.564892143816714,38.817835106689586,39.070090054827126,10654400
2020-12-29,38.83723831176758,39.623104345409125,38.711114542973455,39.623104345409125,8142800
2020-12-30,39.351444244384766,39.691013893636935,38.70140615734712,38.80812910454969,8504600
2020-12-31,39.01186752319336,39.526077706098654,38.57527536828558,39.09918595417492,8705700
2021-01-04,37.57597351074219,39.13800142197092,37.18789440985483,38.97306493579408,15123400
2021-01-05,38.371543884277344,38.89545461063435,37.30432162039361,37.3431306447976,12317200
2021-01-06,39.17680740356445,39.68131352651398,38.361836543573915,38.45885538601238,12881100
2021-01-07,39.03127670288086,39.72982423436098,39.01187219355844,39.244722604395726,9136300
2021-01-08,38.82753372192383,39.47756810974964,38.58498291434137,39.205912389587404,9497500
2021-01-11,38.2357177734375,38.79843755029993,37.74091564294851,37.91555255983461,11748800
2021-01-12,39.09918975830078,39.205912706665245,37.9931586589448,38.50736519084814,9725000
2021-01-13,39.244728088378906,39.52608796132306,38.449161600147484,38.81783622569613,10852500
2021-01-14,40.23432922363281,41.36946522881075,39.8947558717441,39.9820743106833,17658300
2021-01-15,38.78873062133789,40.428372998336755,38.769326109647515,40.428372998336755,15465500
2021-01-19,39.108890533447266,39.43875975438274,38.614084851528396,39.108890533447266,11530700
2021-01-20,40.37986373901367,40.52539572678588,39.293236987019675,39.47757429730324,11335700
2021-01-21,39.45816421508789,40.1955207541914,38.973062592373566,40.079097401028825,11134200
2021-01-22,38.808128356933594,39.07008366746668,38.62379107960951,38.808128356933594,11310100
2021-01-25,37.74090576171875,38.56557699696452,37.2752049712628,38.44915364986627,15964900
2021-01-26,38.14839553833008,38.45886031516236,37.818526250316765,38.090182004786996,10599400
2021-01-27,37.37223815917969,38.061081735565566,37.022964317341064,37.47896113318954,16953400
2021-01-28,38.8857536315918,39.167109801790794,37.82823178888845,38.371543318402836,21654000
2021-01-29,36.82891845703125,38.643201395106054,36.61547623569404,38.09988618408972,17989700
2021-02-01,36.693092346191406,37.29461741879211,36.305009505204474,37.207298964621664,10332900
2021-02-02,37.643882751464844,37.721500782581934,36.858020542077185,37.40133195577109,11854300
2021-02-03,38.594688415527344,38.71111548328661,37.546870712918576,37.71180350736273,12416000
2021-02-04,39.71042251586914,39.84625038964026,38.74991959258026,38.759623698439334,11431800
2021-02-05,39.923866271972656,40.16641709087642,39.53578348131392,40.14701258124031,10111900
2021-02-08,41.95159149169922,42.16503369678099,40.12760828744313,40.31194557843007,18296300
2021-02-09,41.24333953857422,41.67993175196718,40.564200207776025,41.67993175196718,10432100
2021-02-10,41.621726989746094,41.93219177904782,40.903774851340714,41.563513453864935,12011100
2021-02-11,41.447086334228516,41.85456994544288,40.74853877096744,41.427681824023274,8549200
2021-02-12,42.00010681152344,42.63073681197425,41.146326768247036,41.24334562953721,11490100
2021-02-16,43.319580078125,43.47481246257272,42.475500517973025,42.67924602964914,13775500
2021-02-17,43.067325592041016,43.17404855141188,42.24265423495495,42.96060263267015,10934400
2021-02-18,43.057621002197266,43.2225537771713,42.07771365324352,42.49490134421881,8747800
2021-02-19,44.30918502807617,44.84279982911452,43.2225583170229,43.29047225514923,14587700
2021-02-22,46.3175048828125,47.472045420417764,45.08534630854552,45.35700203479812,21573500
2021-02-23,46.899627685546875,47.423538355967736,44.338291564865166,46.69588588072717,19193800
2021-02-24,48.1220817565918,48.70420595185209,47.17128297546835,47.47204732807109,17020900
2021-02-25,46.81231689453125,48.510172947700774,45.82270892227425,48.48106802826255,15729800
2021-02-26,46.51155090332031,47.675795754557875,45.87121679029451,46.27870415369222,14828000
2021-03-01,46.627967834472656,48.47135172192681,46.627967834472656,47.995954219264576,13812900
2021-03-02,46.792911529541016,47.229503818330315,45.96824008485311,46.66678404588357,11566800
2021-03-03,46.90932846069336,47.62728053705678,46.70558665426403,47.17128379797331,13642700
2021-03-04,45.56074905395508,46.96754467099698,43.969616130251126,46.88022622025556,18062500
2021-03-05,44.833091735839844,45.59955319913678,41.72844056505397,45.512234757735456,20611800
2021-03-08,46.45334243774414,46.7832117603154,45.30850206535167,45.531648415762746,17273000
2021-03-09,46.201080322265625,46.6473766551031,44.95922127688248,46.53094959382451,11710100
2021-03-10,46.37571716308594,47.132478256452224,45.7547876410647,46.23018888819265,10719300
2021-03-11,46.88022232055664,47.50115182927419,46.1622739639889,46.77349936730235,11318600
2021-03-12,48.34523010253906,48.374335015936815,46.64737440174483,46.90932602438803,15891800
2021-03-15,49.47066879272461,50.722228259640445,49.23781836804727,49.34454132514806,19673700
2021-03-16,47.9183349609375,49.616190543402155,47.56906122037974,49.519171704816756,14281500
2021-03-17,48.937049865722656,49.1310912530269,47.54965894289004,47.56906345172363,13694400
2021-03-18,47.714603424072266,49.46096880079102,47.47205257449932,48.58778796294777,13410100
2021-03-19,47.53995895385742,47.74370074684064,46.40482293492378,47.57876797186327,12123600
2021-03-22,46.54065704345703,47.17128701605083,46.327211116808456,47.08396856433389,10911100
2021-03-23,44.28007888793945,46.404826525255224,44.09574158969702,45.61896050447696,13616800
2021-03-24,44.2509765625,45.98764149343352,44.20246713391633,45.15326599807855,12120800
2021-03-25,45.60926055908203,45.813006087445864,43.193456146934196,43.45541151108859,14469100
2021-03-26,46.239891052246094,46.511546803209185,45.172668858292226,46.08465866583404,12361400
2021-03-29,45.91001510620117,46.66677241751314,45.318190562316076,46.2398843420864,9824200
2021-03-30,47.44294738769531,47.57877527052033,46.007043109462245,46.27870257614451,10787500
2021-03-31,46.84141159057617,47.55936362195949,46.676478815047055,47.345917723244945,9469200
2021-04-01,47.375030517578125,47.74370511930266,46.84141572370736,47.14218008924979,9570000
2021-04-05,48.75271224975586,49.4609601626932,47.995954915582296,48.10267786292095,14599900
2021-04-06,50.11100387573242,50.26623626173279,49.03407757865337,49.18930996465373,14652500
2021-04-07,48.7042121887207,50.275940685232314,48.539275683581366,50.25653617280226,12244300
2021-04-08,48.32582473754883,48.71390381309669,47.67578664193289,48.267611210752406,13546900
2021-04-09,47.801918029785156,48.32582871093433,47.375029901273955,48.32582871093433,9785400
2021-04-12,47.36532974243164,47.675794534680165,46.734696051346184,47.59818018713417,11070300
2021-04-13,46.8220100402832,47.054860462779864,45.182367781271225,46.03614772904977,18287600
2021-04-14,46.73468780517578,48.025059877365834,46.49213699771434,47.607872192449626,12520400
2021-04-15,45.4249153137207,47.588468090653315,44.77488092066083,47.40413080777775,22267900
2021-04-16,45.25028610229492,46.01674767854917,44.959225821739416,45.59955991937444,12236400
2021-04-19,44.77488327026367,45.08534802667847,44.27037711583167,45.046539006868656,9579400
2021-04-20,43.12553787231445,44.16365511799468,42.45609521971354,44.144250607669676,15627800
2021-04-21,44.338294982910156,44.377104006162426,42.04861442547628,42.688948505010146,16267100
2021-04-22,43.319580078125,44.94952196534208,43.300175567440036,44.687566622643054,17303200
2021-04-23,44.4353141784668,44.57114205985218,43.12554109249957,43.47481490236608,9162700
2021-04-26,45.22117614746094,45.69657368917391,44.7457749047161,45.11445319290402,11260000
2021-04-27,44.95922088623047,45.34730368505659,44.71667006222211,45.26968564487862,8151600
2021-04-28,45.056243896484375,45.357008278402596,44.71667419192526,44.87190658558546,7209200
2021-04-29,44.9980354309082,45.60926091770892,44.68757063414305,45.51224205660693,8222300
2021-04-30,45.52193832397461,45.67717440927723,44.53233418739428,44.65845795515468,9175200
2021-05-03,45.182369232177734,45.82270328831622,44.70697166831917,45.78389426648188,9382600
2021-05-04,43.32928466796875,45.027140656056915,42.76656860788206,44.87190825661587,14790400
2021-05-05,43.85319519042969,44.44501986698946,43.23226559568904,43.36809348190952,10700100
2021-05-06,43.59123229980469,44.15394826002581,42.8441753535027,43.81437860308476,9665700
2021-05-07,44.7360725402832,44.96891924817712,43.43600003460849,43.53301887939234,11195100
2021-05-10,44.07633590698242,45.376408467935995,44.05693139699424,44.92041173579328,9054200
2021-05-11,43.193450927734375,43.7076574872567,42.3105660816138,42.93149559523286,14139100
2021-05-12,41.74784851074219,43.406899033927964,41.66053006215346,42.82477480965912,12187300
2021-05-13,42.65983200073242,42.97999710301934,41.66052027909845,42.106816523211336,11778100
2021-05-14,44.930118560791016,45.05624233180034,43.474813532878485,43.60093730388782,11537500
2021-05-17,45.35700988769531,45.43462793779544,43.91140516335518,44.62935732265207,11077700
2021-05-18,45.33760452270508,46.37572186656487,45.00773521804659,45.55105045543477,10684000
2021-05-19,44.76517868041992,44.910710652616075,43.785274997532106,44.5420323704758,11545800
2021-05-20,44.05693054199219,44.98832479715861,43.57182890479737,44.96892028754701,12341700
2021-05-21,43.862892150878906,44.62935367838583,43.76587329720827,44.33829341634189,9894400
2021-05-24,44.794281005859375,44.90100395249831,43.66884541581246,44.21216055277812,8409100
2021-05-25,45.27938461303711,46.72498910672363,45.1241522386373,45.99733665778107,14657000
2021-05-26,46.07495880126953,46.152573144869834,45.415220226022626,45.648066957855605,9746200
2021-05-27,46.61827087402344,46.76380285895521,45.84210892346224,46.56976144605689,8680700
2021-05-28,46.259300231933594,46.627978574758394,45.84211245740268,46.618274467797725,8370300
2021-06-01,46.2786979675293,47.09366888435361,46.01674263343949,46.69588568096507,11986200
2021-06-02,46.346614837646484,46.84141692157872,46.00704144186011,46.569761165775304,9108600
2021-06-03,44.75548553466797,45.96823982955142,44.6972719961419,45.9488353167094,11555600
2021-06-04,44.60994338989258,45.337595801278226,44.31888316554463,45.15325852276522,7699400
2021-06-07,44.70696258544922,44.99802278800959,44.52262161970367,44.619644154577976,6120200
2021-06-08,45.638362884521484,45.968232145631056,44.99802887190075,45.85180508804054,10714100
2021-06-09,45.133853912353516,45.987633776072315,45.0950448955864,45.93912065459765,6741200
2021-06-10,44.90100860595703,46.026444312642056,44.61965245505975,45.79359758769037,9780800
2021-06-11,45.11445617675781,45.24058364966999,44.62935449743784,44.697268436460064,8216100
2021-06-14,44.53233337402344,45.39581372707213,44.357696482279664,44.94952109307445,11184200
2021-06-15,44.17335891723633,44.90101145569833,43.959916689322704,44.54203723967942,7898500
2021-06-16,44.16366195678711,44.619658767456514,43.78528319943696,44.212171389595404,8565500
2021-06-17,43.241966247558594,44.677866868828225,42.93150144842096,44.17336064497149,10144600
2021-06-18,43.620338439941406,44.0278257407644,42.64043475875414,43.11583229184387,15219300
2021-06-21,44.406211853027344,44.41591225896437,43.48451784564895,43.69796378658755,9861400
2021-06-22,44.018123626708984,44.42561094596588,43.533021966327695,44.406206435426796,8499800
2021-06-23,43.921104431152344,44.250973705670084,43.668849497151285,44.008422877378564,7406100
2021-06-24,43.571834564208984,44.28008260238177,43.26136977216153,44.2121686604359,9300300
2021-06-25,43.106136322021484,43.63974743898962,42.941199823448976,43.581533904017185,23930400
2021-06-28,41.83515930175781,42.78595795622602,41.31125240715423,42.78595795622602,17441500
2021-06-29,41.59261703491211,42.184441677075675,41.53440720193347,41.71874450808601,9477800
2021-06-30,41.97099685668945,42.29116575061666,41.534408293744654,41.553812805591654,7845500
2021-07-01,42.912086486816406,43.09642375984592,42.203838604926474,42.203838604926474,9873800
2021-07-02,42.834476470947266,42.980004742934746,42.417288762725875,42.77626294153318,5759900
2021-07-06,41.95159149169922,43.21285501657655,41.71874107584516,42.98970870610864,7881000
2021-07-07,41.2724494934082,42.17473886336944,40.70002939527185,41.67023270051775,11858300
2021-07-08,40.81645584106445,41.524703863308964,39.89476189120055,40.47688613897194,10363900
2021-07-09,41.6411247253418,41.912784171692046,41.039599703123315,41.204536192089385,7707100
2021-07-12,41.57320785522461,42.087418095330776,40.77764148490755,41.107510738529136,10626000
2021-07-13,40.09850311279297,41.28214859101716,39.96267154549217,41.03959777238482,14610400
2021-07-14,39.46786880493164,40.94257820022188,38.92455364844628,40.29254009326335,31085700
2021-07-15,40.11790466308594,41.010493616691875,39.467870233628524,39.962672284332534,20896300
2021-07-16,38.86634826660156,40.79705089694713,38.652902341244555,40.58360867262225,16726600
2021-07-19,37.41104507446289,37.83793324537238,36.44084165791488,37.129685195416215,27073800
2021-07-20,39.448463439941406,39.60369580970824,37.28491066711485,37.4789520545813,17690600
2021-07-21,40.37016296386719,40.942583102278675,39.77833831386166,39.7880387191426,19145300
2021-07-22,39.8365478515625,40.32164948964325,39.20591424164481,40.10820358455755,10850600
2021-07-23,39.20591735839844,40.38956663374223,39.118598908561076,40.088802261850844,10101600
2021-07-26,40.428367614746094,40.45747622892153,39.108894304796095,39.13799921793985,10014900
2021-07-27,39.739532470703125,40.25374281651271,39.29323977142363,40.12761533157461,10508200
2021-07-28,40.069393157958984,40.408966513308194,39.41935876225634,40.137307088822496,7538600
2021-07-29,40.0014762878418,40.389559036573196,39.729820584348644,40.20521806546166,8357400
2021-07-30,38.71111297607422,39.83654865096445,38.56558100131688,39.438765447797174,12202300
2021-08-02,38.27451705932617,39.74922637049843,38.22600763943219,38.84693709655072,11084800
2021-08-03,38.584983825683594,38.66259816140673,37.40133467239436,38.3230285031836,14670600
2021-08-04,37.20729446411133,38.30362521141229,36.77070594710012,37.98346005220195,23023700
2021-08-05,38.79842758178711,38.963360349229646,37.32371827422081,37.343122782337254,15652400
2021-08-06,39.11859893798828,39.46787273760048,38.303627972570524,39.33204486020286,11716100
2021-08-09,38.11928939819336,38.82753737891708,37.59537871622285,38.82753737891708,10985000
2021-08-10,39.254425048828125,39.807440639649506,38.0416709108809,38.177498782165884,13745300
2021-08-11,40.069393157958984,40.069393157958984,38.497664942068,38.80812968345309,12452000
2021-08-12,39.32233810424805,39.904462298051136,38.85664096982468,39.778334834239025,9802100
2021-08-13,38.71111297607422,39.36114740765144,38.604390021389754,39.10889617924149,7211800
2021-08-16,38.74021530151367,38.82753374032601,37.72150264939085,38.27451819485843,10923400
2021-08-17,37.624481201171875,38.284219713400404,37.13937957165277,38.080477917249986,11442000
2021-08-18,37.49835968017578,38.2939261039847,37.255808850940575,37.53716500006914,8612300
2021-08-19,36.79981231689453,37.381932829956234,36.198287293259845,37.28491397812327,12294000
2021-08-20,36.98414993286133,37.11027740215106,36.62517573676347,36.85802616460359,8213100
2021-08-23,38.04167175292969,38.1580988174927,37.478955745003105,37.63418813005513,8584700
2021-08-24,39.32233810424805,39.652207370426915,38.63349465756131,38.67230367735454,10805000
2021-08-25,40.069393157958984,40.20522101968601,38.963362054145634,39.380549744325286,12455900
2021-08-26,39.55519485473633,40.24403841170647,39.0797935387373,39.88506417372705,10032900
2021-08-27,40.2828369140625,40.505983203755825,39.603693940499824,39.63279885188503,7936100
2021-08-30,38.72081756591797,40.55450140069801,38.691712648233285,40.50599197087946,11882100
2021-08-31,39.235023498535156,39.38055548648107,38.439457020103795,38.54617998445984,8627200
2021-09-01,39.19621658325195,39.37085348127786,38.691710400180675,39.36114937525862,8434600
2021-09-02,39.603694915771484,39.83654531568164,38.67230071819397,39.2447207627319,9345500
2021-09-03,39.05068588256836,39.96267572360335,38.95366702538478,39.58429699914236,6644300
2021-09-07,39.147708892822266,39.31264540877059,38.65290674704239,38.98277607790649,8233900
2021-09-08,38.468563079833984,39.70071803809018,38.420049953057074,39.19621556910425,7156100
2021-09-09,39.865657806396484,40.52539641369059,38.27452482446326,38.439457625770665,15509400
2021-09-10,38.18720245361328,39.904462737543085,38.17749834804218,39.826844697101755,12501200
2021-09-13,38.98276138305664,38.98276138305664,37.64388005060006,38.517064332861125,11556300
2021-09-14,38.26481628417969,38.982768344587235,38.05137407786811,38.652899079161905,8837700
2021-09-15,38.4588508605957,38.517064379827815,37.66328460291272,38.080472238164916,8175800
2021-09-16,39.02158737182617,39.458176001859556,38.49767657454679,38.682013913871266,9485200
2021-09-17,38.914852142333984,39.76863202091026,38.60438740485745,39.34174023110632,11011500
2021-09-20,39.56488800048828,39.623101528815795,38.24541096665197,39.341741693447105,16633900
2021-09-21,39.157405853271484,40.49628744606009,38.94395994254278,39.826844799149846,11837600
2021-09-22,40.35076141357422,40.70003524583539,39.467876426928456,39.467876426928456,11599300
2021-09-23,41.32095718383789,41.49559406753357,40.47688137999663,40.6515182636923,12651000
2021-09-24,42.232948303222656,42.43669380822801,41.39857287624719,41.563509361153244,13478500
2021-09-27,42.47549057006836,43.7173530558337,42.44638566137337,42.59191760691053,14467500
2021-09-28,42.1456298828125,42.89268686551117,42.01950611896488,42.359075792449794,9434700
2021-09-29,42.068016052246094,42.67924517294119,41.47619144184645,42.3881812195413,9141100
2021-09-30,41.340362548828125,41.79635927691873,41.10751213207093,41.77695476710298,9789200
2021-10-01,44.02783203125,44.289787397556324,42.58222731371487,42.64044085101594,19205700
2021-10-04,43.620338439941406,44.629350736136466,43.4748101690296,44.42560893624086,13342500
2021-10-05,43.40689468383789,44.20246104634755,43.135235259324396,43.64944549438429,9596000
2021-10-06,42.70835494995117,42.82477832394606,41.93219295493134,42.40759055767934,10145800
2021-10-07,42.378482818603516,43.25166731802433,42.223250429932264,43.19345378438558,8881200
2021-10-08,42.08742141723633,42.49490503862014,41.80606156378638,42.48520463379137,7340600
2021-10-11,41.903079986572266,42.63073247532447,41.44708694365594,41.70904228373057,9085700
2021-10-12,42.242652893066406,42.5046082301921,41.49559590223357,41.75755123935926,10515200
2021-10-13,39.80743408203125,41.46648428222615,39.671606233121665,41.46648428222615,28236900
2021-10-14,39.97237777709961,40.25373762992736,39.66191300881795,39.95297326645301,16285400
2021-10-15,39.768638610839844,41.010497766530364,39.72982958696646,40.64181944179766,13860300
2021-10-18,39.78803253173828,40.17611530120424,39.312635025225646,39.45816328800169,10140200
2021-10-19,39.244728088378906,39.846253157302904,39.13800512270821,39.80744413323497,11314400
2021-10-20,39.09918975830078,39.846246695820376,38.72081108757707,38.953661493193316,15162600
2021-10-21,39.19621658325195,39.53578627328452,38.8275382761937,39.2932354372521,10694400
2021-10-22,38.55588912963867,39.18651919074453,38.46857066566615,38.817840820523564,9461900
2021-10-25,38.332733154296875,38.72081597900484,38.19690527595871,38.614093017158545,9090500
2021-10-26,38.52677917480469,39.089498967834444,38.28422830560894,38.720820610367795,8951200
2021-10-27,37.90584945678711,38.74022503711377,37.857340023263305,38.6529065763579,8341800
2021-10-28,37.98345947265625,38.19690167519587,37.67299472256975,37.973755367385685,7416000
2021-10-29,37.96405792236328,38.323032123688606,37.65359314807672,37.8961439843026,9343800
2021-11-01,39.215614318847656,39.24472293359131,37.750609012517664,37.98345942530816,11401300
2021-11-02,39.1865119934082,39.29323495210992,38.6432004960642,39.04098371420477,7611200
2021-11-03,40.01118469238281,40.117903943773925,38.83723591676272,39.089490840858986,10010600
2021-11-04,39.768638610839844,40.25374030616048,39.37085536871821,40.22463168773933,9990300
2021-11-05,42.970306396484375,43.09643016470749,41.97099444935851,42.24265389860274,23651200
2021-11-08,43.319580078125,44.163655937245,43.17404809850377,43.6591497625319,15006700
2021-11-09,43.20315933227539,43.24196835932096,42.41729689028158,43.106140465694004,9359100
2021-11-10,42.40758514404297,43.144941720957135,42.23294825482813,42.49490358865039,8698700
2021-11-11,42.15533447265625,42.921795974221176,42.15533447265625,42.47549963975852,6370700
2021-11-12,40.96198654174805,42.23295055911826,40.62241314928854,42.20384564300506,10038900
2021-11-15,41.11721420288086,41.66052564670979,40.88436379764586,41.36946541593977,6938400
2021-11-16,39.817134857177734,40.932866166390276,39.68130701962412,40.84554774210138,11055500
2021-11-17,39.496978759765625,40.020889473852876,39.099195521521345,39.75893411680925,9025300
2021-11-18,38.92455291748047,39.55518650332558,38.26481441879168,39.535781994419246,11615800
2021-11-19,38.50736999511719,38.740220429784394,37.73120804794666,38.58498804035029,15033400
2021-11-22,38.584983825683594,38.992467415551346,38.0513727766051,38.69170677570563,11991400
2021-11-23,38.352134704589844,39.3708511155384,38.0804789688872,39.13800069848483,11074300
2021-11-24,38.50736999511719,38.876048307910224,37.76031296439302,38.01256791036851,7580500
2021-11-26,35.29600143432617,35.84901708730574,33.56903683107922,35.65497566321782,38052100
2021-11-29,35.16016387939453,36.237086269936185,34.89820858406343,35.91692115410794,21269600
2021-11-30,35.12135696411133,35.20867540110705,34.1705582618421,34.66536027079683,20442900
2021-12-01,32.53091812133789,36.22739432858558,32.404794346780825,35.77139755601598,34616800
2021-12-02,35.548248291015625,35.57735320566183,32.75406175299197,33.384695377893465,36044800
2021-12-03,34.90791320800781,36.557259507097534,34.29668411166214,35.39301484297351,25510200
2021-12-06,37.00355529785156,38.15809965678792,35.90722447247714,36.140074905692764,23060500
2021-12-07,36.90653991699219,37.96406181953746,36.64458454285355,37.44985147725091,14593500
2021-12-08,37.72151184082031,38.70141571423269,36.89683667308528,37.35283348699721,16355500
2021-12-09,37.35282897949219,37.692398671620204,36.86772730443385,37.08117322578978,10427800
2021-12-10,37.04236602783203,37.31402179491318,36.46994587503086,37.27521277074952,12028500
2021-12-13,35.77139663696289,36.49904915269218,35.3348043873189,36.24679790902681,12244800
2021-12-14,35.4415168762207,36.41171994385144,35.334793946616365,35.46092138169704,12638700
2021-12-15,35.519134521484375,35.70347177000836,34.48101754621007,35.441516500402095,13179900
2021-12-16,34.733280181884766,36.566963973595385,34.59745230117023,36.46994511623705,19944400
2021-12-17,35.47064208984375,36.130380780759,34.52954348935497,34.966135814377225,18115500
2021-12-20,35.28629684448242,36.14007687816159,34.33549795060365,34.49073034754239,17475600
2021-12-21,37.37223815917969,37.6632984603677,35.66467797708698,35.73259562502896,17209900
2021-12-22,37.96405792236328,38.29392720767176,37.03265989847156,37.343128373790165,11719500
2021-12-23,38.128997802734375,38.70141803068243,37.82823707856297,38.53648520788298,8478100
2021-12-27,37.837928771972656,38.01256566238739,36.73189760003394,37.11997670015299,10897600
2021-12-28,38.44915771484375,38.64319911454321,37.37223146249203,37.62448269137902,9974200
2021-12-29,37.99315643310547,38.313325259441676,37.828223668773305,38.15809289846906,7311800
2021-12-30,37.876747131347656,38.55589035029832,37.85734261640246,37.89615164629285,8055600
2021-12-31,37.91554641723633,38.28422100335015,37.76031033756924,37.886437801782826,7166700
2022-01-03,39.08949279785156,39.807441184769985,38.458859157070385,38.60439113602972,12529800
2022-01-04,39.380558013916016,40.04999705916083,39.12830674645682,39.74923635961708,12076300
2022-01-05,39.07978439331055,40.04998761023311,38.95366063985334,39.758927385362654,11214700
2022-01-06,38.914852142333984,39.88505537220606,38.55587798357017,39.60369554729557,9304100
2022-01-07,40.27313232421875,40.71942859925821,39.23501521896762,39.506674625737595,13941600
2022-01-10,39.41936492919922,40.55450112353085,38.99247306723609,40.35075929906603,13086400
2022-01-11,40.0014762878418,40.292536498874654,39.23501489466453,39.370846447442496,11415300
2022-01-12,39.399959564208984,40.350758425492735,39.35145013577217,40.02088913067738,12522300
2022-01-13,40.23432922363281,41.27244638600347,39.24472148266579,39.85595055524016,23251900
2022-01-14,39.108890533447266,39.64250152880517,38.3715340626356,39.57458760399769,17141100
2022-01-18,38.361839294433594,39.23502004208881,38.26481674400621,38.71111307390843,15088100
2022-01-19,37.663291931152344,38.61409072408905,37.57597348583,38.323030473358536,10958600
2022-01-20,37.68269348144531,38.96336144489145,37.605075446796896,37.886435270850015,12935700
2022-01-21,36.73189926147461,37.67299769116224,36.24679758860999,37.67299769116224,17872100
2022-01-24,36.78041076660156,36.799815278736325,34.8108990478265,35.84901639032656,19890100
2022-01-25,37.56626892089844,37.71179717963093,36.188578458502384,36.38261983784385,14674100
2022-01-26,37.60508346557617,38.76932832634087,37.19759979987634,38.13869831499127,12451700
2022-01-27,37.19759750366211,38.83723987319453,36.89683312537915,38.07078202059189,12297400
2022-01-28,37.13938522338867,37.246108190288666,35.67437970775574,36.974452420748534,12889100
2022-01-31,38.50736999511719,38.53647861259565,36.537858360228455,36.69309074966256,10657300
2022-02-01,39.283531188964844,39.36114552436516,38.39094227515522,38.6140885783497,9668800
2022-02-02,39.312644958496094,39.73953315194679,38.54618333070352,38.9342661982278,10249800
2022-02-03,38.546180725097656,39.390256648718584,38.49767129519434,38.808136087814276,9922000
2022-02-04,38.662601470947266,38.89545190011218,37.92524856381707,38.41035023196463,9481900
2022-02-07,39.72011947631836,40.05969283233163,39.21561334532307,39.264126468347584,11417500
2022-02-08,41.340362548828125,41.44708550229885,39.778334668462435,40.127608443082316,14194800
2022-02-09,42.5725212097168,43.18374661492055,41.573209308816644,41.64112324272817,18904000
2022-02-10,42.5919303894043,43.397197280231154,42.019510240080436,42.135933610831934,13210100
2022-02-11,41.0687141418457,43.46511416571567,40.67092717118872,42.59193327438582,19893400
2022-02-14,40.71943283081055,41.96129184441925,40.467177905526405,41.11721602742157,11581600
2022-02-15,43.16435623168945,43.41660751842591,42.03892029657157,42.16504408942344,15528800
2022-02-16,43.08672332763672,43.79497120905325,42.66953566171539,42.78595900770719,14029100
2022-02-17,42.019508361816406,42.81507481161574,41.670234564142156,42.46580101394148,9463700
2022-02-18,41.563514709472656,42.3784857312675,41.42768682267891,41.815765970513574,11574900
2022-02-22,40.64181137084961,41.563505149128574,40.20521919155626,40.44776999104907,13329600
2022-02-23,38.992462158203125,41.12690976776153,38.91484783294472,41.03959133870133,12322200
2022-02-24,39.1283073425293,39.28353974818414,36.35352485304556,36.479648638180294,22659700
2022-02-25,40.302249908447266,40.74854258180982,39.42906537270987,39.54548874379745,15398700
2022-02-28,38.73051452636719,39.157406353275604,37.85733376420638,39.128301438179825,22808100
2022-03-01,36.51844787597656,38.41034485722633,36.266196672291294,38.32302642113691,21467500
2022-03-02,36.90653991699219,37.624488393343334,36.72219889387661,37.15879118410768,15773500
2022-03-03,35.47064208984375,37.585686063478036,35.29600515983485,37.34313518302486,17589100
2022-03-04,33.49142074584961,34.80119381373715,33.15184734604133,34.4519200086919,23278800
2022-03-07,29.212820053100586,33.18095143977441,29.086692596023898,32.986910052202184,34889300
2022-03-08,30.289749145507812,31.764460591774125,28.863550829528666,29.804647450893885,29492100
2022-03-09,31.783857345581055,32.773465120398264,31.589819653329315,31.94879382523313,25808000
2022-03-10,31.580116271972656,32.41449169149486,30.580808070049557,31.162928562211555,17588900
2022-03-11,31.114423751831055,32.404796092209516,31.056210213569944,32.317477635334036,16978700
2022-03-14,31.114423751831055,32.210754665704854,30.70693823658422,31.04650980770928,17253800
2022-03-15,33.82128143310547,34.413105929830806,32.97720575305404,33.704858094726596,27330200
2022-03-16,35.82960891723633,35.8490134277675,34.38400434143542,34.45191827777855,23558200
2022-03-17,36.04305648803711,36.04305648803711,34.31609198173712,34.64596127385895,17062300
2022-03-18,36.55725860595703,36.79010531242309,35.29599512634285,35.69377830916806,18429600
2022-03-21,35.01462936401367,36.12066028490519,34.810887605119134,36.02364145715476,18386400
2022-03-22,35.87812423706055,36.13037921437399,35.247494195842066,35.36391757712304,13587700
2022-03-23,35.14076232910156,35.693777876545255,34.995230363550434,35.62586394622983,12069300
2022-03-24,36.149776458740234,36.15948056515809,34.8885127997692,35.305700550964325,11302400
2022-03-25,36.78041076660156,37.10057966527674,36.13037626473221,36.17888569455299,11313100
2022-03-28,37.19759750366211,37.45955285874105,36.32441298673233,37.275211849038,11430600
2022-03-29,38.342437744140625,39.06038616756496,37.96405902084508,38.468565218916524,15372200
2022-03-30,38.15810012817383,38.352137840379804,37.75061279027061,37.934950097279135,9363500
2022-03-31,38.39094161987305,38.90514814884737,38.07077647763503,38.22600884681775,9930100
2022-04-01,38.138694763183594,38.71111488385726,37.84763079932454,38.487964857956776,8606300
2022-04-04,38.226016998291016,38.43945923828779,37.55657425634764,38.05138008309121,9482700
2022-04-05,37.86703109741211,38.68200196327719,37.42073849732761,38.33272820633049,12713400
2022-04-06,36.46994400024414,36.92594075814544,35.62586812375268,36.877427629918614,16995200
2022-04-07,36.02364730834961,36.38262147057038,35.092249385918954,36.25649401318354,11688800
2022-04-08,35.645267486572266,36.22738793089757,35.422117491848326,35.87811418388978,8615600
2022-04-11,37.07147216796875,37.411045589050765,35.4415301096657,35.60646661728437,14142900
2022-04-12,37.46924591064453,37.78941473769601,36.64457468507851,37.21699471138726,15762600
2022-04-13,39.7977409362793,39.87535527793897,38.62379579830786,39.011874908670194,33528700
2022-04-14,41.09781265258789,41.592614710413734,40.09850443129403,40.71943395524485,29128900
2022-04-18,40.87466812133789,41.78665793684069,40.60300866697139,40.82615869410418,17011900
2022-04-19,41.75754928588867,42.46579722304456,41.44708453812258,41.534402979746275,18453000
2022-04-20,42.242652893066406,42.9217959484628,41.90307951485226,41.99039796056082,17466800
2022-04-21,43.39719772338867,44.89131185058051,43.21286040939705,43.4748157720371,31849600
2022-04-22,42.38818359375,43.99872102816149,42.25235571510587,43.66885173672627,15557200
2022-04-25,41.9807014465332,42.25235721345489,40.9716890250637,42.106828924474954,15156900
2022-04-26,40.65151596069336,41.76724743106067,40.31194261673081,41.55380524166039,14561200
2022-04-27,41.825462341308594,42.14562748652897,40.51568574441162,40.92317303045679,13640400
2022-04-28,43.00911331176758,43.0964280542468,41.61201821559104,42.21354321476049,11953000
2022-04-29,41.74784851074219,43.41659943886803,41.5441066977125,42.853879725511355,13460500
2022-05-02,41.39856719970703,42.106818765792674,40.331345200536205,41.670226602120486,13417100
2022-05-03,42.05831527709961,42.388184576180215,40.95228400989765,41.36947176170642,10401900
2022-05-04,42.54340744018555,42.65983448509853,41.07840228482856,41.48588583892988,13381200
2022-05-05,40.87466812133789,42.43669610507503,40.55449923973768,41.86427598124028,11983100
2022-05-06,39.77833938598633,40.71943786798511,39.19621882660431,40.71943786798511,12996000
2022-05-09,37.11027908325195,39.24472724785458,36.887132751188936,39.089494855939776,18582900
2022-05-10,37.52745819091797,38.158091719718364,36.72218779878919,37.70209505424634,13950000
2022-05-11,36.76100158691406,38.7305130556198,36.586364700907154,37.51775895892281,14402400
2022-05-12,35.57735824584961,36.634880139850985,34.63626342899083,36.198291554179626,17218100
2022-05-13,37.187896728515625,37.304320095937626,36.33411673167934,36.37292575449737,11594800
2022-05-16,37.032657623291016,37.837928126582796,36.97444779483356,37.17818959649829,11062500
2022-05-17,39.50667953491211,39.60369838443694,38.04167048027683,38.66259999971223,13594300
2022-05-18,38.138694763183594,39.613404289343414,37.84763079932454,39.10889810662832,11216900
2022-05-19,38.07078170776367,38.730516591650265,37.49836157382043,37.595380430001136,9564300
2022-05-20,37.488651275634766,38.85663764761415,36.518448069946366,38.7111093873798,10687600
2022-05-23,38.342437744140625,38.7984345137697,37.56627578596615,38.20660986408911,9005200
2022-05-24,36.11096954345703,37.789420879593514,35.68407770467252,37.66329340894972,10856500
2022-05-25,37.4498405456543,37.53715897821229,35.926621878500406,35.97513499739034,10436800
2022-05-26,39.613407135009766,40.01119038635595,37.837933112467695,37.96406059246497,15248300
2022-05-27,40.97168731689453,40.97168731689453,39.77833763205668,39.77833763205668,10730600
2022-05-31,40.447776794433594,41.18513342149399,39.370854172411775,39.496977944619594,14691200
2022-06-01,38.361839294433594,41.03959876868755,38.061074939656514,40.8746659845088,17573200
2022-06-02,38.79842758178711,39.08948780147078,38.05137067394573,38.22600754596224,13761600
2022-06-03,37.39163589477539,38.24541213002582,36.92593875708465,38.03196992172914,14804300
2022-06-06,37.837928771972656,38.11928861775549,37.16848982607077,37.837928771972656,12330400
2022-06-07,38.55588912963867,38.60439856494948,37.110284270767465,37.22670765571994,9604700
2022-06-08,37.081172943115234,38.35213695341884,37.03265981515357,37.6826979793131,9643000
2022-06-09,35.65497589111328,37.07147200425396,35.61616686584117,36.96474903527185,11976600
2022-06-10,34.073543548583984,35.99454590281,33.957120172851845,34.9273236063619,19434400
2022-06-13,31.250244140625,33.08392759392935,31.05620276068649,32.98690875447584,20879100
2022-06-14,30.444978713989258,31.793562558197983,29.940474404808633,31.628626072801094,20521200
2022-06-15,31.00769805908203,31.76445918588762,30.415875276197912,31.065911592230783,20995200
2022-06-16,28.69861602783203,29.95987968696327,28.339639961485766,29.75613786454876,20696200
2022-06-17,29.35835075378418,29.571794803956006,27.903045869528285,28.834440107204447,28391100
2022-06-21,29.15460968017578,30.037494573151065,28.87325167332894,29.882262186508115,15125900
2022-06-22,29.10610008239746,29.5814994950147,28.718019118068696,29.02848388953171,16042000
2022-06-23,28.67920684814453,29.222521987184436,27.932151770367305,28.999373838767855,15793200
2022-06-24,30.270341873168945,30.357660312939913,28.64040013146535,28.64040013146535,16949600
2022-06-27,29.532989501953125,30.464383798477346,29.43596880010286,30.39646986233695,12782900
2022-06-28,29.426265716552734,31.279355703234273,29.377756292251068,30.076301994981023,14358200
2022-06-29,28.756824493408203,29.115800519567117,28.33963678886424,29.076991500299822,13101500
2022-06-30,28.106788635253906,28.349339457668815,27.26271280953894,28.058279210977293,16394800
2022-07-01,28.640403747558594,28.844145565737758,27.815730518108513,28.35904388376901,11374200
2022-07-05,28.93146324157715,28.941165497018567,27.30152133773911,27.76722034634713,15811300
2022-07-06,28.65010643005371,29.300142767595908,28.31053487751386,28.679211347075128,10289600
2022-07-07,29.01877784729004,29.300137666284716,28.55308075086688,28.98967108482018,9484100
2022-07-08,28.834444046020508,29.523289414266895,28.61129771074305,29.038187719916184,9632300
2022-07-11,28.417255401611328,29.11580110789476,28.300830191972793,28.688911139908033,12059500
2022-07-12,30.163619995117188,30.60021220946906,28.397850329100077,28.533678195558043,22841200
2022-07-13,28.815038681030273,28.86354810570744,27.505263859071455,28.087386207777143,38475800
2022-07-14,28.882953643798828,29.494180928859503,28.232917337202366,28.436659148717258,18983900
2022-07-15,29.19342041015625,29.532991969749013,28.659809281164854,29.251632095924226,13055100
2022-07-18,30.21213150024414,31.036804711662306,30.134515306846904,30.270345033179083,19675900
2022-07-19,31.628629684448242,31.754757164032743,30.862169952844237,30.862169952844237,15847500
2022-07-20,31.871171951293945,32.094321932380865,31.182328604031213,31.599516254014286,12200800
2022-07-21,31.00769805908203,31.19203906353706,30.357663593565185,30.93008186539972,15522200
2022-07-22,30.415874481201172,31.512203419622967,30.357662800089955,31.33756652577334,11256400
2022-07-25,30.47408676147461,30.57110746557818,29.804645938727578,30.396470568294955,9314600
2022-07-26,29.72702980041504,30.28004540915528,29.659115862571994,30.027794168742833,8764800
2022-07-27,30.561405181884766,30.70693531264768,29.824050422101177,30.36736377385687,10281300
2022-07-28,30.755447387695312,30.77485004858859,29.678521061185926,30.34796190067955,10672100
2022-07-29,30.85246467590332,31.07561099422305,30.503192740864257,30.648722868006864,8355200
2022-08-01,31.2696533203125,31.337567258282387,30.31885448770201,30.833062925999204,10517300
2022-08-02,30.871871948242188,31.463696615487116,30.357665329634358,30.78455349404159,10132600
2022-08-03,32.25926208496094,32.3271760248467,31.12412591741413,31.24054928564228,11895100
2022-08-04,32.336875915527344,32.59882753463324,31.939089032293825,32.22044886144509,7573300
2022-08-05,31.958492279052734,32.40478856667746,31.8032599141059,31.919686963589662,7722900
2022-08-08,32.74436569213867,33.09363951835333,32.28836889668816,32.29807300354544,9526900
2022-08-09,32.220455169677734,32.598833916946184,31.75475796526792,32.50181505391462,7179800
2022-08-10,32.919002532958984,33.50112310801689,32.88019350767983,33.171253795208784,10465700
2022-08-11,32.94810104370117,33.753371506990156,32.841378095455006,33.47201167998328,7598700
2022-08-12,33.472015380859375,33.56903423488383,33.06453175271821,33.35559201582362,7142000
2022-08-15,33.957115173339844,34.42281230873611,33.45260901806926,33.55933197220771,9042000
2022-08-16,34.286991119384766,34.7235834254403,33.67576189090701,34.034739843126324,8757400
2022-08-17,33.51081848144531,33.87949302241826,33.045121402559964,33.73396476709675,7976000
2022-08-18,33.462318420410156,33.57874179743029,33.016022023273536,33.50112374539525,5687500
2022-08-19,32.25926208496094,33.045128147823284,32.07492477684702,32.87049124496499,9874900
2022-08-22,31.415189743041992,31.531613124443126,30.900981232057518,31.531613124443126,9246500
2022-08-23,31.890575408935547,32.036107356849804,31.308455019340883,31.42487835705358,7974300
2022-08-24,32.31747817993164,32.41449704430269,31.696544864446608,31.900290401277722,5742000
2022-08-25,32.977210998535156,33.14214377905414,32.521214274224455,32.57942780318916,6785000
2022-08-26,31.70624351501465,33.23916277425757,31.67713860091863,32.93840212584727,6917100
2022-08-29,31.075611114501953,31.3860758804121,30.900976071564475,31.24054760322219,8758400
2022-08-30,30.77484703063965,31.483096823497117,30.532296213356975,31.28905542946463,7506400
2022-08-31,30.14421844482422,31.06591238760102,30.134516189051023,31.017401108735044,7450000
2022-09-01,30.163619995117188,30.212129418704777,29.047886597959597,29.736730035586007,8572700
2022-09-02,30.018091201782227,30.88157156334813,29.78524262733241,30.50319286118167,8629600
2022-09-06,30.260644912719727,30.70693759361287,29.746436438610704,30.406175054292873,7630800
2022-09-07,31.2696533203125,31.37637628027434,30.338258998697984,30.357663509693957,9035900
2022-09-08,31.162927627563477,31.521905497960905,30.609912066286245,30.774846694256283,11085400
2022-09-09,31.68683433532715,31.78385316870328,31.27935079390988,31.463688057737038,10958900
2022-09-12,32.16223907470703,32.45329930820472,31.74505138298207,32.01670710744235,8295100
2022-09-13,30.794254302978516,31.405481603142615,30.648724169655257,31.07561231400134,9508100
2022-09-14,31.68683433532715,31.715939245133736,29.901660413575,30.64871727387125,11048000
2022-09-15,32.288368225097656,32.73466460544039,31.483101321214214,31.502505833492794,11539700
2022-09-16,31.153226852416992,31.84207026951909,30.842762109468676,31.74505142523462,13830200
2022-09-19,31.958492279052734,32.12342874863897,30.88156797854854,30.9882909233929,8929700
2022-09-20,31.774160385131836,32.27866658193565,31.298759105113888,31.8808833480562,7618900
2022-09-21,30.231534957885742,31.49279851927452,30.153918767192835,31.43458868939978,13704400
2022-09-22,29.067293167114258,30.270347019488653,28.844146827769066,30.192730820998317,11105300
2022-09-23,28.15530014038086,28.698613468890567,27.63138947143098,28.514274324202727,12887500
2022-09-26,27.18509864807129,28.262023121568394,27.18509864807129,28.077685815155156,12130600
2022-09-27,27.650794982910156,28.0679827120682,26.97165190979017,27.75751794167598,13177600
2022-09-28,28.61129379272461,28.756823910997767,27.417944232162505,27.65079279150273,10325700
2022-09-29,27.592580795288086,28.067980163092585,27.24330703505791,28.0097684865595,11040300
2022-09-30,27.223905563354492,27.73811400656074,27.05897091934615,27.282119096898167,9632400
2022-10-03,27.41794776916504,27.650796358543474,26.389532703447927,27.146290156298818,11053600
2022-10-04,29.833749771118164,29.901663702156874,28.37844490423435,28.37844490423435,16308100
2022-10-05,29.61060333251953,29.833749633622833,28.912055815304576,29.10609720353447,8523000
2022-10-06,29.70762825012207,29.998688523330674,29.251631478108212,29.38746120938617,10688100
2022-10-07,28.5142765045166,29.319545229075263,28.194109465849085,29.300142568031834,11051700
2022-10-10,28.543384552001953,28.834444836384016,28.116494531127593,28.533682295787063,10400100
2022-10-11,27.98066520690918,29.84345574254655,27.524670291345036,29.678521096403593,17037900
2022-10-12,28.339637756347656,28.56278592372085,27.369434447734328,27.670198805775946,11868600
2022-10-13,29.474773406982422,30.095704734509408,27.67019665178974,28.456060752446486,27099400
2022-10-14,30.153921127319336,30.96889211864008,29.9404770488367,30.64872507565808,22499400
2022-10-17,30.202430725097656,31.16293185941001,29.80464748312535,31.027103976936374,15306200
2022-10-18,31.211441040039062,31.230845551813864,30.406174157061855,31.007699217951934,13590500
2022-10-19,31.551008224487305,31.958491788329003,31.12412015269627,31.609221748335315,14208800
2022-10-20,31.19203758239746,32.11372775677835,31.153228562141123,31.434588407451777,14786500
2022-10-21,31.609222412109375,31.832368706665495,30.8233564783001,31.10471629792668,11173100
2022-10-24,32.27867126464844,32.4241995707219,31.609232174232048,31.871183865370824,10388300
2022-10-25,32.889888763427734,32.977207196291154,31.939086405123238,32.09432246446386,7755600
2022-10-26,32.889888763427734,33.56902801788615,32.69584739028332,32.69584739028332,9418900
2022-10-27,33.0742301940918,34.034733076449875,33.02572076995957,33.37499454536251,8440400
2022-10-28,33.63694763183594,33.7145656746326,32.69585291963427,33.05482711498889,7315400
2022-10-31,32.919002532958984,33.88920595874373,32.88019350767983,33.636950995461575,10301300
2022-11-01,32.62794494628906,33.40410701095912,32.53092237505989,33.307088140762616,9195500
2022-11-02,31.104719161987305,32.385387223206465,31.07561054625604,32.21075033294641,13959700
2022-11-03,31.01740074157715,31.42488622664754,30.056899637593244,30.600214851364463,10291100
2022-11-04,31.783857345581055,32.230153660442596,31.201736866762342,31.72564751831823,9712000
2022-11-07,32.36598205566406,32.63763779009227,31.599520575205272,32.375682460022865,6998500
2022-11-08,32.589134216308594,32.88989861986703,32.113732894688155,32.42419770434672,7679400
2022-11-09,32.463008880615234,33.01602459075653,32.16224815817194,32.27867154424571,7765400
2022-11-10,34.43251419067383,34.76238343623988,33.287674085534675,33.501116278996285,11959400
2022-11-11,34.38400650024414,34.92732172613336,34.2093695955309,34.626557345564514,9130000
2022-11-14,33.65635299682617,34.43251864036611,33.56903454697953,33.71456653040129,8299600
2022-11-15,33.86009979248047,34.51983839378385,33.43320793220639,34.219074010502766,8391700
2022-11-16,33.103336334228516,33.617546611961146,32.880190014131394,33.394396590832066,7329200
2022-11-17,33.045127868652344,33.113041807964365,32.307771240361696,32.44359911898573,5522200
2022-11-18,33.44291305541992,34.32579801914804,33.15184906873601,33.95711968343879,6364200
2022-11-21,33.21005630493164,33.6563489049857,33.035419426470206,33.277970235329796,5733000
2022-11-22,33.21005630493164,33.481712026524264,32.74435919604502,33.34588416572795,4823800
2022-11-23,33.462318420410156,33.821292658491146,33.180958533331776,33.336190936369434,5420600
2022-11-25,34.054141998291016,34.335501906733285,33.3361934676146,33.47202136795702,4352600
2022-11-28,32.860782623291016,33.879495282628795,32.860782623291016,33.66605308704488,6061200
2022-11-29,33.578739166259766,33.69516253415717,32.87049115158302,33.006319030968676,6778200
2022-11-30,34.31608581542969,34.32578991991336,33.1906502623685,33.48171047934388,7404100
2022-12-01,34.32579803466797,34.675071858020715,34.05413856037564,34.39371197798297,6371600
2022-12-02,34.645965576171875,34.65566968360434,33.840698607808555,33.95712198977007,6566300
2022-12-05,34.72357940673828,35.78110122522256,34.61685644416146,34.66536587232398,12131800
2022-12-06,34.84000015258789,35.16016901622346,34.15115670183674,34.83029974809826,8832900
2022-12-07,33.30707931518555,34.58774730780302,33.27797070101355,34.578043202735124,10996500
2022-12-08,32.53091812133789,33.70486702299376,32.30777178823826,33.53993052398749,8918400
2022-12-09,32.79286193847656,32.81226644335688,32.17193258642976,32.31746452251674,5989400
2022-12-12,33.73397445678711,33.75337896994331,32.59883449386036,32.68615295254703,7163700
2022-12-13,32.38539123535156,34.65566738895925,31.832375581360285,34.46162596451634,15029400
2022-12-14,33.28767776489258,33.74367081575959,32.72495805395063,33.61754704691978,23497700
2022-12-15,32.25926208496094,33.045128147823284,31.85177844564633,32.6473449137643,11682500
2022-12-16,32.12343215942383,32.73466128050204,31.648030909467014,32.25926003054523,12861400
2022-12-19,31.939098358154297,32.686155518671924,31.871184407292034,32.31748084285757,8440100
2022-12-20,31.919696807861328,32.28837147516737,31.77416480163923,31.880887779397746,5995900
2022-12-21,32.66674041748047,32.97720885070606,32.2107474239007,32.249556440682845,8164600
2022-12-22,31.939098358154297,32.62794567566584,31.327872800393937,32.598837053130055,6806000
2022-12-23,32.17194366455078,32.18164406981575,31.405482112492823,31.85177847635664,5955600
2022-12-27,31.919696807861328,32.33688461126317,31.618932388817566,31.880887779397746,7613000
2022-12-28,31.03680419921875,32.03611429191026,30.968890262431984,31.86147739702087,7687300
2022-12-29,31.754756927490234,31.78386184524205,30.871871979039962,30.997999457684937,7388000
2022-12-30,31.880878448486328,32.06521572818742,31.386072732977304,31.47339117094763,6957600
2023-01-03,31.638330459594727,32.550320236557305,31.376375122364305,32.259259984423025,8640200
2023-01-04,33.36528778076172,33.44290581401272,31.95849238685539,31.96819649152753,11318800
2023-01-05,34.180259704589844,34.51012895426502,33.49141629236663,33.65634906668839,11332500
2023-01-06,34.95642852783203,34.99523755342331,34.05413903851294,34.14145749557713,11110400
2023-01-09,35.67437744140625,36.30500739506588,35.266890111950936,35.451231116169886,11251300
2023-01-10,36.95504379272461,37.032658132078154,35.56765277960616,35.57735318413841,10283500
2023-01-11,37.04236602783203,37.54687223886291,36.69309221242356,36.79011107180047,14336700
2023-01-12,38.42005157470703,38.43945608603044,37.178192458265755,37.68269864957805,20052100
2023-01-13,37.061767578125,37.14908602499907,35.43182570383032,35.460930619111025,29120400
2023-01-17,37.11997985839844,37.217002417456996,36.44084045014953,37.0617700239955,17803900
2023-01-18,37.23640441894531,38.14839420642001,37.1684904826989,37.90584337667368,18661200
2023-01-19,37.20729446411133,37.29461290771993,35.926626425206344,36.722192822070596,17006100
2023-01-20,37.86703109741211,38.03196757198433,37.19759219728537,37.37222907575871,11998700
2023-01-23,37.91554641723633,38.13869273021001,37.575973044512324,38.031969775954806,12459300
2023-01-24,37.643882751464844,38.284216704055105,37.304313117906155,38.080474923919894,7679600
2023-01-25,38.206607818603516,38.32303118083863,37.469251222039865,37.5759741795187,10181800
2023-01-26,38.05137634277344,38.33273249979909,37.46925211565075,38.245414050782294,7618400
2023-01-27,37.57597351074219,38.05137475804167,37.5468685959594,37.837928846882896,7298400
2023-01-30,37.25580596923828,38.216305106138094,37.11997440650618,37.28491088216505,8982000
2023-01-31,37.9349479675293,37.94465207321406,37.226699994850115,37.65359182021373,7919200
2023-02-01,38.701416015625,38.885757044488386,37.44985264494928,37.68270310734368,10781400
2023-02-02,38.71111297607422,39.13800109378022,38.33273058191151,39.011873629059316,10322700
2023-02-03,38.40065002441406,38.8178340562156,38.11929016719476,38.12899057215348,8279400
2023-02-06,38.4588508605957,38.65289222367157,37.91553948522069,38.09987674457562,6453800
2023-02-07,38.41035461425781,38.58499153079808,37.51776551849288,38.32303615598769,7994700
2023-02-08,38.26481628417969,39.10889580811123,37.99316054831123,38.80813145694842,8942300
2023-02-09,37.847625732421875,38.77902363022099,37.72150197940212,38.536472826831634,5840000
2023-02-10,37.032657623291016,37.39163550359381,36.6930879538498,37.352826483934294,8190200
2023-02-13,37.4498405456543,37.58567209710222,36.848315621938895,37.01325208389569,7842200
2023-02-14,37.9349479675293,38.080479944545424,37.110276633856365,37.38193237651909,7286000
2023-02-15,37.857330322265625,38.090177023925605,37.45954714765086,37.51775697255006,4151600
2023-02-16,37.13938522338867,37.63419103337367,37.08117538764852,37.46925452970124,6273300
2023-02-17,37.21699905395508,37.28491298864222,36.54755641056489,37.032658058919814,5961400
2023-02-21,35.99454116821289,36.95504406950087,35.72288542689309,36.77070677375271,7276600
2023-02-22,35.907222747802734,36.34381497596684,35.742289962180685,35.89752234319104,6220000
2023-02-23,36.41172790527344,37.00355249809555,36.05275372804906,36.50875045386908,7620100
2023-02-24,36.24679183959961,36.285600855521075,35.56764886509984,35.70347671979351,5482500
2023-02-27,36.71249771118164,37.07147194176262,36.440841936799536,36.6833927927928,7961500
2023-02-28,37.19759750366211,37.575976227320965,36.5184544017203,36.5184544017203,8203600
2023-03-01,37.36252975463867,37.517762144153735,36.877428074775096,37.197596959980466,5983200
2023-03-02,37.27520751953125,37.401334979778575,36.722191956719065,36.97444687721372,5295200
2023-03-03,37.69239807128906,38.07078048067496,37.43044642783791,37.828229647008925,7160300
2023-03-06,37.31401824951172,38.09988425951152,37.21699939935308,37.828228518241815,5238300
2023-03-07,37.90584945678711,38.58499262921806,37.54687520747188,37.7506170488914,11338800
2023-03-08,38.546180725097656,38.555884831697675,38.00286548749664,38.0416745118322,7836500
2023-03-09,37.34312438964844,39.09918988790847,37.17818791407527,38.55587844138897,9930000
2023-03-10,36.140071868896484,37.76030955605378,35.490037453387416,37.76030955605378,12931100
2023-03-13,34.61684799194336,35.47062778306275,34.33548819585395,35.32509583307685,14734000
2023-03-14,34.413116455078125,35.40272438654801,34.05413852531718,35.2960014182965,14902900
2023-03-15,32.2398567199707,33.47201541261697,31.60922676614932,33.34588794143988,18703300
2023-03-16,32.70555114746094,32.88018803109695,31.65773354667661,32.133131073549954,13436300
2023-03-17,31.9778995513916,32.35627824234117,31.541307330668317,32.26895979819651,12989700
2023-03-20,32.15253829956055,32.52121660739013,31.939092379075202,32.09432846745149,9241000
2023-03-21,32.88018798828125,33.122738804011895,32.647341277757604,32.71525521007965,8366000
2023-03-22,31.793560028076172,33.0063140555385,31.7547510109498,32.88018660039358,10330400
2023-03-23,31.18233299255371,32.35627807933749,30.86216598247487,32.01670840994774,10506900
2023-03-24,30.64872169494629,30.910677024086386,30.115110632341704,30.794251816518823,12647300
2023-03-27,31.172632217407227,31.33756499742583,30.794251682348172,31.221141640881417,7194500
2023-03-28,31.502504348754883,31.560714181814856,31.017400817234446,31.046507584280487,6752000
2023-03-29,32.32717514038086,32.424193994411205,31.551013205041926,31.85177757418728,9977900
2023-03-30,33.09363555908203,33.26827245129607,32.70555275393262,32.70555275393262,10614900
2023-03-31,33.879493713378906,33.898898221357136,33.345882697587754,33.47201014893051,9177200
2023-04-03,33.36528778076172,33.81158036886037,33.1421414867124,33.452606217653326,9275500
2023-04-04,32.90929412841797,33.66605521840479,32.50181051929819,33.53992775323501,8551700
2023-04-05,32.463008880615234,32.62794540349973,31.87118414143845,32.56003145320397,8679600
2023-04-06,32.68614959716797,32.81227706921949,32.23015653842058,32.57943033731276,6291800
2023-04-10,32.95781326293945,33.142150591001524,32.61823982573137,32.68615377296648,8534800
2023-04-11,33.54963302612305,33.74367073186556,32.92869978423819,32.95780840092517,9801200
2023-04-12,32.73466110229492,33.44290907002361,32.15253689933125,33.29737709402472,21581700
2023-04-13,32.37568283081055,33.09363489563416,31.473393472804037,33.035421365719216,37172700
2023-04-14,32.76376724243164,32.98691356655212,32.03611473728711,32.70555370964855,15803000
2023-04-17,33.55933380126953,33.57873831226428,32.66674480067129,32.80257637763453,12113600
2023-04-18,34.30638885498047,34.413111808822876,33.510822454923066,33.89890154949419,13113100
2023-04-19,34.859413146972656,35.11166443644842,34.0735469548953,34.10265557751259,11774200
2023-04-20,33.60784149169922,34.58774889062529,33.559332067234884,34.52953536064898,11195600
2023-04-21,33.30707931518555,33.65634937596439,32.851082603818284,33.64664897192818,9579200
2023-04-24,33.103336334228516,33.442909717792624,32.46300228928792,33.394396590832066,8452700
2023-04-25,32.12343215942383,32.977212107799375,32.10402764911621,32.889893661931055,9119000
2023-04-26,31.774160385131836,32.47270799624975,31.715946850527963,32.19134813054591,9237500
2023-04-27,32.336875915527344,32.45329926857793,31.754751748211095,32.06521649036709,9561500
2023-04-28,33.28767776489258,33.36529210717615,32.24956049225472,32.45330230441011,11108900
2023-05-01,33.68545913696289,34.11234724869162,33.16154847641049,33.404099296921956,9901400
2023-05-02,33.501121520996094,33.63694940200632,32.880191950073815,33.47201660393167,10014900
2023-05-03,33.113037109375,33.77277559853396,33.035419074870845,33.501116178801006,11166100
2023-05-04,32.09433364868164,32.96751458057013,31.70625076715388,32.93840965981698,11694300
2023-05-05,32.92870330810547,33.17125416727221,32.327178213661014,32.44360158977198,8697900
2023-05-08,33.18095397949219,33.40410029691911,32.724957238949564,33.219763000183455,8726300
2023-05-09,33.18095397949219,33.394396191230335,32.69585232394707,32.92869904603085,5845700
2023-05-10,32.79286193847656,33.695151059741725,32.123423174744396,33.617536741251314,9025300
2023-05-11,32.23016357421875,32.63764729452468,32.0264180130329,32.550328825740145,7620000
2023-05-12,32.2398567199707,32.550321494381976,31.871178412470293,32.38538870217751,8934300
2023-05-15,32.71525573730469,32.72495614163628,32.0749217214977,32.35627785949535,7586600
2023-05-16,32.812278747558594,33.21976610078636,32.36598607104954,32.6473459457744,8646700
2023-05-17,34.859413146972656,35.10196402959783,33.20036599806432,33.277980355967344,16957300
2023-05-18,34.820594787597656,35.04374109569857,34.48102512332056,34.820594787597656,9786300
2023-05-19,34.5295295715332,34.9273127071006,33.96680997920159,34.859398784030404,8999000
2023-05-22,34.40340805053711,35.257187988860174,34.160857226095594,34.99523265433951,9021000
2023-05-23,34.84000015258789,35.548248113350155,34.25787965638193,34.675067369041216,10602100
2023-05-24,33.88920974731445,34.67507594242595,33.481722338393865,34.50043901017895,8803900
2023-05-25,34.68477249145508,34.7526864352159,33.98622484016395,34.05413878392477,6880100
2023-05-26,34.820594787597656,35.16986855715796,34.6459579028175,34.68476692188682,6703600
2023-05-30,35.198970794677734,35.82960435299427,35.02433392317566,35.20867489922311,8652600
2023-05-31,35.24748992919922,35.819906359970986,34.81089767595353,35.77139693206194,9972100
2023-06-01,35.29600143432617,35.713189200753895,34.92732309866235,35.33480675831789,7769000
2023-06-02,35.907222747802734,36.518451867232486,35.538548156048066,35.810203897558225,8931000
2023-06-05,35.99454116821289,36.110968229663,35.46093009017819,35.9751403590031,8285200
2023-06-06,36.51844787597656,36.54755278766254,35.519139763755476,35.55794878002444,5744700
2023-06-07,37.09087371826172,37.11997863450356,36.47964456995854,36.712495002989485,10268900
2023-06-08,37.94465637207031,38.04167523371799,37.10058043243205,37.10058043243205,14879500
2023-06-09,38.109588623046875,38.71111739982102,37.915550902572406,37.954356226047935,14940000
2023-06-12,39.002166748046875,39.021571254861094,38.361832827302685,38.400641840931115,10953500
2023-06-13,40.321651458740234,40.408969905900214,39.00217434655921,39.18651164566051,14333300
2023-06-14,40.93287658691406,40.97168560781808,40.24403312051151,40.46717943916169,13048900
2023-06-15,41.60232162475586,41.73814950466127,40.40897192140271,40.49629037291792,14463100
2023-06-16,41.5150032043457,41.87397741594069,41.28215276645329,41.58291714434929,12219200
2023-06-20,41.2142333984375,41.36946576957725,40.87466374314168,41.15601987137322,12208700
2023-06-21,41.5150032043457,41.75755404751057,41.09781545801956,41.2239429327543,9063100
2023-06-22,41.660526275634766,41.81575864779101,41.214233668314534,41.34036112726388,7195500
2023-06-23,41.58291244506836,41.718740309725646,40.83585548842156,40.99108786246299,19597400
2023-06-26,41.85456848144531,42.28146028896491,41.38887135590448,41.57320864485863,10820000
2023-06-27,44.7166748046875,44.891311712577334,42.07772037526979,42.37848476130945,25947100
2023-06-28,45.31819152832031,45.512232912571015,44.67785755101508,44.891303443794015,17184100
2023-06-29,44.930118560791016,45.99734076751404,44.842800111074986,45.35700670327381,15246600
2023-06-30,46.12345886230469,46.30779612932489,45.104746290084364,45.259978646793826,13335700
2023-07-03,46.53095245361328,46.73469427182493,46.02644626016149,46.02644626016149,6305700
2023-07-05,47.07426452636719,47.3653247759521,46.23988909680041,46.29810262713014,10488400
2023-07-06,45.91972351074219,47.00635015969216,45.83240506656565,46.560057534359544,15081900
2023-07-07,46.45334243774414,46.9481445710848,45.745094360083115,46.07496368265438,14600600
2023-07-10,47.016048431396484,47.16158039876637,46.239886574497675,46.404823050918985,10141000
2023-07-11,47.21009063720703,47.33621809770641,46.5794570357419,47.132476300690925,9937300
2023-07-12,46.52124786376953,47.57876958354561,46.45333393047461,47.24890032138522,15383400
2023-07-13,46.28839874267578,48.32582790156654,45.82270160090895,48.267614370958725,32909200
2023-07-14,45.199493408203125,46.492572229516966,44.66475780022543,46.453681692790276,18178700
2023-07-17,45.500885009765625,45.88005846428611,45.034209703524596,45.1994926273548,9712500
2023-07-18,47.02729415893555,47.04673942317651,45.423098801507905,45.51060063618977,11640400
2023-07-19,47.20230484008789,47.27036142063844,46.57035034800348,46.77452008965511,9050800
2023-07-20,47.338417053222656,47.445364165890574,46.37590045682223,46.793964419721135,10591000
2023-07-21,47.20230484008789,47.73703670533023,46.949523785015224,47.542591451646096,8909700
2023-07-24,46.162010192871094,46.91063633698432,46.016176243013646,46.77452316692841,9434100
2023-07-25,45.15088653564453,45.491173230238985,44.1883696850975,45.36478081745782,13411000
2023-07-26,45.14115905761719,45.481441992925774,44.6939289972671,45.15087983770922,8056600
2023-07-27,44.48003005981445,44.87864876008571,44.13002267249229,44.75225637937372,8835300
2023-07-28,44.45086669921875,44.868930691687254,44.22725167909931,44.78142883957046,8272200
2023-07-31,44.97587203979492,45.04393232947957,44.45086465998512,44.53836650808767,7190000
2023-08-01,44.13975143432617,44.48003436672414,43.03139336421748,44.47031358671526,9002800
2023-08-02,43.556400299072266,43.82863032756518,43.39112109320643,43.6633474128939,7641900
2023-08-03,42.96333312988281,43.40084236925137,42.7980539221244,43.089725512101616,7096100
2023-08-04,43.35223388671875,43.566128130779035,42.982781203925285,43.2355659848703,7244100
2023-08-07,43.98418426513672,44.1591842322135,43.25500351856407,43.44944875060605,5994000
2023-08-08,44.51892852783203,44.664762492669745,43.36195904589988,43.38140431630613,5892100
2023-08-09,43.7800178527832,44.81059480825031,43.50779151725839,44.47031188884429,6073200
2023-08-10,43.6147346496582,44.44113806911895,43.255006495060556,44.168911758483475,6926200
2023-08-11,42.943885803222656,43.44945159904664,42.875829225785324,43.36194975536931,5489100
2023-08-14,43.002220153808594,43.10916726012439,42.486933596619956,42.77860516278701,6363300
2023-08-15,41.82581329345703,42.836944945130945,41.76747749127393,42.66194124738717,7020200
2023-08-16,41.48552703857422,42.535549234181836,41.37858363018209,41.845258925294736,5617100
2023-08-17,40.6202278137207,41.56330277101517,40.56189572732646,41.485521710749396,6408100
2023-08-18,40.338287353515625,40.474400522483904,39.95911018578237,40.19244969601778,6282000
2023-08-21,40.58134841918945,40.69801632213442,40.08550334126324,40.532733393223765,4164700
2023-08-22,40.454952239990234,40.989684096297395,40.08549958831393,40.853570937470714,4249200
2023-08-23,41.02857208251953,41.22302102968701,40.114663143473955,40.45494972821833,7094300
2023-08-24,40.736900329589844,41.30079819410708,40.552172161664494,40.83412294832569,5478200
2023-08-25,40.542457580566406,40.989687629202436,39.99800118952749,40.931351823760714,5804500
2023-08-28,41.232749938964844,41.261915988709546,40.571625613508296,40.571625613508296,4454500
2023-08-29,42.554996490478516,42.836947320120615,41.067468685989624,41.193857367852026,8969800
2023-08-30,42.02997970581055,42.63276811202557,42.020258927286775,42.56471153594349,5511900
2023-08-31,41.689701080322266,42.37027061940847,41.25219182599502,42.33138008373369,6506500
2023-09-01,41.67025375366211,41.99109138511323,41.164687941285536,41.903589538571026,5200300
2023-09-05,40.600791931152344,41.32997285002855,40.163286346871374,41.3008068000914,8261200
2023-09-06,40.55216979980469,41.52441076575813,40.3382793092823,40.3382793092823,7535200
2023-09-07,39.988277435302734,40.51328481000451,39.832719007834534,40.34800560342193,7242800
2023-09-08,39.68688201904297,40.34800627397152,39.61882543769493,40.00772336723132,8049900
2023-09-11,39.70632553100586,40.04660842270234,39.59937841967115,39.95910657786534,6422500
2023-09-12,39.560489654541016,40.104946014391224,39.472987805793764,39.774383886768874,6840000
2023-09-13,38.45214080810547,38.986872755406885,38.18963522478164,38.403529487224624,11263000
2023-09-14,38.23824691772461,39.16187306028143,37.84934896700173,39.08409569542029,13190400
2023-09-15,38.792423248291016,38.996592999044864,38.024351852058174,38.20907633481561,9842300
2023-09-18,37.810455322265625,38.72436431870217,37.654896896524036,38.481304046680606,8517700
2023-09-19,38.354915618896484,38.42297220537071,37.56739892123008,37.79101394947481,8175500
2023-09-20,37.80073928833008,38.763256009427735,37.69379216180681,38.66603337193707,7000200
2023-09-21,37.23683547973633,37.84934844560514,37.14933362746935,37.509065525014506,7938900
2023-09-22,36.62432098388672,37.35350181938141,36.478487042071094,37.314614993513885,7754200
2023-09-25,36.51737976074219,36.682658979779205,36.0701460028655,36.36182132155204,7346900
2023-09-26,35.749305725097656,36.653490245637784,35.70069441181382,36.16736969518849,8988900
2023-09-27,35.642364501953125,36.11876435201246,35.51597209947924,35.749311634138245,7996900
2023-09-28,35.92430877685547,36.429874585328875,35.39929770165554,35.681248505982026,8247600
2023-09-29,35.97291946411133,36.439594731021536,35.7201384186703,36.21597973076073,7990300
2023-10-02,35.438194274902344,36.16737521179825,35.29235660400075,35.943760169540234,5799800
2023-10-03,34.261775970458984,35.28262832334929,34.15482886237238,35.13679068344843,9406100
2023-10-04,35.05901336669922,35.25345860837121,34.3784438944315,34.485391002634245,9430500
2023-10-05,35.428470611572266,35.63264409735646,35.010406567966044,35.457640371716366,8342200
2023-10-06,35.97291946411133,36.2937607963151,35.25345944295475,35.321519729717494,9785200
2023-10-09,34.3006706237793,34.79651574559179,33.72704812938815,34.71873466420705,14475900
2023-10-10,34.83540344238281,35.65208247741379,34.71873182983057,34.74790158737152,12365700
2023-10-11,35.079139709472656,35.70311492595648,34.455164492988835,34.86464683411172,14319300
2023-10-12,34.269927978515625,36.1418538992071,34.045683365862395,36.083354819490665,29838600
2023-10-13,33.24620819091797,34.542909649808166,33.09996609832989,33.90918275770333,14423600
2023-10-16,33.558197021484375,33.87993633156881,33.04146824743007,33.255961120819684,10136900
2023-10-17,33.81169128417969,34.30892039754152,33.41195690859521,33.470455982773125,10331900
2023-10-18,32.31025314331055,33.24621614898117,32.19325869739831,33.24621614898117,14724500
2023-10-19,31.891016006469727,32.77823155254049,31.842268635205933,32.37849715747973,13407100
2023-10-20,31.423032760620117,31.900765897880742,31.384033378152758,31.774019764454728,8364900
2023-10-23,31.237789154052734,31.77401760946021,30.98429876398598,31.198789774230413,12427600
2023-10-24,31.21828842163086,31.63752244275693,31.09154230103368,31.29628345948536,8662800
2023-10-25,30.62356185913086,31.130542637942106,30.54556495928242,31.06229558302382,11186400
2023-10-26,30.808805465698242,31.19878996838449,30.399321272979485,30.69180918509597,10230800
2023-10-27,29.882591247558594,31.003797412749286,29.83384388108663,30.96479989149028,10826500
2023-10-30,30.448070526123047,30.613814182489225,30.077585690500776,30.077585690500776,10783100
2023-10-31,30.467565536499023,30.535812585765964,29.989834332037834,30.360319110740907,9104300
2023-11-01,30.331077575683594,30.808808876817256,30.067837309877394,30.604065827992542,9336700
2023-11-02,31.21828842163086,31.286535474448087,30.779554711244806,30.867301453322018,9711700
2023-11-03,32.514991760253906,32.69048527471914,31.696023265811505,31.744774356974357,12310200
2023-11-06,32.095760345458984,32.885481226463334,31.647278535144295,32.7879864743728,8225800
2023-11-07,32.60272979736328,32.68072854701296,31.79351322526584,32.18349581595898,10497700
2023-11-08,33.314456939697266,33.84093742584732,32.87572692042457,32.904974596593235,14144100
2023-11-09,32.64173126220703,33.762939185507975,32.4759894873668,33.55819431416049,8513100
2023-11-10,33.207210540771484,33.275457590392584,32.60273135957711,32.75872514716609,7536700
2023-11-13,33.314456939697266,33.52894981609596,32.846475525070225,32.94397397760857,7144400
2023-11-14,34.357669830322266,34.60141038220848,33.99693113571699,34.240671687603204,10993800
2023-11-15,34.864646911621094,35.547121200862144,34.61115837405562,34.620906359691126,10580600
2023-11-16,34.620906829833984,35.283881437621375,34.39666596531556,34.79640032714157,7756300
2023-11-17,35.15713882446289,35.186386500783996,34.630658335568796,34.88414687511835,8447200
2023-11-20,35.58612060546875,35.683615338631384,34.82565127308034,35.04989213470293,7784200
2023-11-21,34.98164367675781,35.439873367294474,34.806150188744446,35.37162631297656,7345000
2023-11-22,35.04989242553711,36.11260139024482,34.88414691476252,35.87860882185296,12367700
2023-11-24,35.19613265991211,35.42037723068856,35.04989056671045,35.25463172870408,4392600
2023-11-27,34.94264602661133,35.09863983265571,34.77690051564722,34.99139339365288,7147100
2023-11-28,35.137638092041016,35.225384837588386,34.5721582386945,35.01089196643135,7810200
2023-11-29,35.72261428833008,35.995602513238495,35.4301263731874,35.44962606342166,9311600
2023-11-30,36.005348205566406,36.29783607186776,35.28387466411706,35.79085536799241,11392800
2023-12-01,37.097312927246094,37.165559987319,36.04435562955992,36.054103615633544,11014200
2023-12-04,37.204559326171875,37.69204045136762,36.76582556965854,37.04856551487667,9760000
2023-12-05,36.668331146240234,36.980318771501814,36.43433856770112,36.81457325353955,7828100
2023-12-06,37.965030670166016,38.530510590076446,37.1753135864659,37.282560034668634,12499700
2023-12-07,39.32997512817383,39.5054686209564,38.42325998852574,38.46225936896312,12122600
2023-12-08,39.33972930908203,39.71996774944962,38.86199984063893,39.25198254887201,8728400
2023-12-11,39.4957160949707,39.61271423384995,39.1057334562632,39.398221365090215,7295400
2023-12-12,40.20744705200195,40.421936229827985,39.50547300300686,39.50547300300686,8448900
2023-12-13,40.15869140625,40.324436913100435,39.115482156872545,39.84670380190453,12821300
2023-12-14,41.37739181518555,41.6308840539158,40.451180759044995,40.490176418000466,14530800
2023-12-15,41.27989196777344,41.52363247213696,40.928905046420375,41.52363247213696,12907200
2023-12-18,40.14894104003906,41.12390317560254,40.07094228398499,40.948409693666285,8624000
2023-12-19,40.119693756103516,40.665670177047694,40.03194701428243,40.38293026238136,7560000
2023-12-20,39.32997512817383,40.3926840703858,39.261728072001226,39.74920916991157,9695100
2023-12-21,40.0904426574707,40.558424044228865,39.749207391871664,39.83695413433791,7709400
2023-12-22,40.10019302368164,40.24643511012197,39.86620047851765,40.03194597283909,6839000
2023-12-26,39.73945617675781,40.10019485532907,39.729708191557336,39.983196717810316,4722900
2023-12-27,39.5737190246582,39.85645897796764,39.38847753068957,39.70046516220828,4486400
2023-12-28,39.61271286010742,39.70045960163108,39.437219377060096,39.48596674030982,4558100
2023-12-29,39.22272872924805,39.641962771388584,38.9789881800587,39.51521664443815,8624200
2024-01-02,39.437225341796875,39.91495478075854,38.57925748593273,38.96924388928534,9483800
2024-01-03,37.77003479003906,38.803492274056055,37.70178401885954,38.66699817006781,11846200
2024-01-04,38.21852111816406,38.68650255399638,37.69204060815802,37.770039373722994,8355800
2024-01-05,39.52497100830078,39.71996420460809,38.08202730632409,38.16977405870309,11060000
2024-01-08,40.58768081665039,41.04591055986868,40.080699984012625,40.19769441641028,11967400
2024-01-09,41.26039505004883,41.32864209831578,40.256185294819204,40.3634317190059,11894000
2024-01-10,41.055660247802734,41.455394614770775,40.928914116075575,41.17265467445086,10255600
2024-01-11,41.201904296875,41.30915074269404,40.44143490897411,40.80216991103146,10485200
2024-01-12,37.506797790527344,39.7394584475669,37.419051041966966,39.144734617530666,42272200
2024-01-16,36.53183364868164,37.23380388104863,35.430125356758516,37.18505651645427,27511600
2024-01-17,36.2100944519043,37.01931483940168,36.06385235770086,36.36608825056595,11165800
2024-01-18,37.13631057739258,37.32155205763614,36.21984744260796,36.36608954200477,13540800
2024-01-19,36.346588134765625,37.29230262010771,35.771360311596546,37.22405556644235,19117400
2024-01-22,36.054100036621094,37.224055366166894,36.054100036621094,36.71707459939086,11661700
2024-01-23,37.05830764770508,37.99427408682942,36.72682038616182,37.107058727873245,15332500
2024-01-24,37.23380661010742,37.731039435297056,37.07781280046055,37.4385515071074,9694900
2024-01-25,39.173980712890625,39.30072683773685,38.033273027645684,38.07227240747307,19386400
2024-01-26,38.63774871826172,39.55421174514551,38.598749342006606,39.25197215794623,8126600
2024-01-29,39.08623504638672,39.164230089008065,38.35501339078147,38.628001618734686,7247500
2024-01-30,38.5305061340332,39.02773521370345,38.42325969823349,38.598753189690186,6610800
2024-01-31,38.1600227355957,38.75475031665691,37.90653418128704,38.40376330362499,8183300
2024-02-01,38.764495849609375,38.81324693547861,37.63353983429684,38.423260563638834,9865500
2024-02-02,38.97898864746094,39.12523446640245,38.17951993406818,38.462259867122754,7513500
2024-02-05,38.257511138916016,38.559746983555264,37.984519245428544,38.45250056674072,7931900
2024-02-06,39.173980712890625,39.27147544327353,38.06252442210901,38.27701357278851,7579200
2024-02-07,39.20323181152344,39.407972994717554,38.793749445135205,39.30073026960579,6544000
2024-02-08,39.33972930908203,39.476227162109126,38.55976017342968,39.29098193545117,7611500
2024-02-09,39.4957160949707,39.84670307323734,38.95948764225692,39.50546779947008,7769400
2024-02-12,39.56396484375,39.91494808486532,39.2714732307092,39.31047260833935,6677300
2024-02-13,39.008235931396484,39.09598267804208,38.374512733787775,38.84249414283572,8855300
2024-02-14,39.81745529174805,40.100195214505966,38.94973955289871,39.36897358479893,8961800
2024-02-15,39.973453521728516,40.382935894546726,39.778460321687774,40.15869501621495,7291500
2024-02-16,39.115478515625,39.61271127070346,38.97898441632825,39.53471251728516,7674100
2024-02-20,39.583465576171875,39.86620551923251,38.8424959079702,38.96924204092597,8190900
2024-02-21,39.73945617675781,39.95394904302337,39.1154809867331,39.48596765050483,5903000
2024-02-22,41.065406799316406,41.328647039469246,39.914951106434636,39.97345017730826,12389000
2024-02-23,40.77222442626953,41.05563349942517,40.49858280910195,41.016545035289774,9103400
2024-02-26,40.84062957763672,41.23154027388899,40.68426455352856,40.81130857259152,7783300
2024-02-27,41.02631378173828,41.29995165461105,40.81131046560316,41.11426934488116,7119400
2024-02-28,41.055633544921875,41.16313520949577,40.55722114230438,40.57676723841205,7376400
2024-02-29,41.30972671508789,41.729958437393286,41.036088841228164,41.211996240111965,10294100
2024-03-01,41.20222091674805,41.36836084349562,40.58653203438994,41.241313102810544,5332300
2024-03-04,40.62562942504883,41.49541017216966,40.273807161486125,40.938359497540894,8206500
2024-03-05,40.85040283203125,40.91881230054515,40.23471388736975,40.31289826740645,7123200
2024-03-06,41.065406799316406,41.29995248706739,40.781994009250525,41.02631460867908,6435500
2024-03-07,41.80813980102539,42.257692537494385,41.182679662678176,41.24131794866191,9519200
2024-03-08,41.28041076660156,42.2870104590478,41.133816913432874,41.857007539409025,8222400
2024-03-11,41.71041488647461,41.729960982661986,40.99699915180037,41.1045008168126,8031400
2024-03-12,41.788597106933594,41.788597106933594,40.66472449437868,41.29018468363303,15141900
2024-03-13,42.912471771240234,43.45975127947787,41.66155144159609,41.71041481796594,12386600
2024-03-14,42.081783294677734,42.91247187916434,41.7983704917685,42.814745126178856,9658300
2024-03-15,42.14041519165039,42.50201235652157,41.98405015993511,42.003596254904075,8026800
2024-03-18,42.453147888183594,42.658380034068756,41.65177658493419,42.34564995124151,8313200
2024-03-19,42.746334075927734,42.795197450617174,42.23814677747722,42.38473690154554,5358600
2024-03-20,44.34907531738281,44.417484785538036,42.62905624595793,42.96133240329889,9632600
2024-03-21,44.95499801635742,45.003861399028644,44.18294389482585,44.466356733570926,9868900
2024-03-22,44.55430603027344,45.10158553190698,44.544534846332034,44.95499167652974,6666100
2024-03-25,44.3881721496582,44.55431212367673,43.55748346367691,44.446810445436,8827000
2024-03-26,44.8865852355957,45.072267567312515,44.40771517332822,44.5445378540024,7468400
2024-03-27,46.235233306884766,46.420915627300786,45.00385535201796,45.16022039237793,10201400
2024-03-28,46.78251266479492,46.96819872745972,46.176598553028796,46.22546193287435,13599400
2024-04-01,47.12456512451172,48.082301563354434,47.11479021144152,47.39820304188478,13772800
2024-04-02,45.83454513549805,46.3525036041782,45.34590394526048,46.245001945840116,9990900
2024-04-03,45.51203918457031,46.39159479935221,45.44362971764687,45.72704249663619,11209100
2024-04-04,44.83771896362305,46.97796614472739,44.62271563590089,46.147277569860805,10628300
2024-04-05,45.013633728027344,45.404544494990986,44.4174908007681,44.94522425060778,7632900
2024-04-08,45.94204330444336,46.31341165480316,45.24817370543049,45.267719800505894,9977500
2024-04-09,46.24500274658203,46.41114269271849,45.37522200938456,46.07886652848206,13330700
2024-04-10,45.18954086303711,48.12138813094591,44.68135355590186,46.76296243193077,34952500
2024-04-11,46.54795837402344,46.79227895627293,45.52181267418281,45.67817769770104,14073300
2024-04-12,45.79545593261719,45.88341150171842,45.042948003203676,45.72704645976474,16612000
2024-04-15,45.59022521972656,46.733643832463244,45.23840296102713,46.19613926079977,12122000
2024-04-16,45.492496490478516,45.70749981861541,44.60316962596222,45.54135986649964,11692900
2024-04-17,46.79228210449219,47.095237260921415,46.07886640368888,46.6359170704536,13841600
2024-04-18,46.762962341308594,48.092067030004095,46.723873877786694,46.90955619563458,12255100
2024-04-19,46.48932647705078,47.64252008189129,46.42091700286844,46.71410099622658,9271700
2024-04-22,47.9063835144043,48.062748548692184,46.71409779793632,46.71409779793632,10442100
2024-04-23,48.111610412597656,48.49274993870752,47.10501076897045,47.32001035434431,10669300
2024-04-24,46.850921630859375,48.15070914317955,46.655468113610304,48.082299666535,10329500
2024-04-25,48.74685287475586,48.80548743969142,45.805230417948806,46.21569101268239,12946800
2024-04-26,48.78593444824219,49.09866823853376,48.06274757729078,48.6295694171146,9983000
2024-04-29,49.30389404296875,49.58730681195383,48.619795669846084,48.69798004530523,9601300
2024-04-30,48.932525634765625,49.57753181909306,48.639341683350644,48.707751147746265,11063500
2024-05-01,48.883670806884766,49.35276595673285,48.160480120845925,48.90321690413304,10368700
2024-05-02,49.870723724365234,50.02708877192755,49.09867339904698,49.44072077557805,8196100
2024-05-03,50.37890625,50.47663672541665,49.665490555622505,50.19322393876305,9165900
2024-05-06,51.727561950683594,51.795971426022184,50.50595885101326,50.77959675236764,8541200
2024-05-07,51.01414108276367,51.33664233022422,50.82845504425216,50.955502797754285,6583900
2024-05-08,51.09232711791992,51.551651078797576,50.77959702099291,50.9750542635815,5125500
2024-05-09,51.5516471862793,51.69824103916106,50.83823147353024,50.94573313523866,4601700
2024-05-10,51.405052185058594,51.942560481593276,50.975049275867306,51.747103258129435,6118900
2024-05-13,51.88483428955078,52.73668839378023,51.69879456743884,51.85545743413779,7137400
2024-05-14,51.95337677001953,52.393988537684386,51.83587681251384,52.31565896781816,5549600
2024-05-15,52.14920425415039,52.41357356440887,51.8946284749039,52.20795423480928,5655300
2024-05-16,51.41484451293945,52.36461529058126,51.37568159566883,52.21774594675692,4801100
2024-05-17,51.60088348388672,52.10024522175066,51.336514186733744,51.43442708117374,4535300
2024-05-20,51.88483428955078,52.129620252213975,51.454008604775645,51.473591930005185,4470500
2024-05-21,51.14068603515625,51.77713107150867,50.93506671023166,51.61067466432857,6094900
2024-05-22,50.50424575805664,51.30714348273256,50.07342003789261,51.12110374533894,6309900
2024-05-23,50.132171630859375,50.64132693961483,49.46635343749746,50.57278716104561,6112500
2024-05-24,50.758819580078125,50.797986232244675,50.04404498615746,50.37695405929808,5197700
2024-05-28,49.23135757446289,50.68049020061323,49.153027999201214,50.63153374918245,6060800
2024-05-29,48.859283447265625,48.95719634590237,47.27306759635927,47.90951264291107,10796100
2024-05-30,49.064903259277344,49.1040699131733,48.359918429700976,48.95719682863232,4909200
2024-05-31,49.9559211730957,50.014671150506715,49.17260681663627,49.348853013731826,7780900
2024-06-03,49.73072052001953,50.56299135673921,49.40760123402916,50.37695535686264,5403300
2024-06-04,48.82011032104492,50.31819913536455,48.27178845001935,49.544674639222364,7232200
2024-06-05,49.76009750366211,50.621745264695065,48.76137018101576,48.957199726951146,10234100
2024-06-06,49.37822723388672,50.58257378408669,49.25093748089849,49.93633895873213,5228700
2024-06-07,49.38801193237305,49.65238120661639,48.94740021043798,48.95719000497862,4743500
2024-06-10,49.44676971435547,49.80905193177059,48.96698753307239,49.25094017637998,3734400
2024-06-11,48.26200485229492,49.143232141751504,48.02700866735725,49.08448589687032,7120800
2024-06-12,49.56426239013672,50.122374105519825,48.76136470361584,48.908237780353495,6810000
2024-06-13,49.1236457824707,49.4467650499203,48.320748114134474,49.35864195290109,5250400
2024-06-14,47.70389175415039,48.59491254909228,46.43100170268695,48.48720612303268,12323500
2024-06-17,48.67324447631836,48.741784253469774,47.488481202543625,47.59618763382091,5288500
2024-06-18,48.545955657958984,48.878860993447866,48.15429660952647,48.545955657958984,5026600
2024-06-20,48.5753288269043,48.71240837344879,48.25220955136014,48.33054285517842,5303100
2024-06-21,48.35013198852539,48.5655411296237,47.703897094954534,48.52637820814817,9374800
2024-06-24,48.36971664428711,49.319483814833006,48.31096665775454,48.38929623799324,6695400
2024-06-25,47.79201889038086,48.81032578836039,47.664729127456724,48.51658334211364,7726200
2024-06-26,47.17515182495117,47.459104442898905,46.16663483688414,46.90099273735332,10964200
2024-06-27,47.586395263671875,47.625561918753284,46.8716206165563,47.145783466988355,6504900
2024-06-28,46.45058822631836,47.48848217099381,46.04913935118557,47.410148861144584,11892900
2024-07-01,45.94143295288086,46.900997323579446,45.76519047586078,46.81287421750051,9064600
2024-07-02,45.73581314086914,46.30371842638428,45.549777134478546,46.01976578362671,6361900
2024-07-03,46.40163040161133,46.479963709141664,45.931641761842364,46.16663794929569,3543200
2024-07-05,45.060203552246094,46.16663722536741,45.00145357251959,46.16663722536741,9605500
2024-07-08,45.38331985473633,46.31350733922561,45.31478007815542,45.84351869904041,7404000
2024-07-09,45.91205596923828,46.61704075859913,45.295194278547534,45.402900703048495,9369500
2024-07-10,45.88268280029297,46.30371496737432,45.51060708016905,46.147052096028055,11416100
2024-07-11,44.05168151855469,44.09084443212878,41.290492546603524,42.11297349385474,33857200
2024-07-12,42.71025848388672,43.94398196500573,42.64171870550653,43.5327395595868,16717000
2024-07-15,42.103187561035156,42.710255731192966,41.82902846518406,42.7004659356858,12563800
2024-07-16,45.060203552246094,45.08957667454054,42.2598513492889,42.338184655590915,15554000
2024-07-17,44.80562210083008,45.0699913954399,44.35521681451889,44.38459367067829,7160500
2024-07-18,43.9831428527832,45.82393445814579,43.660027303223416,44.79583409480084,10441500
2024-07-19,44.49229049682617,44.903532812632164,43.13128128679732,43.80689286237781,8789800
2024-07-22,42.9158821105957,43.983145454964344,42.64171925838246,43.71877986929182,14486000
2024-07-23,42.700469970703125,43.12150218491028,42.338187740503216,42.92567264002404,10772600
2024-07-24,42.044437408447266,42.98441838415628,41.917151391693594,42.573176006945296,7120100
2024-07-25,42.563385009765625,43.08233006300788,41.623404060595554,41.84861043648221,9293100
2024-07-26,43.20962142944336,43.3564907736212,42.45568017689022,43.05295855457112,8721400
2024-07-29,42.27943420410156,43.25857811112543,42.26964067335428,43.20962166280175,7832300
2024-07-30,42.475948333740234,43.32094814588662,42.33839092211796,42.64298501082325,6087700
2024-07-31,42.26960372924805,43.1735543945004,42.11239475493643,42.495591395561135,7718200
2024-08-01,40.776123046875,42.62333159824182,40.255368939903846,42.564376817993725,9729500
2024-08-02,39.13525390625,39.980249924559274,38.899438536103546,39.95077440885027,9378300
2024-08-05,37.268394470214844,38.05443947160587,36.649382391800195,36.85571850188567,19882800
2024-08-06,37.55333709716797,38.23130021066336,36.973628203660354,37.563161019903454,7541400
2024-08-07,36.669029235839844,38.15269249769391,36.63955372340491,38.06426221223136,10595700
2024-08-08,38.919090270996094,39.01734448915593,37.101357249773805,37.140660436301005,9297300
2024-08-09,38.6144905090332,39.05664192193188,38.18216676539762,38.830654254929804,8279500
2024-08-12,38.378684997558594,38.52606632642182,38.13304570129502,38.319730217118384,10284000
2024-08-13,38.811004638671875,39.00751680419545,38.41798030762473,38.64397173427941,7616400
2024-08-14,38.01513671875,39.17455451460531,37.97583727935019,39.04682477727897,5936300
2024-08-15,39.47915267944336,39.87217709935979,38.5850256848842,38.643980472319264,9742600
2024-08-16,39.44967269897461,39.57740243506937,39.09595151067911,39.40054184092161,4633800
2024-08-19,39.76408767700195,39.89181740338598,39.312108555120666,39.52827232001355,5246900
2024-08-20,39.42018508911133,39.842684891446375,39.36123406898105,39.793557791952,4108400
2024-08-21,39.47915267944336,39.73461592867798,39.21386175822357,39.62653777395168,6508200
2024-08-22,39.43984603881836,40.02938261713822,39.37106733357145,39.54792793225158,4620900
2024-08-23,40.65821075439453,40.71716177708876,39.39071129226217,39.73460475183718,6033500
2024-08-26,40.265193939208984,41.218275630501495,40.098161012943606,40.89402995270405,6110900
2024-08-27,40.09816360473633,40.41258163180665,39.78374557766601,40.343802922644926,5348200
2024-08-28,39.724788665771484,40.22589119829388,39.43984617269094,40.06868219317329,7586900
2024-08-29,40.83507537841797,41.14949335790378,39.93112087627778,39.940948546475575,8824200
2024-08-30,41.74885559082031,41.86676140113824,41.080716418755166,41.17897063599375,8652000
2024-09-03,41.63094711303711,41.99449597220509,41.31652911192194,41.365656221816515,7690200
2024-09-04,41.63094711303711,42.12222570829934,41.424611002584946,41.54251681596358,7096300
2024-09-05,41.4344367980957,43.1244364415947,41.33618257386556,42.07310050006685,18941400
2024-09-06,41.296875,42.28925980088151,40.75646932779777,41.40495688407204,8498200
2024-09-09,42.9180908203125,43.30128745739711,41.817628010297646,41.817628010297646,12176000
2024-09-10,42.64297866821289,43.23251141552511,42.04361825115605,43.15390505019933,7184800
2024-09-11,43.507625579833984,43.56658035299088,42.27942925024826,42.75105619103025,6984900
2024-09-12,43.497806549072266,45.7380357067068,42.11240108345751,45.472744819909316,13654900
2024-09-13,44.39193344116211,44.87338435767033,44.067687774480184,44.1364664768385,9391400
2024-09-16,44.529483795166016,45.09936866522408,44.27402061945012,44.27402061945012,7171400
2024-09-17,45.86576461791992,46.60268242508681,45.01094101109051,45.158322323629214,8579600
2024-09-18,46.10158157348633,47.133269621911296,45.639782242755594,45.99350343099751,7584000
2024-09-19,46.307918548583984,46.96623002603078,46.052451596024035,46.85814814211373,6676800
2024-09-20,46.12123489379883,46.33739868318586,45.70856265750545,46.239144459732685,9728200
2024-09-23,46.33739471435547,46.60268559274673,45.68890714989617,46.052452243325064,5449600
2024-09-24,46.96622848510742,47.05465877376023,46.052450085081,46.543728633561535,6652700
2024-09-25,47.899662017822266,48.33198582310773,47.12344095428319,47.143092547454096,9203400
2024-09-26,50.906288146972656,51.08314873679972,48.793788739681666,49.12785832622633,17920400
2024-09-27,50.6410026550293,51.53512962185653,50.31675695643114,51.112629695406,10931300
2024-09-30,49.904075622558594,50.709772138474044,49.393145484731605,50.562387075350884,8083200
2024-10-01,49.08855438232422,50.090763126489094,48.22390678780235,49.91390253939188,10546000
2024-10-02,47.555763244628906,48.518668714487546,47.359251082826425,48.518668714487546,8142000
2024-10-03,46.63216018676758,47.6540204948754,46.0819305963695,47.57541412587111,9561800
2024-10-04,48.42041015625,48.78395896291043,47.506631801187076,48.214074075599065,8574400
2024-10-07,48.60710144042969,48.81343753401135,48.056868109387345,48.21407709709117,7103400
2024-10-08,49.737037658691406,50.30692255639942,49.02959911953101,49.05907463211668,8425800
2024-10-09,50.090763092041016,50.97506602691896,49.73704191808984,49.91390250506543,9670500
2024-10-10,49.558616638183594,50.75101830189919,48.5731599721273,49.77541454844716,16893700
2024-10-11,50.583492279052734,50.77072769156639,48.72097602960725,49.24327061688234,8037200
2024-10-14,52.40658187866211,52.59381727787832,50.32726786745752,50.60319451034848,9581400
2024-10-15,51.963134765625,53.500448672293075,51.78575224719333,53.05699237621389,9175400
2024-10-16,55.49106216430664,55.65858798087032,52.42629155533438,52.47556363319319,18957900
2024-10-17,54.45633316040039,55.23484482090861,54.25924483656134,54.69284441191359,8349900
2024-10-18,54.98847961425781,55.42208294060735,54.062151728434344,54.74211545491148,8222100
2024-10-21,54.29866027832031,54.407061112028,53.658115707022105,53.88477028694783,6869400
2024-10-22,54.003028869628906,54.41692265728816,53.38219006774959,54.2789593144748,5701400
2024-10-23,53.85520553588867,54.28880509335072,53.451168473938985,53.598984710719414,6624000
2024-10-24,53.97346115112305,54.94906112909028,53.332912825178624,54.476042388376044,5724600
2024-10-25,53.332916259765625,54.46619298350495,53.086552081493515,54.20011921986479,5982900
2024-10-28,54.57459259033203,55.81626636671206,54.55488300540931,54.692846340649425,10898800
2024-10-29,56.50608444213867,56.5356469386786,53.80593156800132,53.90447948849906,9524100
2024-10-30,57.609798431396484,58.21092762667073,56.289286288091766,56.289286288091766,11089000
2024-10-31,56.38783264160156,58.230635587452255,56.26957513292553,57.45212390515348,7749400
2024-11-01,57.54081344604492,58.329178017681485,56.65390471266085,56.65390471266085,9588400
2024-11-04,56.0626335144043,57.2747448573309,55.98379892974896,56.979108586239875,7959800
2024-11-05,57.4422721862793,57.77732761605418,56.24987047648773,56.259723389472725,5390600
2024-11-06,61.413658142089844,61.74871355353949,59.4526015132789,59.62012733939432,16683600
2024-11-07,59.551151275634766,61.56148393341231,59.53144168966999,60.75340970495217,7400000
2024-11-08,60.162132263183594,60.81253355081513,59.62013181669383,60.02416892326465,4646000
2024-11-11,62.635623931884766,62.91155058170381,59.945327818493126,60.19169197275117,8087400
2024-11-12,63.11850357055664,63.17762856565249,61.89653562925059,62.28086313424927,6598700
2024-11-13,63.52253341674805,64.78391669918852,63.07908094097793,63.32544509828075,8528900
2024-11-14,63.90686798095703,65.28650891839183,63.68021714145256,64.07439382205828,7311800
2024-11-15,63.138206481933594,64.88246142269465,62.931261490211945,64.48828478233196,9852600
2024-11-18,62.320281982421875,63.14806574246531,61.47278863770848,63.14806574246531,6628900
2024-11-19,63.80831527709961,64.2123560946539,60.39863632048946,60.79281670759674,9800400
2024-11-20,62.71446228027344,64.10395980275125,60.76325851224297,63.16777144917348,10922900
2024-11-21,62.418827056884766,64.10396085816244,62.36955497410074,63.75904500101741,9931500
2024-11-22,62.418827056884766,62.69475372785046,61.985227465478815,62.527227894540985,6625400
2024-11-25,63.552093505859375,64.23206096016374,63.039659386188625,63.394424360744196,7901300
2024-11-26,63.20718765258789,64.98101259412739,63.059371413605405,63.91671762920369,5499600
2024-11-27,62.69475555419922,63.463414353053665,62.31042803438152,63.13821183061158,5557400
2024-11-29,62.891845703125,63.14806654788341,62.635628617585525,62.724319870122066,3111400
2024-12-02,62.4878044128418,63.295882303460395,62.24144025670235,63.06922397169965,6299600
2024-12-03,61.6600227355957,62.60606022422352,61.167294407033026,62.487806477949746,5337600
2024-12-04,63.32544708251953,63.33529623584532,61.85711500492976,62.0049312484119,5301200
2024-12-05,64.81348419189453,66.51832759997704,64.39959418014202,65.67083423204303,9380100
2024-12-06,63.59151840209961,66.13399844270984,63.23675339557549,66.0058917808575,8635300
2024-12-09,61.35453414916992,63.91672389407478,61.29540915146921,63.53239637214382,6331700
2024-12-10,61.85711669921875,63.31559214499326,61.43337002303615,62.75388213409426,6552600
2024-12-11,62.55678939819336,63.0495177366409,61.758568136589545,62.064061059745825,7100300
2024-12-12,60.73369598388672,62.86228225330735,60.497184727631584,62.675043078999856,8166400
2024-12-13,60.62529754638672,61.38409966789882,60.05373084737018,61.38409966789882,5835600
2024-12-16,60.162132263183594,60.91108147877086,59.65955098787612,60.52675019857212,6105200
2024-12-17,59.92562484741211,60.39864362467558,59.57085982465974,59.955187346235114,5537800
2024-12-18,58.02368927001953,61.07860341636696,57.461979273815125,60.093146755065355,8171800
2024-12-19,59.50187301635742,59.72852759260574,58.01383138378018,58.82190552839373,9403300
2024-12-20,60.04387664794922,60.94064208884852,58.959875788565526,58.959875788565526,13918600
2024-12-23,60.62529754638672,60.664716717191794,59.0190020486606,59.71867541396509,7196400
2024-12-24,61.650169372558594,62.034496864553915,60.37892939194424,60.51689272145858,3218400
2024-12-26,61.49250030517578,61.9359528180036,60.81253276829761,61.098316116863245,4478100
2024-12-27,60.369075775146484,61.48264289849175,60.16213077040291,61.08846247410669,7175400
2024-12-30,59.83692932128906,60.29023848057911,58.496707668415155,59.294925153421815,5153300
2024-12-31,59.6201286315918,60.221257802740716,59.21609154660596,59.679257385206384,4326500
2025-01-02,58.2109260559082,59.88620317149497,57.74776021121745,59.39347482921762,8639300
2025-01-03,58.141944885253906,58.24048905086337,55.90495774110481,58.16165447021959,9207000
2025-01-06,59.16682052612305,60.06358596299211,58.74307384899843,59.423037611277515,9652900
2025-01-07,60.29023742675781,60.68442158573148,59.078126212859075,59.42303453254698,9074200
2025-01-08,60.52674865722656,60.96035201075169,59.01900111048065,60.06358656489605,9062400
2025-01-10,65.976318359375,67.98665078642946,63.57180929514068,64.04482426713147,27227200
2025-01-13,64.1532211303711,65.44417434814042,62.40896631156655,65.34562267650291,12375500
2025-01-14,65.32592010498047,65.74966675142907,64.39958847822365,65.53286509253388,6989800
2025-01-15,64.54741668701172,66.30152848715902,64.16308915859466,66.15370847197438,8808600
2025-01-16,65.21752166748047,65.46388583099944,63.89700584143121,64.48828584862683,6427000
2025-01-17,64.86275482177734,66.0255939411804,64.68537232836205,65.72995394600912,5978000
2025-01-21,67.34610748291016,67.51364083645477,65.78909160598096,65.78909160598096,11875200
2025-01-22,66.79425048828125,68.96225962785823,66.22268382724788,68.75530711527497,11612600
2025-01-23,66.46904754638672,67.66145670034416,66.21283423254567,67.19829087529975,8116300
2025-01-24,66.2029800415039,66.96177837674331,65.72010837362429,66.40006837006437,5186700
2025-01-27,66.78438568115234,67.28697061624709,65.08940676627857,65.36533339152695,4157600
2025-01-28,66.6661376953125,66.73511935367944,65.30620283259726,66.64642435381516,5175900
2025-01-29,67.43479919433594,67.53334335613665,66.59716254137348,67.31654168911253,4841300
2025-01-30,67.57276916503906,68.09506004050313,66.81397077432376,67.0110591172934,6381000
2025-01-31,66.29167175292969,68.2133169116667,66.22269008169943,67.80927603843358,4482900
2025-02-03,65.51316833496094,66.07487838418284,64.02512653078284,64.19265237459115,5711800
2025-02-04,68.05563354492188,68.11476605620034,65.57228610591491,66.321235261796,7789200
2025-02-05,68.05563354492188,68.43996103526298,67.03075773119974,67.70086855100124,5467300
2025-02-06,66.93221282958984,68.35127278956789,66.28181536022488,68.14432779847733,6000400
2025-02-07,67.14901733398438,67.7501465081132,66.48876316516674,67.19829317518357,5313900
2025-02-10,65.22737884521484,66.92236550632504,64.88246299886235,66.86323299408416,6825700
2025-02-11,63.80831527709961,64.94159187837262,63.14806115510514,64.70508439795196,7899000
2025-02-12,65.36534118652344,65.45402867588521,63.6703545510812,63.99555704894949,7642300
2025-02-13,63.12834930419922,65.84821170782992,60.31979941272931,65.51316006252075,12609600
2025-02-14,64.43901062011719,64.57697395152216,62.970682296771216,63.414134787938984,6049800
2025-02-18,63.40428161621094,65.16825004333585,63.08893576724346,63.837884977955504,6876200
2025-02-19,64.09410858154297,64.94160199673613,62.89185013122531,63.01996056262454,7614200
2025-02-20,62.8228645324707,64.53755708278257,61.60089657221414,64.15322957182367,8671600
2025-02-21,59.12739944458008,63.374715232115705,58.752924862183136,63.019953993192026,12798800
2025-02-24,60.595733642578125,61.38409824430105,59.36391277763013,60.43806072223354,11226700
2025-02-25,60.8913688659668,61.3151155370622,58.95001801277244,60.65485760985027,9713100
2025-02-26,60.802677154541016,62.51736965133458,60.733695488533165,61.29540548843645,5474300
2025-02-27,59.024532318115234,61.355878465336446,58.70841796951375,61.10891389496776,7326200
2025-02-28,59.39003372192383,59.8543282801877,58.33302575307711,59.07391940049565,8627800
2025-03-03,57.740318298339844,59.893849690441016,56.93027479507761,59.38016292303905,7966100
2025-03-04,54.02596664428711,56.18937863590012,53.17641170987682,55.97204861377785,17873700
2025-03-05,56.08071517944336,56.40670645328332,53.927183820981945,54.40135534462754,8741500
2025-03-06,54.29269027709961,56.24864922335452,53.887668532194,55.06322229959781,10669300
2025-03-07,52.633087158203125,53.68021827581719,50.50919414928414,53.354223239514425,15670600
2025-03-10,49.71890640258789,51.0031213447572,47.81233972190097,51.0031213447572,20260900
2025-03-11,46.113224029541016,48.68165400661445,45.2735460131386,47.83209529728671,31482500
2025-03-12,44.74998092651367,46.82448564953747,43.59418850651018,46.37006796055981,16767700
2025-03-13,43.38673400878906,45.56002298648028,42.31984902201211,44.79937165586934,16240600
2025-03-14,46.182369232177734,46.19224615574455,43.64357404858509,44.23628744046966,16680800
2025-03-17,46.32067108154297,46.46885132109103,45.14512116273782,45.24390547684984,12570500
2025-03-18,45.362449645996094,45.87613639516395,44.39434900008059,45.480995350836515,13907000
2025-03-19,47.17023468017578,47.38756471599759,45.44148262383426,45.45135954892597,11359500
2025-03-20,46.379947662353516,46.86399611617665,46.014441148677626,46.15274070691281,6816800
2025-03-21,46.20212936401367,46.38982106904414,44.809249425682175,45.44147808302696,17062800
2025-03-24,48.28651428222656,48.770562734152676,47.120841198269346,47.17023335910543,9852900
2025-03-25,48.07905960083008,49.38303596810438,47.82221811187586,48.99776808210277,8227000
2025-03-26,47.48634719848633,48.68165481238061,46.93314520529827,48.30627137936969,6853200
2025-03-27,45.58966064453125,47.4171969357443,45.42172277915943,46.943025418592484,11157800
2025-03-28,43.30770492553711,45.461236166995384,43.07061729240533,45.44147855020273,15135100
2025-03-31,43.07061767578125,43.4756394026856,40.284857745682025,41.49004600210088,18053300
2025-04-01,41.904945373535156,42.05312561915582,40.354008214460976,41.81604174821898,13980800
2025-04-02,42.84341049194336,43.03110596789724,40.887451643636226,40.93684380158931,10066500
2025-04-03,38.239990234375,40.18607210528912,38.18072115380218,40.07740709973229,18127900
2025-04-04,36.79772186279297,37.34104317688968,34.31819917522637,36.82735640606249,22165500
2025-04-07,36.83723831176758,39.45506064525508,34.70346445338804,35.24678578536616,20498800
2025-04-08,35.44435501098633,38.78331317765058,35.02945258706263,38.3980490636801,24697300
2025-04-09,43.73248291015625,44.44374201912626,36.116097102328915,36.4618459645338,41445600
2025-04-10,38.882102966308594,42.30009175136003,38.19060140840597,41.707378283660816,20053100
2025-04-11,40.383644104003906,40.47255149237113,38.41780463605306,38.77343418952196,13717000
2025-04-14,39.81068420410156,41.07514524664843,38.99076386800267,41.07514524664843,12505800
2025-04-15,40.33425521850586,41.07514892551694,39.66251128934539,39.71190344947008,10499600
2025-04-16,40.097171783447266,41.59871697282274,39.425427783769265,41.21345280767403,15131900
2025-04-17,40.35401153564453,40.709641139698725,39.72178280327285,40.19595435255161,8116000
2025-04-21,38.99076843261719,39.69214692346767,38.328901409925045,39.672389305198315,9066300
2025-04-22,39.85020446777344,40.057653808939186,39.1093107335697,39.632874433191944,8513000
2025-04-23,40.89733123779297,43.33733844423634,40.630609069954055,42.47790286011985,11848800
2025-04-24,41.509803771972656,41.84567572491445,40.107043109081594,40.304615511114434,8777700
2025-04-25,41.07514953613281,41.48017128458464,40.51206684352386,41.094903385772135,7197200
2025-04-28,41.45052719116211,42.28032819033108,41.065263114472906,41.2727124221702,8372900
2025-04-29,41.56907653808594,41.93458303165213,40.90720955788648,41.12453957651617,6327800
2025-04-30,41.12453842163086,41.33198774174432,39.45505563155012,40.31449498924305,10589000
2025-05-01,40.996116638183594,41.914825095642215,40.936843787632036,41.687618154431384,8142800
2025-05-02,43.663333892822266,44.17702061725312,42.41863043059903,42.47790328016491,13943400
2025-05-05,44.95742416381836,45.51062610185167,43.040980649099225,43.21879542316779,18733400
2025-05-06,44.265926361083984,44.77961306640992,43.564544189970164,43.70284750048014,8826600
2025-05-07,44.74998092651367,45.23403315906668,44.23629415038531,44.582046821746154,8676000
2025-05-08,47.95064163208008,48.16796789034967,45.32293876807283,45.886017684047225,17708300
2025-05-09,47.75306701660156,48.77055978820943,47.14059596879314,48.237119207669245,13494800
2025-05-12,50.519073486328125,52.909692561568974,49.74854520864259,51.38838985626847,18926000
2025-05-13,52.5005989074707,52.906812095983476,50.548792139036664,50.707314266762005,14097900
2025-05-14,50.112857818603516,52.65912165091336,50.07322634134238,52.034939112180375,13883300
2025-05-15,49.81563186645508,50.20202937032432,49.10228408218347,50.0534169808564,8102700
2025-05-16,50.4497184753418,50.79648826268598,49.57784857568642,49.657107757715984,8326000
2025-05-19,50.71722412109375,51.163068820467416,49.686832101888534,50.459627061158926,8092200
2025-05-20,49.51839828491211,50.895560030066385,49.359876151213754,50.50916256539326,9055300
2025-05-21,47.82419204711914,49.09236911073311,47.635948195321994,48.824862302727205,8021500
2025-05-22,48.05207061767578,48.488005567826306,47.477425484805245,47.9034544544945,9957800
2025-05-23,47.47742462158203,47.74493144276499,46.447032596372765,46.64518621718969,7811900
2025-05-27,48.94375991821289,49.66701743303104,48.081792221013735,48.30966756572636,11316100
2025-05-28,48.15114212036133,49.06264721616862,47.97280424899611,48.81495614810202,7390500
2025-05-29,48.05207061767578,48.92394429744286,47.75484207077924,48.71588091309586,9060900
2025-05-30,47.94308090209961,48.260125156100706,47.398161326751826,47.79446853398601,9190700
2025-06-02,48.05207061767578,48.40874638573804,47.05140029458202,47.645857388375106,8117500
2025-06-03,48.37902069091797,48.85458708278146,47.63594749498144,48.13132962560579,9400100
2025-06-04,48.52763366699219,49.260800892415084,48.16105194401362,48.27003661882325,8231200
2025-06-05,48.3889274597168,49.12209468796262,48.0322517151359,48.2403113063195,7398200
2025-06-06,50.47944259643555,50.57851751613209,49.330156142412434,49.34006212259572,7449500
2025-06-09,50.727134704589844,51.46029819594114,50.53888706209386,50.82620962629699,6378900
2025-06-10,51.202701568603516,51.599008817744775,50.330827888172365,50.727135137313624,5877900
2025-06-11,48.715877532958984,51.5197422422073,48.16105195843946,51.390941828351366,10205400
2025-06-12,48.428558349609375,48.48800178667359,47.43779408423787,48.042160890829,7655000
2025-06-13,46.60555648803711,47.75484299659315,45.43645423870833,45.77331427291266,12952600
2025-06-16,49.00320053100586,49.14190692591387,46.96222852684658,47.28917877492036,10242300
2025-06-17,46.88296890258789,48.48800609691582,46.615462073622226,48.05207114200847,9221600
2025-06-18,47.120750427246094,48.01243600986046,46.62536828819397,46.66499598692414,7391800
2025-06-20,46.764076232910156,47.74493078425346,46.68481327389022,47.37834904745103,10796100
2025-06-23,47.80437469482422,47.992618540268744,44.86180368552728,46.367765787480415,16437900
2025-06-24,49.10227966308594,49.825537142576856,48.63661923650262,49.04283244496918,11886500
2025-06-25,47.863826751708984,49.260804323599125,47.67557910775635,49.19145112197427,7885300
2025-06-26,48.51772689819336,48.795139680858554,47.74492820732278,48.09169796511998,8286300
2025-06-27,49.13199996948242,49.518397427464784,48.25022037983738,48.78523398910484,10177200
2025-06-30,48.72578811645508,49.538214532429656,48.170958753084165,49.35987665775564,12531200
2025-07-01,48.54745101928711,48.96357021388023,48.111516085027766,48.646525938152365,10037600
2025-07-02,49.66701889038086,49.686834631302446,47.79447483715157,48.72579198366929,9833400
2025-07-03,50.39027404785156,50.915377929355664,49.88498212686774,50.03359828703144,6123400
2025-07-07,49.53821563720703,51.22251572476526,48.73569518327655,50.19211993243953,12227000
2025-07-08,50.05341339111328,51.35131599772707,49.95433469244091,50.31101044872964,10734500
2025-07-09,50.23175048828125,51.04417690743401,49.36978661029544,50.7964858338029,12870400
2025-07-10,56.25559616088867,57.28599194758589,54.29388328590698,55.68095482795831,46966400
2025-07-11,56.126800537109375,56.275412918217064,54.1551778669,55.71067755518274,17788900
2025-07-14,57.57331848144531,57.761562352236204,55.64132719277588,56.25560004751061,13722100
2025-07-15,55.19548034667969,57.64266947024929,54.97751476242066,57.4544256066924,13709600
2025-07-16,55.0468635559082,56.01781207557956,54.38304953747496,55.978180598172806,9066800
2025-07-17,55.81966018676758,56.84014619488656,55.11621844873345,55.69085977096254,13199000
2025-07-18,55.77012252807617,56.057445077892524,54.55148291066101,55.839475725691734,8978400
2025-07-21,55.52243423461914,56.08716960315233,55.33418659213075,55.85929425966227,6074500
2025-07-22,55.15584945678711,55.65123163094672,54.43259193605,55.47289752535802,7547700
2025-07-23,55.46298599243164,56.37449112907029,55.43326427236129,55.82956773134102,6782300
2025-07-24,54.2047119140625,56.07725576615558,53.92729912989041,54.937879131544676,10696500
2025-07-25,54.35333251953125,54.49203892298428,53.739059684468096,54.29388529828022,6819900
2025-07-28,55.096405029296875,55.17566421042245,54.145272178994155,54.48213220257629,6545600
2025-07-29,53.99665451049805,55.453079245256156,53.71924171510255,55.453079245256156,5916300
2025-07-30,53.10496520996094,53.97683885618037,52.768105195248836,53.699426060346596,7354800
2025-07-31,52.90412902832031,53.42114033795484,52.51637149428668,53.14275109152433,6538100
2025-08-01,50.8559684753418,51.63148347333564,50.15999162938309,51.63148347333564,9535100
2025-08-04,52.21809387207031,52.28769117982904,50.935508412912995,51.1641858230872,7476400
2025-08-05,52.566078186035156,52.65556097690461,51.22384011576198,52.486540034578226,5846500
2025-08-06,53.808895111083984,54.027631675067,52.64562256866995,52.69533438972913,8476700
2025-08-07,53.321712493896484,54.14693932062178,52.79475658535416,54.13699847378984,4976500
2025-08-08,53.3316535949707,53.98785947930016,52.576024070772945,53.81883853297032,6638000
2025-08-11,53.19245910644531,54.09722788533018,52.81464244707849,52.943896213424544,4821600
2025-08-12,58.104061126708984,58.233314894433285,54.36567684463202,54.405447818203925,15727800
2025-08-13,59.078426361083984,59.17785379356383,57.179406017559444,57.88532751347576,9103700
2025-08-14,58.62107467651367,58.72050211429644,57.86544511320936,58.5117063913371,4300300
2025-08-15,59.893714904785156,60.14227779172061,58.72049777502832,59.108255271804644,9825500
2025-08-18,60.738826751708984,60.96750415085731,59.24744944118357,59.62526608849189,6504200
2025-08-19,60.1522216796875,61.38509533003989,60.01302706280892,60.79848673550243,5734000
2025-08-20,58.71055603027344,59.96331516614478,57.98475281976906,59.50595654912969,6517000
2025-08-21,57.507511138916016,58.710554632083706,57.258948245644895,58.640957325389294,5175100
2025-08-22,61.33537673950195,61.59388426639087,57.77595816358901,57.91515277371288,10312400
2025-08-25,60.062740325927734,60.768658067196434,59.645156465268144,60.7487725796266,6191900
2025-08-26,60.798484802246094,61.47457617081713,59.86388590246151,60.07267782114025,5618800
2025-08-27,60.90785217285156,61.713197345165646,60.50020916303629,60.738831219089356,4693100
2025-08-28,61.61376953125,62.100950664934,60.51014970813308,61.33537651923335,5825000
2025-08-29,61.424861907958984,62.170550599141144,60.917795266773396,61.55411567640583,4856300
2025-09-02,60.77859878540039,60.98739070225711,59.62526713015591,60.19199021463483,6925300
2025-09-03,60.91779708862305,63.54262075324102,60.768657828818824,61.07687719578871,7237400
2025-09-04,60.201934814453125,62.31969182639547,60.0229692194851,60.98739450428291,7023800
2025-09-05,60.828311920166016,62.03135542075899,60.09256408272417,60.51015171823678,6398500
2025-09-08,61.40497589111328,61.504403324740764,60.1522205695573,60.649346359388346,7579200
2025-09-09,60.3311882019043,61.434808099573225,59.67498228879965,61.24589786566336,6424300
2025-09-10,61.037105560302734,61.57400233846528,59.953371156723776,60.211878698551175,5199500
2025-09-11,60.092567443847656,61.64360135958238,58.02452601563703,61.454694914361134,18816800
2025-09-12,59.525840759277344,60.56980415492962,59.49601442570032,60.4703805144937,6771000
2025-09-15,58.08417510986328,59.53578528984054,57.81573052262465,59.53578528984054,9773300
2025-09-16,57.52739715576172,58.30291217622981,56.72205200874338,58.14383207478075,10140900
2025-09-17,58.48188018798828,59.79429202752258,57.825674268221135,58.094122661685276,8361000
2025-09-18,59.128143310546875,59.505956184206106,58.63101751521426,59.09831318374412,5574400
2025-09-19,59.416473388671875,59.58549813132286,58.143832566320626,59.45624436256256,15278900
2025-09-22,58.551475524902344,59.2772787304285,57.398143832279175,59.10825778066722,7157800
2025-09-23,58.41227722167969,59.39658790240362,58.36256540387453,58.66084010347407,4527500
2025-09-24,57.378257751464844,58.750325993360164,57.23906313715654,58.68072868620601,5372600
2025-09-25,56.41383743286133,57.2291234411514,56.02607612307266,56.920904079863654,6781400
2025-09-26,56.87118911743164,57.59699228995641,56.513257954483834,57.050154698905544,6634400
2025-09-29,57.32854461669922,58.00463597878389,56.34423390659195,57.6964166307613,7822100
2025-09-30,56.42377853393555,57.81573229681419,55.399700595375705,57.3086618547613,8263400
2025-10-01,55.78745651245117,57.48762579642281,55.66814738535722,57.23906290252864,7005400
2025-10-02,56.75188064575195,57.23906178431654,55.479236074793185,56.31440753367259,7619700
2025-10-03,56.93084716796875,57.65665420191799,56.92090632039927,57.34843482849802,6390300
2025-10-06,57.92509460449219,58.19354298262124,56.354179101417294,57.348430668072126,7821500
2025-10-07,56.30447006225586,58.123948546850094,55.94653887374056,57.98475392748723,10623500
2025-10-08,56.791648864746094,57.27883380499456,55.97636287720276,56.66239889087445,12402700
2025-10-09,59.22756576538086,61.91204576492448,58.56141903351608,61.54417374572704,29289500
2025-10-10,57.14958190917969,60.61952168606078,57.11975557465889,59.585499104625676,14375100
2025-10-13,58.38245391845703,59.59543826546113,57.139639445007376,57.8952689760465,9448600
2025-10-14,60.91779708862305,61.44474923246514,57.34843362837252,57.467742760554536,10945000
2025-10-15,61.34532165527344,61.71319366836767,60.69905662790878,61.305550682839275,8882200
2025-10-16,60.23633575439453,61.851944978194986,59.00966533526318,61.4630023691653,12415900
2025-10-17,59.4783935546875,60.67514268906838,59.249017239621594,60.17649753343973,6230900
2025-10-20,61.58267593383789,62.06137482060599,59.04955766254118,59.917202961396406,6512100
2025-10-21,62.15113067626953,62.7395321005647,61.014220352394936,61.29346041668398,7041200
2025-10-22,59.83741760253906,62.38050708977486,59.81747134014828,61.83199818929036,7235700
2025-10-23,58.61075210571289,60.54549394185053,58.10213191603856,60.33606388933081,7687600
2025-10-24,60.784847259521484,61.65248879403509,59.21910172296994,59.70777186134397,8857500
2025-10-27,60.28620147705078,61.53281439508591,60.016932630231906,61.20370675863149,5658100
2025-10-28,57.703216552734375,60.25627724993005,57.58354278364346,60.176496005322946,8516600
2025-10-29,58.60077667236328,59.33877317229027,57.48381259551761,57.74311020536788,8625000
2025-10-30,56.9652214050293,58.560888182610654,56.835576403953034,58.05226799439862,7191600
2025-10-31,57.224517822265625,57.41400160752048,56.59622387525768,57.144732773088506,7677500
2025-11-03,58.34148406982422,58.670591703490715,56.705928543914894,57.1347636884351,7598000
2025-11-04,55.49920654296875,57.30429954552599,54.88088381976519,57.24446456250411,11622700
2025-11-05,58.38137435913086,58.840126978458756,55.87817360638503,56.14744244060633,8311000
2025-11-06,57.65335464477539,58.71047994691102,57.00511441642529,57.743110925556785,6605400
2025-11-07,58.720455169677734,60.006956792540755,56.07763429710449,56.70592826459802,8748700
2025-11-10,58.40132141113281,60.4457657678359,57.87275496450183,59.737690566990544,7918200
2025-11-11,57.58354568481445,58.72045605935923,57.19459925804218,58.29162091045399,5693800
2025-11-12,60.31611633300781,60.49562888970645,57.95253940895647,58.09215944097529,9805400
2025-11-13,59.74766159057617,61.25356826637466,59.2988801956824,60.20641421452956,8536100
2025-11-14,58.25172805786133,59.22907212532084,57.86278543762711,58.122079249663024,5320800
2025-11-17,55.60890579223633,58.1619703453312,55.26982693599999,57.99243281939333,8424500
2025-11-18,56.975196838378906,57.274383172412215,55.12023624126752,55.26982750610385,6441800
2025-11-19,56.71590042114258,58.05226962539591,56.21725525245642,57.633409509792685,5538400
2025-11-20,55.81834030151367,58.082189779315286,55.539096425580176,57.563598357565255,6229000
2025-11-21,58.411293029785156,59.34874454964826,56.446629905812266,56.70592751631012,9568000
2025-11-24,60.50559997558594,60.575413795790766,58.04229555002189,58.90993703577277,9994900
2025-11-25,61.98159408569336,62.6497767651167,60.346034786975316,60.346034786975316,7753400
2025-11-26,64.0958480834961,64.63438579089339,61.93172982858735,62.22094494600747,8122000
2025-11-28,63.926307678222656,64.79395299152723,63.926307678222656,64.39503534373014,3476200
2025-12-01,63.976173400878906,64.79395113146211,62.82928804965683,63.21823065269512,7252600
2025-12-02,64.96349334716797,65.55189861524697,63.647070378232485,64.22550061228395,7337600
2025-12-03,67.30712127685547,67.43677388747945,64.94354809820335,64.94354809820335,10140600
2025-12-04,67.05780029296875,67.87557806695418,66.68880773696063,67.41682542386201,9455900
2025-12-05,66.91817474365234,67.56641493264699,66.12034710303809,66.56912467533856,7895600
2025-12-08,67.03785705566406,67.56641971203065,65.87102919816935,67.4966096934298,9235500
2025-12-09,67.22734069824219,68.09497836285556,66.1203478907443,66.52923294457706,7340400
2025-12-10,69.74050903320312,69.76045149080817,67.07774583275474,67.50658095411212,11823200
2025-12-11,70.36880493164062,70.52837504044021,69.0025220164717,69.2418695709495,9134700
2025-12-12,69.62083435058594,71.39600989121905,69.43135436495156,70.75774469927728,7937900
2025-12-15,71.07687377929688,71.44587391617793,69.94993851992845,70.56826122285109,7993300
2025-12-16,70.94723510742188,72.14398048759566,69.9100522272012,71.28631778399478,10443600
2025-12-17,69.53108215332031,71.75503530045579,69.3216520996924,70.74777755806267,7222300
2025-12-18,69.95991516113281,70.79763535010261,69.81032009632504,70.6280978273903,5988000
2025-12-19,70.86744689941406,71.05693449285246,69.83026406534904,70.04966915065219,16154200
2025-12-22,71.86473846435547,71.92458105785231,70.97715068281948,71.30625831652735,5141600
2025-12-23,70.30896759033203,71.70517556067863,70.14939748687696,71.5954730167336,6050300
2025-12-24,70.7677230834961,70.99710321429873,70.08956533385906,70.31894546466168,1821800
2025-12-26,70.65802001953125,71.01704515546764,70.219217437948,70.63807756029993,2892400
2025-12-29,69.34159088134766,70.3787736695947,68.60359821597375,69.92002106091789,5262500
2025-12-30,69.15210723876953,69.66072743316286,68.91275969205792,69.30170230873479,3807600
2025-12-31,69.21195220947266,69.51113475095899,68.72328206560654,69.22192724347201,3233400
2026-01-02,68.87286376953125,69.81031906027421,68.31438365183976,69.66072399768657,5115400
2026-01-05,71.6253890991211,72.6525968915499,69.14213838057054,69.2318908554564,9263200
2026-01-06,72.02430725097656,72.96176257515486,70.93725685887514,71.78495970753232,7717900
2026-01-07,71.45584869384766,72.8719990378089,71.33617112343596,72.54289142571737,6399700
2026-01-08,71.0968246459961,72.13400744545399,71.04695708873793,71.25638713352448,4981800
2026-01-09,72.11405944824219,72.7523246341115,70.96718168560652,71.69519934665067,7971400
2026-01-12,70.83753204345703,71.18658214273621,69.4213815785406,70.60815952481136,10736400
2026-01-13,69.14213562011719,71.17660866557115,67.91546525126962,67.91546525126962,18342700
2026-01-14,68.30441284179688,70.56826616074748,67.3669651018144,69.20197566409621,9529700
2026-01-15,71.14669036865234,71.18658289595227,68.8728695736072,68.96262966221245,8223800
2026-01-16,70.2391586303711,71.475796515892,69.88013350090995,71.17661398048867,7580100
2026-01-20,67.27720642089844,69.27178713047286,66.66885869578051,68.59362938486869,7740400
2026-01-21,68.7631607055664,69.75048354586959,67.97530809215083,68.26451557323098,9791200
2026-01-22,68.7631607055664,71.13671640506439,68.19470555905286,69.59091345133622,6874500
2026-01-23,67.77584838867188,68.2944436094865,67.29715330192737,68.08500594922441,6400300
2026-01-26,67.31709289550781,67.93541559902089,66.8184477629485,67.53649797122925,6981900
2026-01-27,65.96077728271484,68.11492789960377,65.3723796806533,67.9453827725317,8097200
2026-01-28,65.65162658691406,67.02788455216334,65.50203151034484,66.82842952255214,6165800
2026-01-29,66.35969543457031,66.38961292525501,64.29530488139655,65.63167019011885,9613500
2026-01-30,65.71145629882812,66.7586141420267,64.99340607591722,66.02061385252324,6680600
2026-02-02,68.89281463623047,69.31167472936524,65.90094378460319,66.5691264487069,10090600
2026-02-03,70.24913024902344,71.28631306051973,69.34159243569377,69.66072502317563,10014800
2026-02-04,70.6679916381836,71.74506699393862,68.2146584003335,70.39871899488423,9912000
2026-02-05,69.5909194946289,70.80761494058082,69.02246429875058,70.21921728551445,5655000
2026-02-06,75.14582061767578,75.45498577651938,70.06961677563957,70.289021853296,13466800
2026-02-09,74.7967758178711,75.5148260831181,74.29813064575195,74.99623084323015,7613200
2026-02-10,74.25823211669922,75.27547244648353,74.23828965926384,74.42776963542298,6635000
2026-02-11,71.22647094726562,76.18300492416245,70.67796585098405,74.88652449891306,9527800
2026-02-12,69.31167602539062,72.41324947493673,67.54647553776115,71.80490178169964,9989100
2026-02-13,68.81303405761719,70.34886210760189,68.15481877531451,69.60089434610606,7381300
2026-02-17,70.65802001953125,71.20653275741228,69.26181200296992,69.31167956413059,6936100
2026-02-18,70.91731262207031,71.52566030330571,67.8157392337131,68.99254207182344,7742200
2026-02-19,67.25726318359375,69.80034899364922,67.05780054971079,69.76045646687263,8628200
2026-02-20,69.25183868408203,69.73053375211047,66.66885293195867,67.12760554245297,7665200
2026-02-23,66.69877624511719,69.53108481162984,66.1203536214826,68.4141168741891,8154600
2026-02-24,69.04241180419922,69.87015698240856,66.62896346105688,66.81845105555747,9027600
2026-02-25,69.19200134277344,69.91005160800655,68.42409112556228,69.81032409532895,4899500
2026-02-26,70.51000213623047,71.55999755859375,69.61000061035156,70.18000030517578,7271100
2026-02-27,65.69999694824219,67.75,65.36000061035156,67.75,12371500
2026-03-02,64.25,64.80000305175781,61.599998474121094,62.93000030517578,11728000
2026-03-03,64.5999984741211,65.6500015258789,61.150001525878906,62.4900016784668,11508500
2026-03-04,63.83000183105469,65.9000015258789,63.720001220703125,64.87000274658203,9415200
2026-03-05,61.310001373291016,62.40999984741211,59.16999816894531,62.0,20671100
2026-03-06,59.0099983215332,59.970001220703125,58.470001220703125,59.31999969482422,23029000
2026-03-09,60.58000183105469,60.63999938964844,55.279998779296875,57.560001373291016,28401600
2026-03-10,59.27000045776367,61.54999923706055,58.470001220703125,60.04999923706055,24287100
2026-03-11,59.13999938964844,59.709999084472656,57.63999938964844,59.529998779296875,13719700
2026-03-12,57.939998626708984,58.470001220703125,57.25,57.369998931884766,15013600
2026-03-13,58.779998779296875,59.04999923706055,57.70000076293945,58.59000015258789,12554000
2026-03-16,60.84000015258789,61.11000061035156,59.13999938964844,59.369998931884766,14465500
2026-03-17,64.83000183105469,65.31999969482422,62.849998474121094,63.459999084472656,24657100
2026-03-18,63.810001373291016,65.02999877929688,63.630001068115234,64.25,11810200
2026-03-19,65.01000213623047,65.72000122070312,62.779998779296875,62.779998779296875,12368100
2026-03-20,63.439998626708984,64.91000366210938,62.68000030517578,64.75,17890100
2026-03-23,65.12999725341797,66.7300033569336,65.01000213623047,66.5199966430664,18189300
2026-03-24,66.6500015258789,66.97000122070312,63.540000915527344,64.0,14678300
2026-03-25,67.98999786376953,68.5999984741211,67.01000213623047,67.01000213623047,13239800
2026-03-26,66.86000061035156,68.02999877929688,66.5199966430664,67.37999725341797,11104600
2026-03-27,64.83000183105469,66.66000366210938,64.47000122070312,66.02999877929688,11844400
2026-03-30,63.189998626708984,65.05999755859375,62.95000076293945,64.45999908447266,14631800
2026-03-31,66.4800033569336,67.38999938964844,63.869998931884766,63.95000076293945,17749200
2026-04-01,67.5999984741211,68.31999969482422,66.9000015258789,67.01000213623047,12564300
2026-04-02,66.76000213623047,67.38999938964844,64.16999816894531,64.9000015258789,11240500
2026-04-06,66.77999877929688,67.81999969482422,65.94000244140625,66.55999755859375,8207800
2026-04-07,65.62000274658203,66.58999633789062,65.05000305175781,65.95999908447266,16273700
2026-04-08,68.08000183105469,74.19000244140625,68.08000183105469,73.0,20679500
2026-04-09,67.83000183105469,69.13999938964844,66.20999908447266,67.63999938964844,11636400
2026-04-10,67.81999969482422,68.62999725341797,67.37999725341797,68.1500015258789,8040800
2026-04-13,67.05000305175781,67.16000366210938,65.76000213623047,66.9000015258789,8593800
2026-04-14,71.69999694824219,72.18000030517578,68.08000183105469,68.5999984741211,16227100
2026-04-15,71.98999786376953,73.4000015258789,70.87000274658203,71.55999755859375,12333500
2026-04-16,69.88999938964844,72.93000030517578,69.66999816894531,71.87000274658203,8826100
2026-04-17,71.72000122070312,75.0199966430664,71.31999969482422,74.41999816894531,12765600
2026-04-20,71.20999908447266,72.25,70.58999633789062,71.05000305175781,7616700
2026-04-21,70.22000122070312,71.77999877929688,69.58999633789062,70.5,9904800
2026-04-22,68.41000366210938,70.80000305175781,68.08000183105469,70.48999786376953,7763600
2026-04-23,68.37000274658203,70.27999877929688,67.45999908447266,68.4800033569336,8670600
2026-04-24,68.44999694824219,69.58000183105469,67.98999786376953,68.7699966430664,5999500
2026-04-27,68.19999694824219,69.6500015258789,68.19999694824219,68.75,6457200
2026-04-28,67.22000122070312,68.38999938964844,66.83999633789062,67.7699966430664,7020800
2026-04-29,66.2699966430664,67.19999694824219,65.81999969482422,66.69999694824219,8098700
2026-04-30,67.98999786376953,68.33000183105469,67.05000305175781,67.30000305175781,6294400
2026-05-01,68.9800033569336,70.75,67.5999984741211,68.30000305175781,9132000
2026-05-04,68.5,70.38999938964844,67.87000274658203,68.66999816894531,8584400
2026-05-05,70.86000061035156,71.33000183105469,68.91000366210938,68.93000030517578,8247000
2026-05-06,73.33999633789062,74.75,72.7300033569336,74.37999725341797,9503800
2026-05-07,73.11000061035156,74.97000122070312,72.30000305175781,74.23999786376953,8301300
2026-05-08,73.33000183105469,73.93000030517578,72.69999694824219,73.43000030517578,5071000
