Date,Close,High,Low,Open,Volume
2010-01-04,19.441816329956055,19.767315559596376,19.360440875836492,19.767315559596376,13120900
2010-01-05,19.584213256835938,19.65880728294774,19.184121435793866,19.482494953404277,15594300
2010-01-06,19.51641082763672,19.665597654557697,19.462160954809182,19.584222198606895,8833200
2010-01-07,19.746973037719727,19.814784408439944,19.482503776918715,19.57066062832538,12058200
2010-01-08,19.65203094482422,19.828343319715753,19.455375680065142,19.66559373368174,15609800
2010-01-11,19.09597396850586,19.679161090564094,19.04172409390177,19.66559829855831,23670500
2010-01-12,18.973907470703125,19.224813896812947,18.912876212822862,19.089188591874866,23075800
2010-01-13,19.075626373291016,19.157001817371736,18.987470827837473,18.987470827837473,15639100
2010-01-14,19.19091033935547,19.285848587076188,19.068849095289963,19.068849095289963,13208200
2010-01-15,19.373998641967773,19.455374074980607,18.98746824534873,19.197686281622158,23013500
2010-01-19,19.584213256835938,19.631683005627888,19.22480849848285,19.29940123117625,14170100
2010-01-20,19.435028076171875,19.557090567568807,19.22481005955411,19.462153649112754,13256400
2010-01-21,19.312963485717773,19.70627519668329,19.204463792583724,19.414681786353647,18900600
2010-01-22,18.797595977783203,19.360438820997157,18.770471691568186,19.150220752510187,16696600
2010-01-25,18.729780197143555,18.953561002657104,18.655186164166196,18.953561002657104,11098400
2010-01-26,18.804378509521484,18.953566619689216,18.648410297454223,18.648410297454223,13275800
2010-01-27,18.878971099853516,18.933220964773028,18.641627455798595,18.729784294679558,12821800
2010-01-28,18.53990364074707,18.953559546877138,18.438185335766125,18.93999676130143,19430400
2010-01-29,18.994251251220703,19.048501113360455,18.56703245512875,18.69587636274269,22453800
2010-02-01,19.251934051513672,19.292622410317232,18.926434941596117,18.994247579516895,17172100
2010-02-02,19.685930252075195,19.69949174223369,19.190898998870498,19.25193023154754,19640800
2010-02-03,19.306188583374023,19.624907670840045,19.163783173295098,19.624907670840045,19437300
2010-02-04,18.94000244140625,19.346877076770124,18.878971181430728,19.150220507200373,19813600
2010-02-05,18.973907470703125,19.034938728583384,18.668752474720588,18.885751927886506,20229400
2010-02-08,19.3875675201416,19.624911206451635,19.306192061565376,19.34688043756301,26005400
2010-02-09,19.577444076538086,19.726630918549578,19.37400606279246,19.577444076538086,18057700
2010-02-10,19.428251266479492,19.63846933269223,19.258720275858522,19.5570951815087,14481500
2010-02-11,19.658823013305664,19.713072904772794,19.353667858835347,19.46894774646099,14614200
2010-02-12,19.66559410095215,19.66559410095215,19.360437813052627,19.49606311732325,15027700
2010-02-16,19.963966369628906,20.00465343819345,19.618123053283806,19.74696694605988,13317200
2010-02-17,20.357280731201172,20.384405015879622,20.1741869593013,20.180968353825598,21524600
2010-02-18,20.54715919494629,20.6014090698427,20.255566925764985,20.357285279518372,16564800
2010-02-19,20.445436477661133,20.648874435168562,20.3437181456168,20.48612355179511,18576300
2010-02-22,20.560720443725586,20.71668866066832,20.479346284198485,20.61497031454997,16101000
2010-02-23,20.85231590270996,21.042191114772002,20.581066523634945,20.72347196261718,35770100
2010-02-24,21.265968322753906,21.306655399197766,20.845530888104555,20.87265646801302,22937500
2010-02-25,21.265968322753906,21.326999584129116,21.01506188227595,21.069311748674043,15049200
2010-02-26,21.157468795776367,21.265968529628033,20.987937799955784,21.265968529628033,13879200
2010-03-01,21.313438415527344,21.394812574605346,21.082876142441442,21.184594487998414,14182000
2010-03-02,21.265968322753906,21.415155131993952,21.204937061378693,21.286311214266416,15189500
2010-03-03,21.340560913085938,21.571123166822034,21.23884257606562,21.313436626809306,13900900
2010-03-04,21.320226669311523,21.415163649914835,21.225288395288857,21.388039352636472,13777600
2010-03-05,21.56434440612793,21.638938465983784,21.354126311483874,21.39481339257844,18768700
2010-03-08,21.67284393310547,21.727095098577287,21.48297002763,21.48297002763,11048000
2010-03-09,21.64278221130371,21.82723805246659,21.63595036870056,21.656445896510014,15127700
2010-03-10,21.66328239440918,21.779421144524445,21.48565965003628,21.581302866704934,10532400
2010-03-11,21.950206756591797,22.01169203177871,21.53347351433394,21.574463263445008,15316800
2010-03-12,22.168821334838867,22.27129506000495,21.94337444852704,22.018523410630984,14953600
2010-03-15,22.332780838012695,22.346444522890646,22.05268181321824,22.196149201396018,12049100
2010-03-16,22.237140655517578,22.414765976857343,22.100506394352013,22.278131715691778,13690400
2010-03-17,22.21664047241211,22.298619964700855,22.09366993093845,22.19614625086019,14730700
2010-03-18,22.134666442871094,22.24397332825962,22.018526411224823,22.168824355914687,17763500
2010-03-19,22.107341766357422,22.250806582287435,21.929716427135666,22.107341766357422,22430600
2010-03-22,22.319114685058594,22.401096785260616,21.95703619711695,21.95703619711695,11737300
2010-03-23,22.264469146728516,22.291796521549923,22.045855360321074,22.264469146728516,11511400
2010-03-24,22.080007553100586,22.271293915108938,22.02535542370444,22.161987050235417,11804400
2010-03-25,22.284961700439453,22.489911784037417,22.175654815448425,22.20298218821661,12956600
2010-03-26,22.3737735748291,22.530902053617194,22.291794065479145,22.319118831208055,12346300
2010-03-29,22.27130126953125,22.469420841937872,22.202985433706527,22.394271858881424,8929400
2010-03-30,22.332780838012695,22.462584541312523,22.202979740794287,22.24397079542814,8666400
2010-03-31,22.100502014160156,22.298621523279994,21.998028293157013,22.230305709277896,10342100
2010-04-01,22.121004104614258,22.291796286322963,21.9707061507644,22.141498332473105,9432500
2010-04-05,22.31228256225586,22.366937291843417,21.97069832057645,22.100499394225483,11381200
2010-04-06,22.237140655517578,22.360111229958406,22.148327994847694,22.28496225601326,9399600
2010-04-07,22.278135299682617,22.353284285717343,22.12100678619282,22.202986313647887,11070100
2010-04-08,22.52407455444336,22.599223534026564,22.134668574859447,22.17565703202704,13825000
2010-04-09,22.71535873413086,22.81783507912353,22.43525967804349,22.565060789763393,13060700
2010-04-12,22.87248992919922,22.933975222264888,22.64021244496024,22.694867197055068,12251500
2010-04-13,23.460018157958984,23.651304599931116,22.82467092588604,22.82467092588604,30322500
2010-04-14,23.897235870361328,23.958721144886972,23.4326810419634,23.44634472586701,24720700
2010-04-15,24.00654411315918,24.013377258543734,23.73327823764885,23.869909872363323,17975700
2010-04-16,23.917728424072266,23.965552617438107,23.712778391983008,23.904067347203224,28512200
2010-04-19,24.02703857421875,24.09535699833145,23.73327847181907,23.856246423059112,17571800
2010-04-20,24.03386878967285,24.24565196948137,23.917728785880733,24.12951196568925,14848400
2010-04-21,24.09535789489746,24.211495311088306,23.97238733300039,24.01337838899325,19597400
2010-04-22,24.402772903442383,24.51891026539659,23.931385100949857,24.013367174649602,21648900
2010-04-23,24.86051368713379,24.89467160794001,24.389128125410426,24.430116587944966,21336400
2010-04-26,24.928829193115234,25.297738342804703,24.908332358184374,24.949323421964092,22057300
2010-04-27,24.109025955200195,24.853680001336848,24.054371203958393,24.853680001336848,20588400
2010-04-28,24.04070472717285,24.354964298191817,23.931397843451983,24.20466635579499,19371600
2010-04-29,24.293474197387695,24.566740049478014,24.184167335335335,24.21832524108648,16263800
2010-04-30,24.068031311035156,24.587240946258653,24.068031311035156,24.389121411605434,15800700
2010-05-03,24.505258560180664,24.63506227058967,24.02703998758664,24.177337923394308,12644500
2010-05-04,24.197826385498047,24.313966382619224,23.76743211814559,24.293472162101757,25531100
2010-05-05,24.07485580444336,24.36861582179922,23.931388458381335,24.06802266096959,24373800
2010-05-06,23.200407028198242,24.170507878890543,21.909218679994233,23.856248315209548,31183100
2010-05-07,22.838329315185547,23.44634902698789,22.291794889188033,23.050112545420333,28620700
2010-05-10,24.109025955200195,24.18417493511668,23.623976765298128,23.6649652226475,21683400
2010-05-11,24.341299057006836,24.566743350118667,23.95872368538246,23.999714741439842,26625400
2010-05-12,24.51892852783203,24.553086447608628,24.17051357637919,24.368630553516336,19130600
2010-05-13,24.09535789489746,24.594070682110477,23.992881557956068,24.491594345169084,20229800
2010-05-14,24.047531127929688,24.231986931108626,23.746935327453965,24.0885195690266,22621300
2010-05-17,24.313966751098633,24.382282557912813,23.282383474151008,23.890403015472554,33494400
2010-05-18,23.726444244384766,24.79901869626883,23.384859957642547,24.46426755466698,49088700
2010-05-19,23.487346649169922,23.617147797213484,22.98863368321422,23.487346649169922,27200100
2010-05-20,22.46941566467285,23.15258428983691,22.40109984458904,22.995455818778954,29536800
2010-05-21,22.5582275390625,22.872484470359872,22.032187403065738,22.039017942406378,36007500
2010-05-24,22.694869995117188,22.93397804980676,22.38061034399074,22.442095644636964,24263400
2010-05-25,23.214069366455078,23.25506042179423,22.14832538237027,22.230307493048578,30507700
2010-05-26,23.255064010620117,23.876747445756866,23.17991503394174,23.603478913486747,25393100
2010-05-27,23.603479385375977,23.69229205105162,23.350707681925826,23.576152010386252,16379300
2010-05-28,23.132099151611328,23.664970054611697,23.104771770410665,23.617148440551794,17549000
2010-06-01,23.07430648803711,23.507721792604322,22.85415828192797,22.99174894246596,17273700
2010-06-02,23.301328659057617,23.30820976537438,22.971106413927377,23.129337742362296,14262300
2010-06-03,22.998620986938477,23.432038745080266,22.819748999730233,23.321964685403117,15651600
2010-06-04,22.1180362701416,22.634009097989008,21.973563196007213,22.620249507654922,20061800
2010-06-07,21.705249786376953,22.303777348566502,21.67085213326219,22.193703283975633,20853000
2010-06-08,21.884124755859375,21.91852372789827,21.49886545433003,21.69149576118801,16153400
2010-06-09,21.8497257232666,22.290023352395842,21.753411231982014,21.925402144811077,15788600
2010-06-10,22.510169982910156,22.5376865325715,22.076752177176218,22.179947767618117,15343000
2010-06-11,22.16619873046875,22.358827791643183,21.863494232954125,22.228115589328265,13693000
2010-06-14,22.056116104125977,22.4551336662275,22.00795754520946,22.345059584505723,20280100
2010-06-15,22.193710327148438,22.276267870070754,21.705256674539015,22.076757744568805,19748300
2010-06-16,22.11115264892578,22.19370755717095,21.794689980341634,21.987318974371426,16321600
2010-06-17,21.952917098999023,22.221222467552845,21.636454491185418,22.145546056038135,23934100
2010-06-18,21.97356605529785,22.2143536687296,21.870371738737656,21.980445851360123,19785600
2010-06-21,21.622697830200195,22.15243015809323,21.49198436867891,22.131789463923383,16599700
2010-06-22,21.058570861816406,21.739654818613964,21.003533814161656,21.64333900107811,22902300
2010-06-23,20.982891082763672,21.182401168809967,20.824659760015138,21.03792812164084,24796400
2010-06-24,20.411880493164062,20.76962188760185,20.343083869281955,20.73522291956757,28837400
2010-06-25,20.776500701904297,20.81089835613078,20.349962703689354,20.349962703689354,43592400
2010-06-28,20.35684585571289,20.797142200952486,20.349966061295195,20.742105157797535,15451400
2010-06-29,19.696399688720703,20.0541411192013,19.551927944980417,20.0541411192013,22817400
2010-06-30,19.311140060424805,19.854631991079344,19.256103019159863,19.627604031838143,20940900
2010-07-01,19.20794105529785,19.606959834530677,18.912116539072677,19.545043014288837,27119600
2010-07-02,19.09787368774414,19.269864623715698,18.974040003894746,19.269864623715698,15404500
2010-07-06,18.80892562866211,19.352416210542874,18.643814515982392,19.256101722859658,18300200
2010-07-07,19.26986312866211,19.324900171415486,18.7882880204301,18.912121694671853,21796200
2010-07-08,19.36617660522461,19.524407930781628,19.070352023939254,19.50376986095295,15975800
2010-07-09,19.441856384277344,19.483133843248947,19.214828391653388,19.331782285561896,13507400
2010-07-12,19.47624969482422,19.785833848381476,19.42121265776809,19.42121265776809,14259400
2010-07-13,19.70328140258789,19.909671315135476,19.462495139562453,19.600087102407457,22058600
2010-07-14,19.455610275268555,19.64135944232013,19.32489682926558,19.64135944232013,13638600
2010-07-15,19.496889114379883,19.545046357876,19.207944341216695,19.414332902539055,13535300
2010-07-16,18.650705337524414,19.45562330788799,18.60942655080723,19.366187248854672,21870900
2010-07-19,18.623178482055664,18.7538919618241,18.471826929609442,18.685095324462463,17061600
2010-07-20,19.214824676513672,19.283621302955854,18.313592675461926,18.40302737130621,23279400
2010-07-21,18.89836311340332,19.26986415593319,18.815808200965577,19.111632813605286,17161300
2010-07-22,19.41433334350586,19.586324252576492,19.063471731539387,19.063471731539387,26142700
2010-07-23,19.434968948364258,19.510645353549524,19.194181460018072,19.359292543178995,18979200
2010-07-26,19.944067001342773,19.999104043463948,19.42121444509832,19.42809423938679,16149800
2010-07-27,19.66200065612793,20.205492558189004,19.634482793036476,20.109176756902666,14851100
2010-07-28,19.318023681640625,19.916552772132867,19.262986629472465,19.66200558573835,13917900
2010-07-29,19.29738426208496,19.620728091184745,19.104755235918443,19.448737139429312,15504300
2010-07-30,19.613847732543945,19.648245397032753,19.008438864921317,19.09099509675596,14837700
2010-08-02,20.03350257873535,20.116057484026427,19.730798197566102,19.82711269113454,17882200
2010-08-03,19.57257080078125,20.074784064113416,19.545051618698317,20.012867216613635,11724700
2010-08-04,19.758325576782227,19.902798698894138,19.613853766857513,19.682650429187603,10987700
2010-08-05,19.751440048217773,19.90279292386459,19.490014381843793,19.62072787112419,9101200
2010-08-06,19.73080062866211,19.73080062866211,19.407456825236572,19.62760632824008,11372800
2010-08-09,19.744558334350586,19.93030753250893,19.73079874569098,19.792715582472624,8354900
2010-08-10,19.4280948638916,19.620725173600995,19.276743321239913,19.53816895167222,13866400
2010-08-11,19.0634708404541,19.304258364335137,18.987795736287133,19.21482367316092,11672600
2010-08-12,18.994672775268555,19.0909872459793,18.78828293664892,18.939635747407234,9886800
2010-08-13,18.788288116455078,19.06347333162841,18.76077025103105,18.92588138013505,9316000
2010-08-16,18.836448669433594,19.311144068996715,18.767653337711934,18.919004904561163,12152400
2010-08-17,19.47624969482422,19.813351710816306,19.06347126081003,19.283620721221006,22537900
2010-08-18,19.854631423950195,19.950945915366066,19.483130421883498,19.50376980383827,13733000
2010-08-19,19.41433334350586,19.847751169188292,19.242342434435226,19.64824108481684,14149300
2010-08-20,19.37993049621582,19.483124751583322,19.187300257259977,19.31801368055809,12430300
2010-08-23,19.146028518676758,19.703278713342968,19.125389136582992,19.648241673279472,11447300
2010-08-24,19.11163902282715,19.318027683162242,18.643823326401364,18.953406316904005,16615700
2010-08-25,19.490007400512695,19.60696125698921,18.980914528846213,18.980914528846213,14357500
2010-08-26,19.524412155151367,19.648245849662654,19.448737029095327,19.531291950644974,12712200
2010-08-27,19.77207374572754,19.840870368301186,19.441851531997756,19.620722225814664,12750900
2010-08-30,19.256103515625,19.813353736823,19.249223721266187,19.772076282856712,9632800
2010-08-31,19.301895141601562,19.482286845761188,19.114565142280664,19.170070180226357,12408200
2010-09-01,19.89163589477539,19.940202634868985,19.46840917679791,19.482285766351627,12772500
2010-09-02,20.40505599975586,20.502189471382156,19.940200877431824,19.954077465762524,14321400
2010-09-03,20.71034049987793,21.036432482788687,20.4813820175481,20.7519689539348,12769800
2010-09-07,20.349546432495117,20.675638245492966,20.314856292747432,20.578504795524246,8605900
2010-09-08,20.432811737060547,20.543821810929344,20.314863368156892,20.342615224951857,9560100
2010-09-09,20.40505599975586,20.73808617962685,20.328736087281314,20.661767590496602,7879000
2010-09-10,20.592376708984375,20.661758296083203,20.43279998499767,20.453613534786722,7330900
2010-09-13,20.807476043701172,20.918486147650206,20.65483748160746,20.772785882471407,9961400
2010-09-14,20.793590545654297,20.973982218160483,20.7311472235043,20.835220309317133,14073800
2010-09-15,20.772777557373047,20.821344292968575,20.57157099751239,20.661767497913477,9804100
2010-09-16,20.77971649169922,20.849096788490733,20.60626310303176,20.731148431263087,9352500
2010-09-17,20.738082885742188,20.946227707609587,20.675639571516378,20.849092928067165,13015200
2010-09-20,21.265384674072266,21.327827998356994,20.745024520595727,20.842159315785477,11541200
2010-09-21,21.445772171020508,21.695545419455975,21.293133698834414,21.36251530377138,13833500
2010-09-22,21.424970626831055,21.66086743642581,21.32783711347258,21.32783711347258,11663500
2010-09-23,21.39720916748047,21.57066254833012,21.21681749259552,21.237632374701416,16047000
2010-09-24,21.95226287841797,21.986954354001597,21.67473769047134,21.695552575821516,11421600
2010-09-27,21.92450714111328,22.097960518300344,21.813497085581105,22.0008257272015,7991000
2010-09-28,22.070213317871094,22.23672844625043,21.757997948414058,21.95226493651765,12505200
2010-09-29,22.070213317871094,22.153471543733065,21.96614152805208,22.021646570845196,9178300
2010-09-30,21.980016708374023,22.36161368765842,21.93838825978807,22.118778644775386,11401200
2010-10-01,22.077144622802734,22.22978443465811,21.959196278798213,22.070206329232565,8648800
2010-10-04,21.97307777404785,22.18815962938905,21.87594428905721,22.000829631183258,10321100
2010-10-05,22.021650314331055,22.153475309628007,21.681681704013503,21.75106335013531,15975000
2010-10-06,22.021650314331055,22.111846851292857,21.882888345432267,22.042465205171045,9957300
2010-10-07,22.021650314331055,22.2783620079783,21.917578506820753,22.091031960452863,13163400
2010-10-08,22.125715255737305,22.299168655542946,21.993891624693003,22.08408681032039,10578500
2010-10-11,22.056339263916016,22.125719578718442,21.945327848873838,22.125719578718442,8358700
2010-10-12,21.792688369750977,22.049400022891085,21.681678282810555,22.02164683948367,12539000
2010-10-13,21.50821876525879,21.95919728115182,21.466590325281775,21.945320693378065,15267600
2010-10-14,21.37639808654785,21.64004801339462,21.168254521853676,21.55678979351024,11242500
2010-10-15,21.300081253051758,21.563729878435215,21.105812939428155,21.50822483502056,12945300
2010-10-18,21.18213653564453,21.33477510061061,20.93930143243203,21.272331750546112,10701300
2010-10-19,21.098876953125,21.34865033750415,20.987866854144215,21.022557013821423,12047100
2010-10-20,21.320892333984375,21.487407444834222,21.043367149234626,21.175192108244932,18500800
2010-10-21,22.070213317871094,22.229791473827824,21.424966368310773,21.431904664077987,22203300
2010-10-22,21.841249465942383,22.077146170488618,21.785744436834108,22.042456023550052,9102000
2010-10-25,21.785747528076172,22.08408759811958,21.73024249109213,21.7996241181583,8561300
2010-10-26,21.709436416625977,21.86207499013911,21.508229761074872,21.695559821757985,9277900
2010-10-27,21.4388370513916,21.54290881252887,21.12662176797979,21.54290881252887,11575100
2010-10-28,21.640052795410156,21.702496143286034,21.42496956457334,21.63311449860786,7932400
2010-10-29,21.4388370513916,21.633105309300284,21.41802349317069,21.570661987949073,9499200
2010-11-01,21.307018280029297,21.723306768375878,21.202946488778807,21.50822489001225,8229900
2010-11-02,21.862071990966797,22.181225689077603,21.494350217480886,21.5082268104452,15092700
2010-11-03,21.82737922668457,21.95920420541431,21.53597873161567,21.931452344460222,9073300
2010-11-04,22.160409927368164,22.188161787202457,22.035523249752323,22.084089996970793,11096000
2010-11-05,22.14653205871582,22.40324369493915,22.04246027448538,22.167346944899723,10750000
2010-11-08,21.84817886352539,21.952250585307866,21.64697371119177,21.945312294076533,9696400
2010-11-09,21.834314346313477,21.86206752657471,21.633109082797436,21.841252641378787,10268600
2010-11-10,21.980016708374023,21.993893299017518,21.68167662626154,21.841253448628144,11175200
2010-11-11,21.993896484375,22.15347332985298,21.73718481366914,21.764937998975594,9226300
2010-11-12,21.813505172729492,22.035525366105713,21.751061827924335,21.83431873876805,10594800
2010-11-15,21.778806686401367,22.181218488317082,21.75105483282665,21.806559863320395,9645900
2010-11-16,22.000825881958008,22.770959305555927,21.88287885505163,21.993888911364667,25568500
2010-11-17,21.39027976989746,22.000835342153522,21.279269665850904,21.96614518089328,19411800
2010-11-18,21.418027877807617,21.57066640383372,21.334769657846874,21.50128477442385,26258300
2010-11-19,21.660858154296875,21.660858154296875,21.369456415748292,21.369456415748292,25364400
2010-11-22,21.57066535949707,21.751057057891316,21.42496381245599,21.542912179738977,23205700
2010-11-23,21.445772171020508,21.508215483129376,21.390267151739742,21.494338897473174,11698400
2010-11-24,21.619234085083008,21.751059054344797,21.56372904381666,21.633110676235738,9748600
2010-11-26,21.50821876525879,21.619228820760327,21.40414700364413,21.45271373750802,4182200
2010-11-29,21.293155670166016,21.45273259983958,21.043382164001883,21.41804242324808,11838700
2010-11-30,21.122541427612305,21.40221865560097,20.961727955038725,21.017663133916486,12889600
2010-12-01,22.101408004760742,22.199294229730455,21.395225571594036,21.395225571594036,17102400
2010-12-02,23.324981689453125,23.443842723785945,22.108391100171474,22.108391100171474,25843400
2010-12-03,23.40888786315918,23.464824360101,23.073276883105162,23.199131334025292,16353500
2010-12-06,23.311006546020508,23.4578358804655,23.28303829168826,23.387917911834418,9357000
2010-12-07,23.457826614379883,23.723519591185664,23.43685176551575,23.5417286770349,12615800
2010-12-08,23.793428421020508,23.877333118744524,23.359931484902955,23.38090632573523,11406300
2010-12-09,23.9962100982666,24.296862130815217,23.68856733651419,24.19198252236366,15158700
2010-12-10,24.052148818969727,24.143041642998064,23.877351233562095,24.06613027866679,11475700
2010-12-13,24.164018630981445,24.226945867020437,24.010195905730704,24.05214828548984,12755700
2010-12-14,24.275890350341797,24.40174482954238,24.10109275891871,24.198978983363705,11134100
2010-12-15,24.324825286865234,24.534581792632775,24.15701848193199,24.17100260460965,13972800
2010-12-16,24.555559158325195,24.625479778875608,24.254907157955813,24.359786755181954,11193300
2010-12-17,24.54157257080078,24.660436280205797,24.42271152859445,24.464663896713635,17797200
2010-12-20,24.611495971679688,24.814261773088397,24.513609768847616,24.646454948805573,8956500
2010-12-21,24.52759552001953,24.81426341898445,24.520602123811102,24.72336793866899,7002600
2010-12-22,24.597505569458008,24.716366594789346,24.478641876928364,24.583521448736974,6448100
2010-12-23,24.534591674804688,24.7513416628141,24.492639289873903,24.56255993142521,6238800
2010-12-27,24.639461517333984,24.758322559962842,24.296857177806128,24.429702343191092,5111100
2010-12-28,24.534591674804688,24.681421021262796,24.450689572142874,24.625487175221505,4081700
2010-12-29,24.394752502441406,24.681420458263286,24.394752502441406,24.52060698716318,6126800
2010-12-30,24.373777389526367,24.51361600077912,24.296866019977372,24.324834275667854,6563300
2010-12-31,24.513601303100586,24.527585422561334,24.21294940268963,24.289860726124722,5411300
2011-01-03,24.68841552734375,24.870203869138578,24.604510753715484,24.611504151784445,7464300
2011-01-04,24.240921020507812,24.86320248932738,24.21994616968424,24.6604367073704,14359700
2011-01-05,24.164018630981445,24.380765925071753,24.073123141769695,24.205968343541155,11479400
2011-01-06,24.06612205505371,24.33181504089945,23.940270290388437,24.212954003693913,11526700
2011-01-07,24.038166046142578,24.191986116270325,23.89832743649947,24.066131634311493,11735800
2011-01-10,24.045148849487305,24.101085341783975,23.821408214698145,23.884335434932517,9825600
2011-01-11,24.373777389526367,24.618492958818937,24.11507769238856,24.198979792260346,12408600
2011-01-12,24.352800369262695,24.52060455410824,24.23393662673096,24.331822845757433,8963300
2011-01-13,24.66043472290039,24.667425450212782,24.268887313443585,24.33880792256008,10713100
2011-01-14,25.093936920166016,25.170848272194014,24.485642167070395,24.548569394438843,13844200
2011-01-18,25.184825897216797,25.317671046399596,25.072955596010658,25.149866928189574,10765000
2011-01-19,24.912141799926758,25.17084136716262,24.807262227350915,25.17084136716262,9110300
2011-01-20,25.513446807861328,25.618323717960024,24.982060861446875,24.989054255772523,13483000
2011-01-21,25.52743911743164,25.863052840619854,25.499473529832276,25.744189091324117,11886200
2011-01-24,25.625322341918945,25.625322341918945,25.380604167349514,25.49247449460443,8884200
2011-01-25,25.981910705566406,25.995894831234327,25.436543140513695,25.527435956556314,14228300
2011-01-26,26.1636962890625,26.555243765523986,25.974917280138914,25.988898737156312,14228300
2011-01-27,26.55524444580078,26.653130650624004,26.156706230621072,26.226624186295076,10722100
2011-01-28,25.6602783203125,26.54125671109003,25.61133522455812,26.49231361533565,12588000
2011-01-31,25.70922088623047,25.995888727111964,25.555398207201844,25.960929754750538,11189800
2011-02-01,25.863046646118164,25.960932847270012,25.520442274887753,25.82808500239341,9623200
2011-02-02,25.562395095825195,25.84206958014074,25.436540644363554,25.667272027243904,7782400
2011-02-03,25.6602783203125,25.9049937990844,25.499464910376865,25.576376251476226,5664700
2011-02-04,25.730195999145508,25.974914142573528,25.534423618162016,25.70222775409111,7559900
2011-02-07,25.590362548828125,25.786137636086362,25.569387694450135,25.730201134812813,7046400
2011-02-08,25.981910705566406,26.05882206314035,25.457517995415955,25.611340710563848,6137400
2011-02-09,25.988906860351562,26.009884386832425,25.849070908878115,25.91898888461484,6812400
2011-02-10,26.086788177490234,26.184674381947765,25.911990621759205,25.96792445264964,6009500
2011-02-11,26.205652236938477,26.205652236938477,25.639307131304562,25.89101606714186,10053400
2011-02-14,26.27556610107422,26.33149992396768,26.05881620276525,26.198654760796884,9070800
2011-02-15,26.35248374938965,26.380452003961246,26.093784062601248,26.28256578016021,6538400
2011-02-16,26.471345901489258,26.632159354779517,26.282564195313892,26.38744381003334,6801500
2011-02-17,26.695079803466797,26.723048049241523,26.296541636372506,26.450364320934767,8196500
2011-02-18,26.90484046936035,26.918824594408356,26.562238740881213,26.660124949018112,12894800
2011-02-22,26.632158279418945,27.534114394548688,26.401424203232562,27.4781778910371,20604500
2011-02-23,26.079801559448242,26.76500783592665,25.80012699791405,26.576226106611212,15127800
2011-02-24,25.967918395996094,26.338488274211944,25.716209547699133,26.030845608070333,9342800
2011-02-25,25.925975799560547,26.20565029977294,25.71621659040233,26.00987788290435,9723700
2011-02-28,26.198657989501953,26.24760109076494,25.911990110447736,25.974917335957148,9736700
2011-03-01,25.702232360839844,26.373457026459366,25.653289256821637,25.967925402080922,10015500
2011-03-02,25.632307052612305,25.8630410487041,25.401575723718874,25.590354689541517,12677300
2011-03-03,26.254581451416016,26.303524533351496,25.83506855848391,25.88401164041939,8060300
2011-03-04,26.02386474609375,26.47134612727461,25.716219296132344,26.18467820075566,9269600
2011-03-07,25.779138565063477,26.359467635632328,25.751172987781953,26.051822280748176,8888200
2011-03-08,26.07480812072754,26.229678261301856,25.722826378337828,25.84954002043073,14254200
2011-03-09,26.518306732177734,26.595743155533714,25.983295593712313,26.110009252766112,9339800
2011-03-10,26.095922470092773,26.398626940509864,26.004406478118323,26.293031358584944,8897300
2011-03-11,26.145198822021484,26.29303048347031,25.814335182715638,26.06776242257483,7729400
2011-03-14,25.82137680053711,26.00440609639207,25.539790376475615,25.99032650664828,8729100
2011-03-15,25.546838760375977,25.736909247719638,25.215975021065756,25.27229339601555,8897300
2011-03-16,25.117414474487305,25.52571185247574,24.941423623452728,25.44123699589318,13998700
2011-03-17,25.173725128173828,25.43419346923403,24.99773431224994,25.39195470666587,9726300
2011-03-18,25.342695236206055,25.532765772726634,25.173742753051556,25.370854430966574,11368200
2011-03-21,25.645397186279297,25.83546770293649,25.539801559666962,25.546842700325563,7704500
2011-03-22,25.546838760375977,25.779145343524057,25.525718027065842,25.59611599575308,6506200
2011-03-23,25.779136657714844,25.821375424695606,25.363798181328573,25.39899849651605,8496900
2011-03-24,26.300077438354492,26.574622780460906,25.898818448290083,25.941054540670944,9999300
2011-03-25,26.342315673828125,26.623902177845103,26.285999984269484,26.335277219661265,7611400
2011-03-28,25.80025291442871,26.40565902383397,25.779132191893645,26.370461400150933,8585300
2011-03-29,26.539430618286133,26.616867050840913,26.152251140920505,26.307121320621803,18370800
2011-03-30,26.447917938232422,26.637988473452644,26.194490557938796,26.440879482294754,7722000
2011-03-31,26.088886260986328,26.37047002798515,25.91289539958428,26.25079753122732,8917300
2011-04-01,26.440866470336914,26.659093407323567,26.018486815904204,26.131120853338135,9247500
2011-04-04,26.377511978149414,26.560541298061782,26.20855956442395,26.384550431242868,6571700
2011-04-05,26.469026565551758,26.637978987384617,26.22264041434513,26.23672000661517,10098700
2011-04-06,26.398624420166016,26.6027744268463,26.194474413485732,26.539417620821624,10077900
2011-04-07,26.630943298339844,26.68022053369632,26.21560468218673,26.356395248686425,10395700
2011-04-08,26.370466232299805,26.72244790444072,26.21559612263459,26.68021182244432,9848100
2011-04-11,26.469026565551758,26.708374263327187,26.328236013666622,26.363433651637905,7032900
2011-04-12,26.581663131713867,26.743577115425186,26.300079315911006,26.34231541130709,8542600
2011-04-13,26.518306732177734,26.729497954206025,26.1663249426745,26.63798193702096,10337800
2011-04-14,26.637985229492188,26.729501257988687,26.363439829410957,26.469032768068516,6608300
2011-04-15,26.870277404785156,27.03219132412785,26.70836617084929,26.715407307554706,10440600
2011-04-18,26.581663131713867,26.623901912517848,26.194483706605,26.595742725315194,8250600
2011-04-19,26.588695526123047,26.764686360143926,26.447902321824944,26.673170374539108,7023300
2011-04-20,26.708377838134766,27.1096368726111,26.637982552770076,26.947725567945913,8887400
2011-04-21,26.60982322692871,26.870289003921453,26.4267938746817,26.7998937189206,8406800
2011-04-25,26.440866470336914,26.546459369889632,26.250796028653284,26.476064103521153,8594000
2011-04-26,26.194477081298828,26.433824741167975,26.00440664386681,26.243754303735955,14100000
2011-04-27,26.271913528442383,26.433824786069003,26.032565868166675,26.257833938378255,12615000
2011-04-28,26.377511978149414,26.518302523278535,26.159282336547257,26.166320789640707,9730800
2011-04-29,26.152246475219727,26.440871417990042,26.060730463490277,26.37047345304132,15945000
2011-05-02,26.29303741455078,26.518305534828954,26.17336490051892,26.356394241217004,7918500
2011-05-03,26.29303741455078,26.342314648023642,26.088890026766556,26.10296961995992,8833000
2011-05-04,26.18039321899414,26.483097641943605,26.117036416855722,26.25782960887518,11319900
2011-05-05,26.05368423461914,26.349350258828895,25.89177297497864,26.046645782203143,13661700
2011-05-06,26.039608001708984,26.384548572546024,25.88473519048817,26.285994123735442,10677800
2011-05-09,26.01849937438965,26.11001541316702,25.835469982243477,25.997381321367396,6550000
2011-05-10,26.236717224121094,26.307112492597998,25.969210370175603,25.969210370175603,6818400
2011-05-11,26.20856475830078,26.286001184712255,25.990335073451,26.053691905477837,9594900
2011-05-12,26.250797271728516,26.349351723474225,25.962172369298614,26.152242819982803,9749400
2011-05-13,26.05368423461914,26.300073035695146,25.89177297497864,26.264875402800648,8666600
2011-05-16,26.032569885253906,26.264879129048815,25.72986536568289,25.8284198259325,11603500
2011-05-17,26.32822608947754,26.70836419584845,26.180391769070745,26.293025779367056,17428400
2011-05-18,26.370466232299805,26.426784588837734,26.152239314232943,26.285991382899958,9069300
2011-05-19,26.32118797302246,26.363426738756957,26.109999515163857,26.363426738756957,7015200
2011-05-20,26.081846237182617,26.30711433457038,25.97625332707385,26.271916697867454,8154000
2011-05-23,25.919933319091797,26.046646951526405,25.715783279568548,25.828417321131827,9662800
2011-05-24,25.7298583984375,25.96920603083535,25.666501593231985,25.95512644241113,10580400
2011-05-25,25.786184310913086,25.84249999571102,25.56795465447782,25.72986594070746,12316900
2011-05-26,25.4764461517334,25.81434841630037,25.420130450343148,25.659478223420813,8083300
2011-05-27,25.342695236206055,25.638358724965656,25.279338390699195,25.596122618233494,9596500
2011-05-31,25.539796829223633,25.539796829223633,25.356767487125463,25.469401548126147,8628100
2011-06-01,24.920310974121094,25.525717376965044,24.92031097412109,25.427162908720863,10483000
2011-06-02,24.70207977294922,24.856952605104336,24.43457288615611,24.81471382758721,11346600
2011-06-03,24.378257751464844,24.54016904082136,24.237464508639427,24.37121661234931,8840300
2011-06-06,24.138906478881836,24.504967781996267,24.138906478881836,24.307856196991665,7485400
2011-06-07,24.167064666748047,24.652798443102206,24.152985076583214,24.2585779747086,9335000
2011-06-08,24.005151748657227,24.160024561683194,23.94883607099792,24.075549702490555,9432400
2011-06-09,24.167064666748047,24.328975925532767,24.012191860342124,24.026271450506957,6934100
2011-06-10,23.5616512298584,24.110741714687553,23.52645091844588,24.054423364752907,12388200
2011-06-13,23.589820861816406,23.850289347266656,23.519425570586094,23.55462321620125,11743300
2011-06-14,24.646604537963867,24.70334622119604,23.908978889499902,24.015368192764033,17534700
2011-06-15,24.029560089111328,24.448020646142954,23.987003815219044,24.362908098358382,14608600
2011-06-16,24.469297409057617,24.66788794252974,24.1217612698883,24.164317543743653,14084900
2011-06-17,24.490571975708008,24.774275031203157,24.334537730219242,24.61823808012154,18322400
2011-06-20,24.660795211791992,24.80973810361435,24.31325909194688,24.3203531566582,7866600
2011-06-21,25.128910064697266,25.15018685330886,24.54022699423564,24.745911636126593,14805200
2011-06-22,24.774269104003906,25.10761970861825,24.745898264123493,25.01541583180301,9901700
2011-06-23,25.284940719604492,25.299123438058466,24.497667271352597,24.518944054626544,17098000
2011-06-24,24.880661010742188,25.31330418913786,24.880661010742188,25.2636565669352,15738100
2011-06-27,24.96577262878418,25.100530083653098,24.596959761908906,24.84519789077078,8424900
2011-06-28,25.575733184814453,25.731767426164335,25.008327088874868,25.06506878070594,17004200
2011-06-29,25.518985748291016,25.753041116015766,25.384228318917238,25.63956046349254,12298200
2011-06-30,25.6892147064209,25.7530477590305,25.490621484083878,25.667935218489117,11945200
2011-07-01,26.050928115844727,26.214056392897543,25.717577498706362,25.738856982212248,9777900
2011-07-05,25.951637268066406,26.1360423542265,25.83815659067725,25.980008113811888,9938900
2011-07-06,25.937448501586914,26.058023227665487,25.760134796924387,25.852338680914777,7031700
2011-07-07,26.27789306640625,26.419744585163247,26.0651171410671,26.114764766793144,9850200
2011-07-08,25.97290802001953,26.022555635752145,25.753040780515718,25.96581666302579,9822700
2011-07-11,25.78850555419922,26.00128145797599,25.646654049817236,25.717578449212024,8283800
2011-07-12,25.61119842529297,26.06512119137716,25.604104360176784,25.816883024172714,8931500
2011-07-13,25.625377655029297,25.980005068500972,25.575730033590656,25.774320519345213,10563600
2011-07-14,25.504802703857422,25.916171798561134,25.405507461850988,25.675025051291612,10861100
2011-07-15,25.469341278076172,25.5970073661341,25.171455543002683,25.5970073661341,9923500
2011-07-18,25.313308715820312,25.497716521772126,25.065070560415535,25.40551261879622,6908300
2011-07-19,25.61119842529297,25.724679116814016,25.34168076833307,25.42679061057558,9689400
2011-07-20,25.823970794677734,25.944545534557477,25.476434703299006,25.696304696260466,11320700
2011-07-21,26.043834686279297,26.391367990647726,25.9090745553024,25.93744539399144,12431800
2011-07-22,25.901981353759766,26.11475721759009,25.795592069048652,26.02964741317634,8011500
2011-07-25,25.99418830871582,26.221149617847523,25.703393962291315,25.795595134031416,8622300
2011-07-26,25.809785842895508,26.214060926728397,25.795600419968927,25.95163736656856,9886700
2011-07-27,25.27074432373047,25.788499901481575,25.21400265217822,25.753037709557326,12291900
2011-07-28,24.93031120300293,25.611195268196518,24.866478152791483,25.270753235599724,13821200
2011-07-29,24.774269104003906,24.994139054688805,24.561493216085218,24.653694387308253,12097800
2011-08-01,24.291973114013672,24.873561742923723,24.029549636479118,24.873561742923723,14037800
2011-08-02,23.277742385864258,24.114663268695793,23.256465607593196,24.015368029307705,18396800
2011-08-03,23.369945526123047,23.39122230371896,22.944391035058953,23.306112487743047,14224700
2011-08-04,22.483383178710938,23.206823575632704,22.47629046664741,22.98695356005286,18946100
2011-08-05,21.8024959564209,22.802546632595618,21.717386124063303,22.745804940628695,36483500
2011-08-08,20.518741607666016,21.525883479113862,20.511648897321066,21.36275519956855,38047000
2011-08-09,21.384031295776367,21.462049754286284,19.951336318899727,20.766980396204158,26132600
2011-08-10,20.220857620239258,21.03650049512331,20.171209993051,20.795353717812006,23457600
2011-08-11,21.313112258911133,21.561351780053155,20.08610143070206,20.093194143054294,20127300
2011-08-12,21.689016342163086,21.73866397227351,21.128705634464296,21.447869550658353,18736700
2011-08-15,22.313161849975586,22.32025456237453,21.61099955603893,21.745758386025734,15899400
2011-08-16,23.490522384643555,23.696206962465325,23.178451191308778,23.426689333098622,28972400
2011-08-17,23.696203231811523,24.107572322690437,23.34866718242787,23.795498472894735,16303100
2011-08-18,22.80963706970215,23.270653828731877,22.518842674102796,22.99404214995843,18497300
2011-08-19,22.61104393005371,23.306114708328757,22.547212238388017,22.589767150430568,15469100
2011-08-22,22.894744873046875,23.128800263856895,22.717431166891078,22.979857400028212,12720900
2011-08-23,23.483421325683594,23.511792160338544,22.873461908560635,23.02240473211158,12545000
2011-08-24,24.377090454101562,24.440923504107353,23.32030215528575,23.39122656391762,19880300
2011-08-25,24.00118637084961,24.653699592307387,23.84514942415632,24.440923659466492,15470400
2011-08-26,24.114662170410156,24.448012777967104,23.838053243114913,24.18558656514506,18409800
2011-08-29,24.107576370239258,24.455109772379732,23.972816201350096,24.455109772379732,14713500
2011-08-30,23.986106872558594,24.171881048412374,23.79318879408278,24.100428393991663,16123400
2011-08-31,23.85034942626953,24.2290389312798,23.7074468520038,24.179023439132777,17507500
2011-09-01,23.528820037841797,24.136152590064455,23.485948446554087,23.957525048158967,15358200
2011-09-02,22.99293327331543,23.278738379174264,22.80716049963509,23.057239285851693,12277400
2011-09-06,22.900056838989258,22.950072346893947,22.206982269929277,22.256997777833966,12043700
2011-09-07,23.485946655273438,23.485946655273438,23.11440106937113,23.285884695802878,13313200
2011-09-08,23.193002700805664,23.500242334834482,23.078681166676827,23.364486364819104,9915100
2011-09-09,22.771442413330078,23.114405645634864,22.535654083829158,22.90719974329126,11734600
2011-09-12,23.114395141601562,23.128685667276,22.27127456910285,22.285565094777287,12102200
2011-09-13,23.335901260375977,23.464513304712906,22.964355657362603,23.12869266387315,12607700
2011-09-14,23.964677810668945,24.293351917755402,23.350198473117327,23.385923445515303,15407500
2011-09-15,24.493408203125,24.507698733863023,24.07184708609343,24.21474966783363,12017900
2011-09-16,24.729206085205078,25.00786471304792,24.63631896737715,24.74349662068945,20791300
2011-09-19,24.543428421020508,24.643462155437152,24.17188545289239,24.336222499544597,8805400
2011-09-20,24.872093200683594,25.24363871460649,24.44338558047752,24.65059412729516,13980300
2011-09-21,24.179019927978516,25.029285896646464,24.143294971009855,24.92211102574048,11896600
2011-09-22,23.614553451538086,24.129001490992227,23.27873562635145,23.43592596290975,19984900
2011-09-23,24.093290328979492,24.193321343765124,23.51453595332453,23.564551460717347,12993800
2011-09-26,24.293350219726562,24.293350219726562,23.56454938605791,24.10757874085753,17329700
2011-09-27,24.20760726928711,24.764924374495585,24.071848581661303,24.707764973632255,13172200
2011-09-28,24.00754165649414,24.50769934217946,23.98610722267509,24.31478126088769,9723100
2011-09-29,24.143301010131836,24.636312081154255,23.614562247564454,24.321928565295924,14233100
2011-09-30,23.485946655273438,24.043266396946787,23.464512224084388,23.75746126144047,10915500
2011-10-03,22.571372985839844,23.578832065048136,22.5642277216757,23.435929507404776,17929700
2011-10-04,23.20013999938965,23.257299380645915,22.171245243203703,22.24269515118386,15100000
2011-10-05,23.457374572753906,23.60742108233865,22.685702136648654,22.750008172990757,16324600
2011-10-06,23.85034942626953,23.864639956260092,23.150129810571347,23.22872363705959,9052800
2011-10-07,24.236183166503906,24.536278849149785,23.92179967931103,24.036121195166615,12809500
2011-10-10,24.764917373657227,24.764917373657227,24.41480626189709,24.500549427413517,8757300
2011-10-11,24.80064582824707,24.879242378237777,24.457681294720214,24.722049278256367,8010300
2011-10-12,24.807802200317383,25.072170287696732,24.800655569889322,24.943558196400637,10671200
2011-10-13,24.58629608154297,24.800648598233327,24.329071971258486,24.66489264031213,8943700
2011-10-14,25.0435791015625,25.065016258546798,24.643455179719567,24.879242101428467,7648700
2011-10-17,24.75777816772461,25.35082018399353,24.714906576836267,24.900678019405824,8837700
2011-10-18,25.68663787841797,25.865265398120957,24.60058223154703,24.82208133720901,15042600
2011-10-19,25.29366111755371,25.736656659937356,25.21506456272242,25.572319647853746,9948800
2011-10-20,25.52944564819336,25.61518609735771,25.122175107613028,25.436558571642134,9481300
2011-10-21,26.336837768554688,26.336837768554688,25.715214861651365,25.829536347123693,14116400
2011-10-24,26.222517013549805,26.686946868751363,26.12248605167991,26.522609899159495,11163800
2011-10-25,25.75093650817871,26.25823786446817,25.700921035059405,26.093900920556326,10883800
2011-10-26,26.11534309387207,26.193939639421476,25.472285651961755,26.00816821637352,11159200
2011-10-27,26.594070434570312,26.901310037678403,26.286830831462222,26.82271347981725,11760900
2011-10-28,25.808107376098633,26.565489160973424,25.74380134978247,26.379714984664478,14076900
2011-10-31,25.579458236694336,25.736651313703447,25.493717797252742,25.608039291721344,10288000
2011-11-01,25.393680572509766,25.708063923414784,24.707751774732223,24.82207324102848,13087000
2011-11-02,25.71523094177246,25.86527747422389,25.550891148355085,25.80097142808172,9894700
2011-11-03,26.043895721435547,26.07962068409399,25.500866476723445,25.893849242886123,9028600
2011-11-04,26.001026153564453,26.022460587698987,25.615189985301996,25.815254697904834,6245200
2011-11-07,26.679811477661133,26.73697087740085,26.12963828626055,26.22966928003517,12573600
2011-11-08,27.1085205078125,27.15139210816125,26.63694380653848,26.83700854919209,9872600
2011-11-09,26.55120277404785,26.994198399122162,26.458315671395972,26.7584114162557,10918000
2011-11-10,26.579782485961914,26.82271608584461,26.47260485562176,26.77270058518997,7287700
2011-11-11,27.194257736206055,27.422900769904523,26.794131064413758,26.794131064413758,10185600
2011-11-14,27.330007553100586,27.537216107656622,27.11565509781198,27.2585576432175,13926600
2011-11-15,27.2014102935791,27.680133671584578,27.044217135780166,27.56581211836012,15280400
2011-11-16,27.03706932067871,27.68727357165849,26.851297845673244,26.901313347622423,11800000
2011-11-17,26.87986946105957,27.215690083540533,26.608357582871317,27.03706255679785,11376300
2011-11-18,27.06564712524414,27.115662621167182,26.644085998435585,27.02992216039056,11816000
2011-11-21,26.479747772216797,27.04420873270233,26.21537704794638,26.79413126448975,11602100
2011-11-22,26.508329391479492,26.772700148502306,26.279686327747555,26.444023359452366,8235700
2011-11-23,26.09390640258789,26.358274348279036,26.058181446517104,26.279677809539642,6710500
2011-11-25,26.058183670043945,26.401148183739405,26.015312083717138,26.07247419881955,3616800
2011-11-28,26.651233673095703,26.95132941674656,26.48689663099853,26.572637103909994,8060800
2011-11-29,28.055442810058594,28.156257619145443,26.83125709900933,26.9320746550937,20793800
2011-11-30,28.2426700592041,28.653131885152987,27.789000713208967,28.40829476555214,19655000
2011-12-01,28.329078674316406,28.48750348025364,27.933019406470233,27.98342679981446,9621900
2011-12-02,28.761133193969727,29.135589952630326,28.566703564646186,28.58110606463267,17909600
2011-12-05,28.969972610473633,29.22921218144825,28.653125772058363,28.897962839423652,13964300
2011-12-06,29.034786224365234,29.322830839474815,28.782749246392132,28.869161532126192,12500900
2011-12-07,29.33003044128418,29.474052747476726,28.833156369266753,28.861961379904667,12196100
2011-12-08,28.739540100097656,29.380436448021904,28.689132707361832,29.1572044936195,12008200
2011-12-09,28.969972610473633,29.09959239596094,28.797148061155006,28.890760214120643,10311000
2011-12-12,28.840368270874023,28.883575804842458,28.307489086920768,28.696345904644062,11089400
2011-12-13,28.451509475708008,28.98439142107279,28.343494758362574,28.962789027003346,11351400
2011-12-14,28.18506622314453,28.49471331732811,27.969034069457766,28.350690965870978,12084800
2011-12-15,28.386688232421875,28.775547652673524,28.35788596747508,28.53071054514439,10784900
2011-12-16,29.106809616088867,29.193224689230917,28.61713793660885,28.62433781920486,20212600
2011-12-19,28.948381423950195,29.387648339426946,28.883571506142186,29.02759385093751,8901900
2011-12-20,30.208566665649414,30.23737167879407,29.366037886650357,29.366037886650357,20396200
2011-12-21,30.244558334350586,30.28056321153989,29.927711569290253,30.18694833325086,12073900
2011-12-22,30.18695640563965,30.345381204032712,29.992529467425886,30.194159031201217,9880000
2011-12-23,30.309368133544922,30.338173134020135,30.021323622784852,30.2301557557361,4353700
2011-12-27,30.40299415588379,30.583021354349235,30.186959320127613,30.237369462935224,4763300
2011-12-28,29.906110763549805,30.52540462981198,29.898910885870766,30.41018735797226,5136600
2011-12-29,30.251771926879883,30.266174433684785,29.942127645065018,30.03573981880094,6297000
2011-12-30,30.273374557495117,30.475004142097834,30.251769425575493,30.352586964873915,4773800
2012-01-03,30.345388412475586,30.89267271129525,30.29498100955765,30.53981814387225,8452900
2012-01-04,30.77745246887207,30.907069530470302,30.186960703605695,30.287778246844365,11085800
2012-01-05,31.02949333190918,31.108705752269422,30.525416540796506,30.698243889491355,10245500
2012-01-06,31.108701705932617,31.180711489440544,30.820657077906596,30.964679391919606,7285500
2012-01-09,31.130298614501953,31.180706003488226,30.784646769883214,31.09429372908271,7346600
2012-01-10,31.346330642700195,31.396738031636115,31.05108618736267,31.346330642700195,7497500
2012-01-11,31.295927047729492,31.396741837822976,31.07989496224388,31.339134563625414,8222100
2012-01-12,31.24552345275879,31.439953177441456,31.058296355099927,31.38954577626417,8449900
2012-01-13,31.331932067871094,31.346334573229676,30.90706777428254,31.043890201690544,8076200
2012-01-17,31.4975643157959,31.655986404937913,31.339139479656453,31.40394939016828,7709100
2012-01-18,32.3184814453125,32.39769384727355,31.468752901179734,31.483155405808734,13147000
2012-01-19,32.700130462646484,32.70733033975817,32.008826886082694,32.31127117070577,15722900
2012-01-20,32.05205154418945,32.76496068873329,31.908031936562598,32.728955786826575,12589200
2012-01-23,32.3184814453125,32.39769384727355,31.670382471991957,31.915219556691177,13779200
2012-01-24,32.3760871887207,32.49850709879068,32.08804535072658,32.18886013137436,10953000
2012-01-25,32.59212875366211,32.700146191266946,32.11685697279643,32.282484442989855,9930000
2012-01-26,32.36888885498047,32.65693070672077,32.02323698469398,32.65693070672077,11174400
2012-01-27,32.31128692626953,32.40490185634719,31.980037477684064,32.210472115569395,7924800
2012-01-30,32.23927688598633,32.25367939411893,31.84321752683121,32.10245717922294,6724600
2012-01-31,31.96562957763672,32.58492359261817,31.872014663349564,32.31128147616185,10343500
2012-02-01,32.023250579833984,32.3400975753615,31.9872429294575,32.181672704098716,10906400
2012-02-02,32.01603698730469,32.1312542868592,31.90081968775017,32.08084688999142,8963500
2012-02-03,32.52732467651367,32.599337230169816,32.27528760621226,32.27528760621226,10422700
2012-02-06,32.548919677734375,32.60652695571767,32.39769748265639,32.440902254394565,8091400
2012-02-07,32.736148834228516,32.82256387716166,32.476909199423794,32.498514333655756,9725400
2012-02-08,32.52732467651367,32.743359590484076,32.29688999881008,32.736156961619436,7578800
2012-02-09,32.59933090209961,32.67134069477942,32.28248396851192,32.59933090209961,5356700
2012-02-10,32.64253616333008,32.64253616333008,32.35449151858126,32.3832965324556,5026100
2012-02-13,33.074607849121094,33.20422769381637,32.72895584559966,32.77936325775916,9184000
2012-02-14,33.168216705322266,33.27623139141517,32.89457455595818,33.02419437686762,7717100
2012-02-15,32.916168212890625,33.247417557575496,32.87296344871233,32.95217309870477,7486800
2012-02-16,33.074607849121094,33.290640007947246,32.923385612642576,33.04580282874482,7453800
2012-02-17,33.636287689208984,33.64349031687648,33.18982091873947,33.233028443751714,11555900
2012-02-21,33.78750228881836,34.615628476033244,33.58587271154738,34.60842859698655,20475700
2012-02-22,33.535465240478516,34.017939545411664,33.449052957131144,33.70108992814304,11639500
2012-02-23,33.809104919433594,33.98913209925273,33.49945795038493,33.51386045441007,9232100
2012-02-24,33.83070755004883,33.94592483609808,33.68668525573807,33.84511005417958,9730700
2012-02-27,33.794700622558594,34.11154745331233,33.5498635611136,33.62907595555119,9804600
2012-02-28,34.01073455810547,34.082747078392764,33.72269271794659,33.981929549990554,7947700
2012-02-29,34.255577087402344,34.42120178993942,33.98913758740768,33.99633746708442,11348600
2012-03-01,34.17636489868164,34.48601191974617,34.0539477143989,34.22677229773892,7940900
2012-03-02,34.14037322998047,34.29879811523737,34.03955839281636,34.161975624516124,5916700
2012-03-05,34.12596130371094,34.334793549939846,33.80191174007945,34.04674888293462,9044600
2012-03-06,33.61153030395508,33.8506306853043,33.41590347300861,33.79266595143395,9087000
2012-03-07,34.33607482910156,34.41577496070998,33.58979680387867,33.6260233826341,10648900
2012-03-08,34.64763259887695,34.770806298331536,34.386796777830675,34.43751454704399,10433000
2012-03-09,34.85049819946289,34.90846293454756,34.65487412832889,34.720080309433094,8799200
2012-03-12,35.20552444458008,35.256242204602884,34.77804420730882,34.82876196733162,9458800
2012-03-13,35.60401153564453,35.62574692224216,35.21275799342849,35.285213888603565,10853100
2012-03-14,35.84312057495117,36.01700923790965,35.66922914808224,35.80689123658357,10076400
2012-03-15,35.64750289916992,35.8213916067279,35.40840247138874,35.799656209260945,8869200
2012-03-16,35.5388069152832,35.87934275406657,35.39389787129602,35.82862500325757,13267200
2012-03-19,35.3794059753418,35.49533264634974,35.125814482323904,35.437367928890836,9028200
2012-03-20,35.777923583984375,35.86486794450009,35.18379871995607,35.18379871995607,7629300
2012-03-21,36.07498550415039,36.17642105063142,35.72720530311058,35.777923076351094,10347800
2012-03-22,35.99528121948242,36.14019031090541,35.74893659323666,35.84312791724825,7195700
2012-03-23,35.893829345703125,35.92281170357709,35.321440215286295,35.77790267811704,8655700
2012-03-26,36.321319580078125,36.33581076305646,36.009766055820286,36.01701026535418,11740100
2012-03-27,36.2561149597168,36.480721412873734,36.22713259030594,36.26335917011408,7785700
2012-03-28,36.16192626953125,36.40827089960742,35.93731703613763,36.14743508377253,7982700
2012-03-29,36.16192626953125,36.1836616662138,35.79241070637253,35.864863871255075,5491400
2012-03-30,36.45172882080078,36.53142616242073,36.22711968375395,36.22711968375395,7713000
2012-04-02,36.21989059448242,36.40827047934924,36.05324334213623,36.29958796936886,8435800
2012-04-03,36.22712707519531,36.40101850127685,36.01700907482067,36.10395616981667,8669600
2012-04-04,36.11845397949219,36.234380705718266,35.90833868839634,36.074983184601884,6280000
2012-04-05,36.67634201049805,36.712568584132796,35.90832869936403,36.00251723803228,9558500
2012-04-09,36.64736557006836,36.727062933373,36.13293823001806,36.13293823001806,8302700
2012-04-10,35.76342010498047,36.85023391158769,35.76342010498047,36.45898027787059,13245100
2012-04-11,36.0460090637207,36.18367121890556,35.944573500541146,35.99529128213093,7631100
2012-04-12,36.6836051940918,36.7198317837351,35.98079774658279,36.11845989279201,10472200
2012-04-13,36.922691345214844,37.15454476308819,36.66185555912964,36.66185555912964,10430600
2012-04-16,37.45160675048828,37.56753345825801,36.90819978958439,37.27047109685365,10239000
2012-04-17,37.69795227050781,37.78489937639126,37.14005411202094,37.52406358656251,9054400
2012-04-18,37.53855895996094,37.64723870857708,37.31394972389648,37.574785542832984,7051600
2012-04-19,37.357421875,37.654484265622706,37.16179501816392,37.53131057180251,10894800
2012-04-20,37.28496170043945,37.62549760842324,37.14005262700525,37.531306296104404,11027600
2012-04-23,37.024131774902344,37.14005849919668,36.70533397407072,37.060361121922114,6801100
2012-04-24,37.118324279785156,37.43712209073144,36.850244239582345,37.12557125498349,6437400
2012-04-25,37.61101531982422,37.69795967888311,37.277726306839014,37.30670868116242,6529100
2012-04-26,37.582027435302734,37.712445336725146,37.241494260620605,37.53130966962857,7361400
2012-04-27,37.63999938964844,37.95879722983224,37.16180124741699,37.68347018918036,11022100
2012-04-30,37.524070739746094,37.647241684028096,37.371917421311394,37.603770886710365,6800700
2012-05-01,37.90807342529297,38.21962700397379,37.37191338098948,37.625502217631535,8474800
2012-05-02,38.19063949584961,38.29207501686212,37.777650438064015,37.813877015009815,10109100
2012-05-03,38.01674270629883,38.31380499610373,37.850098276789744,38.18338713580791,10470300
2012-05-04,37.6472282409668,37.937046351183014,37.458848404063495,37.886328596481725,8564700
2012-05-07,37.2342414855957,37.55304197892422,37.21250609338167,37.386394758914946,8532000
2012-05-08,36.67634201049805,37.15453996864372,36.089464331448156,37.11106918584618,15807200
2012-05-09,36.306827545166016,36.49520739164298,36.11844493477857,36.364789511808745,17577400
2012-05-10,36.67634201049805,36.770533313076704,36.495206378413926,36.60388886322856,16080300
2012-05-11,36.473472595214844,36.86472624110632,36.263354589394176,36.40826365423293,10489700
2012-05-14,36.14018630981445,36.65461090169847,36.02425960229255,36.32856617307102,12329400
2012-05-15,35.26347732543945,35.864848844868554,34.22013726314175,34.70558210898222,28826600
2012-05-16,35.33595275878906,35.73445074680882,35.32146157109052,35.43014409687384,14756500
2012-05-17,34.067996978759766,35.28522889632334,34.06075000420503,35.277981921768614,15699100
2012-05-18,34.0897216796875,34.44474869589105,33.85062410870152,34.05349511001206,12962200
2012-05-21,34.4954719543457,34.64762522962396,33.597037957821186,33.683985055617796,12713000
2012-05-22,34.9664306640625,35.198286878672995,34.54619732113661,34.770806560712735,15028300
2012-05-23,35.31420135498047,35.357672134463904,34.65486781501651,34.76354752763529,13489900
2012-05-24,36.01701736450195,36.02426433937481,35.26349228456796,35.379421771244964,9702000
2012-05-25,35.821388244628906,36.29234208089238,35.73444389901028,36.04599746504718,9819200
2012-05-29,36.28053665161133,36.38257066350158,35.90884092540852,36.16392595513415,8582600
2012-05-30,36.229515075683594,36.28053207519344,35.646461666843884,36.11290439391565,11996300
2012-05-31,35.95985412597656,36.2732458608859,35.82866675879507,36.163922128161985,14217000
2012-06-01,34.95409393310547,35.894269371718714,34.92494055976427,35.60274119874418,12638700
2012-06-04,35.53715133666992,35.62461146613876,34.80104665173072,34.91765737747017,15969800
2012-06-05,35.653751373291016,35.770364844288345,35.187308610174384,35.333072668702876,9457500
2012-06-06,36.87818145751953,36.87818145751953,35.95987220576261,36.07648294852888,19333500
2012-06-07,37.344627380371094,37.62157615807619,37.1041161584373,37.25716723773003,20693300
2012-06-08,38.15360641479492,38.160896148895546,37.206143937697405,37.32275466133681,13338300
2012-06-11,37.4247932434082,38.40140921511093,37.37377621938203,38.32852854656477,11729100
2012-06-12,38.07342529296875,38.11715256118247,37.46121851601491,37.563252515470886,9006300
2012-06-13,37.147830963134766,37.82563149884087,37.0312202677562,37.73817139214324,14524800
2012-06-14,38.015132904052734,38.313948063861176,37.366485565460195,37.49767298003161,16512900
2012-06-15,37.803768157958984,38.26292402471677,37.61427680513272,37.96410891973248,17480700
2012-06-18,38.131744384765625,38.35767888771305,37.64343782770326,37.847505907643466,11636100
2012-06-19,38.60546112060547,38.78766548265444,38.29206939546381,38.44512039233264,10420400
2012-06-20,38.50344467163086,38.83141044862352,38.14632273595146,38.70022302573878,9376400
2012-06-21,37.35919952392578,38.62734373005814,37.34462561439421,38.48886934775386,20047000
2012-06-22,37.91309356689453,37.91309356689453,37.461227413317566,37.679872146969736,22946500
2012-06-25,37.54869079589844,37.694454901873435,37.32275629262624,37.599707815956826,10104700
2012-06-26,37.8110466003418,38.05884462171703,37.39562091453885,37.62884225463111,9202500
2012-06-27,37.570552825927734,37.84750433736963,37.47580574407833,37.825640695488595,12224000
2012-06-28,37.67258834838867,37.796488811115076,37.08953470672666,37.446656626117864,11017000
2012-06-29,38.62004470825195,38.62004470825195,38.03698842127358,38.08800542935142,9688100
2012-07-02,38.634620666503906,38.80225116506105,38.27021185788478,38.59818034168571,9738900
2012-07-03,37.64342498779297,37.87664636537989,37.074945447233986,37.803762947247655,13270600
2012-07-05,37.97869873046875,38.109886166308186,37.395645004637636,37.43208534121093,9036100
2012-07-06,38.00784683227539,38.095304183946794,37.67258855380005,37.74547199704211,7127700
2012-07-09,37.98598098754883,38.11716840716286,37.70174250512479,38.04428774303023,6132600
2012-07-10,38.05885314941406,38.44512555920159,37.94224245323944,38.219191119017744,8368700
2012-07-11,37.65800857543945,38.343098980971654,37.44665355904863,38.05157079390874,10075500
2012-07-12,37.570552825927734,37.78919758539493,37.067669601131286,37.220720654736425,9535000
2012-07-13,37.964107513427734,38.044277891344734,37.67986910460813,37.79647980515511,7970300
2012-07-16,37.49766540527344,37.76004018141496,37.11867992642663,37.76004018141496,8484000
2012-07-17,36.96563720703125,37.23529899634245,36.644955617366925,37.11139853300331,16519200
2012-07-18,37.104095458984375,37.19155277261576,36.67409306165479,36.87087410248879,9222600
2012-07-19,37.14055252075195,37.446657426806595,36.80529701715521,37.17699285284393,10630900
2012-07-20,36.95105743408203,37.228008934706125,36.87817399696051,37.08224484068192,8926100
2012-07-23,37.14055252075195,37.34462338486143,36.27326038399887,36.52105853453105,10575800
2012-07-24,37.293582916259766,37.38832995136715,36.885446974660425,37.14053193816002,8847100
2012-07-25,37.22072219848633,37.78919915272273,37.16970517850199,37.52682709861144,8365500
2012-07-26,38.56174850463867,38.5981888374777,37.70903303928485,37.70903303928485,12548400
2012-07-27,39.1447868347168,39.56021258280992,38.56173339706138,38.62004013093597,9140400
2012-07-30,38.809547424316406,39.18124327494297,38.48886859671271,38.96259849338504,9024400
2012-07-31,38.02971267700195,38.627343045093404,37.98598260852481,38.612766355601025,11606100
2012-08-01,37.665287017822266,38.28478075434369,37.57053996839755,38.124442801722644,8327200
2012-08-02,37.45393371582031,37.956819608233644,37.322746333470604,37.56325746118452,9536700
2012-08-03,38.1098747253418,38.14631505097534,37.796482920499784,38.04428102711397,7484300
2012-08-06,37.898521423339844,38.4378477591991,37.85479135928024,38.19733657719973,7471600
2012-08-07,38.190040588378906,38.2847848677652,37.73817170732209,38.08071684420296,6519100
2012-08-08,38.474273681640625,38.51800094910668,37.86206691515466,37.99325427798865,5398200
2012-08-09,38.736671447753906,38.933449828830106,38.255651757992986,38.29209209596193,8324900
2012-08-10,38.67107009887695,38.692933741301474,38.321237918989496,38.59089970302834,9086700
2012-08-13,38.49614715576172,38.794962274107185,38.372249492646624,38.73665830917615,9982500
2012-08-14,39.87362289428711,40.0704040424193,39.15209479802181,39.46548668798573,19528000
2012-08-15,40.08498001098633,40.33277818044483,39.85175853152177,39.902775556390935,9630600
2012-08-16,41.03972244262695,41.15633315419711,40.06310669064494,40.08497033024601,10150600
2012-08-17,41.3458251953125,41.673793695795204,40.86480565467743,41.00328000811737,11263000
2012-08-20,41.22920608520508,41.3020867237058,40.79920364552724,41.22920608520508,8435300
2012-08-21,41.0470085144043,41.46972407240633,40.90124443301675,41.30209357166856,8382600
2012-08-22,41.280235290527344,41.48430336282588,40.97413318207955,41.032437154071,6677800
2012-08-23,41.21464157104492,41.49159308351673,41.141760911024484,41.236507993226226,6613200
2012-08-24,41.51344299316406,41.54259635961612,41.09801725198534,41.09801725198534,5784000
2012-08-27,41.302093505859375,41.60091140134796,41.11988909946991,41.60091140134796,7164000
2012-08-28,41.4119873046875,41.646408383508,41.170241789756226,41.19954512323871,4758300
2012-08-29,41.63908386230469,41.763618837571215,41.41931445067454,41.529197759229774,4593900
2012-08-30,41.4779167175293,41.60977891830738,41.36803341322728,41.54384781791834,5846200
2012-08-31,41.57313919067383,41.734304677377075,41.42662536589986,41.61709417646165,7446700
2012-09-04,41.602439880371094,41.75627812910967,41.368018893383194,41.602439880371094,5914100
2012-09-05,41.419307708740234,41.99070864487405,41.29476995922537,41.73431150545996,6068500
2012-09-06,42.23246383666992,42.24711270887815,41.390011164192636,41.390011164192636,7706900
2012-09-07,41.94675064086914,42.40826825320503,41.785587933885694,42.313033839179106,6808700
2012-09-10,41.976070404052734,42.40096042183627,41.91746652252542,42.10793263063934,6903700
2012-09-11,41.55117416381836,41.97606129487752,41.47059139900037,41.924781861724156,7490100
2012-09-12,41.79290771484375,41.82953547169264,41.338717381976416,41.6463938929295,7774400
2012-09-13,42.7086181640625,42.77454924814286,41.61709585425517,41.80756187797683,10772200
2012-09-14,43.55840301513672,43.74154463843735,42.97235037947859,43.01630537509772,12476500
2012-09-17,43.155479431152344,43.56571755386623,42.97966229441251,43.36792432297838,7985900
2012-09-18,43.118865966796875,43.25805260006204,42.86246600717851,43.19944873140495,5216500
2012-09-19,43.565731048583984,43.953990402896686,43.22142389618174,43.35328609095198,6648700
2012-09-20,43.42654037475586,43.44119203981107,43.04560546687843,43.36060927926709,6362100
2012-09-21,43.52909851074219,43.90270897713004,43.44851854605945,43.64631182923196,9011000
2012-09-24,43.507118225097656,43.60235263994872,43.13351058917278,43.47781489829439,5589200
2012-09-25,43.74885940551758,44.37886685732397,43.67560110035486,43.82944214393727,9723100
2012-09-26,43.34595489501953,43.91735861824988,43.316654361266565,43.64630981803038,8583300
2012-09-27,43.86608123779297,44.10050228586978,43.397239141639346,43.52909853597814,5824200
2012-09-28,44.22503662109375,44.2616643853666,43.514449051738694,43.7195667672821,7740800
2012-10-01,44.371543884277344,44.57666156936423,44.20305395802471,44.5180577141332,8537400
2012-10-02,44.195743560791016,44.60597906125703,44.063881351492725,44.591327394166136,6573100
2012-10-03,45.25062561035156,45.257950044560374,44.23235878967044,44.28363821268899,8468300
2012-10-04,45.228660583496094,45.72680327267175,45.06749504626536,45.30191612159025,8722300
2012-10-05,46.29819107055664,46.29819107055664,45.34585543222701,45.39713485005501,9672400
2012-10-08,45.331207275390625,46.224936337001566,45.228648431805674,46.137029156002875,9770300
2012-10-09,44.64992904663086,45.17737503005187,44.64992904663086,45.11877116279151,9707700
2012-10-10,43.763526916503906,44.730514538719504,43.66829248256036,44.327600700696664,15262700
2012-10-11,43.22875213623047,43.946669835172294,43.03828605731019,43.91736650164004,10431000
2012-10-12,43.63165283203125,43.822118853530284,43.338625174089366,43.404556257400344,6554400
2012-10-15,44.430152893066406,44.50340841462444,43.77084202096807,43.86607643460872,8072200
2012-10-16,44.584007263183594,44.68656614820381,44.26900337661006,44.584007263183594,7162400
2012-10-17,44.97226333618164,45.50703662132815,44.79644891629448,44.89900779364863,11372700
2012-10-18,45.272613525390625,45.34587185919677,44.94295800956221,44.97226134308467,9420000
2012-10-19,45.338531494140625,45.44109033723859,45.06015549536123,45.24329708504156,10798800
2012-10-22,45.44843292236328,45.45575735883704,45.00156684542831,45.235987935866355,7785800
2012-10-23,45.235965728759766,45.257941821912446,44.730496024618894,45.089451920532156,8273900
2012-10-24,44.89166259765625,45.587601151294116,44.85503484104767,45.38248347867109,7187200
2012-10-25,44.305625915527344,45.33854466971425,44.18109093972339,45.199358027135766,9604000
2012-10-26,43.9832878112793,44.29096436130005,43.543746289725135,44.232360501804266,10458600
2012-10-31,44.96492385864258,46.15168057672156,44.60596511345754,45.97586342112669,13817800
2012-11-01,45.609580993652344,45.70481540427411,45.2139972774522,45.38248720730982,6879900
2012-11-02,45.43376541137695,46.08574901645759,45.4044620866608,45.82202468304995,8905700
2012-11-05,45.697509765625,45.807393089674,45.367854204437855,45.433785316675284,4904200
2012-11-06,45.87331008911133,46.0784305943675,45.66086794349916,45.851333989966435,7017900
2012-11-07,45.41180419921875,45.690177491704915,45.00156590228999,45.66820138822437,8778000
2012-11-08,44.584007263183594,45.41180836937822,44.569355594677845,45.27261891583362,7251300
2012-11-09,44.65725326538086,44.942953753872345,44.181086716068194,44.437483873811985,6562300
2012-11-12,44.80376052856445,45.00155379021303,44.32026682048537,44.86236718143174,8353500
2012-11-13,46.4300651550293,47.206586644409356,45.52900870308457,45.67551976621491,21441300
2012-11-14,45.03085708618164,46.51796597019534,44.92097100938932,46.327499937543536,13379700
2012-11-15,44.869686126708984,45.331203680763224,44.71584787353047,44.88433778813342,8204600
2012-11-16,45.50702667236328,45.624237191502864,44.70852913743758,44.70852913743758,9059100
2012-11-19,46.3934440612793,46.40076849768141,45.63889856395061,45.77808800626901,10036100
2012-11-20,46.752403259277344,46.78903103277921,46.261584946408426,46.312864388215026,8560400
2012-11-21,46.950191497802734,47.0161253992079,46.51797987930104,46.63519042548384,5574000
2012-11-23,47.484962463378906,47.49228969364262,46.97216812570146,47.089375864725255,3721900
2012-11-26,47.37507247924805,47.53623799759406,47.00146760203354,47.32379304968692,6719200
2012-11-27,47.21318435668945,47.433940877477575,46.76430265883451,47.10280328918824,8234300
2012-11-28,47.70620346069336,47.72091831331889,46.63183675710276,46.9997698290855,7759600
2012-11-29,47.27204132080078,47.84601603672915,47.16902050585022,47.50751827128968,7629200
2012-11-30,47.8828239440918,48.000565256818476,47.1248824896119,47.38979482903213,9271800
2012-12-03,47.81660461425781,48.508315262817234,47.75773395057155,47.83131947307163,6696200
2012-12-04,47.27204132080078,47.82394094984165,47.26468670131384,47.77979077606665,7787600
2012-12-05,47.11015319824219,47.44865660184788,46.690712482166234,47.220534254703715,6050500
2012-12-06,47.345645904541016,47.42659166524075,46.83054162210237,47.13960419156556,5837400
2012-12-07,47.426570892333984,47.64733298195107,47.124868691684675,47.536951937142526,6092800
2012-12-10,46.38901138305664,47.34563418715114,46.38165114821033,47.34563418715114,8150000
2012-12-11,46.27863311767578,46.727512028822105,46.17561228045019,46.55826310950759,6880200
2012-12-12,46.30805969238281,46.53617922248713,46.1020180568736,46.49938366719755,7216500
2012-12-13,45.9254264831543,46.5656295288903,45.88127348420058,46.38902314729104,5875900
2012-12-14,45.667869567871094,45.93277911258579,45.46918530400443,45.86655383173777,5783500
2012-12-17,46.58769989013672,46.60977498248607,45.616356527261885,45.7340950316374,8188700
2012-12-18,46.35957717895508,46.64656458854479,46.13881784904816,46.64656458854479,7751400
2012-12-19,45.4544563293457,46.462592255509186,45.439738668227875,46.45523482850369,7597900
2012-12-20,45.60163879394531,45.60899622234811,45.05709645759496,45.21898795353024,8436700
2012-12-21,45.12333297729492,45.4176806963668,44.55671544270168,45.12333297729492,15929900
2012-12-24,45.30728530883789,45.60163293506485,44.88784176608403,44.89519919354155,3022600
2012-12-26,44.99087142944336,45.4029576256744,44.88785058216249,45.27050144856826,4453800
2012-12-27,44.93935775756836,45.19690985715456,44.306512247605276,44.90992242987069,7184600
2012-12-28,44.63029098510742,45.27049386243434,44.35066101284109,44.600855660214734,6508700
2012-12-31,45.51332473754883,45.528042398851255,44.394810549633185,44.45367838773602,7880800
2013-01-02,46.712791442871094,46.88204035159695,46.07258856080249,46.77901952081661,9067200
2013-01-03,46.58033752441406,47.04393409230103,46.41844884274329,46.93355302138743,6056800
2013-01-04,46.49203872680664,46.631852330293924,46.359582552089215,46.51411382022371,4779100
2013-01-07,46.24184799194336,46.359586512070656,45.90335009746585,46.065238808198536,5466500
2013-01-08,46.5214729309082,46.698079288188275,46.16089717354128,46.175614837832526,5433000
2013-01-09,46.48466873168945,46.823169333293755,46.36693024633789,46.73486336394989,4712400
2013-01-10,46.81581115722656,46.81581115722656,46.19768338017803,46.63920482498815,6714100
2013-01-11,46.87468338012695,46.918833561115626,46.60977106576636,46.70543446975371,4567100
2013-01-14,46.712791442871094,47.021856742319216,46.646563364925576,46.84524759876213,4532200
2013-01-15,47.058650970458984,47.102803959509245,46.69071781636174,46.72751057035003,5119400
2013-01-16,46.99241638183594,47.0954372015773,46.764296847332346,46.83052491818134,3915400
2013-01-17,47.868106842041016,48.0447131886332,47.1248802794027,47.235261351353266,7796000
2013-01-18,48.17716979980469,48.18453003512699,47.80187639737126,47.94169279742215,6534400
2013-01-22,48.383209228515625,48.559815568548444,47.993200987761576,48.118296911359224,6574000
2013-01-23,48.90567398071289,48.92039445078019,48.05942660670268,48.17716791038364,6795500
2013-01-24,49.56058120727539,49.81077860316556,48.97924630876223,48.97924630876223,8484600
2013-01-25,49.90644073486328,50.134557438719476,49.51643258405894,49.75190952119815,7494700
2013-01-28,49.7298469543457,50.149290529658046,49.494369957928505,50.149290529658046,6561200
2013-01-29,49.45021057128906,49.891734819954706,49.28096447495273,49.670972695621884,6504300
2013-01-30,49.479644775390625,49.72984221825161,49.310398682885584,49.46492992073476,5102200
2013-01-31,49.244178771972656,49.71513282487379,49.244178771972656,49.47230117656379,5615900
2013-02-01,49.52378845214844,49.84756570329289,49.45755758686517,49.75926536853191,4983300
2013-02-04,48.83207702636719,49.46492234977213,48.80264170734684,49.20001009280201,4741000
2013-02-05,48.854156494140625,49.25152491523848,48.79528585081941,49.03076280989071,7112000
2013-02-06,49.06019973754883,49.09699529438248,48.56717071557474,48.59660603819892,5187000
2013-02-07,48.79530334472656,49.08229081604019,48.4420905865939,49.0455008614348,5743500
2013-02-08,49.31039047241211,49.317745091408504,48.8688719214708,48.97189272955001,4459000
2013-02-11,48.8468017578125,49.28832601820099,48.72906607213264,49.20738027807738,3953500
2013-02-12,49.53852844238281,49.61947419979938,48.949833045574245,49.0822892291454,4932500
2013-02-13,49.63418197631836,49.79607346805216,49.43550053641798,49.68569239512325,3668900
2013-02-14,49.55323028564453,49.64889649067283,49.273603133423585,49.3986990477687,5439700
2013-02-15,49.6856803894043,50.03153838104392,49.15586147295369,49.6856803894043,8131200
2013-02-19,49.707767486572266,49.980034406267755,49.26624324472691,49.76663251983289,5455500
2013-02-20,48.890953063964844,49.74455495297535,48.839442653543635,49.626819278104165,5598400
2013-02-21,47.37507629394531,48.508311211285736,47.30885101349118,48.46416102431631,10622400
2013-02-22,48.25811767578125,48.375853375061986,47.46338065233066,47.68414280802744,7500700
2013-02-25,47.03656768798828,48.97189945009479,46.96298218843522,48.537735458568385,10268800
2013-02-26,49.715126037597656,50.03890901009393,48.19188300259426,48.24339341965372,22792900
2013-02-27,50.08306121826172,50.2449527110594,49.57531726219538,49.729848519625534,14180400
2013-02-28,50.40683364868164,50.91458311264002,49.93587973964125,49.972675294559245,8705100
2013-03-01,50.7968635559082,50.8557342232727,50.10514724991495,50.318549208449376,6241800
2013-03-04,51.72404479980469,51.73140503505494,50.72326614592297,50.73798100220894,8375900
2013-03-05,51.85649871826172,52.21707163091055,51.598946637798264,51.937444459866555,8323800
2013-03-06,51.86386489868164,52.21707761688991,51.716688254249085,51.85650466290628,5276600
2013-03-07,51.6945915222168,51.87855804008945,51.46647483660273,51.8049725557829,4998300
2013-03-08,52.5187873840332,52.57765242967237,51.79763583635585,51.94480687177647,6470300
2013-03-11,52.48198699951172,52.52613718324129,52.246509995929635,52.48198699951172,4902500
2013-03-12,52.34880447387695,52.63736987025345,52.134229191556294,52.459792467502645,4450400
2013-03-13,52.356201171875,52.489385625016176,52.05283438885433,52.378397639884625,5826700
2013-03-14,51.971439361572266,52.50417713093561,51.92704642915297,52.437587732306675,6308900
2013-03-15,51.09096145629883,51.93446127241143,51.09096145629883,51.81607256028395,11275100
2013-03-18,51.31291580200195,51.72727051998584,50.64699361692316,50.64699361692316,6011200
2013-03-19,50.8985710144043,51.6014854858396,50.7283886908016,51.46090597860247,7657600
2013-03-20,50.96516418457031,51.460909783853275,50.935567011099415,51.34252108996969,6112000
2013-03-21,51.01695251464844,51.28332140306676,50.62479988588897,50.79498220435519,8045600
2013-03-22,51.46830749511719,51.47570820013711,50.905978105449186,51.22414068029889,5291800
2013-03-25,51.401710510253906,52.06023203288457,51.25372465708331,51.64588293417307,7027100
2013-03-26,51.83087158203125,52.08983982151403,51.460915341317495,51.54230616588126,4661200
2013-03-27,51.53489685058594,51.571889081426534,51.05395268899182,51.20933360672224,4156300
2013-03-28,51.631080627441406,51.76426507043472,51.29812234249961,51.3795131490557,6752100
2013-04-01,51.549686431884766,52.363588798854686,51.431303404275155,51.431303404275155,5357700
2013-04-02,52.54859161376953,52.570793734167324,51.66809943755632,51.71989309498063,7291600
2013-04-03,52.06023025512695,52.48938074704238,51.808657135869225,52.42278570411894,7796000
2013-04-04,52.30439758300781,52.385788380284566,51.85305066904849,52.06022519117756,6613700
2013-04-05,51.8382682800293,51.97885346236876,51.50530991090198,51.79387533616816,6986100
2013-04-08,52.6965446472168,52.71874110868106,51.631069336278344,51.631069336278344,6097200
2013-04-09,52.681758880615234,52.955528491796116,52.49678078672953,52.7039609937516,5994800
2013-04-10,53.04432678222656,53.11831690021182,52.511588900598035,52.8297514885104,5423200
2013-04-11,53.19969177246094,53.71762808814716,53.07390804509177,53.14789814089231,7627800
2013-04-12,54.47233200073242,54.501929162775994,53.384660287227355,53.577039017969845,10493000
2013-04-15,53.443870544433594,54.89409804643343,53.429069136458374,54.27256874838599,8360600
2013-04-16,53.614051818847656,53.865624970254814,53.29588926109026,53.68064687028152,8119700
2013-04-17,53.86560821533203,53.99139192936871,53.22928329774639,53.43645780206137,8838600
2013-04-18,53.62885284423828,53.93961469514903,53.48826768283808,53.76943236055491,7549200
2013-04-19,54.75353240966797,54.96070703449092,53.80644518471436,53.95442544670643,9579900
2013-04-22,54.649925231933594,54.91629412276198,54.191177554377354,54.6943181653773,7223500
2013-04-23,54.29478073120117,55.190074236725756,53.7398463202912,54.857115848213674,7898800
2013-04-24,54.22078323364258,54.6425331027902,54.20598746853388,54.42056275565586,6248300
2013-04-25,54.28738021850586,54.5981421025876,54.16159080773396,54.242981631434056,5645200
2013-04-26,54.2725715637207,54.52414470660145,54.10978993804788,54.19118075088429,4983000
2013-04-29,54.50934982299805,54.768318056167146,54.30217523646277,54.33917311766583,4518700
2013-04-30,54.2725715637207,54.76091644073916,54.17638498722469,54.38355954895975,6601900
2013-05-01,53.83601760864258,54.45014049407055,53.74722610522866,54.14677940296746,5554700
2013-05-02,54.25776672363281,54.368754690305416,53.665834664767274,53.84341202439395,3722900
2013-05-03,54.72392654418945,55.05689054846174,54.546349128961445,54.546349128961445,4953100
2013-05-06,55.68578338623047,55.767174164685436,54.664701127461264,54.664701127461264,5731200
2013-05-07,55.54522705078125,55.700607986906306,55.19746729822727,55.67101081168001,5582300
2013-05-08,55.8041877746582,55.86338211715198,55.43423160169693,55.63401109634261,6536600
2013-05-09,56.13715744018555,56.36652848437777,55.759800524672706,55.759800524672706,6338300
2013-05-10,56.240753173828125,56.381332716340275,55.79680678336179,56.33693977081903,5169700
2013-05-13,56.72907257080078,56.86225700563776,56.196334831452866,56.24073340645362,4466100
2013-05-14,57.210018157958984,57.28400825809887,56.78826837757057,56.810464843104256,6071700
2013-05-15,57.6243782043457,57.8981478365699,57.29882057273959,57.417203626482575,6706200
2013-05-16,56.78827667236328,58.11272054512876,56.74388373481165,57.34321097209322,8299200
2013-05-17,56.869667053222656,57.08424232488807,56.38132216355306,56.48490944710414,8735000
2013-05-20,56.7956657409668,56.973243099875795,56.60328697585062,56.803060798987936,8867700
2013-05-21,58.238525390625,58.80086059863695,57.757581027657636,58.6972732767776,14108500
2013-05-22,58.963653564453125,60.34728690463447,58.58629645118242,58.645490830732086,14832400
2013-05-23,58.38648223876953,58.63804971085457,57.55777843144624,58.37168083153932,9634900
2013-05-24,58.4456787109375,58.74164479902023,57.94253805472193,58.08312321670504,6188200
2013-05-28,59.059818267822266,59.65914561423703,58.815645776658975,59.148609804177454,7715800
2013-05-29,58.81563949584961,59.09680984173975,58.51967338468927,58.73424867415341,7127000
2013-05-30,58.77864074707031,59.26697997805222,58.54926407266838,58.86003155974786,5449100
2013-05-31,58.2015380859375,59.47418324041944,58.2015380859375,58.85265925649241,6905600
2013-06-03,58.51227569580078,58.512275695800774,57.750166804234084,58.19411312848729,6191400
2013-06-04,56.98049545288086,58.60893638498308,56.57153012877368,58.37099117019265,8791700
2013-06-05,55.84282684326172,57.14409114367823,55.69411319243898,56.5938438279595,8761500
2013-06-06,57.44894790649414,57.53074209700719,55.7758942019176,55.783325911556396,11515700
2013-06-07,58.54945755004883,58.72048335838643,57.69433985448537,57.79844622025322,6555900
2013-06-10,57.798439025878906,59.24841683169579,57.6497197169095,58.698169571162914,7627800
2013-06-11,57.709197998046875,58.3932896881895,57.22587025083674,57.426639866829866,5979700
2013-06-12,56.80947494506836,58.22227712994067,56.77973108429553,58.028944871447905,7360200
2013-06-13,56.90612030029297,57.12919634924233,56.57151189992851,56.772275805535266,9194600
2013-06-14,56.95074462890625,57.21843367194958,56.56408582954406,56.675623876322234,8613100
2013-06-17,56.61612319946289,57.61252233668037,56.281514808797134,57.31508950438891,9315500
2013-06-18,57.39689636230469,57.530740882768335,56.60126662206544,56.60126662206544,6421500
2013-06-19,56.459983825683594,57.45637749432187,56.45254644325866,57.3076638841868,8027600
2013-06-20,54.92821502685547,56.088197132633475,54.87616469321315,56.088197132633475,12373500
2013-06-21,54.891029357910156,55.53794545790365,54.29616358736025,55.38922617873596,15552500
2013-06-24,54.66053009033203,55.03975154695977,53.842593783071585,54.20694614599408,10214400
2013-06-25,55.12899398803711,55.56027154024233,54.87617963381762,55.07694364022354,8520800
2013-06-26,56.26666259765625,56.41538190993569,55.45616361971466,55.612314642811796,7390100
2013-06-27,56.71278762817383,57.12175849013891,56.363310141564945,56.50458634319508,6674500
2013-06-28,57.60509490966797,57.843040082005054,56.452544612780635,56.63100774682874,12475000
2013-07-01,57.158939361572266,57.85790000343798,56.9804762558087,57.72405551064506,7471000
2013-07-02,57.486114501953125,58.08841759927995,57.22586287869334,57.471245411935385,6886300
2013-07-03,57.798439025878906,57.991765617946776,57.19613575241056,57.24818609228446,3025600
2013-07-05,58.21482849121094,58.41559242128513,57.55304331788378,57.93227037809089,4991500
2013-07-08,58.906375885009766,59.144321126311745,58.40074153811029,58.41561063372701,6051200
2013-07-09,59.263282775878906,59.59789694847723,58.9881619967675,59.14431300808888,4986400
2013-07-10,59.040218353271484,59.26328881801873,58.452789818565265,59.240982338850195,5459400
2013-07-11,59.382266998291016,59.9920020401695,59.174065619073296,59.6871316826992,6845700
2013-07-12,59.88790512084961,60.04405616509351,59.426883699942074,59.426883699942074,5178300
2013-07-15,59.78377914428711,60.34146364064602,59.61275340259062,59.95479921292354,5041400
2013-07-16,59.649932861328125,59.9994160429919,59.36736909416512,59.791214744909624,5031500
2013-07-17,59.813533782958984,60.40096223914138,59.776352540607014,60.05147898405277,5700200
2013-07-18,59.50124740600586,59.82098691633161,59.456634437655374,59.73176097963064,5297800
2013-07-19,59.40456008911133,59.57558585381335,59.055076850026055,59.44917303944193,5886200
2013-07-22,59.486366271972656,59.530979231296804,58.92868158817291,59.47149717655193,5957900
2013-07-23,59.62764358520508,59.83584494332832,59.38226098181918,59.59046233994242,4985800
2013-07-24,59.68711471557617,59.83583399635708,59.17404879779837,59.820959231748745,4813300
2013-07-25,58.73534393310547,59.560717643425065,57.917407606346465,59.55328025986448,9967600
2013-07-26,58.54945755004883,59.01791634028619,58.18510512557931,58.31151229914148,5577600
2013-07-29,58.497398376464844,58.72791188101047,58.27432792849796,58.4750918989743,5179000
2013-07-30,58.44532775878906,58.94352449341992,58.385840057414185,58.86916770323105,4813400
2013-07-31,58.76509475708008,59.28560387982586,58.512280416680056,58.512280416680056,5915000
2013-08-01,58.47509765625,59.46405985815143,58.452791176563224,59.12944564366391,6727400
2013-08-02,59.657371520996094,59.85813544185965,58.370976797341406,58.47507744861288,5964400
2013-08-05,59.233524322509766,59.449157307418645,59.017885664541566,59.449157307418645,3578500
2013-08-06,59.52352523803711,59.73172653436087,58.54943249729401,59.20378591209423,6311100
2013-08-07,58.61637878417969,59.1666260767671,58.4453529871672,59.15918869261998,5322200
2013-08-08,59.51609420776367,59.64993872297768,58.80969039349953,59.062510332486205,4467900
2013-08-09,58.72046661376953,59.28558855092375,58.39328985967067,59.24840731139046,5299300
2013-08-12,58.89150619506836,59.14432622685204,58.430490441385686,58.460234308246264,3844400
2013-08-13,59.0699577331543,59.21867136503188,58.058689151814754,58.846881612276505,6956400
2013-08-14,57.58280563354492,58.913813788931634,57.3894733504501,58.85432605981598,8648100
2013-08-15,55.87256622314453,56.95819167158134,55.664364859480166,56.86896575747472,13702000
2013-08-16,56.05101013183594,56.77228301894869,55.71640168895656,55.90973391107324,9138200
2013-08-19,55.92462158203125,56.839226995121074,55.90231510150309,56.132822964376984,9184100
2013-08-20,55.240509033203125,57.627397998570245,54.76461871647909,57.2853521879911,17038100
2013-08-21,54.824119567871094,56.01384564490615,54.60104344646265,55.47103010844502,10788400
2013-08-22,55.024898529052734,55.17361220179796,54.541570583036304,54.95797907823628,6668700
2013-08-23,54.943077087402344,55.17358486787891,54.363086108745065,55.13640930464149,7730800
2013-08-26,56.08821105957031,56.62358929457708,54.891047415475256,54.89848480014543,10362900
2013-08-27,55.114131927490234,55.93950588609187,54.987719061179696,55.656941956405774,8264200
2013-08-28,55.790794372558594,56.006433206481965,55.032345433469445,55.106702282703445,7076000
2013-08-29,55.80562210083008,56.25920587375916,55.61972729792666,55.746134402366785,5704200
2013-08-30,55.38923645019531,55.86512688566087,55.15872861606522,55.85769517511966,6331300
2013-09-03,55.239715576171875,56.248829651935466,55.075266258078216,55.93488406443873,7802800
2013-09-04,55.41912841796875,55.69570287031078,55.120130088962,55.299532508117316,8271600
2013-09-05,54.55950927734375,55.47145159639351,54.44738419332771,55.36680303875685,11039000
2013-09-06,54.342750549316406,54.98559512431504,53.976480497070284,54.97812429880407,9968400
2013-09-09,55.00053787231445,55.157510722426764,54.49224238974733,54.55204320014797,5781800
2013-09-10,55.76298904418945,55.80036598365835,55.12014446518231,55.284593874173005,6438700
2013-09-11,56.09186553955078,56.14418981223182,55.43407386828654,55.807820302556266,6441500
2013-09-12,56.3609733581543,56.6151182408324,56.03955113993733,56.19652398563599,6872200
2013-09-13,56.14421463012695,56.368464870983196,55.942388272772234,56.308664046365465,4888400
2013-09-16,56.465614318847656,57.02623399353488,56.21146376747196,56.84683729445207,8054400
2013-09-17,56.65995788574219,56.921579231459475,56.48803202831791,56.540356297461365,6825600
2013-09-18,57.83353805541992,58.2895092620922,56.32359893410276,56.63754463947471,10594300
2013-09-19,58.68569564819336,58.84266854365166,58.03537447879113,58.184870845059756,7693700
2013-09-20,57.55693435668945,58.90989423546541,57.55693435668945,58.90989423546541,14158300
2013-09-23,56.742191314697266,57.37755916753606,56.63753705733089,57.153309006337196,6248800
2013-09-24,56.8393669128418,57.39998664813071,56.495520826214864,56.65997019436662,5412700
2013-09-25,56.45068359375,57.041203902324476,56.25633946909549,56.71978160026294,6785600
2013-09-26,56.861785888671875,57.12340726867288,56.525416357658926,56.525416357658926,3798200
2013-09-27,56.77959060668945,56.87676268301949,56.34604312228529,56.547869507714026,4058700
2013-09-30,56.69736099243164,56.86928694654995,56.0320924664849,56.196541891401324,6276200
2013-10-01,57.003822326660156,57.123418250688,56.54037457661856,56.71977131412005,4411700
2013-10-02,57.048675537109375,57.093523300040715,56.39088363479633,56.70482938115574,5118400
2013-10-03,56.719783782958984,57.42990576749752,56.44321493995365,57.10848345306698,6979700
2013-10-04,56.64503860473633,56.996361351105584,56.420794047402616,56.65999166364452,4855800
2013-10-07,56.15916061401367,56.69735661659523,56.12926020243466,56.36098696644195,5087000
2013-10-08,55.51630783081055,56.263800901230574,55.441559664352454,56.076927633625566,8997900
2013-10-09,55.41912841796875,55.79287490349749,55.23973170173221,55.57610125754057,6817600
2013-10-10,56.44322204589844,56.44322204589844,55.86764899733207,56.09189927392806,6092800
2013-10-11,57.048675537109375,57.280396582814646,56.37593057853921,56.39835446000489,6936700
2013-10-14,57.071075439453125,57.19814784964755,56.502979301695426,56.615104364833044,4119000
2013-10-15,56.196529388427734,56.988870219917125,56.12925204642077,56.91412205329126,6645400
2013-10-16,56.017112731933594,56.50297849371953,55.74053834053807,56.390859135102794,12877900
2013-10-17,56.61513137817383,56.66745567221505,55.69571796817521,55.69571796817521,7176400
2013-10-18,55.83027267456055,56.43574038220313,55.12015066521736,56.256343598998086,14334800
2013-10-21,55.77793502807617,55.91248400901397,55.426612372131935,55.762981973016664,7578700
2013-10-22,55.957313537597656,56.15913409179194,55.75548728048568,56.091862474699745,6867000
2013-10-23,56.12177276611328,56.36844681144065,55.695702007329054,55.71812588364632,5526100
2013-10-24,57.39253234863281,57.437380119890655,56.368470218771805,56.3759410453674,7927400
2013-10-25,56.996341705322266,57.265439643705506,56.81694498070645,57.22059188828132,5944200
2013-10-28,56.85430145263672,57.108451974219776,56.65995742762814,56.92157877123013,7728100
2013-10-29,57.93071746826172,57.96809440586085,57.10099963925689,57.145847402039855,7248000
2013-10-30,58.21475601196289,58.75295191424521,57.945658060821735,58.06525968484861,7251900
2013-10-31,58.222225189208984,58.640819414621,57.945650745751124,58.2969733433299,7577600
2013-11-01,57.54948043823242,58.32687378807755,57.437355355510014,58.28950256244915,7178300
2013-11-04,57.55693435668945,57.87087990266238,57.2654126778694,57.69148326252304,3906500
2013-11-05,57.29535675048828,57.40748187465345,56.861809311940675,57.39252881654038,6035300
2013-11-06,57.12342071533203,57.39999521239113,56.74220334455831,57.347670924073974,5059600
2013-11-07,56.577762603759766,57.699002413090426,56.56280954599983,57.422427873737455,5424600
2013-11-08,56.420780181884766,56.59270039663211,55.89753160418679,56.27127814414837,9229700
2013-11-11,56.338539123535156,56.56278356062935,56.009640438962116,56.26378527491913,5774000
2013-11-12,56.94403076171875,57.25050000043718,56.60018458277887,56.68988011463774,6629200
2013-11-13,58.00545883178711,58.072736170984456,56.57775008922231,56.57775008922231,7064700
2013-11-14,59.00710678100586,59.306099456856394,58.349309207127305,58.40911002346531,6843800
2013-11-15,59.82187271118164,59.866720472870036,58.72305692645701,58.93235408489602,10414800
2013-11-18,59.55277633666992,60.15077312222222,59.19398282767455,59.79945043842925,8613000
2013-11-19,60.083499908447266,61.496261566013494,59.99380437648776,61.4588903286705,12236700
2013-11-20,59.61258316040039,60.34512901134303,59.33600862121296,60.34512901134303,7236900
2013-11-21,59.67235565185547,59.84427581391638,59.321033099490286,59.84427581391638,5618600
2013-11-22,59.186500549316406,59.664895650112,58.887502185589305,59.50044626491612,7786200
2013-11-25,59.61258316040039,59.829356874425045,59.276213498970755,59.276213498970755,5496100
2013-11-26,60.06105422973633,60.472177611758376,59.86670447615152,59.956405678479506,9360700
2013-11-27,60.292789459228516,60.36006109332454,59.889142545895,60.053586219102755,5450000
2013-11-29,60.30026626586914,60.838462203709916,60.27036585788691,60.45723913058609,3372600
2013-12-02,59.627525329589844,60.360071116825,59.44065204439843,60.13582089342728,5915600
2013-12-03,59.124263763427734,59.702664681144526,58.82379627521882,59.31205522719073,7276900
2013-12-04,58.89137649536133,59.15428327483969,58.36555720546664,58.70358511988565,7148800
2013-12-05,58.996543884277344,59.74770944573093,58.79372597335936,58.83128654380741,6264900
2013-12-06,59.97304916381836,60.13079895782119,59.19934963647847,59.40216752537479,5094600
2013-12-09,59.79275131225586,60.543916544145844,59.740169975261,60.02561643117818,5799800
2013-12-10,59.04914474487305,60.04068338420235,58.89140061258661,59.582471781919686,7448400
2013-12-11,59.34208297729492,59.95052528531362,58.87635823762629,58.87635823762629,7834500
2013-12-12,58.98902893066406,59.49230846696563,58.8012375456914,59.33456439130118,8535200
2013-12-13,59.34959030151367,59.77024116562935,58.98151506447425,59.40967918857434,6027100
2013-12-16,59.41719436645508,59.91296638454121,59.28949759728928,59.4998230361361,7099700
2013-12-17,59.056644439697266,59.62001866740547,59.0491311786649,59.574944832150294,6226000
2013-12-18,60.13080596923828,60.13831349863739,58.823773755545446,59.19184900988689,8170300
2013-12-19,60.055686950683594,60.4462962689072,59.82282745043327,60.153342145708834,6620800
2013-12-20,60.12328338623047,60.7167047802377,60.12328338623047,60.2284460908963,11232900
2013-12-23,60.51389694213867,60.78431700785524,60.12329336440282,60.145827414722774,3941300
2013-12-24,60.574012756347656,60.81438559542283,60.51391811384373,60.51391811384373,1819800
2013-12-26,61.25754928588867,61.40026683494241,60.70168268536194,60.72421673358421,3848800
2013-12-27,61.32514190673828,61.775839994004166,61.009653818745875,61.33265516529156,3961900
2013-12-30,61.55049514770508,61.58054245163126,61.18993323152805,61.34767727893761,3526400
2013-12-31,61.85096740722656,61.94862259458678,61.38524844328052,61.58806061613795,4493600
2014-01-02,61.61058807373047,62.02373136619621,61.445336487681786,61.67819594474196,4253400
2014-01-03,61.51294708251953,61.95613774180138,61.46787898294248,61.52797360300415,3897900
2014-01-06,60.919517517089844,61.58054678814128,60.919517517089844,61.33266081149699,11188800
2014-01-07,61.21997833251953,61.53546641598616,60.90449024905291,61.077255076740194,4630900
2014-01-08,61.542991638183594,61.55050489808964,60.86694152009249,61.250037542167135,4662300
2014-01-09,61.272579193115234,61.55051253474127,60.82188096878184,61.5204652223272,4966000
2014-01-10,61.60308837890625,61.625622428462975,61.159897724183466,61.38524968162737,4981000
2014-01-13,60.82185745239258,61.69320625174376,60.8143441944593,61.302602803262886,6952400
2014-01-14,60.8519172668457,61.21247348867529,60.551449928029164,61.05472942525762,5217300
2014-01-15,60.89699172973633,61.1674117898548,60.64910571947132,60.731734389559655,5196800
2014-01-16,61.0396842956543,61.12982044969803,60.67912248667279,60.76926437165205,4871200
2014-01-17,60.84440612792969,61.10731290945536,60.581499346404016,61.08477886117288,6178000
2014-01-21,60.43880844116211,61.22002167540786,59.950549453390884,61.06979078575875,6932800
2014-01-22,60.243492126464844,60.701703702090825,60.03316662898537,60.589033421969674,5821600
2014-01-23,60.273521423339844,60.31859525285145,59.484801043615136,59.807802455579996,6387000
2014-01-24,59.4622688293457,60.093245152597525,59.46226882934571,59.80029104095369,7118300
2014-01-27,59.29698944091797,59.4697542471702,58.98149566565785,59.23689484268401,6591200
2014-01-28,58.996543884277344,59.28949799476917,58.455703763080614,58.906401953765084,10586500
2014-01-29,57.599365234375,59.154277440722204,57.561804670609106,58.801228772697435,9195300
2014-01-30,57.78716278076172,58.410631528054324,57.576837355395064,58.01251472561915,6820900
2014-01-31,57.72707748413086,58.19280223758505,56.97591185458865,57.238818678740635,10592200
2014-02-03,56.405006408691406,57.63692292128737,56.28482292632663,57.56931505607077,9527000
2014-02-04,56.314876556396484,56.97590011100883,55.71394188424871,56.72050660045557,9573400
2014-02-05,56.53272247314453,56.750561176427965,55.55620493855512,56.134605637499746,10080300
2014-02-06,57.20878219604492,57.23882378067807,56.46512403023671,56.48015055349274,6107100
2014-02-07,57.42660903930664,57.539285027871806,56.975910815984804,57.216283583819035,6194200
2014-02-10,57.39655303955078,57.53175731473827,56.99843054917269,57.50922326887369,6343600
2014-02-11,57.614402770996094,57.83224149610614,57.2162858954615,57.4191038292608,6292900
2014-02-12,58.0500602722168,58.08762083399456,57.59184892702609,57.77213274643486,7345900
2014-02-13,58.282936096191406,58.49326727797438,57.79468304141954,58.09514469637493,6586900
2014-02-14,58.538330078125,58.68856089199607,58.0801186455986,58.403120053265766,4752300
2014-02-18,58.26789855957031,58.650994509756636,57.89231586788018,58.530805297566,4954700
2014-02-19,57.42660903930664,58.23035601902788,57.38905419707748,58.02754382436165,7767800
2014-02-20,58.200313568115234,58.26040246097194,57.49421606586542,57.53177090753352,5852200
2014-02-21,58.39561462402344,58.62096660598747,58.1101737470161,58.1101737470161,7764500
2014-02-24,58.493255615234375,58.77869642290456,58.1852750300918,58.47071583776199,11739500
2014-02-25,60.82938003540039,60.84440082263298,59.58995590949259,59.85286266809424,13421700
2014-02-26,61.370208740234375,62.12888737235004,60.68665123023992,60.83688201260835,9737800
2014-02-27,61.57303237915039,61.745797221994536,60.5514469165447,61.34017292534414,6040900
2014-02-28,61.61809158325195,62.42183826337954,61.13734622677956,61.51292889470716,7239600
2014-03-03,61.59558868408203,61.61812273860148,60.55898205961012,60.64161074680784,8359500
2014-03-04,62.24909210205078,62.49697238166297,62.12890286144257,62.26411289165759,6367600
2014-03-05,62.27913284301758,62.49696578950076,62.03124685861391,62.27913284301758,5069900
2014-03-06,61.90355682373047,62.26411308479667,61.768346793096036,62.181484414356824,6168400
2014-03-07,62.00872802734375,62.09886423947234,61.62563193297957,62.05379613340805,5287700
2014-03-10,61.73078155517578,62.001201595998566,61.3927593696163,61.92608619153402,4139000
2014-03-11,61.41346740722656,61.83653779012103,61.23215235225774,61.71566300810904,4667900
2014-03-12,60.86198043823242,61.08107217833653,60.62022502913541,60.990417502364906,7048700
2014-03-13,59.53232192993164,61.23971679452909,59.47188164342298,61.23971679452909,7665800
2014-03-14,59.97049331665039,60.34823642191403,59.52475921911243,59.54742288320387,6739000
2014-03-17,60.1215934753418,60.58244052072293,59.87228164477778,60.11403699941196,5547600
2014-03-18,60.302913665771484,60.86197189005563,60.15181871777127,60.17448238358102,5032600
2014-03-19,60.250030517578125,60.80908874798636,59.985611473729826,60.41623842054073,6568400
2014-03-20,60.50688552856445,60.620209608605286,60.0384877847855,60.219802854509545,5097800
2014-03-21,60.7562255859375,61.8743481906272,60.627794258695495,61.0282011988646,10086100
2014-03-24,60.18201446533203,60.78639977624769,59.83448585077746,60.74862893650947,7574200
2014-03-25,60.038475036621094,60.50687268094366,59.80427621445981,60.47665831232362,5375500
2014-03-26,59.5851936340332,60.27268302071089,59.45675661032044,60.05359134955595,6364600
2014-03-27,59.44169616699219,59.698558888603735,59.20749712506328,59.40391952491693,5803300
2014-03-28,59.471885681152344,60.06116410486231,59.29812128661828,59.622980643779336,5132700
2014-03-31,59.78162384033203,59.932724546026876,59.56253214000142,59.84206412260997,5736200
2014-04-01,59.97049331665039,60.657988534903346,59.864725708288766,59.864725708288766,6697600
2014-04-02,60.4011344909668,61.01308238547058,60.05361144371838,60.091388068727355,6611700
2014-04-03,59.985618591308594,60.45401644915953,59.66831570104114,60.40113263411496,5505400
2014-04-04,59.471885681152344,60.2122590674893,59.29812128661828,60.16693173148187,6422000
2014-04-07,58.27064895629883,59.44921135635443,58.19510148852788,59.44921135635443,11121300
2014-04-08,58.25552749633789,58.504839266415445,57.734240297794074,58.10443259781259,7371000
2014-04-09,58.74659729003906,58.8750285361388,58.27819386062092,58.35374131339128,8027600
2014-04-10,58.006256103515625,59.0941585746527,57.94581579647358,58.640867799647225,6201500
2014-04-11,57.19032287597656,58.217784925555115,57.15255201121376,57.88537480168272,8399100
2014-04-14,57.394283294677734,58.06666550187523,57.04676036002861,57.64359510558966,8677200
2014-04-15,57.3338623046875,57.71916198170559,56.36684063710813,57.636058016782,7022900
2014-04-16,57.85514450073242,57.85514450073242,57.26586608590329,57.7342639213299,6104700
2014-04-17,58.240447998046875,58.686188003335,57.34897951527908,57.61339862151565,6875000
2014-04-21,58.897705078125,59.19234424310592,58.67861338243875,59.19234424310592,6253300
2014-04-22,60.189613342285156,60.61268973878778,59.40390662181464,59.487010605204176,11188400
2014-04-23,59.3207893371582,60.47668836587396,59.260354805984605,60.340700583901736,7497000
2014-04-24,60.26513671875,60.29535686096609,59.471879600213,59.66075116613649,7271600
2014-04-25,59.97049331665039,60.21224867346303,59.70607429574632,59.993162744644195,6381400
2014-04-28,60.56730651855469,61.30768527699654,59.93270109466193,60.08379597733155,14562400
2014-04-29,60.076271057128906,60.68066243304484,60.07627105712891,60.68066243304484,5146500
2014-04-30,60.068721771240234,60.24248040531053,59.479443335865355,60.24248040531053,8524700
2014-05-01,59.93272399902344,60.17447936202614,59.645635542774755,60.06871175095637,3936700
2014-05-02,59.985618591308594,60.55978984315223,59.8043034774277,59.92517829871378,3738400
2014-05-05,59.44921112060547,59.81939774594674,59.350994225380624,59.71363013870637,3521000
2014-05-06,58.489749908447266,59.50210458135495,58.436866096244096,59.41144414733384,6475800
2014-05-07,58.232887268066406,58.89771315853299,57.809811006948365,58.81460920173676,5378600
2014-05-08,58.21023178100586,58.72396278434985,57.91559253419576,58.1271278125308,5485100
2014-05-09,58.708805084228516,58.739025210088165,58.02886666213567,58.217738125833705,4345800
2014-05-12,59.13191604614258,59.26035311048324,58.73906566718702,58.79194948289072,4324200
2014-05-13,58.37640380859375,59.44164189228504,58.202645247077406,59.19988658990065,5455500
2014-05-14,57.651161193847656,58.45198063971521,57.54539356656573,58.42176049421988,6870000
2014-05-15,57.598262786865234,57.63603940013899,56.90321690828279,57.45472433700921,6304700
2014-05-16,58.44441604614258,58.45197252244288,57.91557798317309,58.01378911946668,7039400
2014-05-19,57.794681549072266,58.22530835750931,57.69647043974488,57.855121815074206,7733800
2014-05-20,58.897705078125,59.54742368908355,58.47463463895289,58.86748493762664,15432200
2014-05-21,58.98837661743164,59.313235984138664,58.73906473425807,59.116807915828865,6693900
2014-05-22,59.51719665527344,59.72118113903615,58.746603335474404,58.746603335474404,5265900
2014-05-23,59.81942367553711,59.985631634360715,59.313249083777805,59.509671431564975,5003100
2014-05-27,60.20472717285156,60.438926167300195,59.91008786889838,59.970522414497765,4760600
2014-05-28,60.19715118408203,60.43890657984528,59.887399021186745,60.25003499678327,4002200
2014-05-29,60.363380432128906,60.43137145938603,60.015857288146734,60.3482674723571,4408900
2014-05-30,60.6126823425293,60.64289672925214,60.12161498166955,60.265153492268404,4528000
2014-06-02,61.07351303100586,61.239720948226555,60.56733856594527,60.627778856553405,6817700
2014-06-03,61.30146408081055,61.46104325058868,60.906316488637316,60.936713349205775,5477700
2014-06-04,61.20269775390625,61.46866311996613,60.83794111073115,61.035517867351416,4961600
2014-06-05,61.08111572265625,61.44587239837108,61.00512643951877,61.3014887020824,5666400
2014-06-06,61.27869415283203,61.75743186738464,61.179908661844905,61.233101741239636,4460300
2014-06-09,61.25589370727539,61.795425131681995,61.1115100170784,61.2710892442175,3718600
2014-06-10,61.35466384887695,61.43825377518187,60.959516213479255,60.98991307737277,4249500
2014-06-11,60.647972106933594,61.34708860490076,60.60998036312059,61.14191115738935,4918100
2014-06-12,59.59932327270508,60.62519341377011,59.42454264832214,60.58720165898253,7643300
2014-06-13,59.325721740722656,59.720869380959066,59.082552624205846,59.64488011909926,7971800
2014-06-16,59.95644760131836,60.10082546913331,59.24213573777803,59.24213573777803,7164400
2014-06-17,60.807552337646484,61.14191215527865,59.82728068615385,59.910864842950964,9587300
2014-06-18,61.331871032714844,61.36986856407948,60.632760517436154,60.81513591324597,8071500
2014-06-19,61.12671661376953,61.43827442759215,60.75435925411321,61.33188826700775,5095400
2014-06-20,60.92151641845703,61.40025975996352,60.685947979054646,61.31666983676743,13661000
2014-06-23,61.27869415283203,61.40028164722619,60.76955956468088,60.913943264871236,4920400
2014-06-24,61.11909866333008,61.42306152088216,60.66315727580661,61.081101132032586,5579300
2014-06-25,61.19510269165039,61.25589643734917,60.88354489076285,61.065920330248495,4486300
2014-06-26,61.362266540527344,61.529446398657704,60.88352896301609,61.13429295260246,5165200
2014-06-27,61.65104675292969,61.909417284088505,61.271094522928024,61.28629585879021,5011000
2014-06-30,61.521846771240234,61.72702416335693,61.15709598153609,61.567439170550934,5045300
2014-07-01,62.17535400390625,62.28934077984652,61.71941269775341,61.79540194917751,5234600
2014-07-02,62.29697036743164,62.44894894084025,62.02340429720737,62.19057840891247,4185700
2014-07-03,62.350154876708984,62.57812270548354,62.16017878725845,62.36535041291656,2764000
2014-07-07,61.87138366699219,62.38051796690929,61.65861146986907,62.10695785461353,6071000
2014-07-08,61.36988830566406,61.95501221268192,61.21030905829556,61.87142225487778,7322900
2014-07-09,61.34708023071289,61.72703240264256,60.92913052254623,61.635841794239816,6980600
2014-07-10,60.33639907836914,60.47318207633639,59.23453442874145,60.07043374832431,11530900
2014-07-11,60.4959831237793,60.71635607136274,60.19202023753973,60.48078179078191,4746400
2014-07-14,60.381996154785156,60.837937584116695,60.17682454074941,60.731551443859665,7657200
2014-07-15,60.68597412109375,60.83795270276871,60.35161428427531,60.4124080359898,6051900
2014-07-16,60.53395462036133,60.974694528336855,60.32117663319186,60.82271604939458,9033700
2014-07-17,60.45037841796875,60.70114238529522,60.20720931798552,60.37438336366695,7697300
2014-07-18,60.85313034057617,61.00510886306391,60.374386979282676,60.64035809004973,5323200
2014-07-21,60.57198715209961,60.815156360808636,60.43520410985008,60.799960821719246,4112800
2014-07-22,61.20269775390625,61.36227697354218,60.9443272571551,61.065914737416854,6336100
2014-07-23,61.567447662353516,61.62064073475584,60.95192699632516,61.14190308313491,3669200
2014-07-24,61.70420455932617,61.96257494278466,61.46863616662595,61.6966096933477,4359600
2014-07-25,61.57503128051758,61.78020864412508,61.46864516516867,61.62822433819203,4680100
2014-07-28,61.605445861816406,61.81061748683075,61.29388809085238,61.70423134088107,3441600
2014-07-29,61.53705596923828,62.16777216489686,61.46866156391987,61.71183072067752,4536500
2014-07-30,62.12980270385742,62.19819133608736,61.60546666631281,61.932225881395205,5807300
2014-07-31,61.438255310058594,61.992987944158045,61.43825531005859,61.62063070036686,5748900
2014-08-01,60.602378845214844,61.61305313775911,60.59477817751452,61.21789958389318,8708000
2014-08-04,60.81513214111328,60.98231199257328,60.53397129784777,60.56436236392328,7025000
2014-08-05,60.81513214111328,61.44585401794548,60.625156091292176,60.625156091292176,5895500
2014-08-06,61.18750762939453,61.56745987840312,60.67837300714971,60.74676742672909,4228200
2014-08-07,61.14948654174805,61.60542786226213,61.01270356583298,61.362258771480725,4045900
2014-08-08,62.638916015625,62.66171221858499,61.461061950071596,61.6054456322983,7226500
2014-08-11,62.980857849121094,63.125241501989755,62.692096340992705,62.77568626658941,3952000
2014-08-12,63.01126480102539,63.14044714395403,62.82888938761968,62.88208245809676,3657100
2014-08-13,63.16325378417969,63.36842541463396,62.87448641099405,63.05686763540928,4498700
2014-08-14,63.72559356689453,63.80918352797675,62.87449841660804,63.14046383931901,4923000
2014-08-15,63.596405029296875,63.90036217003034,62.95808227901275,63.86237042624407,5383500
2014-08-18,63.520416259765625,64.30312278801854,63.292448381557904,63.9915591509065,9475300
2014-08-19,67.04637145996094,67.62389466152668,65.78492730355046,66.0356971608047,18244600
2014-08-20,68.9613037109375,69.20447281443259,66.93236096012444,67.00074955285334,13394200
2014-08-21,69.26526641845703,69.76680015708389,68.90050986504853,68.9081105300969,8315900
2014-08-22,69.1740951538086,69.4020687880722,68.88533357500367,68.95372218671653,6939200
2014-08-25,69.30326843261719,69.77441117618241,69.11329236147776,69.34126596588891,7328700
2014-08-26,69.63004302978516,69.78202739914492,69.0753160250519,69.13610977279582,5396400
2014-08-27,69.8124008178711,69.88078941289804,69.3868505242484,69.66801716489117,4320200
2014-08-28,70.29875946044922,70.46593936033116,69.35647380613469,69.45526509112527,7575700
2014-08-29,71.05104064941406,71.06623618202757,70.37472639474171,70.47351185075146,7672200
2014-09-02,69.6152114868164,71.26489418688126,68.62234274445075,71.05868603446054,20753200
2014-09-03,67.97317504882812,69.7374207613299,67.95790274186697,69.58467438411533,15410400
2014-09-04,68.6834716796875,69.30974128522169,67.9731898003827,67.9731898003827,8452200
2014-09-05,69.96656036376953,69.98947174231478,68.18703615599695,68.47726248930869,7746400
2014-09-08,69.3631591796875,70.09635197348165,69.17222337421303,69.79085351934283,4885900
2014-09-09,67.91969299316406,68.98893479572057,67.8051303309439,68.89728350056461,8103000
2014-09-10,68.16412353515625,68.27868625269656,67.46148074703181,67.7135175602401,6245400
2014-09-11,68.14117431640625,68.2939206370346,67.68292952762253,68.02661166248566,4537800
2014-09-12,67.85095977783203,68.35503321071111,67.56073938814082,68.26338190648774,4593700
2014-09-15,68.26337432861328,68.38557605401223,67.66765548454084,68.11062799876356,3935000
2014-09-16,68.943115234375,69.3020755703032,67.61420332908534,68.17937182240856,5045100
2014-09-17,69.66866302490234,69.91306064174562,68.69107255752925,69.21805145912639,7068800
2014-09-18,70.3331298828125,70.60044474563449,69.65339869422506,70.13456078578469,6025100
2014-09-19,70.5240707397461,71.60095185252018,70.41714711779836,70.91358154935591,12498800
2014-09-22,70.18037414550781,70.58515717820754,70.01998874539467,70.24911407521299,5208800
2014-09-23,69.8749008178711,70.4324362135807,69.84435037443072,70.10402623022327,6330000
2014-09-24,71.04342651367188,71.1121664670853,69.76797611080114,70.0200128951484,6381400
2014-09-25,70.18802642822266,71.02814308426944,69.92071737769417,70.87539672022467,4972100
2014-09-26,70.90596771240234,71.02816951062412,70.1116793315706,70.4859121415455,4571400
2014-09-29,70.9365005493164,71.15798688342426,70.22621879748809,70.54699552472421,3894600
2014-09-30,70.0658187866211,71.18852253138074,69.80614882418949,71.05104848453468,6773000
2014-10-01,69.51592254638672,70.5240636135249,69.43954937084136,70.37131726243419,5970700
2014-10-02,70.44769287109375,70.61571735923661,69.55411444986119,69.7374112428807,5991200
2014-10-03,71.44054412841797,71.54746771700296,70.52404873453426,70.66152275227188,6200100
2014-10-06,71.22669982910156,71.98280404375899,71.07394767716652,71.57802103820399,4951700
2014-10-07,70.62336730957031,71.4558449857975,70.60045593527428,71.05870090189757,5030300
2014-10-08,71.86064147949219,71.91410913197839,70.44771680885016,70.69975362670523,6618900
2014-10-09,71.08161163330078,72.39525146546704,71.04342212521887,71.72315924229164,6674700
2014-10-10,70.68447875976562,71.68498109960868,70.67683969155793,71.20382468675551,6349800
2014-10-13,69.1951675415039,70.98233055796167,69.06533253068677,70.93650198063125,7372200
2014-10-14,68.81329345703125,69.14170342026974,67.60657723611764,69.01950748089544,9711300
2014-10-15,67.09486389160156,68.10300505721895,66.15546266951964,67.27816069619553,12987500
2014-10-16,67.88151550292969,68.5230630286931,65.94924551343405,65.94924551343405,7147600
2014-10-17,68.92023468017578,69.59233291243304,68.01138357585891,68.20231951422247,7007300
2014-10-20,70.14982604980469,70.31785052034854,68.56123847162554,68.63761746870867,5609400
2014-10-21,71.94464111328125,72.07448194709208,70.35605893489364,70.66919076490575,6604700
2014-10-22,71.2878189086914,72.54799690945023,71.21144572041224,72.0210178314935,5908900
2014-10-23,72.4028549194336,72.95274510779126,72.12790691180578,72.17372963744442,5923100
2014-10-24,72.5479965209961,72.70074872363728,71.89117661689083,72.2501370094717,4825200
2014-10-27,72.91461181640625,73.07499729383728,72.33416497410677,72.52510089870115,4465100
2014-10-28,73.76996612548828,73.77760519039023,72.9374886850522,73.2506262501405,5260100
2014-10-29,73.64014434814453,74.27405282987874,73.16662712358668,73.79289653905052,4275400
2014-10-30,74.48027801513672,74.69413113124877,73.34230161075172,73.41104156908456,4115800
2014-10-31,74.48027801513672,75.80919615849002,74.33517068425914,75.44259664348527,6335900
2014-11-03,73.38812255859375,73.95329703976856,73.30411612010171,73.9380189041144,7614200
2014-11-04,73.28883361816406,73.45685813894079,72.70075362234661,73.36520681118046,5349600
2014-11-05,73.15135192871094,73.96855724544997,72.6701956185601,73.76998230274782,5002700
2014-11-06,74.30460357666016,74.47262807390443,73.32701285840285,73.58668284367107,4016900
2014-11-07,74.57953643798828,74.65590960468487,73.8463435492827,74.21293708018592,3429600
2014-11-10,74.96907043457031,74.97670367478005,74.08312511056248,74.57192052142855,3662300
2014-11-11,74.95380401611328,75.41968812536898,74.75522902850385,75.19820175974726,3818400
2014-11-12,75.22107696533203,75.38146236119341,74.54898495026069,75.07596969873309,4629400
2014-11-13,75.61056518554688,75.88551316146427,75.10649195406586,75.5341920426581,3182800
2014-11-14,75.03015899658203,75.61060568183328,74.86213449609612,75.5342324980398,4085500
2014-11-17,74.8697738647461,75.57241648152294,74.69411612400211,74.97669748786863,8581600
2014-11-18,73.30410766601562,74.62538072954807,73.30410766601562,74.19768621098045,10384400
2014-11-19,73.85400390625,74.31988796914023,73.31938571616348,73.7394470275895,6831100
2014-11-20,74.51847076416016,74.823969402113,73.33466572718115,73.38049431036029,4958800
2014-11-21,75.0606918334961,75.68696111678109,74.70937060891173,75.59531564848025,6806800
2014-11-24,75.1523666381836,75.53423841396004,75.01489256582805,75.36621390031426,5043600
2014-11-25,74.09074401855469,75.51130711577419,73.63249917391276,75.33564358143012,7992000
2014-11-26,74.61772155761719,74.625360622505,74.09074261834286,74.12892628898345,4337900
2014-11-28,75.91609954833984,76.22159809151849,74.84685756066463,74.8926803027264,3305800
2014-12-01,75.5189437866211,76.07647902132608,75.08361029038828,75.98482771747194,4393700
2014-12-02,75.32713317871094,75.9717390635245,75.19667220749113,75.68013247583232,4677700
2014-12-03,75.6570816040039,75.77219143365895,75.23502003490762,75.28106162487798,4357200
2014-12-04,75.933349609375,76.05613499985951,75.03550339669322,75.3194402211414,5220000
2014-12-05,76.46283721923828,76.49353356118252,75.7107973331546,75.79520495509053,4649100
2014-12-08,77.06908416748047,77.46812494144756,76.47819562906727,76.51656166911901,6624300
2014-12-09,76.46283721923828,76.72375319839996,75.65707434370576,76.50120911035071,5280500
2014-12-10,75.92567443847656,76.91560962263699,75.83358540225377,76.2479772831625,5357000
2014-12-11,76.9462890625,77.81344459522076,76.08681493343951,76.1865736506402,6864000
2014-12-12,76.57027435302734,77.69834007908022,76.27099232628623,76.50121197211577,5983300
2014-12-15,76.77745056152344,77.69064161660451,76.19423192422963,76.74675422748408,5488300
2014-12-16,74.48297119140625,76.91560519607744,74.42925405371673,76.26331813948181,7829300
2014-12-17,75.92567443847656,76.07915031078532,74.505996273339,74.88969180884013,6096400
2014-12-18,77.25326538085938,77.26861648245155,76.20194325625825,77.00002489715683,6594000
2014-12-19,78.22016906738281,78.27388620608018,77.36068899349596,77.44510247641024,12500600
2014-12-22,79.42499542236328,79.47871257638242,78.45041109809308,78.46575634721397,5418900
2014-12-23,79.6244888305664,79.96213687676186,79.28683492964247,79.54775090437327,4067700
2014-12-24,79.47100830078125,80.10026867245269,79.47100830078125,79.84703409773665,1819000
2014-12-26,79.6167984008789,80.05421093862716,79.40960545340968,79.79330086738982,2594900
2014-12-29,80.21537780761719,80.42257664984481,79.24079384389717,79.48635872209871,3492700
2014-12-30,80.0158462524414,80.37652091078036,79.69354348084283,80.1463071545219,2927800
2014-12-31,80.55304718017578,81.35880434710927,80.23841400923297,80.38422019622887,5821600
2015-01-02,79.37126922607422,81.08255411726617,78.78805029550131,80.69885853091847,4323700
2015-01-05,77.7060317993164,78.87246380592518,77.34535701133309,78.87246380592518,5878100
2015-01-06,77.4681167602539,78.32759676190766,77.00000779606276,78.32759676190766,4910100
2015-01-07,80.1233139038086,80.16935549993981,78.27389839613926,78.49644253532333,5091000
2015-01-08,81.89598083496094,82.10317386019659,80.59141242494415,80.86000399932351,6464600
2015-01-09,80.49164581298828,82.01875234508107,80.43792867431353,82.01875234508107,5717600
2015-01-12,80.13097381591797,80.79860615195142,79.8547125634027,80.70651711620326,4992900
2015-01-13,79.60147094726562,81.37414228244268,79.1563827624596,80.89068806050221,5395200
2015-01-14,78.76502990722656,79.35592439192776,78.18181097361669,78.59620291159764,5384400
2015-01-15,77.51419067382812,79.54010307596833,77.36838446493611,79.28686256201817,6895000
2015-01-16,79.90074920654297,80.04654950835473,76.92326852191111,77.3990530268596,6403800
2015-01-20,79.23311614990234,80.5376784322709,78.54246311905437,80.45326495879345,5331300
2015-01-21,79.44796752929688,79.85468371112461,78.65755595257852,79.07962322884904,5899200
2015-01-22,81.39714813232422,81.58132029905275,79.45565019694641,80.10025570786006,5804100
2015-01-23,80.86000061035156,81.71180518177574,80.81395316410611,81.50460631049455,4072300
2015-01-26,81.61972045898438,81.72715474802125,80.62210965537959,80.85232933458981,4192300
2015-01-27,80.69886016845703,81.19765975704665,80.11564122604946,80.40724776988817,4606500
2015-01-28,80.37653350830078,82.44081721823859,80.26909923426294,80.81394615394882,4917300
2015-01-29,82.58662414550781,82.67870732140027,80.20003759148022,80.68349182910228,6529300
2015-01-30,80.13097381591797,82.00340989302612,80.10027747066859,81.6197143595026,7000000
2015-02-02,80.13864135742188,80.5760539877376,77.94390265661568,80.40722703310195,5012800
2015-02-03,82.29503631591797,82.35642902128102,80.43027533731211,80.49166804267517,5969200
2015-02-04,83.19287109375,83.64562902775857,81.91899907076356,82.1799092317727,6765200
2015-02-05,83.637939453125,83.90652511934196,82.99333385420428,83.63026975889625,4471800
2015-02-06,83.67630767822266,84.21347898712888,83.23121953385568,83.86047986202934,4223700
2015-02-09,83.13914489746094,83.99862499512706,82.90893109155819,83.5535367737609,4243800
2015-02-10,84.92717742919922,85.06530807081752,83.38472542831293,83.48448417042009,5414400
2015-02-11,84.65088653564453,85.02691228418686,84.26719109366665,84.87343059455903,4552900
2015-02-12,86.07059478759766,86.10128528164695,84.5741785219442,85.03461204417223,4592200
2015-02-13,85.8633804321289,86.24707594066635,85.41062254232457,85.95546946188027,5098600
2015-02-17,85.94779205322266,86.12429455941258,84.8887945802692,85.70990271658853,6028600
2015-02-18,85.94010162353516,86.0782322138928,85.18038630393195,85.6408196535482,3731600
2015-02-19,85.13434600830078,86.29310202043897,84.90412640265957,85.95545401482036,5910600
2015-02-20,86.13196563720703,86.13964118665908,84.45138330039336,85.03459625471567,7276100
2015-02-23,86.16268157958984,86.83798957149052,85.79433708830777,86.70752862004508,5638000
2015-02-24,89.59291076660156,90.49075694687912,88.34973507909686,90.168454090584,12775500
2015-02-25,89.25525665283203,90.05334409658603,88.902257450644,90.05334409658603,7328200
2015-02-26,88.54158020019531,89.33966762143342,88.40344957239007,89.01736477479763,5649900
2015-02-27,88.0581283569336,88.76412676084759,87.91232217502962,88.3957823130357,5732600
2015-03-02,89.10943603515625,89.83077952114581,88.14252183340909,88.14252183340909,5971900
2015-03-03,89.07107543945312,89.10944733233701,88.09649142032812,89.10177178281447,3784800
2015-03-04,88.06582641601562,88.61067353142849,87.67445521729647,88.54928082285863,3799000
2015-03-05,88.9482650756836,89.094065337679,88.29597825122745,88.42643912895478,4088700
2015-03-06,87.82791137695312,88.98667360793715,87.48258771470798,88.98667360793715,5169200
2015-03-09,88.44182586669922,88.61832839895672,87.76652379424833,87.77419348998114,5351200
2015-03-10,86.8220443725586,88.19502888172016,86.8220443725586,87.81707386045684,5685000
2015-03-11,87.21539306640625,87.77847372340278,86.70631184618114,86.91457100789691,4356500
2015-03-12,89.55255889892578,89.83024172653877,87.75533556600179,87.81704416877274,5742000
2015-03-13,88.56522369384766,89.71451819357628,87.93272537827531,89.46768972615426,4626900
2015-03-16,89.861083984375,89.94593183059933,88.95090281248669,88.95861785801311,4820300
2015-03-17,89.15145874023438,89.53712865426738,88.81206733273146,89.05118079627805,3715900
2015-03-18,89.5371322631836,89.79938499056567,87.4005175578023,89.0203359699146,4773600
2015-03-19,88.82749938964844,89.80709840362411,88.75807574346182,89.63740269611903,3545600
2015-03-20,90.62471008300781,91.01037997717228,88.9586192003422,89.12831489535145,8446000
2015-03-23,89.52942657470703,90.82527790892934,89.52942657470703,90.27762725786934,4095200
2015-03-24,89.59114837646484,90.88699990152897,89.50630049980501,89.62971184821905,4026900
2015-03-25,87.68592834472656,89.94595470046166,87.65507403963122,89.44458254116209,4725800
2015-03-26,86.67548370361328,87.49310227503008,86.06612435675936,87.43910870682062,5409600
2015-03-27,87.82476806640625,88.11016596934238,86.39007527410138,86.45178388309138,3879300
2015-03-30,88.4186782836914,89.51398526138256,88.34154548142303,88.6732218275471,3968400
2015-03-31,87.63194274902344,88.98950287235517,87.58566422960153,87.7013605281563,4128800
2015-04-01,87.26165008544922,87.93271768103627,86.72171469924425,87.84015480703498,4737700
2015-04-02,88.3492431640625,88.64235010902105,86.79113379411659,86.8605574219134,4064800
2015-04-06,88.66553497314453,89.12834370361642,87.47767649384855,87.5085249166797,3248900
2015-04-07,88.16413879394531,89.31343341298897,88.11014524499308,88.57294793384877,3188300
2015-04-08,89.1591567993164,89.32885248193735,87.80160310805911,87.90959019975332,3753500
2015-04-09,88.37239074707031,89.66824170124377,88.04071443484571,89.0588826213495,4674000
2015-04-10,88.88920593261719,89.20545810746928,88.25670746776926,88.29527681562897,3658100
2015-04-13,88.27213287353516,89.035757664787,88.20270922804538,88.67322699963893,2982000
2015-04-14,87.9713134765625,88.68865978248753,87.2462521242699,88.08700974779548,4072500
2015-04-15,87.50849151611328,88.86605111196704,87.45449796948101,88.38010919227662,4210800
2015-04-16,87.4468002319336,87.92502716890087,87.17682657865156,87.4236550933348,4013000
2015-04-17,86.46717071533203,87.24622538370878,86.21262722692364,87.09195981277574,6245200
2015-04-20,87.05342102050781,87.6936345457235,86.91457960401354,87.16140813501933,4396300
2015-04-21,87.29254913330078,87.91733855465554,86.7757527294114,87.54709275367283,3899500
2015-04-22,87.15369415283203,87.40052268685267,86.53662576020865,87.31567482657778,4065500
2015-04-23,87.90187072753906,88.32610991272483,86.82199398012925,86.96083536029415,3945300
2015-04-24,87.70133209228516,87.96359068197661,87.08426378892426,87.84017349039108,2878300
2015-04-27,85.91950988769531,88.01755435360151,85.83466206849664,87.97127586489445,5618000
2015-04-28,85.29475402832031,86.21264436205887,84.8859448877263,85.54158252178398,5743300
2015-04-29,83.85232543945312,85.08646759642599,83.35866857666397,84.97848052549425,7238900
2015-04-30,82.51792907714844,84.23801342481346,82.2402462962496,83.73664141014304,9041600
2015-05-01,84.50030517578125,84.6854251407755,82.41768350138004,82.51796147459751,6696900
2015-05-04,84.89366912841797,85.19449122436134,84.32287923930188,84.80111210496248,3366800
2015-05-05,83.35099029541016,84.7548287215464,83.28928757398774,84.23031733788798,4164800
2015-05-06,83.54380798339844,84.00661654983627,82.71847467103889,83.45896013854187,3996600
2015-05-07,84.87823486328125,85.40274617852668,83.49753587337257,83.61323802384032,5400200
2015-05-08,86.75260162353516,87.5316565894134,86.47491878193215,86.69860806460437,6435300
2015-05-11,86.31291961669922,87.091974415702,86.2434959787409,86.57517230822879,3725200
2015-05-12,86.79115295410156,87.02255725136976,85.4875926750675,85.71128192646523,4053800
2015-05-13,85.7652816772461,87.12283560579047,85.69585802910517,87.09969635136221,4340700
2015-05-14,86.34378814697266,86.55976237203733,85.48760040842608,86.4286360046561,3815700
2015-05-15,87.43136596679688,87.46993531109811,86.25121700338953,86.32834980713632,4575800
2015-05-18,88.18730163574219,88.39556084173712,87.28483526833573,87.83248594987786,6878200
2015-05-19,86.6523208618164,89.84567343684479,86.6523208618164,89.56799060423363,11133200
2015-05-20,86.46717071533203,87.07652972476986,85.78839396443064,86.53659434164992,7004500
2015-05-21,86.39777374267578,86.64460224641532,86.09695168764496,86.37463448995891,4238600
2015-05-22,86.51348114013672,86.79887312076802,85.97353970960837,86.28979187554219,3694000
2015-05-26,85.56472778320312,86.52890257302337,85.37960787131728,86.39006116789503,4612600
2015-05-27,86.51348114013672,86.79887312076802,85.4721676258521,85.64957838220502,4147800
2015-05-28,86.53661346435547,86.9299925226192,86.2820699196985,86.3206392633819,2806100
2015-05-29,85.94270324707031,86.84516965423013,85.90413977715026,86.26666464171375,5310600
2015-06-01,86.13550567626953,86.65230187964163,85.81154440414271,86.36690994770589,5114500
2015-06-02,86.53099060058594,86.98850139387311,85.7943279991282,85.87962652133236,6088200
2015-06-03,87.74842834472656,87.9965678762121,86.42242625260204,86.63179749498511,6337500
2015-06-04,86.43019104003906,87.74843724155507,86.20531364243728,87.25215221215248,4328600
2015-06-05,85.5849609375,86.35264170573798,85.50741252534178,86.33712965686104,4505400
2015-06-08,85.24378967285156,85.92617210326001,85.16624715605069,85.40663073296786,3449000
2015-06-09,84.93360137939453,85.4919168852232,84.54588293547062,85.13521662674687,3659000
2015-06-10,86.05797576904297,86.22081678162563,84.82502822218422,85.22050263337813,3967900
2015-06-11,86.29835510253906,87.10481001831597,86.07347773905305,86.07347773905305,3642800
2015-06-12,85.76329040527344,86.53097101524138,85.62371157472363,85.98816773872102,4301900
2015-06-15,85.30577850341797,85.65472259257838,84.94907839206623,85.47637549495826,3965200
2015-06-16,85.47637939453125,85.64697047774267,85.1041672218159,85.22048389554642,3466600
2015-06-17,85.66251373291016,86.29837174271071,85.26703926458482,85.86412897975832,5722200
2015-06-18,86.73259735107422,87.08154743038367,85.8873741523427,86.12000162243622,7222600
2015-06-19,87.182373046875,87.85700529626074,86.41469215351479,86.56977717088168,9255100
2015-06-22,87.67864227294922,88.10513489658288,87.4537648819527,87.57008158986311,3190200
2015-06-23,87.76392364501953,88.08184960731785,87.5700644750947,87.81044795264553,3075900
2015-06-24,87.12032318115234,88.15165554365076,87.12032318115234,87.57783396892405,3716100
2015-06-25,87.0350112915039,88.17490415748301,87.0350112915039,87.81044797136862,4466300
2015-06-26,87.31415557861328,87.88797697719762,87.02724783737685,87.44597837410632,4208500
2015-06-29,85.71675872802734,87.09703486913004,85.65472238287157,86.5077014223732,5187400
2015-06-30,86.17430114746094,86.66283018406348,85.75556450870766,86.18981319858926,5938800
2015-07-01,86.90318298339844,87.4770044337206,86.43792218810718,87.19784677332343,4216200
2015-07-02,86.45343780517578,87.4304897237891,86.15101795924282,87.29866690194397,3845000
2015-07-06,86.3216323852539,86.79464935063211,85.42987879891236,85.50742130291731,3864700
2015-07-07,87.15911102294922,87.345214227305,85.84086470880085,86.63181368051272,5515900
2015-07-08,86.07345581054688,87.2055924473108,85.91837086922465,86.63177106508499,3794100
2015-07-09,86.36814880371094,87.3064266234016,86.22856994282479,87.097061290129,3643700
2015-07-10,87.70188903808594,87.9965587685544,86.91869631947434,87.36845102252754,4631400
2015-07-13,89.09768676757812,89.19073539440868,88.45407282347239,88.56263349885009,4171900
2015-07-14,89.45437622070312,89.58619903694104,88.70220169164428,88.78750020005997,3688900
2015-07-15,89.625,90.0669988046314,89.22952551708323,89.50092725394214,3364600
2015-07-16,88.96585083007812,89.88086632783869,88.2679566510892,89.84984815142671,5234800
2015-07-17,88.7642593383789,89.17523993235852,88.3998030633815,88.77976547266837,5497600
2015-07-20,87.94226837158203,88.48507162961747,86.98072272004526,87.04275906842412,6107500
2015-07-21,88.2912368774414,88.37653540100676,87.37622119237864,87.94229267457474,4660600
2015-07-22,89.09768676757812,89.23726562393705,88.24470749699056,88.36877430480232,5485200
2015-07-23,88.85728454589844,90.03595158896896,88.733217755956,89.33805740769198,4308900
2015-07-24,88.08187866210938,89.35360067913143,87.95781182881107,88.97363232114104,4427800
2015-07-27,87.67864227294922,88.31450023793082,87.39948454040965,87.91127568877005,4468200
2015-07-28,89.05115509033203,89.19848996856929,87.7639331391602,88.21368788190645,4176800
2015-07-29,90.23758697509766,90.54000686865282,89.2605349026275,89.29930911097603,5104000
2015-07-30,90.30736541748047,90.52448676624564,89.44663013050922,89.90414090064702,3291100
2015-07-31,90.74933624267578,91.602315243237,90.23755120878354,90.71056796580692,4301200
2015-08-03,90.64080810546875,91.2689100274275,90.07474254807993,91.20687957897091,3645000
2015-08-04,91.13706970214844,91.36194704347925,90.14451172393808,90.43917552493421,3008200
2015-08-05,91.50155639648438,91.91253701677167,90.80366198650869,91.79622029575668,4299100
2015-08-06,90.38491821289062,91.88926760952789,90.00495580924492,91.80396908191771,4768900
2015-08-07,90.67179870605469,90.85015172091119,89.78004546399528,90.49344569119819,3986100
2015-08-10,91.1913833618164,91.76520504342793,91.00528015190999,91.13710301242227,3408900
2015-08-11,91.26116943359375,91.61011366748122,90.54001288959421,90.7416222212957,4080000
2015-08-12,91.26116943359375,91.40849841966576,89.71804576362997,90.82692075244401,4575800
2015-08-13,92.29247283935547,93.16096406758933,91.33868901749183,91.50153001351458,6255500
2015-08-14,92.85855865478516,92.9671193356645,91.85824445287098,92.50961445426054,5135500
2015-08-17,92.81977081298828,93.63398171609498,92.06760218198771,92.35450997526124,7255600
2015-08-18,95.22364807128906,95.99908492556304,93.94417607851427,94.47147337606512,11021900
2015-08-19,95.192626953125,95.99132594183122,94.70409796367724,95.12283456201239,6490300
2015-08-20,93.47113037109375,95.01424757990273,93.47113037109375,94.5877609909135,5555500
2015-08-21,90.07474517822266,93.33157750376805,90.0669891533966,92.69571953864295,10190700
2015-08-24,87.26766204833984,89.85761823535385,71.47201160271051,85.3368259873056,13983100
2015-08-25,86.05021667480469,90.72609930794373,85.98818031523986,90.72609930794373,10221100
2015-08-26,89.8963851928711,89.97392768682973,86.91095480461546,88.44631629978096,9313200
2015-08-27,91.23789978027344,91.5713319359603,89.43113055595732,91.11382704838798,7579100
2015-08-28,91.12932586669922,91.8582383177315,90.66406499170303,91.05953939770065,5016000
2015-08-31,90.30736541748047,91.10606434305794,89.89638487644453,90.73385800692138,5444500
2015-09-01,88.12511444091797,89.43448226221433,87.72762618813893,88.84214764285095,7392900
2015-09-02,90.78278350830078,90.78278350830078,89.09930875569863,89.49679684110248,6487400
2015-09-03,90.87629699707031,92.0297895046299,90.54895669828144,91.21143281142162,5302900
2015-09-04,89.17725372314453,90.16707626332234,88.45242524469265,89.37989554137764,5752000
2015-09-08,90.74382019042969,90.90749037089515,89.41886771262135,90.16707680027942,5775800
2015-09-09,88.82653045654297,91.55437860314301,88.61609312676963,91.27379946093662,5316400
2015-09-10,89.2318115234375,89.94885043975937,88.60830691971768,88.84991443336335,5259100
2015-09-11,89.97222137451172,89.98780646077877,88.6160869660489,88.82652428119232,4472800
2015-09-14,89.41886138916016,90.15927490741583,89.17724794783213,90.01898534176102,4248700
2015-09-15,90.54896545410156,90.8996863872553,88.77196829314744,89.45782507305914,4994000
2015-09-16,91.82716369628906,91.99083387415266,90.38530227071595,90.47103511810695,5285100
2015-09-17,91.8973159790039,93.3859386868789,91.39850395770742,92.22465635084187,6607100
2015-09-18,89.72283172607422,91.34394851980453,89.61371826725306,90.80617674311102,11366700
2015-09-21,90.8607177734375,91.27379093135139,89.83971923339601,90.37749686340884,5201100
2015-09-22,90.25282287597656,90.7126573628316,89.54357937711293,89.94106755720395,4631600
2015-09-23,90.54119110107422,90.83736132795184,90.14370886958811,90.29178803678882,4084900
2015-09-24,90.67369842529297,90.91531195297684,89.50462027573795,89.89431299225629,5172300
2015-09-25,90.98542785644531,92.09994894589315,90.43986058730466,91.36733089108102,5478900
2015-09-28,88.92784118652344,91.48422343400838,88.73299490612078,90.82174726988669,5994600
2015-09-29,88.00038146972656,89.5747368801592,87.1352634644621,89.01357861228637,7908800
2015-09-30,90.01118469238281,90.12029813208805,88.84990254338479,89.1382771747409,5395600
2015-10-01,91.21143341064453,91.28937072807254,89.42664089423302,90.58792892498425,5215200
2015-10-02,91.81937408447266,91.88952184877536,89.40328100701502,90.06575727799311,4359800
2015-10-05,92.9027099609375,92.97285771833768,91.89730832350969,92.55198901264751,4528700
2015-10-06,92.49742126464844,92.90269888873198,91.9440585729977,92.82476157020471,5275400
2015-10-07,93.25344848632812,93.40152764377612,92.34935872143939,92.90272154805741,4680100
2015-10-08,94.35236358642578,94.48486357998473,92.86374105411392,92.98843958505341,4958200
2015-10-09,94.56280517578125,94.6952992290872,93.89253344627969,94.51603802160966,3893500
2015-10-12,95.00704956054688,95.43570781892637,94.30560174673703,94.68749879960811,2861900
2015-10-13,94.78104400634766,95.31102623252741,94.41473197478018,94.90574255861702,2971400
2015-10-14,93.73664855957031,94.99145911586477,93.18328582142753,94.56280085483195,5200400
2015-10-15,94.93690490722656,95.1083705946741,93.83797491822442,94.00944060567195,3448900
2015-10-16,95.6617202758789,95.72407250756466,94.79660238650627,94.79660238650627,4068800
2015-10-19,95.94229888916016,96.02023620525691,95.24085115181737,95.56040187792088,3097700
2015-10-20,95.74745178222656,95.99685475928044,95.35775925894013,95.7786278976378,3318400
2015-10-21,96.09818267822266,96.65933494060889,95.66951850601485,96.09038716248172,3491800
2015-10-22,96.92435455322266,97.01788292810197,95.77086171466239,96.56583803554201,5855300
2015-10-23,97.11920166015625,98.00770041686458,95.84101025765523,97.430956966038,5281600
2015-10-26,97.43094635009766,97.93754792367714,96.65935071420883,97.07242986858037,4550200
2015-10-27,97.01006317138672,97.49327812193262,96.50346167328597,97.04123928855684,3674800
2015-10-28,96.50348663330078,97.1036106918938,95.25647135514535,96.93994049409571,6821500
2015-10-29,96.35539245605469,96.69832385511002,95.66953560418135,96.19172227366118,4635300
2015-10-30,96.3631591796875,97.22827698972377,96.07478459426356,96.07478459426356,4991500
2015-11-02,96.96331024169922,97.14256549792607,96.16053853510775,96.8308102458622,3715600
2015-11-03,97.93754577636719,98.23371000776088,96.49567841866113,96.82302471742342,4313700
2015-11-04,97.71932220458984,98.10122526502569,97.12699368557486,97.79726548793604,4101200
2015-11-05,97.98430633544922,98.21032875247663,97.38417641356061,97.78166452255618,3059400
2015-11-06,98.18694305419922,98.28826098227061,97.28285343299564,97.63357436928928,3752000
2015-11-09,97.03346252441406,98.29606875573869,96.4177474703492,98.046665716417,4988800
2015-11-10,97.62580871582031,97.74271770530451,96.67495765583153,97.02567867804592,3872900
2015-11-11,97.19713592529297,97.7582942688806,97.0490508217802,97.7582942688806,3240200
2015-11-12,96.49567413330078,97.39976376725274,95.91113526707777,96.78404878128273,4285700
2015-11-13,93.5262222290039,96.05922408103943,93.44828489972714,95.94231511400575,8728800
2015-11-16,94.18090057373047,94.32898565801673,92.44287498402474,93.565191525485,7785700
2015-11-17,98.34284210205078,98.46754066397958,95.9423338359796,97.31405369462573,10517100
2015-11-18,98.62339782714844,98.77148290879346,97.15815588233795,98.54546050121198,6502000
2015-11-19,98.872802734375,99.46513712607992,98.16355937840454,98.61560420223822,4662200
2015-11-20,101.48375701904297,101.48375701904297,99.05206699088497,99.26250433492675,8191900
2015-11-23,103.26850128173828,103.37761469418622,101.48371505831051,101.48371505831051,6329700
2015-11-24,104.12588500976562,104.38307170369343,102.67622781797255,102.82430104122673,6672700
2015-11-25,104.94422149658203,105.40406784262127,104.08690483794227,104.19601829967735,5300900
2015-11-27,105.01438903808594,105.5833370283086,104.85071287769141,105.06893982989948,3337700
2015-11-30,104.34410858154297,105.4664253250724,103.66603527838296,105.37289100146096,8057900
2015-12-01,105.23651123046875,105.39308779833512,104.32059564500265,104.52414040518292,5267600
2015-12-02,104.75117492675781,105.40875361993196,104.56330212591779,105.33830131961696,5022700
2015-12-03,102.49658966064453,104.99383543734693,102.39482922454137,104.52414156388613,6688000
2015-12-04,105.3148193359375,105.5496722868242,102.82540911384326,102.98197376606197,5387100
2015-12-07,104.84510803222656,105.51834675268529,104.26581765435239,104.89991222749394,5444300
2015-12-08,104.77466583251953,105.33830816188517,103.65521717107696,103.89007013249893,4731400
2015-12-09,103.2559814453125,105.51055115344668,102.950676126096,104.28150582305402,5055600
2015-12-10,103.7569580078125,104.57893724478224,103.1776676836574,103.30292416541033,4185600
2015-12-11,102.11299896240234,103.75694528971817,102.01122659031347,103.75694528971817,5300800
2015-12-14,103.34205627441406,103.43600460820512,102.32438021012129,102.62184942263224,5960100
2015-12-15,102.77840423583984,104.5006508311706,102.70012790112489,103.81957624297547,4921800
2015-12-16,104.03878021240234,104.33626137341251,102.05038431042225,103.4673139329337,4711700
2015-12-17,102.82539367675781,104.5397924870799,102.55139661767204,104.16403498914366,4345800
2015-12-18,101.99559020996094,102.79408543712591,101.77639731546338,102.34003959991904,9840600
2015-12-21,102.7940902709961,103.02894322474934,101.9094826547431,102.55141326532747,3414800
2015-12-22,103.24029541015625,103.55342466786291,102.12867101664743,102.84104186969742,3401900
2015-12-23,104.20318603515625,104.38323477284801,103.24030215692393,103.71783207045831,3244800
2015-12-24,104.03878021240234,104.49282600469103,103.8509074329144,103.96050386932093,1517100
2015-12-28,103.86654663085938,104.03877129403708,103.2481122095319,103.52993329972136,2607200
2015-12-29,104.66505432128906,105.15824427482193,104.33626500063919,104.40671729539643,3037400
2015-12-30,104.39106750488281,104.94687374802176,104.33626331310286,104.57111623694458,2484700
2015-12-31,103.52993774414062,104.5632857675673,103.52211369370201,104.1796922840016,3178700
2016-01-04,102.606201171875,102.606201171875,101.33800020102434,101.85467422821849,8050900
2016-01-05,102.10517120361328,103.28725978979854,101.80770200331243,102.6688134027618,5320900
2016-01-06,101.04837036132812,101.69028902220123,100.6412927074102,100.98574211110095,8199600
2016-01-07,98.1675033569336,100.10893067707705,97.61951531156791,99.36523986789955,12551000
2016-01-08,96.99325561523438,99.05210947097748,96.68012042743574,98.98165718931519,7104500
2016-01-11,98.46500396728516,98.69985690072622,97.14201065584638,97.75262708828149,6811600
2016-01-12,99.80364990234375,100.82916799272714,98.50414668119393,99.24783767201167,5695700
2016-01-13,95.03616333007812,99.7879711979542,94.69954406548975,99.7879711979542,8932200
2016-01-14,93.64273071289062,95.13011252796676,92.53110040415048,94.95006381132625,13389100
2016-01-15,93.33743286132812,94.8404748402109,90.88715514280325,91.68565030021828,10515000
2016-01-19,93.75233459472656,95.41977123155239,93.00081360464064,94.3629450258865,6350700
2016-01-20,91.16899871826172,92.89123996929634,88.92225924735759,92.28845344103844,11331400
2016-01-21,94.11241912841797,95.45889620494894,91.70128603660932,91.88916475325928,8993900
2016-01-22,96.10083770751953,97.5960496297077,95.17709205869917,95.22406025306974,6554500
2016-01-25,95.27886199951172,96.95412868309651,95.16143553667843,96.58619522007928,4854700
2016-01-26,95.66242218017578,95.85813090474451,94.44120165008488,95.29449479493384,4475600
2016-01-27,95.16925048828125,97.32204673324098,94.6134383562894,95.86597315884546,5431000
2016-01-28,95.72509002685547,96.04605533482541,94.18290368332117,95.48241301916224,4871600
2016-01-29,98.4493408203125,98.4493408203125,96.09300556947005,96.4217948679436,7616200
2016-02-01,99.03646087646484,99.49050065269881,97.06371326502023,97.79175007857953,4674100
2016-02-02,98.0657730102539,98.97386480292482,97.62738716416958,98.1753754443342,5832200
2016-02-03,96.90715026855469,98.76247146252283,95.14577142945899,98.6528690622263,7485700
2016-02-04,94.80915069580078,96.99326114009588,93.50964168280969,96.79755238314353,9171800
2016-02-05,91.14549255371094,94.72304878546632,90.56619624171935,94.63693644512944,8117700
2016-02-08,87.56011199951172,90.78539502901918,85.81439292641821,89.97124574081657,11286600
2016-02-09,89.13360595703125,90.25306040140778,86.64419007238907,86.84772887297332,7572900
2016-02-10,89.50153350830078,90.93412309615385,89.2823406479302,89.63461403458898,5307600
2016-02-11,88.67174530029297,89.39195826262095,87.84977187910836,88.52301066554085,6447100
2016-02-12,91.05937194824219,91.14548428076296,88.86743143917104,89.93208757528475,5361600
2016-02-16,93.4939956665039,93.94021143190314,92.13968832376854,92.46848360292412,6966400
2016-02-17,94.88745880126953,95.25539231997978,93.83846244564019,94.29250234606663,5970700
2016-02-18,93.91673278808594,94.80916437070492,93.59576751356181,94.66825380647255,4460700
2016-02-19,95.26319122314453,95.27101527275248,92.96165445633372,93.79928765126955,5435500
2016-02-22,96.1712646484375,97.43945931516804,95.60762257433502,96.2886910759682,7796900
2016-02-23,97.48643493652344,99.56877876113649,96.56268946070864,99.4200382100765,11168700
2016-02-24,98.33190155029297,98.46498206244355,96.2260735592643,97.11068090221588,7935500
2016-02-25,99.31045532226562,99.31045532226562,97.76826931192217,98.44933795829607,4738800
2016-02-26,98.84078216552734,100.0072050372856,98.58244509483485,99.88194852814048,4608200
2016-02-29,97.16549682617188,99.41222978846139,97.11069860691012,98.84076349795431,5575300
2016-03-01,98.40234375,98.6137125159325,97.05587274977049,97.68213708120267,4916900
2016-03-02,98.31626892089844,98.5354677916621,97.43166730383955,98.23016254451088,3967500
2016-03-03,99.26347351074219,99.62357686908264,97.6821435756856,98.01093281948906,5009700
2016-03-04,98.29277038574219,99.81147234678625,97.97964113289643,99.70970593686714,6448200
2016-03-07,98.77030181884766,99.05995295211291,97.86221622066532,97.86221622066532,4161200
2016-03-08,99.74634552001953,100.9113089337284,98.39246425106101,98.56563594900679,5280900
2016-03-09,99.20321655273438,100.37605303749456,98.65222115865896,99.99035626164176,4047000
2016-03-10,99.09304809570312,99.96677392302148,97.84936553001018,99.33705955914115,4503700
2016-03-11,101.11599731445312,101.35212967692264,99.75424263867036,99.94315453404687,4626600
2016-03-14,101.41508483886719,102.06054521388957,100.83260909738812,101.09235465135599,3653200
2016-03-15,102.09992218017578,102.70601125816735,101.24193055704693,101.36787582421469,4033900
2016-03-16,102.6823959350586,103.20191114346595,101.39148699982918,102.03694747284464,3609600
2016-03-17,103.02083587646484,103.26484723354409,101.7929000080679,102.40686794226637,4130900
2016-03-18,103.39080810546875,103.97328381743706,102.98149208377278,103.22550347779183,8069200
2016-03-21,103.12319946289062,104.00480436515106,102.54072359280681,103.53251559569718,3817000
2016-03-22,102.79258728027344,103.28848921548708,102.2652050366846,102.80833343986133,3946500
2016-03-23,102.50133514404297,103.25698254805125,102.2888040569411,102.79257299654627,3625300
2016-03-24,102.69027709960938,102.92640946202775,101.90313719607683,101.9660978188539,3448700
2016-03-28,103.17828369140625,103.75289236715695,102.71387410430364,102.8004599604414,2621100
2016-03-29,104.27240753173828,104.61087187167608,102.88704584396518,103.11531109522558,3405400
2016-03-30,105.02019500732422,105.4216319979975,104.56365246319349,104.77618358098553,3138300
2016-03-31,105.0280532836914,105.70499396334421,104.68958894926483,105.13038529679696,3685900
2016-04-01,106.14581298828125,106.42130472777319,104.76831825841894,104.76831825841894,4259400
2016-04-04,106.14581298828125,107.23205780791379,105.75224306546345,107.10612456082076,3547600
2016-04-05,105.93327331542969,106.81486602791836,105.39801201799021,105.63415635477821,4068600
2016-04-06,106.61021423339844,106.84635857068469,105.33505162717259,105.67351596900293,3364800
2016-04-07,105.3743896484375,106.45277922374288,104.78403486305676,106.05133028277271,3953700
2016-04-08,105.17761993408203,105.96475976178401,104.73682355229703,105.96475976178401,2924400
2016-04-11,104.69745635986328,106.32684144701815,104.65810898004963,105.14613179341596,3472700
2016-04-12,105.77587127685547,106.04349597967254,104.77620016832981,104.92575868190481,4251400
2016-04-13,105.35079956054688,106.15368560806024,104.86277667421594,106.15368560806024,4324800
2016-04-14,105.76795959472656,106.03559622586576,104.59512910702377,105.08315188656191,4183300
2016-04-15,106.27173614501953,106.48426724618585,105.45311606803773,105.79945948896071,3508900
2016-04-18,107.68073272705078,107.68073272705078,106.0592265751731,106.11432011846561,3964300
2016-04-19,106.61021423339844,107.83815037432701,106.14580464357543,107.68072481973616,4649500
2016-04-20,106.41341400146484,107.11396782794145,105.85453955052816,106.85421029532003,4760200
2016-04-21,105.94900512695312,106.64955895771841,105.78370051034636,106.44489495517686,3542200
2016-04-22,106.78340148925781,106.79913563944709,105.01233671802828,106.14582009334345,4180900
2016-04-25,106.7755126953125,106.83848532274915,105.69713497611113,106.4055560158725,2835400
2016-04-26,106.53150177001953,107.23993482390165,106.16942417406257,106.33471681240795,3507200
2016-04-27,106.8542251586914,107.27140828131992,106.07495245243068,106.55510819876913,3488100
2016-04-28,104.47705078125,106.61020468900294,104.28814493697294,106.11430282617796,5553600
2016-04-29,105.3901596069336,105.71288984508516,103.70568071932502,104.46134030002118,4610100
2016-05-02,107.0903549194336,107.24778045188222,105.72072756445431,105.76795402310907,4284400
2016-05-03,105.90176391601562,106.92504786984013,105.5081940884522,106.61806388477257,3408700
2016-05-04,106.38980102539062,106.57870685989343,104.79190845096385,105.15398597429305,3192100
2016-05-05,106.00408935546875,106.55508467780426,105.27992235885678,106.16151487459359,3474900
2016-05-06,106.81484985351562,106.90143569686667,105.72072620251505,105.85453850391247,3356800
2016-05-09,107.23995971679688,107.4209985567987,106.45281970363695,106.72831150176087,3552300
2016-05-10,108.23959350585938,108.48361694179553,107.28716103931085,107.30290719890687,3662800
2016-05-11,105.71288299560547,107.8775175572732,105.50821895013529,107.68073259712158,6058400
2016-05-12,105.62627410888672,106.26385531907346,104.76829475223539,106.26385531907346,5355600
2016-05-13,104.79190826416016,106.52361313853886,104.71318949272549,105.3271574753616,5295800
2016-05-16,106.53150177001953,107.48394624961192,104.75257007709897,105.35079202434999,8394800
2016-05-17,103.90245819091797,105.86244070340764,103.19403714393654,104.80766419659433,15989600
2016-05-18,103.72140502929688,104.50854475507872,102.34391050917866,103.13891730833066,8258900
2016-05-19,103.68993377685547,104.00479693760609,102.94215328762516,103.46953556973078,4577200
2016-05-20,103.78437805175781,104.73681039760565,103.70565927455426,103.81585835615978,5089800
2016-05-23,103.4458999633789,104.28026614003,103.35144704098033,103.7764972025728,3854500
2016-05-24,104.97293090820312,105.37436775496853,103.94178001903987,104.04409999323711,5181500
2016-05-25,104.8470230102539,105.88605335159727,104.72895684001062,105.05168705307642,5017500
2016-05-26,105.51610565185547,105.76011709832866,104.57940725219257,104.79193838752153,3996800
2016-05-27,105.42950439453125,106.18515185971737,104.98870803803936,105.53183640971683,4025300
2016-05-31,104.5354232788086,105.86467204540364,104.21894180118784,105.68269579942142,6366900
2016-06-01,104.30597686767578,104.53542412986967,103.7679438637468,104.53542412986967,4744300
2016-06-02,104.76487731933594,104.99432456806997,103.91036288533716,104.32179844385374,3858500
2016-06-03,104.23475646972656,105.01805225448985,103.58595382679842,104.85981153545636,4155900
2016-06-06,102.21717071533203,103.54640745885422,101.64749437582395,103.5068563274121,8051700
2016-06-07,102.79473876953125,103.49101242500798,102.3200166096096,102.36748761830246,4434000
2016-06-08,102.53366088867188,103.08750957871297,102.26465039250849,102.86597010269654,3742400
2016-06-09,102.3042221069336,102.73147339677828,102.09849823852949,102.28048659488651,3450500
2016-06-10,101.93231964111328,102.24880109055398,101.44176977258218,101.63165381304924,3926000
2016-06-13,101.14110565185547,102.42287123861888,101.10945629907779,102.01935557282134,4830900
2016-06-14,99.09188079833984,100.83255945596896,98.67253732375372,100.72969752231681,7303500
2016-06-15,100.11251831054688,101.07780239910181,99.28965328483605,99.4874572034253,5140000
2016-06-16,100.76925659179688,100.91167569396345,99.42419198861121,99.73276570388907,4431800
2016-06-17,100.59516143798828,101.10153899210945,100.27076614698719,100.89582122434254,7541900
2016-06-20,100.97494506835938,101.94814298974552,100.8166983138879,101.3784667466411,3880300
2016-06-21,101.06990814208984,101.52090092242747,100.7138634342172,101.24397659002678,3600900
2016-06-22,100.95913696289062,102.04310480447147,100.80089621421351,101.03034952534365,3723700
2016-06-23,101.50505828857422,102.14595315602934,100.8404399886137,102.05099906103952,4784500
2016-06-24,100.00967407226562,101.11737735243653,99.2975786752631,99.7723069277657,8979800
2016-06-27,98.6408920288086,99.49540671215378,97.8101188948608,99.17100527187509,5656900
2016-06-28,100.90374755859375,100.90374755859375,99.37670086020485,99.60615416101429,5385000
2016-06-29,100.77715301513672,101.64748913943968,100.40528064397614,101.19649639997832,5782100
2016-06-30,101.03035736083984,101.16486261129683,99.77232097624751,100.69804210444872,6642000
2016-07-01,102.55738830566406,103.04003042739812,101.3705646036618,101.50506984112933,5645200
2016-07-05,102.3437728881836,103.23783857036462,101.67123460053826,102.54157684655041,4096600
2016-07-06,104.10027313232422,104.1319164535838,102.09057815196883,102.22508339506419,4933200
2016-07-07,103.7758560180664,104.58288735435326,103.30112176013814,103.84706253485753,3973600
2016-07-08,106.29191589355469,106.307743588239,104.63827795235541,104.70157665809906,4806200
2016-07-11,106.93280029296875,107.5103964641716,106.37895170064546,106.67961753918975,4577000
2016-07-12,106.68754577636719,107.59745127717295,106.26029451562952,107.00403937042856,3615800
2016-07-13,105.6747817993164,106.97237524660649,105.31082928708605,106.68753707168939,4235500
2016-07-14,106.45014953613281,106.64795345104334,105.88839317866291,106.33937982670263,3122300
2016-07-15,106.64007568359375,107.28095861677592,106.53721375550408,106.90908618614,5323000
2016-07-18,107.87435913085938,107.9851288597921,106.6637999243107,107.17809743742296,3730900
2016-07-19,108.38076782226562,108.43615873910505,107.2572425145074,107.66077041434202,3831500
2016-07-20,108.72096252441406,108.75260584329183,108.2145849114077,108.71304263994867,3092000
2016-07-21,107.6607437133789,108.50733837297271,107.18600938648832,108.20667249440899,4938100
2016-07-22,108.01678466796875,108.111726700849,107.57370575053415,107.92975044683016,2627200
2016-07-25,108.00096893310547,108.27789932367095,107.72403854253999,108.04053214218573,3352600
2016-07-26,108.19874572753906,108.80006530632858,107.65280496915445,108.0009418048196,2575600
2016-07-27,107.8506088256836,108.94249034178272,107.57369057784231,108.40445739435948,3030800
2016-07-28,109.15613555908203,109.28272090984193,107.68447370866909,107.75568023215807,3230000
2016-07-29,109.37764739990234,109.75742750228974,108.74467251392885,108.76050020615092,3662600
2016-08-01,109.79701232910156,109.93151755701065,109.06909529236133,109.23524383795731,3157800
2016-08-02,108.57062530517578,109.97898836297726,108.25414383692602,109.90778184357018,3898100
2016-08-03,108.44403839111328,108.57063581987137,107.36798439266015,108.49942929356818,3642600
2016-08-04,107.6448974609375,108.55479067880586,107.17808309952655,107.43917365401559,3802900
2016-08-05,108.32537841796875,108.98208910405202,108.08010340558769,108.39658495582185,3022100
2016-08-08,107.77149200439453,108.71302851284038,107.73192880619256,108.32534056024298,3182800
2016-08-09,107.6924057006836,108.4677939675399,107.08316602594057,107.81900315286352,3180400
2016-08-10,107.28884887695312,108.30951177148523,106.86158565747982,107.84269742720284,3438000
2016-08-11,108.42819213867188,108.79215666581635,106.94862267137461,107.8506080691751,4183300
2016-08-12,108.05635070800781,108.70514140470524,107.31260590294355,107.60535189400254,4090000
2016-08-15,108.44403839111328,109.1640476850552,108.34117647112292,108.4836015967246,6327400
2016-08-16,107.7873306274414,109.70207151369677,107.33634387607745,108.91085567278154,7286100
2016-08-17,107.72401428222656,107.97720910492166,106.61631711541966,107.20972889899342,5222200
2016-08-18,106.6558837890625,107.7240177904851,106.37104564075099,107.62907576537928,4430800
2016-08-19,107.17809295654297,107.41544802790767,106.27610746637367,106.35522179916376,3959000
2016-08-22,107.0831527709961,107.4866805907455,106.82996997097321,107.28887662357297,2752500
2016-08-23,107.77942657470703,108.04052926007591,107.54996721196042,107.54996721196042,2961100
2016-08-24,106.86161041259766,107.80315920263392,106.66380645075796,107.4233789763405,4113000
2016-08-25,107.15434265136719,107.7319388383177,106.31565589255531,106.60049404394371,3168900
2016-08-26,106.30775451660156,107.74776098307187,105.95961763572008,107.1543491378407,4193400
2016-08-29,107.0040283203125,107.05149933627042,106.48182299878557,106.70336245525247,3227700
2016-08-30,106.64613342285156,107.40164048237646,106.27235407452464,107.20282219645385,3440600
2016-08-31,106.66205596923828,107.10740709593027,106.24852257154319,106.47914649968438,4650600
2016-09-01,106.74954986572266,107.4096282734778,106.29625031757129,106.94836822462807,3851800
2016-09-02,107.48117065429688,108.06172884108555,107.00401400401641,107.17897508292447,3402600
2016-09-06,106.64613342285156,107.93447203246045,106.47117236044726,107.33006881182156,4220400
2016-09-07,105.60435485839844,106.4632516306022,105.10334084246183,106.0099520795253,4676000
2016-09-08,104.3875961303711,105.7236619319022,104.27625832481938,104.61823224288506,5019600
2016-09-09,101.58818817138672,104.09329975039594,101.58023980863341,103.89448146741826,6315000
2016-09-12,102.26415252685547,102.47093127393995,100.20439836179528,100.60203486323098,7882600
2016-09-13,99.98178100585938,101.79500353554344,99.75115097287956,101.58823073572447,6376300
2016-09-14,100.41122436523438,100.95995890275641,99.8624837602576,99.89429542536037,4313900
2016-09-15,100.96790313720703,101.50868925442005,99.97381145611357,100.18058422466815,5100700
2016-09-16,100.29193115234375,101.01562680709146,99.96586613883595,101.01562680709146,6941200
2016-09-19,100.43506622314453,101.29396284707953,100.33963124244492,100.74522232610099,4525400
2016-09-20,100.86450958251953,101.2621462147293,100.46687295030975,100.88836680965956,3627100
2016-09-21,101.8824691772461,102.2641969868099,100.6418446949825,101.41325474648349,5367400
2016-09-22,102.39144134521484,103.1071824890046,102.36758411608238,102.44711630312925,4099700
2016-09-23,101.62796783447266,102.74929994522364,101.62796783447266,102.29600050961534,4464700
2016-09-26,99.76704406738281,101.18263579425553,99.6875179420978,101.07924637067603,5338500
2016-09-27,100.8565673828125,100.99176239797136,99.69546900403708,100.04539122440515,4433600
2016-09-28,102.00971984863281,102.21648655886213,101.04743371948939,101.16672593997824,5751100
2016-09-29,101.73929595947266,103.97401767280346,101.72339316589589,102.19260141956951,5987500
2016-09-30,102.33577728271484,102.7811405887227,101.50074383690503,101.69161382519412,6044600
2016-10-03,102.19261932373047,102.44711260516776,101.77112544439407,101.9540349061099,3652700
2016-10-04,101.95402526855469,103.32189618970853,101.75520696181611,102.21646688963835,4848600
2016-10-05,101.46096801757812,102.61411186363328,101.41324749420465,102.04947462203936,4115400
2016-10-06,103.53663635253906,103.74340304892993,100.54640694503234,100.89632915039225,7472400
2016-10-07,102.04150390625,103.71158250567623,101.69953618233788,103.25032258645464,5511900
2016-10-10,101.19852447509766,102.54253825450532,101.19852447509766,102.15284998029789,4349700
2016-10-11,100.08512878417969,101.06331746813892,99.77497272846276,100.88040196652112,5113900
2016-10-12,100.75316619873047,101.1269455829799,99.97379577333237,100.08513353875307,3545900
2016-10-13,100.43506622314453,100.72931952971128,99.54435793897633,100.40325456291133,3655700
2016-10-14,100.53843688964844,101.44504785587579,100.53843688964844,100.92017069685349,4462100
2016-10-17,99.52050018310547,100.84065677224301,99.31372742641267,100.34758514242289,3753000
2016-10-18,99.9976577758789,100.40324883640203,99.52844946597159,100.3237227240817,3563300
2016-10-19,100.116943359375,100.27599557350074,99.01946852002013,100.01356002693858,4094800
2016-10-20,100.40326690673828,101.06334528595781,99.86248075119589,100.16468245938403,3543200
2016-10-21,100.68157196044922,100.84063021888882,99.60795450265357,99.65566894645937,3234100
2016-10-24,101.62001037597656,101.90630921858705,101.18261374848221,101.18261374848221,3824800
2016-10-25,98.0889892578125,100.41913987393899,98.0492292400345,100.41913987393899,8731900
2016-10-26,97.5879898071289,98.41507480021102,97.34145701588133,97.68342479121861,5456100
2016-10-27,97.23011779785156,98.18444335482842,96.90405282428789,97.58798836485441,4261600
2016-10-28,98.2798843383789,98.68546938775904,97.19035763921755,97.58003989090709,4497700
2016-10-31,97.03129577636719,98.21625127914761,96.72113967877671,98.09695907220042,5671500
2016-11-01,95.34529113769531,97.22213613247922,94.79655075904384,96.77678513963295,7492600
2016-11-02,95.6634521484375,96.45872566593974,95.28967262441859,95.37715319674027,4846000
2016-11-03,95.5759506225586,96.17240562992168,95.49642450173434,95.70319120238659,5113500
2016-11-04,96.15650939941406,96.94382836401341,95.48052215760842,95.86225605806979,4607600
2016-11-07,98.41504669189453,98.59796217562715,97.26985147971321,97.42095531116833,5510400
2016-11-08,98.81269836425781,99.74316658280692,98.29576955369056,98.57411396939501,6105900
2016-11-09,100.22034454345703,100.4112145153501,95.68728889144424,96.18830891589172,8052500
2016-11-10,102.61409759521484,103.46504572381852,100.61001184835268,100.77701848830347,8737000
2016-11-11,103.26625061035156,103.48892618027347,102.36758783072557,102.63797786064383,5496100
2016-11-14,101.53252410888672,103.89448639344336,100.95197809283945,103.78314863509311,11438500
2016-11-15,98.93199920654297,101.53254021401187,97.75499205913248,101.05537745004418,13445400
2016-11-16,99.6716079711914,99.965855220316,98.04129521662858,98.29578243969921,9793400
2016-11-17,102.53458404541016,102.70159678314656,99.96585460148239,100.10105567810014,6801200
2016-11-18,102.05744934082031,102.87658007205482,101.5723320221844,102.53460615814235,4428900
2016-11-21,101.96996307373047,102.51074319679778,101.32579351864331,102.01767753930584,4072100
2016-11-22,104.16488647460938,104.41937973835654,102.097183313744,102.097183313744,5535800
2016-11-23,104.34783935546875,104.96815170326875,104.0694887816232,104.46712552431092,3582700
2016-11-25,104.63410949707031,105.08740894881895,104.23647286382446,104.86473340499383,2545800
2016-11-28,103.89450073242188,104.6977223760261,103.52072132032208,104.37961791823817,4859000
2016-11-29,103.63065338134766,104.55807154179789,103.33484380576957,104.21429416470326,4127100
2016-11-30,103.45478820800781,104.19033533941591,102.98308844711909,103.40682039494688,6973800
2016-12-01,103.51073455810547,104.2142948498781,103.1349705113032,103.40679618791017,5398700
2016-12-02,103.83055114746094,104.43017320250397,103.06304174863736,103.16696794262562,3738300
2016-12-05,103.67861938476562,104.30223739168265,103.58268378339636,104.1903084569722,4065400
2016-12-06,102.92713928222656,104.04642901835575,102.87915926552688,104.0384384485774,4292600
2016-12-07,105.90122985839844,106.38092006781822,102.93509476956245,102.93509476956245,6987300
2016-12-08,105.95720672607422,106.43690921858675,105.19768794571367,105.70137434291772,4975400
2016-12-09,106.64476013183594,106.65275069926253,104.81391984530319,105.9411998194302,5174600
2016-12-12,107.59617614746094,107.66013729316731,106.43690935496825,106.43690935496825,6276500
2016-12-13,109.16317749023438,109.4430059674533,107.57218827212539,107.57218827212539,6886300
2016-12-14,108.71546173095703,109.43501544438479,108.53158106835092,108.77143230616016,7036300
2016-12-15,108.60352325439453,109.78678600397996,108.54756488344016,109.13918405889324,5839800
2016-12-16,108.0198974609375,109.21914137670574,107.97192965620117,108.819393404783,9429300
2016-12-19,108.28374481201172,109.13120865627572,107.76406507023417,107.97993241525995,3463600
2016-12-20,109.61890411376953,109.72284250425822,108.27574440353514,108.4516345108199,4301500
2016-12-21,109.39503479003906,109.7228310648347,109.17916746281507,109.47497706725291,2704700
2016-12-22,108.27574157714844,109.53095620097481,108.07586756948243,108.93133417797678,4094800
2016-12-23,107.97196197509766,108.72349033915934,107.76408515989715,108.45165236538513,2337300
2016-12-27,108.13984680175781,108.50762040508192,107.70013367082558,107.74009871956973,2254900
2016-12-28,107.98793029785156,108.61952676851662,107.66013401085311,108.38767829682308,3369400
2016-12-29,108.01190948486328,108.61153145713453,107.63614540629274,107.94794834390018,2777900
2016-12-30,107.1964111328125,108.5875383827479,106.99653715893703,108.44362277790115,4149100
2017-01-03,107.38032531738281,108.3397182518209,106.80468711685134,108.01193410376682,5299700
2017-01-04,108.33173370361328,108.68351397897388,107.30038898661853,107.40431519572509,4055300
2017-01-05,107.05252838134766,108.29975260853654,106.95659274823427,107.91598567739705,3821100
2017-01-06,106.75670623779297,107.39630551560775,106.37295155084072,107.10848645055819,3827500
2017-01-09,107.38032531738281,107.74009614287921,106.44491629135494,106.50887744689655,4310200
2017-01-10,108.81139373779297,109.03525160740247,106.94856688049042,107.13244751638274,5928300
2017-01-11,108.49159240722656,109.04324653630948,107.7240831662464,108.81139809041782,4643700
2017-01-12,107.98793029785156,108.35569162527452,107.08449591638686,108.33969828950023,3600000
2017-01-13,107.96395111083984,108.53159872603116,107.74009317228789,107.86801547984406,3117600
2017-01-17,108.67548370361328,109.1152089365191,107.74007486234488,108.00391000208838,3976900
2017-01-18,108.85938262939453,108.96330881798758,107.86800315809343,108.65150585352582,3869700
2017-01-19,108.24376678466797,109.35506577604266,107.87599324393607,108.7314598499096,5078700
2017-01-20,108.41166687011719,108.73146040333164,107.61217083773975,108.13982894760946,4853900
2017-01-23,110.38639831542969,110.54629504621417,107.93194019023588,108.17978195285261,7056200
2017-01-24,110.37841033935547,110.63425490236312,109.77079780122261,110.23450692216883,4055100
2017-01-25,109.91471099853516,111.42575801014779,109.87473375709054,110.69022312506378,3631700
2017-01-26,110.69821166992188,111.27383751526824,110.09858972331881,110.33842874248825,2931200
2017-01-27,110.59426879882812,110.99401674697715,110.09058248037181,110.97003284603535,3149500
2017-01-30,110.70621490478516,110.72220824100637,109.41902582415295,110.32246023086395,2705000
2017-01-31,109.9946517944336,110.82612219604908,109.41102317985715,110.03462903090372,3227000
2017-02-01,109.88275146484375,110.29849287357838,109.15520704939388,110.05864159164136,2968800
2017-02-02,109.49095153808594,109.9706539160817,109.17914865219015,109.90669278572639,2197600
2017-02-03,110.314453125,110.70621055129662,109.50696656802931,109.73881503708445,2654700
2017-02-06,109.12321472167969,110.25049482350595,109.09122804967072,109.87473072311687,3864100
2017-02-07,109.25113677978516,110.09061012153798,108.99530437239268,109.65888759685092,3242000
2017-02-08,110.23450469970703,110.25848860208794,109.38704095067546,109.44299932311756,2882700
2017-02-09,110.89810180664062,111.24986981911107,109.85875450792574,110.23451862514837,2931900
2017-02-10,111.80951690673828,112.3851549842904,110.53031846788016,110.81014693867427,3297000
2017-02-13,111.82551574707031,112.44912172992517,111.16993528788495,112.31320885667141,2753000
2017-02-14,113.01677703857422,113.02476760836632,111.4017913885178,111.88948453138588,4775800
2017-02-15,113.68031311035156,114.05607712339317,112.68893389731909,112.94477841655512,4343500
2017-02-16,113.16064453125,114.3199233479031,112.64896764226063,113.84022092726462,4295800
2017-02-17,114.32792663574219,114.42386225080834,112.72893465482272,113.01675369936186,5108400
2017-02-21,115.94293212890625,116.44660639499463,114.5278205637166,116.40664134798938,9275900
2017-02-22,116.12680053710938,116.302690642958,115.10344657544913,115.96690376797649,5037800
2017-02-23,115.69508361816406,116.99026336972484,115.53517464198048,116.81437325539657,4184000
2017-02-24,116.68640899658203,116.79034735385922,115.64706202182319,115.64706202182319,3516900
2017-02-27,116.16679382324219,116.73442926196233,115.76704574552927,116.62250028817645,4388400
2017-02-28,115.8549575805664,116.4305956233134,115.50317742118327,115.91091595173752,4211900
2017-03-01,117.27007293701172,118.08556231116211,116.63847643503124,117.30205961014622,6213500
2017-03-02,118.28545379638672,118.5093117440361,117.03824174538498,117.58989604471495,4053400
2017-03-03,118.17349243164062,118.53326316322648,117.38199926201969,118.285421374786,3412300
2017-03-06,117.6298599243164,117.93366013340477,117.19013464878374,117.6298599243164,3998000
2017-03-07,117.45289611816406,118.2009465903129,117.30006543497187,117.702246275547,3996300
2017-03-08,118.17681121826172,118.33768109228299,117.37244957457065,117.6137605223949,3614500
2017-03-09,117.93550872802734,118.36987091997763,117.86311912056414,118.30552051103739,3594000
2017-03-10,118.12052154541016,118.61118267747,117.79876949855951,118.43422212009854,3123200
2017-03-13,118.58702087402344,118.78007207012787,117.83897050208797,118.50659208083427,2933300
2017-03-14,118.36988067626953,118.71575034504693,117.80682989361644,118.45836096165691,3272500
2017-03-15,119.00532531738281,119.35120727208471,118.04813281593536,118.52271560371642,3670500
2017-03-16,119.6327133178711,120.00272510369257,119.05357190659392,119.36727248157025,3544500
2017-03-17,120.3324966430664,120.6461971666693,119.15008414481314,120.17161450904759,9002000
2017-03-20,118.8846435546875,120.3244453773753,118.80420248754093,120.15553631938461,5906100
2017-03-21,117.9274673461914,119.60858032528006,117.6459358464883,119.31097042882871,4530000
2017-03-22,118.5307388305664,118.98921861044634,117.48506618148514,118.02398703959645,3169000
2017-03-23,119.03752136230469,119.37535188566571,118.26532854205912,118.46641901598272,3219400
2017-03-24,118.81228637695312,120.77491885085709,118.2492233004598,118.9248965375344,4735400
2017-03-27,118.13658905029297,118.78812000891374,117.6459279634724,118.29747119567766,2943000
2017-03-28,118.40202331542969,118.52268491779684,117.38853213289823,118.4744129126997,4635600
2017-03-29,118.2732925415039,118.57895379506928,117.40459304725199,117.73437188687808,3730000
2017-03-30,118.200927734375,118.5468095843573,117.78265629029752,118.01592801382628,2450800
2017-03-31,118.1043930053711,118.38591214831457,117.9596015623182,118.13656206294858,3248700
2017-04-03,117.93550872802734,118.40203998765499,117.50919800818554,118.19291036378833,3775300
2017-04-04,117.71025848388672,118.16069895827498,117.47699905021508,117.83895926902119,3124200
2017-04-05,117.95158386230469,119.39943718878801,117.90332413035256,117.94354466484063,3390400
2017-04-06,118.43418884277344,119.01333009079342,118.24113766890605,118.27330672775953,2699100
2017-04-07,118.34574890136719,118.88466980420772,118.1607368607965,118.32161903061211,2869100
2017-04-10,119.21443939208984,119.84987966240612,118.04006604334295,118.20898738149918,5044500
2017-04-11,119.20637512207031,119.5683353523035,118.32158481189836,118.97311568103467,2844800
2017-04-12,117.87113952636719,118.6996432383899,117.73439953176481,118.57898163826998,4445600
2017-04-13,117.36447143554688,118.24926233976916,117.33229007984947,117.77469166875612,2346900
2017-04-17,118.49053192138672,118.49053192138672,117.24376870689747,117.35637886522372,3467700
2017-04-18,118.85248565673828,119.19031611292526,118.05617539343544,118.28943489642666,2969400
2017-04-19,118.41810607910156,119.36724679839655,118.2572362269343,118.98919589533283,3461000
2017-04-20,119.62461853027344,119.89005924322518,118.59503700501932,118.7719974803205,3700500
2017-04-21,120.65425872802734,120.77490807732102,119.36727505882736,119.43967694198946,5019900
2017-04-24,122.17447662353516,122.31121661564335,121.3379460031135,121.52294572495595,5077200
2017-04-25,123.09146881103516,124.39453082522824,122.89841758636065,122.89841758636065,5496500
2017-04-26,124.04866790771484,124.52323838629384,122.58472365687463,123.15582588981206,5120200
2017-04-27,125.57694244384766,125.69760406085373,123.7832193213418,124.42671112461841,5881400
2017-04-28,125.56088256835938,125.68153192957693,123.95215895966079,125.48848067804175,4983000
2017-05-01,124.0406265258789,125.69760970910298,124.04062652587889,125.65738916829362,3152900
2017-05-02,124.63584899902344,124.8047703645855,123.67865656587277,124.26584947230445,3295100
2017-05-03,124.67603302001953,124.98973351538467,124.3462418579842,124.80473380621612,2445500
2017-05-04,124.56346893310547,125.19087015569278,124.08084694330581,125.04609092290511,3793100
2017-05-05,125.26323699951172,125.279327669203,123.94408437727698,124.94953644524811,2500600
2017-05-08,126.19635772705078,126.41353891060531,125.07025580045413,125.35982662066334,3184600
2017-05-09,126.83172607421875,126.8799980780797,125.71366398631824,126.31693516195341,3004400
2017-05-10,127.19371795654297,127.20979635336016,126.52609628106892,126.70305683474085,2617600
2017-05-11,125.64126586914062,126.84780813857587,124.94147528041464,126.56628897319058,3929100
2017-05-12,126.22042846679688,126.44564874659181,125.279326810457,125.79411777478612,2926400
2017-05-15,126.55025482177734,126.96047495809374,126.01133384025214,126.51003427345107,6068900
2017-05-16,127.29825592041016,129.38960088343342,127.12934686621149,128.78632971412864,10120900
2017-05-17,125.55282592773438,127.29828949850233,125.391956028203,127.29828949850233,5937000
2017-05-18,125.23908996582031,126.01932164550993,124.86909052872856,125.06212944422577,4858600
2017-05-19,125.72171783447266,126.0756388946446,124.93344692000662,125.51257596787084,4781800
2017-05-22,125.4482421875,126.28477286213328,125.31954138414591,125.8745528592243,3802100
2017-05-23,124.53932189941406,125.82629323888962,124.41866028179783,125.40803399719238,4640900
2017-05-24,124.67603302001953,125.02190257514256,123.30056944890623,124.43472211429653,4558700
2017-05-25,125.85044860839844,126.03544837988471,124.95760654797458,125.64130669198326,3110800
2017-05-26,124.5956039428711,125.81823698215693,124.38647435037608,125.56084765859258,4284700
2017-05-30,124.49047088623047,125.04059179681703,124.1992267734159,124.58754814233075,3504300
2017-05-31,124.19110870361328,124.89495573014266,124.00503987798449,124.87877207523658,7158400
2017-06-01,125.51788330078125,125.52598130041395,123.56817878860434,124.19920553437306,3385100
2017-06-02,125.67969512939453,126.09228574168003,124.92730948991904,125.22663920797842,3485600
2017-06-05,125.22666931152344,125.89814918317968,124.77362562571068,125.82534123607005,2651800
2017-06-06,124.74930572509766,125.12145565583388,124.30434787677486,124.94347251650477,3260300
2017-06-07,125.36417388916016,125.63923428008864,124.87067737860687,125.14573776953536,3159000
2017-06-08,124.18299102783203,125.58257437578753,124.0859138124504,125.36415064117888,4041600
2017-06-09,123.74615478515625,124.58751961591268,123.60052658983614,124.58751961591268,4705300
2017-06-12,123.11516571044922,124.02126552430288,122.75111359112717,123.61676042627482,4473900
2017-06-13,124.57941436767578,124.61985497908843,123.01801914956593,123.22027158466504,3753800
2017-06-14,126.82036590576172,127.24105443865892,124.5551484467213,124.9920082868193,5999400
2017-06-15,126.82849884033203,127.233003832945,125.331825429859,126.31073294356796,3972300
2017-06-16,126.7232894897461,126.76374244702372,125.72821093216545,126.40777617419567,9105400
2017-06-19,128.47882080078125,128.65680391170122,126.52101892516932,126.94170740048082,5196100
2017-06-20,127.55663299560547,128.81060123757428,127.5000087024216,128.41418180722465,4201200
2017-06-21,126.682861328125,128.25234255942013,126.55341677730416,127.75076035562915,4071300
2017-06-22,125.78484344482422,127.07117844134869,125.77675779064225,126.56149830415012,3347400
2017-06-23,122.41131591796875,125.58263401987278,122.08771681666782,125.52600973217662,11422200
2017-06-26,122.50030517578125,122.94526318993186,122.26569768350957,122.70255769634842,4128500
2017-06-27,123.1636734008789,123.98076896766939,121.9582441884252,122.20903528592962,4567100
2017-06-28,123.96463775634766,124.14262099977807,123.26080278565624,123.5763162909162,5087000
2017-06-29,123.09892272949219,123.77848793586976,122.58115699922706,123.59241915556586,2855400
2017-06-30,124.10211181640625,124.58752268675654,123.18793903771261,123.38209351024375,3640900
2017-07-03,124.59563446044922,125.2266613174793,124.3529413189098,124.90306223241755,1658500
2017-07-05,123.52770233154297,124.82211054190645,122.53262378238374,124.59558879648011,4432500
2017-07-06,123.00994873046875,123.357817036557,122.33846908143856,122.78342696266465,3408500
2017-07-07,123.15559387207031,123.67335979943056,122.88861907982798,123.00187999067198,3775400
2017-07-10,122.30610656738281,123.17983871079694,122.16049071573595,123.1474837474902,5081100
2017-07-11,121.8369369506836,122.81583234675608,121.75603099560453,122.52458819079328,5642000
2017-07-12,123.44684600830078,123.89180402431708,122.23333087980956,122.53267300577374,4275900
2017-07-13,124.0131607055664,124.69273861473317,123.45495407036248,123.63293729127338,3288000
2017-07-14,123.68144989013672,124.32056234377167,122.8239012850894,123.95651032109289,3588400
2017-07-17,124.49854278564453,124.9920393571458,123.55200260971831,123.69761847777818,4166600
2017-07-18,123.10704040527344,124.4742691714079,122.95332654240455,124.38527758472127,3783600
2017-07-19,124.02117156982422,124.5874758091463,123.41441438244202,123.41441438244202,2808400
2017-07-20,118.94873046875,123.43065244845197,117.79993783550285,123.42255444856576,18264100
2017-07-21,118.64130401611328,119.2966124438238,118.22062773091936,118.94873174680373,9120200
2017-07-24,116.96665954589844,118.67367102678789,116.69968478221293,118.60894874972666,7295900
2017-07-25,118.90018463134766,119.2480529590055,117.53295594085537,117.90510592218614,5002400
2017-07-26,118.67365264892578,119.12669617368368,118.0830789359028,118.81118283719084,2836000
2017-07-27,119.51504516601562,119.62022041742358,118.02646971222708,118.26107718323742,5399000
2017-07-28,119.79818725585938,119.95190111170216,119.18334417699968,119.65255905497781,3421100
2017-07-31,121.02790069580078,121.3353161009173,119.36132972974235,119.7334797605839,5253300
2017-08-01,121.23014068603516,121.66700060849772,120.50202435591538,121.5456540590669,4110600
2017-08-02,121.75601959228516,122.04726372097088,121.28679225470738,121.3029759131106,3754200
2017-08-03,121.99061584472656,122.99379271651596,121.75600836981906,121.91780790539457,5146600
2017-08-04,123.57628631591797,123.57628631591797,121.9987191722771,122.16860437146944,3258600
2017-08-07,124.0616455078125,124.96773244402823,123.34971300392377,123.64095699692291,3833600
2017-08-08,124.0616455078125,124.7492963631517,123.84320942693597,124.03737620377163,3218900
2017-08-09,125.6069107055664,125.8577142199828,124.03744139319816,124.06171070999407,3844900
2017-08-10,124.49047088623047,126.189384590554,124.49047088623047,125.55027208037096,4433700
2017-08-11,125.29949188232422,125.97905742340453,124.57137536443976,124.67655063074321,3650500
2017-08-14,124.7978515625,126.24598606684077,124.23154715207777,126.2378880680781,6662500
2017-08-15,121.48902130126953,125.23474127657491,119.9438093520062,124.81405265099016,13528700
2017-08-16,123.17176055908203,123.73806503527892,122.2899427072532,122.52455015292342,6043900
2017-08-17,121.08451843261719,123.0908596637105,121.03597981045955,122.81579924180906,4460900
2017-08-18,119.32083129882812,121.03592771425265,118.892057194972,121.03592771425265,6989100
2017-08-21,120.70428466796875,121.25441786495082,118.83547361838448,119.00537114312507,4222500
2017-08-22,121.27865600585938,121.82069106336778,120.77706156071741,120.77706156071741,3268100
2017-08-23,120.62339782714844,120.93081323769474,119.27234024281523,120.20270916409551,5235400
2017-08-24,119.93572235107422,121.83690062800224,119.7172862130946,121.13305359329277,3736000
2017-08-25,121.06834411621094,121.78027688147377,120.05708159487769,120.14607319053555,3048000
2017-08-28,122.47599792480469,123.28500775648833,121.69934305480385,122.92095580113276,6845400
2017-08-29,121.93885803222656,122.80147745942142,121.2796870517289,122.12603954379354,5368700
2017-08-30,122.06912994384766,122.27257849375407,121.48319712671606,122.06912994384766,3641000
2017-08-31,121.96332550048828,122.82594531419686,121.94705855806936,122.5655376428477,6083300
2017-09-01,122.703857421875,122.83406744111757,121.87378407109225,122.2806810680921,3383000
2017-09-05,124.45353698730469,125.25919768933807,123.4525736308489,123.46071951979226,7488800
2017-09-06,127.40757751464844,127.79006166061492,125.44633113511992,126.024130297381,8126000
2017-09-07,128.52252197265625,129.6211491945197,127.59479700969945,128.71783706604742,8273100
2017-09-08,129.9303741455078,130.76858110839052,128.1888551990557,129.46650552968242,10088600
2017-09-11,128.88059997558594,129.1817123120343,127.13094718865672,128.92129217429687,8847900
2017-09-12,130.1338348388672,130.96389599078302,129.1572842723394,129.4421047947565,5794600
2017-09-13,130.22332763671875,131.33008804378886,129.8408434389989,130.52442746225967,4713700
2017-09-14,129.70254516601562,130.89882383260579,129.66185296573727,130.49192666485447,5290800
2017-09-15,128.9049835205078,130.1989256074081,128.81546567069097,130.1907797190075,9124200
2017-09-18,128.4248504638672,129.39326747136693,128.32719914126656,129.39326747136693,4010600
2017-09-19,128.30274963378906,128.83985658958036,127.89585268258524,128.41668028342573,3713400
2017-09-20,129.13287353515625,129.71067295173586,128.05867151650088,128.2295737831701,4599200
2017-09-21,129.54788208007812,129.84898191723187,129.1653978676066,129.287462013071,3082100
2017-09-22,130.1826629638672,130.28031429711046,129.40141504537777,129.5072122680676,3576500
2017-09-25,131.10220336914062,131.37074443101034,130.0035766278172,130.24771728339016,4897700
2017-09-26,131.23245239257812,131.83466459002295,130.84996811302074,131.46845967188688,3222600
2017-09-27,130.95574951171875,131.582374466819,130.32099108564788,131.33010027408736,3966200
2017-09-28,132.12762451171875,132.20086300824218,130.7441768792722,130.79300254362116,4614100
2017-09-29,133.10415649414062,133.1448486812628,131.95670387186064,132.24153676420374,3467400
2017-10-02,133.47854614257812,133.66571535688885,132.8275082113702,133.62502315790417,2721400
2017-10-03,134.41433715820312,134.5038549840269,133.46219978399162,133.51102543125742,3046400
2017-10-04,134.5120391845703,135.15494356273626,134.20280582942164,134.67480796019126,2746500
2017-10-05,135.18748474121094,135.29328195785004,133.67382707493687,134.3330107891723,3504900
2017-10-06,134.96778869628906,135.60254725253415,134.87827082720244,135.2363298860335,2916300
2017-10-09,134.85377502441406,135.60246382455423,134.61776787042498,135.20370039531866,2131800
2017-10-10,134.40623474121094,134.92706246155478,133.98305833795894,134.84567808563668,2755400
2017-10-11,134.47950744628906,134.98405593632523,133.82846952582963,134.4306817753198,2319300
2017-10-12,133.94236755371094,134.6096846741984,133.84471623559568,134.6096846741984,3397800
2017-10-13,133.84471130371094,135.14678677899383,133.74705998919393,134.21091615066175,3259000
2017-10-16,133.64122009277344,134.00742482273375,132.85997257368444,133.84466854469673,2586700
2017-10-17,132.93328857421875,134.21093902108032,131.43589779722467,133.6412855601384,4189200
2017-10-18,133.0146484375,133.6575527558077,132.93327647477992,132.99023560693269,2757900
2017-10-19,132.84373474121094,133.55173153540758,132.46125057440082,133.0553167072611,2676100
2017-10-20,132.99835205078125,133.58428474440888,132.43684460210687,133.4378077797577,4166500
2017-10-23,134.06443786621094,135.30954178415962,133.25877727679807,133.49477209040748,3995100
2017-10-24,135.11424255371094,135.46418049744835,133.99120264626933,134.00748200627214,3686700
2017-10-25,135.1468048095703,135.86293524075745,134.58528484115843,135.17935111291413,4189400
2017-10-26,136.43260192871094,136.66860921654705,135.17936423930442,135.40722563737833,3750500
2017-10-27,136.18031311035156,136.51397169947754,135.46418268632908,135.74086972328126,3720400
2017-10-30,134.5283203125,135.89550105708446,134.17839475885023,135.89550105708446,3906300
2017-10-31,134.91075134277344,135.36647393860108,134.3573774528426,134.60150568810064,2922400
2017-11-01,134.5852813720703,135.69204191993734,134.3736869444917,135.4316218298447,3568300
2017-11-02,132.4124755859375,134.2841925358359,130.6383975606009,134.2841925358359,6518900
2017-11-03,133.7795867919922,134.2678681284422,132.3879936753668,132.65654716866328,3080900
2017-11-06,133.64122009277344,134.17832698605287,132.65652412176115,134.11322199133645,3275500
2017-11-07,133.18553161621094,133.78773124074178,132.51008109294395,133.5354570826263,3198100
2017-11-08,133.50296020507812,134.01564218094543,132.86820163113512,132.92516077622446,2912900
2017-11-09,132.8681640625,133.57616094459195,132.06250344605886,133.5436146448171,3405200
2017-11-10,133.55172729492188,133.93421144958748,132.59144396485382,132.92510246871282,3554900
2017-11-13,134.5608673095703,135.6106562965564,133.6656887799595,133.98306800091004,7189300
2017-11-14,136.7662353515625,136.8313403700888,132.7705033142884,133.152987537185,10284000
2017-11-15,134.65850830078125,136.26168364237552,134.56085698413992,136.26168364237552,5534500
2017-11-16,136.31053161621094,136.52211364274288,135.13866595461855,135.6432143965486,4587900
2017-11-17,136.505859375,137.06736700726685,135.13867850368015,135.90364712700588,4530100
2017-11-20,138.71119689941406,138.9065119467316,136.5546475785648,136.83133458246394,4699900
2017-11-21,140.67242431640625,140.67242431640625,138.46703722276183,138.77628290093236,6229000
2017-11-22,140.0214080810547,140.7375508484498,140.00512872247418,140.69685866075469,4133500
2017-11-24,140.24114990234375,140.86777488610892,139.76101432534148,140.06211419269655,1853600
2017-11-27,141.7303924560547,142.34073806989764,140.28183985926847,140.68059104643737,4539100
2017-11-28,143.691650390625,143.85440674999492,140.77826561310084,142.3244696533864,6049000
2017-11-29,144.9757843017578,145.94092034487045,143.6916486561267,144.41960674750766,4902200
2017-11-30,147.0778045654297,147.77302635528144,145.10662208750554,145.64645016933386,9180700
2017-12-01,147.56857299804688,147.71580453724684,144.52592097908328,147.48678879219986,4683400
2017-12-04,151.23280334472656,152.38606896715007,149.83417267959106,149.83417267959106,6193800
2017-12-05,149.55615234375,151.24105963615875,149.07357175150406,149.4498191230208,6347600
2017-12-06,147.87937927246094,148.98355960858913,146.14538694304244,147.42952247755468,6892500
2017-12-07,148.86082458496094,149.33521772139824,147.03687402000267,147.26588967477693,5484300
2017-12-08,150.0141143798828,150.41488560062808,148.99171844056258,149.26980714075708,5092100
2017-12-11,149.0653533935547,149.64607987758436,148.14110331293526,148.74636630526268,6038900
2017-12-12,148.6973114013672,149.8505773535248,148.58280352188916,149.47433004642681,5275500
2017-12-13,149.7032928466797,150.22675903631654,148.86083964273942,148.86901431680212,5177400
2017-12-14,148.96717834472656,150.49667863933797,148.90991818290402,150.16132978402587,3542500
2017-12-15,149.3352813720703,149.850573055152,148.96722123290732,149.67063032393054,8202200
2017-12-18,151.09375,151.69901285697352,150.0877159435062,150.0877159435062,5011900
2017-12-19,152.11619567871094,152.72145873381055,150.98747873869084,151.5109451040339,4576300
2017-12-20,153.2039794921875,153.68654736378434,152.16522175875562,152.9504273047525,5383700
2017-12-21,153.8337860107422,154.45539825657232,153.31031978256433,153.67837982917982,5859100
2017-12-22,153.8746795654297,154.1445935860091,153.17127067312487,154.1445935860091,3256600
2017-12-26,155.69862365722656,155.74769666240564,154.04642842716004,154.2018345971727,2969200
2017-12-27,155.55958557128906,156.6228798211283,155.41235406941277,155.8949344273894,5912600
2017-12-28,155.22425842285156,156.20575614441702,155.1097505633426,156.14850845487288,3175700
2017-12-29,155.01980590820312,156.00949095616085,155.01980590820312,156.00949095616085,4637800
2018-01-02,153.7929229736328,155.99312156404852,153.7765611401291,155.57598841287057,4684700
2018-01-03,154.594482421875,154.88075835431272,153.6211717085163,153.76839077290882,4530500
2018-01-04,155.82135009765625,156.11580069215745,154.1528050490973,155.29788376081208,4047400
2018-01-05,157.44900512695312,157.48171631195765,155.82134598359804,156.16486958804262,4224800
2018-01-08,157.07272338867188,158.44682998533457,156.7128505109072,156.81099652480492,3508500
2018-01-09,157.9397430419922,158.2423682718643,156.74557899259204,157.6125688255167,3012300
2018-01-10,156.87643432617188,158.03787460745133,156.75373932606163,157.66162741303336,3119500
2018-01-11,159.2320098876953,159.27290821690974,156.54924423274468,156.77825989984404,3899200
2018-01-12,160.6552276611328,163.10897823376467,159.34656817731496,159.90274564984287,6748400
2018-01-16,160.56524658203125,162.72454645594007,160.06631682993316,161.83302013051858,5692700
2018-01-17,163.4361114501953,163.4361114501953,160.9987108404852,161.53853882629355,3996100
2018-01-18,162.2174530029297,163.77967720720102,161.66945020214558,163.4034299586816,4474600
2018-01-19,164.6711883544922,164.6711883544922,162.87177391775413,163.42795134275218,5809600
2018-01-22,167.23126220703125,167.2394368814831,164.81839783889893,164.8920198306417,4857700
2018-01-23,167.5911407470703,168.7771300448363,166.97770317115803,167.5829660723425,3621700
2018-01-24,168.6708221435547,169.39059300087067,167.3049024341819,167.83654342079492,4370700
2018-01-25,167.97552490234375,169.1696886066514,166.7241135269591,169.14515210755889,3537700
2018-01-26,169.49688720703125,169.56232204568494,167.214904930924,168.1636913707732,3778100
2018-01-29,167.60751342773438,169.80771167264615,167.4357578843945,169.4968992869946,3632900
2018-01-30,165.06381225585938,166.15981793752485,156.68835095068812,164.78572349730337,5979600
2018-01-31,164.31942749023438,167.73832510885322,163.7714249074303,166.21699984897324,4547300
2018-02-01,163.5015106201172,165.42361947265806,162.17648982499634,163.04347935663915,3553800
2018-02-02,158.6513671875,163.01086645175246,158.21787216036185,162.9699681041987,6179000
2018-02-05,149.76873779296875,158.92122829574532,147.5358285420766,155.46144391001275,10618500
2018-02-06,156.2548370361328,157.00733155703855,143.4789792193576,146.09631076896042,11682700
2018-02-07,156.45925903320312,159.10113860519976,155.17513647652706,156.00122773960106,6016800
2018-02-08,148.22291564941406,156.33665056793,147.9857127369209,156.33665056793,7241800
2018-02-09,150.5948486328125,152.13253632705724,143.78159967492337,149.8832649566303,9059200
2018-02-12,150.5457305908203,152.9585821158913,150.01408978171585,152.58234746094826,6783700
2018-02-13,150.2676544189453,150.48849541848926,147.9529487019393,149.86687075020524,4273800
2018-02-14,151.06106567382812,151.3636909158966,148.08384882622522,148.76272131229888,6767000
2018-02-15,151.53546142578125,153.105860312586,149.89144053583524,152.73780021856348,5113300
2018-02-16,152.92587280273438,153.76015125708642,151.20006821993704,151.36364904931145,7619200
2018-02-20,152.7132568359375,156.58199994770618,152.38608261565258,155.32240104034497,8922100
2018-02-21,149.72784423828125,153.75199331135596,149.56426337783165,153.122206374604,7527200
2018-02-22,151.69903564453125,152.3124732677834,149.60517055403122,150.26768119027628,5653900
2018-02-23,154.05465698242188,154.1037300007889,151.82173480334916,152.2961281149331,4315400
2018-02-26,154.14462280273438,155.23244128522995,153.65386767585923,154.7253368064346,4648000
2018-02-27,151.29824829101562,154.79075657050583,151.2818989406887,154.47994418841319,4618800
2018-02-28,149.0817108154297,152.66417820555034,149.0817108154297,150.83205241127376,6419900
2018-03-01,146.9305877685547,150.82386762293436,145.79368380500043,149.47430976361193,6123900
2018-03-02,145.96542358398438,146.5624992960546,144.23143164803196,145.36016071723265,5671000
2018-03-05,148.64820861816406,149.07351638226203,145.3438176483547,145.47468733596347,5748600
2018-03-06,148.56640625,149.6787735912061,146.82423948167948,149.474294392311,5306800
2018-03-07,146.89659118652344,148.0646552943204,145.44885240888698,147.09401524549054,4799200
2018-03-08,146.37008666992188,148.04814663395746,145.37475799087318,147.6039583513454,4750700
2018-03-09,149.8414306640625,149.90723868217833,146.35368101349889,147.24207043066875,4477200
2018-03-12,147.82608032226562,150.58171994827646,147.69446431134145,150.0634897500085,4993300
2018-03-13,146.70742797851562,148.84613252880385,146.30435849078194,147.72742109193356,6128100
2018-03-14,145.9341583251953,147.78496633744845,144.68383117580433,147.32432279598734,4531500
2018-03-15,146.47706604003906,147.94948112399376,145.36657620432476,146.16448111261826,3936700
2018-03-16,147.20913696289062,148.39364334665282,146.39477705693568,146.77315737975619,8410900
2018-03-19,145.67916870117188,147.5053003849765,144.7743241545675,146.95415981012007,4744500
2018-03-20,146.55108642578125,147.15156725625948,145.72850513136387,146.12334063823778,4148300
2018-03-21,146.4359893798828,148.17985846771148,146.15630207864996,146.7074428315618,3494400
2018-03-22,144.1902618408203,146.88010604371837,144.0175268071517,145.9423639204503,5255100
2018-03-23,141.3195037841797,145.64627794255745,141.12207970619988,144.97176764142213,6021300
2018-03-26,145.0868682861328,145.43235086540065,142.73428567832514,143.21960554789717,7323600
2018-03-27,143.68849182128906,147.0199485122612,142.80011508518442,145.9094713163333,4713900
2018-03-28,143.75430297851562,146.032856686181,143.0633377012579,144.14915103831532,4318600
2018-03-29,146.61685180664062,146.945879208105,144.3629751966782,144.5274888974104,4423500
2018-04-02,142.2242889404297,146.16446004146493,140.18429101460143,145.7202591505774,7229300
2018-04-03,142.9316864013672,143.90233861929468,141.83765203995338,142.12556044354332,5283300
2018-04-04,145.95884704589844,146.28787458846475,140.1843220472075,140.49690699876285,4757300
2018-04-05,147.3489990234375,148.0975385014546,145.85189496421302,146.41947809542242,3799900
2018-04-06,143.49929809570312,146.8472098439793,142.59446624192674,146.4030089353088,5236900
2018-04-09,141.9034881591797,144.23962846880912,141.78832728523693,144.00107287533157,5079800
2018-04-10,142.7095947265625,143.28539896675207,141.68136838637005,143.15378298282556,4783000
2018-04-11,142.19139099121094,144.00106717507325,141.3194569013605,141.48397063596735,4228400
2018-04-12,142.60269165039062,143.3265671955725,142.22429873770167,142.5615600759427,3396700
2018-04-13,142.14202880859375,144.37121675231953,141.67315151652596,143.53219299534442,4311200
2018-04-16,143.4828338623047,144.44526491956165,142.56978077238188,143.31832013128056,3534200
2018-04-17,143.87770080566406,144.97173546070377,143.21141194883114,144.57688739239222,3106500
2018-04-18,147.94129943847656,148.27032704373167,143.94355253179384,143.9517738288657,5858900
2018-04-19,145.66273498535156,147.8178945204294,144.58515521781266,147.65338072910092,5407300
2018-04-20,145.6051483154297,147.1516055680741,145.0375776178506,146.2961263218524,5008600
2018-04-23,146.1398162841797,146.73207590339067,144.88126773125543,146.10690599889227,2987700
2018-04-24,144.98814392089844,148.0646018331151,143.9928277930228,147.4887975585269,4435400
2018-04-25,145.91770935058594,146.47707121142437,143.58158126210907,144.84012975950097,5587300
2018-04-26,152.769775390625,152.94251040686115,146.4852557747001,146.7978406347746,8782500
2018-04-27,153.37850952148438,153.85559561390895,151.24801448749196,152.58060468340415,4382400
2018-04-30,152.01303100585938,154.48077497494282,152.01303100585938,153.81448611154548,4173200
2018-05-01,151.87318420410156,151.95543480031165,149.21623765947442,151.95543480031165,3423900
2018-05-02,152.9261016845703,153.921418088485,151.14932295742264,151.75803767457379,3866500
2018-05-03,150.68865966796875,152.0952665623151,149.05171847849144,152.07059012919277,4123900
2018-05-04,152.20223999023438,153.28805349547713,149.5782032374942,150.3267553462664,3896200
2018-05-07,150.9929962158203,152.5888056797011,150.26089948308652,152.50654254279473,3582300
2018-05-08,152.21041870117188,152.42429784475235,150.1210679899307,150.90251761435425,4168200
2018-05-09,153.2962646484375,153.4114255381986,151.00126814834294,152.20222991990929,3392300
2018-05-10,153.95433044433594,154.62061933808903,152.9014273070183,152.97545661708077,3850100
2018-05-11,156.54542541503906,156.94849471968482,154.11059210357618,154.3409138343472,5355100
2018-05-14,157.17880249023438,157.6476672035202,156.17525251603934,157.524285055706,7035900
2018-05-15,154.62884521484375,156.0354649056866,153.08240074635904,155.87917243430454,10147000
2018-05-16,153.31268310546875,155.6981634875465,152.9178351051141,155.6981634875465,5044800
2018-05-17,152.4490203857422,153.9707885248169,152.0706273991396,153.20579380735066,4227700
2018-05-18,154.16819763183594,154.8180439378559,152.62997449869272,152.79448826106386,4697900
2018-05-21,156.1177215576172,156.84159722084638,154.64530634438103,154.80982011740687,4147800
2018-05-22,153.71578979492188,156.93208624018732,153.4278938216577,156.3398265988025,4585600
2018-05-23,153.55125427246094,154.08593966411388,152.16108982639614,153.9049707686738,7387400
2018-05-24,153.94607543945312,154.15995459680988,151.90607746022573,153.64994568830772,3941300
2018-05-25,153.69931030273438,154.5054364065726,153.0412427978977,153.58414943075746,2730400
2018-05-29,152.1775360107422,153.68286125152622,151.56060005394187,152.62995822271458,4725500
2018-05-30,154.7583770751953,155.34568526324045,152.21064018870888,152.88893943062388,3976000
2018-05-31,154.31170654296875,154.9817258595997,153.23636113344784,154.81629101702788,4839900
2018-06-01,154.9734344482422,156.19766723923942,154.28686796750344,154.85762881425418,3706200
2018-06-04,158.29049682617188,158.43938442014976,155.48633354274617,155.69313028229635,4103300
2018-06-05,158.77023315429688,159.13419735832912,156.91733021643674,157.52945297975174,4231300
2018-06-06,160.1350860595703,160.1350860595703,158.16639010175504,159.7049580207793,4134700
2018-06-07,162.26919555664062,163.12119675407592,160.33358192102247,160.33358192102247,4378700
2018-06-08,164.05589294433594,164.19651312861336,161.30962782494964,162.02100868897085,4006200
2018-06-11,165.13954162597656,165.86746991399787,164.06419646099965,164.53569890806796,4243000
2018-06-12,166.52093505859375,166.54574964723673,165.03199663068588,165.3049697276245,4616700
2018-06-13,165.6937713623047,166.74430204032907,165.15610503818885,166.51269076638368,5128100
2018-06-14,165.16436767578125,166.2645275067435,163.9153202965929,165.65240480190113,4305900
2018-06-15,165.88401794433594,166.76084646287023,164.1965626026957,164.56879409933586,7820900
2018-06-18,166.0081329345703,166.1901150534998,163.87398932138157,164.56055592973013,3396300
2018-06-19,164.78392028808594,165.35466868961328,163.86574225519917,163.95673332591304,5501100
2018-06-20,164.67637634277344,165.5449251478868,163.8822713324744,165.43738680746324,3389600
2018-06-21,165.6937713623047,166.21490303961568,164.28755644995982,164.7838735351958,4695100
2018-06-22,163.29498291015625,166.43001597539018,163.09645349332055,166.09086628816436,6785800
2018-06-25,162.44293212890625,163.6506176719816,161.35103959990013,163.29493344084236,5127200
2018-06-26,162.42636108398438,163.22873309476103,161.79770381261812,162.60834314551303,3270600
2018-06-27,161.3179473876953,163.7746927992758,161.30966744302768,162.67453301716512,3771700
2018-06-28,161.4751434326172,162.13688278598607,160.06891575203554,161.30142864814295,2994000
2018-06-29,161.3841552734375,164.46955860931968,161.29316421743655,162.01281271916352,4106600
2018-07-02,160.49078369140625,160.62312398449455,158.91912122549647,160.32534885864433,3822800
2018-07-03,160.1598663330078,161.888695929125,159.98616421429827,160.83816540723035,1608400
2018-07-05,160.8133544921875,161.08632759254658,159.7545566239338,160.87953093668662,3040600
2018-07-06,160.87127685546875,161.59093791642917,159.6056821278875,160.9540005798586,2552400
2018-07-09,162.19476318359375,162.71589482281274,161.32621465885106,161.88042821112936,2575100
2018-07-10,163.4603271484375,163.5844000764972,162.44289127275448,162.59177878642612,2842400
2018-07-11,162.91439819335938,163.5844173192346,162.0872115941325,163.13774210927306,3309300
2018-07-12,163.74160766601562,164.18001561509877,162.95578281134962,163.9484043447102,2709200
2018-07-13,164.35372924804688,165.37943268931986,164.16347983907968,164.16347983907968,2308100
2018-07-16,164.51089477539062,164.79213522386962,163.6919753993129,164.7259587733097,2530500
2018-07-17,166.34719848632812,166.62015890486853,164.30404696543619,164.30404696543619,4662800
2018-07-18,166.2397003173828,167.02552510227088,165.5944957468965,166.2810621738225,3787800
2018-07-19,167.6128692626953,168.1091737812395,165.89231916362996,166.1735596529919,3691100
2018-07-20,167.46395874023438,168.54757138735255,166.94283965900658,167.15790367492056,3564100
2018-07-23,167.28199768066406,168.24153748195042,167.00902449813245,167.4722597490731,2264300
2018-07-24,167.0834503173828,168.95288776295615,166.55405132082157,168.35731231409127,5058100
2018-07-25,166.2645721435547,167.3316377245842,164.66810743470413,166.5954418652413,4382700
2018-07-26,164.94107055664062,167.19102004004458,164.53575703460479,166.70298277537594,4280000
2018-07-27,163.0716094970703,165.84269039803732,162.69109800553116,165.6110790977506,3871200
2018-07-30,163.18743896484375,163.4273302463551,162.45951041663147,162.56704875812767,2331100
2018-07-31,163.38595581054688,163.8078165747993,162.8482767662843,163.5265760652977,2795900
2018-08-01,162.37677001953125,163.56792102116486,161.79774178870068,162.83999260419571,3086800
2018-08-02,161.84732055664062,161.99620807452763,160.10195646195308,161.38409811628344,3543500
2018-08-03,161.83084106445312,162.45949855080215,161.50823868539806,162.15344344350817,2309000
2018-08-06,161.87213134765625,162.1781863196025,161.3923616537166,161.81422223303693,2515700
2018-08-07,162.99713134765625,163.12120429598394,161.83079514590978,162.41810321901613,3052500
2018-08-08,163.79953002929688,164.53572576005845,163.20395453678543,163.31976018133662,2176700
2018-08-09,163.84915161132812,165.222284634319,163.81605707335328,164.6101619004649,2466000
2018-08-10,162.37677001953125,163.7250759094934,161.83082370680435,163.23703873078398,2873000
2018-08-13,160.59002685546875,163.44381847137126,160.47422122131778,162.37675317254192,5294400
2018-08-14,159.72975158691406,162.1120406220141,158.21599846087187,161.44202143645887,11488000
2018-08-15,160.46595764160156,160.62311251729113,158.0671085612722,158.6130548300921,6049300
2018-08-16,161.62400817871094,162.20303634208256,160.24260790971462,160.4907664431217,5690100
2018-08-17,161.76463317871094,162.11205008699153,161.15252308301697,161.7977277158049,3885800
2018-08-20,163.72503662109375,164.14690986236067,161.63225554637194,161.9962196675176,2956700
2018-08-21,165.62759399414062,166.04946730082006,164.1221207218157,164.46953763081373,4124600
2018-08-22,164.58535766601562,168.3738747030086,164.32065183302996,166.0991110159968,5007000
2018-08-23,165.56967163085938,166.60365487302573,164.72593777112925,164.9327344195625,3595000
2018-08-24,166.51268005371094,167.5053015384543,165.43733485279438,165.72685523753356,3054300
2018-08-27,167.07516479492188,167.8775368972506,166.42169286077268,167.77827853304242,2521300
2018-08-28,167.06687927246094,167.43911071955986,165.95845225332516,167.33985236616437,3516300
2018-08-29,167.68214416503906,167.93989711934904,166.87567187323762,167.2082375051853,2488000
2018-08-30,165.6700897216797,167.482606634611,165.53707108340208,167.11677683457538,2825400
2018-08-31,166.92555236816406,167.04195160585377,165.6950316422268,165.76986969161445,4023300
2018-09-04,170.50900268554688,171.20739812417784,166.70106657506037,166.85903969044332,4612800
2018-09-05,169.73577880859375,171.83097792970676,168.90435199554832,170.30115563847914,3667100
2018-09-06,171.1824493408203,172.18015888188867,169.44477051574842,170.10159205192747,3490400
2018-09-07,171.4651641845703,172.29659107559883,170.800020134434,170.81665222449348,3672700
2018-09-10,175.1732940673828,175.94651481154438,173.04484373776626,173.04484373776626,5586600
2018-09-11,177.80067443847656,178.47412829913148,175.8468158543559,177.09395639233003,5969500
2018-09-12,176.24583435058594,179.11425402652296,175.35621434812802,177.95026168127941,5660100
2018-09-13,174.14234924316406,175.7968932232818,173.51877911265387,175.7968932232818,4701100
2018-09-14,173.82644653320312,175.04032283164085,172.56267395874949,174.7576407003958,3622400
2018-09-17,173.26937866210938,174.63291841054033,173.15297939162997,173.83475560912996,3074700
2018-09-18,175.44764709472656,176.0379528843615,173.06976647859415,173.46053800088805,4338500
2018-09-19,175.99644470214844,176.81956192182514,175.1483983763133,176.26250740665452,2579100
2018-09-20,175.48092651367188,176.7696405038536,175.4393526391695,175.97978763456973,4020800
2018-09-21,176.5867462158203,176.81123501508236,175.02365969536388,175.68049400409473,9749200
2018-09-24,172.92849731445312,176.12948348623746,172.90355552067427,175.86343345707334,4623700
2018-09-25,172.48780822753906,174.01763048338805,171.9390634988434,173.63516857614275,4443300
2018-09-26,172.53773498535156,173.88464266871824,172.29661405032343,173.41904557750848,2965800
2018-09-27,171.97232055664062,172.795437676335,170.9995526987653,172.52106530310357,3218800
2018-09-28,172.2301025390625,173.6435386257706,171.56497107069345,171.63979645789954,3966100
2018-10-01,172.60418701171875,174.4250008176357,172.41294973748123,173.36909804897516,3670500
2018-10-02,170.23464965820312,172.97003844668987,170.16813398698648,172.5127638227469,4428000
2018-10-03,169.3948516845703,171.6563329397984,169.32001365247868,171.4069024348054,4162500
2018-10-04,165.32919311523438,169.41148829255272,164.8469641396732,169.3200308543159,5996200
2018-10-05,163.2755889892578,166.0359191982634,161.7707086037783,165.51212897338317,5016600
2018-10-08,164.96336364746094,165.1712203086709,162.17807931262172,163.159169350546,3731800
2018-10-09,162.75180053710938,165.60358844930605,162.61045949964392,164.58093700966398,4466800
2018-10-10,161.04739379882812,165.65350609536733,160.7564019852778,165.5454165347688,6157900
2018-10-11,157.7549591064453,163.5167419647009,156.6990432939294,161.05572521845602,5831400
2018-10-12,160.02471923828125,160.9559132063774,158.1041253357998,160.2575177303053,5450200
2018-10-15,158.94386291503906,160.7064837055096,158.55309129653793,159.93326285607102,3642800
2018-10-16,160.9475860595703,161.36329941977587,158.47824768502412,159.49258929885087,4057400
2018-10-17,153.95526123046875,158.5281075076233,152.9658615515616,157.6717391288267,8985700
2018-10-18,150.02267456054688,154.14654495414163,149.2660730231806,153.19871877857955,9262000
2018-10-19,149.53208923339844,150.47991511426505,148.4678641280943,149.93948017564776,7004300
2018-10-22,148.6175537109375,150.82082985216505,147.628153701137,150.33861342947802,4866700
2018-10-23,148.4346160888672,149.23279134787097,145.86551048607262,146.1398828349,7004900
2018-10-24,147.13758850097656,151.6272877402155,146.5888438178397,148.47618603535076,6791700
2018-10-25,148.88360595703125,150.0725402137713,147.02120532294853,147.5948918555554,5228000
2018-10-26,143.19664001464844,147.4452316422806,142.09916319118878,147.06278240325932,9472200
2018-10-29,144.00311279296875,146.3228005658721,142.13240257649568,144.45209034939901,5918400
2018-10-30,146.53060913085938,146.6885695072112,143.53746869292732,143.9698140198645,5657100
2018-10-31,146.23135375976562,148.70069244019692,145.9902328765016,147.97734247697136,6339500
2018-11-01,150.0392608642578,150.37182645411667,146.24794463242102,147.02948772380978,5225300
2018-11-02,149.59857177734375,152.1593670519128,147.48675394042425,151.7104023008255,4730600
2018-11-05,151.4776611328125,151.66057605630942,149.07483802313067,150.50489323234274,3885300
2018-11-06,151.3280029296875,151.86011562918037,149.69841333786383,151.26148725642994,3338800
2018-11-07,155.6680145263672,156.0421539969343,151.36954009155582,152.80790470294534,4673400
2018-11-08,156.30825805664062,156.88194465063552,154.412605729177,155.58492070937805,4054000
2018-11-09,154.6370849609375,156.70732970556224,153.78071631724904,156.57431105086945,4761100
2018-11-12,149.18295288085938,155.43528799113008,148.84207742440907,154.00523241771862,7590400
2018-11-13,148.82540893554688,151.00374326361708,143.7121387869692,147.4119858014054,14274000
2018-11-14,149.5736846923828,152.06796523324456,148.95011455716738,151.82685702971736,7561100
2018-11-15,147.4618377685547,149.38243138638776,144.34398769114662,148.83368672798846,8663100
2018-11-16,147.17916870117188,147.66970744510854,144.26085265231134,144.6599466316927,6834900
2018-11-19,144.327392578125,148.72564798518457,143.2548574588291,146.92145313392388,6203400
2018-11-20,140.5526885986328,143.00539486866023,138.84826129689685,140.71897140419037,8661000
2018-11-21,140.76060485839844,142.11582234956595,140.6358831865144,141.3426012674799,5752100
2018-11-23,140.38641357421875,141.61692162742546,140.07046734555215,140.83537844276526,2711000
2018-11-26,141.19290161132812,143.32966183501208,140.40303602251777,141.50883516028645,6140500
2018-11-27,144.019775390625,144.15280674564335,140.36150193359848,140.60261016382196,7084200
2018-11-28,148.40249633789062,148.5865054214585,142.70661244301292,144.62197624129985,7133600
2018-11-29,146.92205810546875,148.26866290048468,146.30311738021322,147.87555379643038,4329300
2018-11-30,150.8197021484375,150.8615119517892,146.46205114544048,146.9973468053858,8942400
2018-12-03,152.00738525390625,153.47944509191166,150.0083891771038,153.30379542482768,7610600
2018-12-04,146.6209716796875,152.41721949581654,145.9936714695027,151.4386326994229,7059600
2018-12-06,147.1729736328125,147.23987441277308,142.57277288210022,145.11542368155995,7571200
2018-12-07,144.5216064453125,149.18036237844822,144.06159647683285,146.66280199635398,6226100
2018-12-10,143.60157775878906,145.52530111126072,140.28942676595068,145.02345579758762,5373800
2018-12-11,144.03648376464844,146.87187992638582,143.2251745513015,145.78455711610553,5229400
2018-12-12,145.7092742919922,147.93408896931157,144.53830643621288,145.3245246113546,5912500
2018-12-13,145.42491149902344,146.29477493061526,143.91940121638163,145.7929296614311,6102200
2018-12-14,144.10340881347656,146.48715488498374,143.8190357611614,144.68052708947027,4265200
2018-12-17,140.4901123046875,143.852443956762,139.62024913738344,143.45096275841328,5631700
2018-12-18,142.2215118408203,143.8190395941271,140.93346089971044,141.26801593929682,4462200
2018-12-19,140.14720153808594,146.32819789113987,139.48645106125048,142.95750644121392,6996900
2018-12-20,137.30345153808594,139.9381069027473,135.68919261386077,139.07661577017785,7675600
2018-12-21,134.2255096435547,140.48179275365567,133.96622760592834,136.1743237734772,13034100
2018-12-24,132.26834106445312,134.99500140948058,132.22651849755232,133.95787322009195,4547400
2018-12-26,140.74940490722656,140.74940490722656,133.3556312385448,133.37236281368683,6141500
2018-12-27,142.45567321777344,142.57276872296845,136.63432282212213,139.21043669886504,5069300
2018-12-28,142.37203979492188,144.79759521422878,141.01707558602874,143.208439975711,4552000
2018-12-31,143.7102813720703,144.8979680657502,142.7316819555802,143.41753621158816,4206000
2019-01-02,144.2037353515625,144.8477541996147,141.39343067953314,141.94545777425094,4242900
2019-01-03,141.0254669189453,143.72703654099317,140.69091187587406,143.72703654099317,4810500
2019-01-04,145.21583557128906,146.15261271199898,141.7866015366392,142.33861610956228,4762600
2019-01-07,148.07627868652344,149.0297743582682,145.39144132033982,145.39144132033982,4928800
2019-01-08,148.78721618652344,150.20909383182325,146.88022494224782,149.35597490211515,4722400
2019-01-09,150.32620239257812,151.6142658305875,148.1264785740194,148.77049753057003,4922000
2019-01-10,149.7657928466797,149.9163514941006,147.49078366027982,148.90430180504137,3605300
2019-01-11,150.0585479736328,150.76948041523048,148.14318455975445,148.82066661216933,3285100
2019-01-14,149.55670166015625,149.90798817493953,147.95917438671455,148.53629250473455,3871400
2019-01-15,147.59954833984375,148.72869374561577,146.5373164833909,147.273352763447,5016100
2019-01-16,148.07627868652344,148.82067431830265,147.08933262386378,148.11810124700727,4075400
2019-01-17,146.26129150390625,146.75477729645073,143.86082713511362,145.54198685773252,6499200
2019-01-18,150.2007598876953,150.58549685946335,147.35699135255723,148.02611411155766,6371100
2019-01-22,148.13482666015625,149.38106744098113,146.67112644129847,148.45266279166464,6272700
2019-01-23,147.9508514404297,148.92943827901007,145.97694618345514,147.69992879304743,4910400
2019-01-24,148.28538513183594,148.48612577335737,146.6209569097837,148.04283469047826,3860100
2019-01-25,150.8865966796875,151.27970580954636,149.38944588056358,150.36803262006714,4501800
2019-01-28,150.4098663330078,150.54369344297623,148.3857791539444,149.69056156999721,4091400
2019-01-29,150.29275512695312,150.67749207491488,148.9545096917586,149.68218654978077,3686900
2019-01-30,152.3753662109375,154.0648980099187,150.36801104800452,150.9451291670223,5197700
2019-01-31,153.50453186035156,154.45802760378862,151.43862228916217,151.806640429165,5138000
2019-02-01,154.20709228515625,154.8594833841791,152.9190416636749,153.92271929582904,4513100
2019-02-04,155.9300994873047,155.9300994873047,153.7638258054654,154.148575553232,3050200
2019-02-05,155.89663696289062,156.39848220137765,154.47475913711682,156.31483707414495,4135200
2019-02-06,154.49984741210938,156.14755684253888,153.94782021194982,156.14755684253888,3072500
2019-02-07,153.9561767578125,154.66710920485016,152.60119988016166,153.68016318574388,2793400
2019-02-08,154.3492889404297,154.38275209576133,152.82704719665367,153.10306079709503,2792300
2019-02-11,152.99432373046875,155.08532423973458,152.85213722733317,154.73403768567243,3729200
2019-02-12,155.16896057128906,155.90498403036952,153.496160258678,153.76380167221993,3773200
2019-02-13,157.58615112304688,157.81196996855977,155.5035102105894,155.82134634310063,4146900
2019-02-14,157.00070190429688,158.02109850268317,155.570451812476,156.82505223031853,2600600
2019-02-15,160.9150848388672,161.107453372195,158.12151035070127,158.8073520950457,4997900
2019-02-19,160.86485290527344,161.58415759183072,159.98663013782667,160.34628886233247,3828400
2019-02-20,160.46336364746094,160.92337349065681,159.8444229814563,160.91501408417327,3970100
2019-02-21,160.43829345703125,160.8983033598406,159.4262435934512,160.46338444218614,3094200
2019-02-22,160.9150848388672,161.04053980354658,160.27105290777706,160.32960706626628,3321600
2019-02-25,158.89930725097656,161.7765259959704,158.88258843585643,161.21613939054316,6190700
2019-02-26,157.4942169189453,157.63640347264567,152.894014162623,155.22756594534826,13635100
2019-02-27,153.62167358398438,157.66148940636938,153.23693651278109,157.1596440168034,8766200
2019-02-28,154.85113525390625,154.89295781713616,153.15324383889882,153.56308453862474,8060600
2019-03-01,154.8761749267578,156.03877032962035,152.94409311273344,155.4198425437131,5481300
2019-03-04,153.7387237548828,155.77118294392116,152.30848651301753,155.7377197878509,5046800
2019-03-05,153.89764404296875,154.83440822707084,153.2703438634458,154.09838469489983,3691000
2019-03-06,154.27403259277344,154.70896432172614,153.7638278999027,154.34094614818585,4460900
2019-03-07,152.65138244628906,154.41618722316178,151.87353645485973,154.22381876761256,4122200
2019-03-08,151.58082580566406,152.14958465743567,150.15058841123707,151.79829805595438,3867100
2019-03-11,152.5928192138672,153.22847862426647,151.55567861141978,152.2248011690487,3866200
2019-03-12,153.89764404296875,154.12347568108436,152.5008571747255,153.42088978055298,3777000
2019-03-13,152.6337127685547,154.85825130176937,152.58315712012765,154.4032376084368,4528300
2019-03-14,153.0297393798828,153.13928518280142,152.09442137127792,152.7516704738123,4393000
2019-03-15,153.5521697998047,153.77126141269454,151.31078802650518,153.6111599594255,8059100
2019-03-18,154.5548858642578,154.60544150657142,153.636424075593,153.80494716913432,4395800
2019-03-19,155.15318298339844,156.577227142854,154.6054667680363,155.20373863397248,4437100
2019-03-20,156.81314086914062,157.6726125276044,154.56331186304746,155.29640726966306,4772600
2019-03-21,160.07411193847656,160.09938976089236,156.3075621086607,156.3075621086607,4755700
2019-03-22,159.046142578125,161.8268194304594,158.97873074962996,159.51801252009852,5173600
2019-03-25,159.8297119140625,161.54025900082547,158.84383845611617,159.04607385421517,3845900
2019-03-26,159.54324340820312,161.94473926899641,159.03767412947516,160.68079678594475,4143300
2019-03-27,159.4674072265625,161.4560105469634,158.7427463676667,159.80445340663547,4298400
2019-03-28,160.14991760253906,161.27903633271652,159.39155734674497,160.02352851240215,3326100
2019-03-29,161.6919708251953,161.81835994819002,160.2173710553057,160.81564290495635,4674100
2019-04-01,164.85179138183594,165.07087009955754,162.5008642064261,162.61883164788955,5381400
2019-04-02,163.7311553955078,164.7338854511045,163.48679876748022,164.7338854511045,2717800
2019-04-03,167.3544158935547,167.5060828238599,163.5625883460664,164.29567089085126,4581500
2019-04-04,168.90484619140625,168.93855852480237,166.85726552092586,167.68303768429965,3138400
2019-04-05,170.261474609375,171.16309307451178,169.03966612887547,169.250323206806,3615300
2019-04-08,171.5170440673828,171.71926669075745,169.57057417245423,169.6801071409517,3040900
2019-04-09,169.2840118408203,170.80917978765333,168.91326620769524,170.42998678567224,3721700
2019-04-10,168.04542541503906,169.8739408992311,166.85732879081948,169.58743738667783,3587500
2019-04-11,169.77273559570312,169.78959176073843,167.70829896216915,168.44138142262128,2465100
2019-04-12,171.769775390625,172.11524320442203,170.32045375949517,170.32045375949517,3097900
2019-04-15,172.62081909179688,172.85675396675015,171.39057622312365,172.0309819044137,3049900
2019-04-16,172.29217529296875,173.57297365455443,172.14049554321593,172.9494242077661,3271400
2019-04-17,174.04483032226562,174.28918680512143,173.00840139690268,173.02524470090378,3271900
2019-04-18,173.29493713378906,175.08130499343642,172.82306734878694,173.59828383236007,3162500
2019-04-22,172.55340576171875,173.7920702729906,171.89615677910345,171.98884639754849,2593900
2019-04-23,173.6235809326172,174.70214423453123,171.41588582550574,172.8567860180957,3702600
2019-04-24,174.18814086914062,175.5194952610527,173.19383268841364,173.71627103048596,2750900
2019-04-25,174.00274658203125,175.0307541521803,172.7893597544791,173.5898540800902,3292100
2019-04-26,171.5675506591797,173.69939925420695,171.34003741545504,173.48032052237176,3560300
2019-04-29,170.3457794189453,171.727689634693,168.81218938839498,171.31479704397012,3785200
2019-04-30,171.64341735839844,171.6855513535415,169.19136541645943,169.83177128465775,3415600
2019-05-01,167.51451110839844,171.49171777228,167.39654365893958,171.22207054066678,4644700
2019-05-02,169.37672424316406,169.41885823321604,167.5145227432591,167.93583692880176,2810000
2019-05-03,168.99755859375,170.4721583700721,168.79533599607635,170.21094560975052,3583400
2019-05-06,168.2139129638672,168.46669119991589,167.1016372952965,167.4639741961148,2619400
2019-05-07,164.11871337890625,166.5454740775307,162.59355825224813,165.78711376998942,4622100
2019-05-08,164.45578002929688,165.66916695847314,163.20025910945694,163.88279890023517,3122600
2019-05-09,163.9586181640625,164.3799323192202,161.439154887524,162.88847660986545,2917700
2019-05-10,163.9586181640625,164.72541301224652,160.1078006143272,162.80422149332648,3863600
2019-05-13,160.38584899902344,161.49812439806215,159.37469772738842,160.9419866985428,3325900
2019-05-14,161.46446228027344,162.42505821566553,160.10782993790048,160.52072251427137,3663600
2019-05-15,161.58241271972656,162.46717508584175,160.32690466853833,160.78191833418944,3355800
2019-05-16,162.10487365722656,164.27885671286322,161.95319384253585,162.18070713582668,3854000
2019-05-17,162.2733917236328,163.89123683743256,160.73138008606819,160.82406973174113,5223800
2019-05-20,160.89990234375,162.50932579293132,160.61341175229603,161.0515821528956,4782800
2019-05-21,161.32122802734375,162.22284671782558,157.01539576397082,157.68107949680132,8555600
2019-05-22,159.18092346191406,161.97002122179788,158.45626257217936,160.5122777875889,5706000
2019-05-23,161.78463745117188,162.23965108670868,156.95638077733506,158.79330434346775,7754000
2019-05-24,163.12442016601562,163.35193342197263,160.4448681685891,162.23965782172803,3799500
2019-05-28,161.40550231933594,165.55123326800242,161.236979179795,163.79014267344024,5165800
2019-05-29,160.0909423828125,161.6835092265597,158.43938539124787,160.335298912732,4569900
2019-05-30,161.00941467285156,162.20594529786462,160.1752080397671,160.20892037145046,3029800
2019-05-31,159.97300720214844,160.34375289859733,158.9702773469497,159.79604958050024,3681500
2019-06-03,159.73699951171875,161.67503366674234,159.0460383655058,159.69486553933058,4620200
2019-06-04,164.52320861816406,164.73386573547285,161.2959400380946,161.43076367896984,5118100
2019-06-05,166.89907836914062,166.92453349423445,163.83585315534668,164.62498792860075,3704600
2019-06-06,167.30641174316406,167.71370678588045,165.431148042977,166.86516789407702,3732900
2019-06-07,167.41668701171875,168.87617460204936,166.49178294217,167.33182796320094,3522300
2019-06-10,168.0531005859375,169.58047291237466,167.43367092909793,168.485850683564,3154500
2019-06-11,168.01919555664062,170.42056237785536,166.17786755896225,168.87622819657034,3708500
2019-06-12,168.80825805664062,169.86893122433574,167.99365536687574,168.69794390394577,2551500
2019-06-13,171.70184326171875,171.98184969117563,169.24107280252943,169.66534223194049,3630900
2019-06-14,174.60382080078125,175.2232504579231,170.81933230941095,170.81933230941095,4898000
2019-06-17,175.63055419921875,177.1664073293614,174.79898981476916,175.64752860027772,4620500
2019-06-18,176.05484008789062,178.33741170640812,175.74088485109138,176.58094298861909,3891300
2019-06-19,176.44515991210938,176.90336516653136,174.71413351168295,176.41121110945616,3648200
2019-06-20,179.2538299560547,179.60173398790846,177.60766253477104,177.8282909196906,5171500
2019-06-21,177.67555236816406,179.88175859553547,177.41250739172546,179.26231590195528,9855000
2019-06-24,174.37474060058594,177.56524214213897,174.05229168152323,176.62336346332364,4943500
2019-06-25,173.7298583984375,175.7324107128668,173.27164014344993,175.0535770058664,3587900
2019-06-26,175.15541076660156,175.91910360006725,173.65349318036172,174.23898713504897,3071200
2019-06-27,175.6645050048828,176.49606939881684,174.80747253523265,176.16513978660103,2286800
2019-06-28,176.47059631347656,177.34459014776894,175.978442308628,176.300891161243,11069000
2019-07-01,178.43077087402344,180.153303921227,176.6403531565265,177.93861672515428,4097700
2019-07-02,178.3119659423828,178.41378646827667,176.88642678916383,178.39682501241185,3160500
2019-07-03,179.97511291503906,180.52665804256145,177.93861170670502,178.04044518311153,2183700
2019-07-05,179.4320526123047,180.03450801794668,177.96407090199133,178.16772491177736,2547800
2019-07-08,180.66241455078125,181.11213911763954,178.69379815061419,179.02472779316417,2705300
2019-07-09,179.8902130126953,181.01877109144863,179.21137943065983,179.83080908596813,2397400
2019-07-10,178.82955932617188,179.31323267660002,177.20036631806016,178.80410419695724,3457400
2019-07-11,181.6212615966797,181.65521040359093,179.05868342495472,180.10238265314305,3450100
2019-07-12,185.1766357421875,185.1936101450987,182.1049291467255,182.43585879127707,4429800
2019-07-15,185.57540893554688,186.0845373286766,183.97167132916294,185.7875436080721,3141300
2019-07-16,184.35354614257812,185.2784633305794,183.90382158727562,184.38749494732286,2657400
2019-07-17,182.9534454345703,184.62506785383505,182.9534454345703,183.9038047174389,3037300
2019-07-18,181.96063232421875,183.47951082866118,180.74721530761448,182.860081232202,3068000
2019-07-19,180.77273559570312,182.63103800262516,180.67939579154842,182.15585825335648,3254800
2019-07-22,179.27076721191406,180.9593508671714,178.51556831867862,180.73873547564023,2764900
2019-07-23,180.806640625,181.69760891298066,179.66110811935718,180.37389051834606,2589900
2019-07-24,182.1897735595703,182.25764527040445,180.7981704293256,180.89999094325154,2207100
2019-07-25,182.9025421142578,183.21649732903555,181.2733491614259,181.82489420592862,2335300
2019-07-26,184.05654907226562,184.31111329468715,181.67215718252172,182.88556141773122,2675500
2019-07-29,185.01536560058594,185.21053881668396,183.58134612672774,183.95469226485878,2407200
2019-07-30,184.43841552734375,185.48211474732756,184.01414607802133,184.57418485856917,2172600
2019-07-31,181.3242645263672,184.81175963311307,180.0344818803284,183.58138092001636,3426400
2019-08-01,180.59454345703125,184.6505585387655,179.90722898991177,181.70612739251354,3431500
2019-08-02,180.01748657226562,180.85754457697664,179.10955686303873,179.77141603729342,2884900
2019-08-05,173.89956665039062,178.15923561284052,173.1698226683588,177.7943571479865,4553200
2019-08-06,177.17489624023438,177.42096678443934,173.52617697111143,173.95892707892318,3646800
2019-08-07,176.419677734375,176.92031244151627,172.3636639334001,174.8329016193311,3901100
2019-08-08,179.52536010742188,179.6271806201527,177.1070193486681,177.93858374721054,2968000
2019-08-09,178.2101287841797,180.23813607090847,176.4536471903852,179.4235330967556,2912100
2019-08-12,175.65603637695312,177.88769786975908,174.92629239113253,176.58095363582174,2005000
2019-08-13,176.77606201171875,179.56774852857097,173.7637471549837,175.06201027939997,3876700
2019-08-14,171.05691528320312,174.25590984229203,170.98903063274514,173.49223018306782,4582100
2019-08-15,171.2266082763672,172.89823045062928,168.90162066473104,172.25334573858282,4199700
2019-08-16,172.804931640625,173.46679090787683,171.12482834280692,172.88979070470359,4093600
2019-08-19,176.45367431640625,177.19191201675432,174.20505124926044,175.6305904885807,6413600
2019-08-20,184.20924377441406,184.8541414046533,180.0344353660971,181.16299327134413,12452600
2019-08-21,187.0179443359375,187.4252522778965,183.9292636549578,185.60088610885055,7938600
2019-08-22,187.54403686523438,188.9356398877917,186.57670321476982,186.72095324756052,4544600
2019-08-23,184.53175354003906,187.4167805884684,183.29288106301766,186.59369682892648,5769300
2019-08-26,185.5330047607422,186.2542679249428,183.43711287401885,185.37179326364202,3680200
2019-08-27,185.15968322753906,187.02646625996078,184.90511896228236,186.29672227165236,4311700
2019-08-28,188.3332061767578,188.45200110479482,184.22628101013447,184.87965958817603,3066700
2019-08-29,192.88986206054688,193.21229802658917,189.8690528085951,189.9878477324371,4184200
2019-08-30,193.39047241210938,194.54448564667794,192.35525408634902,193.83170324615472,3768300
2019-09-03,190.132080078125,193.15287589534063,189.54658628085062,192.1515934578214,4139400
2019-09-04,191.3614501953125,191.3614501953125,188.39050642003448,191.19070869590414,3132900
2019-09-05,194.77633666992188,195.31418478055588,193.15427284895878,193.19696148145607,3373100
2019-09-06,197.3204345703125,197.52531916486575,194.54584278730854,195.24588686326842,3237900
2019-09-09,198.8058624267578,199.65958281407828,196.42398827789904,197.6362696646854,4449100
2019-09-10,198.91688537597656,198.93396343422611,196.10815053741257,198.27659497240583,4210600
2019-09-11,198.6266326904297,199.49741830023785,197.2265314643792,198.85712786710363,2978300
2019-09-12,199.599853515625,201.04264323052104,199.0107842922186,199.27543556030184,3366100
2019-09-13,199.7535400390625,200.59872811295202,198.34490627598902,200.05234745631682,3805500
2019-09-16,197.20086669921875,199.4376098290958,196.87644880035526,198.68633175877554,3120200
2019-09-17,196.53504943847656,196.6374917546272,193.34212930875879,193.61531316074186,3732500
2019-09-18,197.06431579589844,197.66191757456812,195.5105381446155,196.67159861177734,3341800
2019-09-19,194.75070190429688,197.55090389529357,194.6055709932273,197.33747378606066,3134000
2019-09-20,191.8053741455078,196.39839438791927,191.42973505890666,194.63973232495974,7687700
2019-09-23,193.154296875,193.91410773169272,191.19073677655743,191.37002384465046,2754000
2019-09-24,192.43716430664062,196.56063638358236,191.8993161580309,194.76781790604505,4511300
2019-09-25,194.7336883544922,195.03248277036334,191.66028875836005,193.444561816819,3716700
2019-09-26,196.17645263671875,197.31190260773536,195.50201908866,196.0825428488379,4200600
2019-09-27,196.23622131347656,197.84975275663572,195.61300891128886,197.73023239146627,3152000
2019-09-30,198.0802459716797,198.56685991204336,196.45816910806988,196.51793579950044,3249200
2019-10-01,197.2777099609375,200.20596465584455,196.97037009841395,198.92538406645303,3335400
2019-10-02,192.556640625,196.86793129064162,191.52363319958002,196.86793129064162,4336100
2019-10-03,193.63230895996094,193.63230895996094,189.62835846601175,192.08707722302282,2777700
2019-10-04,194.58851623535156,195.68129051006434,193.8116404450498,193.93969331522547,3163100
2019-10-07,193.5725860595703,194.75925700407456,192.98351684489901,194.2299414490162,2917600
2019-10-08,193.51284790039062,195.3141988973424,192.17251332494374,192.3944759925341,3438500
2019-10-09,195.45082092285156,195.98012359311545,193.46165011052076,195.0751817271504,2657600
2019-10-10,197.73020935058594,198.26805744454617,195.570297485948,195.79226013061447,2781500
2019-10-11,200.33407592773438,202.075660192195,199.56571958394164,200.0438140547813,3459200
2019-10-14,199.92425537109375,201.0426401402164,199.82181308224676,199.95841148520321,2183900
2019-10-15,201.1536407470703,202.2122589656653,200.28285512669007,200.35968685318085,2663300
2019-10-16,201.39266967773438,201.62317787045254,199.63400745395805,200.98288746703446,2388100
2019-10-17,202.13540649414062,203.33060998380876,201.05971032669825,201.785377962616,2250500
2019-10-18,203.12571716308594,203.8086961847446,201.17070290316354,202.3232308163839,3662500
2019-10-21,202.07568359375,204.03071125795316,201.14513117324407,203.40748577846378,2041700
2019-10-22,202.50250244140625,203.4416002134494,201.9219787472277,202.58787970313423,2003200
2019-10-23,200.34259033203125,202.68178921688096,200.07793905845614,202.0414988349769,2110500
2019-10-24,199.67669677734375,201.79392007115356,198.9766527077559,200.46211811171287,2173900
2019-10-25,200.09500122070312,200.98286474797933,198.5326912497572,199.33519054893884,2210900
2019-10-28,202.1610107421875,202.29760914437338,200.24867219180697,200.5816226554222,2705000
2019-10-29,199.89010620117188,202.75860744226682,199.7022866595072,202.19514881727275,2558000
2019-10-30,201.6829376220703,201.99027752620665,198.81443619237803,199.35227125456078,1956700
2019-10-31,200.26576232910156,202.6647149202094,199.10470189396585,202.21224408407298,2824100
2019-11-01,202.6220245361328,202.71593431414558,200.6755427979965,201.53780885795234,2197400
2019-11-04,200.5560302734375,203.51844162748372,199.66816663218282,203.41599932992327,2542400
2019-11-05,198.2339324951172,200.55605370725348,196.5862578920371,200.40239024295815,3624600
2019-11-06,199.7791290283203,199.8047396011186,197.96924574128988,198.77174509361197,2631900
2019-11-07,198.8656463623047,201.29874186124442,197.85824944395014,199.77058796710799,2832500
2019-11-08,198.7802734375,199.1388344758924,197.74727895167106,198.74613035006578,2088400
2019-11-11,197.89242553710938,198.3022077524657,196.5093893918264,196.78258621989178,2309600
2019-11-12,199.01934814453125,200.30847462677698,198.06318521206524,198.19123809525516,2991100
2019-11-13,200.4535675048828,200.53893173521823,197.08137427823277,198.13997931622714,2399600
2019-11-14,201.94760131835938,202.28055181609363,199.80475437304472,200.62433184340554,2282200
2019-11-15,202.579345703125,203.22818166504712,201.78539183613117,202.92084174275294,3524700
2019-11-18,203.91114807128906,204.30385220907885,202.12686231340402,203.5611195374069,5747400
2019-11-19,192.82130432128906,199.01931019391165,192.42858717648818,196.8679440061031,14972200
2019-11-20,188.58688354492188,192.0871433681046,188.3051671981826,191.702971686717,10225400
2019-11-21,186.57205200195312,189.79058158362216,186.53790891744077,189.47470920160924,7823700
2019-11-22,186.13668823242188,187.07578603680756,185.94886867154474,186.53793792822833,5786500
2019-11-25,186.45254516601562,186.5635329955111,185.1548994327569,186.11106218920872,8865400
2019-11-26,188.4673614501953,188.6381159974638,186.4440477271451,186.7599201914544,9981400
2019-11-27,190.3796844482422,190.76385609402254,188.3819814687908,189.25276705876175,6687500
2019-11-29,188.25390625,190.66140435739908,188.06608669438413,190.6357937840643,2952900
2019-12-02,185.7866668701172,188.83445556761873,185.65008147880354,188.5868693065499,4416300
2019-12-03,182.69618225097656,184.78779481625878,181.78269508688615,184.78779481625878,6505400
2019-12-04,183.95057678222656,184.68947264302702,183.168719268229,183.4350631639729,4256200
2019-12-05,183.00550842285156,184.29427960892798,181.94871972108527,184.17399482262985,4580500
2019-12-06,184.10523986816406,185.03315659999666,183.77874700602192,184.04510403622356,4193700
2019-12-09,186.03842163085938,187.19832098016877,184.0193414628197,184.11385187728237,5111100
2019-12-10,185.4971160888672,186.17587621351467,184.80978198651815,186.0298170612626,4663000
2019-12-11,182.1462860107422,183.563928747464,180.95202550894192,181.31287978537918,8284800
2019-12-12,182.1806640625,183.9763616320034,181.05513947892385,182.57589294034872,9915100
2019-12-13,183.93341064453125,184.06228250888225,181.00360123441598,182.2494106600195,6869200
2019-12-16,185.17922973632812,186.2016569470739,184.12244106331423,184.23412564822914,5850300
2019-12-17,187.06080627441406,188.54718508127758,185.47131687796025,185.60020183743418,7574400
2019-12-18,187.3014373779297,188.66753187110658,186.9921317275821,187.4818711364909,6677400
2019-12-19,189.20877075195312,189.68132274884746,187.5419581320295,187.71379164633922,5405000
2019-12-20,190.04217529296875,190.36866814415794,188.84791468105587,189.52666164478126,7778200
2019-12-23,188.3410186767578,190.7381272097522,188.28086973120622,190.7381272097522,3943700
2019-12-24,189.59536743164062,189.91326003495396,188.3495582756254,188.59012777706056,2260700
2019-12-26,189.7242889404297,190.00780703528721,188.66748723755055,189.65555291105127,2649200
2019-12-27,188.99398803710938,190.55769016345675,188.83074159923657,190.0507766743153,3082800
2019-12-30,186.70855712890625,189.44075859129873,186.05558451194705,189.33764799173676,3952400
2019-12-31,187.6279296875,187.73961428998666,185.96111663900192,186.52817918107942,3789900
2020-01-02,188.72764587402344,188.81355608261666,187.16393062296822,188.2293194679748,3935700
2020-01-03,188.1004638671875,188.7448495275356,186.22745584060436,186.562535859583,3423200
2020-01-06,188.98544311523438,189.01980458400482,185.9267479922423,186.0040842395818,5682800
2020-01-07,187.74818420410156,189.5009071940867,186.35630245170066,188.59017768193357,5685400
2020-01-08,190.55767822265625,191.5715182474672,187.8770386825745,187.9887363667635,4916200
2020-01-09,193.4789276123047,193.78823322656578,190.60926686947377,191.28801393712686,4843600
2020-01-10,192.6455078125,193.7366710301447,191.62308062770495,193.10087255882854,4226600
2020-01-13,191.88943481445312,192.89467476723436,191.32237234568677,192.88608767894098,6060900
2020-01-14,191.4340362548828,193.27268229963965,191.00444593498585,191.15050507054409,3915100
2020-01-15,192.96339416503906,193.29847412040644,190.8498169419703,190.97868880555106,3444300
2020-01-16,196.5977325439453,196.63209400325405,193.65932303585657,194.11468775452465,5390800
2020-01-17,199.2526092529297,199.84544606320117,196.67506702396352,197.27649092204408,7979200
2020-01-21,200.1461639404297,200.75618807442459,198.52231275930288,198.9261287824984,4873500
2020-01-22,200.10321044921875,203.22204106335766,200.08603627182814,200.86788086499237,4030800
2020-01-23,200.74755859375,201.7528115159634,198.1614294929052,199.4416134126894,4617900
2020-01-24,199.32992553710938,202.27690909166242,198.0927032120285,201.44351586079875,4467500
2020-01-27,198.6339874267578,199.73373767005634,196.06503242324027,196.06503242324027,3595600
2020-01-28,200.9280242919922,202.1222850907616,198.77148518343984,199.17530121202205,3621900
2020-01-29,201.06549072265625,202.6635675051409,200.53278972178913,201.82156089766198,2564000
2020-01-30,200.0086669921875,200.44685753438264,198.96047861197783,199.32992001573137,4685700
2020-01-31,195.97915649414062,200.3867453255217,195.79872274779905,200.1547759360159,5304700
2020-02-03,198.9347381591797,200.64451285554802,197.05314301631586,197.86936224249953,5100900
2020-02-04,201.90745544433594,203.07594166833096,201.07404915391012,201.07404915391012,3505100
2020-02-05,204.57952880859375,204.7599625344325,202.6463721220227,203.71176097113158,3868600
2020-02-06,205.20672607421875,205.69646539189893,204.0382397361334,204.48501739453425,3930300
2020-02-07,203.88360595703125,205.79957546546936,203.2134459834958,205.2067386173283,2456100
2020-02-10,206.7274627685547,206.7274627685547,202.92128556047862,203.28215298088506,2568000
2020-02-11,207.61239624023438,208.3083304171635,206.37517409900246,206.72744128561396,2692400
2020-02-12,207.5694580078125,208.17948206101542,205.2067111301515,208.03342291814866,3592100
2020-02-13,208.2310333251953,209.29642210436765,206.54703339812377,207.0367726860677,2468100
2020-02-14,210.52505493164062,210.6711140837191,208.46302640692895,209.1589607062677,2841600
2020-02-18,209.58851623535156,211.45293655145744,208.91835642071646,210.3617735260673,2892600
2020-02-19,209.33079528808594,210.92887199132272,208.7895072258429,210.42195850036433,2713300
2020-02-20,212.23486328125,212.3207735026607,208.05064350776308,209.3737893960732,3701800
2020-02-21,210.7914276123047,212.52697660851715,209.64012841414944,211.78808054954033,3881100
2020-02-24,205.94561767578125,208.87542710177564,204.22725622148175,204.89741613985396,5350100
2020-02-25,203.95233154296875,212.19187182592938,203.17906099847343,211.44438876530268,8061500
2020-02-26,202.1480255126953,207.09690141613785,201.3232194171498,205.43010194095652,6963000
2020-02-27,193.0836944580078,201.7528385564799,192.94623549582735,198.5309106074607,7612800
2020-02-28,187.1639862060547,189.9305500794784,182.42990360777335,187.84274653882238,11809600
2020-03-02,197.5600128173828,197.61156156192027,187.72239639642038,189.0025672526241,7150800
2020-03-03,195.84161376953125,202.61196059866444,193.80536009135022,197.63729794607295,8432500
2020-03-04,207.13128662109375,207.33749471059775,199.1580907010731,200.19769201593658,6770000
2020-03-05,201.74423217773438,205.86830244814956,200.31798896958088,203.28217307991736,6473900
2020-03-06,196.33139038085938,197.860731081995,190.95292355293742,195.52377148041825,7399900
2020-03-09,180.8231658935547,185.7376671646023,178.0651902306052,183.75296195493655,10120500
2020-03-10,193.9171142578125,194.02881196297554,181.28715844768692,186.62267726805678,7206600
2020-03-11,184.1347198486328,189.54917021302256,182.0675402285801,187.94905960710923,7253900
2020-03-12,164.8468017578125,178.6770201128454,159.87346040558865,169.015765539301,10928700
2020-03-13,177.88995361328125,178.01970088760777,164.33651717524475,173.37502298032928,10292300
2020-03-16,142.67868041992188,160.96327725692865,141.07855663915447,157.39111659480142,12536600
2020-03-17,150.18626403808594,151.1722825242574,134.3234700842628,145.4897061217285,16234400
2020-03-18,134.60894775390625,140.40397127675692,121.63500858434202,138.21570125931228,14681900
2020-03-19,139.36602783203125,140.90560054908596,122.8199301957534,132.47254196170147,13499100
2020-03-20,131.59893798828125,147.22821086834148,131.3048653048689,140.79313719633453,12602400
2020-03-23,140.45579528808594,142.65270875794906,126.5736846194252,129.79122099414246,12241600
2020-03-24,159.76971435546875,160.59139441207438,148.7764590029831,149.97006545858653,14676600
2020-03-25,157.20948791503906,165.67715008793343,155.68721764922128,159.51020218776432,11497400
2020-03-26,168.8428497314453,171.42897981944353,157.84959282929955,158.7058775635172,10170300
2020-03-27,164.81224060058594,169.85477877478186,161.30927514947487,163.03048878832618,7121700
2020-03-30,169.61257934570312,171.42892229669934,162.2693275071764,164.82952311142637,6936700
2020-03-31,161.4909210205078,169.0849976015263,160.40110188800975,168.48819439997183,7335400
2020-04-01,154.5022735595703,158.0744214028605,151.36257702429447,152.14966559228546,7858200
2020-04-02,156.82029724121094,158.03985047258598,150.49766746123572,151.31934748885493,6353900
2020-04-03,154.5627899169922,156.85485939287062,151.31066204360755,155.3066292898868,7299800
2020-04-06,165.48690795898438,166.42103309305037,160.12434947625505,162.60669209505733,7454000
2020-04-07,166.31719970703125,176.54066732011393,165.9366420146141,175.51139964831827,6438800
2020-04-08,168.50547790527344,170.192086853658,165.6684985795111,167.97787067549473,6094700
2020-04-09,174.30917358398438,178.166763467288,169.95858093942292,172.81284982376147,7125100
2020-04-13,171.93923950195312,173.3750248879042,168.98118374398481,173.3750248879042,4415600
2020-04-14,179.1873321533203,181.40154819279408,173.0982380447675,174.61186373400744,5655400
2020-04-15,171.671142578125,174.9232847912669,170.05372921006057,171.8354812364834,5693900
2020-04-16,172.85609436035156,174.8973276640029,170.23536011511663,172.22468658410426,7262800
2020-04-17,181.1334228515625,181.85131547856327,178.31375916775272,179.18733267402735,6717600
2020-04-20,178.2186737060547,182.52601765402295,177.62187041491146,178.28786962943957,4753100
2020-04-21,173.51339721679688,176.7395785054681,172.56197009252838,173.63448674190667,4845000
2020-04-22,176.59255981445312,177.9245579215347,173.97182588944253,174.62052266687624,4067700
2020-04-23,174.99246215820312,179.01437720124895,174.8800171517165,175.85739125974163,3565500
2020-04-24,183.52064514160156,184.1693419490641,176.31579754742233,177.0769261603612,5025200
2020-04-27,188.3469696044922,191.09745120305666,185.10348524632798,185.99436122754867,5472800
2020-04-28,188.23455810546875,193.93443873198188,187.6118079856614,193.7355086985852,5080700
2020-04-29,191.8498992919922,193.89113225898407,190.1286990293393,191.44338160635365,4381100
2020-04-30,190.1373291015625,192.10936601481103,187.27441644231874,187.50793775205236,5152700
2020-05-01,189.04754638671875,190.0249072262927,186.62574243799608,187.49067147698491,3819300
2020-05-04,191.87583923339844,192.58508732260395,186.14136914586473,187.41280258780353,4090900
2020-05-05,195.1366729736328,197.9390482701263,193.40681461233925,194.5571720063321,4655200
2020-05-06,193.67489624023438,197.58437893777264,193.5711089855869,196.65889859126958,3321100
2020-05-07,198.4579620361328,200.34351417242252,195.8372281476644,195.91506859240636,4501300
2020-05-08,202.7653045654297,203.73403404585676,199.928338425273,201.26898105073127,4365200
2020-05-11,204.60760498046875,206.51910390413238,200.01483403809124,200.4646008197361,4378300
2020-05-12,201.4419403076172,206.93424423196137,201.4419403076172,206.34609890094336,4399600
2020-05-13,199.02015686035156,204.38271371581618,197.67085661096343,201.56303688960574,6237200
2020-05-14,202.8085479736328,202.96424205628009,195.6469369183174,195.79397326440315,6434500
2020-05-15,207.0034637451172,210.37668164082825,201.26898012463886,201.3468205689008,16176300
2020-05-18,212.21038818359375,214.7792290080168,211.0773198257923,212.63419505237786,8314800
2020-05-19,205.93959045410156,209.71068124393156,205.6801091268011,207.97216558945655,9387000
2020-05-20,206.01747131347656,209.54638374293512,203.21509618479064,209.3128491827685,7534200
2020-05-21,208.3441162109375,208.60358437073992,203.94161726491842,205.52443902856365,4772700
2020-05-22,209.2090301513672,209.60689009949078,206.4239577234255,208.18840707141487,3041800
2020-05-26,209.72799682617188,214.69269443036188,209.3733859384063,214.6321430606396,4535200
2020-05-27,213.94882202148438,213.97476883372894,208.25758804194157,209.90960547627498,4664800
2020-05-28,212.02871704101562,218.16106113455945,211.41461157880389,215.81711068647687,5259300
2020-05-29,214.91757202148438,215.98144428197514,211.67408800289846,211.95951618026646,5341600
2020-06-01,213.88833618164062,216.04201464205357,212.66013830068042,215.72199506116016,3407800
2020-06-02,218.57626342773438,218.58490796851615,213.63751190026713,215.0473507162564,5301000
2020-06-03,218.39349365234375,219.98576653391436,217.86273602515357,219.08957118782553,4638100
2020-06-04,216.60983276367188,219.41153565367165,215.32209775277394,217.3233159994276,4759400
2020-06-05,221.78689575195312,222.61349545132182,217.85408148683263,219.55945783414893,5054300
2020-06-08,223.41395568847656,223.44876687227836,219.48983777743882,219.6899688928576,3811900
2020-06-09,223.4052734375,224.73651577527633,220.8819936678174,222.16103250632037,3716100
2020-06-10,221.39535522460938,225.6066191255325,221.19523737666532,224.00564978882568,3589800
2020-06-11,208.36134338378906,218.06288301359587,207.72617868808973,216.53152285189256,6563700
2020-06-12,210.95420837402344,214.38237957006604,206.25570785022018,211.49367547938184,5238500
2020-06-15,210.00582885742188,210.75411001642937,203.87166524046893,206.75167344004927,6250900
2020-06-16,217.47988891601562,218.9590453552047,211.31962474101024,217.00133478894946,5291600
2020-06-17,218.2630157470703,221.54325952397417,217.5930398628517,219.93359410220867,4234000
2020-06-18,216.83607482910156,219.04610716897335,215.0262781895907,216.96658358431114,3347800
2020-06-19,214.60862731933594,221.26485275789244,214.37371155590907,220.22074286848482,11114600
2020-06-22,216.7925262451172,217.57560518056556,213.61667661452148,213.78199652405664,3815200
2020-06-23,217.79312133789062,220.51651848494623,217.63651086664015,220.13367518645703,3105300
2020-06-24,214.15618896484375,217.77576904414857,211.19786211036043,215.61794016053994,3873000
2020-06-25,213.5036163330078,214.34760836311008,210.7367112042763,212.9989603465957,2938400
2020-06-26,209.70126342773438,214.13005014618426,209.03999704080405,213.47747991608807,5002700
2020-06-29,214.14743041992188,214.47807023308528,209.11829052485825,211.13691402921958,3468300
2020-06-30,217.96713256835938,218.95903869402323,214.1213206328355,214.91310895747768,4524600
2020-07-01,215.91372680664062,217.8105378048205,214.85221152656953,217.2188672385403,3677300
2020-07-02,216.21826171875,219.52462008646435,215.71360583261585,219.21138585633196,3369800
2020-07-06,217.1318359375,218.82851560997642,214.94789275190055,217.7583043206564,3133800
2020-07-07,215.2176513671875,218.20206596056886,214.97402622799615,215.23504367957665,2927800
2020-07-08,216.80120849609375,217.34066224917677,214.23443517611705,215.67008422454882,2294000
2020-07-09,215.7484588623047,217.96718737317116,214.34760734978013,217.22761562840813,2994700
2020-07-10,217.61911010742188,217.81053176091484,214.5998842632801,216.03553338790272,2745300
2020-07-13,217.1927490234375,224.36231142203462,216.73160050125875,219.19396685592346,4437500
2020-07-14,224.3014678955078,224.64079063924584,216.1834918808995,216.65333664880563,4614200
2020-07-15,224.3101348876953,227.34677981670959,222.0043919997269,226.346177418514,4343700
2020-07-16,224.5537872314453,226.65942582654242,222.7440038832816,223.40528364181952,2511200
2020-07-17,226.55499267578125,226.78990840612892,224.24054034117142,226.2504545824889,3091300
2020-07-20,226.37232971191406,227.2685253195398,224.50160668301277,225.38911940824408,2451100
2020-07-21,228.3299560546875,229.5915757425628,226.850786430947,227.6338652981019,2439900
2020-07-22,230.72274780273438,231.0881722706403,227.96453921359551,228.4778912872785,2750000
2020-07-23,229.5394287109375,233.01109425597522,227.7905317867317,233.01109425597522,2680100
2020-07-24,230.84454345703125,232.21930628962573,228.82591982239808,230.60962773137817,2984500
2020-07-27,232.68045043945312,233.77675035815437,230.6531174098593,230.6531174098593,2412500
2020-07-28,230.81845092773438,234.1161134178098,230.28770652716085,233.67235714292565,2227000
2020-07-29,230.27903747558594,232.4107514386839,229.85269999359764,230.4008368048012,2874100
2020-07-30,231.71461486816406,232.61951960946334,227.57296100716763,229.13043592136435,2347800
2020-07-31,231.00115966796875,232.46293721217108,226.7550983150723,230.57482226720018,3640600
2020-08-03,231.6015167236328,233.68973613098052,231.1577870272048,232.08008415339296,2363500
2020-08-04,233.07203674316406,233.08945561428862,229.5655595688457,231.99312885972986,2224000
2020-08-05,232.7326202392578,233.52440851505858,231.34917475290698,233.52440851505858,1959900
2020-08-06,234.37710571289062,235.30811222544924,231.90604310764226,231.9669560316001,2203400
2020-08-07,236.35226440429688,239.2061706659847,234.7599780703305,235.45604240609734,2846300
2020-08-10,239.0408172607422,239.27573296670326,236.49142290728582,237.03090322807378,2393100
2020-08-11,239.20614624023438,243.07804686144357,238.76239000343313,241.6162959737037,3321300
2020-08-12,245.00094604492188,246.21038890351824,240.98111783123113,243.40868642834747,3867900
2020-08-13,245.0706329345703,245.93201733485023,243.40004108674015,244.63558601674708,2202400
2020-08-14,244.1047821044922,245.3664286175814,242.92146739284283,244.61816076518306,2490400
2020-08-17,250.7958221435547,251.6485236053679,246.7324990689298,247.4546652214828,5584400
2020-08-18,247.9766387939453,252.83174867010595,246.27126302869925,251.36999801418074,6934300
2020-08-19,246.11463928222656,250.56083095828453,245.3054586847994,250.1170747679517,4986800
2020-08-20,244.2178192138672,245.28804369914835,243.1389118503653,244.09601994047716,3530000
2020-08-21,246.4365997314453,246.71500948028105,242.2514519819944,243.6000863304318,5519100
2020-08-24,249.49942016601562,249.58643486467372,245.29687840772473,247.96804643973852,4430900
2020-08-25,248.9598846435547,250.13451630770678,247.01088348731074,249.95177753444696,2854500
2020-08-26,254.00643920898438,254.17175913086103,249.0817058407384,250.35206171970137,4001900
2020-08-27,251.1351318359375,254.89394273759817,249.33403162641457,254.25876482057035,3430900
2020-08-28,249.0991668701172,251.3091860520491,247.7766072712506,250.85674682531672,3100100
2020-08-31,248.01148986816406,249.44713901310146,246.1233750523048,247.97667868890477,4105400
2020-09-01,248.79452514648438,249.43838580747072,246.67149498777013,247.13264345772023,3235100
2020-09-02,251.20872497558594,251.94345478079762,248.05986388669234,249.15321657775394,3464600
2020-09-03,240.21400451660156,251.64610859332691,238.06229353093164,251.29621431849208,5380100
2020-09-04,235.86680603027344,242.08578367998234,231.50215037974894,241.01867032474837,5253500
2020-09-08,235.51690673828125,237.07383978178376,229.87519661301448,233.63631890107308,5241200
2020-09-09,242.3218994140625,244.68352470713054,237.6948243383186,238.31584106029285,4754700
2020-09-10,238.52586364746094,245.76823171282174,237.1876008536394,243.1704243256171,3156300
2020-09-11,241.700927734375,243.1441747616352,239.1905940169884,239.6454458580869,3729200
2020-09-14,245.47955322265625,247.0627258635991,243.17913477388782,243.64271527052,3055800
2020-09-15,249.79177856445312,250.77144523754154,246.99281100662003,247.57010457188755,4174900
2020-09-16,246.33673095703125,250.66639145675117,245.5057722616084,249.81794872838577,3379100
2020-09-17,244.87596130371094,247.2900921266628,242.2519153459548,243.08287390984793,3166600
2020-09-18,240.7037353515625,244.76224584380913,236.87262402194386,243.52021238482558,6072900
2020-09-21,238.2196502685547,238.7007146957873,233.12899457453992,237.79979329508103,3548000
2020-09-22,239.0593719482422,239.24304772232253,236.7152302350917,237.63363579867382,2972000
2020-09-23,233.1465301513672,241.9545863275468,231.51963406917346,240.90498370157155,4467600
2020-09-24,232.40306091308594,235.9017895579608,230.81113297330438,232.41178958333492,3095600
2020-09-25,234.89585876464844,236.29535541256385,230.84610321069005,231.08225775958678,2457700
2020-09-28,238.2021484375,239.85531030741654,236.42654496231788,237.8522809597987,3061100
2020-09-29,238.00975036621094,239.52296011650645,237.13506820392752,239.13809782964725,2048900
2020-09-30,242.90797424316406,244.84104102840305,238.36837171480855,239.20808580426208,4778800
2020-10-01,242.8291778564453,244.91092498976593,241.2810005473021,244.4211052752402,2696900
2020-10-02,244.30751037597656,245.85568843298395,239.7504230801549,240.48515300686273,2943600
2020-10-05,246.74781799316406,247.0277226627295,244.6485863577804,245.7156995539674,2330700
2020-10-06,241.82334899902344,247.53502175482643,241.21106088278273,247.09768072699103,2992500
2020-10-07,247.35134887695312,248.4097067025466,244.91097843913045,245.65446353374202,3423700
2020-10-08,248.86456298828125,249.2406966106014,245.93439905461227,248.2697855152461,2256200
2020-10-09,250.089111328125,251.2786661407247,248.4884281782203,249.69549371600323,2240100
2020-10-12,250.95501708984375,252.19705058793403,250.21153204745585,251.37487406150638,2411900
2020-10-13,253.97268676757812,254.3313096388542,249.89669159094112,249.89669159094112,2699900
2020-10-14,251.1124725341797,253.9201945077087,249.4155871811613,253.2292148907788,2221000
2020-10-15,251.50608825683594,253.87646917713025,247.63998178741747,248.5146638517659,2699400
2020-10-16,251.61109924316406,255.97575512893164,251.2524763174749,252.12715856749222,3108600
2020-10-19,248.17356872558594,253.7540182560879,247.86742464345923,253.44790086714124,2428100
2020-10-20,250.19407653808594,253.47413442855574,248.52343051602512,249.40686798300908,2281500
2020-10-21,248.8558349609375,251.9259512538153,247.77996627264085,249.62555954835153,2304500
2020-10-22,245.92562866210938,249.87918224460594,245.4795322380039,248.3484885308731,2787000
2020-10-23,247.5350341796875,247.70122591406107,244.5173702588825,246.99273554885977,1750600
2020-10-26,241.44725036621094,246.24924647400152,237.91352726654424,244.59611121278627,2911900
2020-10-27,242.14698791503906,244.6748319816722,241.51721573907204,242.27818489061985,3014100
2020-10-28,235.91928100585938,239.37428632852598,235.01835941921811,236.38286149814695,3255900
2020-10-29,235.84056091308594,239.40052379882377,233.81129184526085,235.89303970853126,2872500
2020-10-30,233.28646850585938,235.83179676285104,229.19296245454902,235.13206172086288,3872800
2020-11-02,236.81143188476562,240.34515517226896,234.8696364839254,236.29537263004786,2956400
2020-11-03,242.6105499267578,244.49986631113012,239.41796586199172,240.40636082491204,3037500
2020-11-04,247.29013061523438,251.06876378887696,241.42102105033294,242.0770326418745,3525300
2020-11-05,250.02793884277344,252.78318272763835,248.47973410021476,252.2146445757115,2516600
2020-11-06,248.61959838867188,250.8412981003189,247.40380431234948,250.7975746784247,2839100
2020-11-09,236.13792419433594,252.27581938353822,235.7005831506522,251.8909571296422,7856400
2020-11-10,241.03611755371094,241.2285486553764,235.50812108148082,238.604502738034,4828500
2020-11-11,242.9429168701172,246.38916596315272,241.56093110420602,242.56681002983967,2987900
2020-11-12,241.6221923828125,248.1385851803011,239.522960528359,247.53505235183331,3818600
2020-11-13,242.4356689453125,244.6748531663641,240.76502279645626,241.77965731742987,3939200
2020-11-16,244.5348358154297,246.03928981653146,241.76208232694566,244.19369704688262,5360200
2020-11-17,238.32461547851562,239.25177630146214,235.63933522093598,238.00098739602,8532200
2020-11-18,236.01544189453125,240.86994320747425,235.28946755006254,236.60149060331568,5122200
2020-11-19,236.97756958007812,238.24586905954888,235.02704595411763,236.53149994583484,3929400
2020-11-20,235.99798583984375,238.23716998071993,235.17578249354918,237.4324773608447,4111000
2020-11-23,237.388671875,239.3917009806998,235.77050495624275,236.17287786552083,3294200
2020-11-24,239.0593719482422,241.01865138691358,238.41211571079117,239.662904756258,4773400
2020-11-25,239.62789916992188,240.31015013600376,237.22252340969763,239.20806884813558,3001700
2020-11-27,241.4034881591797,241.9195473606275,239.97775216022816,240.74747662787152,1625300
2020-11-30,242.6455841064453,242.95172820473752,237.84358753251806,240.73002801771534,4624100
2020-12-01,241.9370574951172,243.99256562683922,241.01862533761886,243.80013451039764,3942400
2020-12-02,238.4193115234375,241.06644233812713,237.07375177655805,240.94333308194012,4168600
2020-12-03,235.8161163330078,239.1492178865653,234.9366649141579,238.00594177755136,4168900
2020-12-04,232.16635131835938,236.33496893214556,231.13740827731962,235.2268516522027,7732800
2020-12-07,230.97909545898438,232.6148619458464,229.53678248720573,231.73541067194907,6379000
2020-12-08,230.17002868652344,230.8559997264472,227.54047750660362,230.17002868652344,5338100
2020-12-09,233.56471252441406,233.73181045290917,230.63615090160613,232.7116435142603,4550100
2020-12-10,232.88751220703125,233.9956295076556,230.51298280247207,232.2455030530825,4234300
2020-12-11,232.6588592529297,233.37121274631772,230.9879069454606,231.61230993030244,3454500
2020-12-14,233.56471252441406,236.22067317392853,233.29208471239133,234.05723004542497,4576800
2020-12-15,235.6753692626953,236.36134020380638,234.1099470207381,235.26202607774866,3754100
2020-12-16,237.0912628173828,238.11142950330688,235.26201599902697,236.15904662552032,4669600
2020-12-17,240.94329833984375,241.2598879575867,238.5951513200109,239.35149347138542,4247000
2020-12-18,237.84762573242188,242.49990399897717,237.7156865603898,241.48854032532276,9817000
2020-12-21,238.32254028320312,239.16683300063247,233.8285562480694,236.18547969708743,4339000
2020-12-22,237.487060546875,238.64791598266123,236.14150099555735,237.5046399127095,3140100
2020-12-23,237.28477478027344,238.33132406996657,235.86887094052753,237.50463762535642,2337100
2020-12-24,238.26095581054688,238.64788968735718,236.92417267007605,236.95935823659462,1093900
2020-12-28,236.792236328125,239.43058993623782,236.78343322770732,239.3602456490586,2633800
2020-12-29,234.10116577148438,237.8564135146901,233.11618451678953,237.43429402766446,2572100
2020-12-30,233.28329467773438,235.07735626926268,232.98428441247964,234.03080692150732,2511400
2020-12-31,233.5998992919922,233.8901333119052,231.80581074666895,233.5559374532075,2607900
2021-01-04,232.1048126220703,234.32102036710418,229.58956779928693,233.94286272704935,5002000
2021-01-05,233.97801208496094,234.40015837894006,230.64491091837255,230.99668607732636,3822600
2021-01-06,235.31475830078125,237.24953479048145,230.30187584724158,232.22787607548534,3949200
2021-01-07,234.16273498535156,236.3789428195429,234.08358758113684,234.76955858972414,3833200
2021-01-08,236.65159606933594,238.0939093823975,234.81354569261433,235.12135907905835,3757700
2021-01-11,238.5336151123047,240.41562716974838,235.04219194813902,235.22686922902074,3764400
2021-01-12,243.018798828125,244.43472956899828,238.02352120898786,238.42806134692563,4030900
2021-01-13,241.013671875,246.6685653948045,240.91694509297741,244.7601438384006,3921400
2021-01-14,235.99197387695312,241.7611726308026,235.40275649754872,241.409397455807,4641400
2021-01-15,242.36802673339844,243.07160401071044,235.69299331501253,236.24705203379295,5131700
2021-01-19,240.25729370117188,244.48745214697678,240.1077751767922,244.48745214697678,3615800
2021-01-20,241.23350524902344,243.7927120114677,238.77105209549967,240.31009202613365,3498400
2021-01-21,245.41085815429688,246.86197417344914,242.43833550316853,242.92202295040462,4397900
2021-01-22,249.7642059326172,250.71400166726443,244.3731643765653,245.5956147459375,4501900
2021-01-25,250.71397399902344,251.32079756539866,247.49520574093484,249.6322660370956,4025900
2021-01-26,248.5330047607422,251.21532115953391,247.74150376099465,251.01306448685082,2472200
2021-01-27,241.013671875,246.95877257960197,240.1606028498647,246.2376159111928,4337000
2021-01-28,244.5314178466797,248.8495268552727,241.78753414527617,242.87807198360247,3463000
2021-01-29,238.1730499267578,243.66081842775722,237.47827576117342,242.56150410696546,4079500
2021-02-01,237.51344299316406,239.7824157670245,235.0333836356766,238.53360982472756,3707800
2021-02-02,239.3515167236328,242.45597935770246,237.4430952133079,237.45189831645368,4111800
2021-02-03,241.11917114257812,242.48230990180733,238.0762503659707,239.1140232819604,2802700
2021-02-04,245.20867919921875,245.75393484731407,241.189579312318,241.189579312318,2976000
2021-02-05,245.2437744140625,247.7942046319404,244.320361292916,246.50141015910123,2389900
2021-02-08,246.2727813720703,246.61578031027426,243.51131785479777,245.97377110833554,3475600
2021-02-09,243.40576171875,246.42230050992427,243.2738493724835,245.9473892246373,2507800
2021-02-10,245.09429931640625,245.30535905239117,242.94843587147508,244.51385820372238,2410600
2021-02-11,243.66078186035156,246.4662337330821,242.73736870495915,244.42590021860087,2595300
2021-02-12,244.05657958984375,245.11190522276672,243.23866934688635,243.71358064300222,2392200
2021-02-16,242.19215393066406,245.04156811359783,241.74362509122855,243.61686102213093,2873500
2021-02-17,247.0554656982422,247.8205840186115,242.20087744973642,242.32401351167883,3536400
2021-02-18,248.92868041992188,250.36219033709355,246.09684615251874,246.94991498943372,3532000
2021-02-19,245.9298553466797,249.68510397153918,245.7539542933036,248.77046680370216,4079900
2021-02-22,242.59664916992188,244.91838667159848,240.64426618866642,244.6721413784097,3995500
2021-02-23,235.02452087402344,237.16160760356257,226.52901939485696,236.90655925073239,12111000
2021-02-24,228.63099670410156,234.80473627986547,223.4070528943288,231.49801704675713,14512700
2021-02-25,224.47996520996094,229.44886014950765,224.00506736829703,228.43749642815808,6545400
2021-02-26,227.19747924804688,228.86843159761386,225.23629289683808,226.69618549155845,7871200
2021-03-01,230.08203125,230.83837327955501,227.31176518603348,227.61077538976198,4528900
2021-03-02,228.91241455078125,231.3924471244246,228.4550826417408,230.13483805201747,3740300
2021-03-03,226.3356170654297,229.09710755929083,225.14837905385986,228.02417569410125,4257500
2021-03-04,220.6807098388672,225.89584964370326,217.31242314492474,225.13953440290598,7154900
2021-03-05,222.9585418701172,223.55656243228006,216.86393616563166,221.8504244223755,6351800
2021-03-08,227.80429077148438,231.4979973173024,222.07906709644743,223.58292144723742,5037400
2021-03-09,233.01942443847656,235.31480644034966,230.23157866165613,231.05826508576249,6625300
2021-03-10,235.6123809814453,237.83364524999106,233.70085895460699,235.32921353839865,3798400
2021-03-11,237.9221649169922,239.63013599852906,236.46198224621241,237.70092429999795,4371300
2021-03-12,241.68321228027344,242.31152795848615,236.07255447528686,236.68318062978457,4190500
2021-03-15,246.4974365234375,247.47973183235214,242.7805836095288,242.9221808355444,4355200
2021-03-16,249.63015747070312,250.01954304913588,245.7097809041578,246.49741032636697,4458900
2021-03-17,247.81602478027344,251.2231354902406,247.12575517465464,248.7983471076404,5908400
2021-03-18,250.5859375,252.63019832905997,245.80714630228718,246.93103874292095,4808100
2021-03-19,255.8425750732422,255.8425750732422,249.93986537038026,251.01068906752238,13729200
2021-03-22,255.70108032226562,256.9311642181901,251.50636649446164,253.54176954845516,5564700
2021-03-23,256.6213073730469,259.67441026986097,255.700939270538,256.2938487257004,4801200
2021-03-24,259.0727844238281,262.6391823912989,255.74531662044214,255.98427379144044,4842000
2021-03-25,262.99310302734375,263.6125874711872,258.8160796814961,259.3205146994623,5373500
2021-03-26,268.8604736328125,269.02861868004067,261.9754659850275,263.1347647799706,5865900
2021-03-29,267.4355773925781,270.4001790434294,265.4266959911559,268.40901416974606,4642900
2021-03-30,269.75421142578125,270.5152660310379,265.52409276446275,266.9488690864968,5045400
2021-03-31,270.1347351074219,272.58607089270845,269.15243994307315,270.35597567671545,4744100
2021-04-01,272.3471984863281,273.0551576552584,268.93125633621827,271.57728546321584,3923900
2021-04-05,279.1171875,279.51543145687356,274.108296143058,274.1967978009092,4697200
2021-04-06,277.6835021972656,279.5950242317702,277.1082820357359,277.533046705464,3988600
2021-04-07,276.5242614746094,278.8871234720721,275.16141152458067,276.85169331168106,3799300
2021-04-08,278.25872802734375,278.9844036954582,274.86047556574454,276.7277603208283,4035600
2021-04-09,282.50653076171875,282.5861741295844,278.5418898508861,279.090562167454,4607800
2021-04-12,283.8871765136719,284.3473473699246,280.8074967642108,281.17033469212646,3556800
2021-04-13,283.54193115234375,283.98441232674094,280.53306456782434,283.65698057879223,3635100
2021-04-14,283.2056884765625,285.57740849301456,282.5596831383836,282.93135226313353,3440600
2021-04-15,285.6127014160156,286.1967797285378,283.23215085719653,283.37374805479925,3508200
2021-04-16,290.33843994140625,290.86059150124424,286.674709805063,287.4711705297543,6213100
2021-04-19,289.2499084472656,291.0021163671637,288.00210847002995,288.93130800289083,4494300
2021-04-20,286.6923522949219,289.99327108724935,285.09943110687476,288.49768277977125,4462900
2021-04-21,288.4534912109375,290.18800986958934,286.6304709151599,287.5773601123727,3740100
2021-04-22,284.4799499511719,288.8782132999733,282.1613532373598,288.6746892721663,4875000
2021-04-23,286.6304626464844,288.08178682722934,282.81625014958655,285.1260158794701,3405700
2021-04-26,283.1790771484375,286.72778460629945,282.5861675325326,286.4445901892284,2848500
2021-04-27,283.7100524902344,285.37378588827363,283.5242179744252,283.6304091263162,3335800
2021-04-28,282.9312744140625,285.80740173701764,282.568436649415,284.9136082259637,2713400
2021-04-29,287.9137268066406,288.31197077631316,284.1437775177129,284.7013082724884,3261900
2021-04-30,286.4357604980469,288.3472553064694,284.61271330749406,287.65698579039844,3118700
2021-05-03,292.2765197753906,293.4712244071661,288.214545632881,288.74552846999336,3683700
2021-05-04,294.4889831542969,294.8960853793434,291.0464928186192,291.2588751920944,3954400
2021-05-05,293.8516540527344,295.79858147251616,293.0640518285272,295.79858147251616,3227200
2021-05-06,298.7455749511719,298.9491260119246,294.8960103764477,295.2853959667267,3539600
2021-05-07,300.2235107421875,300.71908755294083,296.93144935251996,297.94915076721304,2998100
2021-05-10,301.87841796875,305.9227032668511,300.4801890356042,301.2855081895546,4840600
2021-05-11,292.62164306640625,299.11726323427445,290.4534745863537,298.71901938874424,5500900
2021-05-12,280.5330505371094,290.97559492784177,279.8870183323137,288.95788195378174,5822000
2021-05-13,287.9844970703125,289.7544219992491,282.0286899619529,282.3030261653852,5159800
2021-05-14,286.400390625,289.6659040961895,284.83398986636996,288.754393889215,3998000
2021-05-17,283.19677734375,285.6923503553869,279.03744397951436,284.07288132619146,4388000
2021-05-18,280.31182861328125,287.2233825110387,278.5684516770675,283.1879562943962,7010300
2021-05-19,278.27642822265625,278.54190613105834,273.5153263479843,276.108259612042,5242100
2021-05-20,279.55950927734375,282.9312125644839,278.6657159616756,278.6657159616756,3854700
2021-05-21,279.44451904296875,282.5507451724846,278.2763894020497,280.53303232938225,3920600
2021-05-24,278.6216125488281,282.0729611735527,278.40037190612895,280.39153769042167,2930600
2021-05-25,280.31182861328125,280.62157084185986,278.0994227047313,279.2321734496325,3523300
2021-05-26,280.8251647949219,284.4092794629593,280.2499445169153,281.2499565575758,2881600
2021-05-27,282.09942626953125,283.55077742347567,280.79853059155676,280.79853059155676,3734800
2021-05-28,282.2232971191406,284.5242042297295,282.17020154794193,283.5153343631478,3194000
2021-06-01,279.9223937988281,284.3029675303585,278.91355092548923,283.77198480427853,3549800
2021-06-02,278.6502990722656,281.9863096232042,277.92081824948144,280.65190540282873,3380100
2021-06-03,277.0489196777344,278.38332352222614,275.50101990564895,276.6663970912905,2652500
2021-06-04,276.6753845214844,278.8460175960217,275.1986405675927,277.65392591451814,2638700
2021-06-07,275.7413635253906,277.84971848466773,273.89100106132355,276.7733063576992,3974800
2021-06-08,276.5775451660156,277.8141062684827,274.86952274569825,276.90669390594513,2913500
2021-06-09,273.4106140136719,278.42798853846386,273.01918647704844,277.06689687882897,3603700
2021-06-10,274.2734069824219,275.46547134571705,272.3429843215444,273.68626594106394,3286300
2021-06-11,276.46185302734375,276.87996743025985,274.3090294494954,275.1274488242314,2785100
2021-06-14,275.1719970703125,275.8302945802827,272.414222434867,274.8250388808775,3393500
2021-06-15,272.618896484375,274.84290436188326,269.985651610461,274.6649728722691,5270600
2021-06-16,269.35394287109375,273.4194343060989,267.9216953509259,272.83229318246043,4492500
2021-06-17,269.65643310546875,271.5156999527818,266.90756333703786,269.5941543853441,4481100
2021-06-18,269.2027587890625,270.28807556721756,265.45753764948665,266.2137056516367,8792700
2021-06-21,273.64178466796875,274.6381353071279,271.2131596236292,271.5512129794551,3774200
2021-06-22,278.1877136230469,280.144850850959,274.2645615992725,275.00294720510897,4418400
2021-06-23,277.26251220703125,279.03281306331877,276.3373177081749,277.573851463256,2564500
2021-06-24,277.41375732421875,280.0825659496232,277.26254003861993,278.5524479184503,2649200
2021-06-25,279.0061340332031,280.6340952324235,277.1557449826493,277.7695730942873,11733500
2021-06-28,279.5844421386719,280.46514046015443,276.9956940361759,279.0328925980048,2635400
2021-06-29,283.1072692871094,284.9398494198641,280.72313960060734,280.92775807799427,3150100
2021-06-30,283.6855163574219,284.93095513937703,282.617981888015,282.84038264009735,3061500
2021-07-01,286.04296875,286.1764037761385,283.3385679099617,284.5929114527242,2578000
2021-07-02,287.07489013671875,287.44850818206004,285.87392069392246,286.9236456860142,2201600
2021-07-06,284.0146789550781,288.0801442682034,281.82623590109426,287.1905412165604,3109500
2021-07-07,287.7688293457031,288.60505845711185,283.1161952172085,283.3296912801953,2939900
2021-07-08,283.3741455078125,284.96651532124133,280.0470118469344,283.8456340090199,3663000
2021-07-09,286.5321960449219,287.61751267356635,284.8330512407352,285.15332240335664,2587400
2021-07-12,286.2208251953125,288.23133641462175,285.1444132997957,285.62480646207393,2521800
2021-07-13,282.048583984375,287.5997244508139,281.85287026362676,286.84355656844446,3213800
2021-07-14,283.97906494140625,284.7263281883087,282.90265293499624,283.56095045401133,3381600
2021-07-15,287.083740234375,287.3061409562584,282.3243593563652,282.34216878917226,2603900
2021-07-16,286.04296875,290.2596784671586,285.9184112932506,288.23138462426243,3623700
2021-07-19,283.6676330566406,283.7832857613728,280.1448136625684,282.88477826939743,3752600
2021-07-20,289.43231201171875,290.1262011951306,283.1339082098022,283.33852665243984,4251700
2021-07-21,290.330810546875,292.2078869197473,289.094276543097,291.433936684173,2832600
2021-07-22,290.5976867675781,291.7630643954811,289.41449970660653,291.73637739440414,2208100
2021-07-23,296.0954284667969,296.63810035759144,291.73637964986517,293.0974710123638,2786400
2021-07-26,294.61865234375,294.95670575559325,290.7933711169965,293.6312062551247,2752000
2021-07-27,291.13140869140625,295.24136910966047,290.06387451718774,295.16130811887234,2910300
2021-07-28,289.5834655761719,292.9728497433236,288.86288954999134,290.38412973727947,2376200
2021-07-29,291.28265380859375,292.2879093699199,289.5123528297952,290.44642496015564,2172400
2021-07-30,291.958740234375,293.66676237871445,290.3129696521198,290.7666757600799,2381200
2021-08-02,291.0958557128906,293.5689506353321,290.3841842677303,293.5689506353321,2016400
2021-08-03,295.2947998046875,296.2466814588141,291.8164490782125,292.1011285324699,2405900
2021-08-04,293.8447570800781,295.2770319898885,293.0263375446394,294.1828105550096,1783700
2021-08-05,296.3356018066406,298.9065671566312,294.5386137656562,295.312563926137,2284000
2021-08-06,293.4266052246094,298.648569689334,292.78609007697986,297.7411845420775,2656600
2021-08-09,292.4658508300781,294.5208313061742,291.18482051400196,292.88396526863806,1995300
2021-08-10,294.8855895996094,296.4512722985423,291.03359370183074,292.38580753319224,1868100
2021-08-11,299.7962646484375,301.1751386857749,296.5936878456317,296.9495236796026,3258600
2021-08-12,297.1451721191406,300.8370461367904,295.5972716500528,300.1075651910139,2554200
2021-08-13,294.74322509765625,298.72862852197085,294.44076338409843,297.00279680750435,2217000
2021-08-16,298.06146240234375,298.57744732493984,291.76308535890865,294.200588794159,3496300
2021-08-17,285.3402099609375,287.86667964555795,281.65723989382445,285.56261074812454,9322800
2021-08-18,286.0517883300781,291.66518019609276,283.78331190000523,284.0857736141133,4880600
2021-08-19,287.2528076171875,289.29000611960385,282.7158268188252,283.59655226315266,2974700
2021-08-20,292.892822265625,293.28424967629735,286.87022097861217,287.0214654025861,2929900
2021-08-23,291.5584411621094,294.0404408155684,291.2381971544504,293.5689523719424,2792700
2021-08-24,289.0319519042969,292.5369892005123,288.6850209203896,292.4658329199879,2359500
2021-08-25,288.12457275390625,290.50870185435025,287.4395611906458,288.36475574773016,2586900
2021-08-26,285.9895935058594,289.11208169815205,285.56257427552794,287.5285893815685,2952300
2021-08-27,287.67974853515625,288.2757671887723,284.36152042464244,285.45574160684134,2985400
2021-08-30,290.9891357421875,293.1241774318642,289.3077731043805,289.9305060402782,2926900
2021-08-31,290.1706848144531,292.0299517291723,287.8933034257091,290.90016575186286,4183100
2021-09-01,289.3749084472656,291.2883236120088,286.37063134769215,291.09161482997393,3339100
2021-09-02,293.0408020019531,293.4342195651266,289.4285531568962,290.61772855020064,3109000
2021-09-03,295.3655700683594,295.86627842933467,290.73400408605823,290.8859902206976,2774800
2021-09-07,294.1227111816406,297.35049242354955,292.2897368053072,295.9824809556303,2555200
2021-09-08,296.47430419921875,296.78725377460773,292.9425226671478,294.12277560409734,2219500
2021-09-09,296.64410400390625,298.3966102014533,295.8393962489182,297.2521302798683,3011900
2021-09-10,296.80511474609375,299.7378467185484,296.35805177903325,298.6380619964186,3178600
2021-09-13,299.9345397949219,301.45453743132447,297.5203889847058,299.4874768512935,3908700
2021-09-14,297.8511962890625,301.75852185495586,297.2253245712429,300.4531057651356,2857200
2021-09-15,298.0748291015625,299.23720946398515,295.1510464255853,298.0658791083966,2875500
2021-09-16,300.7750244140625,302.0714905963331,298.79006382581775,299.2818221558933,3043800
2021-09-17,300.13116455078125,303.6897671223287,299.48739300073737,299.48739300073737,7098400
2021-09-20,296.1434631347656,299.8809305312858,293.657793960371,296.6978168857619,4036600
2021-09-21,298.83477783203125,301.2936242087788,296.84981712006726,297.7707657624412,3171100
2021-09-22,300.36370849609375,303.10868157119063,298.15521642091215,300.2921904298317,2872800
2021-09-23,300.3458251953125,303.57360649845185,300.0686483576795,302.07148158097795,2426600
2021-09-24,301.7585754394531,302.0715249972123,300.0239688140499,301.12375361878287,2004900
2021-09-27,305.2635192871094,307.3468205767969,301.2041801606905,301.2041801606905,2966100
2021-09-28,298.45916748046875,305.22770602579874,297.26104223763093,305.22770602579874,3304100
2021-09-29,301.2578430175781,303.0013994955361,298.0658068990067,298.0658068990067,2424000
2021-09-30,293.50579833984375,302.8493983128944,292.94249461539704,302.4291580173991,4255000
2021-10-01,294.9363098144531,297.5024736639073,290.2153268976228,293.40736240654775,2814200
2021-10-04,291.9052734375,295.60694034480167,289.8398448637873,293.7203478594462,2919900
2021-10-05,294.59661865234375,297.01969226112755,291.78010016833275,292.2897584927307,2514300
2021-10-06,295.3834533691406,295.64275755034896,290.9485960327617,293.4163925337068,2226800
2021-10-07,301.74957275390625,303.3053428520644,297.61868880220726,298.1909423888947,2789500
2021-10-08,298.9419860839844,299.8987071407828,295.8483187730314,297.74386090906677,2912200
2021-10-11,301.2935791015625,304.7717143574877,299.1745052708835,300.06863109220325,2589100
2021-10-12,302.03570556640625,304.94161462076784,301.6780606785652,303.2338582348353,2960300
2021-10-13,302.4649658203125,304.217445276998,300.9181178962947,301.6066124334856,2477400
2021-10-14,307.6240234375,307.91015029144097,304.092242292531,304.47670990382494,2824300
2021-10-15,313.3106994628906,313.7935351501062,309.1440689682801,309.85043615872655,3473500
2021-10-18,317.4236145019531,318.2640949514729,312.04990961893816,312.04990961893816,3487500
2021-10-19,320.088134765625,320.17755281644406,316.8961259151931,319.14931344842,2375600
2021-10-20,320.3027038574219,321.50082918757965,318.4965522289675,319.86456364866416,2574800
2021-10-21,326.01611328125,326.22177201850764,320.2042961436653,320.275841481212,2885400
2021-10-22,327.2411193847656,328.17101793251555,323.8076793083307,326.35594350257986,2734700
2021-10-25,331.9531555175781,332.31080038272154,327.2410950558492,328.3230069275922,2923400
2021-10-26,330.111328125,334.4478173696154,330.0040100849364,333.85771822534485,2989500
2021-10-27,332.90106201171875,335.4314270655788,330.20973350954233,330.71044198158927,2840300
2021-10-28,332.23040771484375,334.34948199033647,331.6224085774947,333.5090013589467,2553500
2021-10-29,332.38238525390625,335.43135814009446,330.8534374583131,331.1216643394489,3820200
2021-11-01,327.6792297363281,334.0185783206635,326.0876869196768,333.50892007097787,3380500
2021-11-02,328.4034729003906,329.8340796384775,326.30227181193993,327.4288790522484,2367100
2021-11-03,329.9056396484375,330.25433456595994,326.5794901562056,327.8133882836306,2378800
2021-11-04,332.77581787109375,333.71466657050854,330.29909860176537,331.5240468917682,3210000
2021-11-05,329.39593505859375,334.76963977970615,328.6538226601491,334.2331588492425,3090200
2021-11-08,329.5659484863281,333.4285799343311,328.9043038788091,331.0233784507295,2357200
2021-11-09,331.4078063964844,334.2958432863879,329.6731997214609,330.53158035356546,2183300
2021-11-10,329.5569763183594,331.9085322586119,328.78804099234037,329.2619267200541,2161400
2021-11-11,328.70751953125,332.61484547378905,327.0980764876679,331.7207195450961,2387300
2021-11-12,333.1780700683594,333.95595507578,327.87591111887366,330.03968007209534,2793300
2021-11-15,331.792236328125,335.18098122498145,330.19177056828556,334.75181824426824,3650600
2021-11-16,350.79241943359375,352.6253939898413,338.87373261193,341.5561104426313,8648200
2021-11-17,353.0456237792969,357.1407084730082,349.4333474344367,351.239471963588,4647000
2021-11-18,362.8809814453125,363.49793046433825,354.154304423254,355.8620880700371,4503700
2021-11-19,365.4203186035156,366.6810394050087,361.32520667471283,364.47254732634616,3542000
2021-11-22,365.50970458984375,372.45705244495025,365.42923653977164,366.4127531205784,4006400
2021-11-23,365.1341552734375,366.3054579099844,360.3416539951319,362.72003194111653,3557000
2021-11-24,368.47821044921875,369.05046412105435,360.22544588030183,360.92286298875337,2676300
2021-11-26,360.0644836425781,370.29328534874026,359.6621161033533,364.1416952556296,3007800
2021-11-29,363.7483215332031,367.3158753028266,363.05090439132425,363.81983960233197,3725500
2021-11-30,358.19573974609375,365.1878103652528,357.8738675411672,360.8602445730579,7773500
2021-12-01,359.5065612792969,368.33215578383994,359.3269855878919,360.9969244404632,3516200
2021-12-02,366.1056213378906,368.73626604113116,360.02736373905117,360.7545988653743,3705000
2021-12-03,366.1415100097656,373.4318346493713,363.1248352896834,367.973078175191,5237500
2021-12-06,373.2254333496094,377.63372490792176,369.203172121119,371.2681562816247,4624500
2021-12-07,373.6562805175781,375.79310541972615,370.8191541886208,374.3925025661076,4204500
2021-12-08,369.2300720214844,376.95136289804674,366.5635339920032,373.65633719046696,4079400
2021-12-09,369.3108825683594,372.8213773321921,366.5725306121379,368.8260499868087,3822900
2021-12-10,372.95599365234375,373.1445289747749,368.3411936594491,370.0739869832668,2625200
2021-12-13,363.8341064453125,373.9436111594752,363.1787126096336,372.9559995036622,3766400
2021-12-14,361.1047058105469,364.2291147743824,357.40564912327824,362.2269854439717,4662800
2021-12-15,366.1415100097656,366.24924447842466,358.58184919851226,359.68615490167474,4421400
2021-12-16,358.7074890136719,367.0931587856491,357.44155435374483,366.6711805656734,4632800
2021-12-17,348.3376159667969,357.31585211564504,347.83483693441354,356.4090414968026,11097500
2021-12-20,349.6125793457031,350.30392120160064,341.98107710888377,345.02471291740153,4294800
2021-12-21,350.5732727050781,353.5271207835865,344.0819965372629,351.61475163791346,3038200
2021-12-22,355.2149963378906,355.33169040815994,349.1277250996659,351.049081047909,3267800
2021-12-23,356.4989013671875,358.98586341911323,354.29922210652336,357.5942474946329,2743900
2021-12-27,362.8016052246094,363.1248360306532,357.52239705428605,358.2676061297104,2228300
2021-12-28,364.7139892578125,365.43223734617453,361.82299549313177,363.6096561075328,2521400
2021-12-29,368.8619079589844,370.2355772072,364.79476744764753,364.8576216863113,2209300
2021-12-30,368.0538635253906,371.1962465928323,366.6712073038826,369.76871014440894,1804400
2021-12-31,372.6058349609375,373.97051716677277,368.0089818471705,368.0987423006473,2386100
2022-01-03,366.8867492675781,375.1467122040727,362.05645259632104,374.0064857844146,3715700
2022-01-04,370.6575622558594,371.34887669560135,366.4826872014451,366.88671885807526,3266500
2022-01-05,365.6297607421875,371.89658081906697,365.243703078557,371.6990584842826,4443200
2022-01-06,364.30096435546875,367.27275870086635,361.8409087110816,366.8148598321355,3315100
2022-01-07,353.39239501953125,362.8015978348043,352.7370012140651,362.1461766299315,4520700
2022-01-10,347.8707580566406,347.9874795198431,341.99002386717024,347.81689082737864,6440000
2022-01-11,347.1615295410156,351.8032630927853,345.05163819957164,348.418477340363,4385400
2022-01-12,349.6125793457031,353.2487821452441,346.90116135593763,348.6160080876695,3623300
2022-01-13,347.4398498535156,354.0208859840517,346.4342642229214,352.4048141695586,3466300
2022-01-14,333.99041748046875,342.97764151435223,333.5415056290165,342.36710057282943,6336200
2022-01-18,329.2498779296875,330.47989190110104,323.243435739869,328.69323167103926,6435200
2022-01-19,322.9382019042969,331.02760203524736,322.686812369676,329.66289250495885,5175100
2022-01-20,313.8612365722656,324.87755229618614,313.358457428811,324.4106663776866,5440600
2022-01-21,313.4303283691406,323.2974042434172,311.7064944287038,315.7826225987263,7718400
2022-01-24,326.63726806640625,327.14903419820604,308.50121670308414,308.6538588018237,8584300
2022-01-25,322.3008728027344,324.58132605934713,316.20464010623004,321.5467039226639,5536700
2022-01-26,320.7744140625,328.5136490949248,318.23358533538163,323.2164953455312,6103300
2022-01-27,320.0113525390625,326.9156202294126,317.7488462707355,323.6026479868634,3941000
2022-01-28,329.0883483886719,329.2499500993011,316.7881511796024,323.36921507855675,4551300
2022-01-31,329.48333740234375,329.86939500121457,325.2007009982341,327.5350479997243,4084600
2022-02-01,331.0275573730469,332.81421748878205,325.3443188973074,331.71887165013123,3406800
2022-02-02,335.543701171875,336.3876577422013,330.1836919494189,330.7403383257175,3839300
2022-02-03,327.53515625,334.09824719751873,326.0896728279084,332.36545353272385,4009700
2022-02-04,322.9202575683594,327.4093760034891,318.05404112894075,326.35891023393077,3728100
2022-02-07,320.8372802734375,324.83257899493003,319.1224338489324,323.4499503296581,2809300
2022-02-08,324.5093994140625,325.8920555800361,318.54783691099027,320.837303779242,3225100
2022-02-09,327.1400146484375,329.9142865719971,325.9100005728798,327.9839711118458,2777500
2022-02-10,318.8082275390625,325.91001658790117,316.81505774659826,322.1750665534003,4291800
2022-02-11,314.4986877441406,320.8283341954083,312.9454427993498,318.4491067477392,3308700
2022-02-14,315.63897705078125,316.8510448300654,311.39226001945934,312.4427260680154,3654300
2022-02-15,317.1652526855469,320.9002030795671,315.4773395133118,319.2302365200165,3552500
2022-02-16,314.319091796875,316.806053550059,310.39560666231137,315.58502648549927,3594900
2022-02-17,312.38885498046875,316.31234110264387,311.8950627872941,313.3315591308609,3927000
2022-02-18,311.4281005859375,314.77699283083865,308.94113881549004,312.79281013745344,5526100
2022-02-22,283.8649597167969,302.28829402230167,280.43526626341986,300.85177047853773,19752800
2022-02-23,276.93377685546875,287.66275539865234,275.721709180874,286.69311769862213,11026000
2022-02-24,281.2343444824219,281.41392021887503,268.70971774801393,269.34716503342474,8416700
2022-02-25,284.2959289550781,285.005217499181,276.14370009918315,281.18047896445677,6510600
2022-02-28,283.5596618652344,283.78411780190993,278.75632673990236,280.99189910138097,5735100
2022-03-01,287.52801513671875,289.4852640581238,281.70114859387246,282.4463301448909,5640900
2022-03-02,293.92059326171875,297.3502869897483,287.01632557233233,288.25532688555626,5645600
2022-03-03,291.2181091308594,296.8923620158363,289.8444398387103,295.5546133468448,3858400
2022-03-04,291.12835693359375,293.2831285942718,286.86369384290276,289.2878016863874,3630900
2022-03-07,289.79052734375,295.9226781681837,287.4023131658007,291.12830320321297,4670000
2022-03-08,284.3767395019531,294.92617055635026,283.6674783331062,287.07919826752953,5092500
2022-03-09,286.50836181640625,291.2593957998557,286.2554551692445,289.0374282880236,4443600
2022-03-10,287.1767272949219,287.46577131383697,278.87593216159553,283.943105908413,3895200
2022-03-11,286.1380310058594,290.6542408497264,285.63221770852687,288.3870946873828,2973300
2022-03-14,287.55609130859375,292.6503890905117,285.61412664702465,291.66585868189776,3604200
2022-03-15,296.7511901855469,298.2324930103485,289.33555212482617,289.3536346096709,3775300
2022-03-16,298.89178466796875,301.6376478009714,292.8581353060959,299.49694131327254,3942400
2022-03-17,303.8144836425781,303.8144836425781,296.1188712761913,297.2931024836635,3123200
2022-03-18,307.7705993652344,307.7705993652344,300.1562776747127,301.34856345561525,9409600
2022-03-21,297.5008239746094,307.7255304028785,295.4323920010753,305.33194452857543,4521200
2022-03-22,297.82598876953125,299.24405773263317,292.65944352779564,297.4556562489894,4852800
2022-03-23,286.37286376953125,296.4349928347774,285.2889899133238,295.2698029419531,5207700
2022-03-24,285.2257080078125,288.49543906828495,283.8889001571993,286.46314492204897,4599900
2022-03-25,280.6192321777344,287.95355317937685,278.46951169833716,287.664536673934,5176500
2022-03-28,283.87091064453125,283.93414420363445,279.30954931354654,280.90827782027117,3936600
2022-03-29,286.9690246582031,289.9406987277826,282.6425150752163,286.24644204241787,5306100
2022-03-30,278.614013671875,284.7379931989425,276.48237582832854,282.8140833695295,7223800
2022-03-31,270.3674621582031,278.1624463670959,269.9700609695402,276.58177259566736,11044600
2022-04-01,272.67974853515625,274.0165290925578,269.97903613263793,271.4242288875869,5554600
2022-04-04,276.0126647949219,276.82560460715376,270.5841993832209,272.31840850253315,4659500
2022-04-05,275.3623352050781,279.19209992224626,272.9687494848215,276.6268960215979,4376100
2022-04-06,269.6539001464844,271.5687689589675,266.44737420144895,269.2474301817686,6499900
2022-04-07,273.4564514160156,275.11841299876716,265.18275332716956,268.0731380757169,5241000
2022-04-08,281.0075988769531,282.0734453614699,272.128742351202,272.29131929189253,5741900
2022-04-11,277.04241943359375,283.7715841389649,276.3288504528057,278.0269500198651,4100600
2022-04-12,276.65399169921875,282.9766855118395,275.5791315458926,279.49919840194656,4122600
2022-04-13,280.3843688964844,281.54051745133575,276.13912084716355,276.49137086224226,3185300
2022-04-14,275.05523681640625,282.0373072194839,274.88361863565575,280.75469148409974,4569200
2022-04-18,271.1622619628906,276.6539885335626,269.8164402588978,273.6823147575026,3192400
2022-04-19,278.01788330078125,278.3159686042581,270.80098836689,271.5235709584697,3389700
2022-04-20,284.6477355957031,285.51484031480413,279.7792473263953,280.9082999790442,4720800
2022-04-21,280.33013916015625,287.59221165862516,279.770133599894,286.3276785282338,3014200
2022-04-22,271.0719909667969,279.8424921727994,270.7739331829762,279.8424921727994,4043200
2022-04-25,275.4346618652344,275.63337623969875,267.60354034061936,270.97264346434054,4396900
2022-04-26,270.93646240234375,277.80110711024014,270.71969314322604,273.0048942989528,3415200
2022-04-27,272.4177551269531,276.77138758181616,270.1777053527041,272.14676602548707,3446200
2022-04-28,281.5946960449219,284.1057073572768,273.69132963097604,275.26296167428495,4149500
2022-04-29,271.3338623046875,281.55856726808383,270.7106231860777,278.33398705697346,4878200
2022-05-02,277.26812744140625,278.91203407954373,270.8912427457425,272.7699735002201,4233900
2022-05-03,275.45269775390625,279.10180348524443,273.70040590872094,276.112074397428,3336600
2022-05-04,284.8011779785156,285.1986065871744,273.6190397611901,274.6577623482403,4021300
2022-05-05,270.168701171875,281.2334156629861,265.291199888745,280.9082617743313,4959600
2022-05-06,265.8332214355469,268.0371347062148,261.40733997272764,267.63066467232943,4325300
2022-05-09,268.28997802734375,271.6409982275092,260.58532464392823,262.1930943484997,5243600
2022-05-10,262.9878845214844,271.9390140238827,259.82653823680243,269.5815386036345,4392900
2022-05-11,255.58131408691406,264.9479279516393,255.22906408815797,263.2498563753522,3880500
2022-05-12,261.6601867675781,264.81249264229774,253.47681615307118,254.32586586934536,4447700
2022-05-13,267.3867492675781,270.4487531204071,260.54018649553603,261.8950496025024,3949100
2022-05-16,267.35064697265625,270.5842694488251,261.7505619340325,265.6254510821441,4267900
2022-05-17,271.8306579589844,280.8540356239298,262.75306042103693,276.84363942511965,12425900
2022-05-18,257.5865478515625,266.85381962492033,253.97357983883924,264.6499069319785,7799500
2022-05-19,259.91693115234375,264.19828948428943,257.3878369705619,257.8755953769731,5211500
2022-05-20,259.4020690917969,262.39179787096356,252.5374244607065,261.7775999338299,5621800
2022-05-23,258.35430908203125,262.2472799107831,253.19680496170542,261.11822740674234,4305600
2022-05-24,260.0614318847656,261.32596508971784,253.49484532963675,256.5207113461429,4241900
2022-05-25,265.1647033691406,266.89891219887005,258.02005738221044,258.15553814004045,4612900
2022-05-26,273.5106506347656,276.0577991578015,268.2628179170566,268.55186191217115,4170800
2022-05-27,278.614013671875,278.6501510692382,272.41778691483887,274.1700785627239,3899300
2022-05-31,273.4564514160156,278.08104496188986,271.72221505393685,276.9339378140251,5966600
2022-06-01,270.1297607421875,275.39256773463785,269.9843260014209,274.26545542840717,3080800
2022-06-02,278.0194396972656,278.1648744545131,268.9481720920581,271.6022801300047,4086400
2022-06-03,277.3013610839844,280.3736044159881,274.4109181311742,275.71070485199317,2956600
2022-06-06,276.2196960449219,279.6009495490948,275.6379571159208,277.73762078613856,2562000
2022-06-07,274.2926940917969,274.84716571679917,265.9576726888285,268.19367264979746,3547800
2022-06-08,270.4388732910156,273.21114924861973,268.757316579864,272.4840030843181,3003100
2022-06-09,272.55670166015625,278.93752425235414,270.2752646612148,270.6479360787836,4168400
2022-06-10,262.9036560058594,269.50261595076336,262.35831034003564,264.95788380994105,4623900
2022-06-13,257.3772888183594,260.70403626657264,255.6684649963306,258.46800795195446,4704600
2022-06-14,253.29617309570312,260.30414394319547,251.40554854535944,257.42277088109046,3987000
2022-06-15,254.25958251953125,257.7681022545401,250.38746203908025,255.41393444366707,4050400
2022-06-16,248.56048583984375,250.96918835927968,245.17013336980818,249.88756761487517,6181000
2022-06-17,246.07904052734375,251.432719782786,245.77000211558394,246.32444604110725,10775600
2022-06-21,244.68838500976562,248.9786131805198,243.07046150725648,248.76954551994388,5498400
2022-06-22,244.48837280273438,247.02431287337154,240.42538194750873,242.1342053391599,4678400
2022-06-23,250.34201049804688,250.49651584044818,245.31553840100673,245.41550918269692,3747500
2022-06-24,257.2317810058594,257.64988850139724,248.97856150941706,252.2053095042383,10310700
2022-06-27,256.9500427246094,259.04970654804947,255.8592960225549,258.55886775824086,2538600
2022-06-28,245.55186462402344,259.59509761167305,245.25192451685555,257.94080850492395,4052100
2022-06-29,248.93316650390625,251.01466169714377,244.33389956258324,246.85167131066876,2460500
2022-06-30,249.29672241210938,251.8145217259954,243.63400401868935,246.0790720858694,4058000
2022-07-01,253.668701171875,255.18665357812276,249.55117586750544,250.6237534983441,2818300
2022-07-05,257.8953857421875,257.8953857421875,249.98754054705168,250.4147464872734,3241300
2022-07-06,257.7590026855469,259.8859616286432,254.97762897699593,259.0406204122466,2206100
2022-07-07,260.58587646484375,260.8403803774002,255.82300564178146,257.08642686305774,3133900
2022-07-08,260.3858947753906,261.7674834153432,258.05899404555225,259.94959048647917,1891000
2022-07-11,260.31317138671875,263.2217832075028,259.1769883929337,259.21332627676816,2453200
2022-07-12,259.1587829589844,266.9030237359176,257.60449244285917,262.6582320094155,2696100
2022-07-13,261.03125,263.4036147963553,254.2868824834113,255.98660800532267,2941600
2022-07-14,263.12176513671875,263.85800936528375,256.0047006088068,256.1865009506806,2822200
2022-07-15,265.7850341796875,268.5482391483939,264.4579801325271,267.96650010704764,2647200
2022-07-18,266.3667297363281,271.31140034009803,265.4123471179138,270.1843156876708,2664000
2022-07-19,272.52935791015625,272.6929893262666,266.603037998692,268.53909806291273,2614900
2022-07-20,274.7745361328125,276.037985175701,271.12058091913525,273.52928377412826,2533400
2022-07-21,277.2286682128906,277.4559048261799,271.656822016823,275.2744388863719,1965000
2022-07-22,278.67388916015625,282.3824062150102,276.6469285878842,279.64646852031666,2391500
2022-07-25,278.2738952636719,279.4373453807675,276.1651332580489,278.8647047919369,1910500
2022-07-26,271.0296325683594,273.26566069813424,268.96633421360133,269.95708246705834,2690200
2022-07-27,271.693115234375,272.9656343818938,265.2214226508476,271.0568417911971,3233700
2022-07-28,272.3476257324219,273.8110161833666,266.47583950817386,268.13919928508835,3992100
2022-07-29,273.5382995605469,273.992772706924,270.3478891965511,272.6838878262508,3236000
2022-08-01,277.9739685058594,280.3645017507629,272.69299263870664,273.26563325494925,3303900
2022-08-02,273.3292236328125,277.78305478438455,272.69297789049574,277.5921838355734,3091000
2022-08-03,278.473876953125,280.0190967778619,272.9929318055719,275.7288690789976,3329400
2022-08-04,279.2010803222656,281.7461191688715,276.7196466426926,276.81054683125205,2718400
2022-08-05,281.49163818359375,281.57344003829894,276.77420372367857,277.5740810659229,2029100
2022-08-08,283.56402587890625,287.0452785866801,282.1733389162187,283.4640273449382,2505100
2022-08-09,277.4194641113281,281.7369585951965,275.69247186554816,280.76440723508324,2607000
2022-08-10,283.20953369140625,284.48208096193275,280.90990019309646,281.31893720702936,3863400
2022-08-11,282.4005432128906,285.9726957048995,281.39159834193566,285.26371866267755,2444100
2022-08-12,286.2182312011719,286.25456909612234,281.93707239898686,284.1458061572498,2273800
2022-08-15,285.9635925292969,287.00890300338824,281.9096996507256,283.62762153485215,3917300
2022-08-16,297.5708923339844,302.6609979862688,284.391168849078,284.48206904157036,10089800
2022-08-17,296.0983581542969,299.497808469602,294.56223667475376,298.2161908467313,3162600
2022-08-18,295.5984191894531,298.0798525805914,292.8806786221396,295.3711826138894,2899600
2022-08-19,292.0626525878906,296.6073844117822,290.6537690791792,295.38030127156316,3489100
2022-08-22,283.7821350097656,290.6264999842839,283.3276618302124,289.1267440395265,3144200
2022-08-23,278.95562744140625,283.15495511270615,277.81037391031424,282.8731839651577,3317500
2022-08-24,280.05548095703125,281.75523414078054,275.91068731141894,277.274107003761,2495600
2022-08-25,281.5735168457031,281.73712059974116,277.98316616747985,280.53733199794266,2529700
2022-08-26,270.9569396972656,283.14591480366846,270.8842084482095,282.046069637736,3315500
2022-08-29,269.3390197753906,272.4203338287504,267.4938595842233,269.56625638877995,2711800
2022-08-30,266.4121398925781,272.59296302953976,265.1123534686534,271.37497843591416,2892400
2022-08-31,263.8688659667969,267.5741070608855,263.7407697710341,267.1532714116413,4376200
2022-09-01,268.3974914550781,268.58960782930876,262.31356429921806,263.85055113273006,3742500
2022-09-02,267.05255126953125,271.5354423233945,265.42407156686824,270.90417505305294,2753600
2022-09-06,264.8934631347656,269.4312447016631,262.80754493773935,268.26020339666286,4110000
2022-09-07,272.14849853515625,272.3589303243078,265.58881728720723,265.7169134857779,3016000
2022-09-08,274.3716125488281,274.636934702021,269.4678851260996,270.8035977569427,2703200
2022-09-09,274.2527160644531,276.74118305519795,272.93529072112733,273.9874217904676,2769200
2022-09-12,272.2124938964844,277.0521728308333,271.1237880988935,275.19497375020677,3632900
2022-09-13,254.27174377441406,269.04700091909956,253.71368223695495,267.1532268534445,4797200
2022-09-14,252.8170928955078,255.74471030208318,249.91694860045538,255.61661412762467,4194400
2022-09-15,248.4257354736328,254.34499142556953,247.51085837391977,254.23521064077732,3896100
2022-09-16,252.4785919189453,253.01836596673692,246.01040520959413,246.14763116753628,9535100
2022-09-19,256.5498046875,257.2908527778786,250.2280016598394,250.29202182679134,3047200
2022-09-20,250.8318328857422,255.04940234511574,248.27016060011408,253.31114167405033,2940700
2022-09-21,248.45315551757812,256.28450046472585,248.39826513073888,252.50605395825013,3173500
2022-09-22,246.23001098632812,248.13294287555084,245.04981183012504,248.13294287555084,3515800
2022-09-23,247.87672424316406,248.20606649206337,243.6499978633431,245.08636115063317,3527900
2022-09-26,243.8878936767578,250.27374506487286,243.00046188706102,248.3250526252417,4181800
2022-09-27,245.81826782226562,250.3926521608841,244.25383619600947,246.4312196885378,3701000
2022-09-28,258.16912841796875,259.3676149873221,249.49608489212207,251.7924349679776,5816600
2022-09-29,254.63766479492188,255.03108306477205,251.34413042655856,254.80236384920093,4518600
2022-09-30,252.45118713378906,257.80322370879065,251.37163886541717,254.1711605348334,4789100
2022-10-03,259.5506286621094,261.7097250853567,255.75386659201482,257.0804494743167,3580000
2022-10-04,264.9117736816406,266.51280838205383,262.1671427666466,263.02712935359773,3641300
2022-10-05,265.1770324707031,267.2446349472351,261.078374565668,261.88347057556985,2728000
2022-10-06,265.6711730957031,268.0315437167618,263.2741716534473,264.91180947152606,2641500
2022-10-07,260.1177673339844,264.0608839394855,258.3795070724118,263.05451391863096,2406000
2022-10-10,258.4161376953125,260.6118368101744,256.36682224408526,259.4225079329077,2115400
2022-10-11,258.8095397949219,261.8377801021189,256.9889157773672,257.1719023254059,2771900
2022-10-12,256.64129638671875,260.4106132320906,256.61385119240003,260.2093391671428,2258200
2022-10-13,258.754638671875,260.5843925944193,245.85489585380114,251.28010953338594,3881600
2022-10-14,252.8994598388672,262.2403747549133,252.46033671729458,262.2403747549133,2783100
2022-10-17,257.31829833984375,259.70611376342856,255.56172232171036,255.7995992616213,3426700
2022-10-18,260.7947998046875,265.1861976376118,259.1205874078352,263.43880737546897,3166500
2022-10-19,252.03944396972656,258.69974710042567,249.77969676896282,258.42529518123536,4323000
2022-10-20,246.52272033691406,254.33577683864561,245.06806942407948,251.53625577321648,3959500
2022-10-21,252.07606506347656,252.24073622687874,245.18704219617575,245.49809703365685,3429100
2022-10-24,259.1480407714844,260.2550340078158,253.39345722754842,253.39345722754842,2937100
2022-10-25,265.55218505859375,267.2630004403579,261.2065196669098,261.2065196669098,2791600
2022-10-26,265.4515380859375,267.025127536738,261.8103457398898,265.86324387613826,2615000
2022-10-27,266.2841491699219,269.2208970934703,264.81121031500226,267.00690995802756,3041500
2022-10-28,273.22802734375,273.69462357691805,265.3143463888758,265.3143463888758,3243100
2022-10-31,270.92254638671875,273.8044035219857,267.6472708992778,269.3489567375187,4210900
2022-11-01,270.8585510253906,276.485040417248,268.3792415446548,274.80166966104025,3309100
2022-11-02,264.1524353027344,274.6186299821291,263.96029103842767,270.0716903639664,4426400
2022-11-03,257.537841796875,261.6090550820209,256.63212261974917,259.43164363979866,4823900
2022-11-04,259.8525085449219,264.2530646026176,253.8783629585816,261.5541942527936,4401600
2022-11-07,265.5613098144531,266.8696050108803,258.763781094392,262.11223392528274,3260200
2022-11-08,266.3573303222656,268.37004317545484,263.14610279070865,267.53750167024253,3371800
2022-11-09,262.34100341796875,267.60154664256623,261.89272258187134,264.3994768536808,3071400
2022-11-10,285.1671142578125,287.94831967171854,271.7915917766898,272.39541382466047,7794000
2022-11-11,288.1313781738281,290.638132337457,283.8314449035295,285.4416374336552,4945400
2022-11-14,280.7940673828125,289.0828509539591,280.263423075881,287.60072672826936,6394800
2022-11-15,285.3776550292969,289.67758928937224,277.4365271684035,278.17757551027034,9290400
2022-11-16,288.1038818359375,289.4761971569128,278.58916786114065,279.8242293141571,5249500
2022-11-17,284.9292907714844,286.97860628590865,280.08958369768527,285.44161965009044,3642100
2022-11-18,286.5212097167969,289.1011698957405,283.84978416172805,287.39951185420364,3559300
2022-11-21,289.81475830078125,291.69940283908744,287.45438773527286,289.9794294732936,4069000
2022-11-22,297.2252197265625,299.00008319384494,292.1933966413414,292.760615867412,6054700
2022-11-23,294.14215087890625,299.91502325472567,293.16322566276347,298.94525574410153,4243400
2022-11-25,298.5975646972656,301.0677158864826,294.4989056179054,295.40465284846596,3393500
2022-11-28,291.7726135253906,300.81157571257086,290.7936883393444,297.38994433386057,4733700
2022-11-29,289.06451416015625,292.7606248666498,288.75345934661493,289.1011170558167,3505600
2022-11-30,298.2041931152344,298.3882867002485,286.7082593761562,288.02444143392154,15106500
2022-12-01,301.03912353515625,303.4322000663605,298.61843577080793,300.3396015105179,3830100
2022-12-02,301.8858337402344,302.3368545873879,294.8354765316601,295.52578532780166,3644100
2022-12-05,294.6053771972656,299.6124193068562,294.10837508186495,299.27187145746564,5057300
2022-12-06,292.1847229003906,296.05043541867917,289.5063213223241,294.2004268912166,3341500
2022-12-07,294.6697998046875,297.1825338547966,289.414256868465,290.81327253894113,4038200
2022-12-08,298.2962951660156,298.6920655494999,293.1972052748999,293.1972052748999,3483600
2022-12-09,294.9736022949219,298.61842538690354,294.4673589198956,295.894014152707,3738800
2022-12-12,301.8766174316406,302.2079521368497,295.7190613612333,297.2929573884442,4900200
2022-12-13,306.3959045410156,319.6130048065023,303.6990765583451,316.94381614364875,5787700
2022-12-14,306.8928527832031,312.07477491865353,302.82464897926445,304.2236645892923,4546000
2022-12-15,301.52685546875,303.7542358826471,297.63350416367473,303.2204094965325,5056900
2022-12-16,297.60595703125,301.83985705689287,293.83226291950876,297.6887907251035,9615000
2022-12-19,292.0743103027344,296.2898127427668,290.86857290124425,294.07161658349094,3000600
2022-12-20,289.78240966796875,291.6692704633049,286.09154984649996,288.383394027726,2632200
2022-12-21,293.9427185058594,294.15442334587897,289.69042020137726,292.7369812148046,2610400
2022-12-22,290.96063232421875,291.21834655657545,285.99962632916623,291.21834655657545,3064400
2022-12-23,293.36285400390625,293.70340186511874,288.14410690113664,289.1473523612923,2064900
2022-12-27,294.1175231933594,295.95834644123204,292.2399037044175,293.06826854821344,1610200
2022-12-28,290.6016540527344,295.84798493477746,290.38994920760916,295.03801798320103,1568200
2022-12-29,294.90911865234375,296.2160875476632,292.3135508951787,293.28918505829984,1559100
2022-12-30,290.72125244140625,292.84742950284067,288.10728634702554,292.22152814264587,2581600
2023-01-03,290.7673034667969,293.81386436527157,286.96599812932953,292.15713431314424,2822400
2023-01-04,294.28326416015625,296.84200774699997,291.1998791252082,295.5166125563879,3560900
2023-01-05,290.36236572265625,292.76462748526035,288.3006518952494,292.53452449242496,2935100
2023-01-06,292.2584228515625,293.47337343957554,284.40730957172457,291.11712095365374,4022500
2023-01-09,292.5160827636719,296.87882586913946,291.8257738880604,294.53178692755654,3466300
2023-01-10,295.1116638183594,295.2037106235586,288.9725042563311,291.1262646720357,2111300
2023-01-11,302.8154296875,302.85225401796106,296.48299310743624,296.8787633715067,2864800
2023-01-12,303.6162414550781,305.7700017353261,300.70773674390216,305.7700017353261,2481800
2023-01-13,304.849609375,305.93571673537485,300.0542713691927,300.50526419972465,2798600
2023-01-17,301.4624938964844,308.4852408478711,301.06672353993275,304.0396358562865,3988900
2023-01-18,297.9281005859375,307.8961481144687,297.22857862297417,303.7358968513598,2952200
2023-01-19,286.1376037597656,295.76510261235956,285.9075008267484,294.84469088029067,5359300
2023-01-20,289.9296875,290.15057732112825,282.92536789727586,285.336842073713,3725100
2023-01-23,290.3714904785156,292.2583232101555,286.33086967118163,288.585889550324,3237900
2023-01-24,292.4056091308594,292.7829813164606,287.74832795439505,290.0401442080293,2127900
2023-01-25,292.00982666015625,292.8013672442518,286.75425559813425,290.2334107211941,2060400
2023-01-26,288.8344421386719,293.8506979868397,287.65631608713534,289.14737879890527,3555300
2023-01-27,291.4852294921875,292.91185661669607,286.55180739596176,287.18689381622437,2761200
2023-01-30,289.230224609375,292.81985346730625,288.72400930312415,290.69367615032365,2643100
2023-01-31,298.3698425292969,298.53550987699947,290.0217025256873,290.8408542484832,3526800
2023-02-01,301.9778747558594,304.2420796990574,292.3595892334664,296.73154485875494,3076500
2023-02-02,312.7467346191406,314.29301970793597,306.2118051956437,306.9113271547965,4776600
2023-02-03,305.11651611328125,308.07103016916915,304.03962193265966,306.06453915744413,3389700
2023-02-06,303.0639953613281,304.66553105754565,301.3980521839835,302.80628117059916,2229700
2023-02-07,299.3179016113281,300.97463146647465,295.1944470071206,298.2133963154061,3865500
2023-02-08,295.2589416503906,298.2042428809813,294.1360380073785,297.2378216202195,2777200
2023-02-09,290.4359130859375,298.1121717094002,289.7732155101255,297.3850385705435,3063300
2023-02-10,291.34716796875,291.9546431460222,287.85879927495927,288.87125790374625,2768800
2023-02-13,297.78076171875,297.9280309443565,290.49108953925503,292.0834117079391,2432500
2023-02-14,293.0867919921875,297.2562573079264,290.54647392422623,295.09328344904515,3380800
2023-02-15,295.1668395996094,295.93998208126726,290.65682774556996,290.7396614305258,2585500
2023-02-16,295.67303466796875,297.97406383351756,289.86523930122223,289.929674859154,3169200
2023-02-17,292.6448974609375,295.0839827332596,288.04283917778855,293.3167799934871,4985500
2023-02-21,271.9816589355469,283.4960183580666,271.54906431047556,281.23178533897715,10891800
2023-02-22,272.718017578125,276.49171174847464,271.60432711403377,273.8685323807474,5922100
2023-02-23,275.4884338378906,276.0130752675322,271.1717005586224,273.1690063803121,4354500
2023-02-24,273.0494079589844,274.5864801604637,268.7602849720012,269.1284441281868,3713300
2023-02-27,272.45111083984375,276.5745378017163,271.55831025412766,275.5344679546849,3238300
2023-02-28,272.93890380859375,274.9269965271834,270.8863755272461,271.52146187160406,3949500
2023-03-01,267.6465148925781,270.3433143192768,265.686033559531,268.68658456419354,5905100
2023-03-02,269.6990966796875,270.7023423241324,264.4067280220808,265.50202047831976,4103700
2023-03-03,274.6968994140625,274.8441405767191,270.3801660376035,271.1901328759032,4036700
2023-03-06,274.4759521484375,276.2247286775845,273.34386378802793,274.2826735654686,3763200
2023-03-07,267.563720703125,275.25834984574317,267.30600652343776,275.25834984574317,4512400
2023-03-08,270.23370361328125,271.13296956121053,267.24851412251957,268.3332068133379,4680300
2023-03-09,266.99822998046875,272.90370713766765,266.7664606836107,271.67995846014105,3248000
2023-03-10,265.4314270019531,271.7819104308671,263.38259465035685,267.51735035722186,4730900
2023-03-13,265.6260986328125,271.0216937006067,261.9919725436815,263.280594894648,3892100
2023-03-14,264.74542236328125,268.66694050967476,260.8702467564511,268.2034019454468,5116000
2023-03-15,266.9703674316406,268.0735913357976,262.05687060046324,263.24352804037846,4835500
2023-03-16,265.82080078125,267.0259895752102,264.2169473716813,266.0711013883247,4400200
2023-03-17,267.3597106933594,270.66010206958293,265.3850324440503,266.8312700901644,8342000
2023-03-20,268.166259765625,268.69467207022876,265.7094834695081,266.4696932796866,3677800
2023-03-21,268.3238830566406,271.53158977211024,266.6273446347851,270.1780370133608,4788200
2023-03-22,262.0011901855469,269.9740572161336,261.8528827780334,268.9357356106882,3723400
2023-03-23,263.2064514160156,265.2460039720795,259.785534802331,264.4580111050472,6005800
2023-03-24,262.38134765625,264.1520682920579,260.35104656709655,261.95490011692823,3851000
2023-03-27,260.7589111328125,264.1612958259491,260.42517702692237,263.0580720445758,4269700
2023-03-28,260.341796875,262.6316784336842,259.51668467937293,260.32323722610647,3633300
2023-03-29,262.696533203125,263.2805962577957,260.7404142533123,260.7404142533123,3607500
2023-03-30,264.5506896972656,265.2367459433027,263.1508226100592,264.5506896972656,3432800
2023-03-31,273.5990295410156,273.9976659626406,265.8486774232055,266.0618870806481,5800600
2023-04-03,276.01861572265625,276.2411051252519,273.2466365519907,273.3671610757773,4007600
2023-04-04,273.45068359375,277.93773385659557,272.9315226239762,275.80546760874967,2965700
2023-04-05,267.6192932128906,274.1458940244559,267.44314634375763,273.4876773668301,4002400
2023-04-06,267.5636901855469,268.657662591717,263.51236805882553,266.3028789949046,3193400
2023-04-10,269.93701171875,271.299815985811,264.82880860001404,265.2645359042347,2799900
2023-04-11,272.347412109375,273.5804404173256,270.48400649589814,271.3461813537864,2497000
2023-04-12,269.26019287109375,276.67680740374,268.4628920969219,274.6001643880836,3341400
2023-04-13,270.8455505371094,271.1422219788848,265.4870463981801,269.67745270985597,3505800
2023-04-14,270.8826904296875,274.60027907024903,270.13176015801486,270.84559941973487,2653200
2023-04-17,273.8585510253906,273.95126438750424,270.2892987751107,270.42838296435406,2621900
2023-04-18,277.14971923828125,277.41855123554484,274.3406766670005,274.7115018604475,2847800
2023-04-19,275.25848388671875,276.53785489852044,273.5341056514622,274.8320363135014,2889300
2023-04-20,276.79742431640625,279.3376065883098,273.9512907493012,274.3870181302331,3371800
2023-04-21,278.16015625,281.08972259905346,277.52047093654716,279.6249252784561,3506700
2023-04-24,279.6435241699219,279.8845449549779,277.39998534680217,278.1231042862606,2515400
2023-04-25,274.7207336425781,280.6169584754391,274.5353352052578,279.51373450704784,4529500
2023-04-26,267.06304931640625,274.38695116642276,266.1452239469448,273.8863217187294,4037400
2023-04-27,272.4958190917969,273.21893824108884,266.8128308183911,266.9982575919135,3133600
2023-04-28,278.62371826171875,278.8832986795611,271.9858438144428,272.34738911794227,4063400
2023-05-01,275.9908142089844,277.7151637237487,275.68486297756317,277.1774715512722,2970000
2023-05-02,272.8201904296875,276.8900716222387,269.8257218418277,276.6768337489504,3413200
2023-05-03,271.7076721191406,276.9734901557122,271.1699799919718,273.0797560492278,2743400
2023-05-04,264.9122009277344,273.1075566094971,264.5228162153623,271.37392748537377,4422500
2023-05-05,268.50006103515625,269.6589073922876,265.2367598786475,266.2287391504673,3806600
2023-05-08,266.9332580566406,268.70397841713145,263.69776857119274,267.9252371781759,3736500
2023-05-09,269.3900146484375,269.8350217811162,264.9215251359186,265.3016300903047,2570000
2023-05-10,267.95306396484375,272.1620014632911,265.0698680773702,270.4376235327496,3571000
2023-05-11,266.7107849121094,268.3424494887692,264.23547686875133,267.6842044471447,3859700
2023-05-12,269.2880859375,269.7516244867578,266.48832328515624,266.99820437248064,3438300
2023-05-15,267.49884033203125,269.7052884060695,266.0155112804624,268.7782112853575,5353600
2023-05-16,261.74163818359375,265.22745677335627,256.88376373439746,261.20394596962683,12362100
2023-05-17,271.06805419921875,272.60697710276617,260.7033119676144,261.57476660002,7956900
2023-05-18,273.6360778808594,274.34991705655517,270.3356856965775,271.3091053263579,4547000
2023-05-19,269.66815185546875,274.1922919672096,268.80597706893406,274.1922919672096,4470600
2023-05-22,269.4642028808594,271.62427983162047,267.0723283891012,269.5291050606528,3736200
2023-05-23,273.43206787109375,276.0556830948569,268.1848091314252,268.1848091314252,5352200
2023-05-24,269.8721008300781,275.8239188957946,269.01917760325324,275.6848630142858,4978200
2023-05-25,265.83935546875,270.5118319225914,265.19967001349175,270.5118319225914,5355900
2023-05-26,271.4759826660156,271.9117100474159,264.8566666907835,266.0711354638494,4626100
2023-05-30,271.0773010253906,272.9778257937749,267.87890244643904,271.89313328770737,5193300
2023-05-31,264.6718444824219,270.78790472529874,263.280535525806,270.40506323360114,18288800
2023-06-01,269.2845153808594,270.05951631893845,261.43166456956084,265.23201019984776,4305100
2023-06-02,276.33428955078125,276.5863920771854,270.52635684770473,271.3947384900287,4515600
2023-06-05,273.68243408203125,276.12885723461784,272.0670345328422,276.0354764319455,3028800
2023-06-06,276.39031982421875,277.2493833564285,272.328496924935,272.48724714677934,2855400
2023-06-07,281.7127380371094,282.1796136198717,277.4267951110261,277.6135567424607,4842700
2023-06-08,281.1431884765625,285.21435915034004,280.86307447196225,282.142309252686,3757300
2023-06-09,277.6509094238281,281.46060156767896,276.4837204893878,281.0404306487746,3485800
2023-06-12,280.92840576171875,282.56247055604007,277.93107203211,278.63138551539055,4456600
2023-06-13,280.20001220703125,283.97237455793066,278.8834482574587,282.36632155672174,4043400
2023-06-14,279.8546447753906,282.50649552766333,276.0449513203064,281.04984551579287,4176000
2023-06-15,282.01153564453125,283.3281282956153,279.73318036836366,280.9097160344017,4109700
2023-06-16,280.480224609375,285.70923767347927,280.25613341239995,284.1778718386066,10809300
2023-06-20,281.44195556640625,282.69317876804405,278.4726335582289,279.9105899043321,3371100
2023-06-21,280.77899169921875,283.4588530310194,280.2934228474698,282.805215805584,2713300
2023-06-22,281.2271728515625,282.76785659555264,279.75185852900717,281.5259800674147,3052000
2023-06-23,280.8816833496094,282.2916567158054,279.2849768494465,280.424154401193,8525900
2023-06-26,287.49267578125,288.7252057304385,281.97420267117883,282.61849329035334,4440100
2023-06-27,292.9550476074219,294.56110056585885,287.4926267187098,287.7353826164569,5342500
2023-06-28,286.2041015625,292.2081151940046,285.7839021063582,291.3303867491328,4025600
2023-06-29,287.4272766113281,287.7167371788763,283.8883518875262,286.4561674676507,3279700
2023-06-30,290.0605163574219,290.79815936449444,287.8755132477753,289.07071376719296,3230700
2023-07-03,289.4815368652344,290.7701180810103,288.4357400802061,289.2574456958212,1483300
2023-07-05,290.20989990234375,291.6105268873856,289.45356361008743,289.9297859036669,2496000
2023-07-06,282.01153564453125,287.5767134808494,281.5633532923842,286.51222340284806,4828300
2023-07-07,282.7491760253906,285.3823610382274,280.9563898221396,281.9834932635037,2951900
2023-07-10,289.7243347167969,289.9577725276908,283.1133884504455,283.1133884504455,3246700
2023-07-11,292.8804626464844,293.7301798257767,290.1538960659073,292.18014910819375,2913800
2023-07-12,296.4847106933594,299.9769600288248,295.07476556864196,295.3548795680351,5300500
2023-07-13,293.75811767578125,297.3250539100449,292.70297431627915,297.0262467028574,3235600
2023-07-14,295.5322570800781,295.90575186379465,293.4033054674859,293.98222665662036,2942100
2023-07-17,295.11212158203125,296.76487981422264,293.3379996031001,294.8039961550539,2002500
2023-07-18,295.7750549316406,297.23170460129967,291.4517820868112,293.69277938660764,2315600
2023-07-19,298.3148498535156,298.74436743563876,295.7096759723741,295.9991365707425,2361400
2023-07-20,297.95068359375,300.15435136639286,296.8208525576138,299.11787265879923,2101900
2023-07-21,299.2392578125,300.5651970972394,298.3241713486192,299.79951424965503,3673400
2023-07-24,303.5718994140625,304.0854797738434,299.68751872476673,299.706183493987,2621900
2023-07-25,303.5905456542969,305.24327509296074,302.37665194306663,303.53452285948293,2890800
2023-07-26,307.7550354003906,309.03426990530005,302.7594610926929,303.1796605048241,3448100
2023-07-27,307.86712646484375,311.3500289967787,307.13880160647824,309.7346290243274,2608600
2023-07-28,309.41717529296875,310.93919452822036,307.6710648560018,310.0054431933008,2268200
2023-07-31,311.7235107421875,311.93828378602285,309.5198714923697,309.6785932456088,2690000
2023-08-01,310.0707702636719,312.7786430658214,308.9596040472595,309.78130966905945,2547200
2023-08-02,306.73724365234375,310.50025953509515,306.1956805396128,308.16588172952174,2752600
2023-08-03,307.99786376953125,310.0988041383605,305.9342814305351,305.97161096454073,2451300
2023-08-04,304.80438232421875,307.6896699702296,303.7772503557787,306.4197820789392,3591600
2023-08-07,307.3628845214844,307.5869756831499,304.95379055028275,305.53271171513495,2111000
2023-08-08,306.0929870605469,306.76528908297945,301.96582260002896,304.9444627942753,3272600
2023-08-09,306.4664306640625,308.9969165804086,305.1125087102399,305.66341842196624,2698900
2023-08-10,307.5776062011719,310.8457350465003,307.1480886746161,308.7541417041532,3075100
2023-08-11,309.1742858886719,309.6224966358021,306.59715245617684,306.7558741715762,3108400
2023-08-14,308.0911865234375,311.6767873242159,306.671866615585,309.5011313058145,3974800
2023-08-15,310.13616943359375,315.7666886141263,306.7559658022849,309.78133938143554,5860900
2023-08-16,310.9671325683594,315.4304617565004,309.7065628644323,310.5842911918587,3753900
2023-08-17,305.5981140136719,313.41360757165444,305.39268759476954,311.6581506275488,3885100
2023-08-18,305.6820983886719,307.101418322797,302.9368678270403,303.5251355896503,3472000
2023-08-21,302.5914306640625,306.14902068062423,302.0685322387713,304.97248497580546,3109700
2023-08-22,302.9836120605469,304.69236428846364,300.6959101283929,303.7212550218051,2582200
2023-08-23,304.4869384765625,305.27128609877786,302.610089365224,303.0209421905501,2728000
2023-08-24,301.21875,307.2040976937134,300.9573008439233,303.58113903392126,2490000
2023-08-25,301.4709167480469,304.72038137649633,299.9209147398573,302.0031618028133,2418100
2023-08-28,304.31884765625,305.74748580849837,301.4802361166824,301.78838996087137,2099900
2023-08-29,307.5589904785156,307.98850807355876,305.12188490457106,305.1405781668512,2628200
2023-08-30,310.6976318359375,311.6279394813977,308.1040121239949,308.2261795274986,2256200
2023-08-31,310.38751220703125,312.5488715404404,309.8048941352287,311.2332777205969,2914700
2023-09-01,312.99993896484375,313.34765724803736,311.1769201158263,311.98506042266314,2317400
2023-09-05,308.0194396972656,312.2669364591606,307.6341535335367,311.8346760686964,3141400
2023-09-06,306.34674072265625,308.79938031095395,305.93326429985007,307.7845018862981,3199700
2023-09-07,308.620849609375,310.0304204500264,304.7492042777072,305.4352057441627,2454000
2023-09-08,308.8933410644531,309.62631674279095,306.98572303763854,307.7562953009093,2210300
2023-09-11,308.5738525390625,309.99282972235915,307.8220928809595,309.4384019558944,2087800
2023-09-12,306.6098937988281,308.9497725660775,306.24342023810306,307.12672504629563,2190500
2023-09-13,306.2339782714844,308.18857061600465,305.40702542956666,306.38433594072336,2564300
2023-09-14,309.7579040527344,310.3874963196002,305.66073644888775,307.6529540487283,2707600
2023-09-15,302.0240173339844,309.3256121011189,301.0185166595151,307.58713579095405,7117800
2023-09-18,298.1336975097656,302.25902739899175,297.804791846965,300.85886259991787,2740400
2023-09-19,295.6434020996094,297.8235454204311,293.5102616845626,296.90264407189744,2776500
2023-09-20,292.11944580078125,297.2784945528476,292.0630652616585,296.00987506700204,2320000
2023-09-21,288.2666320800781,291.52744031244873,287.8907235948759,290.74746175122436,2766500
2023-09-22,287.2987365722656,289.10297117307783,287.04499546936347,287.7028066604089,2289200
2023-09-25,288.0129699707031,288.7647584694902,286.15235437652797,286.15235437652797,1882300
2023-09-26,284.3010559082031,287.37391008661865,283.44591280411476,286.16167110634035,2655500
2023-09-27,283.6244812011719,285.8797890245699,281.8202177357765,284.7333368183216,2513900
2023-09-28,285.19378662109375,286.4905965019763,282.61897949271776,283.4835289725711,2369600
2023-09-29,283.9439697265625,287.24237485812006,281.74504253145534,286.5657796690261,3502600
2023-10-02,281.75439453125,285.1561827998999,280.466991129186,282.40279939003705,2806800
2023-10-03,274.340087890625,280.3166547390853,272.58282742438513,279.9501812176727,3609200
2023-10-04,274.7629699707031,276.47322752950396,272.85532316064507,275.67446495282707,2956300
2023-10-05,274.1145935058594,275.02611726035445,272.74259037663,274.3964962432099,2469300
2023-10-06,275.16705322265625,276.7833624078282,270.0644132177301,273.2312447271101,2922500
2023-10-09,277.55389404296875,277.71365803012867,272.2163257754794,272.79894382666254,1929900
2023-10-10,281.1811828613281,282.5437794319888,277.3753531923384,278.8037079382006,3116300
2023-10-11,280.0817565917969,282.7129730958281,278.0613771526027,281.66987560478026,2292800
2023-10-12,275.3550109863281,279.75289470122925,273.2406542941288,279.75289470122925,2546400
2023-10-13,274.3212890625,276.9618827768009,273.35338491111344,275.2797868981728,2092700
2023-10-16,279.4051818847656,280.3824925825717,275.88125399526155,276.6800167191089,2567000
2023-10-17,278.0989074707031,280.37299883334504,276.7457172888874,278.80369282882424,2139700
2023-10-18,272.7425231933594,275.6462353839985,272.1223086461662,275.33614244929646,2720100
2023-10-19,269.4817810058594,273.776280988846,269.15290403888184,273.4567816612303,3028600
2023-10-20,269.1434631347656,269.86703251804687,266.51224699250264,268.6266032800283,2885300
2023-10-23,267.8843078613281,270.8725918444512,267.188899919957,268.5890934428835,2590900
2023-10-24,266.2303771972656,270.55306743270427,265.0275443965849,269.4535894090699,2705200
2023-10-25,263.9938659667969,266.15522552763395,262.3681789846332,264.7644383844291,2962800
2023-10-26,261.2404479980469,266.1645393517646,261.005519537617,263.6179228704858,3108200
2023-10-27,259.7933044433594,262.80980679953365,257.7259510089266,262.16140189514425,2907300
2023-10-30,264.5107116699219,265.30006800239113,260.2631859618496,260.7424492871258,3074400
2023-10-31,267.5272216796875,268.19441069147047,264.64229237784605,265.5538162437184,3036000
2023-11-01,269.3502502441406,269.53817585269815,265.0181534404925,268.37293957512924,2747300
2023-11-02,276.7739562988281,276.89612370419707,272.517053133204,272.75198162728435,3628000
2023-11-03,277.788818359375,279.85620045623006,276.435656697007,276.4450343353157,3071900
2023-11-06,276.8115234375,278.56878379781773,275.54290396887643,276.980665052572,2890300
2023-11-07,276.9994201660156,278.1552784375811,275.862374523805,276.8490625201201,2629000
2023-11-08,278.08013916015625,280.0441376939248,276.37923068331685,277.243780056136,2454900
2023-11-09,270.51544189453125,275.0918441021107,270.3368939552883,274.349490752409,4059100
2023-11-10,274.01116943359375,274.01116943359375,269.50055423781646,271.7934584210443,3653500
2023-11-13,270.7033996582031,272.45125380886356,269.9234210339716,270.4402809039813,4586700
2023-11-14,285.3253479003906,289.65741539404274,282.04575543002085,282.75054088430386,7952800
2023-11-15,289.6104431152344,290.305822257908,285.68244570629315,285.76701652004044,3985900
2023-11-16,287.9659423828125,289.3849196106586,285.983131054791,287.4397048700604,3114000
2023-11-17,288.74591064453125,290.09910109963846,287.03565295853906,289.90176918929234,2770300
2023-11-20,289.6104431152344,291.0012300783754,287.3081324779808,288.6707291698727,3459000
2023-11-21,286.9322814941406,287.6182830672563,284.1131393745152,287.1484260473187,2977200
2023-11-22,290.5596008300781,291.1797868775003,288.0035774221112,288.85872066395353,2873500
2023-11-24,291.96917724609375,292.6081759402712,289.72324682094325,290.54079348522885,1259900
2023-11-27,292.1759033203125,294.02714113500156,291.0764252700691,291.95975876608094,2992600
2023-11-28,294.4499816894531,295.6152178740259,290.7381285914562,291.97852927789364,3116900
2023-11-29,294.23236083984375,297.10828175406624,294.12831206230163,297.10828175406624,3083800
2023-11-30,296.56903076171875,296.8244756982849,291.93351930716716,295.67032535593574,4493700
2023-12-01,302.3681945800781,302.82229650590233,296.1055201470252,296.89070738566977,3613600
2023-12-04,306.53070068359375,307.5334838617171,301.7438213252725,302.3682006594487,3827900
2023-12-05,306.0387878417969,306.43613065571066,302.73717306310186,304.6197517312476,3269800
2023-12-06,308.5078430175781,310.5891071649236,306.71040336506627,307.4577703366619,3030800
2023-12-07,308.56463623046875,309.73769665861266,307.15504095078455,308.50784823425494,2742300
2023-12-08,308.8484191894531,309.61469622741555,307.51452204587014,308.4037868082588,2889300
2023-12-11,313.44610595703125,314.16509340513085,311.0621359712127,312.00815993119215,3520700
2023-12-12,315.2152099609375,316.463939705852,312.49065620773956,312.60417446906257,2893400
2023-12-13,324.8646545410156,325.2809074346244,313.9948473933339,316.8234500777709,5822700
2023-12-14,332.8207702636719,334.01276998978886,329.2164203846077,330.8624932480132,7594800
2023-12-15,334.89251708984375,335.2520108517407,328.03384265791897,329.42449918030997,11212800
2023-12-18,331.8746337890625,335.76280693387275,331.41109132811465,334.61809725670645,4420500
2023-12-19,333.06671142578125,333.90865786120565,331.48683847767137,332.4896217128677,4654700
2023-12-20,329.8406982421875,335.62089044502466,329.5095841013051,332.05439071585016,3259500
2023-12-21,330.13397216796875,333.23692950506813,328.2703038701452,332.8774357922353,2794200
2023-12-22,329.7745056152344,332.3760716382675,327.9770657733929,330.20022796714807,2029900
2023-12-26,330.4556579589844,331.1935555617477,329.3677360776537,329.62315217733084,1585500
2023-12-27,329.7177734375,331.10842999830743,328.44063514771943,331.02329129503727,2764300
2023-12-28,328.61090087890625,330.2002432279063,327.1351056672628,329.68938215607193,2859400
2023-12-29,327.8445739746094,328.79059788320194,324.50511073209196,327.1634356056084,10325700
2024-01-02,326.4539489746094,328.5541234078642,324.69435819368954,325.6309127144784,2833600
2024-01-03,320.0020446777344,324.20239298556004,318.42217210608584,323.9942665785828,3309600
2024-01-04,320.3142395019531,324.4105392927469,320.26694985352185,321.58190810571926,3652400
2024-01-05,324.42950439453125,325.2714508237555,319.5858656631314,319.633155319582,2664300
2024-01-08,329.1501159667969,329.651507520673,324.7227306755478,324.8930080628203,2736200
2024-01-09,327.5040588378906,330.2664328176976,326.6147939466257,327.1445650898862,2338100
2024-01-10,337.5413513183594,337.5981104486744,331.4016648029411,331.6949299330225,4109300
2024-01-11,337.285888671875,341.5146165187638,334.1924010152968,337.8156597285913,3530400
2024-01-12,336.51019287109375,339.1779875110163,334.3532592808155,339.1779875110163,1956100
2024-01-16,339.0834045410156,340.23755507504865,336.98322992565596,338.73338025018296,3669400
2024-01-17,336.500732421875,340.3415873704619,334.93976979946484,337.38052777134834,2646100
2024-01-18,338.58197021484375,339.34824731441034,334.9208621012791,336.8980487173523,2510700
2024-01-19,342.8486022949219,343.36890400898386,337.04946986232824,339.44290971366996,3234600
2024-01-22,337.43731689453125,341.94984116875514,336.49129285521167,339.96318491211156,4003700
2024-01-23,331.8463134765625,336.671041881971,330.2191509637288,336.6426623154247,3878400
2024-01-24,328.5257568359375,333.8234972156019,328.3365693508124,332.9437017903459,3474400
2024-01-25,332.02606201171875,333.8329714118169,329.462344919701,333.55861635359184,3064200
2024-01-26,336.1222839355469,337.77782577933084,332.0733027524209,332.4990250603945,3177700
2024-01-29,336.500732421875,337.13455230447454,333.95592567268943,335.98040192428493,2732000
2024-01-30,337.8251647949219,339.55637595364954,334.930333762059,335.36549670369993,2336500
2024-01-31,333.9085998535156,339.60368241651014,333.3315391112153,338.60089935552054,3377900
2024-02-01,340.6348571777344,340.7010857843986,333.30317142377385,334.3248646065285,2439100
2024-02-02,337.94818115234375,340.14293500282537,331.12732697774624,335.06279048294084,3697600
2024-02-05,335.9709777832031,336.8507731757971,331.82738803697174,334.5708518675167,2653800
2024-02-06,337.0210266113281,338.6765684964364,335.1762683912066,335.69659887731336,2045300
2024-02-07,343.1134338378906,344.09730684422345,338.41169358165223,339.13068103286014,3272200
2024-02-08,344.08782958984375,345.9136488703482,342.12955309959017,343.2742339865438,2521900
2024-02-09,343.548583984375,344.7594934584765,341.32542197752787,344.475697827968,2389900
2024-02-12,345.7244873046875,348.8179754357078,344.4000305894101,344.56086737467496,3119700
2024-02-13,338.2887878417969,340.02946889314876,334.77904616810673,339.1212937512189,3106500
2024-02-14,338.8941955566406,339.60371357264285,334.8735934659613,337.8914124036531,2998900
2024-02-15,341.59033203125,342.1201320301433,337.5886690021726,339.52800664729585,2662800
2024-02-16,342.7918395996094,344.34330411640826,339.76455092094966,341.2119666441621,3899600
2024-02-20,342.9999694824219,345.53530717565826,335.42230710091536,336.13182518546495,4830000
2024-02-21,344.4757080078125,345.4027930084433,339.5753108404895,341.1267751170497,3277800
2024-02-22,351.2965393066406,352.82909352642304,347.3326965429512,347.60705157931983,3387500
2024-02-23,351.8830871582031,354.0494902524002,350.26539416419814,351.99660542159125,3398200
2024-02-26,351.5425109863281,354.64546843510954,350.7100052783009,353.3494202229872,2461000
2024-02-27,355.28875732421875,355.51579383688073,350.60592715804415,352.54529360489914,2802900
2024-02-28,357.2281188964844,359.33776286954514,354.81576917632765,355.28878118972017,2282500
2024-02-29,360.0661926269531,361.17305344632337,357.73898159409845,358.3444508317894,4382800
2024-03-01,363.698974609375,364.31388449661,359.3283190425118,359.82971065768675,2750900
2024-03-04,359.8391418457031,363.77460512373386,359.59316636883835,362.2325813948252,2619000
2024-03-05,358.0227966308594,360.4162362113052,356.6699603607592,359.58373046673944,3011600
2024-03-06,359.2028503417969,361.467858110459,357.72775488390147,360.2401802191281,2496300
2024-03-07,358.3559265136719,361.92473482064526,357.43279360321327,359.6121540080552,2368500
2024-03-08,355.310546875,358.42253714077987,354.12094415280103,356.8808166596956,2162900
2024-03-11,353.56890869140625,354.9583854108367,351.046957039474,353.6069841058783,2833700
2024-03-12,356.4430236816406,357.73729740357743,354.4159361514301,354.5111101705215,2843800
2024-03-13,360.677978515625,364.2182369787288,357.62308720212616,357.86100771969217,3761200
2024-03-14,357.13775634765625,361.8295715035816,354.18756486444147,359.7358591190083,3877500
2024-03-15,355.1962890625,360.13552104585824,354.53962614843294,356.0432709538285,9234900
2024-03-18,353.9400634765625,359.35513649278295,353.2072787767917,358.2987543484065,3455600
2024-03-19,361.0776672363281,361.12523971860645,355.1011055020863,356.7760750979091,3493800
2024-03-20,365.83612060546875,366.2834123554852,358.05136797525535,361.0872362064885,2750400
2024-03-21,376.1047668457031,377.694059643426,369.5286402364784,369.6428374383468,4212200
2024-03-22,371.4224548339844,377.26579633386206,371.24163292809044,375.61937599604937,2910900
2024-03-25,364.97955322265625,371.02271035888486,364.38951506169764,370.29945182756217,2683900
2024-03-26,361.5725402832031,365.69333966421044,361.0681499779584,363.9327221312893,2720200
2024-03-27,367.2445983886719,367.65381469780914,362.3434126211228,362.44811274847837,2536500
2024-03-28,365.0653076171875,368.8815335932938,361.37277593428155,368.4247447124636,4108200
2024-04-01,350.24755859375,364.6274900831203,350.0667366731182,363.038168213102,4333200
2024-04-02,345.4606018066406,349.1340807667387,345.4225263906458,346.88812495460195,4650500
2024-04-03,342.5103759765625,344.88958118485067,341.6538679101852,344.50891416013104,4723000
2024-04-04,340.39764404296875,347.3639639338326,339.66485928687405,345.0894297909801,4381600
2024-04-05,340.5784606933594,341.9679083955428,338.8178430400064,340.39763877505095,3243400
2024-04-08,344.5564880371094,345.05138130997057,339.99795175062224,340.7688119177749,4339600
2024-04-09,343.9569396972656,346.84053515045923,341.39691265629136,346.06014889820756,3022600
2024-04-10,333.6216735839844,336.8859362062012,331.89913131194425,334.8683748075486,4805200
2024-04-11,330.58575439453125,334.9063985804929,329.0821096921457,334.07843993070236,4104700
2024-04-12,326.3031921386719,329.3961585386283,325.00891860119015,329.3961585386283,3550300
2024-04-15,321.6019287109375,329.3581321048353,320.89769324276295,329.20588852498656,4209200
2024-04-16,318.6517333984375,321.7732498052189,316.8720923584024,320.5456006968847,4525500
2024-04-17,316.74835205078125,320.9547998642604,315.901370053443,320.5075080993183,4273800
2024-04-18,316.8054504394531,320.66927722528135,315.32079972713973,319.4320731388587,3717300
2024-04-19,319.1560363769531,319.6414034523953,316.510361787592,318.5374489344063,3076600
2024-04-22,319.8698425292969,323.04848616044313,317.58581139902043,321.8779067737744,3112800
2024-04-23,322.6202087402344,323.75271268137857,320.0411585664245,321.6685267085523,3697400
2024-04-24,316.91961669921875,321.2402318580883,315.78711285085984,320.78344310784496,4029200
2024-04-25,315.9394226074219,316.8244799581416,311.10486144986123,313.7886118453001,3787800
2024-04-26,318.8991394042969,319.6033748380274,314.99723713251115,315.0067632469232,2465300
2024-04-29,320.5264587402344,321.0403751086033,318.00450746318893,318.8134429030409,2427400
2024-04-30,318.0711669921875,321.135584268965,316.7768643381109,319.4986900271516,3089900
2024-05-01,315.9299011230469,319.1846666141771,313.51262050884054,316.91965861786895,3267500
2024-05-02,319.31787109375,319.7651628105932,314.9877294645689,319.289321794506,3213600
2024-05-03,326.2841796875,330.1194569878816,323.92399787071525,324.79003197635365,4165100
2024-05-06,325.7512512207031,329.6436272506658,323.99063365097624,329.2819834312263,3366100
2024-05-07,324.22857666015625,328.84424064931716,323.933557532883,326.9979750536528,2930700
2024-05-08,322.4584655761719,323.99068901356134,321.3164643672026,322.41089308360324,3123200
2024-05-09,330.6524353027344,331.1949010768794,322.50603874780165,322.8581564823414,3801400
2024-05-10,329.6911926269531,332.9078824761553,328.04480133283295,330.6714239381274,3413700
2024-05-13,324.4855041503906,331.93719087780204,323.9525645249882,331.24245252470934,4055600
2024-05-14,324.0477600097656,327.6165679393886,316.91014415051967,318.86108086816694,5854300
2024-05-15,331.822998046875,333.5074648447299,328.0352929765145,328.5016078941227,4151100
2024-05-16,326.1700134277344,331.4232881133356,326.11291482573034,331.18536759064114,3101600
2024-05-17,327.5784606933594,328.26367291098916,324.1333764202594,328.10190323133,2739000
2024-05-20,321.4972229003906,325.99866021051645,321.2307530998822,324.6472880233058,3237400
2024-05-21,319.90789794921875,322.62019745322795,316.2724657450529,322.62019745322795,4275100
2024-05-22,314.6165771484375,319.0514191518644,313.03678140140306,318.48993020660447,4024400
2024-05-23,311.0953674316406,315.00676681916275,310.24835644425093,314.98774363315465,4021100
2024-05-24,309.391845703125,311.71395226939325,308.744708868075,310.619523701258,2736900
2024-05-28,312.8179016113281,314.9972325959541,308.80180219656404,309.66783634766836,3807500
2024-05-29,310.1626892089844,311.0001740296502,308.126075754817,310.7527274118089,3506200
2024-05-30,315.4525451660156,316.44918332686865,312.12724976181374,312.6543312364185,2921800
2024-05-31,320.9052429199219,321.19274986360244,314.3313327524854,316.2862395938313,5557800
2024-06-03,314.331298828125,319.7360836957874,313.2100774341533,319.7360836957874,3712800
2024-06-04,314.5709228515625,316.0371176777578,311.5426975465252,313.23887454312444,4296800
2024-06-05,316.48748779296875,316.67912983447576,312.32847823263944,314.80087405608595,2422400
2024-06-06,317.2924499511719,318.0015810598297,314.37921606017284,316.0466450972576,2979400
2024-06-07,313.3921813964844,315.107542937338,310.4214518647914,312.1464057436452,2583800
2024-06-10,318.6915588378906,318.9215409838502,312.8842756929544,313.36342466032494,2691000
2024-06-11,321.7198181152344,322.2852104476085,316.5450145650037,319.11324628509027,3250900
2024-06-12,329.7886047363281,335.8737721084961,328.75362677971117,332.558070051775,4793000
2024-06-13,333.3726806640625,334.14889962936553,328.76327006963595,331.4752402794711,3380800
2024-06-14,332.37603759765625,333.0085177162356,327.4408092991932,330.43069404525505,2589000
2024-06-17,334.9251403808594,336.06551730429726,330.0378148868301,330.5074007784966,2680200
2024-06-18,339.1128845214844,341.5469694573728,337.4262708027671,338.23126680119634,3655000
2024-06-20,338.7007751464844,340.1190664118534,335.011322785201,337.32082398151124,3661200
2024-06-21,340.9623718261719,341.39361756738697,337.36875479914676,340.0424140558339,6596400
2024-06-24,336.2475891113281,342.77359580611244,336.09425793005653,342.01653223762537,4278900
2024-06-25,324.21136474609375,332.5197914745589,320.57940737985103,331.8681558968228,4879600
2024-06-26,327.5653991699219,328.30327803369664,323.45429294047636,325.3038008911262,3365300
2024-06-27,327.2491760253906,330.38282921520755,324.33597114960276,328.5332918413499,2912600
2024-06-28,329.8844909667969,330.88112906572627,326.50170022935544,327.11502498098395,6344000
2024-07-01,322.1701965332031,330.27738916224854,321.4035698559871,329.5778503616455,2643600
2024-07-02,321.0010681152344,322.78348827929216,318.6628187584535,321.02981588417293,2995900
2024-07-03,319.72650146484375,325.47628843452264,319.63066583303,322.9463681302981,1733000
2024-07-05,320.6273193359375,321.9114643408698,317.8099502323126,318.83530682575224,3437500
2024-07-08,325.4379577636719,326.5495867860818,321.0297817768545,321.8730885693675,3534500
2024-07-09,323.0326232910156,325.112142522536,321.5760210667011,324.81507252445164,2254300
2024-07-10,329.8269348144531,329.93236278142325,323.54050349019116,324.51798597784983,3263100
2024-07-11,339.0362243652344,339.36204214389505,330.6127775825928,336.15173830968655,4146900
2024-07-12,344.7668762207031,348.7725842644884,339.3237503581089,340.1958050861727,4019900
2024-07-15,343.511474609375,346.11804620044785,340.2245196630944,344.1631394408426,2884000
2024-07-16,353.7268981933594,354.0144050957077,344.50807754302406,345.04472200015874,3210400
2024-07-17,356.3814392089844,359.5438107508556,350.1812502931894,351.35037496377765,3991100
2024-07-18,350.8136901855469,360.070851615325,350.52621250711,354.4743952639449,2395000
2024-07-19,348.2071533203125,352.27035679779,346.85597885227,351.1491352504483,2474500
2024-07-22,348.1016845703125,351.963623631261,346.02216542445,349.2995568503204,4049300
2024-07-23,344.62310791015625,350.19081672162133,344.39312575799187,350.19081672162133,2535700
2024-07-24,335.70135498046875,346.3768082591244,335.4042849533904,343.96187869070303,3508100
2024-07-25,338.55706787109375,343.86601709593236,334.76218719136705,335.59593091678994,3297600
2024-07-26,344.5177307128906,346.5876579465901,340.20538962058356,340.20538962058356,2439000
2024-07-29,346.5876159667969,347.75674058001164,343.98104449692124,344.23018206552257,2142100
2024-07-30,348.52337646484375,349.4816743947435,344.2781236541714,347.68966194502,2788800
2024-07-31,352.8069763183594,356.95639356864325,347.900495499988,349.7787512909418,3526100
2024-08-01,343.62646484375,355.98853175154443,338.99789862917703,354.5606479244745,3759000
2024-08-02,340.6078796386719,340.74205540747414,332.2802669818463,340.128730598555,3764600
2024-08-05,335.4139099121094,339.1800142306471,330.8428094958526,336.2476245366017,3827900
2024-08-06,339.1512451171875,343.7031605692432,332.79772476491826,334.20642397987814,2831100
2024-08-07,328.1211853027344,341.41277209923004,328.0061942373607,340.36823092884543,3429100
2024-08-08,333.8134765625,334.19678986155543,327.10539147177474,327.96785370588196,3591100
2024-08-09,334.10101318359375,336.8704790671306,330.9961079217724,333.38228971709674,2314800
2024-08-12,331.38897705078125,336.841694154932,327.8624479828214,336.14212619650675,3830200
2024-08-13,335.4713439941406,338.6528999567299,325.21754503751646,327.6132897241174,6388600
2024-08-14,340.8282165527344,344.69015571517775,334.82926265842,334.97300148681285,4814800
2024-08-15,345.05438232421875,350.1716903490588,343.2048741255747,347.34469943273535,3575800
2024-08-16,346.9613037109375,348.5329261612603,344.9584647918761,344.9584647918761,3308300
2024-08-19,347.9292297363281,349.48166767372106,346.9996795924046,347.3829929080065,3634900
2024-08-20,351.95404052734375,352.3086352972682,345.4663746168061,345.610113445192,3459400
2024-08-21,355.0110168457031,357.32051819651514,353.15191665865825,354.0431558941497,4587600
2024-08-22,350.12371826171875,356.9276394252577,349.4049948129984,356.00768159947665,4097300
2024-08-23,359.92706298828125,360.62663090228364,349.9607718336836,351.36947075302567,3426200
2024-08-26,358.5087890625,362.7923815553233,357.79965802288194,361.35493480262994,2452100
2024-08-27,357.6175842285156,358.6717177112762,355.5285019367271,357.91465422207597,1780300
2024-08-28,357.1480407714844,359.75461218608217,354.76188839840864,357.44511077596644,2218300
2024-08-29,353.88934326171875,359.9247346405228,353.76400314591933,359.2401893038586,2698400
2024-08-30,355.2776794433594,357.1191493722672,351.7875750611866,355.9911177426253,3216700
2024-09-03,351.6525573730469,356.12608114630507,349.87858293892873,354.6991752346499,3598100
2024-09-04,351.5851135253906,352.7998828528719,347.0923176928752,351.10305426554,3221300
2024-09-05,348.86627197265625,352.0478511338265,344.74946730223854,351.8068215179027,2789200
2024-09-06,347.1308288574219,352.3274413165275,346.5234589616382,349.8978734657142,2228800
2024-09-09,352.4045715332031,353.0216214750304,347.11157056357894,349.74362457111476,2747600
2024-09-10,357.5626525878906,358.227896761023,349.4737130120361,352.5781760124658,2787400
2024-09-11,357.1962585449219,357.89042505133744,349.1458924976462,356.28998478869704,2937700
2024-09-12,360.994873046875,361.53477703834335,357.2637392612575,358.59422746257616,2367700
2024-09-13,366.3553466796875,368.29323410682974,362.03611501588813,362.0843091675591,2514700
2024-09-16,368.3028869628906,370.221473203073,365.9118626896661,368.2932363634737,2877800
2024-09-17,369.48876953125,374.0201383116734,367.98474700467585,369.67195440253704,2947600
2024-09-18,370.23114013671875,378.58040955125244,367.3966295036472,370.308256667779,3549400
2024-09-19,376.333984375,377.80908439576046,373.1234829495422,376.8160435899225,3753500
2024-09-20,375.8711853027344,377.7704997276446,373.113820801551,374.3960853276306,6584200
2024-09-23,377.8958740234375,378.5611181334436,373.36453478690834,376.8064154252374,2502300
2024-09-24,386.2837219238281,386.7175575954968,379.50597004251756,380.5375838994214,4057700
2024-09-25,382.6875305175781,386.28370293966896,381.42453769785493,386.28370293966896,2787300
2024-09-26,382.4658203125,385.64739959009364,381.2992157444956,385.165340340606,2849500
2024-09-27,385.1942138671875,389.0603379729844,384.0179882707077,385.3099033647826,2452300
2024-09-30,390.66082763671875,390.76686654879893,384.70255295064015,385.84023514081923,3442000
2024-10-01,394.3726806640625,395.82850908814214,387.0068302500958,389.5231655399299,3476200
2024-10-02,396.5033874511719,396.6961934994467,390.4294231905577,393.0711279127238,3431300
2024-10-03,396.8118591308594,398.15199790062627,392.2033741118168,394.32444647311684,3320700
2024-10-04,393.7073974609375,397.04326849354953,385.1171279340145,395.3560612002995,3989000
2024-10-07,393.4181823730469,395.10538970351786,386.8428873151682,390.3619432853421,3267800
2024-10-08,399.3185729980469,400.3887597784532,393.78454250418963,395.09572947480046,3693900
2024-10-09,401.1407775878906,404.9586784785299,396.0116602825247,404.92975610142514,3627800
2024-10-10,395.2499694824219,399.6078034638441,393.0035865651187,395.0185904825441,3040800
2024-10-11,397.1203918457031,398.3159187556554,394.1701916817744,395.8284766268147,2717400
2024-10-14,400.51409912109375,401.4782175703142,396.54190639535494,396.7154700773603,2088700
2024-10-15,400.6683349609375,406.43377391939794,400.128430979433,402.95332041639364,3693000
2024-10-16,403.589599609375,403.7149397121857,399.01968769187226,399.01968769187226,2429000
2024-10-17,400.6876525878906,403.9656495878622,399.68496111431955,403.5896292518124,2013800
2024-10-18,400.10919189453125,401.7096321928169,398.4123338582645,401.69998159224997,2436600
2024-10-21,391.8177185058594,401.61316514632574,389.8605592976425,401.1407565375503,3699500
2024-10-22,387.4309997558594,388.4915359209698,381.99335764887144,384.2011971077067,4486700
2024-10-23,385.30035400390625,389.77384880588534,382.45619249349073,386.1873265991619,3159000
2024-10-24,388.2312316894531,389.6967106443123,383.8059312918142,387.8552407730512,2550300
2024-10-25,384.5965270996094,389.0410994089385,383.5552626084988,389.0410994089385,1941400
2024-10-28,388.4336853027344,391.2778169951263,387.52741163192223,388.9735892654447,2586500
2024-10-29,380.8942565917969,384.7892736744514,375.090245096331,379.8047981115161,3822700
2024-10-30,378.435791015625,383.4202967117614,377.87661521974945,380.82681553821516,2795600
2024-10-31,379.6216735839844,381.47279411919766,376.4882883417039,376.4882883417039,2518600
2024-11-01,378.50323486328125,384.40363469723235,377.94405914350347,380.63392826497284,3277800
2024-11-04,381.3763427734375,386.11016789917477,377.0378097433692,377.88623868797,2690500
2024-11-05,385.7341613769531,385.86915208776793,379.7276926194815,380.79787943824033,2496500
2024-11-06,374.4346618652344,379.9012261912052,368.0232803287059,379.9012261912052,7133400
2024-11-07,385.10748291015625,385.4160078810892,376.7774852303301,376.9703206928034,4323100
2024-11-08,391.335693359375,391.81775260949064,387.86486087402994,389.50387409344785,3448700
2024-11-11,393.63995361328125,396.83118351887805,391.26820090090126,393.13859315900817,4071500
2024-11-12,388.6168518066406,401.09254690108804,387.758801686034,399.3860678370321,5647100
2024-11-13,395.47174072265625,397.9302309474416,392.12624859731557,394.44977754177955,3083100
2024-11-14,391.1621398925781,396.7347433735102,389.87987529613093,393.3603287883163,3348100
2024-11-15,393.53387451171875,394.23769159496817,388.4433301089599,388.4433301089599,3239500
2024-11-18,395.7127990722656,397.73745380462117,389.45567942915085,390.9500513335343,3394300
2024-11-19,392.203369140625,394.47870395595777,385.03032560204196,393.726692750585,3239400
2024-11-20,385.64739990234375,392.10700561973266,385.5702833682904,391.4321109008789,4732200
2024-11-21,395.722412109375,396.6286857661884,386.01373268487805,386.92962751842606,3722200
2024-11-22,404.92974853515625,405.06473924083014,396.20448834169656,397.3035680737036,4932500
2024-11-25,413.2886962890625,414.81199059505894,409.22973616140075,409.75036839721105,4544200
2024-11-26,414.108154296875,423.60472710296614,409.4611256364972,413.2211817818488,2758600
2024-11-27,414.0306396484375,416.8510021820099,412.8385185020306,415.39720889114784,2293500
2024-11-29,415.910888671875,417.723279607377,414.36987130568616,415.3584401130052,2028700
2024-12-02,413.80767822265625,417.1417129140739,410.1247473688217,415.78484520884524,2617100
2024-12-03,416.1241455078125,417.4131626687613,410.2798971002718,416.4924445759416,2714000
2024-12-04,414.7381591796875,415.62010107308663,412.3926930114449,413.274664482344,1968800
2024-12-05,413.40069580078125,416.5215067879125,412.7610231612137,413.4588451700599,2523500
2024-12-06,418.0818786621094,422.32695989326453,413.856200271508,415.49414311325506,3161400
2024-12-09,415.9593200683594,422.91813670119797,414.8447511522222,419.03168283575445,3426000
2024-12-10,409.5722961425781,414.1468997879835,408.42865262560116,413.74952610954284,3354900
2024-12-11,408.39959716796875,414.81566653002875,408.283298442463,412.1310056912737,4211200
2024-12-12,401.6540222167969,409.72740792056385,400.4521996538981,408.44806272981685,3673600
2024-12-13,404.1351623535156,405.25943271652017,401.4213971256597,402.9624144675581,2649500
2024-12-16,398.05828857421875,405.58895678572225,398.0389153114834,404.978358868303,2879600
2024-12-17,395.88726806640625,397.7578081930247,393.7162797154086,397.37013592713197,3726500
2024-12-18,381.6885681152344,398.05826426703345,381.2621197410935,394.46255734541245,4225500
2024-12-19,373.1596374511719,382.96792066924553,373.03366688238907,382.58021881068595,4576100
2024-12-20,380.5061340332031,381.17488125014467,371.25029987426433,371.56044951233815,8046400
2024-12-23,380.3608093261719,381.126452522717,375.10775637724186,379.0523894047639,2433800
2024-12-24,383.9371337890625,383.9371337890625,378.4708567693801,380.0506502252989,1392600
2024-12-26,382.9679870605469,383.58825690227366,379.5563994097846,380.42866958776204,1319500
2024-12-27,380.7581481933594,383.28776394997544,379.3140562939028,380.0603557942938,1942700
2024-12-30,377.43377685546875,379.1589435727315,373.7992939193114,378.4998977655745,2444700
2024-12-31,377.0072937011719,379.4012074239769,375.3693511762266,377.99589189817743,2179700
2025-01-02,376.49371337890625,380.5740481386197,374.4777995509796,380.0506742344695,2415700
2025-01-03,377.1914978027344,378.96514213212777,373.9253136983043,377.81179712028165,2231600
2025-01-06,377.3756408691406,381.8533192727788,376.0769224698927,378.4708364984502,3274500
2025-01-07,372.3940124511719,379.82772566897313,371.2988167601332,378.85853013035495,2274300
2025-01-08,375.27252197265625,375.7474183187275,368.3912277771826,371.2018889056154,2848500
2025-01-10,377.879638671875,380.8065983641061,372.77195957920026,376.9298164566483,5323400
2025-01-13,377.1914978027344,383.66571664776194,375.7571073915303,377.9765437919743,3512900
2025-01-14,380.68060302734375,382.05687363597167,377.6276431521646,378.5580625400051,3405200
2025-01-15,393.58062744140625,395.43179453866935,389.3840236164079,394.12337459712194,4584800
2025-01-16,396.72076416015625,397.4767354349654,391.477442755934,393.75502842225126,2305900
2025-01-17,396.7692565917969,401.68308485148697,395.94543450530557,400.7526358802148,3229000
2025-01-21,405.5404968261719,407.2753651848872,400.2777719593025,400.2777719593025,3568100
2025-01-22,397.4670715332031,404.68756009943706,396.72077208537513,404.68756009943706,3581400
2025-01-23,401.6249694824219,401.9157163246169,396.1586922291419,398.8918308557819,3840300
2025-01-24,401.7315368652344,402.2258360376368,398.1067551409486,401.33416315884216,2369800
2025-01-27,411.7821044921875,413.0614497040375,401.2469537010833,402.1192237718899,3699200
2025-01-28,405.92816162109375,410.20231757146644,403.86379993234334,410.20231757146644,2818300
2025-01-29,400.684814453125,408.38990088987794,399.10502106428464,407.27533198641675,2384900
2025-01-30,401.7315368652344,404.464675288225,398.8433236121273,403.58270382928123,3081300
2025-01-31,399.2891845703125,403.5536389811842,397.68031644333587,400.4425296156903,2761000
2025-02-03,396.1683654785156,399.21162399459286,388.6571002884131,393.609675139139,2896200
2025-02-04,398.8142395019531,399.8706590282414,393.58058981362177,396.8952513768143,2150800
2025-02-05,401.0724792480469,402.36149621789883,395.56745603924514,402.36149621789883,2212100
2025-02-06,401.4020080566406,404.92019242097416,400.2777377379074,402.1289046748087,2023700
2025-02-07,394.8211669921875,401.5280128813987,393.9779716376876,400.47159333331837,2530200
2025-02-10,401.2372131347656,402.16766205851536,396.1974145631944,397.9904320533919,2617600
2025-02-11,403.53424072265625,403.73779308179894,400.0257576012522,401.2469534461058,1441800
2025-02-12,394.5982666015625,397.0309271724976,389.7328863046941,395.99388089800584,3387000
2025-02-13,399.7253112792969,400.25838657521865,394.9374829237488,396.1199026710198,3067900
2025-02-14,396.88555908203125,405.1237208700587,395.97451294162585,402.21613435663727,3004400
2025-02-18,390.88623046875,396.2749550236835,387.8914199557653,395.7322079158124,3994000
2025-02-19,383.24896240234375,386.36010119579873,380.83567511662534,384.98383059706646,3780000
2025-02-20,382.48333740234375,382.59963613331445,379.05237695120775,380.89384253907724,2703500
2025-02-21,373.4310302734375,385.565377381464,372.0741624309667,384.18910669856456,5287000
2025-02-24,370.6397399902344,374.64249238589593,366.5497339751714,374.19667075700227,5722000
2025-02-25,381.1748962402344,388.65708648239985,372.35521151158747,373.1402574793051,6823900
2025-02-26,378.4514465332031,386.58298090469117,376.590578271973,383.06479672068417,3871500
2025-02-27,378.2479248046875,383.28775333785126,376.3676831303726,377.89902861481465,2825100
2025-02-28,384.3829345703125,384.64460670288895,378.25761201760685,382.270095515439,4263500
2025-03-03,377.6858215332031,384.83848952473875,374.56501063541253,384.72219078951076,3397600
2025-03-04,369.92254638671875,376.009093191168,367.22818397023485,374.25485163102024,4384800
2025-03-05,374.4486999511719,375.19496986340494,366.3656127582498,367.3251068707638,2780300
2025-03-06,369.9710388183594,375.8152869734509,369.0018432398865,371.68650434435574,4222000
2025-03-07,365.1928405761719,368.9242490441334,357.53620229311355,367.80968017123536,4573900
2025-03-10,363.1091003417969,371.31818768531144,361.1319331737632,365.81316415921793,3710500
2025-03-11,356.8190002441406,363.38044278948365,354.4638624004094,362.6923223020247,4013300
2025-03-12,353.49468994140625,360.54073066976764,350.606476666098,360.51165598749105,3368000
2025-03-13,338.68896484375,353.07532116180704,336.74803544841626,352.98754357643656,7062400
2025-03-14,342.6488342285156,342.72687858462234,336.90406120728437,342.00510223403796,5510700
2025-03-17,345.3993225097656,346.7842973167033,342.30746224605076,343.08775699274906,3681300
2025-03-18,340.9517517089844,345.16525410829615,339.0205556679994,344.8141140257527,3008200
2025-03-19,344.70684814453125,345.69192751202104,340.38604209458657,343.3218435200059,2990200
2025-03-20,346.7550354003906,352.85094853670967,343.51690896393063,345.9455112325758,3391200
2025-03-21,342.4927978515625,344.67759348851797,337.74286681866977,343.4096256224308,8205400
2025-03-24,354.8016662597656,355.44539830508603,345.54564061269497,345.8772547393383,4023200
2025-03-25,352.0902099609375,354.68463438606045,349.70062966570566,352.61690523533775,2799500
2025-03-26,353.2021179199219,355.73802394809985,351.2416625677391,351.5050250868104,3140900
2025-03-27,353.78729248046875,356.20613169660567,352.2462290135428,352.9777385697519,3036600
2025-03-28,349.3201904296875,354.24570596222026,347.38902425300813,354.20668378500653,2980200
2025-03-31,357.45458984375,359.649118612828,343.9558031204457,344.78485327513766,4498800
2025-04-01,356.50848388671875,358.23486547596804,352.99726185578413,355.1625313163004,2801600
2025-04-02,361.74615478515625,363.1311296761534,353.3289125871053,353.621504531625,3189500
2025-04-03,347.13543701171875,351.16362120183425,343.03897145036717,347.00863725519486,5407100
2025-04-04,345.1749572753906,356.43045890056493,340.4347898127846,342.0636010295274,7531100
2025-04-07,333.0904541015625,345.4870946225956,325.27792236341213,335.81164827299864,6950500
2025-04-08,326.9750061035156,345.27250785242325,321.61060273292713,341.7417598509406,4868000
2025-04-09,346.6282653808594,347.26223439394323,318.2651840740599,320.4987349812762,6793000
2025-04-10,344.9018859863281,346.5307270835551,331.2860626514122,344.1508801985582,5574800
2025-04-11,345.135986328125,345.73096297817625,335.7141683855604,341.67351928155625,3576400
2025-04-14,348.39361572265625,350.16872288538895,344.88236404246175,348.9787995316896,2841800
2025-04-15,345.3797912597656,352.52909480145286,344.6092892760023,347.7694010975346,2883100
2025-04-16,337.4599914550781,345.0774422015633,335.8311801180516,343.16577215806103,2637200
2025-04-17,346.3063659667969,348.686212708879,339.7812985141896,339.95685365945815,3232400
2025-04-21,338.3475646972656,345.6236384530965,333.3732935083748,345.5553868459223,4015200
2025-04-22,345.69189453125,347.43777230093195,341.78077709780985,342.50252365239595,2802400
2025-04-23,347.6329040527344,355.8453023492893,346.1016033823446,352.9973081273044,3283300
2025-04-24,350.7734680175781,351.51471077589406,345.8674488071751,347.7108671305909,2749500
2025-04-25,348.7642517089844,350.1492562929599,345.9942723062347,348.88131824589044,2811300
2025-04-28,348.12054443359375,351.22213789974984,345.7699567518236,349.16414214301295,2413000
2025-04-29,350.14923095703125,351.69026461497344,345.9845140508135,347.1159190374289,2836900
2025-04-30,351.60247802734375,352.363246734072,343.69243607438716,347.710856923526,3741500
2025-05-01,349.46649169921875,353.9335934542849,348.90080406442195,351.426946862505,3210100
2025-05-02,355.5331726074219,357.2010359770328,352.256023787167,353.15332558857847,2283300
2025-05-05,352.8119812011719,355.2796058235425,350.86128885889616,353.20211371658644,2563500
2025-05-06,350.5198669433594,353.33860153975843,348.32533833879853,349.83711280474967,2299700
2025-05-07,353.8067932128906,354.81139849232886,350.8905179363584,351.5927683099113,2657200
2025-05-08,355.86474609375,360.2050479293798,353.3288701717903,355.0357257620628,3035800
2025-05-09,353.7677917480469,356.55729719930645,352.58763124742273,353.20210408090867,1970700
2025-05-12,367.3055725097656,369.3830643989237,364.27226052282765,365.7547758320617,3831400
2025-05-13,364.3893127441406,371.6068680069841,363.7553437255154,371.6068680069841,2726800
2025-05-14,363.6188049316406,366.52534724710387,361.68760879067077,362.73123634102734,2587400
2025-05-15,369.2952880859375,369.9780124773694,362.360562034571,362.9262794249688,2830500
2025-05-16,371.3923034667969,371.77270275019765,368.82713834602384,370.8558749937571,3129100
2025-05-19,370.0268249511719,371.76293989724985,364.9355168878103,364.9647760815284,4428200
2025-05-20,367.7542419433594,380.141149549978,364.82820358890154,376.84447490818997,6287400
2025-05-21,361.69732666015625,369.0026590709993,359.5125610266778,368.66131176466786,3966000
2025-05-22,357.1034851074219,360.12706407843257,355.58194751830456,358.92737761712004,2957300
2025-05-23,353.7677917480469,355.7282470234159,352.246254143797,353.44594061704106,3115000
2025-05-27,361.2681884765625,361.41448443811316,356.1573844517207,356.8693978182016,3998500
2025-05-28,358.98590087890625,361.9997169046307,358.3714280431873,359.72717347630726,2986100
2025-05-29,359.210205078125,361.2194155598496,355.0844805712754,360.87803848931986,3034800
2025-05-30,359.210205078125,360.5269281986259,356.1183450030288,358.0007557358253,4110400
2025-06-02,358.8883361816406,358.9663805367526,352.91922291918604,356.14761607103776,2506900
2025-06-03,363.8821105957031,364.33079123351627,357.95201939291223,358.8883433164685,3359500
2025-06-04,363.2189025878906,366.11568186218983,362.49715595722296,363.882130830407,2428800
2025-06-05,362.41412353515625,364.65173120952676,360.67704321892677,364.0923218033899,2324100
2025-06-06,360.5003967285156,365.7214917141878,359.1656969307718,364.6027027602177,2349700
2025-06-09,358.4100036621094,360.5200236362479,357.5855950687872,360.4905826114991,2619700
2025-06-10,361.06964111328125,361.6977263464836,355.80928127808215,359.1362671178156,3014900
2025-06-11,353.7581481933594,362.2767882753361,352.6295355292694,362.2767882753361,3793500
2025-06-12,356.4079284667969,358.28242026576095,351.8443898741185,354.1016149994757,2921900
2025-06-13,348.06597900390625,356.0448265751668,346.2405455246013,353.306691331299,3364400
2025-06-16,346.98638916015625,350.4703733618495,345.35724932339485,349.2632614585343,3688600
2025-06-17,342.2952880859375,347.7028527016895,340.95076467589314,345.3965392117476,4230100
2025-06-18,340.57781982421875,344.37586179286234,339.3706779011659,343.5711005108271,4453900
2025-06-20,343.1196594238281,344.6800936368636,340.37173061159785,341.029256814799,8056500
2025-06-23,350.32318115234375,350.4311515416792,342.04010020493996,343.4631529313989,3862400
2025-06-24,353.7188720703125,354.9848660657292,349.1651273095096,350.0385942809393,4089600
2025-06-25,355.132080078125,356.8397493812668,351.67753668874485,352.4430332900918,4159600
2025-06-26,356.7416076660156,358.4394533346334,353.89553205431423,356.46681477833783,3187900
2025-06-27,361.8841857910156,363.2679739364253,356.2509164211952,356.84956060989396,5503700
2025-06-30,359.8232421875,364.05310590502273,357.93892670362305,362.4141422838799,4600700
2025-07-01,366.22198486328125,372.6305739152695,356.20182380791374,357.56596450449473,5152600
2025-07-02,364.9363708496094,367.01694987767564,362.5024695610188,366.70289230169385,3011400
2025-07-03,364.7695007324219,366.24161185457183,361.4817799029181,364.8970884883699,2573600
2025-07-07,360.80462646484375,365.85886852251025,357.948727372024,364.10214091211395,3433100
2025-07-08,360.667236328125,363.51331193088265,358.3216581565993,359.21474252629037,2531700
2025-07-09,364.14141845703125,364.17085948170126,358.0076220659585,360.67705145336043,3384200
2025-07-10,366.359375,370.9131197687654,361.65845505961516,362.139335107544,3701700
2025-07-11,363.189453125,364.8872688029179,360.2844655815346,363.474039714253,3068900
2025-07-14,363.22869873046875,364.3867822893021,359.6367738019539,363.5918446469054,2481100
2025-07-15,351.97198486328125,363.85681479513636,351.8541908102547,363.1011418350773,3868700
2025-07-16,350.7550048828125,354.23901918363697,345.9068498463062,353.16925874283777,4259800
2025-07-17,352.3645324707031,353.6207327845843,348.06596313018207,349.9110138927964,3128900
2025-07-18,352.7178649902344,353.895566021994,350.33305184861166,353.287098137318,3361600
2025-07-21,357.2715759277344,358.9792153040182,353.1496526640813,354.0132960107651,3503900
2025-07-22,364.11199951171875,365.27987681141207,356.95753058128247,357.7034098517231,3095400
2025-07-23,369.3526611328125,370.8542131761193,364.6418878958404,364.7891229580703,3238000
2025-07-24,366.1532897949219,370.8542397107179,365.3387348164886,368.4988678987928,3088000
2025-07-25,368.3614807128906,368.9993895861773,366.1140491929809,367.6941308131501,2221000
2025-07-28,370.2163391113281,373.99473379251225,366.0453574942792,366.7912067820303,4062800
2025-07-29,370.32427978515625,372.66985794264906,367.80205547652065,369.990604849605,2931600
2025-07-30,365.1620788574219,371.49216902935814,362.75764852209244,370.65796668845644,3110700
2025-07-31,360.6770324707031,365.8784795565063,360.01947635410954,362.3061723004507,3091600
2025-08-01,366.7127380371094,367.83152703740154,358.9498009488822,360.9813217062056,3008200
2025-08-04,373.7395935058594,374.799500377209,366.74215357269844,367.87076615381307,2844300
2025-08-05,378.2442321777344,379.7457843118491,373.8769572382241,374.7602179141427,2931400
2025-08-06,379.6083984375,381.6988011462542,377.3707905978855,378.90178385919126,2812800
2025-08-07,378.9901123046875,384.1719422261058,376.23232993128477,381.3945424865872,2433000
2025-08-08,380.638916015625,382.0521452530391,379.01959958322414,379.8832130503719,2326700
2025-08-11,380.3248596191406,384.24066608715714,376.1734949773574,382.72932005224123,2605800
2025-08-12,388.6373596191406,389.01029925120787,381.7675073026407,384.142526567281,2911300
2025-08-13,399.6094665527344,400.2375816783508,391.3362091805463,392.06244108813485,5187500
2025-08-14,392.87701416015625,396.10582291412015,391.9348415001726,393.74065745671953,3600200
2025-08-15,391.9544982910156,395.30110117100907,388.0779270207423,394.7318680980698,3841400
2025-08-18,387.36151123046875,390.7375550691517,385.21222663694164,389.19673826919353,4407100
2025-08-19,399.629150390625,406.6560018120192,393.5640292115498,393.5640292115498,7629300
2025-08-20,394.2706298828125,403.525325145005,394.2019541216186,402.0630076394256,4195300
2025-08-21,390.3057556152344,396.91060859865297,388.8042034117786,392.4746576979641,2942600
2025-08-22,405.11517333984375,406.7933716256393,390.9043832546695,393.41678382937096,5284700
2025-08-25,401.2974853515625,403.42715261673095,399.9725793534293,402.73033178908514,3579500
2025-08-26,399.96282958984375,401.4349408716951,397.1854295326497,400.4142686635609,3180900
2025-08-27,400.6497497558594,404.0356172859075,399.62910761796485,401.18954179915045,2487800
2025-08-28,399.8744812011719,401.34659238986166,397.28355113299205,399.4328358644934,4051600
2025-08-29,399.20709228515625,401.2974949175692,397.86256888876846,400.14926498861274,2210300
2025-09-02,398.7556457519531,400.9932534677738,395.2618377386573,396.174539449676,3328600
2025-09-03,400.1296081542969,401.4152494699107,396.06659703667924,397.4111204010863,3025100
2025-09-04,406.3278503417969,407.83792129647287,401.8963410285511,403.1892762195439,3873100
2025-09-05,413.4932861328125,414.92438214936567,408.62747534026914,411.1640089192477,5855600
2025-09-08,414.4703674316406,415.10201589648227,410.33493893868246,413.04912073563105,3742600
2025-09-09,409.9302978515625,413.2662790249814,407.37403556142124,412.67408784932866,3516000
2025-09-10,407.8477783203125,411.9930561449817,406.3771647705252,410.1079298727741,2897800
2025-09-11,417.90509033203125,419.68163380508923,408.8545136744937,410.28563989230383,5316400
2025-09-12,417.1845703125,417.9938972453146,413.4241970242911,414.79607695763343,5004200
2025-09-15,417.20428466796875,417.7865964303642,412.30889603555926,416.9674202548162,4884700
2025-09-16,415.9607238769531,419.0005943408827,414.6184218980082,418.23075486416656,3726700
2025-09-17,411.5686950683594,421.1917041257131,410.3941920661106,418.9117936201938,4771700
2025-09-18,412.04241943359375,415.9014960996201,410.44349430058867,412.1114848066743,3677200
2025-09-19,410.2757263183594,413.12806900491216,409.69341456048306,411.93383743774535,6718400
2025-09-22,406.6337890625,409.4762825042877,405.77512544364606,408.71629231097626,2656300
2025-09-23,405.5580139160156,408.3412914206909,402.1529371687964,406.63381335149046,2597000
2025-09-24,404.4328308105469,405.3013738357197,399.7348491781662,401.49166388995894,3220700
2025-09-25,402.1430969238281,405.5086561818608,400.327035871153,401.35349861394855,2554300
2025-09-26,404.7486877441406,406.0515023386473,400.5540428167495,402.84383268828935,2316600
2025-09-29,401.5014953613281,405.5974664970994,398.5899366220325,404.70916472976575,3008400
2025-09-30,399.9125061035156,401.6989289059962,398.2247868505837,401.3337528807513,3211600
2025-10-01,391.8489074707031,399.85329250377856,390.16118820719385,399.1229404487115,3787800
2025-10-02,389.8651123046875,392.20423888295346,388.66100126658114,390.3487205501245,2964700
2025-10-03,389.9144592285156,392.14503304277315,387.51611648067524,388.99657942923284,2951300
2025-10-06,384.2590637207031,389.36173905443553,380.69609749904174,389.36173905443553,3653700
2025-10-07,381.77191162109375,384.6736213993068,380.4888557850548,384.3775408587119,2505700
2025-10-08,378.791259765625,381.4264669559456,377.99181218023824,381.4264669559456,2517600
2025-10-09,372.77069091796875,379.3537990801069,372.5436757633763,377.9128236242415,3321400
2025-10-10,370.85595703125,375.30722512932357,369.898589816279,375.30722512932357,2992400
2025-10-13,374.42877197265625,377.33048143281616,372.2771732932456,374.1326914645144,2925900
2025-10-14,382.6700439453125,383.8248182370645,373.08652273122834,373.9353069859447,4399900
2025-10-15,383.24249267578125,389.2334399089142,381.69296436330313,384.16040258583604,3690100
2025-10-16,382.3443603515625,384.92035132199504,378.9688917102049,384.58478334807444,2783700
2025-10-17,386.79559326171875,387.9898248769205,382.1568276730379,383.43988344605526,2657700
2025-10-20,383.8248291015625,388.0589313442833,383.03523080961,386.3119959509989,2761100
2025-10-21,385.8086242675781,388.5030775786968,380.83426050862636,382.51213050369853,2306900
2025-10-22,383.9037780761719,387.9306239889087,383.11420989566517,386.1540805227209,2857000
2025-10-23,380.0151062011719,383.6570475410657,376.33367741485665,382.0877603968987,2767300
2025-10-24,381.6435852050781,384.6242697585249,380.64676067702317,384.6242697585249,2426800
2025-10-27,380.251953125,384.21961300495036,377.9128265438863,382.6503259330651,3065800
2025-10-28,380.7257080078125,384.93023226999725,377.8437269846978,379.4130441598107,2372800
2025-10-29,373.11614990234375,379.9854895393504,370.3131436718416,378.01153894434077,3852300
2025-10-30,374.6064453125,379.6893919626706,371.2112480318076,372.7904144609822,2384300
2025-10-31,374.64593505859375,375.97835768265105,370.12560162389786,372.05018530745207,2643500
2025-11-03,373.4220886230469,373.5504002236492,368.8129009926782,372.09954541392784,2897600
2025-11-04,378.0904541015625,378.68264525770144,371.8429142105345,372.43510536667344,2590000
2025-11-05,368.9708251953125,378.42606499215333,365.70393951546953,377.80426576316364,4763000
2025-11-06,364.262939453125,367.8061767596374,362.762717892198,366.97712121706365,3622100
2025-11-07,366.2763671875,368.7832927329764,362.78249652123185,364.18398449603706,2766400
2025-11-10,365.605224609375,365.8322397538877,358.7161568300282,364.97357612913413,3257900
2025-11-11,369.3656311035156,371.102717290968,366.07901656758423,367.1449366516415,2407300
2025-11-12,366.296142578125,368.694485293403,364.20375979178726,367.21402236494566,3375800
2025-11-13,363.2760009765625,368.6549982166067,361.8448747629194,366.8192386411317,3034800
2025-11-14,357.64031982421875,362.54558778413025,355.11366571610466,361.14409986420856,3413300
2025-11-17,353.36676025390625,359.041868145389,351.46190518176184,356.42638966289866,5127200
2025-11-18,332.0974426269531,344.2569548033688,331.63356305511905,335.5518559984552,10168500
2025-11-19,330.1432189941406,337.2987895104561,327.05398166236455,336.52895002522865,7595000
2025-11-20,328.05084228515625,334.48591014785495,327.8040984697447,331.9789845496473,4025300
2025-11-21,338.8483581542969,342.40147516320377,328.6627661021288,330.2123245104722,7441300
2025-11-24,332.19610595703125,339.2332440876919,332.1664979052651,337.74293198867053,6132900
2025-11-25,346.4974060058594,348.4022609972199,334.4365673240414,334.58460758656526,6316600
2025-11-26,350.840087890625,352.67584736955865,344.4543569171846,345.6979553513615,4517300
2025-11-28,352.271240234375,353.16936125909837,348.89577142769195,350.30713888950993,2119600
2025-12-01,352.6758728027344,357.5712920064443,348.2838507635578,349.43859500420155,5107100
2025-12-02,349.4188232421875,352.8436283360149,346.7243701462065,352.1823417097893,3965300
2025-12-03,353.248291015625,355.77494507202056,349.1424706439592,349.8827020304835,4166700
2025-12-04,348.83782958984375,355.1357208605984,347.67558643377816,353.9238218895759,4022800
2025-12-05,352.25494384765625,353.2582459202786,347.20869456342865,348.3212515511384,5959200
2025-12-08,347.586181640625,349.75169655088473,343.40414957725096,349.61264208251725,7273000
2025-12-09,342.97698974609375,354.30130457500957,342.6690509362978,345.4504738283618,5063100
2025-12-10,348.7980651855469,349.6821387155011,341.7154123979604,341.81475433663815,6316100
2025-12-11,355.0860290527344,360.311106054643,351.58941698130747,353.63573368926075,6609800
2025-12-12,357.261474609375,358.3641186048678,353.685376983985,356.874080453864,3861200
2025-12-15,354.619140625,360.26144152603297,353.25824394888167,357.0032259452497,4387400
2025-12-16,350.3377685546875,356.3575203586303,349.4735512632656,354.5297438344372,3497200
2025-12-17,354.3807373046875,355.1257563740036,348.6490681781143,349.6324836488424,3875200
2025-12-18,352.6324157714844,363.867300898311,352.20527878115774,361.1256513405999,4805200
2025-12-19,342.7087707519531,351.75825446616267,342.62931539004643,351.75825446616267,12825600
2025-12-22,344.0895690917969,345.58952026482746,341.41743149609056,343.0167246120468,3523700
2025-12-23,342.6789855957031,345.19218214085186,339.6691096517906,341.71542634950515,3873400
2025-12-24,345.0332336425781,345.9471370551209,341.6160770277029,342.05315731436633,1368600
2025-12-26,347.45703125,347.725227205995,344.2683580691099,344.68555177843547,1786900
2025-12-29,345.14251708984375,347.99345191206334,342.46043628233815,347.6755698297849,3790000
2025-12-30,344.0498352050781,344.675656115401,341.43729664415844,343.7319531054053,2392600
2025-12-31,341.81475830078125,344.4074101353893,341.6856168104928,343.2054545136881,2317500
2026-01-02,343.5233459472656,346.17559695499574,338.65589391212825,341.1492038747843,3763000
2026-01-05,341.8048095703125,345.0431688048036,338.9836743505026,340.42405666784333,4725300
2026-01-06,346.9703063964844,348.35105937530454,335.46719442807296,339.2320327970689,4680300
2026-01-07,346.7418212890625,356.1191308129272,346.71202173757393,350.9933957525593,4442700
2026-01-08,357.1720886230469,360.8276417408881,341.8147700236527,343.01672568657614,5196500
2026-01-09,372.1519470214844,372.9962777305898,358.9104575386532,361.0859156869664,7093500
2026-01-12,372.449951171875,373.92013311032497,366.7977371705141,372.1519556576171,5859800
2026-01-13,377.2180480957031,377.6551283779304,368.3573048794318,373.3737545217122,4785800
2026-01-14,373.4532470703125,377.56573667341854,371.48638576410264,374.1883228698991,4959900
2026-01-15,376.6419372558594,377.65515234811215,371.9731386334182,373.5227759815251,2990100
2026-01-16,377.6452331542969,380.22794181533516,375.00289507478516,376.731329708075,3709000
2026-01-20,372.6188049316406,374.8340059690943,368.83411032868275,369.7678700259122,5353700
2026-01-21,382.0855407714844,383.3570388141971,372.1916653643805,373.3042223623911,5169800
2026-01-22,378.49951171875,388.00596294559887,378.0028323064579,383.8835298865552,4828100
2026-01-23,381.2212829589844,381.81730428194743,376.6915694083111,378.96636947208333,3138300
2026-01-26,383.9629821777344,384.8470860756858,379.41341213614703,382.4431444008933,3984800
2026-01-27,377.83392333984375,383.93316067638693,375.7578071695762,382.39346672460346,3466100
2026-01-28,372.80755615234375,378.469713599879,371.16852014855374,377.68495163731194,3371500
2026-01-29,369.3407287597656,374.58566195091487,367.69174953292077,372.41020377871445,4744500
2026-01-30,372.1022644042969,372.62874334883867,366.1023688423251,369.93674952409896,3755600
2026-02-02,375.60882568359375,377.1286634393594,365.79443586104213,371.7545886781475,4757200
2026-02-03,378.56903076171875,389.178095078329,374.49625376915304,374.784336298687,5684400
2026-02-04,384.6285400390625,387.9364115092612,381.8073743658894,382.0358578035837,5574700
2026-02-05,379.8305969238281,384.4298529869508,378.300815894053,384.1119708975344,3759700
2026-02-06,382.5921325683594,383.80403150685515,376.58232400440914,378.8074379970947,4685400
2026-02-09,378.4696960449219,383.21794981157694,375.6883035805272,381.8073670021955,3639300
2026-02-10,387.092041015625,389.1383576714219,379.40345378102705,381.26102984396755,3160800
2026-02-11,388.0854187011719,388.82052484623523,379.54252673822134,382.4431478474671,3229900
2026-02-12,387.62847900390625,394.98927147987234,386.4165800338773,390.9363505278487,3702200
2026-02-13,388.45294189453125,391.38336244489005,384.5291928711457,387.6086111767133,2875900
2026-02-17,380.49615478515625,391.383358503058,377.97301500104965,389.6251243794935,3485300
2026-02-18,380.97296142578125,382.5623415911367,377.0194127476642,380.20808605237943,2982600
2026-02-19,376.0657653808594,381.1915004841036,374.88369628532166,381.1915004841036,2930900
2026-02-20,379.7113952636719,382.26433461466456,373.4532470491205,374.94328522543316,3984100
2026-02-23,374.486328125,381.5888678692561,367.1255357042491,378.4597633654655,5495700
2026-02-24,381.9266052246094,391.7310518043431,379.67166133002365,386.52583103885803,5675800
2026-02-25,373.0757751464844,378.9067865045354,368.90365602300443,378.53924859561505,5036900
2026-02-26,372.59893798828125,378.9465150897313,372.4499402355274,375.8869530969669,2889400
2026-02-27,378.1915588378906,379.65179746829824,369.8672073471929,371.3771017910201,4819500
2026-03-02,368.3473815917969,372.61881239151916,366.5494045529221,372.50955747248184,4537600
2026-03-03,364.48321533203125,366.3308481037484,357.72835746807624,361.31439841223744,3964700
2026-03-04,366.6586608886719,367.1156277743356,359.1091580799838,363.76801338863316,4324400
2026-03-05,359.27801513671875,364.54283513606134,356.8145046345245,363.6885307766607,4752200
2026-03-06,355.5429992675781,357.0628370370768,350.8742007260305,355.16551806869916,4167400
2026-03-09,351.2119445800781,354.1224786686976,343.3445596436474,353.23840507608844,4224500
2026-03-10,354.778076171875,359.23827763224915,348.6887821037957,350.69538620676036,3986000
2026-03-11,348.510009765625,353.95362709060527,346.7914880690304,353.09932272941114,3197100
2026-03-12,338.92999267578125,348.6700134277344,338.70001220703125,346.0400085449219,3893600
2026-03-13,339.0299987792969,343.4200134277344,338.0299987792969,341.69000244140625,2531900
2026-03-16,342.5799865722656,345.239990234375,340.6499938964844,342.44000244140625,3194400
2026-03-17,341.42999267578125,346.7799987792969,340.94000244140625,344.8900146484375,3075900
2026-03-18,330.92999267578125,339.79998779296875,330.1400146484375,338.6000061035156,3592200
2026-03-19,328.2099914550781,330.2300109863281,324.6300048828125,328.9599914550781,3845400
2026-03-20,320.75,330.2300109863281,320.260009765625,327.75,9672200
2026-03-23,330.8999938964844,334.7200012207031,328.2099914550781,331.989990234375,5806300
2026-03-24,330.9100036621094,332.5199890136719,323.0199890136719,325.8999938964844,4566400
2026-03-25,332.510009765625,337.19000244140625,326.989990234375,335.0,4397800
2026-03-26,328.42999267578125,334.1199951171875,326.5899963378906,331.44000244140625,3448400
2026-03-27,321.6499938964844,327.5400085449219,320.739990234375,327.5,3977400
2026-03-30,323.5,327.989990234375,322.5799865722656,325.7200012207031,4066000
2026-03-31,328.8900146484375,331.44000244140625,323.4100036621094,328.489990234375,5749100
2026-04-01,329.55999755859375,333.0899963378906,327.80999755859375,329.3699951171875,3386200
2026-04-02,321.6300048828125,326.29998779296875,318.6600036621094,323.6000061035156,3732300
2026-04-06,326.6499938964844,326.67999267578125,318.9200134277344,319.70001220703125,2448300
2026-04-07,318.7699890136719,324.3800048828125,315.30999755859375,323.0,4661600
2026-04-08,336.1600036621094,338.7799987792969,332.25,333.260009765625,4610600
2026-04-09,339.5799865722656,340.57000732421875,328.45001220703125,331.260009765625,3002000
2026-04-10,337.3399963378906,341.2300109863281,335.80999755859375,341.0400085449219,3208300
2026-04-13,341.1600036621094,341.44000244140625,331.92999267578125,335.5400085449219,3741200
2026-04-14,342.7099914550781,342.760009765625,338.3399963378906,341.0,2882500
2026-04-15,338.9100036621094,342.2699890136719,336.6199951171875,341.8500061035156,3365200
2026-04-16,337.1499938964844,341.9800109863281,336.69000244140625,339.989990234375,2856700
2026-04-17,349.3999938964844,352.0199890136719,342.8399963378906,342.8399963378906,4930400
2026-04-20,350.989990234375,351.1700134277344,343.6199951171875,348.3399963378906,3260900
2026-04-21,343.9200134277344,353.54998779296875,342.9700012207031,352.92999267578125,3081000
2026-04-22,339.5,345.239990234375,337.9200134277344,343.95001220703125,2855800
2026-04-23,340.1600036621094,340.8299865722656,336.8800048828125,339.5,2712400
2026-04-24,335.8900146484375,340.2699890136719,334.67999267578125,337.8800048828125,3255900
2026-04-27,332.29998779296875,337.3800048828125,332.1400146484375,334.4800109863281,3282900
2026-04-28,329.05999755859375,335.92999267578125,327.3599853515625,334.45001220703125,4279300
2026-04-29,322.80999755859375,325.8399963378906,319.04998779296875,325.6600036621094,4150000
2026-04-30,328.79998779296875,330.1199951171875,322.239990234375,322.239990234375,4317900
2026-05-01,323.8800048828125,330.5199890136719,323.3599853515625,330.1000061035156,3865300
2026-05-04,312.4200134277344,322.0799865722656,312.260009765625,322.0799865722656,6396100
2026-05-05,315.4200134277344,317.6300048828125,310.3999938964844,313.4100036621094,6391400
2026-05-06,323.04998779296875,325.239990234375,319.3500061035156,321.9599914550781,5455900
2026-05-07,322.6400146484375,327.489990234375,322.42999267578125,325.010009765625,4411700
2026-05-08,317.45001220703125,324.0,316.79998779296875,322.67999267578125,4993600
