Date,Close,High,Low,Open,Volume
2010-01-04,34.862030029296875,34.99763745129276,34.49317671921167,34.87287706916305,1634903
2010-01-05,34.88916015625,35.05188737439343,34.531155959962625,34.88373447685461,2465861
2010-01-06,34.46062469482422,34.90541798986107,34.43350278397331,34.90541798986107,2453658
2010-01-07,34.232826232910156,34.542012347401936,33.967034774391955,34.542012347401936,3246859
2010-01-08,34.01583480834961,34.1514422180077,33.51679764160484,34.10262406849524,3069340
2010-01-11,33.97245788574219,34.01042685798071,33.196781975936,34.005003335714164,2993514
2010-01-12,34.183990478515625,34.39553796875281,33.84768260718019,33.91819915665438,2557019
2010-01-13,34.50943374633789,34.55282836062802,34.17312602513549,34.31958257859163,1904205
2010-01-14,34.183990478515625,34.54199458758945,34.12432312700332,34.54199458758945,2019352
2010-01-15,33.750030517578125,34.15142907260841,33.70121022867212,34.08633823164624,3690343
2010-01-19,34.06465530395508,34.308750384699074,33.79886398577302,33.83683509902133,3347196
2010-01-20,33.67953872680664,33.961602841693164,33.207623308822534,33.961602841693164,2783871
2010-01-21,33.14795684814453,33.91278560278987,33.088289479097654,33.75547973976353,3530033
2010-01-22,32.67060852050781,33.34864778775155,32.31802792888624,32.49160646473416,4369023
2010-01-25,32.78994369506836,32.97979495160424,32.410243340182035,32.952673035215476,3075181
2010-01-26,32.60551834106445,32.95267326194705,32.42651628148954,32.95267326194705,4167724
2010-01-27,32.27463150024414,32.789939208378605,32.10647650491687,32.610937174528395,3959019
2010-01-28,32.06309509277344,32.58925437268555,32.04139884859916,32.448221231901634,4408552
2010-01-29,32.21495819091797,32.64347656241642,32.04680322672516,32.263776329787774,3816233
2010-02-01,32.280059814453125,32.507880030052874,32.008844963760254,32.507880030052874,3415303
2010-02-02,32.91470718383789,33.017769180926294,32.14987856554047,32.366851758933336,3314550
2010-02-03,32.75739669799805,32.86588220019902,32.421088835534114,32.86588220019902,3479552
2010-02-04,32.128173828125,32.681452627215144,32.10105191635082,32.55126874561009,2623354
2010-02-05,31.981727600097656,32.290913609833474,31.596601507684124,32.122758565588896,3210563
2010-02-08,31.97629165649414,32.31802299793895,31.7755933934539,32.09020282303744,2844470
2010-02-09,32.339725494384766,32.51330402577471,32.03596306445236,32.25293622868979,2375850
2010-02-10,31.965452194213867,32.33430553493938,31.818995562000385,32.258363300455244,2625127
2010-02-11,32.10647964477539,32.22039082588736,31.85153752540679,32.057661492092556,2349566
2010-02-12,31.927474975585938,32.08478077669088,31.753896458254307,31.976293124266018,2735372
2010-02-16,32.14445495605469,32.14445495605469,31.840692486145436,32.003421841193266,2901730
2010-02-17,32.19327163696289,32.350577464287845,32.139027801709,32.22581707484101,2693652
2010-02-18,32.76280975341797,32.838751954706844,32.13901453817604,32.166136444609975,2334964
2010-02-19,32.68146514892578,32.86589076655572,32.491613851951136,32.73570899325736,2220130
2010-02-22,32.491607666015625,32.8875829062392,32.437365990196774,32.75197547941385,2509145
2010-02-23,32.75197982788086,32.88216159367867,32.32888261448067,32.43737029689321,3244147
2010-02-24,32.708580017089844,32.887582074957024,32.60009451000879,32.8604601586404,3092391
2010-02-25,32.76280975341797,32.78450814183898,32.312593012805515,32.55668801252628,2684891
2010-02-26,32.94724655151367,33.11539939653854,32.72484987859067,32.89300272361554,2777092
2010-03-01,32.952667236328125,33.32694400534704,32.83875822900023,33.32694400534704,3237368
2010-03-02,32.73026657104492,32.87129963088851,32.10104779468761,32.513295621079884,6698980
2010-03-03,32.91673278808594,33.119650534848205,32.850919916716855,32.87834176461631,2707524
2010-03-04,32.927711486816406,33.152567664651386,32.691888311564696,33.07030427376191,3249571
2010-03-05,32.96610641479492,33.15805725892933,32.7851247514247,33.037402816682516,3110643
2010-03-08,32.97158432006836,33.048364208284745,32.7412446554192,33.020944534106015,2808069
2010-03-09,32.91127014160156,33.08128484473889,32.90030314040836,32.91127014160156,2237652
2010-03-10,32.62058639526367,32.960613444828454,32.49444630785221,32.960613444828454,3925852
2010-03-11,32.746726989746094,32.76866534677244,32.48348197979827,32.69736895951574,3142142
2010-03-12,32.949642181396484,33.026422055717966,32.67542585075999,32.80156593018638,3848670
2010-03-15,33.09772491455078,33.09772491455078,32.828994210770524,32.98803748799379,2612819
2010-03-16,33.196449279785156,33.20193496171618,32.7686751918293,32.78512787351581,4531105
2010-03-17,33.41580581665039,33.46516383779732,33.04287345430734,33.24030772094726,3021675
2010-03-18,33.61323547363281,33.640657320082376,33.3554740447004,33.465159248446724,3073304
2010-03-19,33.69003677368164,33.77778586534008,33.498085908435485,33.69003677368164,3874432
2010-03-22,34.55106735229492,34.58397489507147,33.70648624414525,33.70648624414525,4978656
2010-03-23,34.83074951171875,34.880107527621206,34.46878636433011,34.70461163261737,3363884
2010-03-24,34.49074172973633,34.819799716336554,34.38653996124449,34.819799716336554,2036353
2010-03-25,34.57300567626953,34.74301816118983,34.32072760757764,34.61139453638714,3352619
2010-03-26,34.44685745239258,34.71558813824921,34.27684500744244,34.589450224585015,2709923
2010-03-29,34.67170715332031,34.781394552144704,34.39200952324335,34.48524206660234,2140340
2010-03-30,34.627845764160156,34.792374732380885,34.52364401155193,34.73204751676838,1673285
2010-03-31,34.48524856567383,34.622355657991264,34.282328585248266,34.50718474034148,2123027
2010-04-01,34.27685546875,34.64978800747329,33.99167201937963,34.64978800747329,3379841
2010-04-05,34.145225524902344,34.48525263779677,34.05199295296361,34.4687999593401,2433006
2010-04-06,34.11231231689453,34.243935896306986,33.81067631119037,34.139734168695334,2472014
2010-04-07,33.75035858154297,33.991667453825734,33.66809300305405,33.92037105554593,2967439
2010-04-08,33.63517761230469,33.79422304071391,33.55291424040496,33.65711596617949,2460020
2010-04-09,33.8271369934082,33.8271369934082,33.50904823773617,33.62970266857911,1950410
2010-04-12,33.6680908203125,34.00263442960445,33.55292207276867,33.96972907316336,2524582
2010-04-13,33.48710250854492,33.68453897197568,33.399355636195274,33.6571171197185,2541165
2010-04-14,33.58583450317383,33.64067823016223,33.33355641390174,33.52002377643036,2731513
2010-04-15,33.777774810791016,33.947787256455456,33.437747737409545,33.50904412380531,2560669
2010-04-16,33.90391540527344,34.128771578564965,33.62421769984799,33.62421769984799,2866268
2010-04-19,34.084896087646484,34.10683444552696,33.827134565893495,33.827134565893495,3446698
2010-04-20,34.29331970214844,34.31525807290336,33.98619996801142,34.23299245565338,3274811
2010-04-21,34.52364730834961,34.57300534891336,34.276852741424705,34.38105450398356,2917375
2010-04-22,34.06843566894531,34.41394617960498,33.78325235566984,34.37555733511624,3557986
2010-04-23,33.41580581665039,34.156184862063135,33.18546402052698,34.156184862063135,4470924
2010-04-26,33.42128372192383,33.7558250015878,33.26224050859918,33.7558250015878,4012317
2010-04-27,33.30064010620117,33.71196137727275,33.28418742992251,33.38290566964702,3968824
2010-04-28,33.465187072753906,33.67907416161176,33.196456245397634,33.47067057378226,2939174
2010-04-29,33.607765197753906,33.794232529838865,33.36645632968753,33.624220058806536,2516968
2010-04-30,33.596778869628906,34.02455264160445,33.59129319174995,33.69001139100289,3103864
2010-05-03,33.536460876464844,33.7174424729753,33.421289976121,33.640662600096825,2589873
2010-05-04,33.55839920043945,33.68453928558641,33.20192166393434,33.33354306471043,4438695
2010-05-05,33.73939895629883,34.01361326481321,33.52551188293975,33.52551188293975,3414052
2010-05-06,33.50356674194336,33.90391891437428,32.78512361277016,33.65164085787829,6829877
2010-05-07,33.454193115234375,33.59678585691638,32.99351390838203,33.40483509636851,9021324
2010-05-10,34.51268005371094,34.62785100350718,34.17265288605971,34.23298011079999,6814753
2010-05-11,34.43589782714844,34.68269020916196,34.26588316375391,34.348148745793786,3361067
2010-05-12,34.44136428833008,34.60589318896438,34.16166450263617,34.54556599813353,3669378
2010-05-13,34.10135269165039,34.50170703956738,34.07941651329676,34.46880168101047,2438847
2010-05-14,33.78873825073242,34.11231261351175,33.66808384740163,33.980689032954785,2868980
2010-05-17,34.161685943603516,34.24943503662288,33.70100647833188,33.89844084659877,3102091
2010-05-18,34.002620697021484,34.4633020473006,33.920355157090384,34.3591003392857,3724866
2010-05-19,34.002620697021484,34.22747678462711,33.61323571160559,33.892933310446686,4402503
2010-05-20,33.580326080322266,34.06842703286377,33.42128069932971,33.45967171613883,6159958
2010-05-21,33.79423522949219,33.81068790980623,32.916748763162424,33.18547732966043,4779860
2010-05-24,33.4432258605957,33.81067252381964,33.42128750879159,33.66807978324921,2834248
2010-05-25,33.207393646240234,33.28417349741869,32.66993250593937,33.037381274491615,4659915
2010-05-26,33.042884826660156,33.55292443354176,33.02094864817361,33.37194277832913,3250405
2010-05-27,33.552921295166016,33.55840479376151,33.196441517192504,33.38839233472076,2442497
2010-05-28,33.2896614074707,33.657110224747356,33.23481989624351,33.65162454618828,3144854
2010-06-01,33.520015716552734,33.9368205224629,32.96610162613944,33.136114084049474,4903352
2010-06-02,33.87485122680664,33.87485122680664,33.270536785455896,33.61981918113244,3235490
2010-06-03,33.974639892578125,34.06889243446094,33.77505029694764,33.95246425122941,2612715
2010-06-04,33.36477279663086,33.725143962691625,33.25389020933231,33.669701566106156,6540862
2010-06-07,33.75288391113281,33.958016921882695,33.37033689745166,33.37033689745166,4374968
2010-06-08,34.1853141784668,34.224124303362245,33.67525243187993,33.75287047579809,3921367
2010-06-09,34.246307373046875,34.46253147717228,34.057806683467675,34.25739629769071,3083108
2010-06-10,34.49580383300781,34.728658067858355,34.4126401882138,34.556789623507264,3009159
2010-06-11,34.45698165893555,34.48470286418695,34.04671355648447,34.35164240250399,2393581
2010-06-14,34.623291015625,34.85060170759376,34.60665874117577,34.656555564523465,2645570
2010-06-15,34.94487380981445,34.96150609359524,34.723106349615335,34.78409212543594,2525416
2010-06-16,34.83399200439453,35.02803827320025,34.76191729783125,34.800727433941745,2717015
2010-06-17,35.00030517578125,35.06129093619058,34.65656625080473,35.02248301913335,2495273
2010-06-18,34.8062629699707,35.14445857588333,34.77854397140631,35.0945595255471,2663718
2010-06-21,34.75637435913086,35.19990711757935,34.63440279541069,35.11120233058837,2201252
2010-06-22,34.57894515991211,35.01139100839701,34.54568060369152,34.75635906758514,2620016
2010-06-23,34.55677032470703,34.667652916634445,34.3571807768887,34.545681403752546,2453762
2010-06-24,34.31283950805664,34.5900471894468,34.24076480501575,34.43481106433817,3505001
2010-06-25,34.079978942871094,34.45143913163282,34.04117101928095,34.4070856433348,4568027
2010-06-28,34.24075698852539,34.38490415582794,33.913650322693336,34.27402154975884,2440620
2010-06-29,33.802764892578125,34.19640064799086,33.67525001654551,33.8914718523715,3993438
2010-06-30,33.61425018310547,34.091047135018826,33.52554326045376,33.83047192839922,3376712
2010-07-01,33.61980438232422,33.66415785795588,33.20953638713569,33.58653982706857,3743953
2010-07-02,33.536643981933594,33.82494047909431,33.514466140528384,33.76949808145371,2187797
2010-07-06,33.370323181152344,33.902562765304616,33.05430544552728,33.81385580030045,4035263
2010-07-07,33.98019790649414,34.03563813311383,33.26500067434752,33.44241469362767,3191476
2010-07-08,34.32391357421875,34.32391357421875,34.09105947239309,34.15204522805261,2627317
2010-07-09,34.20747375488281,34.36825311503945,34.030059917316734,34.24073829795856,2159532
2010-07-12,34.33501052856445,34.36273173414529,34.102156372256744,34.196406706533224,2092884
2010-07-13,34.57894515991211,34.706462233254264,34.42925245104705,34.61775527941775,1876461
2010-07-14,34.55677032470703,34.628845002102466,34.39044533387967,34.456974447861626,2194889
2010-07-15,34.66766357421875,34.723105990162885,34.390455906244384,34.60113443978431,2236818
2010-07-16,34.407100677490234,34.67876508481673,34.26849679319846,34.52352891087986,2865747
2010-07-19,34.71755599975586,34.73973384565587,34.50687969894304,34.59558446492444,2828616
2010-07-20,35.17771530151367,35.18880422199262,34.445884049733564,34.49578308895264,3309752
2010-07-21,34.57341766357422,35.29970369969883,34.407092600294746,35.29970369969883,2994557
2010-07-22,34.90605926513672,35.16109126066272,34.75082316555495,34.80626336919249,2820376
2010-07-23,35.2830696105957,35.57136622515336,34.75082987647951,34.78963780593292,3128583
2010-07-26,35.554710388183594,35.58797493592957,35.16107475948849,35.405017717454825,2060759
2010-07-27,35.9871711730957,36.04261358316634,35.41057804950357,35.61016763753578,3330090
2010-07-28,35.709957122802734,36.03706154821865,35.26087897595708,36.00934034816064,2387114
2010-07-29,35.449371337890625,35.88735822824527,35.044646789555365,35.782021228546924,2538036
2010-07-30,35.54917907714844,35.66560724680457,35.25533917976957,35.28860374085053,3001858
2010-08-02,36.109134674072266,36.12022359479302,35.67669103055966,35.78757362014989,3017190
2010-08-03,35.926185607910156,36.06478942799911,35.81530299301359,35.93172896659946,2711591
2010-08-04,36.22557067871094,36.31427765195899,35.94281747721689,36.02043552734071,2334443
2010-08-05,36.20893478393555,36.26992054622414,36.04260977716004,36.103595539448634,2266439
2010-08-06,36.197837829589844,36.197837829589844,35.759848668742045,36.04814513612154,2110928
2010-08-09,36.519412994384766,36.5693098429094,36.19230849067031,36.24220533919494,2428938
2010-08-10,36.602577209472656,36.730092115288386,36.32536734390349,36.36417747508003,2946162
2010-08-11,36.10359573364258,36.4307001850078,36.08141788948778,36.21447833679843,2916645
2010-08-12,36.16458511352539,36.21448195905542,35.782038219382656,35.86519962859937,3502603
2010-08-13,35.93172836303711,36.1368635133166,35.88737487664892,36.07587774526695,2340388
2010-08-16,36.098052978515625,36.098052978515625,35.64343140256725,35.84302319200014,2695425
2010-08-17,35.99270248413086,36.308720145183536,35.92617337901332,36.12576290023812,3271161
2010-08-18,36.19230651855469,36.297643568853644,35.926185595844764,36.05370049263935,3530451
2010-08-19,35.92064666748047,36.18122205776845,35.732143772510106,36.04816158000229,2453449
2010-08-20,35.87630081176758,35.95391888885185,35.693343443096,35.693343443096,2070876
2010-08-23,36.01490020751953,36.23666548426647,36.003811281920164,36.0592537040436,2598113
2010-08-24,35.8818244934082,36.12576751784967,35.69886722507711,35.69886722507711,3215256
2010-08-25,35.74876022338867,35.97607094502761,35.60461309072293,35.80974597295346,2920296
2010-08-26,35.53254318237305,35.837471971053624,35.45492514578822,35.77094285565878,2505182
2010-08-27,35.73768615722656,35.75431843973296,35.344050324204616,35.60462569130231,2071919
2010-08-30,35.57133865356445,35.820824939416845,35.48263173232354,35.72103130742454,2129493
2010-08-31,35.70440673828125,35.80974596075473,35.427199186876166,35.532538409349655,3027725
2010-09-01,36.25328826904297,36.31427403133646,35.78757780885964,35.88737148940933,3338434
2010-09-02,36.5305061340332,36.56931406318441,36.2588418064815,36.2588418064815,2431963
2010-09-03,36.6912727355957,36.6912727355957,36.341988281666815,36.652462616535026,2260911
2010-09-07,36.78553009033203,36.92413390345349,36.56376266581401,36.56376266581401,2908301
2010-09-08,37.00392532348633,37.24472028112959,36.68473247387366,36.785531036711866,2861783
2010-09-09,37.02632141113281,37.18871846647684,36.91432474801984,37.14951840896775,1882302
2010-09-10,37.10471725463867,37.17751608426884,36.959121823413774,37.05431909321876,1451752
2010-09-13,37.233516693115234,37.44071062635562,37.13831942032815,37.31751363144633,1529560
2010-09-14,37.216705322265625,37.334303226100026,37.13830746238762,37.1719062269018,1858730
2010-09-15,37.30072021484375,37.33992027769704,37.10472435664902,37.22792359931542,2259972
2010-09-16,37.289520263671875,37.36231687560238,37.104722522823465,37.12712319421419,2902356
2010-09-17,37.16631317138672,37.47990690832356,37.155115066094,37.32871020651913,3352306
2010-09-20,37.468711853027344,37.653505113787574,37.35111391359901,37.35671296670114,3176352
2010-09-21,37.24472427368164,37.451920475268366,37.076728136299614,37.451920475268366,3807576
2010-09-22,37.38471221923828,37.54710927523096,37.244718060814556,37.261517448946826,3092286
2010-09-23,37.2279167175293,37.41271220531464,37.01512150831549,37.21671638335082,1474593
2010-09-24,36.98710250854492,37.29509482765603,36.964701851863595,37.19429632865863,3635898
2010-09-27,36.57832717895508,37.00391755576701,36.561527793347786,36.964717503993185,3539420
2010-09-28,36.24233627319336,36.6511272786377,36.2367372204743,36.6511272786377,4153122
2010-09-29,36.4327392578125,36.49433776415986,36.06874950178271,36.24234468475187,3198568
2010-09-30,36.42714309692383,36.623138967605286,36.275946346056294,36.567139510828866,3066733
2010-10-01,36.415931701660156,36.695926672481136,36.320734436477274,36.43833236878279,2215749
2010-10-04,36.49992370605469,36.71271886182779,36.39352612816813,36.43832522559589,1911923
2010-10-05,36.68472671508789,36.83032214073666,36.505530288410625,36.72952582175721,2302735
2010-10-06,36.98151779174805,37.076717283225335,36.65112689603132,36.662325001352535,2628673
2010-10-07,37.00392532348633,37.14952077199074,36.869527982380625,37.14952077199074,1729085
2010-10-08,37.21110916137695,37.30070736442924,37.00391526634924,37.08231313701122,1751718
2010-10-11,37.14392852783203,37.37352319213213,37.02633055430101,37.08792906842943,1338065
2010-10-12,37.345523834228516,37.46312180893029,37.05993193571867,37.239126197125984,1725122
2010-10-13,37.41830825805664,37.64789836636951,37.32310877289475,37.42390508231068,1947385
2010-10-14,37.20551681518555,37.44631175078548,36.99272160159057,37.31751347516983,2724316
2010-10-15,37.17190933227539,37.362303832451296,37.11031084950849,37.283905966023866,2511440
2010-10-18,37.4127082824707,37.44070577292809,37.188712762565075,37.22231153354211,3289101
2010-10-19,36.998321533203125,37.233517421200354,36.62313148792837,37.227918367880626,4215076
2010-10-20,37.283912658691406,37.50230914155151,37.054318070070806,37.07111745674691,1869160
2010-10-21,37.44071960449219,37.55831980242679,37.28392379665145,37.42392021279753,1589219
2010-10-22,37.27272415161133,37.47431908372647,37.1327277328657,37.27272415161133,1935391
2010-10-25,37.22232437133789,37.507916251177186,37.16632491503875,37.44071868604699,2834353
2010-10-26,35.06076431274414,36.34313453020526,34.94876766300395,36.337533249495316,11179187
2010-10-27,34.91516876220703,35.31835848221404,34.77517016550364,35.16716178020259,5515697
2010-10-28,35.021568298339844,35.1839631146526,34.88717097488296,35.09436489901468,4021391
2010-10-29,35.46955490112305,35.48635428698631,34.948767255256,34.9711656937286,3829792
2010-11-01,34.81436538696289,35.486349645746145,34.71916813684342,35.46955026208006,4416375
2010-11-02,35.25117492675781,35.312773442537,34.79758464072769,35.00477863560489,3821761
2010-11-03,35.26235580444336,35.27915518889757,34.982363092826375,35.267957084618146,2430607
2010-11-04,35.267967224121094,35.41916395571299,35.19516838519987,35.39676328464382,2962433
2010-11-05,35.29596710205078,35.32956588076457,34.999172691328965,35.279165484658165,2760404
2010-11-08,35.178367614746094,35.295965563152826,35.03837122418531,35.23996611571426,1815550
2010-11-09,34.808773040771484,35.11676551404074,34.71357354427747,35.11676551404074,3854511
2010-11-10,34.640785217285156,34.9431764817862,34.60718420741977,34.85917952721256,3518769
2010-11-11,34.80316162109375,34.8815594798115,34.5791683756244,34.584767426948964,2463149
2010-11-12,34.730369567871094,34.74156990073317,34.528774716529725,34.53997504939179,2932082
2010-11-15,34.81998062133789,34.9823777096303,34.79198089286996,34.926378252694434,1608202
2010-11-16,34.45598602294922,34.87597520720097,34.321588681895804,34.786376979832035,3047437
2010-11-17,34.53437042236328,34.65196610030934,34.40557218532832,34.42797284743649,2014450
2010-11-18,34.77517318725586,34.90397146180772,34.623976472106335,34.74717569351765,2383672
2010-11-19,34.62957763671875,34.8647712883622,34.511979696879294,34.79197245760275,3023448
2010-11-22,34.7863655090332,34.7863655090332,34.411175562184745,34.59597100968353,2591334
2010-11-23,34.41679763793945,34.73038931207264,34.38879790388404,34.73038931207264,2358745
2010-11-24,34.32159423828125,34.55118889757028,34.21519660456019,34.51198883123681,2763011
2010-11-26,34.51758575439453,34.81437794358707,34.29918923189565,34.31598862162083,1624785
2010-11-29,34.45598602294922,34.53438391488812,34.192790394539564,34.321588681895804,2136168
2010-11-30,34.65757751464844,34.81437328311763,34.35518408400394,34.35518408400394,5164206
2010-12-01,34.97677993774414,35.21197365503449,34.864781019765424,34.915181424070276,3951614
2010-12-02,34.53998565673828,35.13357228822798,34.50078559370015,35.01597432714946,9906623
2010-12-03,34.72478485107422,34.84798187931154,34.50639052429645,34.50639052429645,3036173
2010-12-06,34.53998565673828,34.82557975019933,34.528785320436555,34.73038023368841,2655791
2010-12-07,34.68558120727539,34.80317693307197,34.57918358905467,34.79197659746038,3613682
2010-12-08,35.0534782409668,35.09875983529247,34.65160549884607,34.67990677680353,2485365
2010-12-09,35.08177947998047,35.1497007453779,34.9289543808049,35.05913980885844,2313896
2010-12-10,34.92329788208008,35.22894810542747,34.911976919577555,35.013861078037195,2588935
2010-12-13,34.88934326171875,35.11008968240242,34.793118441904916,35.05348711216274,2736519
2010-12-14,35.09878158569336,35.26292774834774,34.94029703335773,34.94029703335773,2031242
2010-12-15,35.08745193481445,35.262919022654835,35.04783193255076,35.121414832224715,2056587
2010-12-16,35.22328186035156,35.257242491356045,34.9798935847674,35.138380282840366,2224615
2010-12-17,35.511966705322266,35.53460638486325,35.09877284841765,35.17235574798218,3401640
2010-12-20,35.68743133544922,35.80063648859908,35.50064553519055,35.53460618032264,2682179
2010-12-21,35.676109313964844,35.94213734554369,35.59120545697451,35.90251509520848,1894297
2010-12-22,35.766666412353516,35.766666412353516,35.53459904782187,35.6534635339579,1326487
2010-12-23,35.78364944458008,35.885533619283066,35.76100976799713,35.857232334530465,1123415
2010-12-27,35.74403381347656,35.794974781034256,35.61950994698077,35.749693170305584,979794
2010-12-28,35.87421417236328,35.902515458312955,35.619507102880185,35.687428387533814,1201536
2010-12-29,35.74970245361328,35.94214991219198,35.71574179975608,35.93082894356199,1225734
2010-12-30,35.68177032470703,35.84025482933227,35.461023889548166,35.66479000292805,1082217
2010-12-31,35.68177032470703,35.8062941857743,35.64780968114906,35.659128394313676,923264
2011-01-03,35.449703216552734,35.783652550334835,35.432722894633784,35.76101287178693,3064543
2011-01-04,35.60251998901367,35.68176222333472,35.27988944440054,35.574218708463675,3215465
2011-01-05,35.72139358520508,35.77799616432263,35.4100839041231,35.642151325659874,2980373
2011-01-06,35.67044448852539,35.86289186246097,35.54026128865301,35.76100769366781,2584554
2011-01-07,35.65346145629883,35.715723373592944,35.47233505979536,35.68176273725644,2002143
2011-01-10,35.60818099975586,35.71572451962666,35.44403491615358,35.56856100676916,1916721
2011-01-11,35.534610748291016,35.636494948816654,35.438388157369964,35.59687268971433,1722410
2011-01-12,36.151554107666016,36.16287506961394,35.52893498100136,35.53459433595962,2877428
2011-01-13,35.99874496459961,36.202511109851,35.90818398495754,36.202511109851,2110406
2011-01-14,36.02137756347656,36.08363948761334,35.85723146710149,36.05533820354538,1789266
2011-01-18,36.15721893310547,36.20249828086477,35.97043317847978,36.10627572582092,1838183
2011-01-19,36.253456115722656,36.321377416798164,35.94214639907235,36.15157191207686,2318172
2011-01-20,36.530799865722656,36.734565991328836,36.27043116276891,36.28741148556674,2860532
2011-01-21,36.383636474609375,36.72324745711808,36.19685065943283,36.68362519994471,3291395
2011-01-24,36.20817184448242,36.53080250501517,36.06666764292224,36.53080250501517,3515849
2011-01-25,37.13642501831055,37.730742850403885,36.97793831132515,37.34019106782737,7259697
2011-01-26,36.864749908447266,37.07417764693681,36.847769585330845,36.915690877796514,3315801
2011-01-27,36.864749908447266,36.98361442229442,36.71192474836727,36.71192474836727,2998521
2011-01-28,36.63833236694336,37.07982740983334,36.59871237393385,36.9439826080186,2683118
2011-01-31,36.63833236694336,36.81945876936301,36.576070447615564,36.75153749447147,2223467
2011-02-01,36.519466400146484,36.74587212797935,36.327019054253974,36.70059053200649,2954506
2011-02-02,36.21382141113281,36.51947166500607,36.08929756726322,36.47419006250515,3010828
2011-02-03,36.68928146362305,36.81946467873625,36.225146671954704,36.225146671954704,4527872
2011-02-04,36.796817779541016,36.80247713490243,36.47984658663877,36.694933618814545,5203631
2011-02-07,36.7572021484375,36.85342471908116,36.62701893545278,36.81380472036059,3956829
2011-02-08,36.830787658691406,36.91002991379542,36.64966121729245,36.77984669156,2561817
2011-02-09,36.83644485473633,36.93266742657329,36.694940675205736,36.7911632470427,2247248
2011-02-10,36.785499572753906,37.06284854281049,36.610034771056945,36.79682053635647,2286047
2011-02-11,37.27228546142578,37.357189336543904,36.621364760316624,36.63268572740553,2679884
2011-02-14,36.82511901855469,37.07416895394118,36.7911583802848,37.07416895394118,2717849
2011-02-15,36.768524169921875,36.92700867342283,36.65532127485434,36.836445456555985,2505703
2011-02-16,36.82511901855469,36.86474126455736,36.6383332560386,36.74587677858105,2512587
2011-02-17,37.00059127807617,37.028892564628826,36.72890162960912,36.7628622726595,2453032
2011-02-18,37.16474533081055,37.181727909025945,36.9156975440867,36.98362110085034,2558062
2011-02-22,36.82511901855469,37.17039151304976,36.7911583802848,36.82511901855469,3403726
2011-02-23,36.910037994384766,37.09682383345778,36.86475637412167,36.86475637412167,2573811
2011-02-24,36.68928146362305,36.89304757303295,36.474194389237034,36.86474628660868,3172806
2011-02-25,36.83644485473633,36.84210646321804,36.672300997374926,36.71758260506856,2711070
2011-02-28,37.30057907104492,37.35718164279966,36.81380461086296,36.83644428834567,3810809
2011-03-01,37.057193756103516,37.4703876093522,37.04021343358997,37.13643826387627,2890779
2011-03-02,36.874114990234375,37.114413284837966,36.8340667920479,37.10296996691132,3537752
2011-03-03,37.320377349853516,37.38903269680514,36.948488909000055,37.10868623613447,2929370
2011-03-04,37.057193756103516,37.42335939088087,36.81689777169065,37.36042456569863,3825828
2011-03-07,36.78256607055664,37.177341115504035,36.673862538029965,37.114406293319774,3795268
2011-03-08,36.959922790527344,37.07434909835974,36.7653955632049,36.84549420632461,2289489
2011-03-09,37.045745849609375,37.120123981891844,36.66241642604,36.959926678799285,2033224
2011-03-10,37.1201171875,37.20021582438518,36.85121413302041,36.879821276844446,3712976
2011-03-11,36.988525390625,37.17732979971072,36.81688481178616,36.965638766049125,2053458
2011-03-14,36.828338623046875,36.925603396679335,36.63953414846697,36.885552927963516,2365107
2011-03-15,36.48506546020508,36.610935130063936,36.3363091541694,36.376359629293226,3412905
2011-03-16,36.193267822265625,36.50222140927451,36.07884149522818,36.41067943709627,3712976
2011-03-17,36.49649429321289,36.59375677350035,36.410675127185854,36.47933046000748,2765723
2011-03-18,36.78256607055664,36.971370537109415,36.54799289366145,36.83978037304078,3775973
2011-03-21,37.29176712036133,37.37758629697177,36.919878710184356,36.95992917684972,2767913
2011-03-22,37.19449996948242,37.50345124295473,37.137285674661044,37.29748296851638,2307638
2011-03-23,37.102970123291016,37.411923774014255,36.948493297929396,37.13729780084444,2381273
2011-03-24,37.32609558105469,37.36042325242545,36.954207163006274,37.137291112144716,2603119
2011-03-25,37.246002197265625,37.343264705380925,37.068641019151194,37.291773191032426,2370426
2011-03-28,37.31465148925781,37.469128283584986,36.84550058662369,37.32037428528113,2199374
2011-03-29,37.41762924194336,37.50344840130243,37.25743196022624,37.30892345584168,2275930
2011-03-30,37.629329681396484,37.749478818106205,37.526346658249,37.526346658249,2261850
2011-03-31,37.34326171875,37.73231399646676,37.280326891900415,37.6293286996352,2709193
2011-04-01,37.40619659423828,37.54350956473526,37.217392113444035,37.217392113444035,2542417
2011-04-04,37.68082046508789,37.76091912438453,37.42908117119252,37.72659145273894,3646328
2011-04-05,37.40619659423828,37.720870728895356,37.37758944083838,37.720870728895356,2855838
2011-04-06,37.606441497802734,37.79524596406823,37.48057185362573,37.572113826912776,3202010
2011-04-07,37.492008209228516,37.58927068415081,37.320367610271965,37.53205639237519,3153093
2011-04-08,37.43479919433594,37.67509515619956,37.34898002094559,37.56066883288888,2062741
2011-04-11,37.43479919433594,37.62932417160116,37.43479919433594,37.52062064409694,2541374
2011-04-12,37.58927917480469,37.846738993209286,37.33181708002925,37.33181708002925,3248111
2011-04-13,37.320377349853516,37.65221532073791,37.274606359762124,37.65221532073791,3423335
2011-04-14,37.40046691894531,37.503449914330915,37.188775856702065,37.188775856702065,2379917
2011-04-15,37.52634048461914,37.600718617792246,37.02858245884843,37.44051903641079,2502157
2011-04-18,37.61787796020508,37.726583749132715,37.19449811816332,37.30320390709095,3391836
2011-04-19,37.65792465209961,37.732302773445575,37.4633997092858,37.53205503583885,2241824
2011-04-20,37.915409088134766,37.96690061348202,37.68655407041657,37.760932235721434,2190613
2011-04-21,37.78953170776367,38.0469915584815,37.657939245713855,37.909678575792135,2208031
2011-04-25,36.753963470458984,37.131572426935485,36.27336921841122,36.88555364267199,7573953
2011-04-26,37.080081939697266,37.331821266410266,36.63953811794952,36.80545825436086,4276300
2011-04-27,37.188785552978516,37.30893468862538,37.06863869370261,37.274607014546554,2692400
2011-04-28,37.5206298828125,37.5892852384298,36.977100729604786,37.137298076959304,2733390
2011-04-29,37.79526138305664,37.98406592634701,37.514914829133666,37.53207867158082,2525520
2011-05-02,37.909664154052734,37.93255078064657,37.732303041616646,37.86389545360557,2361352
2011-05-03,38.3101692199707,38.31589201623653,37.72659196495999,37.72659196495999,2685621
2011-05-04,38.47037124633789,38.50469892264842,38.10420557174033,38.27584622966412,3375357
2011-05-05,38.23579406738281,38.47609234368399,38.006941384507705,38.09848336820615,2573603
2011-05-06,38.264404296875,38.54474849779281,38.10420468387347,38.470370349938996,2356346
2011-05-09,38.44747543334961,38.5905089014138,38.17857460764986,38.29872372242682,2172569
2011-05-10,38.716373443603516,38.779310528699924,38.40742447119017,38.41886550814382,1975755
2011-05-11,38.607688903808594,38.853705450238216,38.470373637290024,38.716390183719646,2295122
2011-05-12,39.13405227661133,39.18554379770033,38.56764099188944,38.60196867261545,2421637
2011-05-13,39.07111358642578,39.18553765332292,38.853701940756494,39.093995668159955,1942796
2011-05-16,38.95668411254883,39.15120911947633,38.85370108877698,38.9051926006629,1523093
2011-05-17,39.105430603027344,39.18552697274973,38.94523331084172,38.962397143835155,1798966
2011-05-18,39.07111358642578,39.11116405857371,38.853701940756494,39.10544126176913,1403461
2011-05-19,39.15119934082031,39.18552700683703,38.962397177728356,39.02532971451206,1499417
2011-05-20,39.0081787109375,39.156935014428434,38.92235951767055,39.11116629560018,1576286
2011-05-23,38.8708610534668,38.973844066978714,38.7850418755402,38.81936954671084,1488883
2011-05-24,39.105430603027344,39.18552697274973,38.819363684642965,38.870855183623256,2452093
2011-05-25,38.68777847290039,39.059664625555136,38.487530682165776,39.008173116979094,2659859
2011-05-26,38.73927307128906,38.83081505586168,38.31017257952234,38.67061772104512,1957189
2011-05-27,38.71066665649414,38.87658678149295,38.59623804213457,38.83081351465238,1384895
2011-05-31,39.07682418823242,39.12259744823307,38.79648004350794,38.95667734802782,2988508
2011-06-01,38.619117736816406,39.05965917273863,38.59623110750818,38.985285594783754,2505390
2011-06-02,38.275840759277344,38.66489073702183,37.94972332819377,38.66489073702183,2768852
2011-06-03,37.772361755371094,37.93255907105911,37.49773583444526,37.90967243946325,3486019
2011-06-06,37.84674072265625,38.01266084804324,37.65221571998338,37.778085374976634,2973280
2011-06-07,37.70370101928711,37.97260412189337,37.70370101928711,37.94399924931997,2244119
2011-06-08,37.85406494140625,38.05068073124619,37.674799566067314,37.81936871402592,2567345
2011-06-09,37.83670425415039,38.154756734129045,37.79044186607985,38.02175380643254,2032181
2011-06-10,37.368309020996094,37.802018744389116,37.339397033472515,37.74419016772052,2619807
2011-06-13,37.53022384643555,37.71527112699851,37.35095620167617,37.54178771966356,2814744
2011-06-14,37.93501663208008,38.137414322518126,37.56491977304711,37.61696410459618,2499654
2011-06-15,37.680580139160156,37.929240261065814,37.48396665725105,37.72106060351184,2727236
2011-06-16,38.00440979003906,38.06802029288306,37.66322492888835,37.67479110235371,2219921
2011-06-17,38.29353713989258,38.35136568997708,38.09692375090076,38.14318382999676,4403442
2011-06-20,38.617374420166016,38.698330710290556,38.276189650477,38.310885860761715,2085166
2011-06-21,38.657867431640625,38.83134853945363,38.519077943769325,38.761956096328426,1618215
2011-06-22,38.40342330932617,38.7388239542336,38.35716091339303,38.58268865556056,1729398
2011-06-23,38.21259307861328,38.25885547610782,37.819363850314986,38.24150736464869,2183416
2011-06-24,37.796234130859375,38.334034826752514,37.68636121676669,38.22994384994497,2364585
2011-06-27,37.83094024658203,38.05068611885245,37.7557635427398,37.7557635427398,1408259
2011-06-28,38.00440979003906,38.02175789983194,37.76731588845595,38.00440979003906,1780088
2011-06-29,38.26462936401367,38.40919846296999,38.114278329390714,38.1778888249639,2057109
2011-06-30,38.490169525146484,38.51908381445896,38.22416358541764,38.36294849282024,1903996
2011-07-01,38.6867790222168,38.73303911662274,38.31667986048581,38.36872649311075,2255383
2011-07-05,38.4670295715332,38.94700158877629,38.46124763548348,38.83712869816018,2476186
2011-07-06,38.40342330932617,38.72147584335998,38.37450902426665,38.53642625962742,2599469
2011-07-07,38.57691192626953,38.74461342176606,38.52486758662334,38.600041976953136,2425914
2011-07-08,38.524864196777344,38.524864196777344,38.229941696444605,38.39185893941488,2310558
2011-07-11,38.51328659057617,38.70990229937559,38.21258224253873,38.30510701129023,2626691
2011-07-12,38.57691192626953,38.88339832748924,38.47282094616637,38.62317202763674,1975442
2011-07-13,38.59425354003906,38.86025943175242,38.501728751264686,38.704126439107334,1634903
2011-07-14,38.38606643676758,38.652074577463715,38.30510783756613,38.652074577463715,2408078
2011-07-15,38.802425384521484,38.85446970188234,38.43810826056615,38.5248510903107,3560072
2011-07-18,38.38606643676758,38.70411889820537,38.29932360138821,38.70411889820537,2376267
2011-07-19,38.64630126953125,38.75038994044834,38.328248718155834,38.461253976519565,2137003
2011-07-20,38.727256774902344,38.981698780408934,38.64629586332274,38.75616875668334,1845693
2011-07-21,39.213008880615234,39.31709753814229,38.80821352140482,38.81399775847429,2214080
2011-07-22,39.265045166015625,39.29396174381891,38.91807844371362,39.17830463584503,2717119
2011-07-25,38.443904876708984,39.28240536274194,38.409206353151106,38.93543853364736,3931693
2011-07-26,38.704124450683594,39.265052790196286,38.58268538405486,38.58268538405486,3289622
2011-07-27,38.2819709777832,38.727246672070294,38.20679432281945,38.657854252602,2243910
2011-07-28,38.0506706237793,38.47281177945729,37.95814584146871,38.34559077898279,1785512
2011-07-29,37.796234130859375,38.160551399280415,37.6747973421964,37.8482807696685,2326933
2011-08-01,37.68635559082031,38.137413355236625,37.472394032671694,38.09693519866192,2361352
2011-08-02,37.316261291503906,37.64588000710272,37.241084608828274,37.50709281619629,2264144
2011-08-03,37.32782745361328,37.35095750168478,36.85363961044758,37.35095750168478,2761551
2011-08-04,36.45463180541992,37.24108802439855,36.4430656299143,37.09651888341579,4287877
2011-08-05,37.05024719238281,37.246862923436915,36.223310716882395,36.95194047726083,4901266
2011-08-08,36.35052490234375,37.125416907147674,36.31004675702361,36.61075108275633,6692097
2011-08-09,37.148555755615234,37.241078232901856,35.27493475118147,36.74954466328188,6860437
2011-08-10,36.182830810546875,37.30468737704771,36.090306035806385,37.06181156896146,8106613
2011-08-11,37.356727600097656,37.71525816477344,36.25799896432441,36.40257033809166,4644166
2011-08-12,37.669010162353516,37.81358159129893,37.1890403808484,37.669010162353516,3268241
2011-08-15,38.22414779663086,38.28197405055942,37.73260968297411,37.911877282339226,3081022
2011-08-16,38.218379974365234,38.40921152598681,37.92345974048325,38.11429129210483,3149130
2011-08-17,38.14897155761719,38.55954877885783,37.88874535922572,38.2704106035872,2902043
2011-08-18,37.929229736328125,38.015970277568734,37.39143147820605,37.77309446128493,4121414
2011-08-19,37.79045104980469,38.235724629983885,37.651663851865415,37.732622475460666,3386934
2011-08-22,38.0333251953125,38.339813864460034,37.6747944929131,38.276203355891376,3032835
2011-08-23,38.894962310791016,38.91231042200231,38.17789631027516,38.357161659998866,3534101
2011-08-24,39.28239822387695,39.32287867693263,38.65786172630176,38.81399470029051,3140056
2011-08-25,38.91807174682617,39.32286695345936,38.76772305427518,39.317082718570106,8226141
2011-08-26,39.22457504272461,39.28818784934025,38.276201693053494,38.76773992970516,3832816
2011-08-29,39.571537017822266,39.6062332347808,39.28818304545412,39.444316021767534,6176959
2011-08-30,39.62358474731445,39.77393810146513,39.062656389468486,39.351794623376286,3473816
2011-08-31,39.993675231933594,40.126680447302604,39.69297319039198,39.69875282471607,4427118
2011-09-01,39.77394485473633,40.265480856162284,39.75081250364224,39.93008247259459,3060266
2011-09-02,39.3980598449707,39.66406573527203,39.178314048000615,39.265054599009666,2312435
2011-09-06,39.47322463989258,39.53105319036328,38.715678451479306,38.802423577995036,3451600
2011-09-07,40.01076889038086,40.12178021253738,39.70110695207569,39.86470185062749,2707211
2011-09-08,39.79457473754883,40.3846869023858,39.77704688360803,39.958174240060416,3516474
2011-09-09,39.280426025390625,39.642676161567955,39.052563878511954,39.61930413519866,2855630
2011-09-12,39.292110443115234,39.36806603426318,38.731212086656,39.08177152537489,2955653
2011-09-13,39.438175201416016,39.54918649762165,38.988288173242914,39.2687361731077,2145138
2011-09-14,39.853004455566406,40.2327823920627,39.18109715524723,39.677725907413006,2424766
2011-09-15,40.17435836791992,40.17435836791992,39.76536885207859,40.01076349144314,2597279
2011-09-16,40.77030944824219,40.828732529172726,40.191880963065465,40.26199237962066,3404873
2011-09-19,40.83457565307617,40.898847549474155,40.22109147530517,40.232779810631015,3105115
2011-09-20,41.16177749633789,41.430544197937735,40.77615995209845,40.88717127465069,3324563
2011-09-21,40.4840202331543,41.41885009057006,40.45480868888768,41.19098795711365,3364718
2011-09-22,40.43143844604492,40.53076606966741,39.63098723613156,39.85885402893074,5747869
2011-09-23,40.88132095336914,40.89884880759904,40.01075846182221,40.46064315325513,3678035
2011-09-26,41.36626434326172,41.395480535288804,40.8988517638138,40.97480270476772,3015939
2011-09-27,41.588294982910156,41.93885680989328,41.37796067629995,41.52402771676797,3488835
2011-09-28,40.79368209838867,41.47727779683521,40.74109852916952,41.02739304953884,3407168
2011-09-29,41.617488861083984,41.687604916149866,41.18513209264708,41.24355981388659,4816574
2011-09-30,41.48896026611328,41.86289405753182,41.46559289112361,41.5123322904016,4162822
2011-10-03,41.28448486328125,41.705158203759844,41.20852924427396,41.53571910361283,4629564
2011-10-04,41.120872497558594,41.20851177105997,40.32626556944998,40.84626169175705,5215000
2011-10-05,41.097496032714844,41.4480577381272,40.846257276769,41.313674433751416,4509306
2011-10-06,41.47142791748047,41.4889557714732,40.80536481645873,41.06828262634962,3210771
2011-10-07,41.45976257324219,41.740213010496525,41.17931213598786,41.54156236092894,2928535
2011-10-10,41.868743896484375,41.88627175474987,41.47728219615606,41.77526043596867,2508311
2011-10-11,41.746036529541016,41.868736164038175,41.52985810109137,41.68761344564532,2334025
2011-10-12,42.061546325683594,42.230985372288856,41.658400974729,41.82784002133427,3253430
2011-10-13,41.716827392578125,41.985589401607136,41.500648951665745,41.82783869725724,1978571
2011-10-14,42.014793395996094,42.160860370344,41.71681528055122,41.94468199219667,1987749
2011-10-17,41.611656188964844,42.18424051243139,41.55907262598806,41.83951829519761,1703740
2011-10-18,41.93885040283203,42.24266812684301,41.25525471218392,41.4831214921662,2279164
2011-10-19,41.816165924072266,42.05571645199429,41.72852197170331,41.80447758412979,1742123
2011-10-20,41.89211654663086,42.17840645232243,41.8103167739765,41.90964440515689,2307533
2011-10-21,42.65165328979492,42.7860366065453,42.17839657116298,42.24266382093604,3402370
2011-10-24,40.69435501098633,41.41884586820988,40.349632787709126,41.41884586820988,7735305
2011-10-25,40.63594436645508,41.231896323868156,40.60672816358271,40.7586394004783,3697122
2011-10-26,41.06245040893555,41.07413409724206,40.48986599453535,41.04492255182631,3348239
2011-10-27,41.49479675292969,41.705135633989016,40.95726818959832,41.45389688032124,3931693
2011-10-28,41.11502456665039,41.52985352279004,41.056596839897416,41.4655862778703,2276243
2011-10-31,40.72941970825195,41.1559371308386,40.694363991250235,40.89885877329313,2918940
2011-11-01,40.139305114746094,40.53660631777891,40.03413332040288,40.1451446343825,3278775
2011-11-02,40.37301254272461,40.60671886568954,40.086722645790005,40.52492374483645,1840269
2011-11-03,40.71772384643555,40.770312061520904,40.28536698376669,40.60671254667487,1938520
2011-11-04,40.72941970825195,40.74110339748608,40.31458597489942,40.51323658767559,1648253
2011-11-07,41.009864807128906,41.027392663370314,40.47817565277594,40.60671481497914,1348912
2011-11-08,41.41299819946289,41.45973758618617,40.91052538337628,41.28445907435212,1775290
2011-11-09,40.76447677612305,41.1267222966779,40.55413781784313,40.986499424024274,2230351
2011-11-10,41.16177749633789,41.2377331011683,40.78200412148524,41.13841011738963,1715109
2011-11-11,41.541542053222656,41.58828144526626,41.40131457849601,41.43053076665895,1799592
2011-11-14,41.58245849609375,41.65841411505823,41.22605708316849,41.39549618322,2263101
2011-11-15,41.70515060424805,41.77526204000206,41.40717235299405,41.61750666025608,1518921
2011-11-16,41.07413101196289,41.541548248597636,41.056603156170254,41.37210920973638,2111554
2011-11-17,40.9163818359375,41.22019956410798,40.63593148349635,40.98649326172309,3172076
2011-11-18,40.957279205322266,41.27278528711977,40.90469563323919,41.120878739757224,3339999
2011-11-21,40.5775032043457,40.69435867862891,40.31458071185786,40.408064161424676,9276025
2011-11-22,40.54829025268555,40.81120808674679,40.38469073464935,40.64176904970827,1889916
2011-11-23,40.034122467041016,40.36131680064018,39.905583330401356,40.31457276042695,2586536
2011-11-25,40.13346862792969,40.384702850057984,39.888073926555556,39.905601787418,1139999
2011-11-28,40.70603942871094,40.84042274950873,40.548288734181845,40.64761169578588,2111554
2011-11-29,40.752769470214844,40.88131324272033,40.554118943310826,40.67681854907589,2701892
2011-11-30,41.757728576660156,41.7811006018745,41.33705536929619,41.448066677440764,3385056
2011-12-01,41.65839385986328,41.84536073113008,41.500643177462074,41.62333815266301,2863557
2011-12-02,41.325374603271484,41.93301482507842,41.24942364368283,41.9213311349801,2657668
2011-12-05,41.14424514770508,41.81031301033535,41.01570598031847,41.75772943949069,2891405
2011-12-06,41.360416412353516,41.52985543294105,41.033226706645394,41.2085098949664,2537202
2011-12-07,41.67318344116211,41.779400908001705,41.14798925112345,41.26601178921127,2269359
2011-12-08,41.201107025146484,41.64368459649032,41.10668991310512,41.5669750952068,2130119
2011-12-09,41.389930725097656,41.513851098759595,41.242404905494126,41.242404905494126,2089129
2011-12-12,41.254207611083984,41.42533888629645,40.97685886673239,41.28371559411096,1782278
2011-12-13,41.37812805175781,41.767596757367016,41.283710968967824,41.283710968967824,2704082
2011-12-14,41.43124771118164,41.64958521835472,41.37223643190246,41.43124771118164,2067852
2011-12-15,42.04494094848633,42.13345548666548,41.513844327948455,41.62596430821921,2325786
2011-12-16,42.06264114379883,42.26327564931123,41.838401197716976,42.21016692982835,3679913
2011-12-19,42.00954818725586,42.39901697199909,41.9210336215717,42.05675439037643,1664732
2011-12-20,42.841583251953125,42.894691977424706,42.15116042935916,42.3104913015056,3046812
2011-12-21,43.107139587402344,43.136642875126455,42.817985767336204,42.97141413325976,2551074
2011-12-22,43.03041076660156,43.21334235802061,42.882884986700326,43.11302276156614,1686322
2011-12-23,43.50840377807617,43.52610668784707,43.05992380290407,43.19564924163564,1495036
2011-12-27,43.561527252197266,43.66774944250901,43.301881357183866,43.48481305197963,1091500
2011-12-28,43.30186080932617,43.66182618667285,43.27826006333039,43.60281493022061,1500877
2011-12-29,43.66773986816406,43.703145691927226,43.41399187021796,43.4730031417341,1283829
2011-12-30,43.40808868408203,43.53200905199146,43.25466033618234,43.402186148937574,1451647
2012-01-03,43.20743942260742,43.655919291972765,43.183838678968876,43.644118920153495,2479837
2012-01-04,43.07173538208008,43.37268489366369,42.95371283528428,43.24876450654103,2391078
2012-01-05,42.95370864868164,43.177948648297836,42.78257738122735,43.07762902372606,2579548
2012-01-06,42.85930633544922,43.012734745077715,42.74128375946823,42.912415085920486,2252776
2012-01-09,42.906490325927734,43.024512840781554,42.75306669149554,42.977306652278905,2052624
2012-01-10,43.00680160522461,43.23104152258582,42.941892521636134,43.18383534322425,2833205
2012-01-11,42.80026626586914,43.136626155064896,42.74125501756152,43.000900753530445,2722439
2012-01-12,42.98320770263672,43.04221896447284,42.69996115899425,42.800276077957015,2175385
2012-01-13,42.90060806274414,43.01862592471419,42.682270557153025,42.888802989533914,2063471
2012-01-17,43.46119689941406,43.54380891179976,43.20744893571838,43.23105438028513,2870753
2012-01-18,43.650020599365234,43.703129315108605,43.38447232491751,43.490689756404265,2482549
2012-01-19,43.762168884277344,43.78576964272658,43.455312067098575,43.667751763278794,2625648
2012-01-20,43.56740951538086,43.81525491646256,43.225147042255244,43.75624365946869,3178855
2012-01-23,43.38447952270508,43.61461732910784,43.23105118794882,43.56150860455335,2970255
2012-01-24,42.6468620300293,42.92421552319121,41.77940980792168,42.46393034403745,6502792
2012-01-25,42.410804748535156,42.60554143091669,42.05674189525817,42.22197060068989,4270355
2012-01-26,42.475746154785156,42.74128994557466,42.28691188417845,42.39903193886777,2754563
2012-01-27,41.974124908447266,42.54062258901321,41.95051946883548,42.47571349974453,2562860
2012-01-30,42.09804916381836,42.25737533061985,41.6023630602601,41.87971174036511,3171346
2012-01-31,42.22785568237305,42.38718178741872,42.07442741369452,42.174746980691154,2253193
2012-02-01,42.517024993896484,42.67045333608451,42.23377844921932,42.26918426730397,2494022
2012-02-02,42.67047119140625,42.747185394601075,42.45803619400563,42.640967895900765,1876670
2012-02-03,42.62325668334961,42.918308363911436,42.52293704583612,42.835691639402334,1970540
2012-02-06,42.60553741455078,42.87108100767744,42.522920721757316,42.5819319743625,1911923
2012-02-07,42.33409881591797,42.64685337973081,42.33409881591797,42.49932755348452,2729010
2012-02-08,42.31049346923828,42.4816200281703,42.192470942766874,42.44031637006405,2013407
2012-02-09,42.41672134399414,42.42852172124691,42.13347002832991,42.31050386151996,1771431
2012-02-10,42.22785568237305,42.32227271727294,42.11573574691253,42.29276475251883,2159219
2012-02-13,42.33409881591797,42.48752717784849,42.2809900819572,42.416715532567466,1543014
2012-02-14,42.26918411254883,42.422607758443306,42.039041600109385,42.22197322478759,2438221
2012-02-15,42.015438079833984,42.2101747832341,41.92102569145264,42.06855150493004,2633784
2012-02-16,42.151161193847656,42.32229244284766,42.04494374097804,42.19246954631865,2207822
2012-02-17,42.23378372192383,42.434418281362454,42.07445282491931,42.36950447628184,2334443
2012-02-21,42.13346862792969,42.33410320895673,42.00364569953184,42.23378826630968,1920267
2012-02-22,42.033145904541016,42.32229972586516,41.86201932182453,42.32229972586516,2621581
2012-02-23,42.428504943847656,42.493418732401906,41.93281885924299,41.9387213934019,2001621
2012-02-24,42.375404357910156,42.3990098033458,42.08035272502715,42.3990098033458,2228578
2012-02-27,42.399017333984375,42.46982898713627,42.180679838188404,42.19248021513606,1825146
2012-02-28,42.62325668334961,42.682267958608556,42.34590791579218,42.4757308430687,2135438
2012-02-29,43.00680160522461,43.14252700145128,42.58192720804825,42.59963011227516,3791409
2012-03-01,42.58784866333008,43.0776323617079,42.40491231073187,42.9360090649688,2765306
2012-03-02,42.69406509399414,42.82388801141438,42.57604255243663,42.735373453112516,1876983
2012-03-05,42.876991271972656,42.9478029095731,42.694059642927535,42.69996217797155,2080576
2012-03-06,42.841583251953125,42.98910905461808,42.72356073152848,42.758966548509534,2722647
2012-03-07,42.5911865234375,42.87139129218949,42.48387527006539,42.87139129218949,3671360
2012-03-08,42.79985046386719,42.92504692615588,42.674649257491254,42.781965254968796,2126468
2012-03-09,42.787933349609375,42.9190931587453,42.71042917910792,42.87140083909964,1773934
2012-03-12,43.05023956298828,43.09793661187043,42.72830108733766,42.72830108733766,2154734
2012-03-13,43.55104446411133,43.56296635691868,43.13967986115935,43.13967986115935,2402655
2012-03-14,43.40796661376953,43.67624957973391,43.24699968064418,43.52124122214659,2092154
2012-03-15,43.47352600097656,43.58083723320864,43.22909169816817,43.384099974116495,2153586
2012-03-16,43.47352600097656,43.5212183006065,43.306595836142336,43.46756268449045,2436761
2012-03-19,43.527191162109375,43.61065863487311,43.264871596405285,43.41987990634516,1508595
2012-03-20,43.753761291503906,43.807416945116785,43.30662610064032,43.30662610064032,1832864
2012-03-21,43.77161407470703,43.902773823268184,43.67026141914727,43.71795846085284,1509534
2012-03-22,43.73587417602539,43.83722690228976,43.592792439265736,43.70010374183548,1930071
2012-03-23,43.59873580932617,43.861055397954054,43.521231647583235,43.80143644706812,1676727
2012-03-26,43.93857192993164,43.956457145823954,43.622596619774725,43.69413748334397,2346541
2012-03-27,43.92665100097656,44.07569605138975,43.90876578469055,44.01607708240664,1698943
2012-03-28,44.057804107666016,44.06972600200654,43.807406373807275,43.87894722802735,2161722
2012-03-29,44.02202606201172,44.08760358566831,43.664317108728724,43.980292322909705,2552117
2012-03-30,44.05183410644531,44.3499241165388,44.02202700307107,44.07568263559736,3153511
2012-04-02,44.45723342895508,44.61820030228705,43.94451622190074,43.97432332078506,2537619
2012-04-03,44.37975311279297,44.55860529032427,44.27243706218459,44.421482124823875,2016536
2012-04-04,44.24858093261719,44.54070765584461,44.20684718813091,44.28435135815163,2818395
2012-04-05,44.33799743652344,44.3618459631004,44.010095614373796,44.188952447570124,1625307
2012-04-09,44.13529968261719,44.2545328350587,44.03991031421145,44.15318489268779,1492950
2012-04-10,43.83720779418945,44.13529777856458,43.71796990280446,44.06971551507663,2092362
2012-04-11,44.08164978027344,44.21280958586299,43.896829593412015,44.21280958586299,1929550
2012-04-12,44.21875762939453,44.26645468047922,43.855090149287214,44.0697126469072,1611644
2012-04-13,44.326087951660156,44.588407585165335,44.12338253515186,44.17107960165566,2083392
2012-04-16,44.55262756347656,44.67782879135385,44.34992691312178,44.403582549031455,2021647
2012-04-17,45.01167678833008,45.01167678833008,44.52280813765114,44.63011937977479,2546380
2012-04-18,45.107086181640625,45.16670514622706,44.90438549731782,44.928229287881315,2075674
2012-04-19,44.874542236328125,45.172632106545265,44.701648783258236,45.089169409808946,2367089
2012-04-20,45.58997344970703,45.95960898429528,45.250149757502825,45.32765390597961,4053724
2012-04-23,45.69729232788086,45.756911278518295,45.01764957405977,45.24419874002938,3519186
2012-04-24,46.919456481933594,46.93734168976957,45.649592493318664,45.69728479951894,5798037
2012-04-25,46.93734359741211,47.22351167850516,46.75252819423341,46.90753649783638,3693367
2012-04-26,47.12215805053711,47.24735449534872,46.782334384819016,46.81810479762233,2447608
2012-04-27,46.907535552978516,47.14600657704231,46.81810951196548,47.14600657704231,2693860
2012-04-30,46.78235626220703,46.81216337211999,46.38887679327649,46.44253243757309,3567477
2012-05-01,46.66905212402344,47.02676093708167,46.41269121581213,46.448466366795174,3496136
2012-05-02,46.82408142089844,46.89562701817225,46.347139236936805,46.41868009012221,3710577
2012-05-03,46.94329833984375,47.11022850396649,46.65713031102492,46.65713031102492,3140264
2012-05-04,46.67502975463867,47.09832098257526,46.64522265141507,46.86580849871535,2481297
2012-05-07,47.09831237792969,47.217545513128464,46.50809104277866,46.50809104277866,2860845
2012-05-08,47.02676773071289,47.223504997069,46.86579613233504,46.91349317781236,3361276
2012-05-09,47.42027282714844,47.57528119321976,46.80024410695223,46.836014538493444,4198805
2012-05-10,47.53950119018555,47.65277579325994,47.41430469250438,47.62296868469872,2548883
2012-05-11,47.330814361572266,47.563326774884935,47.30697058386299,47.53351968070519,1742436
2012-05-14,47.414310455322266,47.54547028829251,47.205646437766546,47.205646437766546,2391286
2012-05-15,47.50967788696289,47.59910392625243,47.18773940143359,47.46198558070412,2724629
2012-05-16,47.55144500732422,47.69452677064959,47.4441289407399,47.6229858889869,3079562
2012-05-17,47.10429000854492,47.658736353118535,47.10429000854492,47.62892924628317,2066287
2012-05-18,46.99695587158203,47.43813219367325,46.88964463543274,47.15792746989244,2565154
2012-05-21,46.88368225097656,47.026768646107264,46.62136272800461,47.01484201246254,2618764
2012-05-22,46.907535552978516,47.14004800369947,46.794260986332986,46.88368702734602,1945508
2012-05-23,46.794281005859375,46.979096484383085,46.53196134393752,46.794281005859375,2024254
2012-05-24,47.223514556884766,47.306982031323784,46.76445767973247,46.78830146321153,8068857
2012-05-25,47.37258529663086,47.52163037276692,47.12219222541269,47.12219222541269,7587095
2012-05-29,47.55144500732422,47.617022567484916,47.30104717741454,47.47394080415955,8443294
2012-05-30,47.25333023071289,47.64680961904534,47.22351838281762,47.318907756724386,2193429
2012-05-31,47.30698776245117,47.54545883474402,47.181786535624816,47.30698776245117,2420490
2012-06-01,46.66905212402344,47.09830175087615,46.60346988198796,47.03271950884068,2431963
2012-06-04,47.01485824584961,47.03274345840557,46.38290774342144,46.698882994635525,2584554
2012-06-05,47.24737548828125,47.259297383150624,46.65715392660637,46.961207314618015,3960062
2012-06-06,48.28247833251953,48.2945125990879,47.34366666484611,47.451994219180825,4527037
2012-06-07,48.5051383972168,48.625500205727526,48.25840004193284,48.44495749296143,4522970
2012-06-08,48.866214752197266,48.95046896853314,48.384777137947474,48.47504609201882,2440307
2012-06-11,48.83009719848633,49.155070155581114,48.75788204997703,49.022674120379754,2616574
2012-06-12,49.05277633666992,49.05277633666993,48.64355385105761,48.914365524985826,2552221
2012-06-13,49.13701629638672,49.179143395889675,48.715754878963054,48.9143513258753,2330375
2012-06-14,49.69066619873047,49.6966809343149,49.04072038424804,49.27541958089843,2570891
2012-06-15,49.63652038574219,49.90733205082251,49.56430521873521,49.77493598170834,3402475
2012-06-18,49.82306671142578,49.82306671142578,49.46800093899979,49.61243601570274,1763817
2012-06-19,50.075836181640625,50.14805134933722,49.70272128933874,49.92538631933798,2397648
2012-06-20,49.112953186035156,49.85316818853782,49.01666470522801,49.76289923428236,4618300
2012-06-21,48.57133865356445,49.245353285666035,48.51115774952588,49.19119190867262,2975053
2012-06-22,48.974525451660156,49.10090674508013,48.66761108330404,48.93240314265625,2081202
2012-06-25,48.745849609375,48.932411820059436,48.62549260847321,48.745849609375,1681420
2012-06-26,49.14902877807617,49.28744427704658,48.691659989131175,48.90229060450326,2211682
2012-06-27,49.263404846191406,49.54023124566241,49.215262998424144,49.32960527427602,1935599
2012-06-28,49.684654235839844,49.70270802294517,48.92638559981035,49.14303104507424,1980553
2012-06-29,50.41282653808594,50.412826538085945,49.5823381013152,49.94341857288443,2536367
2012-07-02,50.491065979003906,50.4910659790039,49.97953561307127,50.220259165606436,1998284
2012-07-03,50.551231384277344,50.65955886526079,50.424854910065186,50.551231384277344,1523406
2012-07-05,50.6114387512207,50.67763917919164,50.43691557435635,50.61745827798282,1658579
2012-07-06,50.49708938598633,50.68966632729593,50.31053197059373,50.40080091533153,1380202
2012-07-09,50.731788635253906,50.7618766843877,50.40079615076727,50.49708461231958,1583274
2012-07-10,51.01462173461914,51.01462173461914,50.677614597880854,50.85213290129054,1983369
2012-07-11,50.761871337890625,51.09286378751546,50.64752910114054,50.97250202605144,2208553
2012-07-12,50.749847412109375,50.9002972501762,50.569304733147106,50.73179362309349,2356450
2012-07-13,51.279422760009766,51.3636721646121,50.785946226987484,50.83408805978844,1672450
2012-07-16,51.27341079711914,51.59838378006247,51.09888764847137,51.09888764847137,1504006
2012-07-17,51.64651870727539,51.839095618710815,51.309511506664734,51.58634261265417,2091632
2012-07-18,51.79697799682617,51.905305522327,51.47802452401521,51.58635204951603,1687365
2012-07-19,51.68263244628906,51.899277885827914,51.423855119547234,51.80298942754304,1893566
2012-07-20,51.050750732421875,51.62246207340794,50.936408464224655,51.351650430034795,3398303
2012-07-23,50.97251510620117,51.21323390209804,50.79197720647945,50.79197720647945,2364168
2012-07-24,50.24433135986328,50.9965853332787,49.98555878966957,50.93640444074906,3428862
2012-07-25,50.19016647338867,50.5873545896654,50.08184374771404,50.24432783622599,2589873
2012-07-26,51.586360931396484,51.90531445912326,50.479045691827345,50.55126086205916,2962224
2012-07-27,52.549232482910156,52.77189748446054,51.30952137022852,51.62246010867002,3375878
2012-07-30,52.91632080078125,52.95844310796843,52.29646298813904,52.42885901210492,2530318
2012-07-31,52.30247497558594,52.898259391974676,52.29044071652423,52.80197095307546,2695008
2012-08-01,52.4589729309082,52.79598025666636,52.29046926802912,52.416845817987316,3498326
2012-08-02,52.28443908691406,52.70570055267438,51.97751988218001,52.54923118731138,3090305
2012-08-03,51.36369323730469,53.108915604785906,51.26740474339641,52.71774689058668,4957692
2012-08-06,50.376739501953125,51.5321966339836,50.25638247680289,51.42387387470703,5104233
2012-08-07,49.78095245361328,50.665597772768336,48.92037566278073,50.5572750289054,7306528
2012-08-08,50.09990310668945,50.34664142403338,49.648553577383055,49.648553577383055,5088484
2012-08-09,49.85919189453125,50.09991072232536,49.750864351540216,49.949460856353504,2820376
2012-08-10,49.84112548828125,49.985555790644156,49.7448370237716,49.79899838715769,2315043
2012-08-13,49.642547607421875,49.88326646435906,49.60644001832154,49.76290943029293,2190404
2012-08-14,49.91333770751953,49.94342575581003,49.61845280577949,49.84713729695643,2348315
2012-08-15,49.967525482177734,50.19019056588342,49.678659952913264,49.87725650078427,1515792
2012-08-16,50.22028350830078,50.29851822191621,49.829109940223645,49.88929085752824,1969810
2012-08-17,50.52117156982422,50.581352473148634,50.10592956233131,50.23832563412332,2205736
2012-08-20,50.59941101074219,50.67162618598249,50.35868737486821,50.44294160518505,2186754
2012-08-21,50.65355682373047,50.852148494603874,50.56930261930928,50.69568392594107,2136794
2012-08-22,50.46096420288086,50.731775731414885,50.32856820052228,50.56928689877377,2135855
2012-08-23,50.20220184326172,50.53318952148782,50.14803569559305,50.388759231178646,1245759
2012-08-24,50.34663772583008,50.551248922762866,50.129987477499135,50.129987477499135,1366330
2012-08-27,50.32257843017578,50.47302830413741,50.31054416422851,50.31054416422851,1022140
2012-08-28,50.35265350341797,50.52717663647087,50.214237944265264,50.214237944265264,1081382
2012-08-29,50.24433135986328,50.41283977446765,50.2022090450156,50.352658881938005,1337335
2012-08-30,50.238319396972656,50.29850029282553,49.64253475347392,50.184158027346164,2249021
2012-08-31,50.310523986816406,50.491061847642456,50.117947076066834,50.37070487002598,1854037
2012-09-04,50.38876724243164,50.785955392733094,50.17211698372017,50.41885529476214,3637358
2012-09-05,50.151981353759766,50.58914074009422,50.151981353759766,50.32805588339788,3404456
2012-09-06,50.77128601074219,50.77735921198877,50.315911873358644,50.315911873358644,2009339
2012-09-07,50.35234069824219,51.00200895118604,50.18840775046853,50.85629077538724,2248082
2012-09-10,50.0123291015625,50.340199833211166,49.927323610151724,50.33412663196623,1993903
2012-09-11,50.00018310546875,50.25518989412336,49.805888997871996,50.073042187941496,1776333
2012-09-12,49.994102478027344,50.279470396323,49.87874067074804,50.04874678176438,1632399
2012-09-13,50.558753967285156,50.60125669354381,49.81801218300115,49.81801218300115,2469720
2012-09-14,50.20054626464844,50.631637227645605,49.72088418984392,50.57091971425827,3475276
2012-09-17,50.40699005126953,50.46163437265462,49.927327899327125,50.182339563962515,2009861
2012-09-18,50.777374267578125,50.777374267578125,50.29163881144477,50.34021477281111,1805016
2012-09-19,51.22665786743164,51.22665786743164,50.777352162170736,50.777352162170736,2159114
2012-09-20,51.60918045043945,51.70632268215226,51.23273376865774,51.23273376865774,2367193
2012-09-21,51.803462982177734,51.912756433718926,51.645603252625314,51.71846233265012,3603461
2012-09-24,51.97345733642578,52.06453599732388,51.49380022444339,51.73059218087093,1787702
2012-09-25,51.91274642944336,52.331690890353805,51.91274642944336,52.094894094403095,2204276
2012-09-26,51.82775115966797,52.12526068145872,51.797394820037724,51.91275664103904,1659622
2012-09-27,52.028114318847656,52.167759267831116,51.65774091473134,51.92489407561745,1655554
2012-09-28,52.082767486572266,52.137411801755256,51.6213201607989,51.96133245405156,1899094
2012-10-01,52.477413177490234,52.604916553057784,51.979536411840925,52.082756651159805,1834846
2012-10-02,52.44099044799805,52.76886114494423,52.26491111407272,52.64742612192592,1686427
2012-10-03,52.489585876464844,52.62316253106876,52.30136488563747,52.61102095574342,1702593
2012-10-04,52.69599533081055,52.82349870663593,52.525989219208896,52.525989219208896,1301038
2012-10-05,52.756736755371094,52.91459653889675,52.647443266461785,52.87816698642886,1194026
2012-10-08,52.610992431640625,52.774930182935194,52.489557418200484,52.72028104483456,1083468
2012-10-09,52.25883102416992,52.73242465260487,52.24061625626884,52.62920441349646,1596833
2012-10-10,52.21025848388672,52.7081352348235,52.15561418168682,52.33776185568648,1111212
2012-10-11,52.21025848388672,52.47741162675507,52.10703824761805,52.465270058989525,986574
2012-10-12,52.00382995605469,52.501706775092195,51.91275610659758,52.28919790535629,1186308
2012-10-15,52.38026809692383,52.55634741458068,51.937035618513,51.98561155583388,1082530
2012-10-16,52.6170539855957,52.653483515263765,52.337754482803774,52.44097470453168,1265368
2012-10-17,53.090660095214844,53.15745080915524,52.60492482134345,52.67171553528385,1098488
2012-10-18,53.23637008666992,53.309229152074,52.84170876322615,53.005646491888335,1365704
2012-10-19,52.750640869140625,53.199941710708245,52.56848835362414,53.127082637103065,2140340
2012-10-22,52.544219970703125,52.72636770586151,52.15563169369202,52.635293838282315,1862381
2012-10-23,52.17991256713867,52.4774221045743,51.76703637113105,52.19812733817546,2002769
2012-10-24,51.135589599609375,52.75065538944178,51.008086185703355,52.47742895670971,3421979
2012-10-25,50.29767990112305,51.59094278208357,50.04266834553105,51.2812917599754,3798815
2012-10-26,50.24304962158203,50.40091419201877,49.95160845266135,50.31590870593613,2229308
2012-10-31,50.668060302734375,50.722704608357596,50.15196875206583,50.24911579478608,2744446
2012-11-01,50.85628890991211,51.10522733877335,50.43127113741645,50.631638453294585,2136481
2012-11-02,50.60127258300781,51.287370291046805,50.55876984340273,51.15986690373545,1902223
2012-11-05,50.47377395629883,50.61342375752824,50.30983618278944,50.41912964229714,1411492
2012-11-06,50.65592575073242,50.85021988161682,50.437348477116004,50.58306665952695,1192775
2012-11-07,50.44947814941406,50.62555746596685,49.87874229424594,50.43733658091178,2042507
2012-11-08,50.151981353759766,50.82593279062695,50.151981353759766,50.26734319400808,1816697
2012-11-09,50.47377395629883,50.69842441325164,50.0912589267827,50.0912589267827,1888351
2012-11-12,50.783424377441406,50.85628345485307,50.25518640319921,50.46769526665245,1508074
2012-11-13,51.23881912231445,51.45739644276537,50.62558025409532,50.62558025409532,2266022
2012-11-14,50.91701889038086,51.45132542152682,50.75308107698055,51.335963564506415,2540018
2012-11-15,50.89878463745117,51.09914709420653,50.637699842704464,50.910926206147245,2072545
2012-11-16,51.627376556396484,51.627376556396484,50.886629863250455,51.04449438783924,2984023
2012-11-19,52.21635055541992,52.349927175131015,51.85811861457718,51.91276776803152,2462002
2012-11-20,52.34991455078125,52.39241729032717,51.92489681832987,52.14954725378131,1978571
2012-11-21,52.3863525390625,52.50171437557668,52.07669657457657,52.48349960304837,1151889
2012-11-23,53.02993392944336,53.02993392944337,52.42884175957759,52.50170083089424,727075
2012-11-26,52.44705581665039,52.82349756768719,52.34990877904358,52.82349756768719,1814820
2012-11-27,51.96133804321289,52.72029499934255,51.92490849583906,52.56243523789095,2210117
2012-11-28,52.23454666137695,52.40455276829603,51.88846124787992,52.034179387666754,2348106
2012-11-29,52.01597595214844,52.36206144104202,51.882399351075705,52.22848483996929,2328080
2012-11-30,52.04633331298828,52.22848101406074,51.888468751056145,52.052401682021355,3149339
2012-12-03,52.028114318847656,52.277052711105334,51.79739069521841,52.11311496194581,1958963
2012-12-04,52.10097122192383,52.21633302893046,51.70024149729607,51.92489191151843,2771042
2012-12-05,51.96011734008789,52.3643329632218,51.86824638710086,52.1805959307798,1855393
2012-12-06,52.05198669433594,52.168352026810574,51.794756782146635,51.990741013002065,1478661
2012-12-07,52.615421295166016,52.62766847763344,52.082588444577446,52.08871447257648,1417020
2012-12-10,52.49293518066406,52.60930048299863,52.296951000571,52.511308392952095,1480539
2012-12-11,52.53581619262695,52.73180040464844,52.40107765605367,52.609309053752035,1615607
2012-12-12,52.364322662353516,52.7072925405393,52.25407851516222,52.67054611598591,1905770
2012-12-13,52.53581619262695,52.79916723616913,52.32758479492859,52.364331225491135,1574409
2012-12-14,52.08872604370117,52.66442659757867,51.99073394160163,52.41332274973579,2148476
2012-12-17,52.3765754699707,52.42556908345889,52.07035198345752,52.16834408396553,1985559
2012-12-18,52.7685546875,52.93391364963787,52.168354776445184,52.376586205129676,2476291
2012-12-19,52.05812072753906,52.83592686680916,52.021369414262985,52.76856001845812,1450709
2012-12-20,52.027488708496094,52.30309184441428,51.868250907873815,52.08873439131486,1514227
2012-12-21,51.476280212402344,52.05810680865688,51.38440926407555,51.89274300049411,4432124
2012-12-24,51.31704330444336,51.43953465526954,51.206804012818935,51.243550443360405,755966
2012-12-26,51.1333122253418,51.50078144702751,50.99857367317478,51.3048020858566,1405860
2012-12-27,51.40279006958008,51.45178856572745,50.94345475424427,51.13331296136713,1555113
2012-12-28,50.91283416748047,51.48240878681498,50.906708137100786,51.22518374032376,1256085
2012-12-31,51.709007263183594,51.72125444779591,50.65559343351739,50.704591919029596,1773621
2013-01-02,52.90327072143555,52.91551790372085,52.058093305485826,52.28469785571252,2701370
2013-01-03,52.67667007446289,52.97677238899496,52.48681191298922,52.97677238899496,1875314
2013-01-04,52.89104461669922,52.90329667852657,52.41946207466984,52.780805301450734,1776438
2013-01-07,51.727378845214844,52.633802063284314,51.67838036124821,52.62155000552699,2791694
2013-01-08,51.46404266357422,51.800891530838626,51.39667581424125,51.61715445591262,2512066
2013-01-09,51.81924819946289,51.97235994289609,51.464026225520165,51.63551118322408,1923813
2013-01-10,52.01524353027344,52.107109621283385,51.72126716550895,51.929498596309045,1996928
2013-01-11,52.11935043334961,52.22959460260848,51.88049862594158,52.11935043334961,1313033
2013-01-14,52.45619201660156,52.572557326169026,52.08872287446911,52.205088184036576,1348078
2013-01-15,52.48682403564453,52.6705610841579,52.247972208169394,52.46232966133541,1560641
2013-01-16,52.358211517333984,52.47457685267532,52.17447446880596,52.47457685267532,1293633
2013-01-17,52.87265396118164,53.080885334713805,52.419444787819366,52.505184824670806,1252226
2013-01-18,53.17277145385742,53.191144672251625,52.670563653039046,52.96453514734621,1652425
2013-01-22,53.40549850463867,53.46674418629926,53.00740401061107,53.18501502536704,1446432
2013-01-23,53.28300476074219,53.662721147127506,53.19725983554179,53.19725983554179,1731380
2013-01-24,53.025760650634766,53.42997617498831,52.75628363439907,53.28299048378007,2541478
2013-01-25,52.82978057861328,53.70558338609078,52.68892090478758,53.656589776397325,3350429
2013-01-28,53.160491943359375,53.27685722428211,52.82976930949844,52.95226061790033,2149832
2013-01-29,53.9811897277832,54.17104789635486,53.031894011393376,53.031894011393376,3106576
2013-01-30,53.98732376098633,54.440533021087084,53.840333154131066,53.9566984841892,2004542
2013-01-31,54.82022476196289,54.87534438717181,53.60145723299547,54.01791987248292,4445370
2013-02-01,55.126468658447266,55.23671282340675,54.92436329083001,55.046854641437484,3221410
2013-02-04,54.691646575927734,55.05911584779369,54.64265294732774,54.7651394555943,1651278
2013-02-05,55.267337799072266,55.61030776092443,54.93049386731714,54.94274105397889,2294183
2013-02-06,55.671566009521484,55.689939230428145,54.72839596473503,55.03461956220163,2033641
2013-02-07,55.720558166503906,55.8307974793852,55.389835354327204,55.59806679205836,1929550
2013-02-08,55.671566009521484,56.081907774481415,55.506207021361554,55.72056451429484,1723349
2013-02-11,55.365333557128906,55.683809166619724,55.24896821881997,55.26734143678808,1917034
2013-02-12,55.05909729003906,55.47556005013559,54.96723122141947,55.45106568085802,2045636
2013-02-13,55.05299377441406,55.16935913342936,54.74064413984316,55.028499395119724,1971166
2013-02-14,55.236724853515625,55.451082326998076,54.99174209894542,55.040740599272645,1891898
2013-02-15,55.85529327392578,55.89816573968303,55.27959262200208,55.38370589766107,2296790
2013-02-19,56.47386932373047,56.47999048091893,55.922663017735815,55.934915079178325,2494439
2013-02-20,56.1860237121582,56.75559841119373,56.17989768092131,56.47387407729442,2570682
2013-02-21,56.25949478149414,56.51059860892434,55.812406765796766,56.045137380172626,1856018
2013-02-22,57.87636947631836,57.88249550649824,56.27175407237568,56.27175407237568,4916285
2013-02-25,57.717124938964844,58.73379240640293,57.717124938964844,57.94373442029813,4927236
2013-02-26,57.704872131347656,58.2070797866719,57.45989433255307,57.79061216783666,4043815
2013-02-27,58.298954010009766,58.47043898051561,57.41090388238865,57.57014166697694,1917660
2013-02-28,57.74163818359375,58.739927804688506,57.74163818359375,58.29283963661509,2935211
2013-03-01,57.75386428833008,57.91310204662846,57.41702043265555,57.704870679216604,2423098
2013-03-04,58.20709228515625,58.213218315339205,57.67426411814571,57.75387814286225,1634277
2013-03-05,58.71542739868164,59.10126496470324,58.403077828845966,58.403077828845966,2001830
2013-03-06,58.45601272583008,58.95632159791461,58.30776960128133,58.83278647996732,1732632
2013-03-07,58.04216384887695,58.814245906658655,58.04216384887695,58.55482908767709,2118124
2013-03-08,58.17805099487305,58.29540786188377,57.82598039384089,58.258348315991874,2415067
2013-03-11,57.98658752441406,58.4807181860977,57.93099819360417,58.202771532048224,2316712
2013-03-12,58.110111236572266,58.320121905125355,57.82598638361757,57.8630459333482,2002143
2013-03-13,57.690101623535156,58.20894025185692,57.62833406693641,58.06070204806779,2203755
2013-03-14,57.9248161315918,58.10394057350479,57.81363747732574,57.83834056823384,1953643
2013-03-15,57.603614807128906,58.048339161729054,57.233014455001346,57.76420943989791,3452539
2013-03-18,57.38125228881836,57.572728218784455,56.76976004354941,56.94888443176422,2265083
2013-03-19,57.99892044067383,58.06068798230879,57.37507662576037,57.38125485444145,1942587
2013-03-20,59.01190185546875,59.141610268833304,58.07922512899494,58.085403358460624,2866373
2013-03-21,58.63512420654297,58.8945459525891,58.25217227457052,58.869837949380106,2827364
2013-03-22,59.08600997924805,59.23425305348766,58.65364212822484,58.67835012644117,1775395
2013-03-25,58.39425277709961,59.26516220146747,58.33248521007609,59.23428087548603,2975679
2013-03-26,60.11136245727539,60.14842201073279,58.672198442792734,58.672198442792734,3543488
2013-03-27,59.858116149902344,60.01253751497707,59.524580156714634,59.7592939471462,2033537
2013-03-28,60.51901626586914,60.52518958077341,59.586334549123364,59.709869658043516,2462314
2013-04-01,60.488121032714844,60.59930458022684,60.09899090407013,60.265763767808664,1625203
2013-04-02,61.63698959350586,61.69875714674098,60.41400973366487,60.71049104015771,2701892
2013-04-03,60.46341323852539,61.76669026249332,60.253407515931194,61.692571173937594,2885251
2013-04-04,60.8216667175293,60.90814227084849,60.43871478725128,60.62401252285054,1896278
2013-04-05,61.34050750732422,61.58757771712422,60.129884122554,60.29047386085263,2981728
2013-04-08,61.426998138427734,61.42699813842774,60.67344560975284,61.223165656826616,1484919
2013-04-09,61.34050750732422,61.49492393091948,60.994615111675586,61.39609683001137,1617902
2013-04-10,61.95199203491211,62.04464089431461,61.420797049239646,61.53197568052265,1800635
2013-04-11,62.45848846435547,62.514077788402886,61.80993652034974,61.98906095232004,2325994
2013-04-12,62.52640151977539,62.80435293143194,62.161979503084915,62.30404432249608,1443616
2013-04-15,61.89640426635742,62.90320003216662,61.88404780808901,62.32259394532032,1854454
2013-04-16,62.74262237548828,63.020573950925375,62.03848100574649,62.267021479914476,1813881
2013-04-17,62.17435836791992,62.80437556902261,61.97052594855255,62.557310289083865,1929863
2013-04-18,62.606727600097656,63.298517333750155,62.16200808599374,62.16200808599374,2730783
2013-04-19,65.53445434570312,65.8062275845823,64.16323169450285,64.8550212485052,4746797
2013-04-22,65.21942901611328,65.29972630747521,64.61411513243345,64.99707182316395,3652899
2013-04-23,65.15766906738281,65.62091818828465,64.39793873968294,65.34914497748427,4658142
2013-04-24,63.86677169799805,65.10210313048044,63.81117745828385,64.95386493140164,3560280
2013-04-25,63.90380859375,64.31764172449358,63.81733306490333,64.31764172449358,2146911
2013-04-26,63.69381332397461,64.29295411214571,63.60734268938126,63.9594132871506,2417674
2013-04-29,63.81119918823242,63.99650191524264,63.4961929079193,63.66296093867331,2336737
2013-04-30,63.737030029296875,63.81732732312773,63.33554847520011,63.61349988999036,1825459
2013-05-01,63.798805236816406,64.57706535987296,63.594972864083466,63.77409723995767,2721917
2013-05-02,64.57707214355469,64.85502362100395,63.786460396545735,63.903817250130224,2477438
2013-05-03,65.08972930908203,65.27502699451372,64.29293943160984,64.88589694004921,2527189
2013-05-06,64.5276870727539,65.08976356781201,64.19414614836613,64.92299064808785,1851221
2013-05-07,64.5523681640625,64.80561165782812,64.33618421425685,64.60796239506132,1702802
2013-05-08,64.40412902832031,64.62031297490388,64.07058822259305,64.5029561157602,1649817
2013-05-09,63.60118103027344,64.49062510034246,63.3973534766533,64.3794415196711,2636287
2013-05-10,63.885311126708984,63.8976626734788,63.33558619695575,63.582651537774794,2034267
2013-05-13,64.0582046508789,64.23732404943685,63.60112898562369,63.90378832553536,1336605
2013-05-14,64.89208984375,64.89826807301431,64.1570673335435,64.20030019321635,1500981
2013-05-15,64.62030792236328,64.70677854520045,64.33000491166274,64.63265946418048,2646404
2013-05-16,64.08294677734375,64.45354716702978,63.93470858749307,64.41031430502956,2307846
2013-05-17,64.45352935791016,64.47823735441133,63.792626085674144,64.14469660434843,2687185
2013-05-20,63.53940963745117,64.3423780869481,63.403522971540006,64.31767007994786,1824311
2013-05-21,62.9464225769043,63.625855590222905,62.687000911798,63.625855590222905,3107097
2013-05-22,63.094688415527344,63.638235064774825,62.74261775657478,62.84762309724939,2501740
2013-05-23,63.33559036254883,63.774131739975104,62.439972913731935,62.57585959737876,7053809
2013-05-24,63.934722900390625,63.94707444729018,63.01439749221194,63.317057084325135,6697937
2013-05-28,64.56473541259766,64.62032473782806,64.15089721580279,64.39796252184672,7275864
2013-05-29,61.451690673828125,64.16324541400735,61.414631125607585,64.12618586578681,4942881
2013-05-30,61.95817947387695,62.35966120100667,61.53816305705273,61.618460385490586,2169649
2013-05-31,59.80868911743164,61.865518436184864,59.802510888257444,61.76669134469273,4217058
2013-06-03,59.72840118408203,59.98782295439661,58.993378569093785,59.913703852895246,4536946
2013-06-04,60.27192306518555,60.58693403227045,59.59866828293286,59.672787353998075,3125245
2013-06-05,59.61174392700195,60.21589487187955,59.593059050611956,60.21589487187955,2016119
2013-06-06,60.01033020019531,60.010330200195305,58.9016831183072,59.42486438609949,3295671
2013-06-07,60.48992156982422,61.03801769108465,60.14113403014919,60.527291309346616,2097995
2013-06-10,60.77021789550781,60.795127758567496,59.90447377107415,60.4712549329882,2160262
2013-06-11,61.00689697265625,61.35568462141004,60.14115283850637,60.4027410969715,2007775
2013-06-12,60.29685592651367,61.62972677742721,60.284396039854705,61.51761753469615,2378874
2013-06-13,60.77021789550781,61.069175901827045,60.14737715120853,60.371600612148335,2601451
2013-06-14,60.95082473754883,61.50515085908793,60.70792140510991,60.77020596292994,2349358
2013-06-17,61.99720764160156,62.028347450055946,61.22488785620647,61.231117800377596,2020604
2013-06-18,61.93488693237305,62.08437081185879,61.57986953336629,62.08437081185879,1730650
2013-06-19,60.103763580322266,61.909990913763416,60.078853723013545,61.65463266105407,2431024
2013-06-20,58.95774459838867,59.71760425702513,58.428333327369984,59.71760425702513,5664533
2013-06-21,59.65531539916992,60.05393254827652,59.063624573475614,59.6241756027329,3933570
2013-06-24,59.22557067871094,59.82349652579209,58.39719641307131,58.94529758432889,2470033
2013-06-25,59.54323196411133,59.82973506645052,58.80205690850708,59.605516540150504,1988062
2013-06-26,60.40896224975586,60.6020409216392,59.96052034430431,60.047714765703375,2228787
2013-06-27,60.614532470703125,61.15639902363513,60.50864816490843,60.7141818740128,1758289
2013-06-28,60.502384185791016,60.75152242253084,60.06017224111697,60.415189767891675,2593211
2013-07-01,60.52107620239258,61.06917245800334,60.34045244629356,60.34045244629356,1545726
2013-07-02,60.44011688232422,60.98198824135864,60.190983530656055,60.65188543525312,1306983
2013-07-03,60.43387222290039,60.67055056461728,59.81103161216159,60.315533052041935,980837
2013-07-05,60.6580924987793,60.7764316731869,59.848408106074125,60.68300731344391,969260
2013-07-08,61.08163070678711,61.40550350541606,60.75152796481145,60.99443132473318,1611435
2013-07-09,61.36813735961914,61.71070000839423,61.2373432350615,61.467791678015516,1186517
2013-07-10,61.4055061340332,61.6421845169398,61.0380336286467,61.48647557620653,1928298
2013-07-11,62.06572341918945,62.190287611736984,61.61105147807915,61.95983914713337,1807206
2013-07-12,62.20897674560547,62.24012151302423,61.816589352016855,61.92247363131896,1198198
2013-07-15,62.35845184326172,62.414506469189824,61.70447129503305,62.21519782842297,1445389
2013-07-16,62.40203857421875,62.4518682061166,61.984741427122714,62.21518984510108,2252150
2013-07-17,62.059478759765625,62.788198690372326,61.984739270718684,62.70099931568454,1464059
2013-07-18,61.60482406616211,62.29617444459289,61.53008455632114,62.128005591249796,2338928
2013-07-19,61.966064453125,61.966064453125,61.13769008397645,61.62350179780931,3047229
2013-07-22,60.838741302490234,61.60483128047594,59.879572582737644,60.70171719966843,3378590
2013-07-23,61.16261672973633,61.26227106930496,60.15361840017942,60.83873888708795,2453032
2013-07-24,60.944610595703125,61.224883721466504,60.832496389197495,61.15014422126294,1675684
2013-07-25,61.33074188232422,61.530050435509715,60.807560647360916,60.92589979105242,1248158
2013-07-26,61.28094482421875,61.40550900891711,60.68924883925022,61.249800060893854,1386043
2013-07-29,61.12527084350586,61.467828742640464,60.98201674514241,61.156410668444195,975309
2013-07-30,61.01312255859375,61.648418247781535,60.85118366429876,61.37437009875945,1154288
2013-07-31,61.536312103271484,61.829045142876964,60.981985833214004,60.981985833214004,2022898
2013-08-01,61.53007125854492,62.27747610782854,61.19373858074731,61.93491348682361,1898051
2013-08-02,62.04077911376953,62.05946398158184,61.13766560504468,61.45531331405244,1886996
2013-08-05,61.86019515991211,62.09064366303744,61.673346361756856,61.829055345620084,1282577
2013-08-06,62.12178039550781,62.23388965989499,61.74184794681672,61.82281740094109,1254625
2013-08-07,61.63595962524414,62.003437116950664,61.42419604323396,61.866413039626366,1196425
2013-08-08,61.39304733276367,61.760519814984555,60.93214552703252,61.74806488474312,1422131
2013-08-09,61.36813735961914,61.61104568999785,61.0442645419811,61.299627803584265,1246072
2013-08-12,61.22486877441406,61.29338327034082,60.695457502285535,61.09407468098906,1079818
2013-08-13,61.12527084350586,61.64222266594225,60.91350219159355,61.280979880604,1128630
2013-08-14,60.27819061279297,61.187529692577804,60.16607637748127,61.000680894060906,1827127
2013-08-15,59.66780471801758,60.22835602380597,59.630434961378434,60.11001680904828,1588489
2013-08-16,59.132137298583984,59.54943933930801,59.09476755836379,59.51829458499188,2224615
2013-08-19,58.9203987121582,59.12593237032238,58.67749034176311,59.10724749230745,1540824
2013-08-20,59.163291931152344,59.580589085351804,58.795814497299375,58.92038362296477,1280074
2013-08-21,58.59650802612305,59.125919395302816,58.552913291122344,59.0760947169306,1272669
2013-08-22,59.54945755004883,59.98544459421157,58.297556001233346,58.62142883425106,2161200
2013-08-23,59.72386169433594,59.941855254077765,59.48718325554204,59.78614627657665,1119765
2013-08-26,58.87678527832031,59.842183633780806,58.86433034794917,59.74875926549751,1061774
2013-08-27,58.253944396972656,58.577817163782456,57.74944294045434,58.34113881426014,1938520
2013-08-28,57.63112258911133,58.141849198977816,57.61243771100407,58.12316432087056,1459470
2013-08-29,57.892704010009766,58.11692745768396,57.30100806384182,57.425577196571936,1254938
2013-08-30,58.22279739379883,58.29131189263869,57.78058546928433,58.05463355224524,1774560
2013-09-03,57.699623107910156,58.68370633256837,57.58128392322088,58.64633658542437,1925899
2013-09-04,58.11433029174805,58.252563008953445,57.45458118693787,58.08919570682413,1573366
2013-09-05,57.97610092163086,58.08919906044175,57.55511784950005,58.05149968083812,1366017
2013-09-06,58.472476959228516,58.80549144600901,57.806442985750316,58.13317757649759,1620405
2013-09-09,58.818050384521484,58.818050384521484,58.30910386103318,58.45362145409058,1603195
2013-09-10,59.00027084350586,59.38983437838868,58.61070730862305,59.12593875794671,1331702
2013-09-11,59.414955139160156,59.43380482194946,58.5792742023643,58.86830933835468,1319812
2013-09-12,59.59719467163086,59.97419347028834,59.30816442595782,59.42126256557974,1413787
2013-09-13,60.12498092651367,60.26949852512079,59.71656771295762,59.79196646008589,1226151
2013-09-16,60.58993911743164,60.91666863931381,60.44542154048882,60.66533785325705,1133220
2013-09-17,60.54595947265625,60.86640912427069,60.33860793340577,60.596223633734716,1043000
2013-09-18,61.39419937133789,61.40676916032798,60.351171880712364,60.57108818896212,1473446
2013-09-19,61.07374954223633,61.56385131319079,60.74702002818273,61.51986705170779,1580771
2013-09-20,60.4454231262207,61.07375260780435,60.43913823143165,61.00463876478997,1747651
2013-09-23,60.187828063964844,60.495708015472005,59.85481352460464,60.42030925183091,1250036
2013-09-24,59.92393493652344,60.326068393133944,59.87995565214056,60.16270105139609,1313346
2013-09-25,59.496665954589844,60.382611450396546,59.44011688037897,60.11243087363853,1736386
2013-09-26,59.98046875,60.02444801952309,59.53435115982287,59.63488449000714,956118
2013-09-27,59.55949783325195,59.90507716348235,59.11966504939693,59.7982639159208,1031527
2013-09-30,59.20133590698242,59.622318909058706,58.92487050261646,59.31443402697299,1851951
2013-10-01,59.30185317993164,59.45265063242417,58.69865337013047,58.742637627079304,1424842
2013-10-02,59.22645568847656,59.232735582517655,58.56042192627909,59.207606006522006,1519025
2013-10-03,59.33955383300781,59.52177075867442,58.62954081222832,59.226455741179834,1844337
2013-10-04,59.22645568847656,59.55947006961748,59.081938126881205,59.30185441629479,1233452
2013-10-07,58.975128173828125,59.47150986791236,58.780346433095644,58.94371369948405,1027251
2013-10-08,58.55416488647461,59.13851025505693,58.51018061144129,58.755226572494244,2100602
2013-10-09,59.239013671875,59.691410986734525,58.560415199628174,58.78033146378066,2147224
2013-10-10,60.27576446533203,60.282044359006555,59.421233933469274,59.68513446534441,1299891
2013-10-11,60.916683197021484,60.954382573943484,59.87994033183168,60.22551962025583,1237624
2013-10-14,60.92294692993164,60.92923182387454,60.45797977621679,60.60249733749399,1548438
2013-10-15,60.66535949707031,60.92926016652827,60.5334116623003,60.89155578524746,1358820
2013-10-16,61.576412200927734,61.82774296503895,60.86011427329925,60.96693247300228,1598815
2013-10-17,62.229881286621094,62.3555491789317,61.287387094039936,61.35650093486947,1516105
2013-10-18,62.31786346435547,62.600613806729406,61.88431560600484,62.600613806729406,1871872
2013-10-21,62.09794616699219,62.129360646520006,61.57642980742682,62.09794616699219,1994842
2013-10-22,64.69923400878906,65.01968370426248,63.35460626692729,64.35993462534177,3764708
2013-10-23,65.9496078491211,66.17580908599203,64.20913180402901,64.22798149044185,3020007
2013-10-24,65.4783706665039,66.00616696640616,65.45323608081783,65.79882038426932,1853202
2013-10-25,66.2951889038086,66.32660337967657,65.10764371730079,65.34640473371381,1517565
2013-10-28,67.42618560791016,67.75920507920705,66.14439188791789,66.29519438433385,2523226
2013-10-29,67.96656799316406,67.9917025819349,67.23770491815522,67.49532070328131,2294287
2013-10-30,67.79689025878906,68.21158828725348,67.23767465982593,68.06707071675474,1760793
2013-10-31,67.8597412109375,68.10478715286206,67.3256600555713,67.79062235557808,1436837
2013-11-01,67.86599731445312,68.04192933925715,67.40103517745294,67.77803380200884,1594121
2013-11-04,68.3938217163086,68.41267140396981,67.57070535532343,67.89115504548111,1292277
2013-11-05,68.36866760253906,68.51318516660342,67.8911356516444,68.19902046204973,1039767
2013-11-06,68.8839340209961,68.94048309664308,68.07338727021938,68.46295090239971,1290504
2013-11-07,67.78434753417969,68.91534397244787,67.69009908097016,68.90277917865924,1648149
2013-11-08,67.87857818603516,67.92255744948112,67.0554619713859,67.78432476456861,1732632
2013-11-11,67.83460998535156,68.3309917896106,67.7529263340272,67.8785942591289,952468
2013-11-12,67.99170684814453,68.1110899023991,67.52673942634097,67.79064012519804,1270374
2013-11-13,68.3875503540039,68.39383525110712,67.58956841862275,67.6963866697865,1223230
2013-11-14,68.93418884277344,69.05985677154393,68.39382774887899,68.55091015988332,1340464
2013-11-15,68.65141296386719,70.17197222594385,68.03564838667798,70.08400371495308,3462760
2013-11-18,67.8597412109375,68.76453622710872,67.60212547717458,68.48807080550546,2644944
2013-11-19,67.78434753417969,67.95399974987478,67.47646758705592,67.69638397782344,2055753
2013-11-20,67.74664306640625,68.40639218917418,67.58956065621163,67.75921285916907,1313971
2013-11-21,67.80944061279297,68.19272408777911,67.67749285907016,67.89112422221206,4902622
2013-11-22,68.48806762695312,68.6702846008979,67.6963707745669,67.6963707745669,6736528
2013-11-25,68.08592224121094,68.72053658980018,67.96025935034551,68.48177059726497,1075437
2013-11-26,67.94140625,68.41893824619804,67.94140625,68.13619298522515,1770075
2013-11-27,67.99795532226562,68.10476852417194,67.55183783220846,67.99795532226562,1262239
2013-11-29,68.5886001586914,68.82736619075233,67.94770080949273,68.01681966083942,1545205
2013-12-02,67.32563018798828,68.73937114859008,67.25651136329196,68.40007191806946,2423098
2013-12-03,66.90467071533203,67.06803799448082,66.29519086610392,66.97378456425392,3130356
2013-12-04,65.97395324707031,66.56278287397865,65.87264927941128,66.48047308536545,2809842
2013-12-05,65.78398895263672,66.03724626602587,65.4800771536245,65.86629871309266,2164121
2013-12-06,66.84770965576172,66.86037580329236,66.30953441832042,66.32220056585106,1930280
2013-12-09,67.0059585571289,67.25922090654772,66.72104597139575,67.01862469754505,1345261
2013-12-10,66.4234848022461,66.79704031666212,66.21454381257267,66.74639085633594,1690181
2013-12-11,66.72107696533203,67.22126378807131,66.46148646335959,66.58178462374302,1721263
2013-12-12,65.73967742919922,66.6450798922094,65.68269490298059,66.55643704815186,1616963
2013-12-13,65.79664611816406,66.06256955616922,65.44208489298501,65.85996170228356,1031840
2013-12-16,65.8663101196289,66.41081318579894,65.75234002636103,66.0942402296788,1505362
2013-12-17,65.055908203125,65.84101291858602,64.91661583733718,65.70804858880317,1846006
2013-12-18,66.56910705566406,66.59443430567403,65.03055848901579,65.372458730298,1855810
2013-12-19,66.08792114257812,66.53112539022588,65.87265209145447,66.056265855565,1619362
2013-12-20,66.59443664550781,66.86668821838924,65.95495756843144,66.27153057082668,2106547
2013-12-23,66.1891860961914,66.72736092586975,66.11954249051966,66.6640503891649,1124876
2013-12-24,66.34750366210938,66.59443300885005,66.13223463682549,66.29052112937923,403432
2013-12-26,66.47413635253906,66.56277920870102,66.1069138984595,66.35383821245843,670649
2013-12-27,66.54378509521484,66.98698426172376,66.48046948907256,66.61976180728817,698080
2013-12-30,67.06929779052734,67.09462504204704,66.44881287687946,66.54378881051736,1049675
2013-12-31,66.1385726928711,66.94899939428912,65.94862586454644,66.9426713601156,1377803
2014-01-02,65.74600219726562,66.23985573370048,65.54339432635847,66.04990896538419,1494515
2014-01-03,66.06891632080078,66.42981071819126,65.8156589507567,66.0435941105666,1402001
2014-01-06,66.07524108886719,66.67673167559589,65.90429351917497,66.34116456885317,1647419
2014-01-07,65.83464813232422,66.39181732709166,65.09386521695323,65.44209848280428,1755369
2014-01-08,65.39144897460938,65.77767062061491,65.25215666529898,65.77133754893252,1933722
2014-01-09,65.67637634277344,65.9106395706241,65.41045279008864,65.53075094032177,1513706
2014-01-10,66.39183807373047,66.39817114690908,65.78401923415856,65.87899014061598,1755160
2014-01-13,66.30949401855469,66.84766892810718,65.98026003350978,66.09422506238204,1956459
2014-01-14,66.7527084350586,66.91732797226155,66.11956256980729,66.31583738497578,2056379
2014-01-15,66.72107696533203,66.91735185053776,66.29053379426507,66.77172643579878,1525805
2014-01-16,67.145263671875,67.15792981471286,66.18288369010376,66.59442752923158,1350372
2014-01-17,66.7717056274414,67.42384569659606,66.75904452333144,67.4111845924861,2863035
2014-01-21,67.3858871459961,67.65181075584667,66.69575842107406,67.02499765596,2058048
2014-01-22,67.11995697021484,67.63280487932005,67.06297442900805,67.33522602752186,1702802
2014-01-23,66.74638366699219,67.25289836866996,66.5627699463808,66.8096942260198,2381795
2014-01-24,68.0000228881836,69.91212695917758,67.58847397340448,68.4558881921945,3493007
2014-01-27,68.03165435791016,68.5001856419058,67.6580989676142,68.2722505505649,2097682
2014-01-28,68.79146575927734,68.86744248172653,67.898729194011,68.03168845829708,1956877
2014-01-29,67.75308990478516,68.2659377145059,67.1452661732143,68.01268034547296,2861679
2014-01-30,68.63314819335938,68.86741132768381,68.05065185434998,68.12030051058373,2396188
2014-01-31,69.247314453125,69.49424377985301,67.45550868121923,67.91137394435763,3294316
2014-02-03,66.79071807861328,69.36762881919616,66.6704199228018,69.01306742467101,2788773
2014-02-04,66.83502960205078,67.43018721994767,66.43614683279613,67.20225708794123,2598426
2014-02-05,66.8603515625,67.15159727643838,66.45513575333095,66.60708916264784,1839226
2014-02-06,67.33522033691406,67.34155340926098,66.83503357760057,67.15793965539385,1791457
2014-02-07,67.68344116210938,67.90504324912781,67.42385072168699,67.44917797003734,1613730
2014-02-10,68.13297271728516,68.15196689240072,67.41751705752762,67.68343550914554,1897321
2014-02-11,68.75347137451172,68.96874041533928,67.84174070851046,68.13298646513083,1778315
2014-02-12,68.35458374023438,68.8990918952823,67.80374251323738,68.8041159690199,1855497
2014-02-13,68.85474395751953,68.9180595379021,68.01899038824924,68.15194958028358,1504945
2014-02-14,69.79814910888672,69.92478030526529,68.56984564933747,68.84209717948424,1547395
2014-02-18,69.47526550292969,69.72852292079834,68.90543001492006,69.63988005351004,1619570
2014-02-19,68.87374877929688,69.64618688764398,68.80410011863229,69.28529255806754,1704262
2014-02-20,69.62722778320312,70.07676013484367,69.01307582184431,69.08905255302358,1852994
2014-02-21,69.55123138427734,70.46296197709833,69.49424885200645,69.86147129494444,1716778
2014-02-24,69.74752044677734,70.43132104989127,69.66521064841693,69.88681278902318,1912966
2014-02-25,69.6398696899414,70.11473420536308,69.5702260516454,69.81715035989156,1385313
2014-02-26,68.73445129394531,69.96275450504356,68.7154571221548,69.7728127871384,1806163
2014-02-27,68.94971466064453,69.25995445413777,68.39887868516001,68.65846903740103,1868952
2014-02-28,69.8677978515625,70.20336498025011,68.91807899245688,69.01304987071887,2044489
2014-03-03,69.03836822509766,69.4372509006623,68.721795312839,69.4372509006623,1472507
2014-03-04,70.19071197509766,70.39964793138283,69.37395225131412,69.5195726020378,1828796
2014-03-05,69.31027221679688,69.98653549644524,69.10611745602411,69.3038958707599,1545413
2014-03-06,69.78878784179688,70.10140154348915,69.38048321699573,69.48893699122114,1770180
2014-03-07,69.50807189941406,70.17157258504784,69.08700444949517,70.1205364138655,1806893
2014-03-10,69.64842224121094,69.96103589902732,69.4123704492156,69.52082928492948,1218015
2014-03-11,69.57183837890625,69.82703434558248,69.354925868598,69.60374041309487,1334727
2014-03-12,70.01847076416016,70.12692962663044,69.1125366905335,69.32944933876267,2252984
2014-03-13,69.59100341796875,70.72661269205312,69.53358582715158,70.15880805501094,2102688
2014-03-14,69.96102142333984,70.08861942993006,69.22734050050981,69.27838173382953,1682672
2014-03-17,70.84782409667969,70.9562778458018,70.05034407820871,70.20346271918947,1504736
2014-03-18,70.68831634521484,70.93074949601136,70.33742438816928,70.90522888100415,1375821
2014-03-19,70.088623046875,71.17319092873392,69.86532906217353,70.65004618210976,1460304
2014-03-20,70.03121185302734,70.43314007595333,69.76326308888348,70.08863452205408,1421713
2014-03-21,70.28003692626953,71.26890914525627,70.24813995137455,70.47142892906132,2408600
2014-03-24,70.59904479980469,71.19237031162423,70.41402909927119,70.50334877425709,1662959
2014-03-25,70.53521728515625,71.00732594847472,70.31830468923596,70.58625852931996,2073901
2014-03-26,70.58625030517578,71.00731767527114,70.4203738960356,70.56072968606739,1987854
2014-03-27,69.94825744628906,70.94350556390714,69.9418760235131,70.73296937938679,2156090
2014-03-28,70.06309509277344,70.46502320780935,69.78875990084316,70.46502320780935,1907125
2014-03-31,70.33743286132812,70.47778864571248,69.90998408447734,70.407613291875,2109780
2014-04-01,69.92276000976562,70.26727064981847,69.25925935251468,70.03759519754647,2113640
2014-04-02,69.85894012451172,70.42674462234528,69.60374920231939,70.29276519990954,2011321
2014-04-03,70.01847076416016,70.40764130709441,69.89087269969058,70.14606882862974,1610809
2014-04-04,70.03121185302734,70.88610954318972,69.91637666839426,70.28002649644256,1863632
2014-04-07,70.24813079833984,70.94352842015721,69.87809953887464,70.03759454598992,2241303
2014-04-08,70.65009307861328,70.77768609977325,70.05676750788922,70.14608719174265,1898156
2014-04-09,70.96266174316406,71.40924975679931,70.63729033103809,70.82230594545382,2358745
2014-04-10,70.8605728149414,71.94514062785558,70.8605728149414,71.00731001309374,2635140
2014-04-11,70.01847076416016,71.21787429401317,69.97381093392467,70.78404899755483,2176324
2014-04-14,70.4076156616211,70.56072922184494,70.10138346446384,70.28001764362818,1672138
2014-04-15,70.52883911132812,70.79041151994258,70.26726670271368,70.64367429265836,2250377
2014-04-16,71.71549987792969,71.80481445692998,70.88612265649506,70.95629803451592,1944882
2014-04-17,71.79844665527344,72.14933374057277,71.32633784705821,71.51135352969271,3012810
2014-04-21,70.77762603759766,71.77287918766093,69.53994483004203,69.55908402081008,2935211
2014-04-22,69.15718078613281,71.00094549165462,68.91474756482584,70.96266709636512,4678689
2014-04-23,69.35493469238281,69.55908946101442,68.95300657811086,69.2464809617846,2451050
2014-04-24,69.55911254882812,69.90362320065411,69.2656431444559,69.4187567333961,1952392
2014-04-25,69.69305419921875,69.85893056045337,69.393203510599,69.57821906146006,1910776
2014-04-28,70.96266174316406,71.12853816137884,69.86533598198675,69.96741338729508,2943450
2014-04-29,70.8860855102539,71.54958592436708,70.77125036455408,70.8860855102539,1941649
2014-04-30,71.61339569091797,71.76650924154708,70.83505493732868,70.88609617201121,2106443
2014-05-01,70.96266174316406,71.51770858641126,70.5607335462343,71.33269297199553,1818679
2014-05-02,70.8350601196289,71.13491597273047,70.65004959131976,70.81592092440005,1322524
2014-05-05,70.32467651367188,70.64366647766299,70.27363527647599,70.44589310612525,1253269
2014-05-06,70.088623046875,70.61176271678978,70.05033958155502,70.32467480221021,1546248
2014-05-07,70.78399658203125,71.02642967897499,70.24809424617501,70.40758917030037,1694458
2014-05-08,70.63088989257812,70.91160139225319,70.49691048815949,70.57984866897823,1316579
2014-05-09,70.69471740722656,70.8605938477028,70.57988221460943,70.637299810918,1338065
2014-05-12,70.3055419921875,70.90524357049038,70.18432539167672,70.81592393781514,1523510
2014-05-13,70.99456024169922,71.03284371163626,70.42037926658327,70.55435364287798,1237728
2014-05-14,70.82870483398438,71.30718993369794,70.73938517854984,70.93078226446194,919509
2014-05-15,70.65009307861328,71.06477928163046,70.50335577373095,70.7266499066518,1252747
2014-05-16,70.85421752929688,71.01371763281946,70.25451582234811,70.3565932487129,1275589
2014-05-19,69.99931335449219,70.36296317460051,69.68032335300279,70.15242693065986,2122818
2014-05-20,69.89720916748047,70.47777135698541,69.87806997779165,69.90996693503696,1385730
2014-05-21,70.19073486328125,70.29919374318315,69.75690949709805,70.00572423979008,1129152
2014-05-22,70.26091003417969,70.4140236632353,69.99295610662051,70.12055418197475,927227
2014-05-23,70.64369201660156,70.6883518461159,70.19710387488072,70.24176370439508,873200
2014-05-27,70.53521728515625,70.82869174732211,70.48418111770273,70.75213495778672,1302186
2014-05-28,70.52244567871094,70.76487884915714,70.33743008915319,70.67555922774677,1053534
2014-05-29,70.98182678222656,71.03286804181863,70.54800145925263,70.75853269411266,1036742
2014-05-30,71.67720794677734,71.77290393361172,70.86058865456356,70.86058865456356,1618840
2014-06-02,71.50492858886719,71.68994415891088,71.33905221043433,71.67080496730006,959143
2014-06-03,70.87973022460938,71.60064847741116,70.85420960169586,71.39649872423402,1246385
2014-06-04,71.58685302734375,71.64470804551881,70.71901752394555,70.94401267155045,1629166
2014-06-05,71.4197006225586,71.71541081847602,71.14328054477023,71.62541072874845,1287584
2014-06-06,71.77971649169922,71.97900174536396,71.3683012471668,71.55472641746707,1178590
2014-06-09,71.98538970947266,72.15895982267294,71.46468960064087,71.70896967448977,1157104
2014-06-10,71.69613647460938,72.03684165065698,71.54828135466943,71.77970142199862,1000446
2014-06-11,71.41329193115234,71.72185204518898,71.2332917107823,71.54185694020543,847750
2014-06-12,70.79618835449219,71.29760384558188,70.49405305118248,71.20117877333165,1236789
2014-06-13,71.13688659667969,71.35545177712591,70.60975610039813,70.82189635359366,1073769
2014-06-16,71.31684112548828,71.61255130297907,70.78971092949341,70.9632810587565,1121642
2014-06-17,71.4197006225586,71.6189806893721,70.96328548070045,71.25256052185617,1022557
2014-06-18,72.00471496582031,72.01114500779586,71.08545427113846,71.3297344815602,1262969
2014-06-19,72.71179962158203,72.77608465899492,71.88896444269682,71.97253447979513,1468127
2014-06-20,72.42253875732422,73.23894405714908,72.11397358676611,73.23894405714908,2596966
2014-06-23,71.9404067993164,72.46753191916174,71.79255169956572,72.46753191916174,1045816
2014-06-24,71.73469543457031,71.927545460968,71.49041532420969,71.72826539522862,1060940
2014-06-25,71.6125717163086,71.77970673885319,71.38757655725978,71.61899664173069,1080757
2014-06-26,71.25899505615234,71.52256018719868,70.87328986156295,71.52256018719868,1136140
2014-06-27,71.5932846069336,71.76041962457029,70.96972412840715,71.25900434088756,1298744
2014-06-30,71.4968490600586,72.06897940119491,71.36185402494225,71.69613426574493,1254520
2014-07-01,71.68970489501953,71.88255494698649,70.99543447716648,71.24614466010952,1197364
2014-07-02,71.63827514648438,71.94684034649164,71.51613507452645,71.72827524808959,950590
2014-07-03,71.9211196899414,72.03683482803271,71.4389894799488,71.4389894799488,896354
2014-07-07,72.08824920654297,72.15896428695106,71.7732591525579,71.91468419798923,837320
2014-07-08,72.31326293945312,72.46754298683527,71.79256266415224,71.97898779832977,1172749
2014-07-09,72.67967987060547,72.7825349359901,72.31968969945227,72.31968969945227,1110065
2014-07-10,72.51898956298828,72.67969968733586,72.26827931362014,72.2939943658242,955805
2014-07-11,72.39039611816406,72.49968121831691,72.24254612519842,72.44182620601919,841075
2014-07-14,72.65396118164062,73.09752139088485,72.61539117347903,72.68610626536577,1278509
2014-07-15,73.14896392822266,73.26467397240066,72.71825860993351,72.90468375803358,1684236
2014-07-16,73.438232421875,73.57322745184979,72.96895716382927,73.34823232496798,1495141
2014-07-17,72.4289779663086,73.29681352341088,72.39040795180507,73.1168184172656,1360176
2014-07-18,72.82754516601562,72.84040013271583,72.22327476953268,72.67969002972328,1432352
2014-07-21,72.19754791259766,72.74396319648166,72.0239777559062,72.65396309814004,2419760
2014-07-22,69.96688842773438,71.48399424871556,69.93474845776629,71.29756912289717,4394055
2014-07-23,70.39115142822266,70.7447114980059,70.11473136527322,70.36543638748304,2444166
2014-07-24,70.38472747802734,70.68686260785348,70.33973254707193,70.44901252774503,2126781
2014-07-25,69.7676010131836,70.46829627725191,69.74188597067698,70.35258625905027,1542076
2014-07-28,69.62618255615234,69.90903270439573,69.2854773933209,69.66475256587772,1165031
2014-07-29,68.84191131591797,69.65832178229158,68.83548639128959,69.61975177297788,1732840
2014-07-30,68.20549774169922,69.13761819084446,67.77479250471991,69.02833309282758,2641710
2014-07-31,66.77196502685547,68.5719209537036,66.7591049468827,67.4019503685602,2242241
2014-08-01,67.43409729003906,67.85194250913047,66.53411667613591,66.58554677055764,2809321
2014-08-04,67.64620971679688,67.7619197086809,67.22835955379742,67.69763467472836,2279789
2014-08-05,67.25408935546875,67.659079531359,66.97766416032461,67.31837440353449,1459991
2014-08-06,68.59764862060547,68.64907872302346,67.0805424454688,67.13840258953583,2733599
2014-08-07,68.25694274902344,68.92549826661825,68.08980770616506,68.68764811243021,1600588
2014-08-08,68.98335266113281,68.98978270266383,67.99337691932047,68.34051220041594,1445911
2014-08-11,69.46548461914062,69.75475974264377,68.97692425670844,69.4719095449606,1431100
2014-08-12,69.1826171875,69.42689730786391,68.97047703439007,69.34975217876041,1082530
2014-08-13,69.38834381103516,69.8126242494853,69.22763369390766,69.49762894145218,1146883
2014-08-14,69.47832489013672,69.58117995075536,69.25332976474508,69.26618984443847,964462
2014-08-15,69.24691009521484,69.74190046828267,68.98334492204329,69.72904550204984,1268288
2014-08-18,69.83830261230469,69.95401773201763,69.50402756133958,69.62616760436977,1345157
2014-08-19,69.72261047363281,70.02474563927609,69.54904542266645,69.98617562795023,910643
2014-08-20,69.7933120727539,69.85116707855309,69.45260184629464,69.52331693030595,871114
2014-08-21,70.18545532226562,70.39116545841408,69.84475014725116,69.9154652445336,1086910
2014-08-22,69.9218978881836,70.3654581802372,69.88975791384387,70.27546318285394,880709
2014-08-25,70.2047348022461,70.49401497814826,69.94759970999178,70.21759488185951,1071265
2014-08-26,69.51046752929688,70.4490180752328,69.50404260458903,70.19831301159331,1388859
2014-08-27,70.01831817626953,70.01831817626953,69.42690790391278,69.42690790391278,1769032
2014-08-28,69.51687622070312,69.91544139178377,69.45259118566531,69.91544139178377,1124667
2014-08-29,69.42693328857422,69.7419235462957,69.42050324563682,69.7419235462957,1418584
2014-09-02,69.42693328857422,69.7869236160811,69.13122292888856,69.53621332618086,1886578
2014-09-03,69.67957305908203,69.93224333024125,69.62773982288054,69.78323437600099,1344636
2014-09-04,69.67308044433594,70.22377883874093,69.53702724517149,69.74434984279176,1447371
2014-09-05,69.64716339111328,69.89983877202106,69.51111019280768,69.73786896030573,1801887
2014-09-08,69.31026458740234,69.77673782813368,69.16125051207052,69.45279822083366,1245968
2014-09-09,69.2260513305664,69.44632968263008,68.85027843461732,69.31027646777856,2064097
2014-09-10,69.25194549560547,69.38799866634845,68.94096166413948,69.3620820581891,1548751
2014-09-11,69.36209106445312,69.41392428750206,68.99927912504147,69.25842977383797,1484815
2014-09-12,68.68830871582031,69.36210465913864,68.38380522604524,69.36210465913864,1277571
2014-09-15,68.92803192138672,69.04464896884147,68.57169518018524,68.68831222763998,1664524
2014-09-16,69.2260513305664,69.57590760995397,68.78549462643907,69.57590760995397,1705096
2014-09-17,69.14181518554688,69.56941609105857,69.06407050372346,69.31674587513245,1428180
2014-09-18,69.14181518554688,69.32970160360874,68.99280110839673,69.25843220828202,1038306
2014-09-19,69.27786254882812,69.45279322369284,69.12885363970034,69.3815238343636,1896174
2014-09-22,69.75731658935547,70.02294774285733,69.32323515424659,69.33619604082185,1899929
2014-09-23,68.9798583984375,69.76379611756903,68.9798583984375,69.67309053466765,1399185
2014-09-24,70.52831268310547,70.59310166721434,68.9733976864336,68.97987813149008,2372721
2014-09-25,69.45280456542969,70.13308089619345,69.40097133645628,70.07477238021083,1685279
2014-09-26,69.87393188476562,69.99702937124256,69.239008278489,69.34915003419923,1255668
2014-09-29,69.91280364990234,69.98407305723472,69.3750660730507,69.49168311543052,1201223
2014-09-30,69.69253540039062,69.9452108509989,69.45930128181482,69.91281378642927,1530915
2014-10-01,69.16127014160156,69.8350661595593,69.08352543866111,69.34267616695739,1632295
2014-10-02,69.20011138916016,69.8609513780897,69.10941099499219,69.32320883198106,1472820
2014-10-03,69.77677154541016,69.99704996615836,69.36212617307098,69.60184592891504,1761001
2014-10-06,69.2131118774414,69.97113313513724,68.79198609234099,69.7832466429759,1907021
2014-10-07,69.30380249023438,69.90633423746962,68.89563765211778,69.01225985978265,1713545
2014-10-08,70.75504302978516,70.7809596440793,69.38801509140538,69.48519595065436,2227327
2014-10-09,70.26264953613281,71.13081224890396,70.02941548588359,70.66433899292255,1685801
2014-10-10,70.24970245361328,70.92349838529017,70.24970245361328,70.37928037891086,1474385
2014-10-13,69.06407165527344,70.32096293581294,69.0316797558012,70.21730163982568,1735969
2014-10-14,68.94100189208984,69.33621106407173,68.64945405775099,69.22606928173694,1782904
2014-10-15,68.29310607910156,69.55647285202888,67.53508498424841,68.57169295748572,2833205
2014-10-16,68.05338287353516,68.55224804487352,67.30183716214435,67.49620403230915,1955103
2014-10-17,68.84381103515625,68.96042808981943,67.88494766735126,68.62353265785327,2464192
2014-10-20,69.99702453613281,70.01646070868219,68.75957446920002,68.81140254417055,1723245
2014-10-21,72.06377410888672,72.14151880886105,69.75083835174563,70.68379021788995,2134917
2014-10-22,72.98375701904297,73.52797501417929,72.26460831282044,72.36826961982025,2379500
2014-10-23,72.56912231445312,73.30122685690841,72.0961684993356,73.30122685690841,1841208
2014-10-24,73.27530670166016,73.49558505154374,72.79587249969362,72.99023938875582,1273190
2014-10-27,73.39840698242188,73.74178282848796,73.23643714643818,73.27530949463556,1132385
2014-10-28,73.6834945678711,73.76771973062048,73.13279594299722,73.64462220898449,1408363
2014-10-29,73.49559020996094,73.8713579730813,72.98376406830243,73.78065754287321,1292694
2014-10-30,73.61222076416016,73.80658770252548,72.91898847941195,72.91898847941195,1155748
2014-10-31,74.0333480834961,74.3896797446388,73.70292789028316,73.84546158583727,1923396
2014-11-03,75.25038146972656,75.26389399676154,73.70293677221426,73.95296234398636,2298700
2014-11-04,76.46670532226562,76.56806215075122,75.09494942943958,75.09494942943958,3057400
2014-11-05,75.8720474243164,77.13568243157323,75.26388070543652,77.13568243157323,2539800
2014-11-06,76.39234161376953,76.62209053628553,75.8517480288763,76.14907501611583,1808100
2014-11-07,76.52073669433594,76.5410080537057,75.83148469834872,76.14908307642982,2038200
2014-11-10,76.98025512695312,76.98701396658805,76.12206809074338,76.37884728654599,1327400
2014-11-11,76.60862731933594,76.96000976681657,76.39239077731267,76.89243681408789,1308600
2014-11-12,76.61534881591797,76.8248315834945,76.0882727884045,76.34505711856599,1401000
2014-11-13,77.08162689208984,77.34516496100761,76.40588719630385,76.83160134867452,2142400
2014-11-14,76.12206268310547,77.19648611195036,76.04773091885389,77.09512414656334,1641600
2014-11-17,76.79779052734375,77.03429830683834,76.12205106851184,76.12205106851184,1766200
2014-11-18,76.7640151977539,76.91267873011677,76.399115206177,76.91267873011677,1454300
2014-11-19,76.92619323730469,77.0343140474422,76.25045364039731,76.5815697548304,1227300
2014-11-20,76.17611694335938,76.66940389672793,76.09502634649127,76.48019765951899,1903700
2014-11-21,76.77078247070312,77.0816220927527,76.49372673804852,76.93295854405847,1885100
2014-11-24,76.37210083007812,76.90593582714551,76.16262316678664,76.90593582714551,1903200
2014-11-25,76.92619323730469,77.07485677350175,76.37884581356458,76.52750934976164,1592900
2014-11-26,77.1424560546875,77.16272742328744,76.48022879933933,76.79782732203257,1299500
2014-11-28,78.78449249267578,78.91288469088101,77.43977187612973,77.48031976558057,1328800
2014-12-01,78.3249740600586,78.87232144821424,78.09521993119533,78.1222501319724,1564900
2014-12-02,78.5344467163086,78.78446703562416,77.84518952869362,78.18981812250111,1720400
2014-12-03,78.07161712646484,78.40514391173086,77.49305777864195,78.32346292886645,2856300
2014-12-04,78.00352478027344,78.5004081633488,77.62916542487572,78.27578943430036,1726200
2014-12-05,77.62236022949219,78.07159251106131,77.3909334475193,77.92185187921596,2018800
2014-12-08,77.67681884765625,78.15327814343163,77.46581099408415,77.63597577014919,1936800
2014-12-09,77.39092254638672,77.67680325949834,76.93488228437448,76.98933624811153,1691800
2014-12-10,77.03021240234375,77.9422985726189,76.96214751035745,77.50667703228456,1482900
2014-12-11,77.62236022949219,78.09201664510147,77.00976603370107,77.11867397651574,1415300
2014-12-12,76.69667053222656,77.9422779792415,76.67625158932746,77.01658115235776,1679500
2014-12-15,76.47205352783203,77.52707727462479,76.18617793465546,76.67625334753939,1722400
2014-12-16,76.50608825683594,77.78572556858,76.13853169863968,76.38356940410385,1812100
2014-12-17,77.49986267089844,77.75170846304887,76.41080890879299,76.81920342045528,1863800
2014-12-18,78.55490112304688,78.55490112304688,77.5543310088549,78.18053638881895,2320800
2014-12-19,78.8475570678711,79.20831079608892,78.17370593243986,78.8475570678711,3060600
2014-12-22,79.26276397705078,79.43292878180445,78.63655874188154,79.0381503814694,1509700
2014-12-23,80.30418395996094,80.70577044161521,79.39209782642871,79.61671663465137,2016700
2014-12-24,80.1612319946289,80.77382631549108,80.1612319946289,80.63088850612617,999200
2014-12-26,80.50836944580078,80.88273408347598,80.19526683657132,80.19526683657132,990300
2014-12-29,79.9366226196289,80.48795494096834,79.75284171717051,80.31779013136799,1366800
2014-12-30,79.8753433227539,80.3790295962542,79.63711367941029,79.63711367941029,1357100
2014-12-31,78.64334106445312,79.93659419617086,78.52082223738479,79.64391062000851,1486100
2015-01-02,78.65017700195312,78.93605263549377,78.27581234397047,78.44597715341388,1280300
2015-01-05,78.200927734375,79.35124333619783,78.10563587075836,78.88839491590969,1605200
2015-01-06,77.44539642333984,78.6025200817075,77.30926667201054,78.20092848715692,1755200
2015-01-07,77.98310852050781,78.16688418230851,77.36371147449701,78.07159232907607,1449400
2015-01-08,79.63033294677734,79.63033294677734,78.32346828960937,78.32346828960937,2103900
2015-01-09,78.9156265258789,79.7664504958646,78.6297457252705,79.64393163646598,1220000
2015-01-12,78.79309844970703,79.27636578496693,78.37108794047228,79.0245200498244,1180700
2015-01-13,79.0108871459961,79.90935669523247,78.57526586109454,79.21508170222258,1295200
2015-01-14,79.1130142211914,79.11981707362716,78.21454436304383,78.70461458229212,1427400
2015-01-15,79.1130142211914,79.59628158800395,78.88158741294734,79.37166282521277,1094800
2015-01-16,80.07953643798828,80.18163633175438,78.88838312775519,79.22871264496465,1308000
2015-01-20,79.99787139892578,80.31097399388429,79.24914735071917,80.29055504967224,1688800
2015-01-21,80.0386962890625,80.14760423119655,78.99728875923405,79.72559374495187,1526000
2015-01-22,80.98480987548828,81.00522881454786,79.74601070671858,80.31776177245104,1851700
2015-01-23,75.99560546875,78.26900484620163,75.66208389394798,77.25482402885463,5315300
2015-01-26,74.7703857421875,75.6824714492581,74.4504751999989,75.66205251133384,4299600
2015-01-27,75.35575866699219,75.73692605230937,73.72898404220705,74.29393226902798,3566300
2015-01-28,74.62066650390625,76.0772767818796,74.4096638128875,75.79820920921135,2368200
2015-01-29,75.02224731445312,75.41022279622288,74.30755317765875,74.77040157635047,2693800
2015-01-30,73.48396301269531,74.87250833590508,73.4499331701712,74.40965989483516,2895400
2015-02-02,74.94738006591797,75.04267193229538,73.21169714129744,73.47035094405089,2171900
2015-02-03,74.98821258544922,75.19922043990891,74.25990754854797,75.19922043990891,1823300
2015-02-04,74.77720642089844,75.51231946847761,74.61384969688639,75.2468628445768,1764500
2015-02-05,74.88609313964844,75.32852248243236,74.77719041129508,74.94735514367231,2018800
2015-02-06,74.22586059570312,74.79080357767103,73.86510698996791,74.7567737459708,1605700
2015-02-09,73.66092681884766,74.15100218966136,73.2933702907374,74.01486725720383,2009100
2015-02-10,74.3415756225586,74.49132143104752,73.63368965071197,74.0761190322431,1349600
2015-02-11,74.39605712890625,74.76360854924188,73.83110871247298,74.62747877823001,1366000
2015-02-12,74.99502563476562,75.17880132102431,74.2463016055732,74.37562331330442,1369100
2015-02-13,75.55316925048828,75.60762323140742,74.75679925336136,74.8793181139207,1664100
2015-02-17,75.73694610595703,76.01601886768303,74.95419218856807,75.41704064744184,1537100
2015-02-18,76.02960968017578,76.12490152656112,75.44424251351383,75.68928017365214,862800
2015-02-19,75.32176208496094,75.927548458216,75.0971432652996,75.927548458216,1059600
2015-02-20,75.52594757080078,75.54636651682691,74.47092887964821,75.11755307122502,1460600
2015-02-23,75.54635620117188,75.72332903092939,75.19922378009228,75.55316424659023,1832200
2015-02-24,75.13796997070312,75.53956160601048,74.87251329355828,75.38981574854054,1550200
2015-02-25,74.98141479492188,75.36258225887599,74.80444196107867,75.11754454832914,1187200
2015-02-26,74.81127166748047,75.26731218575553,74.66152577956478,75.11756629783984,1357700
2015-02-27,74.64110565185547,75.00865712527802,74.35522478261099,74.62748955697691,1439400
2015-03-02,75.15158081054688,75.21964568836214,74.573016366574,74.573016366574,1272800
2015-03-03,75.04947662353516,75.13115239505541,74.38242839569001,75.11073345217534,1398400
2015-03-04,74.35649108886719,75.45430662146796,74.19181483287905,75.17985142961842,1748500
2015-03-05,74.418212890625,74.76814326006114,74.21923308191799,74.65835913051434,1275300
2015-03-06,73.29298400878906,74.1506532680357,73.1145873371224,74.1506532680357,2022700
2015-03-09,73.43019104003906,73.64975410732326,73.21062797275486,73.21749079089399,1310000
2015-03-10,71.88640594482422,73.15576066486685,71.85896513453379,72.88816826875355,2095000
2015-03-11,71.46099853515625,72.17457993517758,71.13165126022434,72.0030460957916,1688400
2015-03-12,72.51763153076172,72.55193515015254,71.72171217982957,71.7903246534074,1320200
2015-03-13,72.58625030517578,72.66858842149423,71.82463974231916,72.30493233385188,1405500
2015-03-16,73.02537536621094,73.24493843832037,72.61369526035534,72.70289095893848,1789600
2015-03-17,72.22945404052734,72.50390918207707,71.77660750654726,72.3529585924849,2852400
2015-03-18,73.45081329345703,73.78015542853463,71.83839055056038,72.49708529031328,2058500
2015-03-19,73.24494934082031,73.86247220892018,73.2037828945461,73.29984142571749,2233400
2015-03-20,74.43199157714844,74.73388767899394,73.25869510420641,73.45767505474046,3863800
2015-03-23,74.7818832397461,75.33079356161592,74.3907863367228,74.50057049501548,1768600
2015-03-24,74.4456787109375,75.58466580115294,74.42509548987523,75.41998956306121,1626600
2015-03-25,73.73208618164062,74.85734746365816,73.72522336406358,74.75442613918665,1597100
2015-03-26,72.94990539550781,73.80071170769992,72.92932217393172,73.51253613604085,1705500
2015-03-27,72.98421478271484,73.32728243759021,72.73034283358015,72.84012699584282,1203900
2015-03-30,73.92420959472656,74.2398311782441,72.99106524571972,73.29296642769148,1258400
2015-03-31,73.49195861816406,74.15064793370424,73.43706653316971,73.43706653316971,1350000
2015-04-01,73.31355285644531,73.33413607706316,72.38727128506495,73.20377393488452,1464000
2015-04-02,73.43019104003906,73.69092578136161,72.68916895970266,72.94989846622876,1556000
2015-04-06,73.73208618164062,74.21924153369001,73.3204061185506,73.61544445681105,1482100
2015-04-07,73.3890380859375,74.05459022822357,73.32728841572822,73.60860119356613,1062800
2015-04-08,73.52623748779297,73.88302542512369,73.15572391741384,73.41645336258647,1307100
2015-04-09,73.5948715209961,73.73209648293279,73.02537798284494,73.62917514408188,1159500
2015-04-10,73.3204345703125,73.80759011140105,73.16262111357771,73.70466874699125,1299300
2015-04-13,73.40962219238281,73.71152343205279,73.0734173248942,73.10772618751032,1017600
2015-04-14,73.86247253417969,74.21926061798779,73.17633717433556,73.23122925947446,1144900
2015-04-15,73.83502197265625,74.60349541317554,73.83502197265625,74.06144788389814,1251800
2015-04-16,73.883056640625,74.21926150522445,73.47137646675667,73.91050268352255,1026600
2015-04-17,73.26554107666016,73.57430516398398,72.92933617849675,73.45765816132497,1422600
2015-04-20,73.6634750366211,74.0751551071237,73.29296140272992,73.32040743873624,2051400
2015-04-21,77.6362075805664,77.84204502263209,76.10612361070751,77.18335578538779,5008500
2015-04-22,76.74424743652344,77.53330423454253,76.12672449743033,77.53330423454253,2620700
2015-04-23,76.64130401611328,77.08729296792056,76.05809011057903,76.3942949115676,1607300
2015-04-24,76.60015869140625,76.7305260977395,76.28453702299755,76.56584982611923,1291900
2015-04-27,76.517822265625,76.84716958142795,76.36001404529287,76.70308176663853,1577900
2015-04-28,76.79912567138672,77.17650218685557,76.35313667168634,76.57956258096766,1496200
2015-04-29,75.96887969970703,76.76479369979623,75.76303707418985,76.70990686981435,1606700
2015-04-30,75.26216888427734,75.91399520542585,75.00143416798119,75.68071175905133,1743600
2015-05-01,76.18849182128906,76.20907505014591,75.26906746555922,75.28279310799631,1232400
2015-05-04,75.77678680419922,76.68248522184794,75.74934076308294,76.27766265887925,1422400
2015-05-05,75.06319427490234,76.1541467643247,74.89852328749443,75.87283404561936,1716000
2015-05-06,75.37881469726562,75.57093171877318,74.81618403365223,75.20728089452012,1333000
2015-05-07,75.25533294677734,75.5366457464032,75.0837990920696,75.22788690184836,1524700
2015-05-08,75.9620132446289,76.3805560576173,75.79734229297951,75.92770963188266,903100
2015-05-11,75.41999053955078,76.037513353398,75.41313295563911,75.74933778520159,818900
2015-05-12,75.30333709716797,75.51603733091817,74.8230445581204,75.25530784326321,935800
2015-05-13,75.74934387207031,76.53840057345802,75.63955970309934,75.95518133669496,1481700
2015-05-14,76.58641052246094,76.7236354642672,75.9963338500612,76.16100482718792,1183000
2015-05-15,76.70990753173828,76.84713246007023,76.4903445055299,76.58640300232135,897500
2015-05-18,76.87461853027344,76.9226478036836,76.30512483498273,76.49038434299209,1003300
2015-05-19,77.14907836914062,77.28630337713159,76.48352608730761,76.84717706980231,948700
2015-05-20,76.89517974853516,77.48525650142987,76.89517974853516,77.21766416404701,1046500
2015-05-21,76.73052215576172,77.0735898518156,76.52467944421035,76.9569480915087,1065200
2015-05-22,76.33255767822266,76.66876253393856,76.31197445529273,76.60701286514876,1021800
2015-05-26,75.41313934326172,76.54525849061103,75.29649235452374,76.3668670674538,1423900
2015-05-27,75.70130920410156,75.85911739223808,75.06320316319145,75.71502960684506,1689000
2015-05-28,75.28961181640625,75.70129185673278,75.01515671125665,75.55034128716072,1151600
2015-05-29,74.69269561767578,75.38569379617745,74.60349990551114,75.36510533817267,1856200
2015-06-01,74.89165496826172,75.17296766630282,74.36332795505908,74.76815042807891,1344300
2015-06-02,74.35649108886719,74.89853865320075,74.23984409884291,74.84364656787136,1246700
2015-06-03,74.6954345703125,74.99980207049917,74.30113587068104,74.73001902746988,1269200
2015-06-04,73.89990997314453,74.64700382990577,73.80306505959977,74.13510325528124,1149200
2015-06-05,73.14592742919922,73.84459911874502,72.99374099408487,73.73391615587853,1403800
2015-06-08,72.96607971191406,73.15285062538538,72.30891145696096,72.97991244423791,1257000
2015-06-09,73.22200012207031,73.65780756912928,72.80003068031783,72.91071361215906,1021000
2015-06-10,74.0936279296875,74.19739188435116,73.4433787396056,73.59556516942511,1396400
2015-06-11,74.29422760009766,74.5225072164524,73.88609083652526,74.11437045288,1927100
2015-06-12,73.83763885498047,74.08667010462165,73.67161978110342,74.02441493103694,844100
2015-06-15,73.12519836425781,73.70627354415073,72.99376362451835,73.46415580722947,1270900
2015-06-16,73.94834899902344,73.95526800229892,73.01448410765309,73.39494484535419,1001400
2015-06-17,74.47407531738281,74.64701343921105,73.96217467686135,74.01751614248302,1538500
2015-06-18,75.53937530517578,75.73307044972802,74.40490156106358,74.68852263591816,1613000
2015-06-19,75.26959991455078,75.50479854667218,75.00673582232436,75.25576718449827,1696600
2015-06-22,75.38027954101562,75.78149730433981,75.20042239234387,75.26268286896821,754800
2015-06-23,74.95830535888672,75.69156135952534,74.85454142276825,75.61546815821532,1014300
2015-06-24,74.90298461914062,75.1866057711815,74.7577171794323,74.99982957894618,1035200
2015-06-25,74.37031555175781,75.02055933742665,74.34264481739807,74.96522314636009,1413000
2015-06-26,74.64008331298828,75.0274629593035,74.39797103404126,74.45330721376354,1505800
2015-06-29,73.40877532958984,74.70234909393342,73.36726659184357,74.30805039008578,1015100
2015-06-30,73.30504608154297,74.23891131902043,73.16669235302273,73.9829608794993,1243800
2015-07-01,74.60552215576172,74.67469636514637,73.35345154964165,73.82384356217274,1239400
2015-07-02,74.39798736572266,75.13124336511117,74.25963369191622,74.94446722488574,1159500
2015-07-06,74.43258666992188,74.86147522777493,74.19047428954276,74.28040023721098,976400
2015-07-07,75.93367767333984,76.02360888559582,74.2665567155316,74.42565685195581,1513900
2015-07-08,75.42179107666016,75.90602110140861,75.32494612724126,75.4771325556578,1475100
2015-07-09,75.19351196289062,76.21038921659502,75.17276022753404,76.1412150061884,1680800
2015-07-10,75.89908599853516,76.21037251597704,75.51862000819258,75.80224106965755,900600
2015-07-13,76.68768310546875,76.74993829762833,76.05818579281816,76.32105512234381,809200
2015-07-14,76.74995422363281,76.98515286845263,76.20347427576985,76.77071123631264,1019300
2015-07-15,76.92291259765625,77.08201807075088,76.3625944941133,76.65312941612407,874500
2015-07-16,77.4970474243164,77.80833927894702,77.06816416516203,77.29643852537325,1042300
2015-07-17,77.75296783447266,77.80139028951005,77.03354473273718,77.213401827584,1800400
2015-07-20,78.12652587890625,78.1680293383787,77.53853205556634,77.70455644876121,1060400
2015-07-21,77.81523895263672,78.0988600171258,77.31026257205531,78.06427028030664,2033300
2015-07-22,77.61463928222656,78.45166456903826,77.29643372088445,77.82908617612826,2196100
2015-07-23,77.22032928466797,77.84982658975895,76.4524835913375,77.84982658975895,1476300
2015-07-24,77.36559295654297,77.93974876767658,77.13731865468652,77.28950504102579,1222900
2015-07-27,77.72533416748047,77.84984986518462,76.91598477123068,77.28261285956668,1694500
2015-07-28,78.36865997314453,78.45858591954956,77.67690730883325,77.86367820602953,1270700
2015-07-29,78.51390075683594,78.79060278419664,78.16110554000973,78.23027972743687,1309300
2015-07-30,79.25408935546875,79.39243775425577,77.75990659348719,78.11961559692529,1746900
2015-07-31,79.53079986572266,79.98735385226435,79.28176849937131,79.43395492076976,2062000
2015-08-03,80.0288314819336,80.03574520556086,79.12263230985673,79.37858258065963,1220900
2015-08-04,80.24331665039062,80.41625483282681,79.78675731548493,79.86976954300992,1605600
2015-08-05,81.3570327758789,81.50921920926544,80.18105533587146,80.58918688208618,1432500
2015-08-06,80.6998519897461,81.59220810144485,80.64451052118484,81.38468551081955,1368800
2015-08-07,80.73444366455078,80.76903340490605,80.21562922514197,80.60992798798652,1354000
2015-08-10,80.86588287353516,81.26018165846206,80.7344481860083,81.1287469709352,946700
2015-08-11,80.68601989746094,80.70677163027912,80.13953473008439,80.36781434639104,1156200
2015-08-12,80.00119018554688,80.243302542861,78.99814573716898,80.07036439082898,1599400
2015-08-13,80.09109497070312,80.45772291175138,79.91123786235131,80.1741071617083,949200
2015-08-14,80.35399627685547,80.47850669648027,79.8697662195905,80.04962339958344,994600
2015-08-17,80.40241241455078,80.4231641495185,79.72449249890003,80.06344981789847,704400
2015-08-18,80.2709732055664,80.54075630027222,79.71065528235486,79.71065528235486,878100
2015-08-19,79.8074951171875,80.31939053621804,79.47545156468055,79.96659525123938,1201000
2015-08-20,78.89437866210938,79.66222439753216,78.83211818963166,79.1849134599307,1042800
2015-08-21,77.06816101074219,78.6591888512246,77.03357126909216,78.50008870600315,2150900
2015-08-24,73.58863067626953,75.18658257538631,72.02527379163111,73.20125095655776,3547000
2015-08-25,71.49263000488281,75.7123198005231,71.38195233349421,75.45637471675687,2627500
2015-08-26,73.45027923583984,73.63705008504844,71.3265993131549,72.74469402169858,2331700
2015-08-27,74.52249145507812,74.78535547799075,73.19432278115343,73.88607520975188,2122000
2015-08-28,74.16278076171875,74.46023453126031,73.65780442032532,74.13511002994134,1610500
2015-08-31,73.6924057006836,74.05212001825973,73.48488308145458,73.94835606981839,1368900
2015-09-01,71.96302032470703,73.06982340135563,71.5687215637243,72.56484697153473,1930300
2015-09-02,73.1071548461914,73.21180399862756,72.27694497892207,72.85599900941541,1741500
2015-09-03,73.70018768310547,74.12575716180166,73.26764017220863,73.40019617062585,1149700
2015-09-04,72.22111511230469,72.93970295833216,71.96996465480454,72.71645396736197,1209100
2015-09-08,73.93736267089844,74.09782008721443,73.26761024288012,73.54667286744161,1437600
2015-09-09,72.46533203125,74.78851609887901,72.29091850926318,74.70480101483943,1251200
2015-09-10,72.31880950927734,72.95367182279429,71.88626215310082,72.14439602540122,1336000
2015-09-11,72.59091186523438,72.61184063678782,71.97000013664996,72.27696432389764,932900
2015-09-14,72.40254974365234,72.64672764142477,72.10953626632542,72.59091935241892,1011400
2015-09-15,73.70018768310547,74.00715722778575,72.73044879169716,73.41415223502715,1381500
2015-09-16,74.83037567138672,75.06059746504513,73.81877409476195,73.88156572770738,1408100
2015-09-17,75.2350082397461,76.09312504089903,74.62805263855101,74.879208515831,1494200
2015-09-18,75.24199676513672,75.90477138144382,74.71177813662676,75.14432561286891,2907100
2015-09-21,75.88381958007812,76.10009592907339,75.35360639796468,75.66057052374684,1259600
2015-09-22,75.2350082397461,75.40942174770842,74.64898140787803,75.1164083317744,1473100
2015-09-23,75.24896240234375,75.4512827051963,74.74665066045849,75.12338446687244,1499600
2015-09-24,75.46524047851562,75.6815168625143,74.65596451434092,74.84432877376871,2118800
2015-09-25,75.84195709228516,76.70704646373716,75.61870805053377,76.037299338483,2106500
2015-09-28,74.51643371582031,75.89779119430078,74.47457617251675,75.64663528912251,1388400
2015-09-29,75.16523742675781,75.32570018224,74.41177518249499,74.5094463127268,1967000
2015-09-30,76.07220458984375,76.18382647935269,75.60477761483563,75.91174180299402,1649600
2015-10-01,75.86289978027344,75.94662018229805,75.33268653548485,75.57686438804248,2569500
2015-10-02,76.14197540283203,76.47685174515662,75.20014334139499,75.47920607288567,2897100
2015-10-05,78.15120697021484,78.24888343736717,76.61637013761118,76.78380562489856,2491300
2015-10-06,77.76748657226562,78.332584567885,77.59307308495819,77.9628288264216,1117200
2015-10-07,78.15818786621094,78.55585048976874,77.60704048923108,77.88610319339129,1456200
2015-10-08,79.39301300048828,79.40696373599235,78.137233898056,78.137233898056,1035100
2015-10-09,80.04186248779297,80.16046241513338,79.37210982388292,79.53257261939191,1412600
2015-10-12,80.53019714355469,80.84413929776186,79.89532948248495,79.90928554244107,1031600
2015-10-13,80.2651138305664,80.66974920112244,80.1116290626029,80.21627825191247,986300
2015-10-14,80.02789306640625,80.51625408054812,79.78371522067422,80.31393377331935,1377600
2015-10-15,81.01859283447266,81.11626401173318,80.3976809264537,80.52325891474293,1507300
2015-10-16,81.82083892822266,81.9603728854366,81.19294942745049,81.51386954502821,1223100
2015-10-19,81.9394760131836,81.98831158971839,81.2767067141142,81.62553378155675,1372400
2015-10-20,81.77902221679688,81.94645772634134,81.29066110683041,81.76506615277215,1931300
2015-10-21,82.38597106933594,83.71849297067145,81.6325086778355,82.05110007815318,2285900
2015-10-22,84.27661895751953,84.52777486394838,82.39294965930308,82.96502581890694,2533500
2015-10-23,84.58354949951172,85.6230575464122,84.15798023417422,84.89749691899543,2277500
2015-10-26,84.6533432006836,84.98124146870502,84.26265862057883,84.62544172154314,1439700
2015-10-27,84.44406127929688,84.68126114194071,83.9696562313303,84.32546134797495,1167400
2015-10-28,84.3184814453125,84.76497967788376,83.3906001434121,84.75800164599643,1147000
2015-10-29,84.95330810546875,85.2044639206323,83.83706299511768,84.10217486816617,1194100
2015-10-30,83.51616668701172,85.09286634924493,83.51616668701172,84.91845283465607,2422200
2015-11-02,84.80682373046875,84.82775250012205,84.01149854757578,84.14405451895058,1678900
2015-11-03,84.43705749511719,84.70914211231077,83.73242550877306,84.31845759996659,1157500
2015-11-04,83.62081146240234,84.61147889572186,83.40454041894354,84.61147889572186,1429600
2015-11-05,83.63475799560547,83.82312755268272,83.03477514132845,83.71150035994397,1769700
2015-11-06,82.72781372070312,83.4743032979317,81.7301682742502,83.21616939826286,1424200
2015-11-09,82.337158203125,82.72784823082777,81.92554472071588,82.31622942573875,1152200
2015-11-10,82.96501922607422,83.16036151051186,81.97435174203869,82.19062279656923,992900
2015-11-11,83.27198028564453,83.71150038114025,82.96501082821275,83.17430915331215,896000
2015-11-12,82.10690307617188,83.21617040983219,81.93248957168358,82.81152980197666,1043700
2015-11-13,81.84877014160156,82.54642416780774,81.60459229696497,82.05806847853454,1302800
2015-11-16,83.39060974121094,83.50223697354082,81.71623851501845,81.84879452274033,1612000
2015-11-17,83.14640045166016,83.83010368501242,82.888266566304,83.50220546711273,1558200
2015-11-18,84.37428283691406,84.5068334875062,82.99990350146464,83.25803209445007,1409700
2015-11-19,84.87660217285156,85.44867833415725,84.5556765960434,84.5975394623584,1233800
2015-11-20,83.87895965576172,85.79053051041515,83.77431047014915,85.39286786323034,2110900
2015-11-23,84.8277587890625,84.99519960405844,83.94174043109184,83.97662526488558,963700
2015-11-24,84.49288177490234,84.77891716542148,83.98359198032034,84.25567663192453,1088400
2015-11-25,84.0463638305664,84.78587524059677,83.89985715439114,84.49983991740032,1085000
2015-11-27,84.31147766113281,84.47194040945668,83.93474389446898,84.25566406843954,526800
2015-11-30,83.12549591064453,84.50684819469713,83.05573155776857,84.45801261541605,2565600
2015-12-01,84.5068130493164,85.07191631475358,83.24406122258436,83.71846607659212,1835000
2015-12-02,84.16948699951172,85.18849129831239,84.0219081758844,84.51384294960391,1327400
2015-12-03,83.10130310058594,84.7246756779924,82.58828635446345,84.52790389426178,2191300
2015-12-04,85.2447280883789,85.2939210381022,83.45971834443047,83.74082321211903,2473100
2015-12-07,85.81394958496094,85.84206060397051,84.8933364993194,85.1393012136173,1987600
2015-12-08,85.42744445800781,85.72260752752354,84.40141621514435,85.09012289517494,1452500
2015-12-09,84.52790832519531,86.27777790696048,84.21869244219306,84.77387306775198,1301700
2015-12-10,84.56304168701172,85.35012880030663,84.16949276873542,84.60520553618714,1592800
2015-12-11,83.76892852783203,84.10625543999252,83.32619198214894,83.75487569723882,1224300
2015-12-14,86.19347381591797,86.3269945060978,84.7387615266797,84.7387615266797,2286500
2015-12-15,87.45140075683594,87.90116644319254,86.31292834732898,86.57295131291603,2148600
2015-12-16,88.49149322509766,88.6250192733898,87.00866994499117,87.66926572711365,1671800
2015-12-17,88.43524169921875,88.7093228021842,87.95034135157714,88.40713604101447,2017000
2015-12-18,86.81889343261719,88.1681901396365,86.80483524266971,88.03466414327791,2676600
2015-12-21,87.78872680664062,87.84494886070273,87.09299631292032,87.36004302726998,1758100
2015-12-22,88.80770874023438,88.96231130695926,87.33190968713375,88.2033352175584,1873800
2015-12-23,89.29263305664062,90.04459097577504,88.80773257856895,88.89206029912215,1353400
2015-12-24,89.16612243652344,89.51750218260915,88.99746165965854,89.29261935957948,689500
2015-12-28,90.1148681640625,90.30461627470153,88.70935420624261,89.0396467425437,1863700
2015-12-29,91.03546142578125,91.19006937451493,90.26243240537187,90.45920420862218,1564700
2015-12-30,90.95816802978516,91.28144215744096,90.70518487326359,91.01439008343227,1585400
2015-12-31,89.4612808227539,90.85274154202197,89.4542517269433,90.30459002463581,1438200
2016-01-04,88.8850326538086,88.94827844144157,87.53573020637485,88.48445991390967,2743300
2016-01-05,90.71220397949219,91.39388160069292,88.99746896217326,89.25046282904424,3237200
2016-01-06,90.67003631591797,91.16898957032943,89.67211372220612,89.84077450582981,3930200
2016-01-07,89.152099609375,90.60680667164775,88.96938057866126,89.19426347737385,3168800
2016-01-08,88.0065689086914,89.6018305124232,87.80979175752309,89.39100053127173,2660600
2016-01-11,88.3438949584961,88.85691174597498,87.33894867203422,88.21036893950239,1929100
2016-01-12,88.63906860351562,89.36993924893339,88.02064207045306,88.77259464652985,1586200
2016-01-13,88.168212890625,89.62292495111136,88.1119908395845,88.9834165458227,1925500
2016-01-14,89.39804077148438,89.83375361808667,88.2314627188063,88.49850941480976,2384600
2016-01-15,88.09794616699219,88.75151282638718,87.35302268741759,88.13308629255454,3039500
2016-01-19,88.46337890625,89.51049459889502,87.88009249734074,88.65312700588598,2618000
2016-01-20,86.92431640625,87.76762558529985,85.53285036302582,87.40219303747932,2929600
2016-01-21,87.80978393554688,88.08385966965201,86.44643436020118,87.13513556223971,2244700
2016-01-22,89.05370330810547,89.44724699462593,87.55682182884765,88.40013662205938,2373100
2016-01-25,86.22157287597656,88.22443656692978,85.38528727664014,86.59403458812909,5126300
2016-01-26,87.76760864257812,88.8990515457267,86.13017818502423,86.2777569947878,2220000
2016-01-27,87.28274536132812,88.72340477157826,87.00164579393055,87.72548736707739,2468300
2016-01-28,88.73747253417969,89.10291061188548,86.93138016548366,87.59197605559157,1506100
2016-01-29,90.24837493896484,90.88788866630375,88.44228321369951,89.22937579466365,3453200
2016-02-01,90.66300964355469,91.04250582214928,89.51751345722805,89.51751345722805,2001500
2016-02-02,89.9602279663086,90.82462975897668,89.44721660093165,90.26944382157936,2067600
2016-02-03,91.61875915527344,91.97717338886785,89.84780744736193,90.77544983943555,2470400
2016-02-04,90.48027801513672,91.53441717647812,90.0024067424925,91.06356963786993,2591400
2016-02-05,90.76140594482422,91.07765637093902,90.08676267517184,90.4803063696793,1832100
2016-02-08,90.95816802978516,91.23927829802071,89.05369555756812,89.85484105633394,2007800
2016-02-09,91.91390228271484,92.47611197840827,89.70021433979092,90.18512006828577,2391400
2016-02-10,91.33065795898438,93.06646460254463,91.09874596451786,92.13882734794092,1508400
2016-02-11,88.84284973144531,90.14998275722678,87.59896784517157,89.9180708484138,2486600
2016-02-12,90.39595794677734,90.94410949910058,88.77960895158314,89.35587152731135,2123900
2016-02-16,90.45219421386719,91.31658553253847,89.53157547791677,91.30252733781111,1715800
2016-02-17,91.71012878417969,92.2512566844997,90.48732320668347,90.54354526207807,1756000
2016-02-18,91.18305969238281,92.0544854719748,90.9370895387831,91.61174348479959,1505700
2016-02-19,91.66091918945312,91.80850340711748,90.34676231644563,91.14088400672766,1208900
2016-02-22,92.32151794433594,93.22808376191182,91.87878672304646,92.62371012461445,1614900
2016-02-23,92.43396759033203,92.7010196647489,91.99826007797635,92.26530142913292,999500
2016-02-24,93.01023864746094,93.18592854991306,91.16197744222113,91.73121101044433,1431900
2016-02-25,93.81840515136719,93.83948708118082,92.6799380483894,93.11564556221836,1279800
2016-02-26,92.27232360839844,93.98002402983208,91.85769808096296,93.68486632945807,1584200
2016-02-29,91.56956481933594,92.84858153079252,91.5274009651381,92.20204407882143,2242700
2016-03-01,92.51127624511719,92.72210627644677,91.6047210506391,92.0544867799538,1697700
2016-03-02,93.1128158569336,93.13404615758806,91.13123833893047,92.02294336260395,1660600
2016-03-03,93.1552734375,93.21189117031886,92.12201871133048,92.78726357354161,1526400
2016-03-04,93.79928588867188,94.04698714285533,92.62450291973978,93.15528206550773,1810300
2016-03-07,93.12696075439453,93.82051989416614,92.56787818124045,93.1694213550482,1799000
2016-03-08,93.66483306884766,94.81131259454588,92.57496048378795,92.80143144126048,2914000
2016-03-09,93.39588165283203,94.47867004109015,93.0774163854727,93.77096464752394,1942300
2016-03-10,93.33222198486328,94.1743934127651,92.32728128562786,93.9054618176419,1840500
2016-03-11,94.23099517822266,94.31592719232982,93.20482423040818,93.59406446543584,1707700
2016-03-14,95.34207916259766,95.38453976183442,94.01158945996222,94.28052098676595,1883800
2016-03-15,95.27839660644531,95.5756316258571,94.48575908928473,95.00239188851084,1456100
2016-03-16,95.70301818847656,96.03564065978229,94.40084257244926,95.0377732458651,1448100
2016-03-17,96.2550048828125,96.67963243046461,95.51899603877293,95.66760812134218,1314800
2016-03-18,95.92241668701172,96.60181884571995,95.46241234533402,96.18427511419945,4559700
2016-03-21,95.72425842285156,96.30458221554682,94.97409219227929,96.30458221554682,1774500
2016-03-22,94.57775115966797,95.51900065677876,94.01866863366591,95.48361322630905,1934000
2016-03-23,94.8183822631836,95.80917646746634,94.59192211279816,94.64145588371123,2226800
2016-03-24,94.5140609741211,94.74052109311889,93.99743904131039,94.59190900224827,1097300
2016-03-28,95.00239562988281,95.57563538980432,94.71930693448792,94.7476212033922,1286300
2016-03-29,95.53314971923828,95.66053149969645,94.64851802585639,94.8466746612758,1326400
2016-03-30,96.04273223876953,96.4744330890171,95.61103138852195,95.89410931053686,1129300
2016-03-31,95.19347381591797,96.15595383805903,95.11562577005618,95.73133696868308,1216100
2016-04-01,96.38948822021484,96.52395399479705,94.13898988372027,94.35837686383688,1392000
2016-04-04,96.43196105957031,96.88489221110966,95.97195673958191,96.3753433157866,1155900
2016-04-05,96.42488861083984,96.9344375099662,96.18427129701087,96.37534403513536,1369500
2016-04-06,97.14672088623047,97.17502435009251,96.05684854981685,96.29039262190548,1309100
2016-04-07,96.70796203613281,96.94859013750289,96.24795773410155,96.6371979582134,1016300
2016-04-08,97.30242156982422,97.38026959756249,96.6159464521489,97.17502897955812,1048000
2016-04-11,97.13258361816406,98.20121507680312,97.01227497437525,97.39443120766154,1688200
2016-04-12,97.75532531738281,97.80485906735639,96.78576182460367,97.33069786666096,1471900
2016-04-13,96.00732421875,97.93935707924189,95.88701558774645,97.93935707924189,1990500
2016-04-14,96.27625274658203,97.3448949769543,96.06394973274696,96.23379214381502,2040400
2016-04-15,96.58058166503906,96.8353561065758,96.07810595024458,96.33996435879052,1420700
2016-04-18,96.70796203613281,96.99812391217347,96.0781045093809,96.58058021663986,1276100
2016-04-19,97.03348541259766,97.5501073181049,96.2762354700423,96.84240193570648,1656300
2016-04-20,96.00025177001953,97.29535419851585,95.95779116559827,96.95565856441617,1558800
2016-04-21,93.2402114868164,95.88703428108185,93.233138318459,95.80918623422903,2984000
2016-04-22,89.79366302490234,90.04843741168061,87.59977727152412,88.8311832080431,5725600
2016-04-25,89.31951141357422,89.39735945131345,88.00317873826569,89.11427616856756,3741200
2016-04-26,87.62101745605469,89.77952142107267,87.4157822102526,89.6309039119121,3306900
2016-04-27,88.95858764648438,89.25582808825646,87.74841177437115,87.95364703680416,3312300
2016-04-28,89.34074401855469,89.75829308622845,88.46319067884268,88.57642615460664,2388300
2016-04-29,88.59765625,89.34782237741167,87.69179404345806,88.98689104846102,3109600
2016-05-02,88.61888885498047,89.16381974673428,87.6351785833072,88.37826616297147,1990700
2016-05-03,89.26290893554688,90.01308057296076,88.25088967130915,88.32166455361711,1849200
2016-05-04,90.53677368164062,90.81985698918709,88.86658810641798,89.13551427893637,2424100
2016-05-05,90.13336944580078,91.43554492402967,89.93521277731936,90.5155310490282,2166200
2016-05-06,90.52969360351562,90.67123255524459,89.81491487810997,90.23245856526586,1455600
2016-05-09,90.67829895019531,91.26569574483699,90.42351916759804,90.586293789972,1388900
2016-05-10,91.45677947998047,91.5063240487705,90.60046186535288,90.65707960165761,1156800
2016-05-11,91.17369842529297,91.73986496991456,90.90476688688378,91.56293859964086,1304800
2016-05-12,92.044189453125,92.40512622362573,91.46387647113784,91.6903366498768,1038700
2016-05-13,91.42849731445312,92.4971289895373,91.36480639579342,91.881428511697,1429700
2016-05-16,91.7044906616211,91.9663382715108,91.13832403596504,91.16663830654946,922800
2016-05-17,89.46813201904297,92.0017191183022,89.11427925320335,91.45678283526495,1637100
2016-05-18,89.25581359863281,89.71581782319211,88.47026011453576,89.39735252936427,1647000
2016-05-19,89.73706817626953,89.7866073500517,88.75335786876316,88.97982343453373,1359700
2016-05-20,89.21336364746094,90.16877049952953,88.97982490968191,89.96353523349669,1843000
2016-05-23,89.135498046875,89.38319927047353,88.9302682206264,89.26996380832975,1421400
2016-05-24,89.70873260498047,90.06965844966912,88.88779179880147,89.19918388381605,1573200
2016-05-25,90.0272445678711,90.52264181465264,89.6026222130342,90.13340150642188,2527300
2016-05-26,90.52969360351562,90.67123255524459,89.96353239723486,90.06968391134913,1312300
2016-05-27,90.90476989746094,91.38601525588217,90.33153016658622,90.5367654108244,1293000
2016-05-31,89.90689086914062,91.25153215225885,89.67334680115074,90.98260065601711,4531100
2016-06-01,90.57217407226562,90.6217132532183,89.77246320913054,89.79369351534372,1333300
2016-06-02,90.5863037109375,90.5863037109375,89.9069070810292,90.50137710743729,1298700
2016-06-03,92.05833435058594,92.12202525500815,90.59337875650017,90.66415362723316,1872100
2016-06-06,92.12202453613281,92.52542185845053,91.49924023447558,91.8601769541765,1415600
2016-06-07,92.14325714111328,92.55372764121961,91.95217362583134,92.17157140938507,1088300
2016-06-08,92.4996337890625,92.65643786164377,91.7797684562683,91.92943815018309,1019100
2016-06-09,93.14823913574219,93.21238329555989,92.15039396662831,92.17178622881234,794900
2016-06-10,93.35491180419922,93.46895309486807,92.15037650100261,92.53526313811598,1238400
2016-06-13,92.83463287353516,93.75406514322779,92.74197294595231,93.09834389748221,1077600
2016-06-14,94.3741455078125,94.65211437820513,92.17177592888811,92.80611570365984,1951400
2016-06-15,94.11041259765625,94.68060815285565,93.82532025784437,94.65922677114854,1413800
2016-06-16,94.83031463623047,94.86595390734811,93.57588189659249,93.78258314372766,1050200
2016-06-17,94.36701202392578,94.79466146346546,93.43332198569375,94.79466146346546,1964400
2016-06-20,94.70916748046875,95.27935242239005,94.57374475030922,94.9942599514294,1464300
2016-06-21,94.82316589355469,95.30071247815444,94.79466100632546,95.01560922797721,984400
2016-06-22,94.90869140625,95.52164972926234,94.65210394834773,94.68774320997387,1092300
2016-06-23,95.4788818359375,95.51451022007379,94.93719118970408,95.07261385126243,937600
2016-06-24,93.42620849609375,95.00849636617109,93.27652791353911,93.83246571917945,2260700
2016-06-27,93.19100189208984,93.50461006302379,92.50676489409048,93.24089904454667,1631100
2016-06-28,95.165283203125,95.17953020796448,93.1553462119867,93.60437700268275,1781500
2016-06-29,96.0063247680664,96.1203660739059,95.17241811082299,95.4432634932974,1455400
2016-06-30,97.98775482177734,97.98775482177734,95.69272499965408,96.04909595494553,1767200
2016-07-01,97.64559936523438,98.19441344332371,97.44603258694256,97.64559936523438,1470000
2016-07-05,98.31559753417969,98.97844213330664,97.47455662415337,97.64561855727123,1542900
2016-07-06,97.4674301147461,98.21581109512981,96.86159530310793,98.20155321558259,1984400
2016-07-07,95.6642074584961,97.50308264970899,95.1795373680884,97.49594827117635,3703500
2016-07-08,96.90437316894531,96.99702220110495,95.52165243308703,96.09897151081474,1519600
2016-07-11,97.03268432617188,97.18236491427535,95.99921071971175,96.79035468407916,1002600
2016-07-12,96.08472442626953,96.88299179621704,95.7497348959,96.6477965626682,1420700
2016-07-13,96.73333740234375,96.87588361586971,96.07048173985851,96.0847396238848,1086400
2016-07-14,96.85447692871094,97.55296080544571,96.67629148945173,96.890116191678,1040700
2016-07-15,97.05404663085938,97.41041751995363,96.59076882526743,97.118190780758,1094900
2016-07-18,96.29853820800781,97.17520751471369,96.25577544313084,97.1395682521242,1105600
2016-07-19,96.33419799804688,96.37696077203599,95.88516712000458,96.22015668369036,1577000
2016-07-20,95.2793197631836,96.74044264607944,95.27219626030454,96.41258750441276,2081200
2016-07-21,95.05123901367188,95.51451679508611,94.80890943187292,95.35771274202187,1476200
2016-07-22,95.95642852783203,95.97067553289911,95.2009239873738,95.36485155025638,1768100
2016-07-25,94.50242614746094,95.32920918869364,93.72554024907076,94.79465287548602,2448700
2016-07-26,94.28148651123047,95.94929974983849,94.1175589387802,94.50243473400627,2819700
2016-07-27,93.01280975341797,94.21734519836303,92.51389264249978,94.21734519836303,1683800
2016-07-28,92.76337432861328,93.37633293239416,92.29297283663597,93.13400324325725,2267900
2016-07-29,92.33570098876953,93.41193717551963,92.33570098876953,92.83461806621737,1827800
2016-08-01,93.23377227783203,93.54738047437209,91.87956692976796,92.10051519308146,2611500
2016-08-02,93.23377227783203,93.68992668855057,92.71347370207003,93.25515366617985,1730800
2016-08-03,91.86530303955078,93.5188694675327,91.5659527466737,93.44046742352359,2278500
2016-08-04,92.74908447265625,92.9058885227403,91.98644560401334,92.15750753380748,1291700
2016-08-05,92.22879028320312,93.13397547043947,91.83679096938079,92.82750169773074,1560200
2016-08-08,92.34281158447266,92.69205892765929,91.61581201576226,92.20738892332733,1476700
2016-08-09,92.64932250976562,92.99143557296121,92.13614747718316,92.38560061418023,864000
2016-08-10,92.83463287353516,93.04845761956877,92.48538542582767,92.57804535341052,971600
2016-08-11,91.90090942382812,93.27649557806467,91.8225074078744,93.19809356211094,1608900
2016-08-12,91.81539916992188,92.20027493685596,91.53741944167766,92.15751217114953,2333300
2016-08-15,91.92230987548828,92.28580427456133,91.6728458978101,91.87954710801812,1221500
2016-08-16,90.89595031738281,91.97932077260349,90.88882137763079,91.80113534331737,1443700
2016-08-17,90.91022491455078,91.2095751857305,90.38279203166603,91.01713184155157,2158500
2016-08-18,90.83892059326172,91.16678653562278,90.68924550015979,90.93158048741093,1350700
2016-08-19,90.36140441894531,90.79617735141501,90.04067278446888,90.49682710086523,1785400
2016-08-22,90.79618835449219,91.03139448176535,90.06919402394404,90.3614153693348,1213000
2016-08-23,91.6942138671875,91.75836888458389,90.84605495564301,90.98860655600294,1726200
2016-08-24,91.6871109008789,91.779770821313,90.87458562910064,91.69423440415171,1416600
2016-08-25,91.51604461669922,92.27156007543114,91.43764258209387,91.55168388253382,1556100
2016-08-26,91.40203094482422,92.54241153151195,91.15256691383493,91.59446343956327,1454800
2016-08-29,91.74415588378906,92.0648876253618,91.28087790991516,91.51607321164288,1486900
2016-08-30,91.3378677368164,91.97934195532235,91.18106909067583,91.74413582942798,989000
2016-08-31,91.2737045288086,91.67283815893812,91.08126665364982,91.2523231468785,1073600
2016-09-01,91.31647491455078,91.47327897884325,90.78904751103016,91.23807288240454,1726100
2016-09-02,91.81539916992188,92.27155346341749,91.23806920615644,91.23806920615644,816600
2016-09-06,92.12899780273438,92.39271965453695,91.49465805882375,91.81540055762211,917200
2016-09-07,91.22453308105469,92.18645107360324,91.12403434979647,91.87060026540749,1434500
2016-09-08,90.38462829589844,91.23168727683996,90.14055609108246,91.13118856802423,1650400
2016-09-09,88.26698303222656,89.85343352948439,88.23109375823269,89.85343352948439,2305100
2016-09-12,88.7479248046875,88.95610226983584,87.59936420108377,87.83625636591832,1820600
2016-09-13,87.85782623291016,88.697710997455,87.82911152171573,88.51107358984804,1585500
2016-09-14,87.48451232910156,88.2813274591015,87.18301071578362,87.80754312157978,1686400
2016-09-15,87.8936996459961,88.26697984732961,87.3983805825308,87.48452469519384,1158100
2016-09-16,87.4414291381836,88.15928014295126,87.00353958713383,87.54192784070959,2134500
2016-09-19,87.6998519897461,87.96545882118905,87.17582384684812,87.50603463696275,1025500
2016-09-20,88.6330795288086,89.286321206472,88.01572712143425,88.1305804538365,1360600
2016-09-21,89.68832397460938,89.98264009668307,88.4249044235791,88.53975775907115,1733600
2016-09-22,91.33221435546875,91.46860236489448,89.98265053863338,89.98265053863338,1785100
2016-09-23,90.97327423095703,91.4255184618557,90.75073666106172,91.4255184618557,1367600
2016-09-26,90.09748077392578,91.26039589176818,90.04005137935447,90.79379712198961,1336900
2016-09-27,90.22669982910156,90.61434005160406,89.99698771318552,90.26258909538194,1134900
2016-09-28,90.79383087158203,90.8727894725072,89.87497664719291,90.4779745607992,1422400
2016-09-29,89.88931274414062,90.80816124647805,89.76727937546717,90.52819976457116,1229700
2016-09-30,90.54975891113281,91.0666127026807,90.23390259923785,90.24108264544562,1920000
2016-10-03,89.55909729003906,90.2769483300883,89.23606103595563,90.10466013720296,1512300
2016-10-04,88.31720733642578,89.78880407184627,88.13056454360114,89.78880407184627,1701900
2016-10-05,88.03006744384766,88.7120291898673,87.54192853764873,88.56845570170962,1954600
2016-10-06,88.46080780029297,88.98483612123543,87.62091771482096,87.85062988498139,1521300
2016-10-07,88.3028564453125,89.07813139283547,87.66396946884123,88.934563378012,1397800
2016-10-10,87.69271087646484,88.79102240701566,87.51324806489065,88.38184741569731,1036100
2016-10-11,87.13992309570312,87.69267137334528,86.7666430255601,87.55627794542383,1753000
2016-10-12,87.4916763305664,87.94392595754252,87.16864557709924,87.38400306392295,1532900
2016-10-13,87.31221771240234,87.60653925986065,86.6302614331613,86.97483233301875,1688700
2016-10-14,86.50103759765625,87.57063395644758,86.49385755481701,87.44860061202044,1894800
2016-10-17,86.63745880126953,87.07534844978238,86.5154199409522,86.7594921848171,1235500
2016-10-18,86.52976989746094,87.31222494632763,86.3215924269114,87.11122752007817,1869900
2016-10-19,86.29285430908203,86.6087104513421,86.05596220238697,86.60153040899048,1947400
2016-10-20,85.54632568359375,86.3575010399287,85.42429229474035,86.14932353594762,2158800
2016-10-21,85.84061431884766,86.47232115674369,85.07968861952683,85.42425947086788,2216600
2016-10-24,81.77041625976562,85.00074600552215,81.5191640092361,84.19675085271926,5582900
2016-10-25,81.64119720458984,82.55286557111883,81.41148510207138,81.79194525842053,3420800
2016-10-26,81.59097290039062,82.02885710921619,80.85876158355792,81.08847375659421,2294100
2016-10-27,81.705810546875,82.02884134548974,81.21767158838372,81.74887985955186,2046800
2016-10-28,82.22984313964844,82.54569388962733,81.72734409920672,82.01448562563498,2581200
2016-10-31,82.12934875488281,82.38777011784028,81.58378037359624,82.2442020854451,2435900
2016-11-01,81.83503723144531,82.5313537753996,81.31818348843719,82.05756935205213,1787900
2016-11-02,81.5119857788086,82.45236886552411,81.49044564765235,81.84937115882849,1586100
2016-11-03,81.58377838134766,81.93552388586492,81.46174500911484,81.82067055810732,1443800
2016-11-04,80.65056610107422,81.87091619829653,80.58596213403835,81.64120407644288,1536800
2016-11-07,81.8206558227539,81.96422382578757,81.16740881238375,81.35405159774213,1575600
2016-11-08,82.89743041992188,83.33531446240177,81.75604455731481,81.79911386190703,1869500
2016-11-09,82.81848907470703,83.52198013410079,80.45675813606016,81.01668115628733,2439400
2016-11-10,80.50700378417969,82.15088349763286,79.89683143071055,82.1293488404281,2987200
2016-11-11,81.05256652832031,81.67709345089642,80.19832200681995,80.50699818441318,1530700
2016-11-14,81.18177032470703,81.53352127255422,80.62184739779103,80.78695554440999,2241200
2016-11-15,81.74170684814453,81.90680953439512,81.13870907534292,81.16742377659722,2587100
2016-11-16,81.36124420166016,82.12935016615826,81.13153205981897,81.83502857489044,1758000
2016-11-17,80.6577377319336,81.7129795642674,80.33470697691111,81.40430341927703,2098000
2016-11-18,81.19615173339844,81.41150928957885,80.53572992704142,80.57879924756944,1603800
2016-11-21,81.69147491455078,81.97143646553303,81.19615579661121,81.19615579661121,1710100
2016-11-22,82.22266387939453,82.54569467672583,81.6770955216556,81.76323962343622,1426900
2016-11-23,82.23703002929688,82.5528863033718,81.83503511812509,81.97142859588834,1620800
2016-11-25,83.15583801269531,83.48605421601351,82.30159924411873,82.39491788093731,996900
2016-11-28,84.11061096191406,84.11779100631465,82.81848228503787,83.03383432613265,2108100
2016-11-29,83.62965393066406,84.28290106661122,83.20612440655975,84.10343828993598,2011500
2016-11-30,82.9907455444336,83.87369911165116,82.30878935912676,83.3568510482098,5053900
2016-12-01,81.84222412109375,82.77542747799151,81.32537033486335,82.60314470817156,1985000
2016-12-02,81.91398620605469,82.45955455388368,81.51916592602666,81.98577021785005,1433200
2016-12-05,81.5694351196289,82.26575170460289,81.18179478953708,82.06475423198573,2130200
2016-12-06,82.11497497558594,82.16522432622374,81.49762268102513,81.56940668525509,1458900
2016-12-07,82.74457550048828,82.76629027772273,82.07879921582192,82.34655958997368,1870500
2016-12-08,82.06431579589844,82.74456297457094,82.02813002715949,82.46233164616118,1470600
2016-12-09,82.93994903564453,83.01231504474563,82.02812186168744,82.13667363592538,1854100
2016-12-12,83.06298828125,83.63468925255599,82.84589021087884,83.0195697714105,1450900
2016-12-13,83.4682388305664,83.69258067113589,82.63602131493329,82.91825265906813,2545800
2016-12-14,82.93994903564453,84.09782174477989,82.80244975353163,83.69256767687567,2334900
2016-12-15,83.50444030761719,83.67811989332743,82.62879859814439,82.86037321948285,1354000
2016-12-16,84.11956787109375,84.37285177456658,83.46826246132434,83.67812784453754,3166900
2016-12-19,83.12812042236328,84.30046434127392,83.07022539592549,84.27151682805501,1437500
2016-12-20,82.80248260498047,83.44654972750389,82.52025119269153,83.15708557625611,1821200
2016-12-21,82.93994903564453,83.48270238566167,82.86034476928155,82.86034476928155,1225200
2016-12-22,83.2366714477539,83.33075225138015,82.49852914263631,82.86036479677068,950100
2016-12-23,83.09195709228516,83.47550208397082,82.94722500827456,83.45379282348675,779200
2016-12-27,83.30181121826172,83.58404260875318,83.0991841195678,83.12813163669183,747000
2016-12-28,82.6070785522461,83.39587760526562,82.5129977513428,83.22219804223657,929000
2016-12-29,83.28010559082031,83.4248376615749,82.7445847824442,83.10642048050528,968500
2016-12-30,82.5853500366211,83.33073040534066,82.35377549953179,83.1425743685892,1417500
2017-01-03,82.9037857055664,83.1570750877232,82.28866617998723,82.6143215908285,1645800
2017-01-04,83.35247039794922,83.53338824431383,83.04852974113857,83.15708155319223,1846000
2017-01-05,83.95310974121094,84.01099924958928,82.93273054975492,83.4031180028125,1660300
2017-01-06,84.25704956054688,84.38731061520939,83.53337826157153,83.95310894005895,1829300
2017-01-09,82.96167755126953,83.94587096287299,82.96167755126953,83.59850630888252,1883900
2017-01-10,82.75906372070312,82.95445257404916,82.47683230966176,82.86037727742696,2521100
2017-01-11,82.79522705078125,83.09916763854173,82.5781234759962,82.5781234759962,1489200
2017-01-12,82.83140563964844,82.92548090887814,82.4840465523594,82.68667360680686,1236800
2017-01-13,82.92547607421875,83.14257963199685,82.63601202541173,82.63601202541173,1032400
2017-01-17,83.96758270263672,83.98929195893326,82.91102323387021,83.13535957716664,1567900
2017-01-18,84.2353286743164,84.51032174233525,83.83006904844751,83.83006904844751,2015200
2017-01-19,83.87348937988281,84.27150520912566,83.67086233646131,84.23532496347059,2200200
2017-01-20,84.10507202148438,84.79255748795215,83.58402784761799,84.45243112327972,2056100
2017-01-23,84.65508270263672,84.7057394797307,83.88798726513217,83.88798726513217,2626700
2017-01-24,88.13593292236328,88.30961249756398,85.58137398247194,85.71886778230102,4207100
2017-01-25,88.28788757324219,88.89576873915713,87.85368595170678,87.86092420973144,3447500
2017-01-26,88.39646911621094,88.75106658236436,87.88266304695905,88.20831299244229,2675500
2017-01-27,87.54974365234375,88.35301359979097,87.31093083277057,88.28788584236541,1634000
2017-01-30,87.26753997802734,87.86818862362848,86.98530854622443,87.86818862362848,2031900
2017-01-31,87.65829467773438,88.08526357724746,87.20962204573988,87.32540657228985,2862800
2017-02-01,87.57144927978516,87.9839416232577,87.11553291198672,87.21684643345908,1952600
2017-02-02,87.86094665527344,88.38198542152006,87.69449980522377,87.88265591372023,1347900
2017-02-03,87.95500946044922,88.51947218461751,87.58593555573388,88.11421802801952,1591800
2017-02-06,87.73792266845703,88.15765342313603,87.45569125231853,87.6076615901489,1400000
2017-02-07,88.61356353759766,88.9392189906515,87.48463788449719,87.92607789421977,2243100
2017-02-08,88.9609146118164,89.0260423797379,88.3747426158272,88.61354995271329,1840300
2017-02-09,89.43130493164062,89.97405843305606,88.72934285308881,88.83065639832576,2439500
2017-02-10,89.40958404541016,89.6194438466943,89.04774842486405,89.24313723064266,1036000
2017-02-13,89.32274627685547,89.63392514798261,89.14906671565097,89.6049776342529,1255100
2017-02-14,88.92472076416016,89.43852668652954,88.12868349740721,89.43852668652954,1872300
2017-02-15,90.03195190429688,90.22734073210285,88.98262517371211,89.34446083505016,1710100
2017-02-16,91.63126373291016,91.70362976004898,89.52537755977407,90.03195079209385,2741600
2017-02-17,95.47394561767578,95.66210721550405,91.74704298369593,92.41281922887548,6657000
2017-02-21,97.43511962890625,97.68116526174892,94.69240980343744,94.69240980343744,3755000
2017-02-22,97.5726089477539,98.57127893921007,96.34236986750044,96.89235611544888,3160200
2017-02-23,97.21800231933594,98.19496301667431,96.9212944284586,97.65220952756366,1755600
2017-02-24,96.72590637207031,97.3772061100746,96.14696713698459,96.87787115784249,2785200
2017-02-27,95.98054504394531,96.56671713393946,95.03253723989555,96.06738208176677,1771500
2017-02-28,95.922607421875,96.47259348783939,95.65484160354482,96.01667715697148,2388700
2017-03-01,96.42196655273438,96.5884078574008,95.87196930581439,96.1324914116324,1581900
2017-03-02,97.33380126953125,97.51471911575715,95.7127733921016,96.27723618893846,1609200
2017-03-03,96.71865844726562,97.13115636137891,96.19038152497487,97.00813357357679,1439400
2017-03-06,96.48710632324219,96.82723275488732,96.30618847842452,96.32789773641473,1820700
2017-03-07,96.52326202392578,97.03706235939184,96.36405348670786,96.54497127515135,2143500
2017-03-08,96.47956085205078,96.81488213301031,96.17338246753236,96.17338246753236,2152500
2017-03-09,96.74200439453125,96.93881908088294,96.28274787988852,96.38480364722642,1471900
2017-03-10,97.60218811035156,97.62405640905469,96.45770635965798,96.74200536604316,2159500
2017-03-13,97.49281311035156,97.78439774167735,96.98252332067042,97.35430651733758,2032000
2017-03-14,97.34698486328125,97.90101109414766,97.17203857836583,97.47091997941347,1139100
2017-03-15,98.41130828857422,98.57168316231109,97.31784930759007,97.44905904615298,1523000
2017-03-16,98.06869506835938,98.4477639815605,97.68962615515827,98.17803652253254,1847900
2017-03-17,97.14289855957031,98.50608508025951,97.01897453464234,98.13430188223485,5274800
2017-03-20,97.49281311035156,97.79898031021584,97.19393163313619,97.28870164377538,2100100
2017-03-21,97.44905853271484,97.79897341351892,97.21579306875203,97.75523683422838,2189100
2017-03-22,96.83674621582031,97.93020543991018,96.51599639703517,97.79899567217576,1968700
2017-03-23,96.9752426147461,97.50738959990298,96.6326245374316,96.80758199922238,1575800
2017-03-24,96.55244445800781,97.13562491856507,96.33375039489358,97.09917405417235,1557400
2017-03-27,96.48682403564453,96.84402465197425,95.8453245200288,96.28999829821873,1953500
2017-03-28,96.75657653808594,97.12835986145893,96.10050533238987,96.15882450317866,1257400
2017-03-29,96.61075592041016,97.03356144255258,96.4139301669622,96.49411761294165,834500
2017-03-30,96.39935302734375,96.8804665515633,96.1806589945673,96.71280594650558,854700
2017-03-31,95.95471954345703,96.6253733686258,95.93285124331801,96.33377749469683,1059300
2017-04-03,95.86720275878906,96.47954832507558,95.59748639957095,96.25355742808473,1259700
2017-04-04,96.38475799560547,96.44307713835407,95.5683122436032,96.0129859742271,1944300
2017-04-05,96.00570678710938,96.92421955028756,95.88906848015958,96.53056804514229,1170900
2017-04-06,95.57563781738281,96.30461072084138,95.49545035307261,96.0640483279108,1060700
2017-04-07,95.7359848022461,96.40663834288601,95.57560992043649,95.69953394306381,1336300
2017-04-10,96.16605377197266,96.52325431213511,95.67035779614356,95.8453040825595,1336700
2017-04-11,96.68367004394531,96.7711432241453,95.98385123261738,96.15151186908159,1127000
2017-04-12,97.02628326416016,97.23768048004867,96.41393766395609,96.80758920146171,1905800
2017-04-13,96.71280670166016,97.02627074651015,96.32645206080923,96.97523731839291,1284500
2017-04-17,97.22309875488281,97.35431964293949,96.83674406082834,96.83674406082834,1200200
2017-04-18,97.61673736572266,97.85729969259374,96.67635634947743,96.89505038510939,2158900
2017-04-19,97.0918960571289,97.82815463418784,96.91693856806604,97.55115251389205,1423000
2017-04-20,95.66307067871094,97.09186186139691,95.57559752660903,97.05541100694143,2697400
2017-04-21,94.7373046875,95.79431296377695,94.33636744525934,95.18926423880315,3230700
2017-04-24,95.05803680419922,95.45897401879694,92.71074935298293,92.93672911305416,3495900
2017-04-25,96.82215881347656,96.85859854968092,95.27672913428701,95.83804122466569,2725500
2017-04-26,94.8612289428711,96.63992425932669,94.81749235693228,96.63992425932669,2147000
2017-04-27,94.7664566040039,95.42982446980984,94.54047683335912,94.95598551284503,1348900
2017-04-28,94.58421325683594,94.7664564423019,93.49075414404014,94.41655264071481,2340400
2017-05-01,94.44573211669922,95.19657335337033,94.19059826221306,94.29265402865639,1286900
2017-05-02,92.38999938964844,94.86122198472012,92.27336664849312,94.46757049366231,2568500
2017-05-03,92.411865234375,92.52121224992712,91.52252322654765,92.16401718996907,3076500
2017-05-04,93.44700622558594,93.49074280507459,92.21504066153557,92.41186083085451,1845600
2017-05-05,93.73861694335938,93.97917932078226,93.38142736256668,93.73133121916221,1202700
2017-05-08,93.54178619384766,93.95729486648901,93.17000298211258,93.55635763973604,1197300
2017-05-09,93.46160125732422,93.89169251064017,93.36683124030016,93.5928110132885,2234600
2017-05-10,94.14681243896484,94.34363816717567,93.33036663785298,93.4907415092485,1397600
2017-05-11,93.38871002197266,94.00834137893101,92.86384869268251,93.89898878010399,1497200
2017-05-12,93.30122375488281,93.48347250994095,92.89300078130205,92.89300078130205,1365200
2017-05-15,93.30852508544922,93.65842894001162,93.22833762677419,93.37412997257161,997400
2017-05-16,92.88569641113281,93.74588994706349,92.87841068878873,93.43242591442461,1408900
2017-05-17,93.27936553955078,93.84067218886862,92.39001776963138,92.8857195318018,1748900
2017-05-18,92.37544250488281,93.51992412085622,92.01095607174273,93.19917984159562,1832400
2017-05-19,92.72533416748047,93.1189801308793,92.33169376570251,92.60870141626278,1496700
2017-05-22,92.63785552978516,93.13355720686594,92.58682766133363,92.73991126668821,1102600
2017-05-23,92.4337387084961,93.22831626579058,92.36083699067953,92.73261461738716,1179600
2017-05-24,93.33038330078125,93.41785647416336,92.66702096894313,92.95860562904465,1120500
2017-05-25,94.32908630371094,94.76647448138392,93.26479212701325,93.3376827411298,1641900
2017-05-26,94.40927124023438,94.6279653232212,94.11768654508069,94.12497226932443,1070800
2017-05-30,94.01561737060547,94.34365288664364,93.59281183670946,94.29263057773356,2555600
2017-05-31,94.56963348388672,95.68496092205902,94.10309136022799,94.29263139759168,5187200
2017-06-01,94.75917053222656,94.97785345576106,93.43243480549705,94.97785345576106,1667900
2017-06-02,95.23299407958984,95.31318152235855,94.6498136888393,95.04346517997325,1084000
2017-06-05,95.34963989257812,95.43711306494623,94.58421626463219,94.99243923333891,831000
2017-06-06,95.46626281738281,95.61934084435401,94.84663161766932,95.16008451696071,1237500
2017-06-07,95.62051391601562,95.80411705763863,95.22393606085835,95.40018790481872,1153800
2017-06-08,94.04151916503906,95.62050149539658,93.67431292949126,95.62050149539658,1365400
2017-06-09,94.57028198242188,94.61434493067233,93.67429801385205,93.9827498578484,1499900
2017-06-12,94.60702514648438,95.42956357367926,94.57030227964626,94.57030227964626,1222200
2017-06-13,95.01094055175781,95.29002088485647,94.3426337004486,94.70248864971234,855000
2017-06-14,95.7453384399414,96.1125446301153,95.31203782503468,95.31203782503468,1202600
2017-06-15,96.07581329345703,96.27409652703412,95.28998682847686,95.48828126829524,994800
2017-06-16,95.62784576416016,96.41366122323339,95.20922530740361,95.91426615858785,1772500
2017-06-19,97.51529693603516,97.52998832470026,95.56910817213944,96.10522619283118,1595700
2017-06-20,97.65480041503906,98.30108679848188,96.70740231147022,97.51526029077374,1545600
2017-06-21,96.81758117675781,97.97795403128909,96.57522375718074,97.62542803577165,1403600
2017-06-22,96.7588119506836,97.09664650949291,96.35488298022943,96.78818350933417,958000
2017-06-23,97.16277313232422,97.4124706854782,96.75884402796038,96.75884402796038,1464500
2017-06-26,98.0587387084961,98.62422814142023,97.17744614233833,97.41979235288126,1555400
2017-06-27,96.5458755493164,98.0734437411186,96.53852425206284,97.8971919069661,1199400
2017-06-28,96.57524871826172,97.3537242153107,96.47243141122216,97.10402664196405,963400
2017-06-29,94.73918914794922,96.53115699925034,94.577617541275,96.20067369695951,1381600
2017-06-30,94.81997680664062,95.51032619298537,94.8126367175546,94.93013417414548,1351900
2017-07-03,94.3205795288086,95.47361238039974,94.3058993492457,95.1871919915083,800700
2017-07-05,94.48951721191406,94.88609504070354,94.06355660692053,94.54827155807652,1161100
2017-07-06,92.81505584716797,94.38670385557488,92.76364719290628,94.1884093297633,1654700
2017-07-07,93.12349700927734,93.5567976471694,92.37439320383662,92.85176239701009,1694100
2017-07-10,93.2777328491211,93.96073669572164,92.99865251415405,93.2703871552739,1105000
2017-07-11,92.39643859863281,93.41727156699825,92.35237563983581,93.36586291402745,1375200
2017-07-12,91.58120727539062,92.25687081808736,90.86148639287927,91.397604208998,2487300
2017-07-13,90.99369812011719,91.79420495224451,90.5971147489554,91.52247594833288,1793600
2017-07-14,91.44169616699219,91.72811657564759,91.03776707626155,91.2066844059641,1205900
2017-07-17,91.57389831542969,91.95579035796858,90.87620306409967,91.33154084065853,1186000
2017-07-18,91.48575592041016,92.05859671767908,91.17730404543799,91.66201333423395,1053200
2017-07-19,91.03043365478516,91.73547463603929,90.88355338551236,91.30951401077583,1745100
2017-07-20,90.85415649414062,91.55185162958252,90.81009354354582,91.29480280945441,1521000
2017-07-21,92.00720977783203,92.02924125936731,90.33274994366866,90.61182471498806,1879000
2017-07-24,90.92759704589844,92.087969977478,90.88353409509378,92.01452985842957,1728100
2017-07-25,91.56652069091797,91.7280922844232,89.67173571764533,90.66319114683003,2192400
2017-07-26,89.77456665039062,91.53715746118378,89.48080058140481,91.50043460138991,2400200
2017-07-27,91.22135925292969,91.22135925292969,88.83451906488332,89.877383279219,2733000
2017-07-28,89.92879486083984,91.17729928497144,89.09891087775661,91.12589064182686,2226800
2017-07-31,90.45022583007812,91.08181528304091,89.95082521836319,89.95082521836319,2298500
2017-08-01,89.37063598632812,90.86883777427825,89.25312732698085,90.45022298081581,1664600
2017-08-02,89.1283187866211,89.58365664232336,88.7097038043117,89.20175893028306,1511900
2017-08-03,89.36329650878906,89.84800575450076,88.94468168621555,89.12093908437238,1441500
2017-08-04,89.09889221191406,89.53219834460427,88.81247188823778,89.07686074134214,1046800
2017-08-07,89.17236328125,89.45144361373077,88.70233973542437,89.09892315280024,1063900
2017-08-08,89.18704223632812,89.44408545163232,88.81249034938666,89.03281630714561,1612300
2017-08-09,89.31189727783203,89.48815469456012,88.83452807120126,89.1870485077797,1461900
2017-08-10,88.91529846191406,89.31922747509056,88.91529846191406,89.19437312357701,1362000
2017-08-11,88.59950256347656,89.30453772408656,88.52606245149828,89.30453772408656,1074100
2017-08-14,89.37063598632812,89.41469893202272,88.59950081794513,88.89326686319204,923400
2017-08-15,89.76724243164062,90.03162577703652,89.19439597443512,89.3779990996218,1114100
2017-08-16,89.8406753540039,90.17115871157921,89.52487777989145,89.73051236710472,1005400
2017-08-17,89.80393981933594,90.9422811848039,89.68643675884614,89.75987687204245,1358800
2017-08-18,89.15030670166016,89.79658749442142,89.11358384621373,89.73783877007662,1085900
2017-08-21,90.09773254394531,90.18586406774047,89.084245234355,89.28987985342059,1103700
2017-08-22,89.91410064697266,90.31802966460417,89.6790889284747,90.04629508882284,855200
2017-08-23,89.79659271240234,90.149113094561,89.17968904752642,89.83331556998269,911700
2017-08-24,88.85655975341797,89.95817841598048,88.83452827666628,89.86270681568242,1170900
2017-08-25,89.24581146240234,89.76724930862736,88.9153280529974,88.9153280529974,997400
2017-08-28,89.87004852294922,89.90676578153275,89.16501328255445,89.51018240822532,1127000
2017-08-29,89.87736511230469,90.32535701298897,89.75251638014561,89.7745478501595,1693100
2017-08-30,89.81865692138672,89.89944274997029,89.11361594408949,89.6350537842646,1089800
2017-08-31,90.54569244384766,90.64116402499067,89.47345116645863,89.8994116419357,1520500
2017-09-01,90.4869384765625,91.17728782901263,90.34005825835324,90.69991871515076,1073500
2017-09-05,90.2666244506836,90.41350467914644,89.42938921845636,90.15646147777568,1297400
2017-09-06,88.35717010498047,90.5824391847993,88.15153549211738,90.31071013342577,2521100
2017-09-07,88.55705261230469,88.83099586561596,87.63157551841192,88.77916937430452,1888400
2017-09-08,87.46129608154297,88.23129379688093,86.987452202668,87.92033481049386,1813000
2017-09-11,88.54964447021484,88.6384923019946,87.4760933340288,87.82407361433653,1832300
2017-09-12,89.29000854492188,89.41587204533482,88.39414759998915,88.58664837328476,1631800
2017-09-13,88.83100128173828,89.74166763440131,88.70513209630992,89.29003433315195,1437300
2017-09-14,89.4603271484375,89.56398014031647,88.77917730218583,88.84580894753756,1206500
2017-09-15,89.66023254394531,89.76388554138587,88.84581371462751,89.37148410126595,2548500
2017-09-18,90.2303237915039,90.40060842676124,89.4307101645631,89.69724804021003,1005700
2017-09-19,90.14888000488281,90.51166546684581,89.82311023980176,90.3858019298515,1130100
2017-09-20,88.96427917480469,90.42282656568679,88.32755037938152,90.23773111698621,1996600
2017-09-21,87.4538803100586,89.19377601362987,87.31320599255955,88.8606008903948,1454400
2017-09-22,87.0096664428711,87.92774393971808,86.75053394322269,87.52053169122428,1547000
2017-09-25,86.98743438720703,87.42426247747493,86.83195492585646,87.27618276523859,1548700
2017-09-26,87.12812042236328,87.3502371962658,86.81716145783115,87.14292557124682,1147200
2017-09-27,86.26187133789062,87.1355219484599,85.81764345849322,86.95782627776977,2109500
2017-09-28,86.59503173828125,86.85416416998532,85.86946092950983,86.09157202154331,1372300
2017-09-29,87.12812042236328,87.16514176756844,86.36552815991648,86.51360224340867,1665300
2017-10-02,86.60245513916016,87.45389529061384,86.52841809309126,87.21697335399465,1454300
2017-10-03,85.57331085205078,86.99484223761596,85.551100306755,86.82455197590906,1765800
2017-10-04,86.76535034179688,87.09111451295011,85.36602910472617,85.43266075950801,1670700
2017-10-05,86.97262573242188,87.83887083157802,86.77271954113156,86.77271954113156,1528400
2017-10-06,85.4326400756836,87.21696260393676,85.2697552052099,86.89859826128288,3332300
2017-10-09,85.5066909790039,86.45437876235589,84.90698353924691,85.63995992657934,2659300
2017-10-10,86.21745300292969,86.51360683429382,85.25496011182685,85.81024642738542,1654800
2017-10-11,87.24657440185547,87.57974954683239,86.56542461238752,86.69128814222452,1963200
2017-10-12,87.0392837524414,87.49091710831222,86.35813384310556,87.30582165586237,1870800
2017-10-13,87.77965545654297,87.93513494086136,87.00225803495104,87.2021586151706,1310700
2017-10-16,87.52791595458984,87.99435434132143,87.32800975408811,87.77224324468598,1216100
2017-10-17,87.5723648071289,87.60938615930337,86.46919742604581,87.42429069576154,1579500
2017-10-18,86.84677124023438,87.89811184493607,86.38032717787824,87.89811184493607,1688700
2017-10-19,85.55111694335938,86.4765941684123,85.46967449566154,86.46918876898577,2112900
2017-10-20,83.98889923095703,84.4627430522565,81.68631176401874,84.09995196355541,4934600
2017-10-23,83.31514739990234,85.76580888998575,83.03380440227049,84.04812366259046,4556800
2017-10-24,82.9523696899414,83.77419386196516,82.8561220985804,83.5965038284278,3063500
2017-10-25,83.21891021728516,83.70015948675925,82.50073901265431,83.13746777251272,3326600
2017-10-26,84.09993743896484,84.69965033474146,83.6779201819843,83.69273097621544,2142900
2017-10-27,83.22630310058594,83.76677853607227,82.5451476968633,83.64832041064028,2461300
2017-10-30,82.38227081298828,83.29294280641736,82.234196729687,82.78948301506311,1923800
2017-10-31,83.30032348632812,83.5446450864079,82.24157772377399,82.5673417401012,2299000
2017-11-01,82.95976257324219,84.00369771752955,82.25639664680101,82.8487042007869,2595800
2017-11-02,82.58959197998047,83.2633364801079,81.82699398174358,82.9671826306241,2148600
2017-11-03,82.02690887451172,83.14488709100557,81.88623451023358,82.55257932962282,1900400
2017-11-06,81.34574890136719,82.28603128463739,81.21247995387502,82.28603128463739,1982800
2017-11-07,82.87095642089844,83.02643596106027,81.19769154077646,81.36798188400113,2205800
2017-11-08,83.83341217041016,84.69965729827283,83.34475759654092,83.34475759654092,2005300
2017-11-09,83.87783813476562,84.49235626235108,83.47803136436053,83.60389488967405,1572400
2017-11-10,84.50716400146484,84.74408591171134,83.69274528803402,83.70755043613397,1690800
2017-11-13,85.44745635986328,85.60293584202866,84.34428353850332,84.34428353850332,1751600
2017-11-14,84.81073760986328,85.4992929111121,84.433141309523,85.22534961107465,1881500
2017-11-15,83.98149871826172,85.14389779261433,83.87784572936386,84.78851208163289,1753400
2017-11-16,85.06985473632812,85.38821907934026,84.12956685523149,84.26283578134503,1453800
2017-11-17,84.64041900634766,85.4104165001563,84.30724956659546,84.50715010071418,1488000
2017-11-20,85.40304565429688,85.69179412521052,84.56641619352982,84.88478061641733,2127700
2017-11-21,86.62466430664062,87.31321955656306,85.57332358270104,85.75101362016554,3337400
2017-11-22,85.9212875366211,86.63945294873517,85.63993891152118,86.28407294151674,1482700
2017-11-24,86.23965454101562,86.67647699030965,85.94350075999307,86.12859616704922,1013000
2017-11-27,86.44696807861328,86.6986951429395,86.09898777902724,86.32850429634397,1424500
2017-11-28,86.90601348876953,87.04668783808052,86.36553793902755,86.62467043881239,1809400
2017-11-29,88.2090835571289,88.66071688836993,86.65428297107412,86.78014651619648,2129000
2017-11-30,88.6681137084961,89.06792050314031,87.7352311876596,88.46080773690223,5125700
2017-12-01,89.2234115600586,89.24562211008812,87.94995397082783,88.54966141628414,2058500
2017-12-04,91.14840698242188,91.377923540737,89.223415365998,89.51216382602833,2648800
2017-12-05,90.9559097290039,91.63705967971445,90.14149081848778,90.3858181862422,2056700
2017-12-06,90.44503784179688,91.25945664202044,90.18589970878821,90.48205354032346,1931800
2017-12-07,89.3778076171875,90.70623435079638,88.9748007945406,90.54951042430186,1953600
2017-12-08,89.63900756835938,89.72856653143013,88.66880539698943,89.28824208034293,1520600
2017-12-11,88.42999267578125,88.81061117510257,87.6612967001597,88.76583453772672,2048900
2017-12-12,86.8702163696289,88.27327277888864,86.81051038781978,88.27327277888864,2040500
2017-12-13,87.60906219482422,88.25088728513528,86.67617755121813,86.90007214323398,2334800
2017-12-14,87.50457763671875,88.14640271284782,87.0941061250516,87.62398960152224,2162600
2017-12-15,88.44491577148438,88.99718180432892,87.86279675120564,87.86279675120564,4036000
2017-12-18,89.29573059082031,89.77336713363285,88.45239912157572,88.57927577660149,2563800
2017-12-19,89.9822998046875,91.02713149870354,89.40018083493027,89.66885200464509,2413800
2017-12-20,89.89276885986328,90.19129310743861,89.06436677743304,89.93008652601385,1908800
2017-12-21,89.76590728759766,90.4525091430719,89.65395997132148,89.91517227392491,1894200
2017-12-22,90.04947662353516,90.4151657486794,89.70617012121603,90.079323916552,980600
2017-12-26,90.53459167480469,90.75102160639302,89.5121536974967,89.89276655185343,621800
2017-12-27,90.9599609375,91.26594976200052,90.54949520677022,90.74353106760626,1139100
2017-12-28,89.72859954833984,91.2212153188303,89.31812793390405,90.99732067570582,1569700
2017-12-29,90.04947662353516,90.66890759644782,89.66885815800747,90.00469429625981,1326900
2018-01-02,88.86286163330078,90.29577111562602,88.76584367770492,90.16143549579077,2058700
2018-01-03,87.3777084350586,89.27333071000515,87.07918421097924,89.17630706320067,2496000
2018-01-04,88.3852310180664,89.21363311317161,87.45981096091228,87.81803550838255,2007200
2018-01-05,88.1911849975586,88.72852748581619,87.84788411758873,88.44493259206968,1421400
2018-01-08,89.13153076171875,89.22108973744625,88.04192217947615,88.07177517138533,2139900
2018-01-09,87.16875457763672,89.14646572112461,87.13143690954661,89.14646572112461,2322700
2018-01-10,85.79552459716797,87.01200398619596,84.27305634629609,86.91498604393772,2700000
2018-01-11,84.10888671875,86.00450921257956,83.82529180476037,85.82539693500067,3252100
2018-01-12,84.31784057617188,84.84771832298573,83.58645657582817,84.24320525627164,3392600
2018-01-16,85.27310943603516,85.5567042791148,84.48948416501545,84.82532600711328,3243800
2018-01-17,87.06425476074219,87.41501457974687,85.44476280353156,85.54178644387115,2679900
2018-01-18,86.07913970947266,87.14636010102886,85.73583880158505,86.84037686103463,2567700
2018-01-19,86.19107818603516,86.77319730470282,85.79553599995974,86.37765511862742,2590400
2018-01-22,87.25083923339844,87.37024550909004,85.87763005275033,85.974648007617,2452100
2018-01-23,87.94489288330078,88.22102877031642,85.95971744680178,86.72841343398986,3630500
2018-01-24,89.34048461914062,89.59423217107445,87.21350903824434,88.01205796489225,5303500
2018-01-25,92.12422180175781,92.16899844049838,89.31063866079324,89.66886885234503,3703700
2018-01-26,91.22120666503906,91.49733691230296,89.81814432979948,91.49733691230296,3265000
2018-01-29,89.34048461914062,91.60179579956063,89.30317265441893,90.9450471429309,3037400
2018-01-30,88.43746948242188,89.54946644956105,88.26581619246687,89.18377724176722,2401000
2018-01-31,87.31800079345703,89.01958143636067,86.80304665904508,88.98226946773173,3683000
2018-02-01,87.98966979980469,88.13146437619336,86.87020836645826,87.20604451891207,2205100
2018-02-02,86.72840881347656,87.6911463373818,86.43734929390932,87.54188708925128,2614100
2018-02-05,83.49691009521484,87.33293152409294,83.30287417730757,86.59408843636581,3468400
2018-02-06,85.18355560302734,85.63133905891775,82.30280758850246,82.47446085509615,4998600
2018-02-07,83.85513305664062,85.84030856431048,83.77303875468944,85.1686361939838,2418900
2018-02-08,83.35511016845703,84.61636632979751,82.94463864934043,83.85513496892563,2809000
2018-02-09,83.16852569580078,83.84766269124113,81.72815171466853,83.84766269124113,3402800
2018-02-12,84.83279418945312,85.7432904869279,83.5864617073118,83.78050330198901,2695200
2018-02-13,84.07901763916016,85.00443747647074,83.92975270160996,84.46709508904034,1909700
2018-02-14,84.13127136230469,84.74324346190474,83.57154057508966,83.75811750416133,1678600
2018-02-15,86.4373550415039,86.5194493415971,83.97453742645962,84.42232658837729,2087600
2018-02-16,86.64632415771484,87.49711449322973,86.28063497340166,86.4597472298585,2013700
2018-02-20,85.4148941040039,86.20598395368437,84.66858657773433,86.20598395368437,1845600
2018-02-21,83.54170227050781,85.74330814306401,83.4969199278218,85.40000721648205,2168400
2018-02-22,84.19097137451172,85.04176171276168,83.67602292380843,83.87752350123563,1217100
2018-02-23,84.81786346435547,84.81786346435547,83.98946153782569,84.50441562563483,1290500
2018-02-26,85.42236328125,85.54923420088085,84.48947882418514,85.0044328665249,1249000
2018-02-27,83.84017944335938,85.4745946441276,83.84017944335938,85.25816479198997,1960300
2018-02-28,82.78045654296875,84.69100830741488,82.74314457076707,84.51189034289165,2309600
2018-03-01,83.21331024169922,84.07156525292244,82.53416748783205,82.84015638411313,1830900
2018-03-02,83.9969253540039,84.13126095407132,82.99687017708526,82.99687017708526,1871600
2018-03-05,84.46709442138672,84.81039523422588,83.60137487206396,83.70586317446077,1842100
2018-03-06,84.37010192871094,84.69847350001056,82.86255693301612,84.42980222738925,2015200
2018-03-07,83.40735626220703,84.11634635164404,83.09390267787708,83.855139776266,1263700
2018-03-08,84.37876892089844,84.38629524093253,83.40733932523167,83.58053661053516,1704000
2018-03-09,84.29595184326172,85.2146686728682,83.82906136149738,84.65741062342195,1692300
2018-03-12,85.13935089111328,85.62883177901868,84.0775593682347,84.19051738010259,3153000
2018-03-13,85.06404876708984,85.89993002431115,84.86825525987393,85.39539074156552,1572000
2018-03-14,83.6483154296875,85.61376511214625,83.39980897666797,85.25983272365468,2500500
2018-03-15,83.54290008544922,84.17545577847442,83.18143558566103,83.73868785027132,1704800
2018-03-16,84.35618591308594,84.5595114914433,83.51277831481347,83.87423707256357,3850100
2018-03-19,83.65583801269531,84.9058965421377,83.34709228554344,84.40135733844907,1434000
2018-03-20,82.92542266845703,84.28090194086738,82.6995065837463,83.88178850379181,1505900
2018-03-21,81.63017272949219,82.81245450504322,81.02773374074808,82.69196440918081,3038400
2018-03-22,80.9373550415039,82.30789799716631,80.89216839233336,81.43436222011766,2225400
2018-03-23,78.87399291992188,81.2912685569804,78.7535086139361,81.20090676381155,2961400
2018-03-26,79.49149322509766,80.22194839037992,79.21287002472383,79.73246759191717,2219600
2018-03-27,80.95243072509766,81.93139265058454,79.34844509624214,79.45387105802885,2527400
2018-03-28,82.42839050292969,82.81244545993815,81.11809245260379,81.25364092300188,2641800
2018-03-29,82.93294525146484,84.71766615339885,82.69950285433318,83.09108420551706,3391200
2018-04-02,80.64364624023438,82.92537911243635,80.23700669379535,82.64675018701243,1998600
2018-04-03,81.23860168457031,81.49464031613023,80.19940025659038,80.77924315775013,2441600
2018-04-04,82.30038452148438,82.78233342275938,80.56085038548507,80.92230918879928,2358600
2018-04-05,82.39073944091797,82.77478864229434,81.38918720025828,82.34555278848065,2476700
2018-04-06,81.78076934814453,83.68597422409184,80.99760105910566,82.17988268639014,1832600
2018-04-09,81.60003662109375,82.57899837850847,81.05031070448452,81.916314452154,1987600
2018-04-10,81.68286895751953,82.48109557040333,81.45695294675329,81.90125290251814,1382600
2018-04-11,81.1707992553711,81.8861903948462,80.86957981680365,81.33647023384732,1598600
2018-04-12,79.94332122802734,81.56236462267537,79.92825709912653,81.20843228216957,1512500
2018-04-13,79.70236206054688,80.32739143260436,79.5366968161009,80.10148114729621,1989200
2018-04-16,80.43282318115234,81.00513962004365,79.90569339880754,80.07889072217067,2248000
2018-04-17,80.2746810913086,80.71898110063665,79.4463318607743,80.6286135363792,2410800
2018-04-18,80.22195434570312,81.01265459770889,80.18430550935393,80.55329627915812,2768600
2018-04-19,77.81975555419922,79.06981442571343,76.93116696469708,78.89661135190362,4086200
2018-04-20,75.32715606689453,77.54864419974939,74.49127492892929,77.382973236148,5161800
2018-04-23,74.19005584716797,76.55462450369454,73.44454225293048,75.50788575131344,7658100
2018-04-24,75.60579681396484,76.43414601581853,73.12074346312048,73.55751139065029,6222300
2018-04-25,77.03656005859375,77.72182850371638,75.34973393388282,75.34973393388282,4023300
2018-04-26,77.33027648925781,77.89506084983894,76.86338601620865,77.06670585809307,2649800
2018-04-27,78.70082092285156,78.97944420162776,77.07423918015115,77.11189376958325,2214600
2018-04-30,77.97034454345703,79.06979046428852,77.59382173172231,78.85893860896222,2979300
2018-05-01,77.72184753417969,78.0305990349799,76.81819497454322,77.54111817130897,2001900
2018-05-02,76.1103286743164,77.6088880087382,75.87688634579116,77.39803613196923,2563900
2018-05-03,77.07421875,77.77455141269964,76.07266668753925,76.23833764467197,1959800
2018-05-04,78.1134262084961,78.4598265109938,76.9913840762884,77.15705503515302,1521100
2018-05-07,77.6842041015625,78.49748916371773,77.17965907112664,78.36947276216257,1437800
2018-05-08,76.69770812988281,78.01553818622197,76.59228218499833,77.69926035156853,1832000
2018-05-09,77.60890197753906,77.88753100500996,76.52451988108069,77.2173206709565,1511000
2018-05-10,78.18873596191406,78.54266835813158,77.6917230450258,77.6917230450258,1232600
2018-05-11,78.99451446533203,79.27313776572883,78.12097848121928,78.43726211925427,2677300
2018-05-14,78.919189453125,79.14509970964346,78.42217654727573,79.05473790514911,1455700
2018-05-15,78.31676483154297,78.72341026144848,77.27756367419576,78.36194574199348,2170200
2018-05-16,78.98698425292969,79.10747435506512,78.22640628273156,78.3845452328211,1675800
2018-05-17,78.97190856933594,79.49150622148038,78.48242769084601,79.0698024469207,1784700
2018-05-18,78.06825256347656,78.97943724367927,77.631484643791,78.97943724367927,2499500
2018-05-21,78.85894012451172,78.89658895923944,77.93269146191909,78.41464021057926,2081800
2018-05-22,78.90412902832031,79.76260068303462,78.39958977858666,78.89659696249781,1749400
2018-05-23,78.73094177246094,79.0321555003827,78.3995997774067,78.85142611457293,1856400
2018-05-24,78.58787536621094,78.95686627098686,78.06074550224534,78.7535463935386,1562600
2018-05-25,79.41620635986328,79.77013879165526,78.36194113088042,78.5426762526146,1758300
2018-05-29,78.9417953491211,79.95840606555936,78.67069839203306,79.03968923823699,2011400
2018-05-30,79.38610076904297,79.76262373502624,78.03814786138875,79.06982285648532,2165400
2018-05-31,75.94469451904297,79.092427301087,75.54558102377112,79.092427301087,6930200
2018-06-01,75.9597396850586,76.78055693329293,75.63592972812118,76.44921490890559,1853300
2018-06-04,76.32117462158203,76.60733564235,76.05760979609755,76.10279069609994,1423800
2018-06-05,75.91453552246094,76.6600549054423,75.62838022346622,76.6600549054423,1425500
2018-06-06,75.8693618774414,76.15551720381363,75.0937256479645,76.0350328672876,2044800
2018-06-07,77.44377899169922,78.05985905553308,75.77807416384732,75.9301966383538,3113800
2018-06-08,78.5466537475586,78.65314240064731,77.33731031895526,77.39815931989735,1799200
2018-06-11,78.82806396484375,79.1399106948024,78.37931570803016,78.47058339260013,2223700
2018-06-12,78.74442291259766,79.04105458685855,77.80128645604714,78.91175479097684,1982700
2018-06-13,78.25762176513672,79.16273170304706,78.15874650078801,78.9953998688573,1942300
2018-06-14,77.61111450195312,78.32607565892617,77.26884327020079,78.15874383045339,2381900
2018-06-15,78.67595672607422,78.81286407223087,77.38294161173258,77.64914872845941,3448800
2018-06-18,76.6223373413086,78.47819096592222,76.21161535211316,78.2271932276007,2222500
2018-06-19,77.83927917480469,78.21957662428773,76.35612144297231,76.50063633069699,2225300
2018-06-20,77.31449890136719,77.83170384045475,76.85814296755595,77.67197955376484,1787200
2018-06-21,76.16600036621094,77.26886104889469,75.57273705812557,76.43220751690556,2918300
2018-06-22,76.79728698730469,77.58830657541218,76.05950882325828,76.13556717150554,2224900
2018-06-25,79.0106201171875,79.19316712669658,76.62235187014005,76.62235187014005,2535300
2018-06-26,78.58468627929688,79.19316468648388,77.41336911733401,79.01822525848156,2068200
2018-06-27,78.6455078125,79.34525367435248,77.45897591318695,78.38690254875914,2237300
2018-06-28,79.50501251220703,79.82446109220372,78.4858177656803,78.63793447914139,2178100
2018-06-29,80.12108612060547,80.71435518096246,79.04104245684614,79.45937208859526,2044500
2018-07-02,79.83965301513672,80.15149392786293,79.24638988122136,79.67232119728799,1653200
2018-07-03,79.55826568603516,80.44055900241321,79.3833320200205,80.35689305679524,1201200
2018-07-05,81.208740234375,81.28480439038881,79.82445731697716,80.05263817925784,2661300
2018-07-06,81.26958465576172,81.8324234006707,80.92731918451925,81.29240158012722,1990900
2018-07-09,79.97657775878906,81.22395328715083,79.86248733059787,80.83604815245289,1747500
2018-07-10,79.679931640625,80.05262155560263,78.47058260627834,79.97656321826341,2978900
2018-07-11,79.9537582397461,80.30363128606912,79.48218719319938,79.74078673935465,1895000
2018-07-12,79.96135711669922,80.46335264512145,79.56585023605611,80.19714553287322,2023300
2018-07-13,80.33406066894531,81.15549900886322,79.67234080898885,79.8092481661219,1947200
2018-07-16,80.16671752929688,80.57743954290153,79.56584675770189,80.3796832097853,1669100
2018-07-17,80.98056030273438,81.05661865129171,80.14390686284358,80.18193313568223,1669500
2018-07-18,79.02582550048828,80.54701557440383,78.94976715736843,80.53940799922795,2088900
2018-07-19,78.7596206665039,79.13991819593583,77.69478642351855,78.34129106297688,4612100
2018-07-20,79.61910247802734,80.0906735715778,78.50102665176848,78.69117544391099,2120300
2018-07-23,80.19715118408203,80.25039261028341,78.98780192767892,79.71037077227506,3735900
2018-07-24,80.74478912353516,80.77520782496465,78.34130550894585,78.5162449580101,4215200
2018-07-25,80.89690399169922,81.25438465556734,80.22758232082492,80.67633069265547,2457300
2018-07-26,82.18991088867188,82.67669132539628,80.96535222047692,81.17832373906431,2379300
2018-07-27,82.1747055053711,83.04939113957165,81.40650273416392,81.81722483551584,2207200
2018-07-30,82.1518783569336,82.44090240583036,81.49776610685346,81.68030730600509,2099500
2018-07-31,86.60134887695312,87.24024590420657,82.23553511541624,82.23553511541624,6699000
2018-08-01,85.44524383544922,86.28190302006122,84.70747152255987,86.28190302006122,4284300
2018-08-02,87.74986267089844,87.8031040981464,85.48328661902704,85.51371112072307,2880100
2018-08-03,88.7614517211914,90.88351288692985,87.8487398619596,87.8487398619596,3247200
2018-08-06,88.68539428710938,89.34711416379204,88.15297999751219,88.28227978171714,2160100
2018-08-07,86.70783996582031,88.30508848882522,86.43402527011891,88.23663771633987,1733700
2018-08-08,85.2855224609375,86.65459589766914,85.25509796202348,86.45683955616795,1703300
2018-08-09,84.58578491210938,85.59737784206571,84.54015106058306,85.14862369149544,1601900
2018-08-10,83.7339096069336,84.88240980302163,83.5741853364122,84.30435591717281,2372700
2018-08-13,84.44886779785156,84.76831632738912,83.04937568585102,84.06857027138884,3184400
2018-08-14,84.52493286132812,85.04213777054446,84.23590880727907,84.50972351232772,1478300
2018-08-15,88.57889556884766,88.77665189938078,83.98490093946273,84.25110803659607,6018500
2018-08-16,89.9479751586914,90.24460677359356,88.1986041657321,89.1797725084392,3645400
2018-08-17,90.93675231933594,91.0812672516465,89.65135048946759,89.78825784563539,3429800
2018-08-20,89.83389282226562,91.63650540057989,89.65135161271495,91.09647774240507,2211300
2018-08-21,88.94400024414062,89.7502292602345,88.1986144309153,89.65135397805261,2175900
2018-08-22,88.18339538574219,88.94399046534215,88.0160635397694,88.94399046534215,1283200
2018-08-23,88.37357330322266,88.68541437121323,87.5064950907273,88.01609256944474,1119800
2018-08-24,88.48761749267578,88.87552255861836,87.9475957513608,88.28225940063511,1198700
2018-08-27,87.64337921142578,88.95159795804278,87.39998900241793,88.73103047730969,1335900
2018-08-28,87.70423126220703,88.57130933197887,87.51408246089073,88.00847050488929,1217500
2018-08-29,87.5597152709961,88.33551976642222,87.49886626664255,87.91719011509215,1924700
2018-08-30,86.99685668945312,87.83351585751595,86.61655917774439,87.46842769300858,2841900
2018-08-31,87.879150390625,88.03887465044873,86.85995003376175,87.18700612850927,1679000
2018-09-04,86.46441650390625,87.65855009961233,86.22102640168838,87.51403523168123,1902000
2018-09-05,88.75384521484375,88.88314499081176,86.07654717887482,86.08415475477887,3171900
2018-09-06,89.0300064086914,89.47496018838046,87.5416959800028,88.1554338081113,2511000
2018-09-07,88.58506774902344,88.8689167329705,88.17846882917779,88.61575523299808,1312500
2018-09-10,88.76152038574219,89.49033501762305,88.66179044482861,89.037701910007,1152700
2018-09-11,88.3395767211914,88.84590559131817,88.22450011565009,88.67712735026282,967400
2018-09-12,89.22950744628906,89.37527156473237,87.86394629363198,88.27054530503658,1104100
2018-09-13,89.0300064086914,89.15275046249047,88.1554338081113,89.15275046249047,1358200
2018-09-14,89.33688354492188,89.39825850801003,88.37025421495741,89.12975036079767,1175300
2018-09-17,89.82788848876953,89.96597925524812,88.64645241816794,89.33690039752115,1394100
2018-09-18,89.81253051757812,90.19611525641686,89.083721855,90.19611525641686,1525600
2018-09-19,89.10675048828125,90.05036582151959,88.89961141793363,89.78953096616577,889200
2018-09-20,89.58238220214844,89.69745880066256,88.82288601681752,88.8689143150076,1166600
2018-09-21,89.54402160644531,90.08103789501888,89.4442858292541,89.86623137958945,2131900
2018-09-24,87.44198608398438,89.35990991949602,87.38828445071161,89.25250079991145,1817900
2018-09-25,86.31426239013672,87.94833170247375,86.20685910311214,87.94833170247375,1507400
2018-09-26,86.74383544921875,87.4956639639704,86.15311764358617,86.52135564233343,1231900
2018-09-27,86.62877655029297,87.64911336664268,86.33725425406676,86.72083899527745,1062000
2018-09-28,87.18114471435547,87.19649138262095,86.40630185204076,86.40630185204076,1865600
2018-10-01,87.15045166015625,87.67212714009575,86.69015114327755,87.26552825263559,1130300
2018-10-02,87.92529296875,88.00968207825524,86.96633113622549,87.20415179771925,1433600
2018-10-03,86.33726501464844,88.8765944449783,86.1991742564802,88.50835632522259,2107300
2018-10-04,86.22220611572266,86.35262356604473,84.95637488137626,85.59312716665313,1838700
2018-10-05,87.03538513183594,87.56473400662787,86.3526046846889,86.3526046846889,2227900
2018-10-08,87.66445922851562,88.12476562690298,85.8309245282,85.88462616093999,1451000
2018-10-09,87.54170227050781,88.67710972514676,87.36525073001005,87.74883543688178,1481500
2018-10-10,86.64411926269531,88.37025051935262,85.15580866176073,85.68515745344125,2526800
2018-10-11,82.95403289794922,87.38827736253778,82.89266378850026,86.78988025784209,3433300
2018-10-12,83.72886657714844,84.0587496482639,82.48605006091483,83.50638675216007,2237100
2018-10-15,84.61113739013672,85.45502279452697,83.58312706428559,83.69053034195127,1389800
2018-10-16,84.44236755371094,84.8796540429387,84.0511093729155,84.7108757746332,1529100
2018-10-17,83.4833755493164,84.6034421934306,82.62414369697869,84.01272431891213,2733400
2018-10-18,83.98973846435547,84.3963374549898,83.14584714072937,83.55245198440382,1856500
2018-10-19,84.56509399414062,86.94331820136372,84.48837236403777,85.96900968822818,4250700
2018-10-22,81.6268310546875,86.22984777747395,80.44538939347436,85.2555392934493,4258300
2018-10-23,79.89302825927734,81.18954653852498,79.5708184861157,80.85199009823836,4400100
2018-10-24,80.71389770507812,82.64716801050284,80.0234440245693,80.11550646631663,3426400
2018-10-25,80.22291564941406,81.84164378825352,80.0157824564758,80.91336938093971,2931500
2018-10-26,78.48912811279297,79.99277998370643,76.96246208795861,79.70893094796185,3785900
2018-10-29,78.48145294189453,79.63220734952911,77.69893666700084,78.90339271287013,2380400
2018-10-30,81.49641418457031,81.7419081772675,79.02612759072059,79.08749669911603,2894400
2018-10-31,80.01578521728516,81.31997109169099,79.3406722773714,81.17420700638432,2501300
2018-11-01,81.34298706054688,81.48875114911347,79.87002291822071,79.87002291822071,1828700
2018-11-02,80.9210433959961,81.97973522455348,80.19222884151417,81.82630366205146,1666900
2018-11-05,81.98741912841797,82.20222568482926,80.71391475392292,81.20490284087434,1567800
2018-11-06,82.07180786132812,82.51676178903102,81.59616059366819,81.74192469326584,1632400
2018-11-07,82.4630355834961,82.585785494597,81.31995483829893,82.2559024248107,1639300
2018-11-08,82.24823760986328,82.7008706376259,81.65751969736873,82.21755012891,1187700
2018-11-09,83.96670532226562,84.21219934536026,82.39401124879781,82.60881778737571,2234200
2018-11-12,84.68016815185547,85.37062187938528,83.78258123258614,83.91299864416432,2141500
2018-11-13,84.36563873291016,85.37062899882378,83.77491488502311,84.67250773218557,1423200
2018-11-14,85.1404800415039,85.83860129504203,84.3579638153834,84.40399211584723,1452400
2018-11-15,84.99472045898438,85.10979706928443,83.93602852091085,84.89499051834541,1610200
2018-11-16,85.36296081542969,86.05341464220452,84.6494928366023,85.2709042072195,1394900
2018-11-19,84.7338638305664,86.29122273832483,84.2658899955077,85.0023778218258,1672100
2018-11-20,85.61611938476562,86.46000470708712,84.45002426078233,85.04841556473686,1790300
2018-11-21,84.90264129638672,85.89996391872117,84.61111901361495,85.38596179395054,1432100
2018-11-23,86.55205535888672,87.31922479332218,84.6955067322821,85.03305730336767,1111000
2018-11-26,86.70549011230469,86.88961499756863,85.53939510415893,86.40629449004891,1865200
2018-11-27,88.56971740722656,88.6771206701639,86.70549526761593,86.74385608425305,2311700
2018-11-28,87.4803237915039,88.83054354419528,87.28853144578788,88.27050731936784,1921100
2018-11-29,88.18614959716797,88.51603278329918,87.18883255640476,87.49570158934728,1329000
2018-11-30,88.50835418701172,88.66178575769672,87.61076135408281,87.89461619819322,2237000
2018-12-03,86.8359146118164,88.53903178012725,86.03805765670509,88.53903178012725,2177900
2018-12-04,86.31426239013672,87.67215014925621,85.9920466760228,87.32692613425435,2532000
2018-12-06,87.39791107177734,87.43660999424641,85.26927545356735,86.26779387397247,2123100
2018-12-07,87.8546142578125,88.11778824119972,86.99541887941274,87.49855221265574,2327100
2018-12-10,88.00167846679688,88.28807296620592,86.12847442440058,88.13326544790526,2570700
2018-12-11,89.60396575927734,89.97550618724308,88.12552847885699,88.21067439058427,2033500
2018-12-12,88.1797103881836,90.00646753075408,87.93975695263927,89.58848012638335,2667400
2018-12-13,91.6474609375,91.7867900821346,88.42741221951334,88.78347427679532,2746000
2018-12-14,90.88887023925781,91.63969902869076,90.2773705644158,91.29137919497727,2226200
2018-12-17,88.38095092773438,91.27589370916878,87.8236344766502,90.82694368962568,1742400
2018-12-18,87.80815887451172,89.68909900382984,87.20440133519219,88.68283250127875,1711900
2018-12-19,88.14872741699219,89.92130092731885,87.42886137048859,87.92425242340212,2855600
2018-12-20,88.29579162597656,88.91503334550957,87.08053462345255,88.14872038884396,3202800
2018-12-21,89.75102233886719,90.60248137265734,86.87156363510357,87.97071232623334,5489600
2018-12-24,82.7071762084961,89.15500904983205,82.69943406104183,89.15500904983205,2668900
2018-12-26,85.72594451904297,85.7414229038202,82.50589717694812,83.30317277284644,2265500
2018-12-27,87.366943359375,87.41338442587458,83.98434591851061,85.2150814249675,1922800
2018-12-28,87.63011932373047,88.907301832046,86.95669431612076,87.66108200396249,1695700
2018-12-31,88.1951904296875,88.46610653828671,86.74771592727423,87.80816573010914,1876200
2019-01-02,86.53097534179688,87.5062791515102,85.92721780905501,87.31276681893767,2634400
2019-01-03,85.64082336425781,87.28954642601327,85.3079818929519,86.1284723501361,3264800
2019-01-04,86.60063934326172,86.97218563051452,84.93643796150874,85.77240677315375,2257400
2019-01-07,87.76944732666016,88.31127946007821,86.57741072761308,86.75544466032322,1729700
2019-01-08,88.97697448730469,89.15500844437464,87.15795961276558,88.51254603718188,2753800
2019-01-09,88.2493667602539,89.37947808611203,87.82363726175046,88.9692328814784,1982200
2019-01-10,90.30060577392578,90.35478899566581,87.9552311329632,88.41192334951054,2358400
2019-01-11,90.71858978271484,90.76503676373608,89.9368041194532,90.43219527647128,1688900
2019-01-14,89.9832534790039,90.52508576139708,89.41045850825556,90.05291509865633,3143400
2019-01-15,90.33155822753906,91.05142437077362,89.78972603608422,89.96775998786394,2000800
2019-01-16,88.81442260742188,90.50959260884784,88.62091026590852,89.93679773151614,2878700
2019-01-17,88.52802276611328,88.99245117654463,87.77719398157755,88.69057241448787,2400100
2019-01-18,90.4631576538086,91.31461083293736,89.90584112767968,90.21546207614334,2683200
2019-01-22,89.19371032714844,90.64892099756544,88.25710540493674,90.47088704638121,2886400
2019-01-23,86.80964660644531,88.63640377263528,84.68875277657442,85.97367178689494,4922000
2019-01-24,86.26005554199219,87.27405823122926,85.67177642276171,86.78640930014,3128000
2019-01-25,83.69021606445312,86.86381715071438,83.65151123556682,86.25231746858282,3053800
2019-01-28,83.63603973388672,84.7661511451923,83.42704308953637,83.59733490181348,2571400
2019-01-29,83.71343994140625,84.43330608652316,83.16386560134272,83.7753653078853,2460200
2019-01-30,83.49673461914062,84.34818801986893,83.20259198405871,84.00760429736563,2305300
2019-01-31,86.21361541748047,86.56194117209694,83.31093032331621,83.35737730058185,4330900
2019-02-01,86.49227905273438,87.09603664508718,86.16717971924106,86.37617046062154,2203000
2019-02-04,87.28955078125,87.3050350767967,86.56968458206794,86.77093908547594,1895000
2019-02-05,86.86380004882812,87.43659478930063,86.31422583890462,87.25856678474068,2021900
2019-02-06,88.36548614501953,88.5202936694766,86.37617343202224,86.678058144112,2173200
2019-02-07,87.7462158203125,88.31901056194346,87.12697411196305,88.11775612090089,1735800
2019-02-08,89.54977416992188,89.56525255900446,87.5140205321697,87.67657019241317,2204600
2019-02-11,90.40123748779297,90.43220017497482,89.40271297191077,89.40271297191077,1955200
2019-02-12,89.78972625732422,90.71084689059504,89.54203069697341,90.5637756216115,2118900
2019-02-13,89.85938262939453,90.33155318653886,89.55750386735505,89.58073030757379,1765400
2019-02-14,90.44767761230469,90.9353325483672,89.02342945012597,89.44141686438155,1511900
2019-02-15,91.67840576171875,91.91061702050933,90.61021389248752,90.94305534506239,1854000
2019-02-19,92.55307006835938,92.80076559610471,91.1210801140339,91.65517599485521,1964800
2019-02-20,91.78677368164062,92.71563054288347,91.4848949064603,92.58404357022084,2270900
2019-02-21,92.67693328857422,92.76981543305548,91.25267938273882,91.82547426064262,1540300
2019-02-22,92.18927764892578,92.58404447630498,91.29138346167407,92.0112496031171,1571600
2019-02-25,91.16751861572266,92.53758907872097,90.89660256260993,92.53758907872097,1696200
2019-02-26,91.15979766845703,91.57004882203162,90.96628531330103,91.31461109589888,1192700
2019-02-27,90.30833435058594,91.11334636634302,90.21545221007442,90.67988062921526,1349800
2019-02-28,90.43218994140625,90.71858443075394,89.96001934999039,90.47088886685773,1663600
2019-03-01,89.54203796386719,90.56378297142624,89.06986734089011,90.43219598614502,1790700
2019-03-04,90.13031768798828,90.32383004585117,89.11630891702735,89.86713781041993,1644300
2019-03-05,90.31607818603516,90.865652514605,90.06064048379727,90.29285765047315,1389100
2019-03-06,89.8903579711914,90.17675838561667,89.34078358583089,90.12257516186361,1139600
2019-03-07,89.95281982421875,91.13990077407898,89.51547515190829,90.20273191673533,1456500
2019-03-08,90.49951171875,90.55417980946629,89.74977534962301,89.82006629961539,1255300
2019-03-11,91.83497619628906,91.88183881370698,90.36674328198038,90.53855897630501,1248000
2019-03-12,91.98334503173828,92.63936791806557,91.77248415014559,91.88182030480455,1021700
2019-03-13,92.52222442626953,92.75651364302273,91.92868101875523,92.16297619388224,1043400
2019-03-14,92.50660705566406,93.0845335996814,92.18640998626856,92.67061726300287,1296700
2019-03-15,93.86553192138672,93.91238858697446,92.35824760843332,92.35824760843332,2872100
2019-03-18,93.3813247680664,94.01391358861868,93.02988785850972,93.64685977661806,988800
2019-03-19,93.67027282714844,93.77179757240921,92.98301006423046,93.32664144568945,1387100
2019-03-20,93.3813247680664,93.92020025720389,92.55349189589919,93.92020025720389,1487800
2019-03-21,94.85736846923828,94.96670466049015,93.18607987910214,93.18607987910214,1220700
2019-03-22,95.31815338134766,95.97417056916268,94.49031450738349,94.81051762884742,1393400
2019-03-25,95.20878601074219,95.57583972181699,94.8339149130315,95.27907098997758,1555300
2019-03-26,96.12255859375,96.91915174966464,95.45091853988772,95.49777520836035,1064000
2019-03-27,96.3333969116211,96.34901976968956,95.42746777000971,95.75547628895308,1245800
2019-03-28,96.755126953125,97.23152284292092,96.5208317436476,96.68484196530659,999100
2019-03-29,96.76295471191406,97.06753496061039,96.0991261175343,96.71609208708531,1872300
2019-04-01,95.88043212890625,96.80198415518372,94.89640654367545,96.6770310789023,1776200
2019-04-02,95.78673553466797,96.2475086490656,95.33376789251807,95.67739933944223,1167400
2019-04-03,95.0994644165039,95.60710011236571,94.49811539476777,95.56024344942855,1115200
2019-04-04,95.27130126953125,95.51340798464842,95.00577217612239,95.40407177461225,673400
2019-04-05,95.21660614013672,95.43527849814551,94.4746812171248,95.12289282006147,1259400
2019-04-08,94.99793243408203,95.20879931800887,94.5996329542895,94.97450410439566,1171100
2019-04-09,94.76363372802734,94.99011750393994,94.318477605268,94.76363372802734,1314300
2019-04-10,95.0135726928711,95.19319389227756,94.58403337537585,94.58403337537585,895600
2019-04-11,95.72422790527344,95.82575264007171,94.85734407020094,95.56803508891088,1307000
2019-04-12,96.20063781738281,96.26311733641961,95.31032552542061,95.74767024192839,928000
2019-04-15,96.06004333496094,96.44271988803199,95.84137101892034,96.11471141397108,1004600
2019-04-16,96.3099594116211,96.45053532897803,95.24002015405019,96.33338773811825,1225100
2019-04-17,96.4114990234375,96.7317020906408,95.9975826357844,96.37245379270838,1174500
2019-04-18,96.48959350585938,97.43457381277462,95.59928128419132,96.59892967635375,1405000
2019-04-22,101.72212982177734,103.45589759434446,99.91026563641539,99.91026563641539,6569300
2019-04-23,98.10621643066406,101.9173775217101,97.94221217034672,101.52688948522845,5403900
2019-04-24,97.15343475341797,98.1999399398025,97.130006422137,98.0593639937415,2602200
2019-04-25,96.8488540649414,97.09876619469696,95.91949053942457,96.57551360401739,1875300
2019-04-26,98.19993591308594,98.19993591308594,97.03628315963729,97.33305194098578,1722100
2019-04-29,97.81725311279297,98.54356109879181,97.53610124993055,97.90316095746618,1124300
2019-04-30,100.26172637939453,100.40229637256401,97.87193520313105,97.9344147279011,1934200
2019-05-01,97.98905944824219,100.16017176991492,97.98905944824219,99.88683136221763,1526800
2019-05-02,99.38703155517578,99.44950512197738,97.65326346095276,97.95003226798062,1013800
2019-05-03,99.574462890625,99.73846717332216,99.121495276485,99.35579051369545,1073900
2019-05-06,99.88683319091797,100.20703025769001,98.52793659750601,99.20738191502494,1821000
2019-05-07,98.54356384277344,100.1679895909757,97.92659201311079,99.35577969606194,1174300
2019-05-08,99.09806060791016,99.77751198567466,98.02812116534707,98.60604779127897,1047100
2019-05-09,98.71537780761719,99.34015509725027,98.1765024051699,99.19957916436726,1184200
2019-05-10,99.5276107788086,99.7228548326224,97.76260286398654,98.33271812280817,942100
2019-05-13,99.98057556152344,100.26953293956437,98.40300031502092,98.69196365143735,1538500
2019-05-14,99.61351013183594,100.70687197311605,99.18397086677935,99.66036679406932,1272300
2019-05-15,100.48820495605469,100.65221519935572,99.42607686078631,99.96495233866709,1138200
2019-05-16,100.52723693847656,101.20668228070329,100.02741274896808,100.74590927658973,1248100
2019-05-17,100.69124603271484,101.21451052297877,99.82436801604429,100.05085180720145,1028100
2019-05-20,101.61279296875,101.99547551810716,100.37104392605346,100.58971626375794,1495100
2019-05-21,101.58939361572266,102.0111155539345,101.33167001918962,101.78463768127023,1427600
2019-05-22,102.29225158691406,102.66712871456414,101.43318498207057,101.93300923552049,1049600
2019-05-23,102.23758697509766,102.59682931778168,101.5737525048012,101.9173839051076,1187400
2019-05-24,102.0189208984375,102.89361039545996,101.9408185147388,102.32350112806144,871900
2019-05-28,100.44914245605469,102.84674480995473,100.31637794868476,102.2453898745442,1720900
2019-05-29,100.29295349121094,100.52724871427725,99.59788521005595,100.50382038364563,1243400
2019-05-30,101.69869995117188,102.03451392525842,100.339797363982,100.51161304454907,889300
2019-05-31,99.8790283203125,101.4644087764485,99.77750357703577,101.4644087764485,1474900
2019-06-03,102.331298828125,102.40158381806562,99.9649421661262,100.28514523152202,1793700
2019-06-04,102.64366912841797,103.28407516326894,102.16728521235541,102.45624251665512,2108000
2019-06-05,104.26028442382812,104.64296691136762,102.37812961278699,103.00291272676601,1504700
2019-06-06,105.13391876220703,105.54318726188899,104.33112609228597,104.52002201738641,1193500
2019-06-07,106.1806869506836,106.8654151152315,105.46447012948762,105.66123220062474,1813600
2019-06-10,106.02330780029297,106.25941274072113,105.02375285132159,106.2121917526355,899000
2019-06-11,105.94459533691406,106.81035346020862,105.49597194318689,106.01542681716363,1148300
2019-06-12,107.28256225585938,107.43210336886665,106.2987517854485,106.78671793576264,1244900
2019-06-13,108.0774917602539,108.13257890321407,106.84182001108073,107.49507162244288,1464900
2019-06-14,108.33720397949219,108.94323459067706,107.77052818892544,108.07748858410379,1374700
2019-06-17,107.98304748535156,108.53397901146634,107.04645788625317,108.19555393449818,2083200
2019-06-18,107.10155487060547,109.38399057937589,106.24367493953164,108.95898969911198,1780100
2019-06-19,106.94414520263672,107.2274831196443,105.61403142583467,106.88904604766573,2401000
2019-06-20,107.28256225585938,107.72330742509861,106.47190338899323,107.37700421800916,1853000
2019-06-21,106.71589660644531,107.66035234591993,106.33811671253672,107.57377653591938,2792500
2019-06-24,108.4474105834961,108.59695172421058,107.11730866895759,107.41637894097919,1468400
2019-06-25,107.69182586669922,108.51822902606644,107.55802908994904,108.11682668641129,1212800
2019-06-26,105.0001220703125,107.34552276419974,104.88993578293268,107.32191227471868,1306200
2019-06-27,105.40150451660156,105.97604640000453,104.85057312091352,105.09455616690367,1286700
2019-06-28,104.89781188964844,106.42468773769731,104.89781188964844,105.72421512806112,5526900
2019-07-01,106.58211517333984,106.78674347674192,105.11033820059899,105.6376592977339,1950000
2019-07-02,107.09369659423828,107.51083134407403,106.29090375084938,106.52702070589402,1182600
2019-07-03,108.88813781738281,109.12424270139614,107.84136213044214,107.90432743598038,1358900
2019-07-05,107.87287902832031,108.612706632686,106.73166096196003,108.48677597462193,872500
2019-07-08,108.99835205078125,109.15575935028967,107.7705462920385,107.7705462920385,1443800
2019-07-09,107.72330474853516,108.80156916370971,107.00709987101926,108.80156916370971,1175700
2019-07-10,108.45526123046875,109.20295473488076,108.01451609142185,108.21914433186382,1291000
2019-07-11,108.15621185302734,108.54186997145233,107.16453498917338,108.41593931938606,921700
2019-07-12,109.21084594726562,109.32103225730367,108.21130299528023,108.612693408403,1079100
2019-07-15,109.59651184082031,109.91132646065734,108.85668427385457,109.36039487123858,975200
2019-07-16,109.02194213867188,110.67473648825332,108.89601151887379,110.01361874842074,1421700
2019-07-17,108.63629913330078,109.14787583400194,108.10897810059768,109.13214351140654,1604400
2019-07-18,108.2506332397461,108.30573239306896,107.36914286182564,107.90434202656712,2152600
2019-07-19,106.8339614868164,108.6992624800914,106.755251837641,108.60482050860598,1496900
2019-07-22,105.66911315917969,107.21959945763996,105.23624614957748,106.9677502162026,2559300
2019-07-23,106.29090118408203,108.13259177202319,104.70105986854144,107.43211909493068,4423100
2019-07-24,105.97605895996094,107.50293472997392,105.47234848000456,107.02283474053071,1833800
2019-07-25,106.5584945678711,107.32193256383157,104.87421127985053,105.31495651269226,1518300
2019-07-26,107.95941162109375,108.25061564301873,106.06262237534662,106.8732811467084,1834300
2019-07-29,108.8094711303711,109.39975759219952,108.06177734727021,108.33723715714484,1186300
2019-07-30,108.84879302978516,110.1867728698957,108.58119946364408,109.10064226573994,1493100
2019-07-31,106.76311492919922,108.86454480958123,105.58254228194936,108.60481738605755,1838700
2019-08-01,106.4404296875,107.91220634900735,105.95245151425902,106.37746437452034,1480900
2019-08-02,106.9362564086914,107.77840391508636,106.0311556020209,106.60569753992291,1407800
2019-08-05,105.17330169677734,107.27471988649147,104.4806951289946,106.88119561105269,1614000
2019-08-06,105.87376403808594,106.32237542317522,104.61448167648264,105.18902369961357,1498400
2019-08-07,107.14092254638672,107.86500576849959,104.1422695038145,105.51172628957694,1751900
2019-08-08,109.03771209716797,109.30531775896331,106.88907269633368,107.37703900473329,1329800
2019-08-09,108.90387725830078,109.99000783340405,107.94367730250902,109.3446224164862,1380900
2019-08-12,108.71501159667969,109.89558432983327,108.36083016920811,108.89602938646264,881800
2019-08-13,109.73028564453125,110.69835180646638,108.40017193723692,108.93537109001936,2010700
2019-08-14,107.59740447998047,110.67475495239043,107.48721817162573,108.90389584778474,1888500
2019-08-15,109.61224365234375,110.14743084680757,108.03814671417027,108.36082745934684,1307600
2019-08-16,110.75347137451172,111.53265375154842,110.09235348397566,110.20253979906501,1660500
2019-08-19,112.34332275390625,112.67388172850383,110.80856835907711,110.93449901875486,1678200
2019-08-20,110.30485534667969,112.63452446275171,110.13170369571584,112.62665830022006,2087600
2019-08-21,111.6900634765625,112.01275626681607,110.7141189436278,110.94236975016145,1144300
2019-08-22,111.58773803710938,112.39839705073821,110.98958548619517,111.92617514509246,989200
2019-08-23,108.93536376953125,111.80808541066898,108.27424604529092,111.38308459063009,1427500
2019-08-26,110.38355255126953,110.83217596251737,109.32891043945449,109.7066903582794,1111500
2019-08-27,111.08401489257812,111.43031812316697,110.45437374690805,111.11549154562894,1346500
2019-08-28,111.72152709960938,111.89467872249877,110.65901887850434,111.11549641949654,860400
2019-08-29,111.63494873046875,112.54006164927263,110.5252075390323,112.38264235250242,1057800
2019-08-30,111.0604248046875,112.20952100735516,110.64329002104299,112.18589850146961,1316700
2019-09-03,111.375244140625,111.64284979436569,109.94282191965289,110.98959800891377,1526900
2019-09-04,112.29608154296875,112.32757021029138,111.39884667479915,111.5719983168501,1295100
2019-09-05,110.57575988769531,113.09677942157093,110.4172080149931,112.37535448953344,2360100
2019-09-06,109.44207763671875,111.01968474220449,108.91092233066142,110.72636323952216,2134500
2019-09-09,105.65264892578125,110.08423819305648,104.69339019958892,110.08423819305648,3430900
2019-09-10,103.97196960449219,104.97879272122147,103.4883785418174,104.7409588696756,3040400
2019-09-11,104.57450103759766,104.61414203557173,102.4340202110736,103.88478154370445,2624700
2019-09-12,105.89842987060547,106.80218899444426,104.96295310916706,105.30385118132378,1728600
2019-09-13,104.97087860107422,106.12831823215149,104.4872874958342,104.71718591130025,1672000
2019-09-16,102.0931167602539,104.59034224337424,101.7046543553699,104.28116183025712,2265600
2019-09-17,104.58240509033203,104.70132806229853,101.99797459580196,101.99797459580196,1925700
2019-09-18,105.50994110107422,105.7002105889731,104.32078401935182,104.99464453768707,1547900
2019-09-19,106.3265151977539,106.97659366774366,105.47032048194808,105.70815436357198,1501400
2019-09-20,107.05583190917969,107.28574236223781,106.23135507296568,106.67530506913708,2773500
2019-09-23,108.47491455078125,109.16462181332322,107.82483618174437,108.538337715814,2271100
2019-09-24,109.243896484375,110.06045002234755,108.31635543920419,108.99020384121836,1518800
2019-09-25,109.06951904296875,110.10804791171188,108.52250469916122,109.36284066633552,1894100
2019-09-26,111.0751953125,111.2575293375243,109.378665092399,109.51343477148052,1684000
2019-09-27,112.6210708618164,112.88268680042297,111.6221835390052,112.5972886943729,1546000
2019-09-30,112.61317443847656,113.76269049451044,112.20885330177987,112.27227646237408,1399800
2019-10-01,112.30401611328125,112.84309493894612,111.14656437474586,112.31193947363514,1169600
2019-10-02,110.82149505615234,112.8430642969142,109.32315777826629,112.1850626642183,1864000
2019-10-03,110.76602172851562,111.55879313390338,110.06045566158978,111.08312545197806,1098900
2019-10-04,112.25643920898438,112.2722859279207,110.78980722632943,110.78980722632943,1294500
2019-10-07,111.11485290527344,112.35949783146236,111.00386538257676,112.16924041925819,1212500
2019-10-08,108.6968765258789,111.09104930722255,108.60174783812035,110.77393352014337,1593200
2019-10-09,108.88716888427734,109.51345303820567,108.11024411518535,109.17256710426906,1409400
2019-10-10,109.3152847290039,109.7988759299656,108.12612722795734,108.5462952439216,1140500
2019-10-11,109.109130859375,109.87018462366999,108.62553982502303,109.19633619660999,1154600
2019-10-14,107.10342407226562,109.32317437899559,106.69910290467902,109.32317437899559,1275600
2019-10-15,106.12831115722656,107.64250754444791,105.54166802051536,107.46809685603853,1621500
2019-10-16,106.78630828857422,106.8100904635323,105.52580462886787,106.4374869268797,1513900
2019-10-17,107.51565551757812,107.73763054621762,106.7387429173399,106.7387429173399,1082000
2019-10-18,108.78406524658203,109.22801518398225,106.596021085083,107.3887922866487,1765800
2019-10-21,110.34584045410156,110.63123860925968,108.35597672626315,108.60174599334863,2447100
2019-10-22,102.56876373291016,108.80787054454699,102.56876373291016,108.60967770202504,4576800
2019-10-23,106.46127319335938,106.71496586497146,102.98894245197873,103.50423905818376,2992700
2019-10-24,107.1747817993164,107.87242459534077,106.63569088509763,106.78631940666955,1761100
2019-10-25,106.38990783691406,107.99923263534708,106.3740490235619,107.18267915029901,1891900
2019-10-28,104.55072784423828,107.02417149221417,104.05127783965267,106.57228585059191,1940600
2019-10-29,105.39102172851562,105.95388259428233,103.90854322386394,104.40005757369917,1252300
2019-10-30,105.96975708007812,106.89729821455593,105.13734464757786,106.38992497612195,1122200
2019-10-31,105.34346008300781,106.27100110406796,104.70131722971468,105.69228140991537,1477900
2019-11-01,104.67752838134766,105.97767296923251,104.35250130692496,105.36724771226282,1008400
2019-11-04,102.55290222167969,105.09770357530472,102.27542741075304,104.56653612619019,1697800
2019-11-05,103.3536148071289,103.89270570816174,102.41815025964385,102.51327896705375,1557600
2019-11-06,104.4238510131836,104.97878858041341,103.71828494269175,103.83719581540824,1602300
2019-11-07,104.45555114746094,104.92329544834107,103.6944974079525,104.3207814664382,1224600
2019-11-08,104.21774291992188,105.4703111992139,103.56766450714731,104.47934686027659,1092500
2019-11-11,104.01161193847656,104.74096022169488,103.75793136449,104.23358697698941,610400
2019-11-12,104.13052368164062,104.70924339128493,103.76584353100317,104.05916506524065,1271100
2019-11-13,104.9787826538086,105.56543781846418,104.44762729110859,104.59032033031261,1164600
2019-11-14,104.95500946044922,105.7794864276529,104.59826473518544,104.7805987775679,936400
2019-11-15,104.3525161743164,104.83610727206593,104.01161813980458,104.4397215229838,1190300
2019-11-18,105.05809020996094,106.54056915185528,104.19396001857915,104.19396001857915,1810900
2019-11-19,105.39102172851562,105.52579140196302,104.7647256085026,105.14526455359801,1697900
2019-11-20,106.70704650878906,106.90523937964734,105.35932530956651,105.67644116097946,1200100
2019-11-21,105.7240219116211,106.94488486289357,105.54961119047721,106.46922915710229,1148800
2019-11-22,105.8587875366211,106.68327674952914,104.48729609773092,105.93806953288563,1136900
2019-11-25,105.71607971191406,106.3820048393957,105.13734783273192,106.35822266318083,1382000
2019-11-26,106.68325805664062,106.7149635915505,105.44652445397726,106.02525631248857,2000600
2019-11-27,108.02304077148438,108.23709246463235,106.81010133820106,106.81010133820106,1179800
2019-11-29,108.08647918701172,108.41944181401506,107.69009337914085,108.23710772948021,1107400
2019-12-02,108.05474853515625,108.81580233524292,107.47602877723358,107.83277350206997,1523100
2019-12-03,107.8406982421875,108.3877124724147,107.15099095889175,107.84862160178058,1280800
2019-12-04,108.9981460571289,109.09327475584728,107.36502678316239,107.44430876324888,1502800
2019-12-05,109.04609680175781,109.1659052433329,108.51093211598766,108.80646773056678,1689700
2019-12-06,109.41350555419922,110.48384699710327,109.17387650912997,109.17387650912997,1046700
2019-12-09,109.41350555419922,109.66111776515629,108.64670723562504,109.43746723990219,1617300
2019-12-10,108.72657775878906,109.5972303805611,108.6067693277396,109.39754153678545,976700
2019-12-11,109.34960174560547,109.76495793723987,108.68664553539503,108.7425520717085,1324400
2019-12-12,108.56681823730469,109.82086990075327,108.34316772974063,109.57324552134297,1011100
2019-12-13,108.58280181884766,109.1738729643823,107.75208944798511,108.05562037442017,1168100
2019-12-16,108.48695373535156,109.5173427384793,108.41505649342811,109.02211833877872,2118900
2019-12-17,107.99971008300781,108.52687932106267,107.50447350635687,108.19140355574096,1132700
2019-12-18,107.9837417602539,108.63073166789545,107.52844534344551,108.02368196685742,1057700
2019-12-19,109.22180938720703,109.26973275743647,107.85593239547192,108.27927174988426,1139100
2019-12-20,110.2361831665039,110.7553812764428,109.03805055777052,109.7249804076324,2433800
2019-12-23,109.40550231933594,110.49979305917044,109.237758362146,110.07645377202115,1310900
2019-12-24,109.6131820678711,109.85281108599432,108.99814928660183,109.2697231527237,342000
2019-12-26,109.6131820678711,110.06048306808079,109.32562968373084,109.50935217084694,889600
2019-12-27,110.28417205810547,110.39599733482731,109.64516525339161,109.828875596283,1121300
2019-12-30,109.34159088134766,110.07644414929219,108.87032827278045,110.0604656338049,729800
2019-12-31,109.86878204345703,109.95664560445466,108.598764179249,109.42946423846885,972500
2020-01-02,108.4949722290039,109.88481133019125,107.83998680112067,109.74901215569415,1421300
2020-01-03,108.46296691894531,109.24575581684539,107.52842476585647,107.81597713511746,1352900
2020-01-06,108.70260620117188,109.01412028165134,108.09555655891512,108.5029173755302,1181300
2020-01-07,108.60675811767578,109.21380775240156,108.06359818088869,108.223358989851,1608500
2020-01-08,109.66110229492188,110.27614724662408,108.574794673491,108.91028260208333,1741300
2020-01-09,111.39442443847656,111.49825434421271,109.36557906124304,109.86879882272144,1727500
2020-01-10,112.00946044921875,112.44877833376404,110.74742552090663,111.25862846254854,1270000
2020-01-13,112.54460144042969,113.08776130762436,111.90560703860577,112.0413939583952,1216100
2020-01-14,112.61652374267578,112.66444711467823,111.95355532454938,112.47274143862876,2187500
2020-01-15,113.5510482788086,113.78268193655994,112.76027620048373,112.76027620048373,1245100
2020-01-16,114.5654525756836,114.5654525756836,113.59896560822561,113.79067124406947,1610800
2020-01-17,115.42013549804688,115.61184114885151,114.54949518654713,114.63735875299452,1640000
2020-01-21,115.4920425415039,115.69173139527427,114.26994773147244,115.50003789600056,1493600
2020-01-22,115.33226013183594,116.47448637878942,115.29231993516655,115.73163772245634,2088200
2020-01-23,115.53992462158203,119.1982245777193,110.46783686143678,111.91358169592897,3703300
2020-01-24,114.55747985839844,117.0975279658106,114.31785083875,116.22687545482003,2107600
2020-01-27,114.98885345458984,115.88345576352211,113.51115082326062,114.11820064888718,2425900
2020-01-28,115.73165893554688,116.18695532256558,114.99680549667445,115.12460927422768,1203300
2020-01-29,114.38177490234375,115.95532407123969,114.22202625428154,115.69173331731878,1107800
2020-01-30,115.52398681640625,115.68373544416002,114.12616499449233,114.53352582347033,990300
2020-01-31,114.41371154785156,117.94420844920693,114.38175451111186,115.93932488111594,1712000
2020-02-03,114.84503173828125,115.46805987379872,114.33382885303517,114.78112985412072,1240200
2020-02-04,114.52552795410156,116.19492344766914,114.30986063090175,115.18849625279915,1334600
2020-02-05,115.87542724609375,115.89139357533148,114.41370371036196,114.65332052930357,1214300
2020-02-06,115.44412231445312,116.68219567919556,115.4281437930645,115.94734213984847,1063400
2020-02-07,115.6757583618164,116.00323880011975,115.36423206746109,115.60386111571304,1005200
2020-02-10,116.78602600097656,117.04162137719806,115.82750982303737,115.87544538236592,1241700
2020-02-11,116.01919555664062,117.13744798799569,115.70768150876047,116.6661853339273,1070700
2020-02-12,115.25241088867188,116.00324291205737,114.94089677131406,115.45209973795355,954200
2020-02-13,115.6118392944336,116.29077394423854,115.16452611639767,115.41215048189605,1100100
2020-02-14,116.26681518554688,116.32273390472176,115.2284308966317,115.72366745204434,941400
2020-02-18,114.8929672241211,115.88342825103298,114.63737184855512,115.79556467454854,1381800
2020-02-19,114.83707427978516,115.81155690230636,114.52556014229334,114.92493786666955,1047800
2020-02-20,113.55902862548828,114.90094373831123,113.2794716101767,114.51753245576897,1364300
2020-02-21,112.90406799316406,113.91049529651087,112.72034549639567,113.13570167042845,1562200
2020-02-24,111.92158508300781,113.4232488981699,111.57013081239215,112.40882628762711,2669800
2020-02-25,111.01099395751953,112.93599690899833,110.73942011544554,111.7857874742884,1387500
2020-02-26,110.43589782714844,112.92002717253311,110.12438376336236,111.22666992200756,1703300
2020-02-27,107.04119873046875,111.23466426565535,106.99327536015291,109.94866768067656,2804200
2020-02-28,104.7887191772461,105.94691202875607,101.33010695476364,104.72481728493689,4069200
2020-03-02,112.70436096191406,112.76825065094864,105.53952601027514,105.53952601027514,3094700
2020-03-03,112.45674896240234,114.81308675643795,110.39597109380774,113.15167433431454,2939600
2020-03-04,118.41546630859375,119.09441314915331,114.16608251053306,114.48559192469435,3070500
2020-03-05,115.30181884765625,118.25456095396987,114.1271647890396,116.30752170171318,2588300
2020-03-06,117.83618927001953,118.54419568227284,111.54450675665029,111.9467878704981,3375700
2020-03-09,113.70074462890625,118.69706939530415,111.7939237220226,112.31689655771343,3688100
2020-03-10,113.45936584472656,116.04200365373192,108.23775270280308,115.39031023046225,3858200
2020-03-11,107.94004821777344,112.0674432107579,106.07345835785914,111.02956356179433,2985600
2020-03-12,98.40599060058594,105.91255662803091,97.97957366055759,102.24375533748471,3817000
2020-03-13,107.9561767578125,108.57569324223296,100.75535188356545,102.91962056186857,4477400
2020-03-16,108.3825912475586,112.38125452548705,98.38992296276662,98.38992296276662,4316200
2020-03-17,115.91329193115234,118.14997405575106,107.4573346310283,110.56294547892122,5317100
2020-03-18,108.09293365478516,116.66955715231643,106.33898172078337,111.70540998129148,4329400
2020-03-19,101.70471954345703,109.87907515677834,99.41171216225338,109.24346408826686,4362300
2020-03-20,95.16362762451172,102.52537387881473,94.65675558657232,101.26221131649824,3866100
2020-03-23,90.384521484375,97.97154385365869,89.42709656752649,94.91421094383665,3541000
2020-03-24,94.43951416015625,95.04293584423756,89.03286102697885,93.51427248855649,3076800
2020-03-25,93.61885070800781,97.9071683693823,91.40630483230662,94.60845869858841,3060600
2020-03-26,99.7737808227539,100.29674758882373,93.87633720108036,94.29470693094198,3381700
2020-03-27,100.48177337646484,104.50458440487105,97.78649121509717,98.16463643389895,2288300
2020-03-30,106.54816436767578,106.97459362064276,101.66447828395552,103.75634487759466,2413500
2020-03-31,102.87937927246094,106.33095213386483,102.40468434308895,105.6148922074303,2394600
2020-04-01,101.10128021240234,101.99433852953635,98.76804880750238,100.47371659474857,1951000
2020-04-02,104.01380920410156,104.81033027038633,99.91859019932141,100.11168342524364,2494100
2020-04-03,104.52873229980469,105.71948106357556,102.34836920847215,103.47475765351828,1398400
2020-04-06,107.12747192382812,108.08490308398382,104.31150370061593,106.45164249665252,2270100
2020-04-07,105.71143341064453,108.9699129745963,105.33328817146285,108.55957837053134,2132700
2020-04-08,106.71711730957031,107.328580090887,104.95512433216356,106.8136608338194,1929800
2020-04-09,105.79190826416016,109.68598710807362,105.01148179925987,106.3390047716608,2256900
2020-04-13,106.77345275878906,107.42514616306804,104.87468551493393,105.51832544032648,1858100
2020-04-14,112.71113586425781,113.14560640509319,108.792921176125,109.60552472425823,2554000
2020-04-15,110.76409149169922,112.63872314291824,110.01585443789732,111.60084316711153,1857200
2020-04-16,112.42147827148438,113.13753817346917,110.15261914028082,111.66518780220136,1577000
2020-04-17,114.19954681396484,114.30414381583483,110.43418978972275,113.21798006660414,1949200
2020-04-20,112.4134521484375,113.79730036794435,112.08357863964464,113.53983452401417,1814600
2020-04-21,112.21228790283203,113.29845175335467,110.77211472986811,110.9813087531168,2020200
2020-04-22,114.89152526855469,115.3259836085597,110.46643160277921,113.40307976122506,3091100
2020-04-23,112.9283676147461,116.33971626777013,112.324945875342,114.81104049529169,2415000
2020-04-24,113.97429656982422,114.20761423142612,112.22034439958476,112.7835355453878,1511900
2020-04-27,112.9283676147461,114.44898990697857,112.45367879281008,114.26394401102239,1318900
2020-04-28,113.44326782226562,114.13519179082891,111.64909759133143,113.52372895123715,1513800
2020-04-29,111.80195617675781,113.14557342689325,110.65142597591772,112.96856878061017,2495800
2020-04-30,111.415771484375,112.86398591875734,110.70776508717869,111.67323728455189,3357900
2020-05-01,110.04801177978516,112.27665241091796,109.55722836881318,111.01348392099307,1454200
2020-05-04,109.20323181152344,110.70777158169813,108.97795536147567,110.442264563432,2393300
2020-05-05,110.32962799072266,111.43991557497291,109.1790975610056,109.58943217567383,1992300
2020-05-06,108.43086242675781,110.81235991191846,108.25385774218756,110.23307408544237,1729100
2020-05-07,109.983642578125,111.24681103640442,109.36412629007388,109.71009439568726,1861600
2020-05-08,111.43992614746094,111.9065737814332,110.5709973404071,111.66520262225484,1138100
2020-05-11,111.48819732666016,112.31689546538357,110.66754039087687,111.3916415081502,1428700
2020-05-12,110.88475799560547,112.53410053106579,110.64338690269985,111.83413541061884,1231900
2020-05-13,110.23307800292969,112.2203478967002,109.82275564319623,110.58708738465107,1398600
2020-05-14,109.89517974853516,110.75606744441284,107.98837071134784,110.1767815106714,1396200
2020-05-15,111.54449462890625,111.59276639305635,109.37217930564356,109.94341155027846,1928100
2020-05-18,110.81233978271484,112.34905641204365,109.6698630204322,111.97091122521103,1740600
2020-05-19,108.83314514160156,110.36180859227862,108.71245343129779,110.02389390139147,1104900
2020-05-20,110.1043472290039,110.58707720602726,108.0124804986329,109.16299860668511,1523300
2020-05-21,110.59513092041016,110.97326387872462,109.26759585832339,110.00779164598138,1597500
2020-05-22,112.42955017089844,112.83183135649777,109.69403074283437,110.52272900303723,1442500
2020-05-26,109.42047119140625,113.37087497272637,109.23542530258761,112.92836325890246,2003200
2020-05-27,111.36750030517578,111.37554150773195,108.23775378050779,109.56527652433836,1904200
2020-05-28,113.28238677978516,113.74098095746908,111.67326200244915,112.47782439111715,1961600
2020-05-29,113.79727172851562,114.09495579357531,112.29274444621628,113.45935710088581,1945500
2020-06-01,113.66856384277344,114.80299966291666,113.16168565150802,113.84556853570274,846400
2020-06-02,114.28805541992188,114.32023250407376,112.79961053753247,113.16166104830057,1215700
2020-06-03,113.97429656982422,115.34205000295911,113.71683074508785,115.34205000295911,1417800
2020-06-04,111.64763641357422,114.12833269457994,111.40442822777163,113.54463799668657,1515600
2020-06-05,112.91228485107422,114.03913729508884,109.80735764315939,111.7854324070596,2427300
2020-06-08,112.62046813964844,112.91231551801542,111.12880925914318,111.2423047746146,1959700
2020-06-09,112.34481048583984,112.92850509993055,110.98285226293474,112.8312144175285,1595200
2020-06-10,112.28805541992188,113.13117535177355,111.75301233749016,112.54748074359324,1470500
2020-06-11,111.03958892822266,113.86077087765744,110.67478294365343,113.26897395290833,2108200
2020-06-12,110.20458221435547,112.16643952183253,109.62088769989042,111.29900015141871,1634400
2020-06-15,112.77449035644531,113.10687446855653,108.44543160532281,109.32907606622909,1893700
2020-06-16,114.01481628417969,114.63904762692476,112.81500512299479,114.09588978794187,1450700
2020-06-17,115.15788269042969,116.00910497597137,114.01481311756172,114.37151673208048,1381300
2020-06-18,115.44974517822266,115.82265364607812,114.78497701453416,115.16600025565685,1137300
2020-06-19,116.70633697509766,117.43594927059722,114.85796191100302,117.17652386858954,5321200
2020-06-22,115.16596221923828,116.27659722288512,114.34717444495348,115.69291513423819,1098900
2020-06-23,113.949951171875,116.20365585785224,113.63378432370062,115.54700258626535,1775800
2020-06-24,111.8016586303711,114.07968328018401,111.72869989221108,113.4959886347417,1622300
2020-06-25,112.5150375366211,112.57989386243386,110.96663759937888,112.28804658131608,1306200
2020-06-26,110.97472381591797,113.45541915857574,110.25321430534053,112.67716810248733,2516200
2020-06-29,113.05010986328125,113.52841142138186,111.18553041991555,111.95569167288569,1073300
2020-06-30,114.59040832519531,114.96331675382956,113.3014088894833,113.38248239314112,1504600
2020-07-01,115.02819061279297,115.71727838866032,114.31478325613799,114.43639353015789,954600
2020-07-02,116.09019470214844,116.77116775028377,115.44164364055557,116.03345313317847,1049900
2020-07-06,115.70916748046875,117.08733070816153,114.93901853294182,116.56849235055664,1076400
2020-07-07,115.5389175415039,116.64955287782053,114.89846897714438,115.36866811918227,1313200
2020-07-08,116.2117919921875,116.33338989073069,115.20653734059933,115.43352833126742,1210100
2020-07-09,115.29568481445312,116.62520844756978,115.08491105227937,115.936120872263,1209600
2020-07-10,116.12261962890625,116.56038444713474,114.95523028685477,115.66862526360053,1073400
2020-07-13,115.23084259033203,117.28997842677263,114.87413897218963,116.00910615446813,1473600
2020-07-14,116.70633697509766,116.99006959219903,115.25520241904576,115.30384158940119,1408700
2020-07-15,116.1550521850586,117.54943265163635,115.70917255270825,116.91709876215141,1281800
2020-07-16,116.47929382324219,117.241340219042,115.44973208175756,116.50362577020242,1048900
2020-07-17,117.03868865966797,117.4764658578411,116.49553073385322,117.05490583702894,1212200
2020-07-20,115.67672729492188,117.25756170061452,115.35244564113862,117.11974663653673,1884600
2020-07-21,116.57657623291016,117.3710445515114,115.60375611644838,116.69817410868828,1128800
2020-07-22,116.98193359375,117.38727639042267,115.44973831713051,116.56037362158789,1259600
2020-07-23,119.43830871582031,121.08399946367241,117.54940981846568,117.9061134550587,3576600
2020-07-24,119.4464111328125,120.71107866628151,118.89515087261537,119.79501236682684,1759300
2020-07-27,119.47882843017578,120.15980125560493,118.4411520190232,119.27615706284007,1652500
2020-07-28,122.23515319824219,122.24325559964902,119.57610586753978,119.73824048622583,2568200
2020-07-29,123.25660705566406,123.8159819803117,121.60281422503783,122.2270454683482,1860900
2020-07-30,123.19178009033203,123.23230447126473,121.7730803954576,123.23230447126473,1193500
2020-07-31,123.25660705566406,123.6457449676403,121.94330062045859,122.48645837292108,1908200
2020-08-03,122.89991760253906,123.61331237779865,122.47025530911833,122.89180283129232,1067400
2020-08-04,126.71015930175781,126.718261704372,122.77022686720524,123.22420881520631,1895900
2020-08-05,126.33724212646484,126.92905152650326,125.76976467512999,126.24806621482075,1343400
2020-08-06,126.8479995727539,127.18038369718884,125.83464239100064,126.19944850241525,1093900
2020-08-07,127.4884262084961,128.33964865068498,126.83177278369038,126.87230954190544,1648400
2020-08-10,128.1612548828125,128.8422276657515,127.41542578196342,127.77212934542989,1841100
2020-08-11,126.29670715332031,128.3963923079937,125.79408602791784,127.9910494984547,1643400
2020-08-12,128.769287109375,129.8393979507101,126.58854104611329,126.94524465989164,1096900
2020-08-13,128.46127319335938,129.01253358205008,127.94243479279267,128.67204704137347,837100
2020-08-14,128.2747802734375,128.66391827168468,127.8775522424211,128.43691492100015,1174000
2020-08-17,127.93428039550781,128.80171984268873,127.73160901477351,128.04777587391584,1201700
2020-08-18,127.7802734375,128.4936807971977,126.60478167078492,127.85324455025588,2209100
2020-08-19,127.56137084960938,128.43690032093804,127.30194554693473,128.04777473700537,1065400
2020-08-20,127.7397232055664,128.01535331329174,126.75068588247733,127.27762652195689,746700
2020-08-21,127.52085876464844,127.78027174741895,126.58046041568177,127.58571510286149,1354600
2020-08-24,127.61811828613281,128.169390894689,127.13171437631486,127.5451595551721,1003800
2020-08-25,126.50748443603516,127.82889349056528,126.29669827304411,127.82889349056528,1169600
2020-08-26,126.46696472167969,127.08308137863284,126.04540470898456,126.33725204545324,1238500
2020-08-27,126.62907409667969,127.75592645996403,126.58043494532744,126.92903614681727,899300
2020-08-28,126.87228393554688,126.9371402615848,125.37251077485851,126.56421947938661,897600
2020-08-31,127.89376068115234,128.0153709478394,126.79934250145519,126.80744490453525,1147900
2020-09-01,125.05633544921875,127.84509542962681,124.78880776120627,127.5937849145456,1418800
2020-09-02,126.88042449951172,127.56140994269104,124.88614444686083,124.88614444686083,1365500
2020-09-03,124.27650451660156,127.68849058327538,123.25617196720417,127.11710684665911,1543100
2020-09-04,124.2601547241211,125.9335023135953,122.51334619275138,124.34994447151422,1592800
2020-09-08,121.59917449951172,124.88872622657739,121.0767646396491,124.3173423884829,2038600
2020-09-09,123.62352752685547,124.94588739046625,122.88072221131121,123.10928823206228,1730900
2020-09-10,120.92981719970703,123.75410337355646,120.83186925381322,123.33781214827557,1723600
2020-09-11,121.21552276611328,121.65630100496028,120.19519008289684,121.29715436286378,2101200
2020-09-14,121.21552276611328,122.16239448539405,120.9298246327195,121.83588055362502,1583500
2020-09-15,119.56665802001953,122.07260099216838,119.49319705832181,121.21551907333063,1811500
2020-09-16,120.60332489013672,121.55835480073013,119.64829497954331,119.795216909527,1476600
2020-09-17,119.68093872070312,120.66046806319842,118.67693484540172,119.80338611613153,1450400
2020-09-18,119.15033721923828,120.26861754284253,118.09734720856656,119.20746935686161,1949400
2020-09-21,119.06873321533203,119.8360253498635,117.83617587585572,119.05241686093562,1238800
2020-09-22,119.95845794677734,120.70942117907641,118.80751988690592,118.81567806309812,1075400
2020-09-23,118.21167755126953,120.21968543664093,118.0484143464075,120.08907985484483,1446100
2020-09-24,119.56665802001953,120.12988363683384,117.98309975107281,118.13003412970082,1110900
2020-09-25,119.51771545410156,119.87687463487428,118.68512030369531,119.18304326699645,1013700
2020-09-28,120.44821166992188,121.15835912018316,119.41972097072644,119.96661770837066,1483300
2020-09-29,119.45238494873047,120.75841576587065,119.1911862584422,120.48088826517908,965800
2020-09-30,120.52984619140625,121.06858476588064,119.72989650619351,119.94213364747625,1578800
2020-10-01,120.50537109375,121.33795356708694,119.58298639391096,120.87268835613189,1181700
2020-10-02,120.34210968017578,121.22367859602994,119.03609134409137,119.68093610709334,1101800
2020-10-05,122.0562744140625,122.12973537710344,120.26864958200267,120.26864958200267,1345900
2020-10-06,122.43988037109375,123.6316340203397,121.80319398958237,122.05623441617936,1626400
2020-10-07,123.13374328613281,123.81940380483466,122.08892369899702,122.8317163666414,1139300
2020-10-08,122.69296264648438,123.41943901960097,122.252184407106,123.41943901960097,1342300
2020-10-09,124.47241973876953,124.68464443690627,122.84804574634627,122.92967733690841,1221300
2020-10-12,125.20704650878906,125.97433857390313,124.50505722104974,124.94584785452138,1131100
2020-10-13,125.88456726074219,126.88857114265262,125.1336038937233,125.72947469865176,1856200
2020-10-14,124.5948486328125,126.73346168541987,123.46839750483754,125.4764174561975,1790900
2020-10-15,125.96620178222656,126.52125680129443,124.2765248257876,124.80709285608678,1080500
2020-10-16,125.15811157226562,125.8601010789324,124.62753101133701,125.74582429669526,1357300
2020-10-19,123.10107421875,125.82739968614007,122.78273097501561,125.15806803877346,1132700
2020-10-20,121.23184967041016,124.67649375120818,120.81554597085422,124.30916402683934,1637300
2020-10-21,121.11760711669922,122.0481502737625,120.06461653185303,120.64417113079176,2179200
2020-10-22,112.7181625366211,116.26075378577781,111.04481484079525,114.8894329623223,6301600
2020-10-23,111.73050689697266,113.6732117305189,111.5917431556645,113.10182795594648,2661600
2020-10-26,110.75918579101562,112.15499430944963,109.8449714418548,111.02855518787258,2295100
2020-10-27,110.00001525878906,112.5059581667307,110.00001525878908,111.50195435022208,1899700
2020-10-28,108.55522155761719,109.44494852257164,107.03696627515993,108.60419552556245,2728000
2020-10-29,108.42462158203125,109.49392812126149,106.56353597301968,108.06546252498839,2613300
2020-10-30,108.22870635986328,109.83675138236036,106.971662195413,108.84907649355601,2140000
2020-11-02,109.66535186767578,111.28971338127205,109.13477144719297,109.60004908722105,1965100
2020-11-03,110.48162841796875,111.91825235851887,109.86942880528382,110.24490425946676,1821900
2020-11-04,110.29386138916016,112.44064502207964,110.10612369074408,111.15094320705344,2240900
2020-11-05,109.640869140625,111.60806098659523,109.54290873852196,111.49378423016861,1962500
2020-11-06,111.15910339355469,111.78763173207315,109.66534750035535,109.70615083818676,1681900
2020-11-09,108.28587341308594,111.42033252565042,108.04099107033454,110.32653884395866,3282900
2020-11-10,111.46115112304688,111.87744239751004,107.04514803053836,108.07363894962987,2420700
2020-11-11,112.46515655517578,112.57127514733709,110.69386038768336,112.05702345330471,2335800
2020-11-12,112.75084686279297,113.33038885219143,111.46114485599642,112.66105708842001,2299400
2020-11-13,114.5547866821289,114.56295731484823,112.58758230262052,112.87328043267563,1655400
2020-11-16,115.98324584960938,116.29343094977988,113.18345913674696,113.59975035916096,3730800
2020-11-17,117.40355682373047,117.90147965212647,114.80782410111829,114.80782410111829,3224800
2020-11-18,115.14250946044922,117.86067743132459,115.11802247059543,117.54233410799146,2753700
2020-11-19,115.69754028320312,117.36271734156861,114.77515577366026,116.16280539816982,2377400
2020-11-20,114.08132934570312,116.19546770849158,113.70585396830239,115.59958457289795,2629900
2020-11-23,113.64056396484375,114.27725050696401,112.8732718614599,114.09767097403451,2085800
2020-11-24,113.62422943115234,115.47715681562421,113.50179450815627,114.10582340191192,2575200
2020-11-25,114.84866333007812,115.64860079858036,114.3833980262883,114.40788501831751,1375300
2020-11-27,115.39552307128906,116.70971185952949,114.88944212539816,114.92208728584265,1174200
2020-11-30,113.71404266357422,116.29344685241585,113.5344631026274,115.49350946152884,7673600
2020-12-01,115.32208251953125,115.43635928414918,113.02021841644661,113.86912974571781,1971300
2020-12-02,112.92225646972656,115.39554191367742,112.49780703848704,115.13434322177872,2453100
2020-12-03,113.37471008300781,113.4816432941111,112.24770006318059,112.40400154746959,2363500
2020-12-04,113.02918243408203,113.5721204082127,111.94331903813898,113.32532927885165,2131000
2020-12-07,112.63434600830078,113.17728408775538,111.94334075389715,112.70015782571838,1772300
2020-12-08,112.34642028808594,113.16081475969311,111.19473244646403,111.8363819008354,1733100
2020-12-09,111.6800765991211,112.46158396759706,111.21940649916819,112.28882640395533,2162700
2020-12-10,110.28160858154297,112.12430150647499,110.19111891665081,111.74588675720268,2076100
2020-12-11,111.87751770019531,112.46981144514662,109.95256930526332,109.96079107449452,1816700
2020-12-14,111.87751770019531,113.4405074118438,111.82816198016928,112.49448930515963,1959700
2020-12-15,111.72943878173828,112.46157784048634,111.35102404749722,112.15719667849307,1419900
2020-12-16,111.88573455810547,112.922254842431,111.39216482719135,112.00913640507316,2077200
2020-12-17,112.1407699584961,113.59681397365792,111.3839403765191,112.20656921992715,2452200
2020-12-18,111.1207046508789,112.2888360914863,110.72584632432763,112.12431283478327,4072700
2020-12-21,110.42970275878906,110.89859468209485,108.78444503769322,110.64358174369623,1804900
2020-12-22,109.13816833496094,110.56131273487634,108.65282032463142,110.31453412102752,1600500
2020-12-23,109.82093811035156,110.56953328530817,109.14637651032862,109.44252336238186,1309800
2020-12-24,110.14177703857422,110.52019183539231,109.45077181202313,109.87854233183485,529800
2020-12-28,110.19110870361328,110.87389201136718,109.75511650926593,110.45435590519826,1059100
2020-12-29,110.3392105102539,111.55669768083801,110.0348293033679,110.38033191046664,1044200
2020-12-30,109.5165786743164,110.18290600923856,109.33559932997711,110.13355028847687,1196400
2020-12-31,110.91503143310547,110.98084323675178,109.53300866116916,109.8702894477372,1480700
2021-01-04,109.73867797851562,110.97262119065329,108.9900953029149,110.52018538805838,1837000
2021-01-05,109.85384368896484,110.01837948971195,108.10987466145504,109.97724553952517,2246200
2021-01-06,109.27799987792969,110.72583450797526,108.97363125789445,109.98546110334236,1821800
2021-01-07,108.25794982910156,109.08057858904209,107.12271812364163,108.88314316782161,1957000
2021-01-08,108.38956451416016,108.73506709860634,107.22143314227472,108.17568554826084,1650000
2021-01-11,108.13455200195312,109.48366271629523,107.9453508947854,108.66103392578616,2269600
2021-01-12,107.20499420166016,108.43893743573642,106.38236537894264,107.97825475106609,2196100
2021-01-13,108.31554412841797,108.72685857223469,107.08160079696779,107.27903624883527,1694600
2021-01-14,108.2332763671875,108.80911401207405,107.77259369895903,108.54586677308636,1848300
2021-01-15,108.00291442871094,108.48827489216428,106.95818503741549,108.32373911346549,3343200
2021-01-19,108.29907989501953,109.17929876373394,107.59985292448539,108.75152825967088,1865800
2021-01-20,108.085205078125,108.38957373863865,107.03224114477597,107.79727995708978,2013500
2021-01-21,107.77257537841797,108.27437935915599,107.39417322709777,107.599830390477,1745000
2021-01-22,108.75978088378906,109.33561864828526,107.501147020382,108.43895608983247,2497600
2021-01-25,112.29703521728516,115.97418637618782,109.61527027205268,109.90319532746531,4608900
2021-01-26,112.80707550048828,112.9962765832379,109.4342928737612,111.87750107044079,3134800
2021-01-27,114.05745697021484,115.80143823872383,112.80707046351573,113.05384901594515,2906300
2021-01-28,111.18650817871094,114.38653360955944,110.90681740792557,113.80246165661923,2421500
2021-01-29,108.66928100585938,112.17367554603837,108.57879132618636,110.79165248851606,4039500
2021-02-01,109.6070785522461,110.25694985665211,108.80089319700727,108.833805382126,1563200
2021-02-02,108.87492370605469,109.8127200101655,107.64098053999733,109.60706281582262,1799200
2021-02-03,108.90782165527344,108.94895560397173,107.15561836974081,108.42247369666259,1734400
2021-02-04,108.17567443847656,108.82554559079053,107.54224682255284,108.56231093305047,1674100
2021-02-05,108.72683715820312,108.89136039286241,107.92888629017152,108.33197888455722,1550600
2021-02-08,108.74330139160156,109.13815969482005,107.90421651398303,108.74330139160156,1451000
2021-02-09,108.94071960449219,109.26977863669013,107.93712407516463,109.01476573193585,1837200
2021-02-10,109.2451171875,110.21581323557068,108.90783633595525,109.40964045215193,1543300
2021-02-11,108.6610336303711,109.51657459947333,108.381342854915,109.45076279013321,1275500
2021-02-12,108.69396209716797,108.99833077769125,108.01117859431976,108.61991595536631,1721900
2021-02-16,107.1391830444336,109.16284293138892,105.89700548105296,108.28263661290731,2960400
2021-02-17,107.57515716552734,107.97823718961789,105.95457764415733,106.53863698399705,1752200
2021-02-18,108.74330139160156,109.03121393573872,107.0980438171522,107.27902315452715,1453300
2021-02-19,107.46001434326172,108.81734697094988,107.22967926162156,108.48006611843374,2058800
2021-02-22,107.8137435913086,107.97826686384404,106.83481317408922,106.94175894978174,1786000
2021-02-23,108.57878875732422,109.86208778245582,107.60808016631418,108.75976811238846,1914100
2021-02-24,107.60806274414062,108.50472505212728,107.49289522341131,107.97824316417639,1932100
2021-02-25,107.40242767333984,109.02300761803541,107.22968263283902,107.60808489929288,1611600
2021-02-26,105.56795501708984,108.01116354817565,105.46100925674597,107.76437239863095,3012100
2021-03-01,105.6173095703125,107.27902323642428,105.41165237334934,106.30009297050853,2291900
2021-03-02,106.22607421875,106.88416729903071,105.31295563469149,105.48570067495285,2413000
2021-03-03,107.37773895263672,108.22504563369995,105.9628163769677,106.39880864771598,2975100
2021-03-04,106.78852081298828,108.9959957321818,106.53956794932282,107.53541739272275,2331700
2021-03-05,109.2034683227539,110.1910235893444,106.67234193840707,107.05409077953524,2541900
2021-03-08,110.49807739257812,111.76778772885295,108.34040557320168,109.16197540084217,1896600
2021-03-09,109.81758117675781,111.14537624999565,109.70969315760806,110.27401587749175,2022400
2021-03-10,111.56861114501953,112.3984877376925,108.90470171085809,110.48147483468385,2193900
2021-03-11,110.0001449584961,111.13707183901991,109.98354388101718,110.73042774971378,1964100
2021-03-12,110.76361846923828,111.75117353923058,110.45656821359417,111.12876615860456,2109700
2021-03-15,111.41092681884766,112.13291536509519,110.4233716984472,111.19516347453182,2292600
2021-03-16,111.56031036376953,111.95866026729097,110.84662861151357,111.56031036376953,2157100
2021-03-17,110.0001449584961,112.39018093607235,109.93375331149232,112.1578165030151,2189300
2021-03-18,109.87566375732422,110.63085455041471,108.27400789573834,109.96695069564188,2727700
2021-03-19,108.14952850341797,110.43998344364616,107.88396190361111,109.02088883461718,6552900
2021-03-22,110.39846801757812,110.46485965606631,107.97523019585559,107.97523019585559,2682800
2021-03-23,112.2657241821289,112.68895676015586,109.81759033589942,110.63086599409232,2198100
2021-03-24,112.59767150878906,112.75535011756118,111.07070132589514,111.46905128371344,2136000
2021-03-25,112.58936309814453,113.80928278139211,112.04164147241853,113.27816223420976,1837200
2021-03-26,113.80096435546875,113.84244804863063,111.81756009916901,112.3652689454238,1722300
2021-03-29,115.27815246582031,116.00843520552327,113.26154590193352,113.53540667791374,2511200
2021-03-30,114.7802505493164,115.72630953188911,114.30722738948717,114.65577410275982,1861200
2021-03-31,115.39435577392578,118.01676914199041,114.98771163895007,115.85079048401825,3490600
2021-04-01,113.67650604248047,114.73045298988396,111.86738092705905,114.47319324071059,3235300
2021-04-05,114.87979888916016,115.81756339504516,113.65989207265044,114.29059365989002,2035300
2021-04-06,114.56446075439453,114.7719298927897,113.75118527750062,114.22420832832775,1882800
2021-04-07,113.6433334350586,115.4026682363437,113.17029757079874,114.92964503499917,1498400
2021-04-08,114.14954376220703,114.20762854707445,113.12879895658739,113.68481483161317,1527400
2021-04-09,113.43583679199219,114.72214808079079,112.66404495354813,113.85906930796973,1487100
2021-04-12,113.88397216796875,114.5312749591811,113.34455739626281,113.66820879186899,1716700
2021-04-13,113.86738586425781,114.34040899142079,113.38605586595524,114.05825395676825,1616900
2021-04-14,113.0872802734375,113.65989711525289,112.11632623584623,113.5851986024296,1603900
2021-04-15,115.29476928710938,115.50223847188823,113.33627233919448,113.61012051973816,2318000
2021-04-16,115.5354232788086,116.01675323474758,114.66405030103822,115.90057101523902,3629100
2021-04-19,115.29476928710938,116.02506486966347,114.29891973275366,115.11220805438495,1840600
2021-04-20,118.16613006591797,118.57277416372283,115.05409277645502,115.35284886275994,2518300
2021-04-21,117.40265655517578,118.97941720380184,116.94622184228506,118.60597522522339,2131900
2021-04-22,116.45659637451172,117.90888056888343,116.18273554973774,116.69725504075434,2282700
2021-04-23,109.63497924804688,112.39016250075623,109.1453551774828,111.6100892679688,8340700
2021-04-26,108.31550598144531,109.54371990139073,107.26155907011176,109.36944022986589,4150700
2021-04-27,107.42753601074219,108.0250482462642,107.07898931717325,107.95865659088248,3671100
2021-04-28,107.585205078125,108.25740311780693,106.75532845374485,107.7428836628232,3156000
2021-04-29,110.06653594970703,110.19101237277752,107.88395647051786,107.93374703974605,3110300
2021-04-30,110.63915252685547,111.06238502707923,109.66818577784557,110.0333335017618,3209000
2021-05-03,111.81757354736328,112.69724068507982,110.37358375760066,110.62254926106476,2006300
2021-05-04,111.80098724365234,112.83833309273396,111.43583947870951,112.2823172371758,2046300
2021-05-05,112.50638580322266,112.88812197874294,111.15368278412295,111.6267058995134,1991300
2021-05-06,112.97112274169922,114.15784038146191,112.25742825095415,112.81344413772204,2488100
2021-05-07,112.44827270507812,113.06238591170963,112.11632714971103,112.58105599238947,1509700
2021-05-10,113.61012268066406,114.33212406820896,112.84663758570565,112.92133611746158,2826000
2021-05-11,111.37775421142578,114.43998850774807,111.07899810167322,113.85907736737175,2254400
2021-05-12,110.35700988769531,111.77610474326228,110.31551351640232,111.39435585544716,2729000
2021-05-13,110.9959945678711,111.79268167065631,109.90055138440542,110.34869183688207,2198200
2021-05-14,111.35282897949219,112.73873395611041,111.30303841274636,111.67649298916236,2139300
2021-05-17,110.89640808105469,112.29059461505955,110.82170956730269,111.21175256113028,1542200
2021-05-18,110.32379913330078,110.74703164795379,109.31134865080168,110.29059697749729,2254600
2021-05-19,110.0250473022461,110.15783060477274,108.92130984295463,110.11633423986908,1826700
2021-05-20,110.10803985595703,111.05411149656426,109.72630364654295,109.92547862292038,2092200
2021-05-21,109.83417510986328,110.97110202079323,109.7262870977328,110.22421813212185,2329900
2021-05-24,109.64330291748047,110.33210208148039,109.3445468061421,109.74289672986872,1602700
2021-05-25,109.62671661376953,109.80929049993428,108.46488164154724,109.64330503039291,2172800
2021-05-26,108.73873138427734,109.7345807854259,108.49807273864036,109.659894929495,2539800
2021-05-27,110.25741577148438,110.37359799970437,108.10803821795771,108.44827803158641,6780100
2021-05-28,108.40679168701172,109.69309037421235,108.31550474828333,109.30305999555054,4278200
2021-06-01,107.89225006103516,109.41092572837336,107.5354092083316,109.12877072908519,2693500
2021-06-02,108.49810028076172,108.73046477791812,107.91717637495536,108.11635137091028,3056500
2021-06-03,108.49809265136719,109.57804484648274,107.76137315435741,109.05899944139013,3778700
2021-06-04,109.31013488769531,109.59477181402912,108.3892356856756,108.76596253221138,2423600
2021-06-07,109.7370834350586,109.87103472414572,108.61527013112455,109.38547088192843,2515100
2021-06-08,108.5985336303711,110.02173108656834,108.47296226852694,109.84593117998652,2484200
2021-06-09,108.24691772460938,110.03009487962957,108.10459926078234,108.59853030129362,1938800
2021-06-10,108.5399398803711,109.37711647111612,108.33902567414493,108.47297699449638,1576800
2021-06-11,108.61529541015625,108.77434823187974,107.89532303161977,108.77434823187974,1508500
2021-06-14,108.43109130859375,109.0003651310506,107.7697147965239,108.83293240528671,1549300
2021-06-15,108.17993927001953,108.83293586325517,108.09621651732837,108.71573167406669,1880400
2021-06-16,107.90367889404297,108.95851668842349,107.66927049529174,108.49807983149765,2096200
2021-06-17,108.89993286132812,109.20968411327743,107.57719231012409,107.82834784314022,2369100
2021-06-18,107.73623657226562,108.61527437659925,107.61903238330771,108.46457597691133,3144800
2021-06-21,108.38087463378906,108.53156027118412,107.9120450663055,108.11297202379845,1462700
2021-06-22,108.94178771972656,109.1678161890299,108.06274979397932,108.48970523251927,2279600
2021-06-23,109.0841064453125,109.56967037467108,108.83295092677527,109.01713078874921,2638600
2021-06-24,109.72872161865234,109.80406443207472,109.0003694326734,109.05059797495498,1957300
2021-06-25,111.40308380126953,111.53702233378121,109.59477948221488,109.8794164284643,4882200
2021-06-28,110.48218536376953,111.9388770940987,110.17243414195636,111.20215767540812,2873700
2021-06-29,110.95935821533203,111.46166918216336,110.50728856462266,110.74169694266433,1890700
2021-06-30,111.99748229980469,112.2067764456444,111.04310150574761,111.04310150574761,1987700
2021-07-01,111.77980041503906,112.45791127887277,111.49515072061502,112.13978014796864,1594600
2021-07-02,112.47467041015625,113.02719720409463,111.68772243859867,111.82167374743824,1896300
2021-07-06,112.71744537353516,113.12766646428702,111.82167314587679,112.7593067541098,2376600
2021-07-07,113.6216049194336,113.998331820467,112.64210986702649,112.85140400918957,2464800
2021-07-08,113.26998901367188,114.40854962504288,112.70070232083621,113.21138052389895,1656800
2021-07-09,113.03558349609375,113.78903729562666,113.01883638797284,113.47090611283245,1741700
2021-07-12,112.76766967773438,113.58809905407044,112.4328041943358,112.60023693603509,1962300
2021-07-13,112.46629333496094,113.55462539198736,112.07281933915677,112.94349009449799,1752300
2021-07-14,113.21971893310547,113.49598862433459,111.9304603740362,112.60020391874662,2368300
2021-07-15,113.97319793701172,114.0318064183985,112.36582073465408,113.02718448941381,1422200
2021-07-16,115.96568298339844,116.14986282045531,114.07365607077757,114.5089913923937,2327100
2021-07-19,116.4010009765625,117.5395613909598,114.88571373721494,116.12474400608424,2789100
2021-07-20,115.30431365966797,117.87445159933262,115.14524808368881,116.61030693189781,1957500
2021-07-21,113.38719940185547,115.3043281724045,113.18627242149228,115.27084672949447,2256300
2021-07-22,112.9769515991211,114.30805899720087,112.47465342826165,112.56674334239725,1686500
2021-07-23,113.57133483886719,113.981543031951,108.53153016171287,109.20964089046416,5014000
2021-07-26,113.1025619506836,114.39180827325605,112.18166259577403,112.52490806208587,3038800
2021-07-27,114.06529235839844,114.44201920949298,111.89700839884853,112.54162507376402,2082200
2021-07-28,112.92672729492188,114.0652877422569,112.2820978717951,113.8727407415873,2133900
2021-07-29,114.0066909790039,114.33320208117117,112.8095347015897,113.3118457172165,1695800
2021-07-30,113.6216049194336,114.42528727173143,113.387196502155,114.1155360291063,2687200
2021-08-02,112.74256134033203,113.74717061771304,112.55838148247717,113.5964849745409,1587600
2021-08-03,113.55461883544922,113.84763571729559,111.77980876062986,111.8970129585085,1461000
2021-08-04,111.93049621582031,113.79739624603673,111.55376934325463,113.51275930003595,1274400
2021-08-05,111.6877212524414,112.55001203570099,110.76682198182449,112.41606072828402,1733000
2021-08-06,111.55377197265625,112.13142581887921,111.05146094786237,111.9974745090275,1339500
2021-08-09,112.39093780517578,112.43279918230934,111.5621285254068,111.78816974248903,1550600
2021-08-10,112.08956909179688,112.3490917814726,111.45331950503379,112.08120192494623,1735700
2021-08-11,112.34071350097656,112.70069325445002,111.93049242846794,112.39930921173536,1005600
2021-08-12,112.41605377197266,112.71743780786127,111.9639841052892,112.71743780786127,976200
2021-08-13,114.25785827636719,114.584356637924,112.51652942329721,112.86815483509785,1425400
2021-08-16,116.00755310058594,116.56007987908868,114.015068953735,114.27459162342407,1833100
2021-08-17,116.55171966552734,116.98705504591327,115.4550204350073,115.81500021784352,1534000
2021-08-18,114.37506103515625,116.28382262835115,114.29135104117807,116.28382262835115,1279400
2021-08-19,116.29218292236328,116.80286106426522,114.48387873717294,114.54248721992667,1452900
2021-08-20,115.722900390625,116.91168945044403,115.68103901207732,116.28380709512628,1505100
2021-08-23,115.09503173828125,115.8233840436894,114.91923181146947,115.6559385095629,1303000
2021-08-24,113.6885757446289,115.06991191446055,113.67182863716364,114.82713634056472,1052100
2021-08-25,113.6216049194336,114.01507892864423,112.85140400918957,113.23649807716124,1114300
2021-08-26,114.13228607177734,114.40855587945195,113.25324809723105,113.68858350092749,1351400
2021-08-27,114.1490249633789,114.9527072784875,113.65508110226209,114.9527072784875,1254200
2021-08-30,114.47550964355469,114.65968948010921,113.93133729944415,114.10714997044566,860500
2021-08-31,115.37126922607422,115.44661203074791,114.14061898588182,114.68479127077413,1875600
2021-09-01,116.93681335449219,117.25494452849924,115.34618303305754,115.37129730739491,2108900
2021-09-02,117.58142852783203,117.89119249737827,117.02052184554387,117.20470168442041,1750100
2021-09-03,117.83257293701172,118.15907120717966,117.28841341149763,117.50607466684376,1426800
2021-09-07,117.0875015258789,117.73213098414611,116.17498224002867,117.489342654403,2707000
2021-09-08,118.45211791992188,118.73675488892749,116.70240917377396,116.74427055728673,2390700
2021-09-09,116.29996490478516,118.32550336451939,115.97081458312685,117.96259964902463,2923800
2021-09-10,115.6669921875,116.37592941981536,114.78924933772436,116.08053246732037,2133400
2021-09-13,116.62067413330078,117.59969002737242,115.79358071564864,115.90330178872604,2278300
2021-09-14,116.57002258300781,117.48151868991775,116.1564823664875,116.85698436192916,2165300
2021-09-15,115.64166259765625,116.78102313559174,115.4306684745505,116.5193924834301,1374300
2021-09-16,114.73016357421875,116.02144654512165,114.3419287310572,115.39689932023008,1859000
2021-09-17,114.0887451171875,115.86953617262775,114.06342685065056,114.7554938108212,5852300
2021-09-20,113.52326202392578,114.56979740613053,112.62021396379726,113.96213336201913,2115400
2021-09-21,113.51483917236328,114.78080392149744,112.97469472785508,113.61611223131501,2083300
2021-09-22,112.62023162841797,114.21534677489167,112.45987402522822,114.08030743767294,1406500
2021-09-23,112.73838806152344,113.18569459868067,112.1307239208457,112.29951665368729,1015200
2021-09-24,112.2404556274414,113.2110235917898,112.11385140726905,112.8987563625416,920000
2021-09-27,111.76779174804688,112.7383723633432,111.62431730120652,112.13070830727924,972600
2021-09-28,112.67086029052734,113.10128366003032,111.43864896107894,111.53148688917477,1951300
2021-09-29,114.59513854980469,115.16060131080532,112.53583364224384,112.67930811491023,1652800
2021-09-30,111.77627563476562,115.05090933493759,111.69187281397387,114.93274023460418,1850200
2021-10-01,111.55680084228516,112.24043258351334,110.69595413654646,111.9028342770935,1709300
2021-10-04,111.531494140625,112.6286662136218,110.8985117382876,111.5568124064737,1758000
2021-10-05,111.3458251953125,111.76781348977465,110.69597249404454,111.06732425366094,1744200
2021-10-06,112.29107666015625,112.46830451464177,110.65376017859182,111.13482009025486,1530900
2021-10-07,112.83966827392578,113.70052800743075,112.5780375897382,112.83966827392578,1709500
2021-10-08,112.13915252685547,113.09285008511941,111.40489709877434,113.07596694939936,1038400
2021-10-11,111.86907958984375,112.3417043352991,111.7171571341997,112.24043128357536,845600
2021-10-12,111.89441680908203,112.78059479596962,111.47242851799848,111.47242851799848,940100
2021-10-13,111.86907958984375,112.38390573287013,110.9407003555147,111.87751471813458,1051900
2021-10-14,112.5020751953125,112.81434239368281,111.82689138867454,112.06320378928883,1074000
2021-10-15,112.52739715576172,113.16881471019398,111.94505126439249,112.52739715576172,1210400
2021-10-18,111.00823974609375,112.47676364738858,110.99135660845292,112.29952289731166,1278400
2021-10-19,109.52283477783203,110.27397335296979,108.15558408117695,110.02077782558482,3702600
2021-10-20,111.09263610839844,111.87752810932194,109.5228392284914,109.5228392284914,1694800
2021-10-21,110.79723358154297,111.78468453842899,110.65375912230921,111.53148901352144,978600
2021-10-22,112.28264617919922,112.29952931780531,110.74661539564316,110.74661539564316,2155000
2021-10-25,109.80978393554688,110.1980187954477,105.72493428985032,108.18090257904186,5884900
2021-10-26,112.47676086425781,113.08442502368437,108.61978176562147,108.9320618529765,2892700
2021-10-27,109.09239959716797,112.99157985013048,108.85608720341989,112.76370258542354,2704400
2021-10-28,109.767578125,110.24865089654773,108.78856232463055,109.09239437032937,1965400
2021-10-29,109.2865219116211,110.09673214206165,108.92360531906547,109.62410736129476,1751300
2021-11-01,109.9532470703125,110.34148189022163,109.31182962661283,109.37934928564304,1249100
2021-11-02,111.04199981689453,111.52305974926276,109.64099566638353,110.31617947562282,1204000
2021-11-03,111.49772644042969,111.6158826252509,110.37523624559891,110.94069890710465,1093500
2021-11-04,110.77191925048828,111.54837611053405,110.4090155250792,110.94071198040088,1147400
2021-11-05,111.59901428222656,111.99568428628517,111.04199955313278,111.6834170874535,1069400
2021-11-08,111.86064147949219,112.12228501635613,110.52716992029974,111.57369255551708,1056700
2021-11-09,111.79313659667969,112.67086651970033,111.43021999294648,111.95348131947456,1102500
2021-11-10,113.69208526611328,114.0803072624458,111.96193078507835,112.44299071584867,1654500
2021-11-11,113.10972595214844,113.61610408867537,112.53581527708111,113.45574650478805,1345600
2021-11-12,113.01690673828125,113.88620158404994,112.94938706662165,113.64144116452637,1232300
2021-11-15,113.75114440917969,113.76802754396314,112.77212864067643,113.00000588704808,1281200
2021-11-16,112.95782470703125,114.90740858656572,112.898753041804,113.86932097760467,1042800
2021-11-17,113.43888854980469,113.71740235022352,112.03788441850745,112.83965954683207,1429900
2021-11-18,112.29107666015625,113.25320936154179,111.75936734058072,113.17725456676229,1014200
2021-11-19,113.46419525146484,114.36724335042888,112.92405084214339,113.31227279487459,1739100
2021-11-22,114.3082046508789,115.43069519096889,113.16039584040107,113.51486450389334,1235600
2021-11-23,114.60357666015625,115.2787605146638,113.97059421119184,114.30819257747606,1452100
2021-11-24,114.13095092773438,114.78081650941678,113.32074061114666,114.40102961863748,1017100
2021-11-26,114.16470336914062,116.00456593524342,113.91150784661531,114.48540567815076,1184800
2021-11-29,113.97056579589844,115.16902359983021,113.94524753449711,114.2912809443921,1025000
2021-11-30,109.97859191894531,113.69209679496107,109.86887083673996,113.48110263875773,2652700
2021-12-01,111.20233917236328,112.94094158256704,110.3499275421733,110.60312306816876,1850800
2021-12-02,112.07162475585938,112.96625059148349,111.52304522619986,111.52304522619986,1493700
2021-12-03,114.2659912109375,114.51918676622188,112.510518339843,112.89030523373911,1749700
2021-12-06,115.13525390625,116.80632349929589,114.73858398535697,114.81453876730058,1732100
2021-12-07,115.52348327636719,116.2577385568004,114.75546173128375,114.79766312306816,2339800
2021-12-08,115.53192901611328,116.26618436399426,114.3588023338624,115.59944867355927,1464400
2021-12-09,115.41278839111328,116.25534641761817,115.02129324114577,115.20852835814685,935000
2021-12-10,115.80428314208984,116.29788882753103,115.60852907467756,116.17023442374553,1213800
2021-12-13,118.53617858886719,118.91064878150925,115.43830652183448,115.75319600828144,2144200
2021-12-14,117.5234146118164,118.81703541753399,116.89363561674459,118.69788698715243,2681100
2021-12-15,117.70214080810547,118.61277243478467,117.24255902654768,117.64256010130165,2440900
2021-12-16,120.6978988647461,120.74896062532494,117.56597669178497,117.85533532586888,2471700
2021-12-17,118.61279296875,121.31918341143471,118.4510887208082,120.23832842746076,3237600
2021-12-20,120.25534057617188,120.49363744692937,117.78724729160429,118.00853223316874,2209400
2021-12-21,118.54473876953125,120.25538629681449,117.83836683950085,120.1447437839664,1496700
2021-12-22,118.48512268066406,119.26809994655754,117.75320717334112,118.94469149400399,980600
2021-12-23,118.20429992675781,118.84259804278238,117.73621204443143,118.48515265615363,1115600
2021-12-27,118.978759765625,118.98726573130347,117.82981807488092,118.67237618050706,825200
2021-12-28,118.97023010253906,119.64257793061246,118.51916722425456,119.08937854234617,1187900
2021-12-29,120.05960083007812,120.56172545714757,119.04683262504292,119.46384566038286,1239400
2021-12-30,120.44259643554688,120.80854776932195,120.0340763128394,120.58727577584453,778300
2021-12-31,121.63408660888672,121.94047022195528,120.5617504562509,120.62131819384874,1230600
2022-01-03,121.217041015625,121.57449932858502,118.81704725421936,120.74896619791338,1994200
2022-01-04,121.87236785888672,123.32769308035941,120.9447111725234,121.08088453553269,2027100
2022-01-05,122.60430145263672,123.67665061101512,121.7277064021516,121.7277064021516,1935600
2022-01-06,121.8043212890625,123.64262333644375,121.67666683558224,122.35752088863578,1692700
2022-01-07,122.33195495605469,122.82557367846655,121.10642060885378,122.07663313601996,1305300
2022-01-10,123.0553207397461,124.07659477731906,122.17022003683724,122.17022003683724,2706400
2022-01-11,121.8212890625,122.68085894718239,120.14469210019689,121.99149924936124,2442000
2022-01-12,121.77872467041016,122.45107239241395,120.69788291774712,120.90212993307674,1293900
2022-01-13,121.60853576660156,122.11917936665216,120.62981735041178,121.65959752936539,1303700
2022-01-14,121.87236785888672,122.32343076092418,120.72343919728829,121.70215764822844,1367800
2022-01-18,119.89791107177734,121.29365563568052,119.21705721436447,121.26812475232066,2214300
2022-01-19,121.42980194091797,122.28938486840613,119.82129154468481,120.0681073701598,1712200
2022-01-20,120.48514556884766,121.81280342863545,120.31492236737168,121.02130709763456,2151600
2022-01-21,121.97451782226562,122.95323638111213,121.28514496585336,121.79578864033473,2579700
2022-01-24,120.680908203125,123.03835971322903,118.1191966065229,122.39154259908982,2762000
2022-01-25,118.83406066894531,120.57873133600359,117.54043985956216,120.57873133600359,2483200
2022-01-26,114.7574691772461,115.5489654675501,110.85108844767957,111.02129865419674,5636700
2022-01-27,117.00428009033203,118.24683929743028,114.82555823490016,114.85108911709611,2829300
2022-01-28,118.22979736328125,118.34043982767624,115.43830876452336,116.57873129248566,1965900
2022-01-31,117.14897155761719,117.68514611170589,116.40004395858477,117.29366388666331,2283100
2022-02-01,116.81704711914062,117.77024768813719,115.31067309695479,117.3872584757171,1552300
2022-02-02,115.42127990722656,116.62978906536334,115.16597113073621,115.26809464133234,3039600
2022-02-03,116.1532211303711,117.08089084012518,115.10641595596685,115.62556556031821,1990700
2022-02-04,112.90216064453125,115.59152617481942,112.8425799273064,115.4383278921033,2209800
2022-02-07,113.42131042480469,114.09364531538364,112.24683787146684,113.65108836994798,1888000
2022-02-08,113.38726806640625,114.29791290011416,112.89364932283671,113.52344144108912,1595500
2022-02-09,112.24684143066406,114.10216788514663,112.23833546486543,113.86385799450409,1900400
2022-02-10,111.44683837890625,111.96598798575775,110.79151540293138,111.61704859720683,2103800
2022-02-11,112.62133026123047,113.01281253178796,111.5064382061684,111.95750120575521,1472700
2022-02-14,112.65533447265625,113.01277978462856,110.51066260082234,112.62129762750895,1583300
2022-02-15,111.91492462158203,113.42131165376716,111.3957750221401,112.92769293739556,1685900
2022-02-16,111.50641632080078,112.5021597085791,110.24683216708884,111.77875006605815,2003400
2022-02-17,112.02557373046875,112.41705595150276,110.84259512882699,111.41280652812978,1566600
2022-02-18,113.31917572021484,113.42981820489547,112.08513541601945,112.24683966710433,1327100
2022-02-22,113.06385803222656,113.57448864247992,112.24683087513266,113.50640196387158,1555300
2022-02-23,112.28937530517578,113.5915020595028,112.11916511898885,113.55745223054254,1411800
2022-02-24,109.42131042480469,112.11918188727981,108.05960275924569,111.77874847778669,2213200
2022-02-25,112.17874908447266,112.578750222347,109.82129805648685,110.05960793510292,1736600
2022-02-28,110.76596069335938,111.0893691289093,109.60851327719615,111.0723442148792,2039400
2022-03-01,109.50640106201172,111.06384970821878,108.5447010993733,110.39151487602295,1847000
2022-03-02,110.48514556884766,110.74897335697649,108.98726447050485,109.51492004676253,1993500
2022-03-03,111.24940490722656,112.0566199574339,110.27044504072373,110.65687415321098,1622300
2022-03-04,110.88874816894531,111.22365518102214,109.68651467735509,110.17599466051702,1534800
2022-03-07,109.8668441772461,110.85438675829064,108.51003777065134,110.42501813987295,1616600
2022-03-08,105.78785705566406,109.60923567186057,105.72774570276815,109.0682334957973,1989700
2022-03-09,106.10557556152344,107.90033987243642,105.51305129712104,107.72000583095347,1782300
2022-03-10,102.8681411743164,105.9080719794966,101.81189142058986,105.62468710024733,2909900
2022-03-11,100.92738342285156,103.6581680175826,100.83292180545166,102.43876274960486,2513400
2022-03-14,102.29276275634766,104.10469850914997,100.7470334003311,101.15064087393787,2295800
2022-03-15,103.95014953613281,104.32798948120232,102.79084897605651,102.87672794468843,2267200
2022-03-16,104.26787567138672,104.68007243548946,102.67921306390161,104.47397732926075,1916800
2022-03-17,104.19918823242188,104.66290719353036,103.31468979891066,104.37952884366916,1764800
2022-03-18,103.77839660644531,104.70583442004927,103.12575445409675,104.25929392737628,4134000
2022-03-21,103.67536163330078,105.13521248631076,103.10859184579243,104.173424309772,2515200
2022-03-22,105.10086822509766,105.4529536984048,103.60666700682835,104.35376434013983,2114100
2022-03-23,103.57229614257812,105.83077266199366,103.27173942731675,105.79642238715736,1964600
2022-03-24,103.1257553100586,103.9930817847008,102.99694996124896,103.52078021855952,2818200
2022-03-25,103.2889175415039,104.15624401660034,102.5418203114351,103.76122565953796,1860000
2022-03-28,105.13520812988281,105.16096920067557,103.65817892240489,103.77840162053488,1499600
2022-03-29,106.53494262695312,107.15323450385499,105.34988756398813,105.34988756398813,1585200
2022-03-30,106.3546142578125,106.64658834931234,105.58174937048435,105.62468885653146,1247200
2022-03-31,105.76207733154297,106.84408149285252,105.03214546584621,106.06263404301785,1815600
2022-04-01,107.36792755126953,107.41086703851973,105.10945072713174,106.01112099457266,1529000
2022-04-04,107.35931396484375,107.39366423651462,105.3241111435886,106.62080605467538,1943300
2022-04-05,107.45378875732422,108.38122655129015,106.89561479121335,107.01583748098909,1391900
2022-04-06,108.17513275146484,108.20089382077796,106.81832632004752,107.12747225509564,1529000
2022-04-07,108.7934341430664,109.31726443709617,107.44521680064044,108.45852710939438,1806300
2022-04-08,108.26959991455078,109.65216748604023,108.04632638300117,109.26573177162986,1610700
2022-04-11,108.6560287475586,109.22279850631547,107.51390657429079,108.67320716235793,1426400
2022-04-12,108.14938354492188,108.99953168373328,107.49674132693883,108.40700081795617,1606800
2022-04-13,108.53580474853516,108.64743823680918,107.79729016051797,108.08926424379351,1444700
2022-04-14,108.56156158447266,109.36018748912578,108.2352437880293,109.1798534528035,1255500
2022-04-18,107.30780792236328,108.8535376210897,107.06736253626038,108.5787419581656,1623500
2022-04-19,108.947998046875,109.07680339398188,106.35460786436795,107.09312242879219,2055200
2022-04-20,109.57487487792969,110.12447276093322,109.05963382373719,109.05963382373719,1174200
2022-04-21,110.0042495727539,111.30093813379301,109.52335224624075,109.77238684083879,2369100
2022-04-22,118.9437026977539,121.42545305391373,117.81875889352563,119.1240433022546,6935300
2022-04-25,123.21163177490234,124.11330861646971,118.78055699065183,119.06392878632614,4790200
2022-04-26,119.5190658569336,123.99309350687264,119.4847221261484,123.4950242390832,3631100
2022-04-27,120.63540649414062,121.59720113460772,118.95228880408192,119.51904543660905,2652300
2022-04-28,121.9321060180664,122.27559567442157,119.60492232089531,120.79856656617159,2122800
2022-04-29,119.21849060058594,121.69165800332829,119.07250684463104,120.98748718876796,2926800
2022-05-02,116.80545806884766,120.06866262098467,115.46582989876738,119.99996206055849,2241900
2022-05-03,117.90460968017578,119.12401482318185,116.82259251843382,117.26913949158589,2087500
2022-05-04,119.48470306396484,119.96559383799554,116.81402963370283,117.14035398891974,2008900
2022-05-05,117.3721923828125,119.08108410144582,116.42758933946264,119.08108410144582,2130600
2022-05-06,118.16224670410156,118.34257418244505,116.4275938509156,117.55253751250146,2051900
2022-05-09,120.51519012451172,122.13820310528943,117.64701067332426,118.16225829715172,3018700
2022-05-10,119.32156372070312,121.20220079591003,118.5315268545661,120.5753261386055,2040400
2022-05-11,119.28719329833984,120.84150560810468,118.68607985026648,119.52763867756919,1559300
2022-05-12,119.88831329345703,120.74705058139719,118.54868522079697,119.29578246825174,1323200
2022-05-13,119.50188446044922,120.36920440644934,118.08496006950902,120.36920440644934,1417800
2022-05-16,119.30435180664062,119.75089881544537,118.05060284404031,119.1755464691439,1363200
2022-05-17,119.072509765625,119.65644480376925,117.31209578932928,119.02098762735233,1819400
2022-05-18,113.79127502441406,118.4542253819855,113.43920268954851,118.4456296228701,2169900
2022-05-19,110.8200454711914,113.41343565238408,109.17985416797842,112.58045946607342,2655800
2022-05-20,110.2103500366211,111.12060954498989,107.73718878945974,110.845820402507,2110600
2022-05-23,111.12918853759766,111.68736249808452,109.43747513925459,110.68264150723398,1521300
2022-05-24,113.48211669921875,113.65387462330438,110.8286218735486,111.18070727331828,1232000
2022-05-25,112.81230926513672,113.46495796659804,111.96216776676677,113.46495796659804,1426400
2022-05-26,113.70539855957031,115.0793702509808,113.49071425435397,113.75692069629581,1250800
2022-05-27,114.58130645751953,114.61566328580591,113.36190111916811,114.1777119998352,1188300
2022-05-31,114.2292251586914,114.75305537090568,112.32282754068466,113.35330955232054,2843100
2022-06-01,112.83806610107422,115.25971136466826,112.21119159587107,114.57271896414788,1577500
2022-06-02,113.17298889160156,113.37050791525112,109.8840298406795,112.92396082708916,1518900
2022-06-03,112.8724365234375,113.83421813803889,112.4001283722344,112.86384076404815,994100
2022-06-06,113.25028228759766,114.24640762322453,112.81231786700344,113.00124112622218,1058400
2022-06-07,113.439208984375,113.58519276123295,111.72173428728101,111.98794076880384,1229500
2022-06-08,112.33140563964844,113.17296438630314,112.0308554960592,113.10427694449754,1074300
2022-06-09,110.4339599609375,113.19783695666719,110.13938015366327,112.65200101272448,1493300
2022-06-10,110.69389343261719,111.65561418003855,108.67513192610474,109.56754405200341,1776300
2022-06-13,109.95742797851562,111.07510459784952,109.40291278135649,109.42024489297035,1713000
2022-06-14,106.83832550048828,110.40798086677825,106.43110674777323,109.90545531618244,2224800
2022-06-15,106.05853271484375,107.86934832095986,104.77622751303444,107.35816341750592,1784600
2022-06-16,105.40006256103516,106.96828166106138,104.51630988712306,105.15746586161279,1899000
2022-06-17,105.52135467529297,105.72929374675832,103.86648832874994,103.97912722558591,3203100
2022-06-21,108.37187957763672,108.8570729506402,106.10185544916592,107.55744217844034,1911800
2022-06-22,110.52926635742188,110.84984433208501,107.96466239090893,108.54516255749586,1704600
2022-06-23,114.43680572509766,114.55810404984574,111.04043941162551,111.20506139961059,2122000
2022-06-24,116.49891662597656,116.78482378238382,114.46282298136893,114.55812977368097,2431600
2022-06-27,115.74510955810547,116.93211461394866,115.23392464426426,116.18699246712706,1305800
2022-06-28,114.83534240722656,116.00501511736758,114.6014184416182,115.56314551736031,1162600
2022-06-29,116.31694793701172,116.4728972755435,115.06064090135055,115.29457812967539,1230400
2022-06-30,117.0967025756836,117.83316514605647,115.31187880713763,115.6584548722352,1715400
2022-07-01,118.49166107177734,118.7429304165643,117.10539622455399,117.512614911186,1612900
2022-07-05,117.91116333007812,119.02885318481088,116.79348669587307,117.99781066877271,1359400
2022-07-06,118.68226623535156,119.74797287796356,118.4829932391465,118.76025412128095,1296800
2022-07-07,117.5732650756836,118.0671311311929,116.44691572534562,117.84185332880831,1240400
2022-07-08,116.27362060546875,117.77252426751978,116.17831382808245,117.08805793576495,1309700
2022-07-11,116.72416687011719,117.46062955842163,116.3342803024084,116.61152797835771,836100
2022-07-12,117.2093505859375,118.79490150347507,116.75880827645318,117.18335903159476,1240700
2022-07-13,117.87651062011719,118.6736158865604,116.55954777008917,116.86280023060156,1192800
2022-07-14,117.07940673828125,117.2960118639153,115.76244387267853,116.10034733984652,1475200
2022-07-15,116.68948364257812,117.66854284557654,116.1523072688038,117.6598834016697,1050500
2022-07-18,114.42816162109375,116.34294351992493,114.30685005955657,116.15232995254884,1631200
2022-07-19,114.57544708251953,115.14727454197629,113.83898439885603,115.14727454197629,1858000
2022-07-20,113.80435180664062,114.85271333567032,112.90326697353507,114.85271333567032,1341500
2022-07-21,113.11119842529297,113.32780354934732,112.14079847957066,112.84261018674997,1487500
2022-07-22,114.71405792236328,114.97398669156804,112.98121708836669,113.2238137474841,1256000
2022-07-25,115.59781646728516,115.87507736101102,114.31551788512067,114.52345033488801,1433100
2022-07-26,116.07434844970703,116.0916805604106,112.49602776971523,112.59133454779455,1757800
2022-07-27,114.41084289550781,116.30830612514742,113.47510706086926,116.30830612514742,1650600
2022-07-28,115.45918273925781,116.03102340092133,113.96893852914927,114.45414507938075,1081100
2022-07-29,114.18555450439453,114.69675265875382,113.11986096662984,114.69675265875382,2902500
2022-08-01,117.28733825683594,118.00646885463519,114.59276998674403,114.59276998674403,2070300
2022-08-02,115.23392486572266,118.03245933928537,114.77472306487738,117.83318632885926,1712500
2022-08-03,116.75017547607422,117.03609585962198,114.43683406794686,114.80938857889964,1318900
2022-08-04,115.02598571777344,116.85413357942686,114.28953619373613,116.51623009886193,1211700
2022-08-05,115.56316375732422,115.65847053556757,114.30684352942727,115.01731464370077,781400
2022-08-08,116.35160827636719,117.01875579263529,115.72779765164985,115.89240644869034,889200
2022-08-09,116.46422576904297,117.18335627013983,116.03101557950457,116.53354098583222,754200
2022-08-10,117.53861236572266,117.60792759464087,116.68951072687061,117.01009531318337,1178300
2022-08-11,116.64617919921875,118.32703684030827,116.39490988722766,117.78118777404035,921300
2022-08-12,117.38262176513672,117.46926908572557,116.4295673412842,116.96674371146517,690600
2022-08-15,118.22306060791016,118.86421646152081,117.59923686399873,117.93714029024025,976000
2022-08-16,119.0374984741211,119.45337656523652,118.10176285371679,118.12775440812862,1043100
2022-08-17,118.55230712890625,118.97685789221153,118.41367668939517,118.7862443430154,882400
2022-08-18,118.7862548828125,118.83823799710999,117.60792248346873,118.17109051572811,997300
2022-08-19,118.65630340576172,119.37543411980023,118.37905567703477,118.7342780900415,1147900
2022-08-22,118.01515197753906,118.70827785900025,117.47796223271926,118.66496740680549,1179400
2022-08-23,116.30829620361328,117.48662864813869,116.22164886277675,117.39998130730216,1063500
2022-08-24,115.83174896240234,116.52488794787719,115.54582863512422,116.23029495519498,955300
2022-08-25,115.13860321044922,115.4678471838192,114.28951494391828,115.42452352092434,1425000
2022-08-26,112.21880340576172,115.30325872520743,112.07151348551062,115.15596880495633,1434400
2022-08-29,112.27076721191406,113.17183869269397,111.32637206309543,111.98484686749123,813300
2022-08-30,111.62095642089844,112.7473057333636,111.33503606477458,112.7473057333636,1279600
2022-08-31,110.48595428466797,112.3574193819702,110.38198804109074,111.95887330123783,1828100
2022-09-01,111.35236358642578,111.78557382562855,109.58486501724687,110.4686109967045,1410000
2022-09-02,109.58485412597656,112.4267053447988,109.35958297310624,111.62094072581702,1513100
2022-09-06,108.917724609375,110.15670623824127,108.24191765004142,109.1429957992409,1662400
2022-09-07,110.41663360595703,110.74587102511992,109.1603198809986,109.53288097043261,1294400
2022-09-08,109.73461151123047,110.4166263560542,108.28313854733571,109.90948471775468,1291100
2022-09-09,110.90628051757812,111.99925477372416,109.43732952146387,109.95321016829179,1395300
2022-09-12,110.9675064086914,111.72821231016682,110.64398358962436,110.90629343906939,1343000
2022-09-13,108.21318817138672,110.86255648427831,108.00333232825786,110.46034279142535,1139200
2022-09-14,106.5081558227539,108.35309694661632,105.81739527520007,108.0907871212195,2091200
2022-09-15,106.16714477539062,107.05026983417571,105.81739168241765,106.99780920507465,1462200
2022-09-16,106.69176483154297,106.95408130365794,106.1496539066167,106.42070936907983,2236500
2022-09-19,107.39127349853516,107.40875815062711,106.3682512410348,106.4731724955568,1154500
2022-09-20,106.28955841064453,106.94534296484838,105.55508291200924,106.94534296484838,1223400
2022-09-21,105.56382751464844,107.42625322834388,105.56382751464844,106.25458136767784,1234200
2022-09-22,105.54633331298828,106.28081545521138,104.86431846941447,105.18784123897508,1252700
2022-09-23,105.1791000366211,105.6512657185717,104.1211017509669,105.31899727331823,1365700
2022-09-26,103.85877227783203,105.5987852184841,103.20298780225625,105.34522109172795,1854600
2022-09-27,102.46851348876953,104.98672350038746,102.37233123097653,104.19978078707412,2040300
2022-09-28,102.45977783203125,103.2816965985206,102.0225881342791,103.2816965985206,2026000
2022-09-29,100.53614807128906,102.39857382367234,100.43996580196084,102.02259040838533,2010400
2022-09-30,98.40266418457031,101.39304030499683,98.26276027038189,100.97334190440317,2293700
2022-10-03,99.74919128417969,100.05522270234164,97.84304415979075,98.80486004729315,2103900
2022-10-04,101.6291275024414,102.08380188610074,99.74921033051304,100.13393275638299,1713800
2022-10-05,100.1864013671875,101.33183633924156,99.95031517431492,101.2968603598906,1388500
2022-10-06,98.09661865234375,100.22136067992686,97.91299979452604,100.22136067992686,1535900
2022-10-07,95.82323455810547,98.58627664440296,95.753289276555,98.2365235527091,2047600
2022-10-10,96.32164001464844,96.61018015301595,95.08001616951915,95.87570464301055,1479700
2022-10-11,97.37962341308594,98.0004319051797,96.48775280625836,96.73257793880411,1569600
2022-10-12,98.68246459960938,99.6530263162865,98.0004497005359,98.4551240762563,2493800
2022-10-13,100.1864013671875,100.58861512324476,97.43210469991844,97.62446925085581,1827000
2022-10-14,98.98849487304688,100.67604744666114,98.93603424174856,100.5536348596413,1369200
2022-10-17,99.83663940429688,100.7372491121326,99.49563197455296,99.58306857969505,1730500
2022-10-18,100.97334289550781,101.74279441813925,100.39624925029482,100.70228072685359,1410100
2022-10-19,100.50117492675781,101.83022873977453,99.9240812945233,101.27937209435717,1192300
2022-10-20,98.21028900146484,100.57985625576417,98.04415478910559,100.30005512867677,1975600
2022-10-21,99.64427947998047,99.82789836056877,97.7993383408975,98.46386857849251,1678200
2022-10-24,101.30559539794922,101.56791188007784,99.6792492191164,100.28257312542107,2626600
2022-10-25,104.47959899902344,104.47959899902344,100.01151945932017,100.56238278428835,2773500
2022-10-26,105.1091537475586,105.76493834044652,103.60522001384454,104.54955142863976,2201300
2022-10-27,106.06221008300781,107.20764481319915,105.5463228352449,105.62502043991378,1899800
2022-10-28,108.66787719726562,108.86024174401037,106.21087307253795,106.21087307253795,1766900
2022-10-31,108.82526397705078,109.25370803349593,108.30938331106377,108.61541477995316,2920000
2022-11-01,108.72908782958984,110.07563303953505,108.09953353185067,108.82527010679922,1883300
2022-11-02,106.91036224365234,109.43732475101659,106.72674337714213,108.42304148345335,1779900
2022-11-03,106.69176483154297,106.87539036461445,105.5900516590241,106.03598032224055,1837500
2022-11-04,107.12896728515625,108.230687260098,106.21961852756951,107.5224420402712,1929600
2022-11-07,108.7028579711914,108.92145284377432,107.63611392562902,107.81973281808033,1212000
2022-11-08,108.93018341064453,109.62094391279697,108.16947095792308,109.06134165021516,1290700
2022-11-09,108.2744140625,109.48105535953839,108.15200146733608,108.9739136532958,941200
2022-11-10,111.72820281982422,111.95553666916929,109.62969084758329,110.22426912853513,1899100
2022-11-11,111.43964385986328,111.93804648622229,108.61540233640518,111.763166616188,1633000
2022-11-14,111.53583526611328,114.01906958535064,111.29101009897556,111.57955690495308,1511400
2022-11-15,112.0429916381836,113.20591800579264,111.01122353333261,112.53264203676157,1317400
2022-11-16,112.80368041992188,113.60810785853495,112.2528304761802,112.2528304761802,1033500
2022-11-17,112.68126678466797,112.75121873632388,111.65824450789505,112.2178467791718,1168400
2022-11-18,114.8934555053711,115.12954169490844,113.72179023310265,114.03656737182853,1350500
2022-11-21,116.72091674804688,116.88703763510154,115.06834013305594,115.41808657376359,1375400
2022-11-22,118.02371978759766,118.2248366423741,116.75587241073416,117.16683176862348,1789400
2022-11-23,117.1668472290039,118.47841641440321,117.07940394652195,118.26856054162951,1304800
2022-11-25,118.06744384765625,118.06744384765625,117.16683417471567,117.35919870116611,540500
2022-11-28,116.56349182128906,118.05868615972267,116.56349182128906,117.96250391173024,1220600
2022-11-29,116.43235778808594,116.46732709172123,115.02460649679614,115.96893779859023,1421100
2022-11-30,118.59207153320312,118.61830184546595,115.85525999004574,116.16129808907144,1798300
2022-12-01,119.4402084350586,120.1397011471254,118.75819370141568,118.91557555904022,1447300
2022-12-02,120.6031494140625,120.80426629091329,118.6183176970938,119.03801609135516,1932700
2022-12-05,119.93861389160156,120.21842168787116,118.67076650193385,119.0904648543682,1234400
2022-12-06,118.9243392944336,119.92113129270975,118.17237246471852,118.7407270889983,1476100
2022-12-07,119.52767181396484,120.5157248922113,119.16043403473381,119.55390213091192,1288900
2022-12-08,120.60353088378906,120.62998568673383,119.05145746768581,119.26310934740012,1193200
2022-12-09,120.10968017578125,121.07973439197097,119.81866391092433,120.40951022218351,2315300
2022-12-12,121.6617660522461,121.71467565345014,118.76924444359368,120.39188179872916,1764800
2022-12-13,122.32317352294922,123.22266373325726,121.29138238591783,122.75527760746306,1618500
2022-12-14,122.6671142578125,123.82235231062675,121.52950377161507,122.37609793474242,1644700
2022-12-15,120.30370330810547,122.0850696615509,119.50120505238701,121.72350273893184,1392800
2022-12-16,119.33367919921875,120.6829281913974,118.35481096409323,120.09206828069065,3718300
2022-12-19,119.63349151611328,120.73581983955641,118.61052760248054,119.32483420308668,1305000
2022-12-20,119.38656616210938,119.81867023527465,118.28423788378042,119.5541222134003,1211700
2022-12-21,120.77993774414062,120.85930216846005,119.53650793850133,119.73933261937056,1195100
2022-12-22,121.20318603515625,121.26490941391475,119.77457306894047,120.55060293080686,1174800
2022-12-23,120.94747161865234,121.69706034381285,120.6388277277069,121.18557833052746,888400
2022-12-27,122.03215026855469,122.29669828227456,120.82398936256084,121.37075332194433,907000
2022-12-28,120.39191436767578,122.48192491756414,120.16262142555566,122.35846466263737,778600
2022-12-29,121.02682495117188,121.45011522054654,120.51534304160644,120.7446224674854,742000
2022-12-30,119.71286010742188,121.04446792443717,118.91036183044699,121.04446792443717,1114000
2023-01-03,120.91218566894531,120.94745425341672,118.90153995017855,119.9862272167395,1603300
2023-01-04,120.64762878417969,121.28257097809606,119.90686737666272,120.6388150017651,1551800
2023-01-05,119.52765655517578,120.7622723274546,119.33365915363308,120.40070541482005,1207200
2023-01-06,122.0938949584961,122.28790583984923,120.53299412439407,120.81519666314688,1136700
2023-01-09,120.83281707763672,122.75527108442152,120.79753503823119,121.89104950516126,2025800
2023-01-10,119.80989837646484,121.0268735275469,119.31605728795631,120.86813120272033,1246500
2023-01-11,120.20668029785156,121.22083028936729,119.39536837833164,120.67406636609505,1401900
2023-01-12,120.14498901367188,120.68292584334044,119.3601316841054,120.23316721725938,1579200
2023-01-13,120.6652603149414,120.88572596337414,119.66875127805577,119.66875127805577,1479400
2023-01-17,120.69172668457031,121.97925211553519,120.31251873571814,121.31785510684205,1534400
2023-01-18,117.1466064453125,120.2860346630164,117.04078725564038,120.07439628367216,1999900
2023-01-19,116.54696655273438,117.60519900063693,115.91202439276171,116.43232010669175,2109500
2023-01-20,119.16610717773438,119.42184143191497,116.00903719711891,116.65279317997889,2327200
2023-01-23,118.37242889404297,119.37775185452583,118.0285029721977,119.12201758696179,1744000
2023-01-24,118.72515869140625,118.81333687217793,116.52050232979597,117.99321116461309,1952300
2023-01-25,116.45877838134766,117.12017536302832,113.78673565185022,114.26294901410769,3729600
2023-01-26,114.88026428222656,115.78858183880324,113.37227305807203,115.64748056923696,2775300
2023-01-27,113.6897201538086,114.44812249721264,112.84313289960632,114.13065143587711,2374000
2023-01-30,113.75146484375,114.73914667778696,113.37225691779638,113.93664845955404,1417300
2023-01-31,114.65094757080078,114.7214981909482,113.33698095700056,114.1130108663123,2930600
2023-02-01,114.65094757080078,115.46225951826368,113.41634535860831,114.04247370231978,1425700
2023-02-02,114.8008804321289,115.43582265596807,112.85197139030461,113.4604588094969,2047700
2023-02-03,115.7532958984375,115.85030133598053,113.62801696779721,115.03898924751019,1766200
2023-02-06,114.98606872558594,116.0531284373003,114.54513740698853,115.74447113181972,1392600
2023-02-07,114.88026428222656,115.13599855917745,113.27526761726492,113.8308454560836,1635700
2023-02-08,114.64214324951172,115.08307456970215,114.28940357582178,114.44813239213545,1353400
2023-02-09,113.09888458251953,115.45345623745197,113.06361599731555,114.84496885747332,1455500
2023-02-10,113.69854736328125,114.2012155431599,112.96661319002075,113.1517968149134,1735700
2023-02-13,114.73033905029297,114.88906787235406,113.98075039636491,114.05130102488867,1923100
2023-02-14,113.38990020751953,115.27708572455833,113.03714707676328,114.95961463495573,1809400
2023-02-15,112.67559051513672,113.19589298963581,111.75845925799075,113.06361897144626,1260600
2023-02-16,111.52916717529297,111.91718888298234,110.4180183847775,111.27342620686841,1741800
2023-02-17,112.19938659667969,112.33166061015731,111.03532818153063,111.50271430402623,2797200
2023-02-21,113.96311950683594,114.61570278657986,111.48508733031939,111.87310909361807,1936100
2023-02-22,113.34579467773438,114.8273307877265,113.18706587460392,114.12183804278524,1257600
2023-02-23,112.19055938720703,113.72500513270136,111.87308831766184,113.11651779472679,1220700
2023-02-24,111.29106903076172,111.90837695196213,110.85013768479503,111.42334978016741,1169000
2023-02-27,111.33515930175781,112.19056714674697,110.94713758368155,111.71436050949286,1052200
2023-02-28,110.27692413330078,110.92068008291191,109.95945304951961,110.86777047830768,2183600
2023-03-01,109.98591613769531,110.40039267986108,109.0864124231912,109.98591613769531,1338700
2023-03-02,111.70552825927734,111.917180116754,109.77425383836383,110.11817969666669,1763000
2023-03-03,111.54680633544922,112.11119790140377,110.94713945561274,112.11119790140377,1055000
2023-03-06,111.2734375,111.73200315083623,110.87660197000861,111.20288686815486,1165300
2023-03-07,108.99822998046875,111.4409934631867,108.90122454379309,111.4409934631867,1464600
2023-03-08,109.17459106445312,109.43032529421522,108.64546812929368,109.07758564154574,1035400
2023-03-09,109.16571044921875,110.27864689308336,108.6671170960714,109.78895214065294,1363100
2023-03-10,108.92529296875,109.70880443305919,108.59586818745979,109.49512257589475,1347400
2023-03-13,109.58415985107422,111.97919411409512,109.21021489008828,109.26363365799371,1805000
2023-03-14,110.0916519165039,110.29642837639918,109.04994524793169,109.99371298600667,1414900
2023-03-15,112.02371978759766,112.1394627213552,109.57525984352594,109.57525984352594,1936800
2023-03-16,112.99419403076172,113.14555172938589,111.83673762202977,112.30862150175436,1839200
2023-03-17,111.62305450439453,113.39484707953054,111.1422652381761,112.94076719596474,5456000
2023-03-20,114.39203643798828,114.97077144302943,112.81612168688459,112.88735123761185,1559100
2023-03-21,113.98249053955078,114.765988474621,113.22568840379759,114.34752332929608,1528100
2023-03-22,113.43936920166016,115.44265444903073,113.40375442656804,114.23177926719417,1429200
2023-03-23,113.40374755859375,114.32079909217586,113.09211999361658,113.09211999361658,1385000
2023-03-24,116.1727294921875,116.26176982320918,113.91124909209579,114.08931616849208,1569800
2023-03-27,116.0302963256836,117.36581991919846,115.63854056454879,116.6357271669657,1251000
2023-03-28,117.14323425292969,117.35690933599423,115.97686555339122,116.48437104696697,1557500
2023-03-29,117.95343780517578,118.40752451343172,117.47265529804109,117.53497266672137,1349200
2023-03-30,118.4253158569336,118.48764680818012,117.78426348868646,117.81098645754041,1280900
2023-03-31,119.50264739990234,119.55606616777804,118.72804809440883,118.72804809440883,1660400
2023-04-03,120.20600128173828,120.65117573612156,118.73693101653197,119.44921286067444,1905300
2023-04-04,119.71634674072266,121.61278109779035,119.41361771966442,120.6868240054659,1642300
2023-04-05,120.78473663330078,121.79082166537833,120.12587354774728,120.5354400248527,1421100
2023-04-06,121.52375793457031,122.06687144859254,120.83818529885221,121.2655490782903,1465700
2023-04-10,120.7046127319336,121.11416563777965,119.97452007751289,120.72240992912919,1015200
2023-04-11,121.07855224609375,121.2922272880643,120.45529714529006,120.85596502027704,1317600
2023-04-12,121.73738861083984,122.24489395207979,120.23269695289002,120.56213524980961,1119100
2023-04-13,122.38739013671875,122.65448399137529,120.82927925152809,121.10528529177235,1527100
2023-04-14,122.2716293334961,122.77022259788906,121.80864405128226,121.80864405128226,1183500
2023-04-17,123.42906188964844,123.5982303400091,122.49419290678077,122.66336135714144,1402600
2023-04-18,123.51811218261719,123.80303038192096,122.92157998667835,123.21539678509255,1730400
2023-04-19,123.22428894042969,124.11463788822367,123.04622186800025,124.11463788822367,946600
2023-04-20,123.8831558227539,124.15026323235031,123.19758330810748,123.59825121532569,1564500
2023-04-21,126.04669952392578,126.25147596569363,124.28379893103248,124.28379893103248,2005800
2023-04-24,126.81240844726562,126.87473940176716,125.78851247582648,125.97549175368276,1939700
2023-04-25,128.80679321289062,131.6559074066488,127.96096434710043,128.97596170317829,4344000
2023-04-26,127.86302947998047,129.72385576108206,127.36443617840764,127.66715159926993,2559300
2023-04-27,130.32928466796875,130.36489264856272,128.0767028936986,128.14791885488654,1636400
2023-04-28,129.00265502929688,130.9614199445783,128.03217796288487,130.49844828585574,2165700
2023-05-01,129.85740661621094,130.39160786289693,128.94924683550292,129.20744206688735,1606600
2023-05-02,129.88414001464844,130.30260520736556,128.95816927881268,129.80399826502705,1398500
2023-05-03,129.61700439453125,130.8991090821826,129.35879558584327,129.9909493308217,1674500
2023-05-04,128.57530212402344,130.1245006864795,128.20135717495998,129.456738937656,2222000
2023-05-05,129.26087951660156,129.85742538604714,128.05001774816733,128.33492240378436,1636600
2023-05-08,128.86911010742188,129.47454086382484,128.49516518394122,129.0916973418018,1421800
2023-05-09,128.13902282714844,129.69713353309962,127.90753698452582,129.2875806126406,1372300
2023-05-10,127.68496704101562,128.4417556207704,126.9281648756118,128.03220264482053,1678800
2023-05-11,127.92533874511719,128.3883240325231,127.20415822348643,128.10341941495247,1618300
2023-05-12,128.7889862060547,128.84241856164562,127.61373251037612,128.10342721092906,1094400
2023-05-15,128.07672119140625,129.35881246065892,127.64934384933983,129.10951580394462,1720600
2023-05-16,128.7978973388672,129.0471939869934,127.43566437387462,128.26368247251196,1617100
2023-05-17,128.96707153320312,129.1718480205763,127.76509482359957,128.9314499615258,1403700
2023-05-18,128.03219604492188,128.4417489997598,126.84803017871943,128.43285040009752,1273900
2023-05-19,129.12730407714844,129.34989130938314,127.72055113914749,128.2725767133292,1745600
2023-05-22,125.2721176147461,128.92255441617493,125.10294910939291,128.52190003203012,1751800
2023-05-23,123.37566375732422,125.0584227735176,123.16197511288878,124.88925429487878,1825100
2023-05-24,122.55657196044922,123.74965031103609,122.4586329970201,123.74073812349143,1081900
2023-05-25,122.01343536376953,122.46752210210619,121.42581527960022,121.87098983207196,1268000
2023-05-26,121.35456085205078,122.17368023046086,120.67788697614728,121.79973531329406,1257600
2023-05-30,118.92394256591797,120.19713533015508,118.5143759789589,119.97454804250664,1941100
2023-05-31,119.55607604980469,120.22383787474132,118.22945100009687,119.3780089469514,5126100
2023-06-01,119.24443817138672,120.20601674684403,118.73694629263444,120.16151016419666,1546500
2023-06-02,121.16758728027344,121.20320884680461,118.84377594023088,119.04856598366756,1869500
2023-06-05,121.63949584960938,123.33116737659823,120.7224373170577,120.7224373170577,1568500
2023-06-06,120.74913787841797,122.09357368399118,120.10808545398609,121.84427702845088,1520600
2023-06-07,120.19712829589844,120.58888407293708,118.70134833154994,119.38690735571845,1893200
2023-06-08,121.0054931640625,121.16716256950697,120.17016011960378,120.31387539473863,1419100
2023-06-09,120.80791473388672,121.03246476127312,120.24204427913024,120.41270449281528,1033200
2023-06-12,120.95159912109375,121.18512615591706,120.02645434119809,121.18512615591706,1762100
2023-06-13,120.77198028564453,121.01448442225303,120.03544969327757,120.49352676787156,1362300
2023-06-14,121.3647689819336,121.73303423897787,120.57436237088038,120.91566902127761,1335100
2023-06-15,122.4426040649414,122.76594283769919,121.21206101170054,122.10128375310858,1493100
2023-06-16,123.66414642333984,123.83480658447296,123.01745515261499,123.44858723491215,2594500
2023-06-20,122.5054931640625,124.43661761429497,122.47854826144112,123.90668292214944,1585100
2023-06-21,124.0863037109375,124.36475717681947,122.37075241474014,122.58631160711063,1359800
2023-06-22,123.4935073852539,125.02942151682262,123.36775994930416,124.80487154509505,1288300
2023-06-23,123.02643585205078,124.6881110743013,122.82883078652556,123.95158061089965,3228900
2023-06-26,122.5054931640625,123.53841764573218,121.16717027694413,122.9995058878608,1674000
2023-06-27,124.19412994384766,124.23904268931457,122.22706955922942,122.49653232658525,1292600
2023-06-28,123.01748657226562,123.72705859114012,121.68814061204094,123.71808152447674,1254600
2023-06-29,123.19710540771484,123.69111810917914,122.02046569496375,122.60429016595768,1232500
2023-06-30,124.00547790527344,124.26596355532126,123.19710346503771,123.54740088319893,1593700
2023-07-03,123.4845199584961,123.88870717746138,122.26296753100438,122.90967256352604,1012100
2023-07-05,123.62822723388672,123.93361189463812,122.82882991283621,123.57433743557084,1847300
2023-07-06,123.83480834960938,123.8527761840484,122.45158661752876,123.03541103509795,1672800
2023-07-07,121.5803451538086,123.14321799271602,121.31088242910822,123.09830525435869,1610100
2023-07-10,121.41864776611328,122.93660768825299,121.11326310988592,122.03840784844884,1717200
2023-07-11,121.44561004638672,121.7060819774198,120.43961687565489,121.57135747954791,1305500
2023-07-12,120.95159912109375,121.49051082578809,120.55638898105241,121.35578632597515,1800900
2023-07-13,121.05940246582031,121.4186770060855,120.34983045189077,121.4186770060855,1097300
2023-07-14,121.3737564086914,121.62525128329445,120.53842337805489,121.13123859909464,1319300
2023-07-17,120.84383392333984,121.58934164173795,120.45761446374874,121.34683748566964,1059100
2023-07-18,120.26897430419922,121.70609978382431,120.13424978661625,120.67317526783674,1363600
2023-07-19,121.5713882446289,121.78694749577375,120.35881263515611,120.41270244794232,1685200
2023-07-20,121.14022064208984,121.19411044522745,117.50252187586901,119.45161408685749,2282500
2023-07-21,123.1881332397461,123.54742148845091,121.3647882070858,121.4995264398921,2080700
2023-07-24,123.20606994628906,124.09529271851476,122.6671582675744,123.38570717252729,2589800
2023-07-25,119.38873291015625,122.85578518408542,117.86179577204557,122.85578518408542,3840500
2023-07-26,118.46358489990234,119.91866435998634,118.10431042014721,119.31687206840293,2739400
2023-07-27,117.05342864990234,118.78694804272554,116.76599807602511,118.78694804272554,3376800
2023-07-28,117.14323425292969,118.51747906144209,116.96359700644348,117.55641225474702,1816000
2023-07-31,115.95763397216797,117.32288820420692,115.40973138383478,116.90073307686274,3115200
2023-08-01,115.86779022216797,116.83784778496023,115.46360299736531,115.88575805817611,2011400
2023-08-02,116.28994750976562,117.09832197485014,115.65221952097502,115.8318704736102,1443900
2023-08-03,115.56239318847656,117.02644958877968,115.35579736006724,116.44262518261142,1215500
2023-08-04,114.76300048828125,115.89473430353215,114.69114970292175,115.553413949008,1355400
2023-08-07,115.49054718017578,116.07437164509832,114.91569978047988,114.91569978047988,1116600
2023-08-08,114.5564193725586,115.95761591682485,114.52947447121683,115.95761591682485,1177100
2023-08-09,114.79894256591797,115.69714258750304,114.45762902469568,114.52050275209774,1191100
2023-08-10,114.77198028564453,115.99353267827942,114.45761169622848,114.65521676749609,1498500
2023-08-11,114.93365478515625,115.38276157382415,114.70910481718289,115.35580296866036,918700
2023-08-14,114.45761108398438,116.01149989295936,114.36779246644899,115.56239995256121,1324100
2023-08-15,113.62228393554688,114.70012104206832,113.4426467020337,114.27797285804024,1179200
2023-08-16,113.48756408691406,114.51151149771097,113.37978447697031,114.02648269479845,1268600
2023-08-17,113.92768096923828,114.63725976826194,113.37978529173591,113.52349372360091,1711100
2023-08-18,115.18514251708984,115.67016435861491,113.47855474448083,113.79293014364164,2220600
2023-08-21,113.80192565917969,115.52646783874528,113.46959607879593,114.7270773211664,1203300
2023-08-22,114.9246826171875,115.24803515234531,113.45163522490058,113.72109795510605,1336600
2023-08-23,115.60731506347656,116.08335991364616,115.03246767617121,115.4815676257986,1597500
2023-08-24,115.45462799072266,117.14324846452874,115.44565092421445,115.86780604266598,1397000
2023-08-25,116.0564193725586,116.48755150287163,115.02348122634943,116.04742860174494,1165800
2023-08-28,116.30790710449219,116.75700704336984,115.73305973094651,116.1013112646899,1486800
2023-08-29,116.32586669921875,116.58635235105342,115.20311679927687,116.58635235105342,1235300
2023-08-30,116.28099060058594,116.93667283394198,115.99355999090088,116.37080238702816,930300
2023-08-31,115.71510314941406,116.52347763583302,115.68815824689635,116.2540149052121,1795500
2023-09-01,114.48456573486328,115.96659703494917,113.64025558213227,115.83187252353197,2271700
2023-09-05,114.08935546875,114.58336818595409,113.62229450652947,113.93666312078578,2198100
2023-09-06,113.703125,114.91570037861904,113.703125,114.02647752060219,2136000
2023-09-07,115.2625732421875,115.97882857416751,113.64873509145794,114.11112917508052,1723800
2023-09-08,115.57991027832031,115.96977061235806,114.98151710259707,115.4529727330332,1261300
2023-09-11,116.09668731689453,116.667868157582,115.85188762265749,116.07855041951422,1311900
2023-09-12,113.1772689819336,116.1420222278501,113.00500304343458,116.0876115359037,1788100
2023-09-13,113.32234191894531,114.04766571218444,113.09567909820814,113.66687383347406,1356400
2023-09-14,114.12925720214844,114.35592001532834,113.1954075185993,113.55806940312715,982100
2023-09-15,113.3404769897461,114.99058202140408,113.12287570496466,113.9751301106914,2274300
2023-09-18,113.44019317626953,114.03857933198586,112.91433385471328,113.6849859406082,1378100
2023-09-19,112.76021575927734,113.27700668274517,112.28875324690675,113.0956722867565,942900
2023-09-20,113.2679443359375,114.09299340123555,112.6604896403488,113.24074590437387,1212200
2023-09-21,113.57620239257812,114.59165431270942,113.42207333566185,113.87539897402756,1675800
2023-09-22,112.3975601196289,113.93886452643508,112.19809573157627,113.40394359229421,1439800
2023-09-25,111.95329284667969,112.76927339020209,111.52716567734706,112.38848154759835,1142900
2023-09-26,111.99861907958984,112.6967443613288,111.40929442956592,111.40929442956592,1375400
2023-09-27,110.30318450927734,112.36127961875148,109.68666143784553,112.04395309313206,1466900
2023-09-28,110.24879455566406,110.85624925473992,109.65946983866793,110.7202570961411,1319100
2023-09-29,109.56880950927734,110.84719117755786,109.1245523038723,110.83812272763515,1710200
2023-10-02,107.90056610107422,109.34213825364546,107.13897546188186,109.03388015203903,1742300
2023-10-03,109.29681396484375,110.02213083450177,107.90057017132169,107.97309701624731,1720200
2023-10-04,109.72293853759766,109.81360920239524,108.06377189669011,109.40561196240772,1564000
2023-10-05,107.4291000366211,109.41466840188322,107.25684101025574,109.0973418615262,1598500
2023-10-06,107.71923065185547,108.08189252806665,105.46167102117087,107.23870660568565,1260000
2023-10-09,107.50164031982422,108.0909650260924,106.3864562192121,107.69203625559699,1188200
2023-10-10,108.53522491455078,108.92508524528762,107.67390895736958,108.39922583783786,1212400
2023-10-11,108.20881652832031,109.06107084770647,107.56509502309017,108.94320868495713,1068300
2023-10-12,108.57147979736328,109.15173600449096,107.31123519902037,108.78001261423711,2032600
2023-10-13,109.16987609863281,109.70479699513001,108.75281045267252,108.86161108864475,1370800
2023-10-16,110.3394546508789,110.8471840559221,109.38747498617312,109.80453373221566,1408600
2023-10-17,110.40291595458984,110.60238032963117,109.6322638014573,110.09465786021677,1392100
2023-10-18,111.90796661376953,112.25249160642676,111.04665067352634,111.32771035392565,2036600
2023-10-19,111.39117431640625,112.61515213352043,110.83811649463166,111.9714305692189,1696700
2023-10-20,111.59970092773438,112.37942156928386,111.2007790746906,112.05302656039336,2082700
2023-10-23,110.43919372558594,111.80823913886564,110.32133154561902,111.68130850899341,2921900
2023-10-24,109.25146484375,111.95328834569429,107.32936189323664,111.06476716480809,3814700
2023-10-25,107.69203186035156,110.09465900033999,107.41097219290081,109.65040183500173,3675900
2023-10-26,108.95227813720703,110.72931374221648,107.39283689355383,107.49256908359213,3365100
2023-10-27,105.95126342773438,108.65308022298473,105.74273060099763,108.35389057377107,2507300
2023-10-30,108.36296081542969,108.4717614621068,106.49526134260908,106.71285571876281,2026100
2023-10-31,108.47176361083984,109.1426836523045,107.67391293767108,108.72562487424806,2835700
2023-11-01,108.31761932373047,108.79814335010816,107.7917599707437,108.79814335010816,1973700
2023-11-02,109.7501449584961,109.83174025696962,108.22697046551798,109.00669115342347,2037600
2023-11-03,108.2450942993164,110.46638713834214,108.00936303289402,109.96773309141811,2482000
2023-11-06,109.51439666748047,109.71386103347763,108.24508363429817,108.24508363429817,1603300
2023-11-07,109.16987609863281,110.1309241728548,108.97041172461697,109.30586824709833,1484700
2023-11-08,109.39654541015625,109.9042679071639,108.63495474744455,109.57787289703035,1252500
2023-11-09,108.9069595336914,109.704810208653,107.8915075605761,109.49627736055588,2289100
2023-11-10,109.55973815917969,109.8136063298915,108.40829406869551,109.46907441395422,1319000
2023-11-13,109.90426635742188,110.14905915297014,109.46000917880458,109.51440604065972,1097900
2023-11-14,109.83173370361328,110.62958432672937,109.63226931853421,110.058396519894,1236700
2023-11-15,110.2034683227539,110.67492395536057,109.67760890843076,109.88613483387584,1966100
2023-11-16,110.34852600097656,111.45464166474011,109.50534003738635,110.43012821278221,2568700
2023-11-17,109.88612365722656,111.05570454576494,109.77732993926006,110.84717864152928,1934100
2023-11-20,109.2877426147461,109.87706731127757,109.02481292191821,109.43280321794764,1733200
2023-11-21,110.2034683227539,110.37572736612148,109.1336195116691,109.50534294786272,1500800
2023-11-22,110.90157318115234,111.12823597844191,110.36665229980477,110.68397883257025,1427200
2023-11-24,111.00131225585938,111.24610504856005,110.34852225239085,111.01944223720015,666500
2023-11-27,110.97411346435547,111.13731096469188,110.24878970348254,111.13731096469188,1387400
2023-11-28,110.60237884521484,111.53622848201147,110.4482498000969,110.93784228211838,1802400
2023-11-29,110.40291595458984,111.0375759585577,110.03119255153996,110.34851909492397,1657500
2023-11-30,112.17994689941406,112.23434375348772,109.64132097892275,110.28504244852466,2741400
2023-12-01,112.46102142333984,112.47915140469817,111.61783548757617,112.18902328256443,1802300
2023-12-04,112.5788803100586,113.21354031428147,112.0620893914256,112.22528688768864,1693500
2023-12-05,110.11280059814453,112.85995992194034,109.67761183599912,112.62422864074452,2001900
2023-12-06,111.01944732666016,111.03758422603242,109.84987325356236,110.41199262449611,2415600
2023-12-07,111.22084045410156,112.06308113163243,110.54339222140857,111.22084045410156,2007000
2023-12-08,109.8018569946289,111.17506678401844,109.48143578949976,111.06520748644506,1795500
2023-12-11,110.74481201171875,110.79058148840882,109.48145432154648,110.14059624954812,1337300
2023-12-12,111.47716522216797,111.5320983620215,110.64408826653806,110.98281585502839,1650700
2023-12-13,113.17080688476562,113.20742665329644,110.5891725716498,110.91874350392047,2310700
2023-12-14,110.62578582763672,113.07925445361526,110.45185065700663,113.07925445361526,2112100
2023-12-15,109.34413146972656,109.76524834297183,108.24555933627612,109.47229717095308,5048900
2023-12-18,110.39691925048828,110.8455061855899,109.40821341839258,109.65538813028981,1710100
2023-12-19,110.56169891357422,110.7814175176182,109.87509399107635,110.31452421465782,1277800
2023-12-20,108.75823211669922,110.24129441010874,108.72161234612642,110.03988916421187,1801100
2023-12-21,109.33496856689453,109.49975402832078,108.0807677224555,109.25257234392816,1369500
2023-12-22,110.04903411865234,110.50677072524411,109.51805797872437,109.60961088764779,1134000
2023-12-26,109.9391860961914,110.22298757085491,109.56384567222709,110.05820209619796,792600
2023-12-27,110.14057922363281,110.20466206869862,109.45397431885344,109.55467693031491,941800
2023-12-28,110.60747528076172,110.6715581274302,109.93917675021335,110.1680450575303,1129700
2023-12-29,111.23915100097656,111.33069692449776,110.55254609780822,110.60747225501967,1765800
2024-01-02,112.01730346679688,112.85953715072615,110.95535118179413,110.95535118179413,2347700
2024-01-03,111.44971466064453,112.850387655354,111.04691116868337,112.44758416339285,1742500
2024-01-04,112.17293548583984,112.7588378033231,111.34900816922071,111.57787648025344,2018600
2024-01-05,111.9166030883789,112.62151440683655,111.20253508190048,112.16377778888817,1394100
2024-01-08,112.79546356201172,112.85038972453471,111.79760102547378,112.55743855023388,1535700
2024-01-09,113.1891098022461,113.19826649022438,112.19124733231246,112.87785225604874,1403200
2024-01-10,112.85039520263672,113.45461095774779,112.0997073455185,113.22574262344946,1899500
2024-01-11,113.35388946533203,113.53698130849408,112.40179651497598,113.10671477861267,1608400
2024-01-12,113.67430877685547,114.10458231052351,113.25319193110768,113.82078784555371,1201800
2024-01-16,112.66728973388672,113.72924202945289,111.79759296229884,113.60106935196522,2725600
2024-01-17,112.89616394042969,113.82079390340596,112.33772468418225,112.3926508456142,1822200
2024-01-18,112.63983154296875,112.91446933220172,111.83421758290932,112.0264661307244,1348000
2024-01-19,112.39265441894531,113.12503585568778,112.09055353695803,112.75884513731654,1806000
2024-01-22,111.9990005493164,112.60321628192915,111.62366012698695,112.2461822524787,1925000
2024-01-23,114.38838958740234,114.89190271181477,112.83208772295752,113.2440479269261,3656800
2024-01-24,108.06246948242188,110.79057601298169,107.81528777938365,109.59130822155826,6020600
2024-01-25,110.30537414550781,110.38777037309505,107.95260808261897,108.16317001133581,2769500
2024-01-26,110.92790222167969,110.97367868218969,109.80187393200934,110.28707368158334,2579700
2024-01-29,111.01944732666016,111.2940921186485,110.28707285553652,111.05606709789241,1823100
2024-01-30,111.41309356689453,111.54125926524573,109.78355227256645,111.09267932101655,1949800
2024-01-31,110.74481201171875,112.00816271738367,109.98496745668868,111.86169061366517,2586300
2024-02-01,112.99687194824219,113.04264840795643,109.5363839228621,110.49762671629705,1939700
2024-02-02,111.9257583618164,113.39051412383748,111.7151964470385,113.10671965933832,2485800
2024-02-05,110.75396728515625,112.09970722236588,110.66241436393167,111.77929295160169,2232500
2024-02-06,111.07437133789062,111.48633150747482,110.39691610258753,110.70818064020101,1741500
2024-02-07,110.83634948730469,111.70604630759588,110.44269569838717,111.70604630759588,1903500
2024-02-08,110.10395050048828,110.77224895995815,109.58213109468524,110.67154635668864,1985800
2024-02-09,109.68285369873047,110.28706942852686,109.04202518334671,109.93003540074062,1612700
2024-02-12,109.9208755493164,109.93003223770327,108.77653395869535,109.39905606337348,1651100
2024-02-13,108.52935791015625,110.58001605960304,108.11739075190808,110.24128843853322,1789200
2024-02-14,108.39203643798828,108.58428498632237,107.7237378784878,107.99838265296893,1590600
2024-02-15,108.74905395507812,108.78567371842023,108.07160579451332,108.62088827563358,1591000
2024-02-16,108.29133605957031,109.03286718769792,107.96176511717873,109.03286718769792,1731300
2024-02-20,109.07865142822266,110.29623266423299,108.63007144082684,108.75823715151135,2293200
2024-02-21,110.26876068115234,110.29623074825676,109.31667455675118,109.47230334780645,1301100
2024-02-22,110.81804656982422,111.01029512609036,108.5934461551632,109.63708516604052,1679800
2024-02-23,111.35816955566406,112.28279952690941,110.72649075552032,111.10183815401352,1488300
2024-02-26,110.98282623291016,111.7609771059566,110.83634715894502,111.2025378593512,1413500
2024-02-27,110.94621276855469,111.23000725985443,110.30537726030396,110.7631139156943,1162600
2024-02-28,110.98282623291016,111.31239018031837,110.3419907610727,110.85465355093733,1080400
2024-02-29,110.92790222167969,111.55042436827641,110.35115653559298,110.95536530418279,3266000
2024-03-01,112.51166534423828,112.66729412256242,110.77226474880203,111.44056330352734,2340800
2024-03-04,113.0517807006836,114.3242878582752,112.58489440913978,112.66728364252772,3453100
2024-03-05,113.17080688476562,113.88487490984986,112.59405426103861,113.31727897438222,2359100
2024-03-06,114.26020812988281,114.41584388247931,112.83207216951352,113.12502331483303,2563600
2024-03-07,116.39583587646484,116.53451381749593,114.14002872582142,114.63926508146152,2629200
2024-03-08,116.16471862792969,116.61772669224993,115.41586050133076,116.22018698788008,2004100
2024-03-11,117.20939636230469,117.27411179103865,116.33111453613637,116.5992233275921,1261000
2024-03-12,117.14469146728516,117.95825793787586,116.77488596121543,117.03374769942822,1888400
2024-03-13,118.24485778808594,118.29107906671669,116.98752333269744,117.39431008398581,1829600
2024-03-14,115.38810729980469,118.20786602334557,115.07377724063097,117.85655471248333,2560200
2024-03-15,115.07378387451172,115.97979990602774,114.07531118171808,114.07531118171808,6511100
2024-03-18,114.85191345214844,115.91509461531751,114.80568511746563,115.0090785045443,2156000
2024-03-19,115.61002349853516,115.89661945342434,114.83343112726985,115.36040175105713,1668500
2024-03-20,115.02755737304688,115.76716835431155,114.79642982308329,115.48981247297404,1326900
2024-03-21,115.38810729980469,115.51753815398828,113.73323331736869,114.66699052550965,1799900
2024-03-22,115.49907684326172,116.10000997383352,115.33266470023344,115.7856727910227,1440400
2024-03-25,115.73018646240234,117.02450214575927,115.51754601408783,115.72093938548788,2332000
2024-03-26,116.57148742675781,117.00600834817124,115.77641514601886,115.97056144109555,2045500
2024-03-27,117.66241455078125,119.52992212268951,116.76564554738259,119.52992212268951,2416400
2024-03-28,119.58540344238281,120.15859526861156,118.69786741789025,119.16012253114738,3204100
2024-04-01,119.07691192626953,119.77953457231548,118.67936522021976,118.89201271487909,2093400
2024-04-02,118.05070495605469,119.87199110549311,118.02297077972054,118.79955593088769,2287100
2024-04-03,116.54375457763672,118.14316034119182,116.37734245803823,117.92127986621153,2100900
2024-04-04,116.9505386352539,117.69014960610704,116.5529989727746,117.15393200491117,2009200
2024-04-05,116.7748794555664,116.94129157135413,115.78565383767635,116.5529989856671,1558500
2024-04-08,116.53451538085938,117.5237410284209,116.21093116296143,116.57148958240748,1343600
2024-04-09,118.28185272216797,118.3742952901203,116.59924422013843,116.68244676336793,1884900
2024-04-10,117.56072235107422,117.87505243858625,116.91356096835909,117.61619070688148,1690700
2024-04-11,116.562255859375,118.30957969527933,116.45131208837422,118.30957969527933,1988700
2024-04-12,114.5375747680664,116.70093242954759,114.49134643399942,116.35886109643101,2661600
2024-04-15,115.93357849121094,116.09999060647898,115.28641713030053,115.54528590673645,2340800
2024-04-16,115.82264709472656,116.69168901761944,115.4713357265238,116.29414931389756,2296000
2024-04-17,116.45130920410156,116.67318968715401,115.61000855190709,116.10923787541176,2290800
2024-04-18,116.12772369384766,117.0152526157988,115.49905649245066,116.74714381852405,2350800
2024-04-19,117.25562286376953,117.33882539079369,115.0645312905825,115.4620709333096,4795600
2024-04-22,119.19709777832031,119.29879446840484,117.26487477362083,117.88430199144116,2705600
2024-04-23,125.77035522460938,129.20029410521005,124.79037671783931,128.46993729011524,5773600
2024-04-24,127.37901306152344,127.78579980290502,124.3096465612091,125.41905596967325,3551300
2024-04-25,126.13093566894531,128.83051820635168,125.55774378710686,127.56392948044933,3024200
2024-04-26,125.0307846069336,126.38981594775198,125.02153047502742,125.96453498041146,2123900
2024-04-29,125.66867065429688,125.6871648091047,124.22643693123604,125.03077043594827,2148100
2024-04-30,126.223388671875,126.75960633250767,124.04154382481097,125.23416999789788,2875700
2024-05-01,126.16793060302734,127.22187185454129,125.03078680434592,125.03078680434592,2105600
2024-05-02,126.19564819335938,126.63016913620406,125.52999968972098,125.63169638074648,1687200
2024-05-03,125.81658935546875,126.34356693920518,124.61472327768762,125.53923347491832,1907300
2024-05-06,125.70565032958984,126.11243706598033,124.5962409347377,125.75187865998073,1796200
2024-05-07,125.71489715576172,127.00921994221758,125.40056706314354,126.59317905309204,2614100
2024-05-08,125.66867065429688,126.37130746792627,125.25264386601499,126.22338244327726,2180700
2024-05-09,126.34356689453125,126.51922608904795,125.22490334923897,125.85357761872473,1164700
2024-05-10,126.3528060913086,126.7503528089673,125.71489180251376,126.41752857598331,1048900
2024-05-13,126.00149536132812,127.0924247884207,125.64093692926085,126.38054794827002,1194200
2024-05-14,124.90132141113281,126.50995997292077,124.29114135332819,125.99223656880949,1454900
2024-05-15,123.9860610961914,125.26188966180716,123.90285856545277,124.85510292454383,2166700
2024-05-16,124.5037841796875,124.8181142550582,123.75493319140193,124.11549159712852,1631800
2024-05-17,124.1524887084961,124.55927551964743,123.51458841672705,124.55927551964743,1418800
2024-05-20,123.53304290771484,124.15246302129758,123.32964954422135,124.13398297509308,1796400
2024-05-21,123.64399719238281,124.41134233858773,123.27418465432302,123.88436476194224,1384900
2024-05-22,123.76417541503906,123.80116372274368,122.83966521910831,123.12626112274187,1518500
2024-05-23,121.8874282836914,123.2279653282123,121.63782067253088,123.21872530417534,1568900
2024-05-24,121.97988891601562,122.6085491367272,121.48064546365535,122.23875066653302,1413900
2024-05-28,119.4004898071289,121.49913196589938,119.15088220357916,121.30499271869402,2189600
2024-05-29,118.48523712158203,119.4004932414026,118.29108376188582,119.16936567871548,1608500
2024-05-30,119.88124084472656,120.44519265407037,118.48523546411134,118.48523546411134,2681000
2024-05-31,123.23722839355469,123.57005267280462,119.57616132180547,119.8812514200269,4228800
2024-06-03,124.70719146728516,125.26190327965993,123.65325030929903,124.45756974102578,2184300
2024-06-04,127.01844024658203,128.17407785494925,125.10471170271619,125.49300424629905,3553400
2024-06-05,126.50997161865234,127.21260839483072,125.2433971665081,126.80582165218135,1593400
2024-06-06,126.65792083740234,126.90754258752729,125.65020791858767,126.58395831488721,1791200
2024-06-07,125.44522094726562,127.12429432403009,125.3705938823364,126.63922551881875,2185200
2024-06-10,126.36873626708984,127.01238235667435,124.46578137321741,124.95085026058916,1938800
2024-06-11,126.5366439819336,126.59262496865827,125.38928284313634,126.200829229888,1910800
2024-06-12,126.1075439453125,126.63924228203535,125.05345608493646,126.63924228203535,1908700
2024-06-13,130.0626678466797,130.17461556588447,128.8500171301671,129.4843258598101,3493800
2024-06-14,130.11866760253906,130.5384324675806,129.12986948075374,129.52166520402977,1736300
2024-06-17,131.01414489746094,131.59250111676408,128.9246439254997,129.22313796421224,2006600
2024-06-18,132.15219116210938,132.27346193466178,130.69699882611556,130.90221971797712,1433100
2024-06-20,130.70632934570312,132.6465906491818,130.29588753851309,131.5272129600832,1752900
2024-06-21,130.10000610351562,131.57385887518438,129.99739564999248,131.1540940139206,3481100
2024-06-24,130.31454467773438,131.58317648998178,130.05335703112397,130.55708623077206,1468500
2024-06-25,129.12054443359375,130.49178674284136,128.9060004807684,130.4078366178653,1617300
2024-06-26,129.82015991210938,130.1000079013724,127.7959484225074,128.51422160709518,1818400
2024-06-27,129.98806762695312,130.35186572394375,129.19516740429341,129.8481365227818,1421900
2024-06-28,128.91531372070312,130.2865559256341,128.79405718284883,129.7268742347116,4428300
2024-07-01,128.5608673095703,130.8089458386042,128.55153002846504,129.7921785543461,2052800
2024-07-02,128.7194366455078,129.5029995927745,127.77728226575346,128.72875969238265,1726800
2024-07-03,128.281005859375,128.76606048151925,127.61869948508681,128.39293935161464,736900
2024-07-05,128.999267578125,129.26979250185474,127.4881084650796,128.29965476895077,1221400
2024-07-08,129.92276000976562,130.1279809032879,129.01792631568804,129.1765035091082,1348600
2024-07-09,130.0626678466797,130.6130406958204,129.23246128367168,129.74551348185815,1875300
2024-07-10,131.331298828125,131.349959153501,130.09998779280602,130.43580248128535,1298500
2024-07-11,131.5458526611328,132.2081447368012,131.03280048259282,131.58315907700057,1396800
2024-07-12,132.0216064453125,132.84249006935462,130.95819549310326,131.72311236708066,1478800
2024-07-15,131.5365447998047,132.65593679738984,131.49923837559342,132.0309367641519,1863300
2024-07-16,132.8891143798828,133.06633765133918,131.4898888978134,131.57383901065973,1917000
2024-07-17,133.9058837890625,135.19316157586942,132.83313569412252,133.14096701352315,2296300
2024-07-18,134.3816375732422,135.83683006308533,132.92644508339905,133.13166599695745,2316500
2024-07-19,133.9805145263672,135.47301323364528,133.70998961691404,135.333096372658,4086100
2024-07-22,134.4562530517578,134.68013427459204,133.1969443030112,133.85925069119224,2620400
2024-07-23,126.75120544433594,131.20073323144914,126.49934081540059,130.46381390769267,5074500
2024-07-24,131.07008361816406,131.12606458250852,125.62243691499765,125.7157242885836,3581800
2024-07-25,131.592529296875,133.29957224804107,131.11678341511254,131.52722526068766,2704900
2024-07-26,132.2827911376953,132.93576026325422,131.5645179827508,132.16152035949887,2064500
2024-07-29,131.38729858398438,132.1242178546033,130.41716079697483,131.89101357187252,3083100
2024-07-30,127.21760559082031,128.69145837406816,126.31277183000574,128.01049161640117,3517800
2024-07-31,125.9769515991211,127.02170219135253,125.03479722308589,126.8911083673236,3375600
2024-08-01,129.17649841308594,129.48432974122537,126.4340140657149,126.97504965150618,2497300
2024-08-02,130.6876678466797,132.62791468778946,128.25301489889017,130.7063139385107,2401700
2024-08-05,128.40228271484375,131.62983651047512,127.66536338490076,130.72500268194526,2547200
2024-08-06,129.7362060546875,131.34997567811888,129.4656811205039,129.53098515070667,2077300
2024-08-07,130.61306762695312,132.09624355089758,129.87613407206646,129.9041174492231,2392200
2024-08-08,131.7604217529297,131.79772817592539,129.80150005464336,129.80150005464336,2144200
2024-08-09,130.89291381835938,131.4619186350998,130.27725106212338,131.27535804542057,1485200
2024-08-12,129.0085906982422,130.15595159392697,128.46755514382673,130.15595159392697,2394100
2024-08-13,129.1392059326172,129.5869541702097,128.63547671087323,129.1765123550583,1777100
2024-08-14,131.3592987060547,131.56450535411057,128.28099971400377,128.7287478951714,2167100
2024-08-15,132.25479125976562,132.3760620228292,130.6410218579043,132.0402473382096,1875600
2024-08-16,132.8891143798828,133.08499797652425,131.8816703247539,132.43202893162336,1552600
2024-08-19,133.82196044921875,134.00852104063858,133.1409936517283,133.1409936517283,1311700
2024-08-20,134.54954528808594,134.67080183369353,133.60739089592036,133.60739089592036,1092500
2024-08-21,134.86668395996094,135.89277412274805,134.18573153340628,134.77339656622672,1447300
2024-08-22,134.88536071777344,135.49168614993755,134.25103767715197,135.49168614993755,1420900
2024-08-23,133.9618682861328,134.96931249214657,133.02905115837856,134.87602508590723,1252000
2024-08-26,134.4562530517578,134.5308801260359,133.56074239407994,133.83126731754533,1148400
2024-08-27,133.8965606689453,135.17452977863005,133.3648623218687,134.37230650090055,1265100
2024-08-28,134.19508361816406,135.4823759152362,133.58875812866074,134.42828791930546,1467100
2024-08-29,133.5980682373047,134.43759794663902,133.09433902477645,134.3536478224375,1879200
2024-08-30,134.94134521484375,134.98798892352778,133.79396976259474,133.8406134712788,2421700
2024-09-03,137.45059204101562,138.07557772933134,135.25846637526368,135.25846637526368,1904100
2024-09-04,138.3834228515625,138.86847749663553,137.5345558721956,137.82372689658976,1853600
2024-09-05,138.10357666015625,139.27892110040835,137.43194719896658,138.85915624557973,1788200
2024-09-06,138.17881774902344,139.33571211449225,138.04713883223778,138.10357060344225,2160600
2024-09-09,138.43275451660156,138.83720611198717,137.68031179835603,137.97188550446492,1836500
2024-09-10,137.55804443359375,139.50502672065528,137.3135019657385,138.43276562209311,1498600
2024-09-11,134.68930053710938,137.12536759422144,133.9274429468247,137.12536759422144,2350400
2024-09-12,133.91802978515625,135.19720239366117,133.2596209329558,134.88681333954707,1977100
2024-09-13,134.9902801513672,135.15017493793354,133.09032938123764,133.34428667845435,1960400
2024-09-16,135.6298828125,136.21304464617478,135.18781476926296,135.54523514939333,1650900
2024-09-17,133.2408447265625,135.39473878257476,133.00570276467823,135.0749491588745,1851200
2024-09-18,132.7517547607422,133.9180641403819,131.99929755942392,133.09035978373905,1717300
2024-09-19,131.77354431152344,133.09973389931247,131.65126591438084,132.4789701068701,1553500
2024-09-20,132.38490295410156,132.74232327050098,130.97405141285003,131.47255114260497,5576100
2024-09-23,132.8175811767578,133.33488196895217,131.74533449254875,132.1215558599492,1776900
2024-09-24,132.66708374023438,133.51358897275662,132.0463055820248,132.25323163476133,1858500
2024-09-25,132.80816650390625,134.07793873656934,132.51659279096478,133.56062359170937,1683100
2024-09-26,133.7299346923828,134.2096334978613,132.02750912076198,132.0651398731544,1478700
2024-09-27,134.0685272216797,134.8680155884219,133.54181155264152,133.76755299019743,1689400
2024-09-30,133.823974609375,134.97146838069585,133.12794932699077,134.79275821684556,1962200
2024-10-01,133.94627380371094,134.6234838182274,133.052737197646,133.88984202782237,1849600
2024-10-02,133.33486938476562,133.80515322559327,132.46014832974961,133.62645742169482,1587600
2024-10-03,131.71710205078125,133.03390551849063,131.58542313920282,133.00568963400417,1436000
2024-10-04,132.51658630371094,132.80816000237863,130.32506178053424,130.85177741063387,1593000
2024-10-07,132.4131317138672,134.1814037434815,132.2156205159616,133.36310001066772,2037100
2024-10-08,133.57003784179688,133.81459467284512,132.15918603901724,132.79877965261255,1527300
2024-10-09,133.7299346923828,134.21903400999594,133.07154004478454,133.41955992074335,1249400
2024-10-10,132.676513671875,134.33192246085207,132.26266147463073,133.77697645895012,1296500
2024-10-11,133.79576110839844,133.93684052872703,132.71411394741327,133.34429261142222,1384400
2024-10-14,135.0091094970703,135.22545044657002,133.69232018324533,133.7769678494354,1366600
2024-10-15,136.59864807128906,137.82138899659913,135.375907145979,135.4417537763219,1964000
2024-10-16,137.26644897460938,137.7085169306213,135.13135633088405,135.85559746016884,1819300
2024-10-17,137.40753173828125,137.93424735355075,136.7773531020178,137.18180467569383,2537200
2024-10-18,136.76797485351562,137.03133270401727,134.61406643457357,136.24125915251233,3915400
2024-10-21,135.6392822265625,137.44517059344108,135.44175668321915,136.767960661871,2508300
2024-10-22,129.56321716308594,131.17159444961305,128.6132488318866,128.90482255968413,4180200
2024-10-23,128.7543182373047,130.30624927817533,128.19938671136183,128.8013494950121,2640900
2024-10-24,128.8671875,129.61024408978747,128.06771349115172,128.89540338549315,1835300
2024-10-25,127.46574401855469,129.0741068153023,127.28703385182168,128.5285758044054,2273900
2024-10-28,127.55978393554688,128.61322949452725,127.16474723290067,128.1993774197768,2036400
2024-10-29,126.5157699584961,127.77614172141836,126.42172178939339,126.75091190914138,1608800
2024-10-30,126.42173767089844,126.78855858590929,125.60343382054542,126.2712433591177,1636300
2024-10-31,126.20536804199219,127.06128809986235,125.913794349117,126.37467769226038,3322500
2024-11-01,126.60983276367188,127.43753702441711,126.16776474731256,126.61923327502554,1678200
2024-11-04,125.79153442382812,127.86078057666509,125.67865653597994,127.02367586407503,1537700
2024-11-05,126.8167724609375,126.84498834995725,125.56581542399526,125.93263633317927,1414800
2024-11-06,123.81635284423828,128.1617717763302,123.0733105477181,128.05830873737912,2235400
2024-11-07,124.39009857177734,125.90441338933691,124.24901913458372,124.40891394737865,1879900
2024-11-08,125.66926574707031,126.40290749117682,124.34306168967554,124.66285130081411,1703500
2024-11-11,125.34004974365234,126.59100653890414,125.16135393169452,125.39649586271348,1569800
2024-11-12,124.28662872314453,126.26182684717624,124.17376517957439,126.03608540811025,2525000
2024-11-13,124.33367919921875,125.5752214261462,124.11735258996772,125.5752214261462,1494800
2024-11-14,123.85396575927734,124.869780744419,123.06389222147588,123.8821959981303,1543400
2024-11-15,126.11133575439453,127.18358250129502,123.6846690425827,123.75051567928652,3199100
2024-11-18,127.92662811279297,128.2182162019134,125.50937620127607,125.79154942666352,2038300
2024-11-19,127.5503921508789,128.52857628835758,126.87318222803798,127.65385517664419,1771300
2024-11-20,128.2652130126953,128.39689191698415,126.64743541604732,127.26821354423359,1883400
2024-11-21,128.88600158691406,129.78895296945197,127.96424918218551,128.38750181228048,1618500
2024-11-22,130.19338989257812,130.8329834435584,129.31866874941318,129.57261171566572,1977600
2024-11-25,130.87059020996094,131.44433708544847,129.67606520323955,130.814158443835,4025000
2024-11-26,131.425537109375,131.9334517678596,130.5696313029877,130.7859578824547,2305200
2024-11-27,130.92703247070312,132.24383597753024,130.7201064103721,131.54781065169624,1466800
2024-11-29,131.06813049316406,131.4913831386639,129.80775871617615,129.81717357953946,1213100
2024-12-02,131.265625,132.05569841802676,130.14634714850007,131.45373566830293,2397100
2024-12-03,128.67906188964844,131.4443331626883,128.3968887155155,131.01166571542797,2187700
2024-12-04,128.66026306152344,128.66026306152344,127.30585748498972,127.96425207467813,2068200
2024-12-05,129.93943786621094,130.0993470244123,128.48156923489736,128.94243827888968,2201700
2024-12-06,127.85173034667969,130.73653970660092,127.63347641161924,130.1197149617167,2207200
2024-12-09,126.16261291503906,128.19336072122172,124.87204326850647,127.63348496862909,3423800
2024-12-10,126.27650451660156,127.13055183815484,125.24214029675215,125.46989300640445,2662500
2024-12-11,123.94208526611328,127.06411747260034,123.73331557062585,126.34292228442291,2094200
2024-12-12,124.20780181884766,125.16623407591989,123.46762354510926,124.31218667692858,1763100
2024-12-13,124.63481140136719,125.28958775700153,123.39169199216951,123.87565019947527,1621600
2024-12-16,124.65379333496094,126.24801881332608,124.60634304529152,125.47937335198607,2792400
2024-12-17,124.44503021240234,125.25164173996865,123.36323015790182,123.56251559311339,3378700
2024-12-18,123.71432495117188,125.27059882560374,123.36321888480333,123.65739039768452,3048400
2024-12-19,124.73918914794922,125.57426787048041,123.69535522457997,124.06544429846635,3447600
2024-12-20,124.61585235595703,125.55530156399833,124.35963235385637,124.87205787826102,5579500
2024-12-23,124.72970581054688,124.80562337495961,123.47708771742893,124.20778160508107,1705200
2024-12-24,125.43193817138672,125.8684606172136,124.26473619985856,124.43555436728549,619600
2024-12-26,126.33343505859375,126.40935262606482,124.99541508153243,124.99541508153243,1017500
2024-12-27,125.07135009765625,126.58965821951006,124.61585910907985,125.55530836803133,1525000
2024-12-30,123.9515609741211,125.06182819812095,123.09751371867344,125.06182819812095,1415200
2024-12-31,124.35012817382812,124.87205242204402,123.4770978312652,124.4545130234713,942300
2025-01-02,123.9610595703125,125.20417890988139,123.67637232557429,124.75817227174366,1390200
2025-01-03,123.1354751586914,124.5968630436717,122.95518721944988,123.96106968376841,1563000
2025-01-06,119.68131256103516,123.08803930974398,119.45355985077356,123.08803930974398,2412000
2025-01-07,120.80107116699219,121.30401239811086,120.17476207472505,120.25067964467827,1891300
2025-01-08,120.29812622070312,120.41200257896952,119.59590677780574,120.18425710233488,1820200
2025-01-10,118.10604858398438,119.56742914228894,117.76442677867175,118.83674248308543,2280000
2025-01-13,119.02653503417969,119.05500231271174,117.95422651671785,118.87469989547824,2337100
2025-01-14,119.73824310302734,120.47842128680948,118.77980372253877,119.12142553657633,1779000
2025-01-15,119.14989471435547,120.73464319248203,119.10245166380902,120.23169472942519,1484800
2025-01-16,120.18426513671875,120.35507606558807,118.6374752697636,118.94113833887587,2090400
2025-01-17,120.72515869140625,121.36095207682331,119.71927618672262,120.29812777232297,2056600
2025-01-21,120.06088256835938,121.82593344390075,119.81416133233444,121.26605043006437,1836500
2025-01-22,119.68131256103516,122.11060964474376,119.53896892709615,122.11060964474376,2125900
2025-01-23,120.54485321044922,121.06677746280347,119.32070952393498,119.56743801049318,2216900
2025-01-24,121.85440826416016,121.9303258368196,120.34557727712101,120.65873183441758,1785500
2025-01-27,124.70125579833984,125.32756493160923,123.19243200620649,123.66690598962931,3127600
2025-01-28,122.83182525634766,126.57068250499047,122.62305554846834,124.88155630836452,3388800
2025-01-29,123.05007934570312,124.35963215456715,122.87927566444084,123.15446419974006,1881100
2025-01-30,124.16983032226562,124.72020732576719,123.30628431503524,124.31216670596518,1871500
2025-01-31,123.33476257324219,124.38809534579015,122.3383643592434,122.49019950190527,5058300
2025-02-03,123.79025268554688,124.60634847209859,122.6135665373533,122.97415689899516,2601800
2025-02-04,122.69896697998047,124.20779067338006,122.12959244521282,123.48659547849749,2136200
2025-02-05,122.65151977539062,123.23986285760624,121.79747243154239,123.00262587544881,2517200
2025-02-06,122.12010955810547,123.64791628119781,121.66461861302462,123.55301569773276,2090300
2025-02-07,123.64791107177734,123.71432989356772,121.87336869835772,121.96826927782449,2248500
2025-02-10,124.72020721435547,124.83409080100827,123.11649753352506,123.48658661060821,1555700
2025-02-11,126.39036560058594,126.47576743135558,123.93259416091512,124.72020812885073,1512800
2025-02-12,127.04515075683594,127.10208531463833,125.09032038004189,125.76406528709818,1871800
2025-02-13,128.4495849609375,128.65835465185648,126.69402559997211,127.04514616004246,1872600
2025-02-14,125.89691925048828,128.12695266223,125.84946895836259,128.07001810359765,1976400
2025-02-18,128.7152862548828,128.90507292960217,124.82459426405806,125.28009965913866,2695400
2025-02-19,130.88836669921875,130.96428426287952,128.3072419337257,128.8861006868188,1845200
2025-02-20,131.87530517578125,132.6154834599647,129.55038546367695,129.79710673180563,2132800
2025-02-21,133.0994110107422,133.42206426204174,131.21101418708815,131.90374201527206,2316600
2025-02-24,132.89064025878906,135.2060751503701,132.47311540012822,132.47311540012822,2269700
2025-02-25,134.0863494873047,135.60465753365278,133.11841851489243,133.4600403592852,2693300
2025-02-26,132.05557250976562,134.3330413203423,131.59058289903072,133.3651105599401,1808800
2025-02-27,133.03302001953125,133.6308618822035,131.32491075460845,131.72346716979092,1711500
2025-02-28,134.76010131835938,135.72803234025218,133.01404045989202,134.04839031280824,2683900
2025-03-03,136.03167724609375,136.25941545826473,133.9914307233618,133.9914307233618,1946800
2025-03-04,133.9344940185547,138.7931021974086,133.8965424770675,136.9331725888512,2530000
2025-03-05,134.39950561523438,135.5667075639096,133.30820676193255,133.54544375441597,2060700
2025-03-06,135.13967895507812,135.69007049518413,133.40310249572553,134.67468925400678,1991700
2025-03-07,138.62466430664062,140.59695934441115,134.2971417654128,134.68010344920313,2966800
2025-03-10,141.12353515625,144.04366562249473,139.38104041496706,139.50550954257744,3193800
2025-03-11,137.95448303222656,141.03737299721453,137.78215464602297,141.03737299721453,2507300
2025-03-12,134.0099334716797,137.24601424276892,133.68441453030673,135.48435224728635,2099400
2025-03-13,134.1726837158203,135.75241905312748,133.69397426705416,133.7514170634576,1805000
2025-03-14,133.69398498535156,134.29716361405096,132.91847795362617,133.2057065677237,1324100
2025-03-17,133.95248413085938,134.4694839178522,132.92803887772746,133.7705721992525,1469900
2025-03-18,133.58865356445312,134.99606046999216,132.88974188092334,133.93332494150457,1661900
2025-03-19,133.7035369873047,133.96204416816767,132.51634695929403,133.43546087716987,1716800
2025-03-20,133.15782165527344,133.75141669521224,131.20467892861518,133.40674530868742,1665400
2025-03-21,132.76527404785156,134.31628795518242,131.58765291854675,133.15781929397073,7442700
2025-03-24,131.95147705078125,133.2727051709937,131.26213428847356,132.42060295217627,1979700
2025-03-25,131.1568145751953,131.89401657710442,130.19939571749813,131.88444764778632,1801000
2025-03-26,133.6652374267578,133.97160384186665,131.39615957664543,131.42488097152903,2209900
2025-03-27,134.57479858398438,135.03435556660182,133.5503679551233,134.6513938492628,1052600
2025-03-28,134.71841430664062,136.5279353688613,134.0577929553604,136.03964240014858,1227300
2025-03-31,136.16412353515625,136.6619854771225,135.06309759195875,135.25457845916,1974100
2025-04-01,136.93960571289062,137.3991626326561,135.9726180129766,136.77684627482893,1725400
2025-04-02,136.81515502929688,137.62896693829234,135.53221720887962,136.88218136467316,1845500
2025-04-03,139.036376953125,140.85546706040822,138.28959136305687,138.8257436216644,2384900
2025-04-04,132.0376434326172,140.74057768970587,131.7887051699027,139.61083040495026,2554900
2025-04-07,128.81112670898438,132.21955011458277,127.72925333375416,129.4143052643352,2827200
2025-04-08,127.60478973388672,130.86000814798518,126.60908050656757,130.77384395321826,2543100
2025-04-09,129.39515686035156,131.78870408018088,125.91973623131533,126.23568621741914,2436400
2025-04-10,131.63551330566406,132.92801989307824,129.06005445032488,129.59620662961237,2281800
2025-04-11,133.808837890625,134.72796630933342,130.18022729271962,130.88872241982926,1721600
2025-04-14,136.4896240234375,136.77685258994669,132.73654401912563,133.8758747472126,1676800
2025-04-15,135.44606018066406,136.96835280673815,135.35031244193266,136.17369332423974,1855700
2025-04-16,133.75140380859375,136.56621742583718,133.4450373884521,136.0970769532794,2004900
2025-04-17,136.72897338867188,137.33215189388443,134.2492622590998,134.45031202146987,2108300
2025-04-21,134.1056671142578,137.38960680105993,132.77484087037948,137.34173293611317,2615600
2025-04-22,132.04721069335938,132.48762980786643,127.33671153840835,127.41330680219448,3834600
2025-04-23,127.71967315673828,130.7547038720086,125.53675927208305,129.74941112298384,4583400
2025-04-24,126.70480346679688,127.6430844313888,126.04418214180627,127.34627232480247,2709000
2025-04-25,126.00589752197266,127.55691140979091,124.31126203884187,127.29841883452289,2627000
2025-04-28,125.32612609863281,126.3792927148779,125.09635491621773,126.12078552560816,1746400
2025-04-29,124.99103546142578,125.48889736062075,122.76981668736549,124.58892129213262,1964200
2025-04-30,126.16866302490234,126.37929635421696,123.66023015095051,125.9963346331285,2928800
2025-05-01,124.33999633789062,125.42188444348362,123.02833703044004,124.7995679597139,1965600
2025-05-02,124.799560546875,125.99633418231087,123.7559628338945,124.8186984065237,2258400
2025-05-05,125.32612609863281,125.94845713879684,124.69424073793854,125.65165962214216,1459500
2025-05-06,127.11653137207031,127.68140510545496,124.23469068147939,124.99105991212794,3014000
2025-05-07,127.90158081054688,128.70580913928745,126.66651692062759,126.85799776903454,2953500
2025-05-08,127.85371398925781,129.1366664232682,127.40374054478733,128.0643473168243,2165900
2025-05-09,127.38457489013672,128.76326030638535,127.1835105131623,127.50902940059557,1864200
2025-05-12,130.85044860839844,130.96533420966546,126.38887271117754,126.76226552434943,3112800
2025-05-13,128.32284545898438,130.36215225517492,127.07819804999929,130.10364507884253,3058800
2025-05-14,127.82498931884766,128.44732035583775,126.9345967734247,127.90158458227964,2139300
2025-05-15,131.50149536132812,131.61638095757863,127.95903364703393,128.73455524888521,2625800
2025-05-16,133.14825439453125,133.4163305197382,131.20468057320116,131.79829022963352,2310000
2025-05-19,134.79501342773438,137.15983950620816,133.70355636144296,135.09182558679854,3259500
2025-05-20,135.5992431640625,135.69497628840628,134.3737481436592,134.76627878885884,2421600
2025-05-21,135.06309509277344,136.30772801107796,134.67054982638953,134.87159962006186,2475800
2025-05-22,133.79928588867188,134.49819756700109,132.43975285848867,134.49819756700109,2743800
2025-05-23,135.52264404296875,135.6183771645885,132.18124692561838,134.1248060640362,2582900
2025-05-27,136.7672882080078,136.9874904523966,135.13966448002776,135.60880497455818,2594100
2025-05-28,136.6045379638672,137.74386892846547,136.24072867254813,136.88219765911717,1748600
2025-05-29,137.7151336669922,138.16512172720275,135.55137217144497,136.16411969463863,1716200
2025-05-30,137.63853454589844,138.0885225935071,136.9683442438386,136.9683442438386,3382800
2025-06-02,135.6470947265625,137.48535176193766,135.1300949790866,137.48535176193766,2048300
2025-06-03,133.5599365234375,135.01521734168293,133.52164619542845,134.9386220766118,1937300
2025-06-04,132.5354766845703,134.41202394940876,132.39186970904376,133.50247901662055,2047300
2025-06-05,129.53878784179688,131.05151154738576,127.54735465756798,130.92704240804213,3515400
2025-06-06,129.0652313232422,130.2055984080742,128.77530273928107,129.65474737029035,2576800
2025-06-09,128.23411560058594,129.74172660054563,128.18579171030396,129.06523637574077,2008100
2025-06-10,128.5723419189453,129.28749709100217,127.74122121761746,128.06014116949228,1891800
2025-06-11,128.38873291015625,129.13286470750856,127.93451493183503,128.5433486981797,1680000
2025-06-12,129.39381408691406,129.42280547154974,128.0698250339494,128.76564775796695,1551700
2025-06-13,126.44622802734375,129.50011487242165,126.18530557745719,129.26816905947567,1837800
2025-06-16,126.28193664550781,127.4029859377689,126.03067307850304,126.68783075207547,1989200
2025-06-17,124.60035705566406,125.9630109742943,124.46505902627817,125.92436071434658,2883000
2025-06-18,123.66294860839844,124.83231447015163,123.46966779791654,124.52306812265671,3088900
2025-06-20,123.98186492919922,124.503739354181,123.45033899782719,123.6629523196522,5306900
2025-06-23,125.76007843017578,126.09831614961868,123.83689978185278,124.00118920210448,3205900
2025-06-24,125.58612823486328,125.95337212146201,125.10291880360457,125.57646935493548,2760900
2025-06-25,123.84656524658203,125.39284124917037,123.4696698717689,125.31552597440287,1820300
2025-06-26,122.58055877685547,124.24280031594387,122.05869910592344,124.01086923836556,2369300
2025-06-27,123.59529876708984,124.21380620435515,122.61921372229698,122.61921372229698,1950900
2025-06-30,124.59070587158203,124.94827609710298,123.3923486630763,123.57597058852116,2172600
2025-07-01,127.19036865234375,128.0408218469468,124.95794376289015,125.29618146792224,2829800
2025-07-02,127.91517639160156,128.0311419137411,126.51387226236014,127.30632790761153,2137900
2025-07-03,127.68324279785156,128.2727588356721,127.03574399342243,128.2727588356721,1016000
2025-07-07,127.22901916503906,128.4950400809253,126.7941336883475,127.78954379474044,2158100
2025-07-08,126.9874267578125,127.64459922202134,125.992016555209,126.84246983369778,1620500
2025-07-09,127.07441711425781,127.6639331897119,125.89538496334963,127.11306737900416,1448400
2025-07-10,127.51895141601562,128.62066820377643,126.08865579160576,127.01640953583598,1959200
2025-07-11,125.03526306152344,127.5189515901959,124.8709736429745,127.5189515901959,1847100
2025-07-14,123.17974090576172,125.02559700281788,120.9473158092266,124.89997258478354,3283800
2025-07-15,122.49357604980469,123.604959082291,121.96204279025345,123.16040734393445,2226500
2025-07-16,123.3440170288086,123.40200716504864,122.0876771325147,122.62886924949117,2022200
2025-07-17,123.61463165283203,124.17515632370288,122.0296980451168,122.73518700992877,1942700
2025-07-18,123.24738311767578,124.2717846424801,122.82215650442569,124.06884496112528,3787100
2025-07-21,122.45491790771484,123.56630093559544,122.2906284911489,123.00577629569881,2115100
2025-07-22,124.56171417236328,124.80331886388748,122.28096529451959,122.51290373388962,2040700
2025-07-23,123.440673828125,124.9869423991636,123.1797366289306,124.51339188897822,1947500
2025-07-24,123.45999908447266,123.77891905128193,122.90914067507032,123.45999908447266,1573400
2025-07-25,123.1024169921875,123.98185421542463,122.39693543784858,123.6339502508181,1549400
2025-07-28,122.59988403320312,123.23771657840186,122.11667465497773,122.57089265021999,1911800
2025-07-29,123.63394927978516,124.25246405460193,122.27129532191998,122.60954777831363,1995900
2025-07-30,121.08261108398438,124.3007800510625,120.70570834573928,123.78857927207251,2123300
2025-07-31,120.43510437011719,121.69144429085507,120.1934996884534,120.89898122992543,4597500
2025-08-01,126.25296020507812,129.97367874187705,124.16549191306031,128.2341218318622,5425900
2025-08-04,128.6689910888672,129.31648987829774,126.784477485841,126.94876690288638,3226000
2025-08-05,129.70306396484375,129.93499502186577,127.76055288400731,128.60134720485064,2860300
2025-08-06,132.09011840820312,132.302731730195,129.6354210720891,130.09929798080728,3327300
2025-08-07,132.17710876464844,132.84394012310875,131.12370102268446,132.50568763084067,2473200
2025-08-08,131.5875701904297,132.67961326450768,131.09468722900937,131.964472883433,1654000
2025-08-11,129.6450653076172,131.78085716587603,129.33581898552967,131.75186578400468,2544700
2025-08-12,129.15220642089844,129.94467690644044,127.20003633739438,129.64507469477766,3181100
2025-08-13,130.2829132080078,130.56318291182717,128.65933673791875,129.2295202782681,1849500
2025-08-14,128.91061401367188,129.79005873497016,128.52405235962388,129.44214734777424,1527500
2025-08-15,128.4757080078125,129.5097683782372,128.09880529390003,129.40346172834498,2123800
2025-08-18,126.91978454589844,128.47571942548103,126.20462931521485,128.47571942548103,2566400
2025-08-19,128.48536682128906,128.94924368132027,126.6975010239453,126.93910570572523,2288400
2025-08-20,128.7849578857422,131.5972399998082,128.68832485814283,129.24884950518683,1678900
2025-08-21,128.5047149658203,128.5916891227161,127.7895597120097,128.04083804932816,1512700
2025-08-22,129.0072479248047,129.86736004697536,128.22443632802396,129.31649426550524,1842600
2025-08-25,126.3592529296875,129.44213113496454,126.23361377198655,129.0169045209429,1721500
2025-08-26,125.45082092285156,126.82313383675272,125.04492680012422,126.02100447051279,3165300
2025-08-27,125.83739471435547,125.97269275249836,125.24787867393711,125.24787867393711,1411900
2025-08-28,124.39742279052734,125.97269007327219,123.72093261420068,125.83739203800685,1757400
2025-08-29,124.8033218383789,125.46049428310506,124.23313829192358,124.35876270697176,1785600
2025-09-02,124.51339721679688,125.67309685140081,123.74025921160062,125.00628025262972,2027300
2025-09-03,123.70160675048828,124.9772866483654,122.83182835338584,124.513395005657,2562900
2025-09-04,124.83231353759766,125.06425935627155,123.54697477524321,124.18481471681106,2049200
2025-09-05,126.76467895507812,127.45760199428246,124.92015538143977,125.08606317580859,2187000
2025-09-08,126.65731048583984,126.99889495295258,124.69567181238999,126.1303101934581,2916800
2025-09-09,127.81868743896484,128.36521070567733,126.27670256980194,126.82322583651444,2325500
2025-09-10,124.92990112304688,127.68205526177783,123.95396991966828,127.10625503274416,2279100
2025-09-11,126.35478210449219,126.8915513568783,124.79328170548885,125.164135723433,1745000
2025-09-12,124.91039276123047,126.74515484603356,124.87135431953405,125.79849311090435,1442300
2025-09-15,122.4510269165039,124.70544287627476,122.04113445942215,124.35410435711292,3077600
2025-09-16,122.0313720703125,123.02682623657243,121.48484879831264,122.38271058683274,2084500
2025-09-17,122.5681381225586,123.924699769738,122.30463794893843,122.30463794893843,2304400
2025-09-18,122.49006652832031,123.37816686048956,121.38725104814215,121.71907407311068,1821900
2025-09-19,121.62147521972656,123.50503708071713,121.25061377357223,123.0853831703673,6928100
2025-09-22,121.08470916748047,122.11920176372666,120.82120900561776,121.43604768051145,2683800
2025-09-23,120.8407211303711,121.43604429162555,119.63055931138109,121.13350569833327,2452100
2025-09-24,120.94807434082031,121.55315897005019,120.05021259098564,120.1868434030987,1459900
2025-09-25,118.79125213623047,121.50436035688416,118.10809062255464,121.32869110431848,4024700
2025-09-26,119.28898620605469,119.95262479556983,118.56678623352687,118.8888477797227,2292600
2025-09-29,119.7086410522461,119.86478736790092,118.44967927217537,119.64031819723448,2851200
2025-09-30,121.34821319580078,121.7093131917607,119.24018949626904,119.56225105111264,2044300
2025-10-01,120.26492309570312,122.30463129987056,120.07949236957118,121.81666197495154,1921500
2025-10-02,119.66960144042969,120.27467864567309,119.14259366933888,120.2649246200422,1695900
2025-10-03,119.63056182861328,120.41130828323922,118.8302924312746,119.38657716545123,1898200
2025-10-06,117.6396484375,119.24994873575335,117.55181008517722,119.0645180053773,2143300
2025-10-07,119.3865737915039,119.82574319445597,116.75153503632919,117.63964275913459,2254600
2025-10-08,116.75153350830078,119.24017994798015,116.66370260718821,119.24017994798015,1802600
2025-10-09,116.67346954345703,117.39566206555473,116.48803881577234,116.7417849516849,1851300
2025-10-10,116.69298553466797,117.81531648529725,116.4978007805677,117.3078242113228,1855200
2025-10-13,116.40019989013672,116.63443052789411,115.33643033215073,116.63443052789411,1968400
2025-10-14,117.27854919433594,117.70796459548743,116.22453363468478,116.72226444549025,1708600
2025-10-15,117.03456115722656,118.30328438094764,116.76129952647334,117.30782278797977,2704800
2025-10-16,116.81985473632812,118.43015501604525,116.5075546626598,117.59084717197017,2337200
2025-10-17,118.51799774169922,118.56679020905449,116.99552831128035,117.21999748774294,2076700
2025-10-20,117.79579162597656,118.95716099769581,117.71772219309922,118.59606101808184,1547700
2025-10-21,117.16143798828125,118.11785369625376,117.06383816655993,117.89339197626514,1876200
2025-10-22,117.31758880615234,119.05475847968559,116.6637116721049,117.22975789821521,1924100
2025-10-23,115.90248107910156,117.47374296797017,114.66303477132504,117.45422002448163,2687900
2025-10-24,116.0683822631836,117.03455942787613,115.34618975746136,116.08789775974003,2423700
2025-10-27,117.71772003173828,117.92266625019269,115.60968902051427,115.99030448990402,3924400
2025-10-28,117.75675964355469,119.05475237336428,116.70274412744176,117.23950591088789,3297100
2025-10-29,113.91156005859375,117.22975294724982,113.46262917451396,116.86865296739781,4365200
2025-10-30,117.31758880615234,120.12828954746014,116.5856347900577,117.79579667850423,4659700
2025-10-31,116.82962036132812,117.20047438517489,115.30715837879566,116.28309707443367,4396700
2025-11-03,99.80924224853516,103.8496351011569,99.74092684101228,102.1710194353709,36751500
2025-11-04,98.21846771240234,100.27769891349355,97.2034905963244,99.72141416625885,15963800
2025-11-05,97.64266967773438,98.98946239998911,96.8326387716917,98.14039305254207,12418400
2025-11-06,98.3453369140625,99.30176009085318,97.20349045234904,97.71098273254692,9007400
2025-11-07,101.35122680664062,102.0636652937401,98.08183383464983,98.35509546395232,10218700
2025-11-10,100.6095199584961,101.37075842130268,99.16513480981216,101.31219703442734,7028800
2025-11-11,100.55095672607422,101.27314923368229,100.13130281371663,100.89253376036041,4520900
2025-11-12,101.61473846435547,102.75658493770331,100.98037683055513,101.29267691162005,6539800
2025-11-13,101.9367904663086,103.15671379618698,101.79040562338008,102.49307520690029,5312400
2025-11-14,101.51713562011719,103.30310514582015,101.16580455446154,102.48332024958859,5752400
2025-11-17,101.16580200195312,103.33237950696649,100.03370961668733,101.39026371728698,9323800
2025-11-18,100.76567077636719,102.09294800405091,99.54574740135064,101.83920185721747,6676300
2025-11-19,99.90684509277344,100.85349935542644,99.31152190385298,100.66807606986616,5856900
2025-11-20,101.26339721679688,101.7123281058803,99.7702122617143,100.14106627117775,5332000
2025-11-21,102.64922332763672,103.25430794650903,101.10723853638903,101.69280021339605,5876200
2025-11-24,102.5028305053711,102.99079980793562,101.25363028213724,102.60042287671988,6826000
2025-11-25,103.45925903320312,103.73252066561993,102.5223588167079,102.7956204491247,4303900
2025-11-26,105.68440246582031,107.15807198415483,103.5763713048262,103.83987892286115,7267300
2025-11-28,106.49443054199219,106.71889226683511,105.06956097473389,105.81126900427361,2756400
2025-12-01,105.92838287353516,107.38252938968421,105.69415968035503,106.37731376288919,5934900
2025-12-02,104.37664031982422,106.07477900796644,103.79107859272956,105.76247892379455,7354300
2025-12-03,103.57636260986328,104.91340119394671,102.77609324277483,104.80604735054771,6852000
2025-12-04,102.41500854492188,104.41567839258663,102.35644716034415,103.7032473183124,5654100
2025-12-05,101.70378875732422,103.35341135357332,101.654403326865,102.2569538108428,5449000
2025-12-08,100.60733032226562,101.54574392837134,100.399893429036,101.4864708615139,5917400
2025-12-09,101.6346435546875,101.69390908601221,100.47892047600355,100.79501587024981,4269300
2025-12-10,101.881591796875,102.85951073068554,101.54574374263424,101.89147189738459,7243100
2025-12-11,102.18780517578125,103.1163386623046,101.34817751956533,102.03964135244958,5513300
2025-12-12,101.89147186279297,102.87927089677775,101.77293326564372,102.25695268212986,4961600
2025-12-15,101.54574584960938,102.28659514072137,100.84440188873835,101.96061964391801,7624200
2025-12-16,101.2889175415039,102.01988674313273,100.67647940503669,101.74330420934392,5696400
2025-12-17,101.68403625488281,102.53354403774871,100.94318697003291,100.97281973561753,6576200
2025-12-18,100.271484375,101.41732736211105,100.02453461077768,101.40745479768445,7977900
2025-12-19,99.4219741821289,100.3900130141694,98.99722029647197,100.30111471862445,7700200
2025-12-22,98.56259155273438,99.36270640043021,98.38478741587875,99.04661099449899,4804300
2025-12-23,98.88856506347656,99.34295172931093,98.38478542983701,98.4835638291386,3689200
2025-12-24,99.84673309326172,99.89611852561396,98.83917380852192,98.86880657519505,1200100
2025-12-26,99.7677001953125,100.50854945418858,99.47135747723871,99.9356242186104,2673500
2025-12-29,99.7973403930664,100.28135983475033,99.53063795598189,99.76770762631357,3202600
2025-12-30,100.33074951171875,100.48880097762687,99.29355749154568,99.57014755688488,3115500
2025-12-31,99.65904235839844,100.41965182286044,99.63928969400715,100.08379623774115,2808100
2026-01-02,100.16282653808594,100.73575180358385,99.03673620869144,99.95538963912472,4347900
2026-01-05,96.87345123291016,99.98501970594369,96.45857744618797,99.98501970594369,9673200
2026-01-06,96.44869995117188,97.33772061552774,96.37955431818358,96.9129667167971,5526500
2026-01-07,96.36967468261719,96.9327198500426,95.08554041573389,96.3400419163804,5871000
2026-01-08,97.6636962890625,98.3749052855047,96.11285205815612,96.30052875585352,5797700
2026-01-09,96.72528076171875,97.88100383665875,96.48821110087921,97.49576281167874,7054600
2026-01-12,97.07100677490234,98.62185094116832,96.58698736329676,96.68576575843751,7202200
2026-01-13,97.52540588378906,98.21686222100735,96.61662500819081,97.30808888171794,6483900
2026-01-14,97.94027709960938,98.31563802471366,97.24881324434315,97.3772319437986,5552300
2026-01-15,99.18490600585938,99.93562785603632,97.4463775715854,97.81185839602956,5939100
2026-01-16,98.10820007324219,99.03673357982885,97.35747069480387,98.87868211644874,6728900
2026-01-20,100.24185180664062,100.30111733855198,97.09077039733538,97.90076532412846,9043800
2026-01-21,98.7996597290039,100.54806830436199,98.22674199562992,100.19246003602844,6802300
2026-01-22,100.94318389892578,101.20988631738176,98.10819800874769,98.4341734928782,6491800
2026-01-23,100.98269653320312,101.25927905135762,100.22208707196985,100.94318366827986,4246600
2026-01-26,99.90599822998047,101.71367235295385,98.99722488617083,101.05184877885176,8808700
2026-01-27,99.41209411621094,101.84207883396266,98.92807470002234,101.24940092119785,9529400
2026-01-28,98.32551574707031,100.06404413936623,97.18954536228078,99.60964995640364,6778900
2026-01-29,97.45626068115234,98.69100952901019,96.8339424385943,98.48356509061826,8043900
2026-01-30,98.77002716064453,99.16514829695245,96.9524804844605,97.93039945618324,10270500
2026-02-02,98.28600311279297,99.42197350025278,97.42661524687638,99.21453660909535,6355500
2026-02-03,99.5405044555664,100.3011139253195,97.55503384101387,97.86124912721372,5877500
2026-02-04,101.95073699951172,102.70146637260747,99.98501903963935,100.00477170426701,8049900
2026-02-05,102.98793029785156,103.52134268524476,100.90367371493522,102.70146767112327,7461100
2026-02-06,103.05707550048828,103.75841191350075,102.39525195337478,102.73110000905318,5233200
2026-02-09,103.42255401611328,103.69914407124061,102.35573680585584,102.92865450784853,3899500
2026-02-10,104.5881576538086,105.58583677540817,103.52134043848433,103.80779552268699,6336000
2026-02-11,106.28717803955078,106.5143751408033,103.24475510626249,104.30169980587974,5644900
2026-02-12,106.93912506103516,109.42837529979975,105.97107869599373,106.13900272232169,6670600
2026-02-13,108.0750961303711,108.47020971566641,106.65266310712052,107.36387961874581,5233700
2026-02-17,106.2081527709961,108.77643638399151,105.90193747068261,108.37143514755603,4213900
2026-02-18,108.55912017822266,109.34935491882831,105.971083880821,106.2081535493718,5742700
2026-02-19,107.35400390625,108.98387388929312,106.4847434322378,108.23314448119099,4063100
2026-02-20,107.68984985351562,108.27265521589277,107.06753916081921,107.45278019005633,4872800
2026-02-23,109.16167449951172,109.45800969102672,106.82058805136914,107.30460747292636,5238300
2026-02-24,109.75435638427734,110.05069912280784,108.58875316839766,109.10240537403378,3907300
2026-02-25,107.87753295898438,109.75435265451044,106.87985381189849,109.43825726109722,5370000
2026-02-26,109.03325653076172,109.25057352778005,107.98619194837376,108.4405786074536,5375200
2026-02-27,110.08032989501953,110.45569082555652,108.66777693472598,109.15179636500162,4413000
2026-03-02,108.40106201171875,109.42837389372073,108.06521396337823,109.32959549928579,3075100
2026-03-03,103.36328887939453,107.81826457103232,102.92865489885179,107.7194861762658,6364400
2026-03-04,103.45219421386719,104.20291603953835,102.15817237881522,103.69914396775312,5415800
2026-03-05,103.6300048828125,103.7584160498719,101.7531851274883,102.88915557436681,6272000
2026-03-06,104.58000183105469,104.81999969482422,101.69000244140625,103.0,5063200
2026-03-09,102.8499984741211,103.58000183105469,101.91999816894531,103.55999755859375,5291500
2026-03-10,101.70999908447266,103.02999877929688,101.0199966430664,102.87999725341797,4168800
2026-03-11,100.04000091552734,101.70999908447266,99.30999755859375,101.70999908447266,4245200
2026-03-12,97.81999969482422,100.68000030517578,97.7300033569336,99.5,5602600
2026-03-13,98.83999633789062,99.77999877929688,98.68000030517578,98.87999725341797,3651100
2026-03-16,100.26000213623047,100.37000274658203,98.9800033569336,99.55000305175781,3407100
2026-03-17,100.4800033569336,101.69999694824219,100.26000213623047,100.79000091552734,3465000
2026-03-18,98.72000122070312,99.44000244140625,97.81999969482422,99.44000244140625,4352500
2026-03-19,98.58000183105469,99.25,97.55000305175781,98.47000122070312,5110000
2026-03-20,98.19999694824219,99.5999984741211,97.80000305175781,98.93000030517578,13109700
2026-03-23,99.44999694824219,100.63999938964844,98.55999755859375,99.69000244140625,5634500
2026-03-24,98.91999816894531,100.16999816894531,97.81999969482422,98.58000183105469,5254100
2026-03-25,99.36000061035156,99.69999694824219,98.05000305175781,99.69999694824219,3455400
2026-03-26,98.8499984741211,100.81999969482422,98.56999969482422,99.16000366210938,2999200
2026-03-27,98.66000366210938,99.72000122070312,98.41000366210938,98.8499984741211,3251900
2026-03-30,96.3499984741211,99.0999984741211,96.12999725341797,98.97000122070312,6363600
2026-03-31,96.47000122070312,96.66000366210938,94.54000091552734,96.33999633789062,5900300
2026-04-01,97.56999969482422,98.0199966430664,95.8499984741211,96.18000030517578,4287500
2026-04-02,96.12999725341797,97.4000015258789,95.68000030517578,97.16999816894531,4644200
2026-04-06,96.98999786376953,97.20999908447266,95.55000305175781,96.12999725341797,3897600
2026-04-07,93.05000305175781,96.63999938964844,92.41999816894531,96.44999694824219,7849100
2026-04-08,97.0,97.08000183105469,94.55000305175781,94.97000122070312,7469500
2026-04-09,97.95999908447266,98.80999755859375,95.70999908447266,96.18000030517578,7145100
2026-04-10,97.27999877929688,98.66999816894531,96.94000244140625,97.95999908447266,3259000
2026-04-13,96.5999984741211,97.19999694824219,95.44999694824219,96.56999969482422,4792800
2026-04-14,97.16000366210938,97.73999786376953,95.61000061035156,95.91000366210938,3578300
2026-04-15,96.80999755859375,97.5,95.87000274658203,97.5,3043800
2026-04-16,97.97000122070312,98.38999938964844,96.48999786376953,96.48999786376953,4022500
2026-04-17,98.83999633789062,100.02999877929688,97.8499984741211,97.97000122070312,4075200
2026-04-20,98.54000091552734,99.38999938964844,98.0999984741211,98.61000061035156,3698700
2026-04-21,96.5999984741211,98.54000091552734,96.16999816894531,98.37000274658203,4557800
2026-04-22,96.75,97.55000305175781,96.01000213623047,96.5999984741211,3876700
2026-04-23,97.93000030517578,98.05000305175781,96.44999694824219,96.48999786376953,3292400
2026-04-24,97.8499984741211,99.20999908447266,97.44999694824219,98.58999633789062,3386700
2026-04-27,98.25,99.1500015258789,97.4000015258789,97.6500015258789,7024600
2026-04-28,98.44000244140625,100.44000244140625,97.5,99.48999786376953,6637600
2026-04-29,96.0999984741211,98.72000122070312,94.94999694824219,98.36000061035156,5381300
2026-04-30,98.43000030517578,98.76000213623047,96.33000183105469,96.37999725341797,5903200
2026-05-01,97.66999816894531,99.16000366210938,96.86000061035156,99.04000091552734,4872400
2026-05-04,95.6500015258789,97.08999633789062,95.20999908447266,96.70999908447266,4366800
2026-05-05,97.19999694824219,97.68000030517578,94.66999816894531,95.6500015258789,4259900
2026-05-06,99.19000244140625,99.77999877929688,97.56999969482422,97.94999694824219,3872900
2026-05-07,99.55999755859375,100.48999786376953,97.94999694824219,99.30999755859375,4621200
2026-05-08,98.30999755859375,100.0999984741211,98.20999908447266,99.80999755859375,3180800
