Date,Close,High,Low,Open,Volume
2010-01-04,8.290850639343262,8.367142296229567,8.231685717305059,8.258154469507364,10408800
2010-01-05,8.209890365600586,8.31732091987469,8.136712695826848,8.298637474334852,11186400
2010-01-06,8.290850639343262,8.304863368406629,8.194318835759995,8.195875541684426,13493200
2010-01-07,8.26750373840332,8.28307378210224,8.197440620535708,8.28151648076413,9768800
2010-01-08,8.195878982543945,8.27995539222178,8.166296806073355,8.248815915237087,9074400
2010-01-11,8.189650535583496,8.368702073331537,8.08066326280061,8.216119297499406,24571600
2010-01-12,7.990360260009766,8.12737361942612,7.943651335689886,8.12737361942612,22500400
2010-01-13,8.01838493347168,8.057309132177853,7.875144167322309,7.970118713259016,23431200
2010-01-14,7.786395072937012,7.8844842026582045,7.730344735603791,7.862686750261502,32314400
2010-01-15,7.870471954345703,7.882927981588342,7.692977723690577,7.739686637978336,24167600
2010-01-19,7.923409461975098,7.924966762462403,7.805080164192747,7.822206905936428,14181200
2010-01-20,7.781723499298096,7.875141905726547,7.68830568680561,7.875141905726547,15854800
2010-01-21,7.633815765380859,7.833108121592111,7.613575604106017,7.773943156940622,18664400
2010-01-22,7.495246410369873,7.646272547879398,7.492132402036687,7.632259807348242,14230000
2010-01-25,7.4345221519470215,7.557522765696686,7.423623423532359,7.5372820155253875,21731600
2010-01-26,7.663397312164307,7.717890959042012,7.4905737550147204,7.551295416945936,25260000
2010-01-27,7.747474193572998,7.749031494516326,7.594891367622545,7.652499623799977,17494400
2010-01-28,7.630698204040527,7.756812797717762,7.608900751933949,7.756812797717762,13256400
2010-01-29,7.591780185699463,7.660287198236667,7.580881450784273,7.627590993491097,23262800
2010-02-01,7.664951324462891,7.674293343759112,7.557520775268326,7.574647513676734,11096400
2010-02-02,7.719447612762451,7.72100431942725,7.582434262750115,7.661839369250262,10453600
2010-02-03,7.691423416137695,7.703878853329002,7.643157186422777,7.675853377228243,15056800
2010-02-04,7.476559638977051,7.649383164247397,7.468774918564244,7.633813129485688,18499600
2010-02-05,7.380030632019043,7.473448500703304,7.277270738891826,7.462549769154685,25320000
2010-02-08,7.300624370574951,7.675853712612071,7.297510362656999,7.378472786714903,9212400
2010-02-09,7.233673572540283,7.369130223422809,7.211876114403653,7.3457754645985975,29608800
2010-02-10,7.149599552154541,7.236790007889251,7.12935938791501,7.236790007889251,18621200
2010-02-11,7.155827045440674,7.176067802135325,7.079535921950318,7.160498354792575,17407600
2010-02-12,7.095105171203613,7.135586683462704,7.051510244711973,7.10133318754137,13014800
2010-02-16,7.221217155456543,7.222773861996401,7.1340267408218105,7.1340267408218105,11662400
2010-02-17,7.126241683959961,7.255469702369715,7.115342956886948,7.236786255092563,11451200
2010-02-18,7.121572971343994,7.146484439357465,7.095104202490542,7.1386991230300545,11796000
2010-02-19,7.299066066741943,7.330205545172689,7.115343797330316,7.135584547400722,16754400
2010-02-22,7.289724826812744,7.355117797923941,7.278826097283581,7.342661767641346,13581200
2010-02-23,7.286611557006836,7.320865049815903,7.261700087855589,7.288168857917943,14850000
2010-02-24,7.406218528747559,7.442415443783794,7.36529985933254,7.403070892611772,23348400
2010-02-25,7.3778886795043945,7.390478620754794,7.278740265625958,7.349560561253413,12076000
2010-02-26,7.297628879547119,7.407793768505513,7.297628879547118,7.395203821386171,13330000
2010-03-01,7.456578731536865,7.508513221506221,7.365299094132947,7.390479580252968,14040800
2010-03-02,7.426677227020264,7.554153788324309,7.425103709135119,7.466021778001119,12073200
2010-03-03,7.385759353637695,7.469169611812714,7.357431228153684,7.423529787382895,12189600
2010-03-04,7.436120986938477,7.448711532862271,7.36215303051187,7.387333522009185,9306400
2010-03-05,7.4990715980529785,7.506940388117159,7.4376935947118845,7.469169355318809,9364800
2010-03-08,7.514808177947998,7.530545755981664,7.483332421530549,7.514808177947999,7573600
2010-03-09,7.399921417236328,7.500643347146384,7.385757358320848,7.491200441086044,11987600
2010-03-10,7.39205265045166,7.4266754387398,7.355855744307205,7.3936261679579145,7936400
2010-03-11,7.455006122589111,7.466022549974814,7.349563003225881,7.379464648937036,11961600
2010-03-12,7.407793045043945,7.491203312658391,7.3889078260341305,7.488056276448662,10052000
2010-03-15,7.4455647468566895,7.4455647468566895,7.368449145140544,7.418810133887697,6087200
2010-03-16,7.530546188354492,7.5415626136805995,7.41251254527464,7.450283575214261,6906000
2010-03-17,7.557301044464111,7.568317470156829,7.528972921154216,7.568317470156829,9468800
2010-03-18,7.549430847167969,7.582480118084199,7.521102729139754,7.565168423694727,11521200
2010-03-19,7.5793328285217285,7.642284338201097,7.524250707814847,7.5793328285217285,13207200
2010-03-22,7.528969764709473,7.580904235437829,7.499068136129505,7.568314297217287,8700000
2010-03-23,7.525825023651123,7.574612478844943,7.499071019427197,7.533693813108152,9041200
2010-03-24,7.439268589019775,7.536842918076898,7.412513979230565,7.5211053360952,10957200
2010-03-25,7.46759557723999,7.491201946609978,7.414086966177768,7.473890849212058,10774800
2010-03-26,7.5242533683776855,7.541564469328102,7.461301836438765,7.492777602408225,10840000
2010-03-29,7.64543342590332,7.64700694378664,7.514809228630236,7.5305468088642495,11158400
2010-03-30,7.500646114349365,7.66746724752677,7.4801867771789565,7.66746724752677,17424400
2010-03-31,7.606086730957031,7.664316481829267,7.462872029586071,7.491200146302301,15155200
2010-04-01,7.686351776123047,7.702089356933221,7.6328431608781395,7.640711951283227,10013600
2010-04-05,7.706811428070068,7.713106100442602,7.6454340198985475,7.69579500098032,9532000
2010-04-06,7.741429805755615,7.7603156131371644,7.643855535683909,7.6643148601723,8435200
2010-04-07,7.727270126342773,7.744581826071178,7.6485810187411145,7.741434189725082,11228800
2010-04-08,7.717825889587402,7.739858738155581,7.64543207276336,7.717825889587402,13638400
2010-04-09,7.823269844055176,7.824843962184105,7.658022861177186,7.727269050096012,13893200
2010-04-12,7.827991485595703,7.85317197214524,7.7902204555963195,7.8248438497332415,10430800
2010-04-13,7.788649082183838,7.8075343022078645,7.703664691550235,7.8075343022078645,12833200
2010-04-14,7.6485795974731445,7.793367840737605,7.617104440561429,7.7650397192369525,17202800
2010-04-15,7.684778213500977,7.695794640074092,7.623400207857624,7.653302451713412,10932400
2010-04-16,7.621826171875,7.749302728292539,7.576186350402652,7.676908300996676,10651600
2010-04-19,7.618680477142334,7.65015624481065,7.5966476198796125,7.604516411709108,7950400
2010-04-20,7.876777172088623,7.876777172088623,7.6863497332852875,7.698939674517293,15976400
2010-04-21,7.927140712738037,7.947600049279801,7.853173358141333,7.86891093988099,14417600
2010-04-22,8.010553359985352,8.02156978972528,7.8531751061573525,7.900388462235673,17557200
2010-04-23,8.073504447937012,8.076652085112785,7.942880807069595,8.00111059394541,11968400
2010-04-26,8.035731315612793,8.092386964781513,7.966484521600684,8.08923992900842,12186800
2010-04-27,7.8720598220825195,8.060913834596585,7.8673386668835334,7.993241141776124,14655200
2010-04-28,7.986944675445557,8.035732139835458,7.8641898557970995,7.897239137956259,14356000
2010-04-29,7.97750186920166,8.042026916305906,7.947600223102226,8.007404115651369,7656400
2010-04-30,8.191533088684082,8.218287688003242,8.001105659615499,8.007400930084717,18967200
2010-05-03,8.287534713745117,8.355207377368195,8.166353446335188,8.227730838842144,16931200
2010-05-04,8.097105979919434,8.230877167979083,8.056187324509422,8.230877167979083,15582800
2010-05-05,8.016847610473633,8.182095248546027,7.979077167745927,8.019995247426003,18458400
2010-05-06,8.037302017211914,8.18366374373361,7.711529296979748,7.990088692606526,33872000
2010-05-07,8.060914039611816,8.178947725391293,7.909830465547805,8.026290633004384,21738000
2010-05-10,8.281240463256836,8.341044345530385,8.189961422223687,8.194682575967592,13366000
2010-05-11,8.287534713745117,8.38353549704065,8.182091624125494,8.221436168076117,12202800
2010-05-12,8.320585250854492,8.325307005084081,8.213568027020013,8.301700034986698,9180400
2010-05-13,8.317436218261719,8.419732271040564,8.251337673647761,8.32058385376954,7179200
2010-05-14,8.295406341552734,8.408718859023558,8.248192992723325,8.30327513296592,10629200
2010-05-17,8.281240463256836,8.320585012056508,8.125436386206232,8.30642095047462,9324000
2010-05-18,8.235603332519531,8.356784045261325,8.226160422285616,8.276521409499182,8078400
2010-05-19,8.186813354492188,8.254486022886473,8.104976625263049,8.218289111941877,8022400
2010-05-20,7.892518043518066,8.092387856392081,7.892518043518066,8.092387856392081,13034800
2010-05-21,7.961761951446533,7.961761951446534,7.75244868910404,7.798088504248657,16489200
2010-05-24,7.91612434387207,8.051469709092927,7.889370334647152,7.946026589888467,8224400
2010-05-25,7.794939994812012,7.809104053084505,7.6359883189540465,7.804382900443684,18599200
2010-05-26,7.624974727630615,7.821697498723509,7.624974727630615,7.777631189760529,22309200
2010-05-27,7.834289073944092,7.843731985047396,7.711534231353043,7.72412477949078,15008400
2010-05-28,7.8578925132751465,7.944450391520485,7.823269121836969,7.824843239820581,9625600
2010-06-01,7.702089786529541,7.870484432061829,7.6973686320932035,7.783926532077516,11117200
2010-06-02,7.896071910858154,7.939002700971269,7.732299368481716,7.792719941339877,9710400
2010-06-03,7.980345249176025,8.001015769891463,7.897663772861432,7.956495208240207,6010000
2010-06-04,7.732301235198975,7.921514224075917,7.706860828236133,7.921514224075917,8416000
2010-06-07,7.795899391174316,7.880171204405207,7.722758320975159,7.754558970880385,8117200
2010-06-08,7.780001640319824,7.818161946106757,7.725940701665733,7.78954202004012,18177200
2010-06-09,7.695730686187744,7.832472494487093,7.681420419365503,7.8038525673897565,9823600
2010-06-10,7.997835636138916,7.997835636138916,7.772052094765119,7.813392529612729,9816800
2010-06-11,7.950133800506592,7.964444065609388,7.869042702622138,7.927873522912706,7825600
2010-06-14,8.029637336730957,8.102778442147663,7.973986627511123,8.031227097045564,7473600
2010-06-15,8.158426284790039,8.158426284790039,8.063024329751737,8.093235221793341,8120800
2010-06-16,8.217260360717773,8.266551420730735,8.105958338894865,8.105958338894865,8106400
2010-06-17,8.326969146728516,8.339689650689966,8.14888633709731,8.244287690620132,8105200
2010-06-18,8.349228858947754,8.385800002096644,8.284037796910077,8.323788459287854,9016400
2010-06-21,8.257007598876953,8.425550624924492,8.206126799795992,8.425550624924492,6652800
2010-06-22,8.063024520874023,8.250647703028338,8.03599436056133,8.245877817454803,7922400
2010-06-23,7.981934070587158,8.12185658853516,7.632128078990677,7.632128078990677,5679200
2010-06-24,7.883351802825928,8.064614729645273,7.867451173646258,7.948542866095113,6574800
2010-06-25,7.826110363006592,7.919921947602843,7.795899472335981,7.919921947602843,10078400
2010-06-28,7.821343898773193,7.862684947332808,7.77682332944493,7.835654168421173,7355200
2010-06-29,7.690960884094238,7.78954300063942,7.625769797500011,7.694141011068005,9597600
2010-06-30,7.75296688079834,7.891299586143725,7.716396353830755,7.7195764787688255,11804000
2010-07-01,7.783178329467773,7.79430846428562,7.702086654027054,7.79430846428562,9380800
2010-07-02,7.784769535064697,7.848370837165804,7.76409962744676,7.811800300749106,5958400
2010-07-06,7.854730606079102,7.932641559491677,7.786359422812676,7.85791012509653,4575200
2010-07-07,8.077332496643066,8.082102987412595,7.842008705756055,7.90242986761322,7862800
2010-07-08,8.109137535095215,8.109137535095215,8.055076593932693,8.109137535095215,5472400
2010-07-09,8.177506446838379,8.19022634360321,8.06938459487589,8.098005120780488,3559200
2010-07-12,8.253825187683105,8.255414946849891,8.134573234129672,8.140933483890421,3630400
2010-07-13,8.31265640258789,8.338096796372485,8.252235846441252,8.27131599014299,4233200
2010-07-14,8.284039497375488,8.326970294341532,8.228388801241966,8.268139471779365,4001200
2010-07-15,8.417601585388184,8.425552204554585,8.223618729979053,8.264959159527763,7978800
2010-07-16,8.365129470825195,8.423960281191581,8.31424867160881,8.395339755813994,9810800
2010-07-19,8.390568733215332,8.416009129375453,8.314247544734968,8.357178326982714,4420400
2010-07-20,8.37944221496582,8.396932608603539,8.264960079553225,8.363541581410098,6205600
2010-07-21,8.28722095489502,8.393753084450902,8.244290151033443,8.34923191384601,6376800
2010-07-22,8.401700973510742,8.444631766513972,8.312659261369188,8.312659261369188,9219600
2010-07-23,8.396929740905762,8.466890685016605,8.287217529754939,8.419190013734351,7092800
2010-07-26,8.400111198425293,8.532083096782799,8.347640027112293,8.366720177341094,4636800
2010-07-27,8.554342269897461,8.586142920542194,8.334918447650455,8.334918447650455,9195200
2010-07-28,8.438272476196289,8.536853971434258,8.4207820837329,8.511413566000359,6512000
2010-07-29,8.347638130187988,8.506640761239188,8.322197733481673,8.471659988312915,8449200
2010-07-30,8.315835952758789,8.365126977673206,8.269725052665958,8.334916095141523,5814000
2010-08-02,8.587730407714844,8.587730407714844,8.363536759486815,8.363536759486815,7969200
2010-08-03,8.544805526733398,8.594095976476854,8.506644611129815,8.546395286882758,4088400
2010-08-04,8.522543907165527,8.56229457950594,8.411242509850073,8.56229457950594,4592000
2010-08-05,8.468483924865723,8.470074291605329,8.377852430218347,8.454173656945233,7759600
2010-08-06,8.540032386779785,8.540032386779785,8.371489962005938,8.433500899916842,3809600
2010-08-09,8.503459930419922,8.563881095040216,8.476429776526043,8.53526057530149,5240800
2010-08-10,8.546391487121582,8.575012009462672,8.419189502576131,8.446219658927767,6483200
2010-08-11,8.376262664794922,8.493924328470193,8.357182509761914,8.422373595459616,5523600
2010-08-12,8.27767562866211,8.33332629640849,8.210894220819666,8.322196162859214,5706400
2010-08-13,8.271318435668945,8.346049879870778,8.225207518755175,8.266548549969938,4241200
2010-08-16,8.293580055236816,8.32538071366088,8.161608141615549,8.231569104910802,5056800
2010-08-17,8.342870712280273,8.422372051313866,8.31107005535742,8.326970080545307,5054400
2010-08-18,8.355592727661133,8.382623505184155,8.255420845271267,8.322202302380257,5724400
2010-08-19,8.24269962310791,8.326970856238681,8.188638683267174,8.298350322996695,5137600
2010-08-20,8.47325325012207,8.497103289002636,8.158428005831151,8.158428005831151,14323600
2010-08-23,8.54162311553955,8.586143666381298,8.489151946435765,8.489151946435765,6938400
2010-08-24,8.632253646850586,8.784896038785822,8.473251003614642,8.48120101446705,24677600
2010-08-25,8.548805236816406,8.70768075492233,8.491032098528738,8.535966489559073,9636800
2010-08-26,8.513500213623047,8.585716644283034,8.47979941671013,8.526338962267147,5526400
2010-08-27,8.648303985595703,8.653118210229115,8.492637525806302,8.54559644551474,4824000
2010-08-30,8.547201156616211,8.664352597347555,8.545596619100891,8.601764614915721,4872400
2010-08-31,8.62261962890625,8.638668050753395,8.476582357113063,8.513492809084452,8602400
2010-09-01,8.765453338623047,8.765453338623047,8.585715173688506,8.662745815803309,7937200
2010-09-02,8.768664360046387,8.794341244659991,8.696447930762742,8.786317333002968,4718800
2010-09-03,8.768664360046387,8.8264375034733,8.733358414133223,8.797550931759844,4793200
2010-09-07,8.712493896484375,8.77026702353403,8.69323577934446,8.69323577934446,5395600
2010-09-08,8.7092866897583,8.771874057818533,8.625836661616253,8.738173261506903,7439200
2010-09-09,8.763851165771484,8.811995253558681,8.752617565693981,8.77989899097212,8193200
2010-09-10,8.852117538452148,8.858536914936435,8.720523381451448,8.805577977219222,8062800
2010-09-13,8.898653030395508,8.98370758726845,8.866556774836896,8.917910538856614,9160800
2010-09-14,8.829646110534668,8.906676754953127,8.81199313973739,8.816807363705687,4706800
2010-09-15,8.625833511352539,8.682001484692,8.564850703023271,8.633857420088892,19810400
2010-09-16,8.645092964172363,8.659536248028669,8.577691380966368,8.659536248028669,7955200
2010-09-17,8.627440452575684,8.685213591073996,8.609788093310236,8.68200390424796,7019600
2010-09-20,8.746193885803223,8.747798422659406,8.603366230388328,8.65311483133487,4917600
2010-09-21,8.680398941040039,8.784711615120216,8.654722059876706,8.723728792787876,6756400
2010-09-22,8.715704917907715,8.75582508315132,8.667560229867275,8.70126163393261,7527200
2010-09-23,8.593740463256836,8.69644800255919,8.585716551533569,8.672376267389389,5046400
2010-09-24,8.746193885803223,8.832853568476862,8.657929666273398,8.69644467267169,8217600
2010-09-27,8.773475646972656,8.810386730169382,8.731750953015723,8.762242051977134,4823200
2010-09-28,8.82804012298584,8.839274331487236,8.714099010528939,8.805572930353222,5213200
2010-09-29,8.773475646972656,8.802362209014,8.70286439097438,8.786314391073258,4554000
2010-09-30,8.728541374206543,8.897045913394175,8.718912928197835,8.848901846795568,7683200
2010-10-01,8.73175048828125,8.74779830536787,8.656324401167183,8.678792202147424,8942000
2010-10-04,8.664351463317871,8.75903508114542,8.622626147157847,8.731753049473841,7527600
2010-10-05,8.730147361755371,8.754219091273958,8.664350321575101,8.69644596093322,9846400
2010-10-06,8.791130065917969,8.81038818524945,8.678794097409908,8.678794097409908,10651600
2010-10-07,8.810389518737793,8.832856715839908,8.786317172022553,8.799155920186736,5231600
2010-10-08,8.813600540161133,8.836068354410685,8.781504887032458,8.836068354410685,4442000
2010-10-11,8.824835777282715,8.831254541341984,8.749409636871237,8.797553734335525,2865600
2010-10-12,8.864950180053711,8.88260253493807,8.762242063666903,8.8135958157678,9194800
2010-10-13,8.901862144470215,8.938772621723185,8.885813711630803,8.908280905420861,9900400
2010-10-14,8.881001472473145,8.914702270689215,8.839276762136855,8.901864133733916,8374800
2010-10-15,8.877789497375488,8.933957479927743,8.820016365501685,8.933957479927743,8058400
2010-10-18,8.958029747009277,8.962843970563283,8.852112543525532,8.87778942278871,4014800
2010-10-19,8.908283233642578,8.954822782762525,8.877792121556375,8.893839946404844,7008000
2010-10-20,8.991728782653809,9.022220491709463,8.879392840401302,8.945189868942757,5877200
2010-10-21,8.921121597290039,9.028643365930375,8.871372362915782,9.014200079317543,7402000
2010-10-22,8.898653030395508,8.959635854738357,8.855323177219153,8.938773196797484,6115600
2010-10-25,8.802366256713867,8.959637883341324,8.794342344053762,8.956428195840223,7438800
2010-10-26,8.864950180053711,8.86655471697592,8.752613617763618,8.7815001798435,8103200
2010-10-27,8.778290748596191,8.821620592973623,8.675583241413403,8.821620592973623,9583200
2010-10-28,8.83445930480957,8.884208524695678,8.759033818628465,8.82643539506925,8458400
2010-10-29,8.832856178283691,8.842484626635647,8.505475466243464,8.704471765381202,17064000
2010-11-01,8.653117179870605,8.863347071818325,8.56003871232489,8.863347071818325,10630400
2010-11-02,8.730147361755371,8.742985495061601,8.662745172296148,8.69644596093322,4948800
2010-11-03,8.767061233520508,8.797552347598385,8.673982129200697,8.75743217067129,6230000
2010-11-04,8.82804012298584,8.847298241401015,8.763848231490513,8.842483405704678,6210400
2010-11-05,8.783106803894043,8.83285603089463,8.723729128702162,8.783106803894043,5324800
2010-11-08,8.738170623779297,8.781500468322536,8.71891311915509,8.759033277563457,5032000
2010-11-09,8.734960556030273,8.775080712685865,8.694840399374682,8.741379928019569,5710000
2010-11-10,8.686820030212402,8.722125366169845,8.622627508532089,8.71410145400612,4767600
2010-11-11,8.648303985595703,8.734963702108477,8.624232250243418,8.651513672746386,6392000
2010-11-12,8.606579780578613,8.657933553623806,8.55522600753342,8.638676041778176,6144800
2010-11-15,8.59694766998291,8.640277515409249,8.553617824556573,8.635463292201338,5531200
2010-11-16,8.434864044189453,8.577691739298894,8.396348414901944,8.558434230747718,10520000
2010-11-17,8.37869644165039,8.484613669575534,8.362648617977127,8.45733224689394,7732000
2010-11-18,8.399560928344727,8.46856768707612,8.335368395324938,8.409189991953305,8751600
2010-11-19,8.340179443359375,8.40918617073341,8.316107101369331,8.36104148675332,7889600
2010-11-22,8.359436988830566,8.373880271655286,8.243890726232795,8.300059320411195,8243600
2010-11-23,8.2913818359375,8.31730818937056,8.263836012592304,8.31730818937056,10493200
2010-11-24,8.343234062194824,8.365919003704349,8.276799325723376,8.301104355290025,5842800
2010-11-26,8.228187561035156,8.304344675860403,8.215225002962626,8.288141323740176,4518800
2010-11-29,8.215225219726562,8.242771042681415,8.135827308758653,8.215225219726562,8281600
2010-11-30,8.202261924743652,8.234669247489458,8.101799780538094,8.192540160602698,9350400
2010-12-01,8.252492904663086,8.317307547003361,8.215224701658812,8.299483489453873,10866000
2010-12-02,8.301104545593262,8.301104545593262,8.200642394554427,8.249253072920423,6643600
2010-12-03,8.28004264831543,8.291385123380417,8.208747002461434,8.260598493649528,7959200
2010-12-06,8.249252319335938,8.29462219925047,8.228187467324938,8.26383558332536,6218000
2010-12-07,8.237907409667969,8.32864776074217,8.218463269479951,8.304342121918594,7030000
2010-12-08,8.244393348693848,8.257355909623884,8.142310477101807,8.22008769703723,9520800
2010-12-09,8.2767972946167,8.288139762588045,8.205501075233208,8.2767972946167,7474800
2010-12-10,8.425872802734375,8.498789133304784,8.291382613224695,8.297864202190585,9619200
2010-12-13,8.440455436706543,8.500408584855021,8.417770495143243,8.463140378269843,7850800
2010-12-14,8.333513259887695,8.48420682062839,8.296245046323216,8.456660373486914,13703600
2010-12-15,8.237907409667969,8.348091900930187,8.229805736099467,8.336749434310672,10566400
2010-12-16,8.299483299255371,8.304344180978113,8.197400456250245,8.249251921686895,10984800
2010-12-17,8.37240219116211,8.375642986252856,8.22657012078927,8.231431004366161,13584800
2010-12-20,8.34971809387207,8.403190291136614,8.30110739879791,8.361060568785424,8326400
2010-12-21,8.283283233642578,8.390227008769802,8.281663145010908,8.352958789056217,8867200
2010-12-22,8.437213897705078,8.46151954330216,8.265455526844047,8.302724348257769,9490000
2010-12-23,8.453418731689453,8.505270825930191,8.425872905426216,8.433974582673146,5278400
2010-12-27,8.450174331665039,8.49068331577059,8.385359709848942,8.4291094868571,3581200
2010-12-28,8.472864151000977,8.487447418415304,8.399947813929339,8.44531770449907,3331600
2010-12-29,8.437213897705078,8.487445276817198,8.385362430675002,8.433973103750919,5491200
2010-12-30,8.42101001739502,8.474481568986196,8.406426754575934,8.442074249597317,3507600
2010-12-31,8.424249649047852,8.47448039995915,8.393462421722221,8.404804889225941,3526000
2011-01-03,8.463142395019531,8.490688843566586,8.3950875541123,8.455040716547495,6060800
2011-01-04,8.547396659851074,8.57818326889958,8.416147313262593,8.471239562903893,6944000
2011-01-05,8.480966567993164,8.549021409778781,8.44207764545963,8.529577257571242,10962800
2011-01-06,8.443696975708008,8.502030040940685,8.393465587731345,8.4793450973765,7158000
2011-01-07,8.461518287658691,8.467999256487028,8.351333782041001,8.458277494185447,5495600
2011-01-10,8.574945449829102,8.604111981409607,8.398326790318064,8.433974292602205,11806000
2011-01-11,8.549015045166016,8.646236970060366,8.521469234889311,8.646236970060366,7346000
2011-01-12,8.689994812011719,8.745087101835084,8.60411527256677,8.60411527256677,8480400
2011-01-13,8.711054801940918,8.736980536364737,8.651101656983009,8.69809224378814,6484400
2011-01-14,8.774250030517578,8.790453383978047,8.65596320140657,8.694852115077332,6422000
2011-01-18,8.798556327819824,8.821241273178744,8.762908821449406,8.783973060357889,5172400
2011-01-19,8.759668350219727,8.830963983712385,8.743464375708832,8.790454974612787,5126400
2011-01-20,8.790454864501953,8.868232086824719,8.75966824049453,8.775871596684034,10452000
2011-01-21,8.817999839782715,8.83906469528405,8.767769069588153,8.824481428878258,10110400
2011-01-24,8.772627830505371,8.852025732425814,8.764526155154682,8.798553562498498,10245200
2011-01-25,8.84230899810791,8.84230899810791,8.659208051280993,8.736985296931344,13060800
2011-01-26,8.783971786499023,8.864989789956388,8.696472194416675,8.845545642199747,8645600
2011-01-27,8.816377639770508,8.86174751633509,8.72077638692499,8.749942912750281,5785200
2011-01-28,8.754805564880371,8.860129220340566,8.743463093445376,8.80341686316559,8268800
2011-01-31,8.66244125366211,8.81961631416004,8.660821166224776,8.751560897548892,8734400
2011-02-01,8.835822105407715,8.852026074854127,8.701332558652767,8.715915822095424,6874000
2011-02-02,8.889293670654297,8.983274214555808,8.806654977413775,8.886052876986218,7090400
2011-02-03,8.910367012023926,8.936292767957626,8.788839915187433,8.860135589475416,10762800
2011-02-04,8.869852066040039,8.90712027671486,8.78397255454571,8.882814626305105,8266800
2011-02-07,8.942766189575195,8.952488571632573,8.840683959504892,8.868229781490076,9871200
2011-02-08,8.98165225982666,8.983272347264847,8.900634289319921,8.923319222162919,4446000
2011-02-09,8.9508695602417,8.963832119759008,8.903878968490002,8.942767265160258,3734400
2011-02-10,8.947627067565918,8.958969536785128,8.890914103351658,8.9249421291275,4948000
2011-02-11,8.921703338623047,8.958971548442726,8.88605521700494,8.933045810389107,4757600
2011-02-14,8.86336898803711,8.920081338642541,8.816378401467887,8.910359574606332,4281200
2011-02-15,8.874710083007812,8.886052551371366,8.798552979894101,8.834201090818505,5381600
2011-02-16,8.808279991149902,8.892538813373616,8.728882052746512,8.874714748541109,6988800
2011-02-17,8.788829803466797,8.853643809671878,8.774246543899991,8.779107424382905,5642400
2011-02-18,8.845544815063477,8.850405697018523,8.775869289155953,8.808276611132191,7485200
2011-02-22,8.855269432067871,8.869852699731927,8.76938991443802,8.76938991443802,7270000
2011-02-23,8.809900283813477,8.884437340123322,8.728882254965889,8.728882254965889,7502800
2011-02-24,8.816377639770508,8.877951485192591,8.779109438575572,8.788831819890072,7466800
2011-02-25,8.861748695373535,8.884434254792305,8.817998900814773,8.817998900814773,4550800
2011-02-28,8.988137245178223,9.00109980394042,8.85202697852453,8.85202697852453,8805600
2011-03-01,8.771011352539062,9.002722948019137,8.771011352539062,8.986518972530535,12267600
2011-03-02,8.807023048400879,8.813571170891628,8.72844745190189,8.77755712165584,7938800
2011-03-03,8.911789894104004,8.962536903202896,8.847947265392575,8.852858669152655,8676400
2011-03-04,8.96253776550293,8.964174483938235,8.821756250459433,8.910154033086283,9450400
2011-03-07,8.941256523132324,9.003462438466006,8.897057632589709,8.964174327607013,6344000
2011-03-08,9.052573204040527,9.078765072961254,8.954353851703651,8.957627913376669,6094000
2011-03-09,9.129509925842285,9.136058047634506,8.969084688712455,9.057482459517647,6565600
2011-03-10,9.060760498046875,9.144247532143853,9.003465964422348,9.060760498046875,8384800
2011-03-11,9.116415023803711,9.144244233284287,9.01983239877705,9.01983239877705,8680400
2011-03-14,9.016560554504395,9.06075882975479,8.942895721647961,9.03620430177829,9777600
2011-03-15,8.80211353302002,9.006737706771284,8.80211353302002,9.006737706771284,13087200
2011-03-16,8.610586166381836,8.811936930584354,8.518914923584989,8.803751462937344,12608000
2011-03-17,8.646594047546387,8.726806952143088,8.57620332242981,8.695703696020889,8145600
2011-03-18,8.636774063110352,8.774281488464435,8.605671423546449,8.708802148677817,9970400
2011-03-21,8.800474166870117,8.890509282194063,8.703891554083476,8.715351079685568,5876400
2011-03-22,8.821757316589355,8.851223247692666,8.762825454382737,8.825031378318993,5500800
2011-03-23,8.789018630981445,8.826669409777082,8.746457071092665,8.793930036538105,3445200
2011-03-24,8.843036651611328,8.857769614240746,8.766097777384006,8.838125872222623,7410800
2011-03-25,8.856130599975586,8.88887058013536,8.821753901816255,8.87577496274936,4746400
2011-03-28,8.80211353302002,8.919977256929043,8.800476189930494,8.880689140804895,5922400
2011-03-29,8.951079368591309,8.955990148637916,8.782469259381676,8.811935188588091,5367600
2011-03-30,9.000189781188965,9.01328602833938,8.944531979726571,8.98873087716407,7840400
2011-03-31,9.023107528686523,9.037840494400152,8.965813008946538,8.978908631545636,6730400
2011-04-01,9.15570068359375,9.15570068359375,9.03620028539229,9.044385124413148,8676000
2011-04-04,9.198264122009277,9.198264122009277,9.126236649492721,9.137695551382553,8148400
2011-04-05,9.217905044555664,9.222815822255313,9.140966196791373,9.150788376653756,7602000
2011-04-06,9.260472297668457,9.267020421623215,9.183533402358725,9.227732302358136,6323600
2011-04-07,9.175350189208984,9.234282066341295,9.127877218800892,9.222823159617077,11005600
2011-04-08,9.16716194152832,9.217908955654302,9.086948999776075,9.178620843998162,6597200
2011-04-11,9.031291961669922,9.186806453942369,9.013285559469944,9.168799427278989,9895200
2011-04-12,9.023107528686523,9.068943768941942,8.973997851128903,9.00182706390506,7766400
2011-04-13,8.998550415039062,9.095133023735519,8.987091514385522,9.04602273583377,6659200
2011-04-14,9.02965259552002,9.062392577629844,8.93634405240811,8.977268873929587,4881600
2011-04-15,9.023107528686523,9.111505322968299,9.005100501207261,9.062395645410678,11047200
2011-04-18,8.992000579833984,8.998548700234812,8.885595808941504,8.951075764023512,7557600
2011-04-19,8.985455513000488,9.016558783242814,8.95598958564636,8.983818794575635,5361200
2011-04-20,9.114776611328125,9.126235511789456,9.021468065021148,9.055844766405142,5227200
2011-04-21,9.08695125579834,9.136061563676993,9.054211883163912,9.124602658362242,4564800
2011-04-25,9.078764915466309,9.11641568735774,9.055847108616168,9.08367632012234,3613600
2011-04-26,9.173707962036133,9.181892801287107,9.093495038664884,9.093495038664884,5600000
2011-04-27,9.199904441833496,9.214637409668349,9.119691478185189,9.190082255122423,6113200
2011-04-28,9.303032875061035,9.330861460375882,9.167162136509639,9.167162136509639,7140400
2011-04-29,9.260472297668457,9.31285604037958,9.186807464336104,9.258835578911503,7054400
2011-05-02,9.265380859375,9.322675993561935,9.222819312789362,9.293210067285985,7722000
2011-05-03,9.391427993774414,9.404524236579164,9.242461666418134,9.268653527564407,9061200
2011-05-04,9.401253700256348,9.43890447573983,9.307945120913919,9.378335891219745,7962000
2011-05-05,9.339044570922852,9.397976416507325,9.299757090175369,9.383243455111206,7164800
2011-05-06,9.394704818725586,9.478191830012591,9.337410300754827,9.404527003719178,5758000
2011-05-09,9.437265396118164,9.44545023666031,9.303032012944389,9.381607606182943,4968400
2011-05-10,9.551856994628906,9.587871052105395,9.448726851886464,9.461822475401158,5796400
2011-05-11,9.530573844909668,9.569861328855351,9.463457154077767,9.542032746432435,5010800
2011-05-12,9.638620376586914,9.648441940450986,9.48637989205755,9.494564736765485,6000000
2011-05-13,9.599329948425293,9.65171369136502,9.533850581982371,9.64025478662592,5672000
2011-05-16,9.506021499633789,9.654987887779543,9.491288532697903,9.564953367377337,7944000
2011-05-17,9.592780113220215,9.60915042025831,9.47819108627036,9.489649988965345,6322000
2011-05-18,9.576411247253418,9.59605499291085,9.527301570878135,9.59605499291085,6137200
2011-05-19,9.558403968811035,9.632068793668202,9.527301320299522,9.618972547265416,7034000
2011-05-20,9.45854663848877,9.578047068779394,9.442176956051341,9.574773631862595,9370400
2011-05-23,9.427441596984863,9.478188598789737,9.36196163494394,9.397975676512766,6980400
2011-05-24,9.393065452575684,9.448723236258061,9.376695148867197,9.427442153668649,5944400
2011-05-25,9.332499504089355,9.389794650256615,9.253923892411224,9.361965436526585,7880000
2011-05-26,9.347230911254883,9.363601217913697,9.24737485072118,9.29975858310269,5626000
2011-05-27,9.388153076171875,9.409434156555555,9.347228257837276,9.37996823739759,4581200
2011-05-31,9.48637580871582,9.488012527167445,9.432354732861906,9.433992075776885,7274400
2011-06-01,9.38060474395752,9.502903254543074,9.375646909219908,9.496292387928301,6678400
2011-06-02,9.28970718383789,9.380604389794938,9.241779348360694,9.380604389794938,5822800
2011-06-03,9.20211124420166,9.216985371564622,8.950904110097559,8.98726322819516,13460000
2011-06-06,9.157491683959961,9.221946045578623,9.111216886992066,9.160797116664357,7831600
2011-06-07,9.157491683959961,9.269873874122128,9.155839282831176,9.18228211401952,7749600
2011-06-08,9.172369003295898,9.20707511308216,9.134357459656606,9.150883998474718,5769600
2011-06-09,9.19385051727295,9.245083146424633,9.165754655413519,9.198808350946518,4399600
2011-06-10,9.17071533203125,9.258307110446024,9.145924896788939,9.188894270035727,10028800
2011-06-13,9.238476753234863,9.259961128385198,9.145926493347417,9.197159774249817,5240800
2011-06-14,9.236820220947266,9.314496313748666,9.203766524194744,9.302927614452308,5716400
2011-06-15,9.167407989501953,9.29466431171361,9.131048860170958,9.200461055679048,6592400
2011-06-16,9.279789924621582,9.302927322488152,9.18889210379319,9.190545135324694,7690400
2011-06-17,9.359119415283203,9.420268349094306,9.337634416207512,9.344245282145707,7714000
2011-06-20,9.428531646728516,9.430184678441838,9.276485512340521,9.349203146554752,6325600
2011-06-21,9.415314674377441,9.463241897485524,9.370692255251583,9.454978626635658,5384800
2011-06-22,9.373994827270508,9.415311799350583,9.321109153443768,9.392174395857253,7025600
2011-06-23,9.317801475524902,9.345896707157152,9.223598852309886,9.30623277656494,5972400
2011-06-24,9.355813980102539,9.420268346867502,9.301275281795649,9.339286815260962,7324800
2011-06-27,9.416960716247559,9.426877012838322,9.360769629793355,9.360769629793355,5920000
2011-06-28,9.43514347076416,9.459933905406274,9.372341498665227,9.428532604133338,4052800
2011-06-29,9.458280563354492,9.48307099718364,9.41365816073018,9.463238397941554,6011200
2011-06-30,9.49629020690918,9.49794323840669,9.398782153300292,9.48306910716307,6626000
2011-07-01,9.615283966064453,9.626852665613134,9.483069806617504,9.497943938958214,5607200
2011-07-05,9.534305572509766,9.598760587469124,9.49959946245653,9.58058101636113,5803200
2011-07-06,9.545872688293457,9.588842691120051,9.49133461448671,9.5359570187542,4794800
2011-07-07,9.593801498413086,9.610328666732114,9.524389282814195,9.610328666732114,5130800
2011-07-08,9.535955429077148,9.56074522923969,9.484722166692956,9.527692162356301,4081200
2011-07-11,9.446707725524902,9.474803580257548,9.392169677609344,9.453318589043954,4928800
2011-07-12,9.4681978225708,9.529346766980668,9.395479545540377,9.416964548340001,6297200
2011-07-13,9.453324317932129,9.527695001474843,9.441755614986265,9.497946728057757,6560400
2011-07-14,9.418617248535156,9.511166862663375,9.40539551483286,9.46158662217369,5922800
2011-07-15,9.387214660644531,9.440100327317142,9.35250856009942,9.433490091818221,8170800
2011-07-18,9.314496040344238,9.383908234084961,9.273179078228054,9.357465403548474,5146800
2011-07-19,9.382255554199219,9.405392951425256,9.263262505097556,9.331022295736716,5190000
2011-07-20,9.410350799560547,9.45166776051296,9.33432774271534,9.385561001257175,4886800
2011-07-21,9.567358016967773,9.602064122436218,9.458281235176255,9.458281235176255,5189200
2011-07-22,9.49629020690918,9.585534994370898,9.478110643117333,9.572313264177993,3900000
2011-07-25,9.509513854980469,9.559094092309609,9.426879915949593,9.426879915949593,4091200
2011-07-26,9.479763984680176,9.552481611779221,9.466542254054813,9.507859216588846,7266400
2011-07-27,9.362422943115234,9.478109921258376,9.31614752141123,9.466541223444063,9958800
2011-07-28,9.294663429260254,9.423572140363193,9.281441699687251,9.312842361752983,7344000
2011-07-29,9.131053924560547,9.26822662097402,9.116179784352425,9.26822662097402,9977200
2011-08-01,9.157491683959961,9.221946045578623,9.076510158819321,9.18062908244391,6737200
2011-08-02,8.964127540588379,9.139311040107314,8.964127540588379,9.107910378793688,7207600
2011-08-03,8.929422378540039,8.993876743822721,8.779028649398159,8.975697808585368,13422000
2011-08-04,8.674910545349121,8.934381043983393,8.671605112382503,8.861662779611526,13019600
2011-08-05,8.727795600891113,8.793902364254754,8.572443414570557,8.74101670138511,17404000
2011-08-08,8.291489601135254,8.6914382161328,8.26339436291588,8.58236143576019,14094400
2011-08-09,8.584013938903809,8.598888074151102,8.098126571570486,8.387345377698004,17858400
2011-08-10,8.29479694366455,8.555920568247446,8.263396264819194,8.473286605599254,16360800
2011-08-11,8.668302536010742,8.75589433192751,8.294796683505234,8.31793472189659,28130000
2011-08-12,8.707962036132812,8.83026051194824,8.65838181151182,8.729447031299054,26907200
2011-08-15,9.046762466430664,9.071552265881882,8.73440569759201,8.75258526212433,24555200
2011-08-16,9.038497924804688,9.079814884723161,8.894715080813492,8.98230683409769,7134800
2011-08-17,9.097996711730957,9.20872651969669,9.069901474610162,9.093038877050095,7592800
2011-08-18,9.021973609924316,9.041805579033262,8.833568327272005,8.95421380422573,14720800
2011-08-19,8.972391128540039,9.040150917296481,8.916200038075177,8.959169398808648,9924800
2011-08-22,8.945951461791992,9.107913925572335,8.924466458607222,9.107913925572335,9130400
2011-08-23,9.109562873840332,9.109562873840332,8.907936544172468,8.992222862488639,9200800
2011-08-24,9.35495376586914,9.368308115122506,9.087859775993183,9.101214762047332,8870400
2011-08-25,9.216399192810059,9.374986159118967,9.151295223971864,9.374986159118967,7402800
2011-08-26,9.249786376953125,9.266479474339672,8.96433020875759,9.166319616418699,6784800
2011-08-29,9.39669418334961,9.401701988472041,9.296533623292117,9.338267030782424,4896400
2011-08-30,9.421728134155273,9.461792461250864,9.34160011676497,9.3649707089037,6061600
2011-08-31,9.46847152709961,9.485164628026824,9.403367541962094,9.445100931081114,8580000
2011-09-01,9.46847152709961,9.521890214227875,9.425068445807279,9.486834320200135,10512400
2011-09-02,9.286514282226562,9.363303568326629,9.27983678687847,9.328247672950644,8055200
2011-09-06,9.189693450927734,9.203048442991214,9.01441331930153,9.147960055930968,7274000
2011-09-07,9.181346893310547,9.314893629853032,9.084525111316575,9.314893629853032,12296000
2011-09-08,9.124589920043945,9.203048910399014,9.04780062218215,9.049469677874319,10302400
2011-09-09,8.947635650634766,9.062820177118146,8.897555726285846,9.037779896543293,11257600
2011-09-12,9.034445762634277,9.036115455152165,8.855826871287082,8.874189668177168,8249600
2011-09-13,8.945969581604004,9.037782913021049,8.895889640540252,9.024428559244516,12767600
2011-09-14,8.989372253417969,9.069500925296019,8.85582552828958,8.935953563366613,9866400
2011-09-15,9.071172714233398,9.132937973817203,9.011076510616201,9.056148663329099,10833600
2011-09-16,9.228087425231934,9.253127715125123,9.084524455019835,9.111234437199784,11891200
2011-09-19,9.139612197875977,9.174668091830114,9.106225359290663,9.127926899891264,5899200
2011-09-20,9.293194770812988,9.406709688866929,9.162986744669281,9.181349545648779,9977200
2011-09-21,9.149626731872559,9.391679833612406,9.146287984957413,9.313221509909507,9047200
2011-09-22,8.905905723571777,9.087863340727765,8.830786126354095,8.99438094888317,14760000
2011-09-23,8.982697486877441,9.096212388875013,8.890883494966783,8.907577237496524,10764400
2011-09-26,9.077847480773926,9.091201834892962,8.989372257931123,9.067831237583887,8468400
2011-09-27,9.107895851135254,9.28818377644369,9.072839317302167,9.251458187095235,10456400
2011-09-28,8.987702369689941,9.179676207171294,8.969339577276825,9.132934380083102,8629200
2011-09-29,9.101218223571777,9.12959662452901,9.011073943823462,9.089532924730443,11456400
2011-09-30,9.01775074005127,9.139612159089681,9.014411992526808,9.032774785510853,9766000
2011-10-03,8.825772285461426,9.111229000052939,8.822433539681336,8.996044499442114,8868800
2011-10-04,8.849149703979492,8.852488452338346,8.568701846648292,8.737304499563011,11600000
2011-10-05,8.850820541381836,8.910916746012159,8.769022788012514,8.87419114611558,9690800
2011-10-06,8.974347114562988,8.979355553946307,8.812422008656958,8.830784800526937,5900800
2011-10-07,9.047799110412598,9.107895294107008,8.950977339615823,9.016081326351104,11350800
2011-10-10,9.198040008544922,9.201378756562962,9.084525123135855,9.157976305930587,6891200
2011-10-11,9.142950057983398,9.183013750956336,9.079515134508508,9.17299814611356,4801600
2011-10-12,9.127928733825684,9.198040535820448,9.07784878428641,9.154638082700037,7169200
2011-10-13,9.11290454864502,9.14128295279803,9.024429951225516,9.092872696489888,5708800
2011-10-14,9.157977104187012,9.20972611097466,9.116243705525426,9.15964615994098,7864000
2011-10-17,9.129596710205078,9.201378196218917,9.10121830898153,9.156306055921783,7709200
2011-10-18,9.152968406677246,9.221411148329318,9.047800074011503,9.142952162727774,7815200
2011-10-19,9.139612197875977,9.273158915416252,9.127926899891264,9.16966028892266,7295600
2011-10-20,9.194701194763184,9.224748651027479,9.129596568587642,9.159644661652962,6166800
2011-10-21,9.326578140258789,9.339933131183436,9.249788852845123,9.268151646966002,8139600
2011-10-24,9.32157039642334,9.373320031384367,9.271490453739036,9.33158663968061,6071200
2011-10-25,9.214731216430664,9.331584817746448,9.201376228028451,9.273157698688108,6510400
2011-10-26,9.353293418884277,9.401704336495694,9.244786914391339,9.32157625051891,9362000
2011-10-27,9.648758888244629,9.697169769701862,9.508534683307055,9.593671148876803,12055600
2011-10-28,9.521888732910156,9.657104485067675,9.505194997778998,9.635403584598494,11022800
2011-10-31,9.415057182312012,9.525233354928798,9.415057182312012,9.436758096165926,9863200
2011-11-01,9.239773750305176,9.358297080589603,9.21306440195962,9.269821846794063,10273200
2011-11-02,9.381667137145996,9.471811421389003,9.353288097972728,9.363304341822303,7758400
2011-11-03,9.617044448852539,9.627060056936305,9.416724008762628,9.44844116236309,11016000
2011-11-04,9.421728134155273,9.498518041355082,9.27315739544403,9.27315739544403,14420000
2011-11-07,9.353293418884277,9.460130866853321,9.253133470613655,9.289859082153546,12002400
2011-11-08,9.42340087890625,9.425069934542213,9.313224739701226,9.351619387339225,6682800
2011-11-09,9.161314010620117,9.308215085877734,9.134604666318642,9.308215085877734,10162000
2011-11-10,9.229755401611328,9.279835335286302,9.181344523111795,9.261472544351934,6214000
2011-11-11,9.318230628967285,9.383334611012588,9.291521286671752,9.291521286671752,7103200
2011-11-14,9.226418495178223,9.331586822637933,9.191362598291997,9.331586822637933,5100400
2011-11-15,9.289854049682617,9.32657900452656,9.183016022788118,9.231426914174536,14236400
2011-11-16,9.281508445739746,9.385007742263314,9.201380389490044,9.221412881153359,10115200
2011-11-17,9.244782447814941,9.339934543740139,9.1763397009775,9.258136803958262,8745600
2011-11-18,9.269822120666504,9.316563959253013,9.209725925913219,9.269822120666504,7426000
2011-11-21,9.131265640258789,9.228086771599083,9.089532251260167,9.208054923184019,9083600
2011-11-22,9.014912605285645,9.146443756373817,8.959265330157953,9.109345144109326,8161600
2011-11-23,8.832789421081543,8.986241823935737,8.831102770427036,8.96263386092259,9066800
2011-11-25,8.864829063415527,8.9255356240398,8.82267180112298,8.827730466752078,3957600
2011-11-28,9.0300874710083,9.099225370877198,8.984557540372357,9.041891455624778,7978800
2011-11-29,9.17342472076416,9.205464023158928,9.058756863509428,9.077306170310791,6276800
2011-11-30,9.348796844482422,9.384209443503414,9.262796288617619,9.333620200121699,12371200
2011-12-01,9.372403144836426,9.4381683730769,9.331931888774477,9.348794536893493,5316400
2011-12-02,9.40276050567627,9.505624383368264,9.384211840736123,9.443231782066393,9955200
2011-12-05,9.529227256774902,9.608483115491413,9.45840336510644,9.535972573105832,8876800
2011-12-06,9.574760437011719,9.645584996062496,9.510681839857432,9.552839116375827,7504400
2011-12-07,9.625348091125488,9.657387384402364,9.524170258257818,9.542719559780336,7317200
2011-12-08,9.547779083251953,9.65401559215428,9.52922978006452,9.573073704556439,8610400
2011-12-09,9.692803382873535,9.709666683692483,9.566331521442613,9.598370828094884,7318800
2011-12-12,9.610173225402832,9.701232455572203,9.544407332406895,9.674251823805537,7024000
2011-12-13,9.67593765258789,9.777114852294664,9.620289742460903,9.66076100830498,7300800
2011-12-14,9.640525817871094,9.69617373240882,9.603427851448275,9.647271136591243,7726400
2011-12-15,9.76530933380127,9.793976609953987,9.682680807175156,9.750132691901324,8591600
2011-12-16,9.758564949035645,9.822644181320928,9.706290344483806,9.817585514627243,15871600
2011-12-19,9.704602241516113,9.782171454469186,9.66244497665873,9.731582865294087,7898800
2011-12-20,9.905278205871582,9.939003526880388,9.77711967026876,9.793982974042429,10570800
2011-12-21,10.063786506652832,10.104257137528815,9.925510671833244,9.928883331617756,11749200
2011-12-22,10.07053279876709,10.102572104910477,10.03006152071358,10.073905458877311,10523600
2011-12-23,10.159904479980469,10.175081126511202,10.063785933042178,10.063785933042178,7393200
2011-12-27,10.24759292602539,10.264455582735899,10.153160375946836,10.16159170430209,5915600
2011-12-28,10.230729103088379,10.281318357172204,10.218925115340577,10.237474422735433,5884800
2011-12-29,10.299866676330566,10.309984011561339,10.220610786254715,10.277944711215516,4849200
2011-12-30,10.266140937805176,10.3201022043867,10.247591631804832,10.311670877096281,4917200
2012-01-03,9.940686225891113,10.313356406958535,9.898528948125051,10.313356406958535,19250400
2012-01-04,9.915389060974121,9.960918986486101,9.896839760587516,9.92719304426217,11679600
2012-01-05,10.041864395141602,10.062099710288317,9.876607927693764,9.964295151021629,13628000
2012-01-06,9.935626983642578,10.036804836940155,9.93225496747477,10.02837350998261,18193600
2012-01-09,9.947431564331055,9.991274850255838,9.876607003044546,9.97441219642377,9357200
2012-01-10,9.991276741027832,10.031748018460286,9.935628814966847,9.974414084004636,7598400
2012-01-11,9.984530448913574,10.00982507525506,9.91539253261846,9.962609125571294,7078400
2012-01-12,10.014883995056152,10.041864630306643,9.942373417207506,10.01994266314403,7762400
2012-01-13,9.969354629516602,10.016571226389825,9.92045266754198,9.955864632745055,8264400
2012-01-17,9.974408149719238,10.09582062324385,9.94911353596437,10.06546734404551,7612400
2012-01-18,10.033430099487305,10.050292749909984,9.960919544785801,9.965978211258829,7074800
2012-01-19,9.913703918457031,10.06378369901801,9.906958600769844,10.06378369901801,9229200
2012-01-20,10.00139045715332,10.00139045715332,9.910330604205123,9.910330604205123,9678000
2012-01-23,10.009825706481934,10.075590967194117,9.979472410265677,9.987903738488168,8460000
2012-01-24,9.981157302856445,10.01151059567965,9.918764709061652,10.008137936113846,5954400
2012-01-25,10.126178741455078,10.139669380109467,9.900215690146533,9.947432282167835,9944000
2012-01-26,10.062097549438477,10.158216723099057,10.01319560194143,10.13460811001729,11892800
2012-01-27,10.104254722595215,10.124490676465859,9.962606905114258,10.016568162231458,10602000
2012-01-30,10.105941772460938,10.180138343107371,10.011509247145426,10.067157157581965,10821600
2012-01-31,10.092452049255371,10.124491992079484,10.041863444542944,10.112688005755551,8736800
2012-02-01,10.109313011169434,10.178450905068894,10.097509027572125,10.144724961961359,8662400
2012-02-02,10.136296272277832,10.20037551651485,10.095825001373129,10.13460962088608,8047600
2012-02-03,10.153159141540527,10.21892439529263,10.09413920696019,10.197003072887957,7399200
2012-02-06,10.112690925598145,10.170024865698025,10.087396294304094,10.126180923890896,5274400
2012-02-07,10.148098945617676,10.19362887826728,10.048607754257935,10.092451035734067,7050000
2012-02-08,10.176765441894531,10.188569426869538,10.092450895919368,10.131236153144606,6726400
2012-02-09,10.166650772094727,10.188572096638804,10.109316840077325,10.170023432009764,6455200
2012-02-10,10.178450584411621,10.19362722616845,10.122802683546963,10.122802683546963,5397600
2012-02-13,10.124488830566406,10.202058043121328,10.085704224288946,10.202058043121328,7214800
2012-02-14,10.18182373046875,10.18182373046875,10.078959891777005,10.097509192953401,5380400
2012-02-15,10.112690925598145,10.2155548160658,10.062101663010042,10.205436834894341,7544800
2012-02-16,10.19025993347168,10.245907220369412,10.114376684730063,10.141357323919395,8270000
2012-02-17,10.154845237731934,10.239159792961807,10.13629593265832,10.20206118281458,7547600
2012-02-21,10.186885833740234,10.212180460836327,10.153159878701809,10.188571842021066,7985200
2012-02-22,10.148098945617676,10.235786151838882,10.122804324167136,10.202060204327811,5201200
2012-02-23,10.153159141540527,10.181826426386007,10.077275909030776,10.148100473796225,23902800
2012-02-24,10.24759292602539,10.267828242731824,10.14304303922818,10.185200324273568,25763600
2012-02-27,10.256021499633789,10.286374788175166,10.193628914640492,10.229040870182448,40980000
2012-02-28,10.198689460754395,10.281318015512259,10.186885473398853,10.279631364022,6014000
2012-02-29,10.135668754577637,10.237860396704617,10.065838091495719,10.225938135913642,9810400
2012-03-01,10.18676471710205,10.229344404793093,10.139075025082242,10.142481478063262,8026800
2012-03-02,10.185063362121582,10.212314342131833,10.137374309532298,10.179954006405477,6076000
2012-03-05,10.191877365112305,10.217425445868306,10.133968945151423,10.161219928090974,5246800
2012-03-06,10.139079093933105,10.166330079002716,10.091390032489969,10.14759555466058,4798000
2012-03-07,10.17654800415039,10.186767365750574,10.081169245025936,10.142484115197755,5192800
2012-03-08,10.178252220153809,10.220831924412627,10.159517696040297,10.219129022116753,5630800
2012-03-09,10.22082805633545,10.270220650514565,10.15781029980162,10.198687086294726,7049200
2012-03-12,10.35027027130127,10.372411890198997,10.222531211814653,10.225937664700032,6857200
2012-03-13,10.374114990234375,10.384334349085997,10.307690781984997,10.360489828146678,7364400
2012-03-14,10.229345321655273,10.39455408289843,10.21742306001034,10.36389665303588,7512800
2012-03-15,10.26170539855957,10.278737014853947,10.168030209511473,10.241267329063417,8405600
2012-03-16,10.246381759643555,10.26681983926389,10.203802048100867,10.25149111711993,10953600
2012-03-19,10.22423267364502,10.329830749078262,10.198685255173903,10.219123319893669,7478800
2012-03-20,10.253190994262695,10.305989401833042,10.200391936977745,10.200391936977745,4334000
2012-03-21,10.27192497253418,10.323020472198158,10.244673996065757,10.307691757327511,4175200
2012-03-22,10.268519401550293,10.277035210606893,10.208907438724916,10.22934616011826,5495200
2012-03-23,10.287261009216309,10.316214908071426,10.2583064606462,10.261712916343564,4865600
2012-03-26,10.377523422241211,10.391148586927308,10.319615010467468,10.346865989554253,4547200
2012-03-27,10.3826322555542,10.425211948842772,10.358787731266927,10.377522900268229,4517200
2012-03-28,10.295772552490234,10.39966713415764,10.265115113646912,10.37582195416805,4900400
2012-03-29,10.321317672729492,10.32642767786838,10.198688594543935,10.263409262300494,4254000
2012-03-30,10.403071403503418,10.404774305430514,10.31280200821732,10.363897512319788,6602400
2012-04-02,10.53081226348877,10.576797770131217,10.42351123198877,10.42351123198877,8510000
2012-04-03,10.552948951721191,10.569981215513137,10.506962814054585,10.544433144682435,5702800
2012-04-04,10.634705543518066,10.660253623176708,10.518888708570964,10.523998714331485,8737600
2012-04-05,10.709650993347168,10.721573262565899,10.587021195994566,10.605756376113984,11919200
2012-04-09,10.66706371307373,10.687501781572617,10.614264665594245,10.615968216969268,7303600
2012-04-10,10.602343559265137,10.678987136624421,10.535919342125274,10.627891634956416,8897200
2012-04-11,10.62789249420166,10.678988000000643,10.587015699733712,10.653439922243848,8717600
2012-04-12,10.648330688476562,10.648330688476562,10.554655485153635,10.622782610427304,7467200
2012-04-13,10.573389053344727,10.69090876518884,10.568279048680537,10.641516168293606,15741600
2012-04-16,10.682393074035645,10.709644050256571,10.578498524157574,10.592123687410774,5744000
2012-04-17,10.733488082885742,10.750519698602801,10.612561922036942,10.718159368854593,5151200
2012-04-18,10.696019172668457,10.740302418971662,10.61256333494366,10.690909817216003,6608800
2012-04-19,10.682393074035645,10.728379218229932,10.617671761867998,10.678986620793713,6435600
2012-04-20,10.808426856994629,10.837381380036756,10.653436832845122,10.692610064254952,7089200
2012-04-23,10.787992477416992,10.813540556496315,10.75563214033587,10.767554403982317,5507600
2012-04-24,10.883368492126465,10.908916564763993,10.777770398291521,10.801614919572161,7435200
2012-04-25,10.970232963562012,11.016218461239612,10.852712592543837,10.90551099717907,8370000
2012-04-26,10.973641395568848,11.045174986612944,10.934467496037398,11.002595282501538,9025600
2012-04-27,10.992377281188965,11.012816008280634,10.941281113174554,10.994080833303986,4322800
2012-04-30,10.960015296936035,10.987266930593645,10.934467215239378,10.982157574140198,7750000
2012-05-01,10.864632606506348,10.898696484530673,10.665359342378427,10.704532574706349,21819600
2012-05-02,10.864632606506348,10.874851315113542,10.832271630011745,10.85441324818472,7525200
2012-05-03,10.832276344299316,10.917435751564923,10.825464085501252,10.842495707068487,6741600
2012-05-04,10.827165603637695,10.896996282679817,10.798211720731889,10.823759149816784,7876400
2012-05-07,10.924245834350586,10.93957519939652,10.81524192520053,10.8237577337814,9171600
2012-05-08,10.93446159362793,10.965119016016478,10.883366755932842,10.90380417123938,6696400
2012-05-09,10.92595100402832,10.978749414877887,10.856120323779987,10.871449041381554,7918400
2012-05-10,11.086048126220703,11.11670555682731,10.96512195533606,11.000888741138919,9802000
2012-05-11,11.099675178527832,11.143958427552946,11.040063862203203,11.070721296231474,5574400
2012-05-14,11.189945220947266,11.241041383370707,11.034955780607103,11.087754195529774,9923200
2012-05-15,11.179725646972656,11.241040517385466,11.133740143877693,11.195055014290503,9106800
2012-05-16,11.166098594665527,11.22911700989563,11.111596638049733,11.196756026476233,6628800
2012-05-17,11.079241752624512,11.18143280311077,11.079241752624512,11.160994073241636,6115200
2012-05-18,11.070722579956055,11.198461686647855,11.053690958949693,11.091161304821323,9135600
2012-05-21,11.10478401184082,11.116706274544832,11.028141080090625,11.067314971506194,7250800
2012-05-22,11.174612998962402,11.210379779594746,11.113298146612983,11.113298146612983,6264000
2012-05-23,11.060498237609863,11.234222762538595,11.019620808685326,11.166095013759762,9248400
2012-05-24,11.07582950592041,11.166098246932703,11.04857917817571,11.097971777856403,7432400
2012-05-25,11.126922607421875,11.16609518646118,11.080935824027696,11.089452280042543,23769200
2012-05-29,11.179725646972656,11.200164370253356,11.08264398539059,11.155881119526486,24244000
2012-05-30,11.099675178527832,11.21889911060633,11.07923775546181,11.140552623518355,6251200
2012-05-31,11.232039451599121,11.290486623137031,11.101395301580556,11.12374201662228,11154400
2012-06-01,11.103114128112793,11.244074577453276,11.080767411548665,11.099676676142925,10193600
2012-06-04,11.127179145812988,11.135773429642068,11.05497955492718,11.10483112254921,9712000
2012-06-05,11.199378967285156,11.232039348738748,11.08420531838777,11.158122989315206,7506400
2012-06-06,11.287052154541016,11.311118257563146,11.199382029815109,11.240638019066726,6655200
2012-06-07,11.388469696044922,11.41769262427763,11.32314762502408,11.342056887175554,7620400
2012-06-08,11.50708293914795,11.525992202675095,11.340338330683439,11.350651997515001,6258400
2012-06-11,11.46238899230957,11.568968365811342,11.453793395017616,11.556935316505013,5294800
2012-06-12,11.500207901000977,11.500207901000977,11.364405590637332,11.46926558583579,5094400
2012-06-13,11.51739501953125,11.558650992678672,11.398782621290701,11.481295879089288,5198000
2012-06-14,11.60506534576416,11.627412058442989,11.524271467727509,11.534585133347928,7635600
2012-06-15,11.649758338928223,11.723675999974407,11.598188701235545,11.694453074131518,8080800
2012-06-18,11.723675727844238,11.751180583178197,11.649758068513831,11.649758068513831,5496000
2012-06-19,11.661792755126953,11.764934665632959,11.649759707101769,11.754619687680036,5930000
2012-06-20,11.551774978637695,11.670387378932517,11.507081553413824,11.654916880548198,6433600
2012-06-21,11.450352668762207,11.661790662041616,11.44519583646324,11.57755934098336,6750800
2012-06-22,11.452075004577637,11.503644652375504,11.431446358556103,11.489892221694483,5597200
2012-06-25,11.501922607421875,11.52942614777548,11.345491713367393,11.393623892613842,5384800
2012-06-26,11.520833015441895,11.574123349426165,11.479577040344235,11.525991159894929,7648800
2012-06-27,11.648041725158691,11.687578321181771,11.515676884376317,11.515676884376317,4852400
2012-06-28,11.677266120910645,11.680703573016668,11.55693562463908,11.579282342088357,4417600
2012-06-29,11.82853889465332,11.854324375630922,11.73227449794125,11.821662678959024,6467200
2012-07-02,11.833694458007812,11.905894059294102,11.744306286587317,11.90073722595306,6456000
2012-07-03,11.787280082702637,11.895577503009195,11.758057156644256,11.81478493887786,3207600
2012-07-05,11.759775161743164,11.888701209092472,11.73227030878693,11.759775161743164,4595200
2012-07-06,11.74086856842041,11.771810879268376,11.670388350348542,11.701330661196506,3382000
2012-07-09,11.66523265838623,11.752902766283265,11.615381079837093,11.732274119865139,6914800
2012-07-10,11.78040599822998,11.806191477679622,11.694455274400484,11.730554421028398,4722800
2012-07-11,11.752899169921875,11.826816824254854,11.706485057559709,11.801031351998494,5746800
2012-07-12,11.76149845123291,11.801036367028715,11.70992879630848,11.71336624870178,5075600
2012-07-13,11.917927742004395,11.978092986692426,11.7786866768647,11.79415848921532,5753600
2012-07-16,11.952302932739258,12.003873872165526,11.87150907300639,11.87838528569679,5902000
2012-07-17,11.940271377563477,12.033098293205786,11.912767834875181,11.976370515062657,6478800
2012-07-18,12.11905288696289,12.11905288696289,11.924804709994165,11.924804709994165,7725600
2012-07-19,12.084670066833496,12.11561237416707,11.991843144832776,12.108736160148085,6351600
2012-07-20,12.11733627319336,12.194692734492149,12.027948070953025,12.04857541142922,5035600
2012-07-23,12.024505615234375,12.10701888632215,11.978092801906467,12.077795955282209,3734000
2012-07-24,11.904173851013184,12.024504325627678,11.83541301773184,12.024504325627678,4598000
2012-07-25,11.830260276794434,11.983252495225395,11.80963162622351,11.960905774068426,5471600
2012-07-26,12.156871795654297,12.199847161837178,11.921366316830628,11.921366316830628,7777600
2012-07-27,12.220475196838379,12.292674812896099,12.144839439855495,12.192971642891195,7590000
2012-07-30,12.277203559875488,12.352840631822875,12.205005252018926,12.22219513796036,5693200
2012-07-31,12.187811851501465,12.330490355529479,12.179216255257328,12.268605734782481,7999200
2012-08-01,12.132804870605469,12.414723148677286,12.105300008596508,12.254854744886218,8181200
2012-08-02,12.067479133605957,12.10014082301735,11.954024878630403,12.065761063692333,5366800
2012-08-03,12.182652473449707,12.213594777359484,12.065759471068727,12.158586382798056,4294400
2012-08-06,12.100142478942871,12.223911727856969,12.100142478942871,12.17577953361347,4401600
2012-08-07,12.007311820983887,12.151709670466923,12.000435608008168,12.143114076371393,5441200
2012-08-08,11.998719215393066,12.02450337827633,11.938552671322235,12.019346545699678,4366400
2012-08-09,11.904173851013184,11.986687113251559,11.88526458907322,11.969495921303364,5555600
2012-08-10,11.998719215393066,12.009032880546373,11.88182620147535,11.892139866628655,5038400
2012-08-13,11.911049842834473,11.948868366007448,11.871511938198058,11.92823972295752,5000000
2012-08-14,11.962617874145508,12.00043639223162,11.93167688098808,11.974652231267097,5267200
2012-08-15,11.900733947753906,11.974651598789777,11.890418972409305,11.941989914621695,4418400
2012-08-16,11.960901260375977,11.981528591658488,11.907610927720695,11.933396403327603,5934000
2012-08-17,11.964340209960938,12.021068001098984,11.940274112781875,11.997001903919921,5549600
2012-08-20,11.866353988647461,11.955743455281512,11.814784353131197,11.93511481417281,5882000
2012-08-21,11.785565376281738,11.905897202524633,11.776971088945691,11.840573798948585,6080400
2012-08-22,11.725397109985352,11.79071918529445,11.689297964827382,11.75462004013648,6112400
2012-08-23,11.587878227233887,11.740870424078338,11.515678616174826,11.715084942378965,6379600
2012-08-24,11.661792755126953,11.666950899855351,11.563808989349345,11.589594466975846,3794800
2012-08-27,11.74086856842041,11.782124545716407,11.672107731924504,11.689297613172513,6421600
2012-08-28,11.756340026855469,11.78900172194305,11.69273601839649,11.706488449117995,7046400
2012-08-29,11.749399185180664,11.813566121995505,11.719917615473088,11.775412879733247,6228000
2012-08-30,11.685234069824219,11.728589793132858,11.662689570023929,11.716450243530906,4190800
2012-08-31,11.67309284210205,11.75286720274821,11.631471724180464,11.719917757486384,4578800
2012-09-04,11.6522855758667,11.6921721036407,11.607195249454897,11.678297953496795,7054800
2012-09-05,11.645345687866211,11.699106352798252,11.641876489612327,11.657485235531881,5487200
2012-09-06,11.69044017791748,11.695642654044592,11.437241539427923,11.444178615301384,20393200
2012-09-07,11.73205852508545,11.784084597118534,11.686968204167478,11.711247302405242,9896000
2012-09-10,11.782355308532715,11.869066781046232,11.752872402312946,11.771949032114886,9501200
2012-09-11,11.74766731262207,11.804897189298226,11.738996961166508,11.792757638771022,6472800
2012-09-12,11.638410568237305,11.77194561497651,11.622801819697473,11.758072788966496,7008400
2012-09-13,11.914153099060059,11.92629264954143,11.619334688448609,11.622802564395384,11081200
2012-09-14,11.756339073181152,11.907217479218678,11.719920421333152,11.89160872950566,8156800
2012-09-17,11.714713096618652,11.820501132387584,11.676559861015267,11.7823478967842,7310000
2012-09-18,11.69044017791748,11.732061310046312,11.662691874423636,11.688705578171131,7584000
2012-09-19,11.707780838012695,11.773681066442355,11.65575343659701,11.673095462698312,5734800
2012-09-20,11.801427841186523,11.80663031603324,11.664423603406018,11.688702701431767,5240000
2012-09-21,11.902012825012207,11.921089449339163,11.773680252994977,11.829175526552024,13538800
2012-09-24,12.05116081237793,12.059832489401499,11.8794724568309,11.903751564762313,6736000
2012-09-25,12.068495750427246,12.13786515650962,12.028609235030057,12.077167422354307,7381200
2012-09-26,12.13093376159668,12.219379828827567,12.07890767501709,12.096249703876953,10158800
2012-09-27,12.16387939453125,12.17081646776164,12.042483920778016,12.155207722215406,9413600
2012-09-28,12.196832656860352,12.22284635601841,12.084107509249902,12.151742333193832,12552000
2012-10-01,12.165616989135742,12.287012492779983,12.146540363832825,12.260998792538572,6905200
2012-10-02,12.238455772399902,12.26620407551193,12.15694678589822,12.224581620843889,6208800
2012-10-03,12.2644681930542,12.300886844745786,12.224580342280492,12.252328642490337,5033600
2012-10-04,12.326894760131836,12.42748031651784,12.276601981938832,12.30261567039882,4733200
2012-10-05,12.283543586730957,12.35464628344205,12.257529888671137,12.342506734095686,5542800
2012-10-08,12.25753402709961,12.309561440784918,12.21244369011315,12.29742188733996,3582400
2012-10-09,12.193363189697266,12.281809235643964,12.15867914032412,12.224579363377767,5343600
2012-10-10,12.120522499084473,12.236715487379874,12.085838459420899,12.191626500439488,6409200
2012-10-11,12.113587379455566,12.182956793077599,12.094510757631719,12.182956793077599,6396800
2012-10-12,12.030346870422363,12.155210245151727,11.993928220737335,12.155210245151727,8578800
2012-10-15,12.080639839172363,12.096247265065918,11.96964796600073,12.047689064803674,7437600
2012-10-16,12.224583625793457,12.245394856540718,12.118795518274439,12.15348090285321,10730400
2012-10-17,12.4483003616333,12.46564239371374,12.231521652847231,12.254067485352813,7218400
2012-10-18,12.495118141174316,12.505523089835767,12.391063362113895,12.444825350791508,4608000
2012-10-19,12.43789291381836,12.522869780157368,12.429221237960268,12.491653599425002,7242000
2012-10-22,12.427486419677734,12.437891370927156,12.365054065957588,12.413612269270633,5572000
2012-10-23,12.271407127380371,12.35291611770671,12.186428937446284,12.34771231829509,6770400
2012-10-24,12.05809211730957,12.221110040910448,11.950570783114538,12.136133203827901,14021600
2012-10-25,12.094511032104492,12.1361334750892,11.99045757086581,12.097980230575656,5142800
2012-10-26,12.056361198425293,12.10492072897864,11.990460963056488,12.09624905345899,5006400
2012-10-31,12.150007247924805,12.169083871670471,12.02861175419024,12.068498277940892,6756000
2012-11-01,12.117059707641602,12.191631615002432,12.068500179385364,12.191631615002432,12451600
2012-11-02,12.092777252197266,12.191628234722629,12.05635728532501,12.155208267850371,5486800
2012-11-05,12.07197093963623,12.085845092360577,11.967917440427687,12.066768463142607,6318400
2012-11-06,11.992196083068848,12.085844625673971,11.971384854785939,12.078907549579668,9407200
2012-11-07,11.801427841186523,11.96271117699278,11.728589223997666,11.95403950350718,5767600
2012-11-08,11.72512149810791,11.874265286804684,11.72512149810791,11.784084644605338,5350800
2012-11-09,11.685234069824219,11.773680115845112,11.647082144726422,11.685234069824219,4526400
2012-11-12,11.58291244506836,11.699105438373822,11.569038299360178,11.685231292665641,4117600
2012-11-13,11.636678695678711,11.706048134431072,11.506611494185032,11.56037350385191,6228800
2012-11-14,11.565574645996094,11.64708362789375,11.496205215246269,11.633209477121417,6059600
2012-11-15,11.530889511108398,11.671362975181209,11.454584326482538,11.562105689445483,5965200
2012-11-16,11.680033683776855,11.695642434977763,11.51007995895217,11.544764014557888,6569600
2012-11-19,11.742466926574707,11.777152307904172,11.654020858074581,11.745936126263658,7640400
2012-11-20,11.742466926574707,11.768480631793803,11.615868923280184,11.742466926574707,5200800
2012-11-21,11.662691116333008,11.75633964986955,11.51354730252798,11.740730899390869,6914800
2012-11-23,11.654016494750977,11.719918033047081,11.584648404287833,11.697372212846197,2855200
2012-11-26,11.785820960998535,11.792758036263873,11.619335123965875,11.634942550979023,5905600
2012-11-27,11.761540412902832,11.836112308945932,11.733793438365122,11.796224461852884,6669200
2012-11-28,11.794788360595703,11.796537108355595,11.633814126914736,11.775541455861262,6799200
2012-11-29,11.917266845703125,11.917266845703125,11.780789771721265,11.812284583787992,6138400
2012-11-30,12.022245407104492,12.037993475751456,11.903265190910941,11.917263177503472,7314400
2012-12-03,11.948763847351074,12.041498217951482,11.903271036046712,12.039748135037662,5359600
2012-12-04,11.88227653503418,11.99425782379825,11.86652845712428,11.959262836733066,4936800
2012-12-05,12.104484558105469,12.183220913803124,11.864773991216044,11.892769970526532,7267200
2012-12-06,12.100984573364258,12.181471003818498,12.043243872737856,12.120230138651419,4397200
2012-12-07,12.137728691101074,12.17797124019221,12.08523690063595,12.114981625602734,4068400
2012-12-10,12.097482681274414,12.142975469355251,12.074736954694721,12.12197848987453,4212000
2012-12-11,12.127230644226074,12.17272344447315,12.0852380089559,12.11498273665053,4375600
2012-12-12,12.113231658935547,12.230461799596581,12.10098375371606,12.14122629875657,8512000
2012-12-13,12.256710052490234,12.296952605280346,12.050244371229615,12.099236001541998,10394800
2012-12-14,12.155227661132812,12.256711095370072,12.148228665503837,12.190221304355768,11210400
2012-12-17,12.338945388793945,12.359942374146561,12.165724598130792,12.186721583483406,9123200
2012-12-18,12.403685569763184,12.456177367703821,12.305702304190662,12.323199125196915,8985600
2012-12-19,12.347695350646973,12.3896879894375,12.267208903414334,12.379190163470348,6372000
2012-12-20,12.351191520690918,12.398434397211366,12.291702073127842,12.377437414877653,4686400
2012-12-21,12.240964889526367,12.330200428761334,12.207719988945824,12.263710627600245,12792400
2012-12-24,12.233960151672363,12.270703865897277,12.163971552468078,12.218213417685185,2328800
2012-12-26,12.092236518859863,12.26720738287471,12.067740704691525,12.239211403869895,6590400
2012-12-27,12.109732627868652,12.151725258990659,11.987253564212104,12.069490079062218,5349200
2012-12-28,11.94176197052002,12.130730831973219,11.940011888028284,12.046744226353416,5421200
2012-12-31,12.106230735778809,12.116728557173372,11.854272342938572,11.92076076997304,5921600
2013-01-02,12.338945388793945,12.347694466421324,12.214716229031739,12.24621103959975,8953200
2013-01-03,12.340692520141602,12.393184303509306,12.305698887844136,12.352940424937866,4909200
2013-01-04,12.401933670043945,12.414181576445937,12.326696149311232,12.359941038797357,3739200
2013-01-07,12.344194412231445,12.412432939208404,12.31444835220117,12.396684868025119,5578400
2013-01-08,12.475425720214844,12.475425720214844,12.316201560244922,12.349446458463264,7972400
2013-01-09,12.387938499450684,12.477172684668481,12.340695615585412,12.477172684668481,5231600
2013-01-10,12.508660316467285,12.512160479519027,12.380932398421196,12.433422829907686,5876400
2013-01-11,12.559412956237793,12.576909781994813,12.49642331557473,12.564661870472674,6177600
2013-01-14,12.543661117553711,12.589152579056185,12.510416227675854,12.524414216563551,5605200
2013-01-15,12.576905250549316,12.585654327736663,12.496418813128411,12.517415797424986,3957600
2013-01-16,12.477166175842285,12.571650559362359,12.463169527666867,12.534906854924742,5654400
2013-01-17,12.436924934387207,12.491165455866616,12.356438525606984,12.4159279575623,5892400
2013-01-18,12.519163131713867,12.5331597832507,12.452673363497698,12.475420425222794,7058000
2013-01-22,12.594403266906738,12.604901091479107,12.505167753276387,12.506917835679028,8861600
2013-01-23,12.56115436553955,12.569902104916439,12.48416678346358,12.52790948511196,7762800
2013-01-24,12.615399360656738,12.65914207781222,12.548910911152248,12.569906561036936,4448400
2013-01-25,12.685389518737793,12.688888349170407,12.540163359728215,12.673141609840716,4953200
2013-01-28,12.667889595031738,12.746625942245704,12.5804041714955,12.746625942245704,6053200
2013-01-29,12.70463752746582,12.750130336574871,12.622400988472478,12.690639534675023,7754000
2013-01-30,12.597901344299316,12.695884594246714,12.597901344299316,12.692385764572162,8636400
2013-01-31,12.606646537780762,12.63639125307833,12.548905854023422,12.59789746390677,8068400
2013-02-01,12.646891593933105,12.722129105509737,12.64339276463905,12.676636315157898,6379600
2013-02-04,12.596151351928711,12.666139960214375,12.583903445597846,12.627646158911176,5545200
2013-02-05,12.625901222229004,12.678391693094493,12.608403063685099,12.65039704228398,5838000
2013-02-06,12.599650382995605,12.599650382995605,12.533160610391366,12.597900300842454,9534000
2013-02-07,12.641642570495605,12.708131005865571,12.568155141678037,12.638143741232556,9359600
2013-02-08,12.615399360656738,12.648644252869877,12.583904550907919,12.643395340398705,4228000
2013-02-11,12.629393577575684,12.636392570420272,12.594399948274141,12.599648859177234,4388400
2013-02-12,12.683635711669922,12.695883616970553,12.603149286134117,12.620646103003368,7118800
2013-02-13,12.694135665893555,12.758874025862273,12.67138860110745,12.699384577791381,6005600
2013-02-14,12.632893562316895,12.70988115572953,12.569903955874105,12.657389372053368,7118000
2013-02-15,12.685389518737793,12.702886340744765,12.638147965826771,12.664392531376254,9880400
2013-02-19,12.755372047424316,12.779867853514858,12.69413253219796,12.718628338288502,10432800
2013-02-20,12.762374877929688,12.844611395216843,12.744876724098768,12.755375883381664,23429200
2013-02-21,12.690637588500977,12.786872105527058,12.688887505939993,12.779873110204992,5299600
2013-02-22,12.7291259765625,12.779867669855504,12.70288008900801,12.70288008900801,23989600
2013-02-25,12.631149291992188,12.860360736446331,12.631149291992188,12.746629388119212,27490000
2013-02-26,12.645139694213867,12.737875343695519,12.58565026031529,12.669636835437116,24193200
2013-02-27,12.703414916992188,12.708712205391947,12.611590760646624,12.615123184396412,8867600
2013-02-28,12.691060066223145,12.775819414726417,12.673400633661538,12.692824931698862,8419200
2013-03-01,12.777580261230469,12.779346473189985,12.62748457807134,12.687522312444996,8204800
2013-03-04,12.994776725769043,13.024796939132948,12.74756094906589,12.7546244494324,8561600
2013-03-05,13.045991897583008,13.10426479111547,13.00714464912024,13.044227032124843,7860800
2013-03-06,13.097196578979492,13.10779250404681,13.038923706396949,13.058347997257798,5637600
2013-03-07,13.056586265563965,13.143111815564032,13.035395757569399,13.09543485660798,6490800
2013-03-08,13.095430374145508,13.118385739529813,12.998308929779371,13.09366416227751,7157600
2013-03-11,13.098963737487793,13.137812322016476,13.063647577311803,13.06717865443934,6153600
2013-03-12,12.90825366973877,13.137812760214882,12.735202592989257,13.113091177822094,15050800
2013-03-13,13.023027420043945,13.040685492863492,12.832317000253806,12.918843847351402,10440000
2013-03-14,13.06894588470459,13.076009386735075,12.934742040575884,12.94710283232292,9305200
2013-03-15,13.150174140930176,13.162534932680702,13.001843292698618,13.008906794731098,11396000
2013-03-18,13.088372230529785,13.146643773773134,13.060118217978065,13.097200599033094,6387600
2013-03-19,13.26495361328125,13.309099490305611,13.19785101798006,13.206680732275032,8894800
2013-03-20,13.3673677444458,13.386792033348854,13.220804492574935,13.305563801220146,7146800
2013-03-21,13.347944259643555,13.411514418569485,13.298501102084495,13.332052393524572,7396000
2013-03-22,13.450366973876953,13.464493979418963,13.321461753175953,13.35677791980558,6961600
2013-03-25,13.452132225036621,13.588100938791797,13.409752558664598,13.494511891408646,8459200
2013-03-26,13.626946449279785,13.632243737976454,13.469787264228625,13.482148053595852,11928400
2013-03-27,13.575735092163086,13.658729528859364,13.552779728763502,13.559843228399867,9016800
2013-03-28,13.717008590698242,13.736432886672066,13.593400659251557,13.59869794956707,6766800
2013-04-01,13.681687355041504,13.717003508878081,13.639306353767717,13.704642720312787,3980400
2013-04-02,13.801762580871582,13.81235715636217,13.717001935272604,13.720533011361214,5494400
2013-04-03,13.8300142288208,13.994236873145436,13.805292656318137,13.962451801752776,8312800
2013-04-04,13.99071216583252,14.022497251693633,13.845913740737512,13.863571822388069,7539200
2013-04-05,14.045451164245605,14.06134303191287,13.865335247332467,13.865335247332467,6568000
2013-04-08,14.116084098815918,14.121381387763673,13.909480399277964,14.029557221919013,5860000
2013-04-09,13.983649253845215,14.11785175783309,13.973053326627507,14.089599095444974,5518800
2013-04-10,14.101961135864258,14.139043516344689,13.988947781859483,13.988947781859483,5298000
2013-04-11,14.098421096801758,14.170820953324615,14.048977949529913,14.126675093656937,6917200
2013-04-12,14.036624908447266,14.140809895311532,13.980118230779931,14.073707289364066,9233200
2013-04-15,13.941267967224121,14.16552978566985,13.939503102076738,14.018965144918743,8174400
2013-04-16,14.075467109680176,14.096657609391468,13.897117441978473,13.973048381912873,5821200
2013-04-17,13.95362663269043,14.043684588817397,13.870633524977448,14.038387299732005,6042000
2013-04-18,13.923608779907227,14.036622112732704,13.881229116903972,13.992476237496964,7192000
2013-04-19,14.140812873840332,14.147876378439742,13.944804999690371,13.965994166262854,6564400
2013-04-22,14.110791206359863,14.17612625337202,14.026030515111724,14.126683078154556,4316400
2013-04-23,14.146101951599121,14.204374820289011,14.068404793345936,14.144335739668376,5936400
2013-04-24,14.225567817687988,14.299733919341106,14.093130178827511,14.174358435661564,5661200
2013-04-25,14.20437240600586,14.26970741686396,14.146099547220468,14.225561556673465,4596400
2013-04-26,14.222037315368652,14.282075067412395,14.169061718791506,14.19731572955942,3686400
2013-04-29,14.349173545837402,14.365065411908454,14.167292782268705,14.253818307736095,4917600
2013-04-30,14.485143661499023,14.59462591175393,14.405681628833854,14.485143661499023,8491200
2013-05-01,14.36153507232666,14.4798456832337,14.327983779265683,14.418041733299058,6495600
2013-05-02,14.43216609954834,14.455121463267337,14.31562037476385,14.340341950222713,4559600
2013-05-03,14.435698509216309,14.515160530927522,14.396849930699736,14.488674088507082,5126000
2013-05-06,14.232633590698242,14.45159681132345,14.232633590698242,14.409217137350145,4433200
2013-05-07,14.430405616760254,14.430405616760252,14.248524804865987,14.264416675159495,5372000
2013-05-08,14.292669296264648,14.458656874508346,14.230863991862238,14.398619129600572,7014800
2013-05-09,14.098421096801758,14.320916606749776,14.05604144874371,14.287366669515151,7876000
2013-05-10,14.126680374145508,14.139041165583876,13.988945456053626,14.101958791268771,7326400
2013-05-13,14.059582710266113,14.11608939227366,13.992480099164576,14.08253808672289,5117200
2013-05-14,14.16022777557373,14.21849929219503,14.024257759932706,14.07723333565191,4810000
2013-05-15,14.331520080566406,14.428640214673779,14.149637911231752,14.170828420038571,5866400
2013-05-16,14.202610969543457,14.338579671866373,14.18318667675087,14.285605430161748,4645200
2013-05-17,14.320919036865234,14.324451460683909,14.176120646473414,14.2273300140446,5342000
2013-05-20,14.169065475463867,14.327990960106153,14.12138850368405,14.305035580690056,5323600
2013-05-21,14.213205337524414,14.271478215037442,14.075470425021017,14.172591887542731,5492400
2013-05-22,13.978349685668945,14.329750452806852,13.905949808253162,14.195546623466077,7219200
2013-05-23,13.812360763549805,13.882994428791267,13.508636946069098,13.882994428791267,8248800
2013-05-24,13.649903297424316,13.773511192311467,13.575737213267015,13.755853114074018,7350800
2013-05-28,13.600461959838867,13.704646935987371,13.526297205633352,13.699349646004881,8181600
2013-05-29,13.370906829833984,13.545724169833944,13.219044866690393,13.529832296754671,10084800
2013-05-30,13.48669719696045,13.707585797089454,13.381597447222394,13.459976483936087,7850400
2013-05-31,13.470658302307129,13.739642953208467,13.418998647473254,13.433249867924912,10287200
2013-06-03,13.588227272033691,13.695108705695219,13.321023008344289,13.477783712847618,8764800
2013-06-04,13.625641822814941,13.66483201653441,13.536573694933159,13.56329440511205,9123200
2013-06-05,13.536567687988281,13.602478562638234,13.47422029795247,13.582883474473956,6137600
2013-06-06,13.78596019744873,13.78596019744873,13.500942553642385,13.533007123512558,11546400
2013-06-07,14.037128448486328,14.042472315262723,13.81089478843239,13.896400734067392,13048400
2013-06-10,14.015758514404297,14.144016816390952,13.965880587869835,14.02466586945898,12840800
2013-06-11,14.049605369567871,14.094139428399815,13.87146913424009,13.912439707285372,11426000
2013-06-12,13.850088119506836,14.151138701315945,13.826930905164293,14.117292391908897,6787600
2013-06-13,14.09591293334961,14.127977494423819,13.821583101730484,13.869680622877274,6768400
2013-06-14,14.202795028686523,14.309676440785768,14.099475741393201,14.104819608137529,9051200
2013-06-17,14.368464469909668,14.421904506751464,14.288302376040248,14.320366941773786,9203600
2013-06-18,14.534137725830078,14.55373282440263,14.379160039575048,14.40409900883613,7748000
2013-06-19,14.284737586975098,14.567973398915804,14.284737586975098,14.500282154576297,7854000
2013-06-20,13.775274276733398,14.177861157095705,13.752115698230202,14.17429903067218,10064000
2013-06-21,13.953404426574707,14.030003022532986,13.700451429343522,13.88571182233614,12692000
2013-06-24,13.962318420410156,14.085232864597055,13.753899339540656,13.866124684838457,6763200
2013-06-25,14.072761535644531,14.138672427039246,13.916002149576515,14.063854180917415,6478400
2013-06-26,14.222390174865723,14.334616823994182,14.16360627573337,14.179637877568277,6674800
2013-06-27,14.325714111328125,14.420126088005984,14.23664600365898,14.290087411889054,5000000
2013-06-28,14.514538764953613,14.566197069074102,14.282961151896345,14.510975279728568,10970400
2013-07-01,14.2918701171875,14.598263286585926,14.24199083191321,14.585793805035244,10427600
2013-07-02,14.311461448669434,14.429031991323344,14.254457919856687,14.291867717298445,7936400
2013-07-03,14.272273063659668,14.32571310907953,14.20101831069515,14.238426750210463,2791200
2013-07-05,14.238422393798828,14.306113640914939,14.079881330472734,14.281174688868427,4780000
2013-07-08,14.368464469909668,14.446843462425198,14.215267251301784,14.252675684812385,7979600
2013-07-09,14.491377830505371,14.55016309551178,14.366683049344372,14.432592565498965,6248000
2013-07-10,14.541254043579102,14.594695434443251,14.404089800331954,14.461093316353903,4185200
2013-07-11,14.826272964477539,14.85655578503007,14.653480674510353,14.65704279966376,6942400
2013-07-12,14.965216636657715,14.988373844253253,14.74967208280891,14.820925447432359,5784000
2013-07-15,15.219963073730469,15.298342106971296,14.902880736206393,14.913568477313811,8212000
2013-07-16,15.134461402893066,15.257375897124428,15.047174987678458,15.232436921348825,10526400
2013-07-17,15.107728958129883,15.25736405572236,15.072102265835634,15.221736004356917,7074800
2013-07-18,15.21817398071289,15.264489768262672,15.111292544042875,15.152263104548634,5822000
2013-07-19,15.134461402893066,15.28765874498448,15.120210171286365,15.235999049714376,7274800
2013-07-22,15.120196342468262,15.20748403692245,15.105946482966626,15.146917037524219,4962000
2013-07-23,15.105949401855469,15.214612586094358,15.073884833406758,15.14691996432971,10316000
2013-07-24,14.92068862915039,15.114856436573898,14.899311795688984,15.098824830781366,8738000
2013-07-25,14.977694511413574,15.00263347483263,14.88862639661079,14.893970266047505,7286800
2013-07-26,14.9545316696167,14.96522076451524,14.778177233109428,14.829836888060283,5994000
2013-07-29,15.104171752929688,15.264494638623681,14.97235131761313,14.981257314052352,11703600
2013-07-30,15.405220985412598,15.613640037742407,15.14336052317035,15.613640037742407,9713600
2013-07-31,15.428375244140625,15.519225079928948,15.23420609385352,15.43015698654819,11404800
2013-08-01,15.727646827697754,15.745460177657845,15.501413070082965,15.501413070082965,11642400
2013-08-02,15.665298461914062,15.70983251361696,15.583355969869299,15.693799548286787,7118400
2013-08-05,15.512105941772461,15.642144651286921,15.497854714708138,15.642144651286921,4948400
2013-08-06,15.465785026550293,15.588699441018095,15.440846066958475,15.535258036709129,8517600
2013-08-07,15.455100059509277,15.549512046182459,15.392752649354499,15.524573082120547,7034400
2013-08-08,15.431941032409668,15.515665277509594,15.385626591390979,15.469349477419334,5855200
2013-08-09,15.366025924682617,15.476469476826681,15.309022406426337,15.419465958570399,4534800
2013-08-12,15.246672630310059,15.344648057750408,15.18966911590958,15.319709105142136,3780800
2013-08-13,15.159392356872559,15.285868912542703,15.13623513706981,15.273399431253296,4096400
2013-08-14,15.038253784179688,15.182544992988914,14.966999050814401,15.129103603197201,5932400
2013-08-15,14.785308837890625,14.949193862687617,14.756806385366762,14.949193862687617,5862800
2013-08-16,14.63388442993164,14.835177782402845,14.507407931397955,14.806676706218944,10182000
2013-08-19,14.525219917297363,14.696230435641791,14.486029752017659,14.607162372395479,4343200
2013-08-20,14.641019821166992,14.787091501768671,14.502073754140008,14.539482206103287,5474800
2013-08-21,14.389845848083496,14.601828417400737,14.307903337364897,14.584015064474382,8494800
2013-08-22,14.423688888549805,14.470004682878677,14.318587819773295,14.42190714594101,5746400
2013-08-23,14.502071380615234,14.550167565532838,14.364905720127684,14.429034872732222,2948800
2013-08-26,14.350653648376465,14.507414393967812,14.3453097791534,14.49672529645016,4568000
2013-08-27,14.445062637329102,14.514537000055658,14.204579058593684,14.259802200295754,9257600
2013-08-28,14.561800003051758,14.635434439356759,14.322934435339189,14.48277647804046,10868000
2013-08-29,14.468413352966309,14.567192793624026,14.418126135985615,14.554620989378853,5517200
2013-08-30,14.4324951171875,14.54564136177109,14.358859280869943,14.475598252711157,4584400
2013-09-03,14.326525688171387,14.568983979949262,14.265463052172171,14.560003535726597,5661600
2013-09-04,14.385799407958984,14.427107550518723,14.209794136728066,14.303184493063494,4672400
2013-09-05,14.360651969909668,14.50792223463744,14.335508366435922,14.42710370493235,9409200
2013-09-06,14.36962604522705,14.515099882294585,14.351666532168085,14.403748708972179,10634000
2013-09-09,14.409148216247559,14.421720021502596,14.340900098956785,14.385799599185345,6589200
2013-09-10,14.477394104003906,14.4881695449475,14.394779192913875,14.46841365640163,4953600
2013-09-11,14.297792434692383,14.466614940562119,14.157706257576464,14.466614940562119,12500000
2013-09-12,14.236723899841309,14.369627322784297,14.173864913434834,14.328319205875392,8762000
2013-09-13,14.227751731872559,14.330122522332516,14.202608125108625,14.290610748782392,5864000
2013-09-16,14.218769073486328,14.49894280134359,14.170278230904959,14.414531547383808,13087200
2013-09-17,14.188241958618164,14.28163231544722,14.157710627560974,14.218773289675356,8370000
2013-09-18,14.825812339782715,14.885078625986997,14.1541149740462,14.161299056966902,16770800
2013-09-19,14.852751731872559,15.066473756960312,14.813241329032344,14.834792208722682,8138800
2013-09-20,14.491759300231934,14.727032180745448,14.464819333173647,14.70009221368716,19157600
2013-09-23,14.586944580078125,14.628251338029907,14.385794398492521,14.459430209954366,9525200
2013-09-24,14.586944580078125,14.66057902131646,14.5025333309286,14.597720017765806,8531200
2013-09-25,14.427103996276855,14.642620993325052,14.427103996276855,14.568986544585984,7890000
2013-09-26,14.446856498718262,14.542043172967496,14.389385221611741,14.461223290327395,7223200
2013-09-27,14.380410194396973,14.473800541037471,14.3337143359648,14.436085129688971,6580800
2013-09-30,14.39657211303711,14.398367105949088,14.278036810113743,14.326527652985558,9527600
2013-10-01,14.380410194396973,14.49714915536548,14.3534702233698,14.416329242283968,6983200
2013-10-02,14.441473007202148,14.46302388603485,14.30318180698156,14.322937692727358,7471600
2013-10-03,14.269063949584961,14.405558845749129,14.18285765638341,14.405558845749129,5912800
2013-10-04,14.304973602294922,14.340892635695246,14.216971011307818,14.27264592414531,4421600
2013-10-07,14.251099586486816,14.348082661117676,14.21518053820451,14.23134369886439,3274400
2013-10-08,14.312162399291992,14.488167639265026,14.243914295029034,14.243914295029034,6566000
2013-10-09,14.36783504486084,14.595923823299653,14.301383314497889,14.362447325954781,5631600
2013-10-10,14.619274139404297,14.63903002451592,14.283425462730374,14.45045161944085,7826800
2013-10-11,14.68213176727295,14.716255814744876,14.563596467774815,14.601313241414081,5708400
2013-10-14,14.558215141296387,14.603114646538701,14.37682212667883,14.594135567624733,6559200
2013-10-15,14.405549049377441,14.57437153324197,14.392977249742215,14.525879327346527,5128000
2013-10-16,14.63902759552002,14.63902759552002,14.39657066509891,14.445061503093747,6514800
2013-10-17,14.906639099121094,14.922802266942517,14.486380293070486,14.586954769002364,6038000
2013-10-18,15.003616333007812,15.07006808296038,14.944348667122329,14.992840892019155,8859200
2013-10-21,15.048513412475586,15.120352871377941,14.964102151032094,14.989245756114363,7234800
2013-10-22,15.267620086669922,15.361010405375703,15.05030676044106,15.062878560463442,8082400
2013-10-23,15.281986236572266,15.436440556192256,15.179615477775146,15.190392284643469,6916800
2013-10-24,15.296364784240723,15.36281655252259,15.179625783842551,15.36281655252259,4946400
2013-10-25,15.436442375183105,15.440035101303698,15.17602591060533,15.265824880490568,4425200
2013-10-28,15.294565200805664,15.454407299306087,15.210153927844427,15.366403299286471,9420400
2013-10-29,15.441831588745117,15.454403389821373,15.253253202377737,15.296356324607247,5581200
2013-10-30,15.369994163513184,15.576532097173008,15.350238277758189,15.483140388108726,6546000
2013-10-31,15.220926284790039,15.398727871887806,15.10418734307436,15.373584268468873,11776400
2013-11-01,15.829765319824219,16.11891816760189,15.373586301406178,15.504693425333613,16216000
2013-11-04,15.82077693939209,15.980620316712287,15.621424548813565,15.92135268615545,10095200
2013-11-05,15.671713829040527,15.939314328183565,15.664529748296804,15.7992281792392,9432000
2013-11-06,15.867485046386719,15.883649580961453,15.739970614576986,15.883649580961453,8566800
2013-11-07,15.625021934509277,15.935726996565164,15.58910289194469,15.84413165673473,8948000
2013-11-08,15.646574020385742,15.655553095822219,15.350237126509478,15.62502177293567,8816800
2013-11-11,15.544203758239746,15.671718143543774,15.519060153826201,15.64657453913023,4615600
2013-11-12,15.382567405700684,15.537021779571063,15.307136582245064,15.468773669586003,8421600
2013-11-13,15.463388442993164,15.466981170531666,15.192195063247642,15.204768239408319,5606800
2013-11-14,15.714822769165039,15.763313619382846,15.497509384441155,15.542408878067342,6133200
2013-11-15,15.906991004943848,15.930338246085455,15.695065360764819,15.799232504732608,8137600
2013-11-18,15.994991302490234,16.032706703587802,15.906988699929235,15.978828146401334,8820000
2013-11-19,15.678897857666016,15.786656328017074,15.657345615506488,15.720204609025997,16633600
2013-11-20,15.486734390258789,15.768703163539314,15.48314166333994,15.69506733416519,7424800
2013-11-21,15.551386833190918,15.65735034302368,15.459792859359816,15.531632318025867,7963200
2013-11-22,15.551386833190918,15.635798094356751,15.474161025137766,15.526243228191356,6282800
2013-11-25,15.463388442993164,15.644782817413263,15.445428915972895,15.57833106019178,6108000
2013-11-26,15.407281875610352,15.512253706783186,15.358416440165671,15.481486529621403,7688000
2013-11-27,15.372889518737793,15.470621731780119,15.296874654721728,15.428994511466367,6628800
2013-11-29,15.309548377990723,15.452526954164336,15.271541624447126,15.271541624447126,2936400
2013-12-02,15.190092086791992,15.3547879462617,15.146656013420886,15.3547879462617,6490400
2013-12-03,15.211820602416992,15.300503045350869,15.110467858255225,15.1484746195126,9448400
2013-12-04,15.240766525268555,15.340308957178776,15.117696509819446,15.148463668479781,8849600
2013-12-05,15.128562927246094,15.329456752089738,15.114085150398985,15.211817393361446,10598000
2013-12-06,15.31678581237793,15.329454728452024,15.18828641196689,15.244392795273557,10575200
2013-12-09,15.222671508789062,15.28239698061157,15.164756276333076,15.258868011271034,8217600
2013-12-10,14.992820739746094,15.251629759314776,14.983772303743716,15.23353150650184,12791200
2013-12-11,14.913185119628906,15.05254315684855,14.828121829810932,14.925854032103418,10509600
2013-12-12,14.978343963623047,15.106843362204302,14.927668300048273,14.95300613183566,11899200
2013-12-13,14.969291687011719,15.052544746465834,14.895088443484198,14.996439753983463,8330800
2013-12-16,14.996442794799805,15.170188525517986,14.960246285369973,15.061597616420164,8554000
2013-12-17,14.954821586608887,15.054364098826364,14.913195722088036,14.929483743646053,8148400
2013-12-18,15.144851684570312,15.190098014724883,14.753922729246781,14.998254016728195,13200000
2013-12-19,15.153902053833008,15.199148385632475,14.915001477164164,15.065218249323959,8597600
2013-12-20,15.351173400878906,15.459764306910914,15.1575191811992,15.168377857559914,15809200
2013-12-23,15.329460144042969,15.45072139022937,15.31317212368274,15.4380524696796,7202800
2013-12-24,15.334885597229004,15.374701204701946,15.211815533818012,15.291448129572203,4165600
2013-12-26,15.309548377990723,15.347556512342804,15.244394929636332,15.327648015609231,4724400
2013-12-27,15.329460144042969,15.394614987101436,15.273355121723814,15.324030803922893,3896400
2013-12-30,15.392800331115723,15.414517683417897,15.304116539854313,15.305926779482247,4365200
2013-12-31,15.495959281921387,15.535774881358957,15.383747917666343,15.439852909389852,5411200
2014-01-02,15.24800968170166,15.470622181346158,15.24258034428732,15.454332788295053,9706400
2014-01-03,15.267918586730957,15.336692497190779,15.197334436814575,15.249820334589753,6606400
2014-01-06,15.27515983581543,15.31859592187059,15.202765438517973,15.28058917397129,6763600
2014-01-07,15.387372016906738,15.4434784076747,15.293260253670647,15.311358510353532,7368800
2014-01-08,15.436244010925293,15.519497124262163,15.289646287528731,15.394616763852389,12345200
2014-01-09,15.568354606628418,15.602742254842491,15.369271056521725,15.4869117754783,8269200
2014-01-10,15.790973663330078,15.890516169978316,15.635326133375816,15.655234634705463,9096800
2014-01-13,15.687803268432617,15.848880048366548,15.624458700055458,15.718570432957518,5863200
2014-01-14,15.695040702819824,15.74571635060516,15.582829353575264,15.6516046305478,5017200
2014-01-15,15.709529876708984,15.762014416252514,15.66428353648898,15.671521735812506,6562400
2014-01-16,15.84526252746582,15.847071386165167,15.713142659580654,15.745720066675068,4086000
2014-01-17,15.865167617797852,15.899553876218473,15.789152763671295,15.892314300548902,6518800
2014-01-21,16.116743087768555,16.118551946762867,15.883271862321696,15.883271862321696,7664800
2014-01-22,16.082355499267578,16.238002983515397,16.042538508300684,16.107693333372257,9068400
2014-01-23,16.071495056152344,16.134839634453982,15.966523251647768,16.026248731535706,5835200
2014-01-24,15.756584167480469,16.008153694127902,15.754775308158287,15.937569517920846,14686800
2014-01-27,15.725812911987305,15.86698122779998,15.5864548358361,15.780109055365234,10423200
2014-01-28,16.067874908447266,16.28867719806142,15.695045627772506,15.74391105181105,14768800
2014-01-29,16.066072463989258,16.156565158996273,15.930333421478737,16.00996743494377,9388800
2014-01-30,16.462417602539062,16.513093249849764,16.118545363320678,16.13664499233835,11595600
2014-01-31,16.637981414794922,16.695896665067423,16.352024262470735,16.373742999126105,13710000
2014-02-03,16.509483337402344,16.786390693410084,16.484145499650563,16.65970150465118,12938000
2014-02-04,16.314014434814453,16.556535448937172,16.252480097098797,16.54748563183394,9730000
2014-02-05,16.17284393310547,16.324870898014773,16.15112520348641,16.270576145179177,9333200
2014-02-06,16.248863220214844,16.261532138483062,16.10950511926446,16.16742037146324,9128800
2014-02-07,16.39907455444336,16.556532228073916,16.25790627226808,16.402693652095667,10331600
2014-02-10,16.531200408935547,16.54567956763131,16.277822035802537,16.352025307703325,6074400
2014-02-11,16.64702796936035,16.770098024658207,16.471472013043446,16.49318936463187,9687200
2014-02-12,16.686845779418945,16.786388256714737,16.571015286279334,16.64340968969369,7545600
2014-02-13,16.80448341369629,16.851539974359866,16.592730961922403,16.60901897476279,5091600
2014-02-14,16.88050079345703,16.896790190860845,16.730284021891073,16.748382278377623,5403200
2014-02-18,16.894981384277344,17.019861712003287,16.862403967514428,16.89317114423258,7306000
2014-02-19,16.73027992248535,16.961940862689787,16.70313185400337,16.904025627638678,6845600
2014-02-20,16.732088088989258,16.83887011905244,16.659695083776057,16.75199657966531,8828400
2014-02-21,16.752002716064453,16.91488979907719,16.719425299461903,16.742954277502317,6498400
2014-02-24,16.610830307006836,16.790005364079125,16.605400969036197,16.779146688137843,10504400
2014-02-25,16.585494995117188,16.780959476598824,16.538438424210476,16.65246006214565,8843600
2014-02-26,16.502485275268555,16.683089137027917,16.47329743312064,16.641131352974174,9083600
2014-02-27,16.52437973022461,16.571810154952825,16.418570828625676,16.500663126041008,8284000
2014-02-28,16.672151565551758,16.72870399269196,16.48242563265118,16.507965528251265,8697200
2014-03-03,16.46965217590332,16.62654086791782,16.383910519590785,16.5772857631317,8192800
2014-03-04,16.721399307250977,16.787072295925302,16.577280605157938,16.59369850437172,10514800
2014-03-05,16.537151336669922,16.719579919773132,16.50248946049803,16.71228260943065,6534800
2014-03-06,16.553569793701172,16.63201414272713,16.466004850307353,16.602826292202415,6531200
2014-03-07,16.7469425201416,16.756063113134566,16.47329967760216,16.528027411018368,7906000
2014-03-10,16.63383674621582,16.765185536763827,16.528027843627758,16.719578395146854,7166400
2014-03-11,16.59369659423828,16.746937261689716,16.531671570811557,16.728693297793352,8612400
2014-03-12,16.818092346191406,16.82356498126166,16.54627274193125,16.562692038961725,7140000
2014-03-13,17.108154296875,17.248625101673333,16.829038754851556,16.84728133692646,12414400
2014-03-14,17.19571876525879,17.31247294799715,16.993222925111397,17.075315231411306,8628400
2014-03-17,17.29604721069336,17.343479014711118,17.217602892895158,17.285101945081234,7286800
2014-03-18,17.234027862548828,17.38179456428506,17.226730552462897,17.356254674894096,4870800
2014-03-19,17.020593643188477,17.30882985310728,16.876474842319002,17.228562193349457,9307200
2014-03-20,17.06436538696289,17.073485978651284,16.74876340797588,16.965853810721036,7648000
2014-03-21,17.252275466918945,17.40916419991442,17.104508722142736,17.226735570088984,16615600
2014-03-24,17.162878036499023,17.35260389240511,17.062541778917176,17.299699446754623,7062000
2014-03-25,17.252275466918945,17.332544509424537,17.128223942964848,17.19207368503975,6966400
2014-03-26,17.126386642456055,17.31246448713225,17.11179342061042,17.27232999546409,6750400
2014-03-27,17.259563446044922,17.279630695819982,17.037000415317344,17.100850122865605,6358800
2014-03-28,17.279634475708008,17.30699903973442,17.16470358516098,17.230377982096556,5883600
2014-03-31,17.44382095336914,17.53685852510008,17.32706677597301,17.358079299883325,6475200
2014-04-01,17.305177688598633,17.441999143194245,17.232205967783678,17.441999143194245,4655600
2014-04-02,17.155580520629883,17.316117139004717,17.01693443686746,17.308819830194132,8390800
2014-04-03,17.25774383544922,17.376322693876347,17.228555985641417,17.272338456262943,5133600
2014-04-04,17.332534790039062,17.496720743177104,17.257738425679815,17.306994907530836,7119200
2014-04-07,17.130041122436523,17.381792020367918,17.126391772017868,17.29240242058218,8384800
2014-04-08,17.604354858398438,17.61712480106854,17.053421256577575,17.130040912598208,9182000
2014-04-09,17.59158706665039,17.752123707248998,17.451117680104055,17.620774914113987,9735600
2014-04-10,17.471187591552734,17.631725661178034,17.36355537834473,17.53868667917427,11204400
2014-04-11,17.358078002929688,17.562397102196893,17.334361399036545,17.436522340489624,8565600
2014-04-14,17.53321647644043,17.611660846305206,17.414637583600175,17.485784640940317,4405600
2014-04-15,17.73935317993164,17.743002530631845,17.504020165269974,17.522264135132026,6876400
2014-04-16,17.861581802368164,17.868877720303903,17.646316035956257,17.719286349869833,5566000
2014-04-17,17.620773315429688,17.903538130097502,17.613477398090378,17.797729235025212,10360000
2014-04-21,17.637189865112305,17.741174068762877,17.608000633018506,17.629892557088855,6175200
2014-04-22,17.576993942260742,17.679154896622858,17.52226620167856,17.611655818903213,6027200
2014-04-23,17.598888397216797,17.77766765730255,17.55692920411594,17.582469098413902,7808400
2014-04-24,17.639020919799805,17.713815918408628,17.478482868858475,17.657263500546854,8761200
2014-04-25,17.81780242919922,17.863409582785877,17.639023166558644,17.640846450591802,8541600
2014-04-28,17.744823455810547,18.0221156157545,17.653609185900958,17.88894216928601,10296400
2014-04-29,17.872528076171875,17.907189951503735,17.761246531830253,17.770368517492198,8036400
2014-04-30,18.215496063232422,18.51650354203338,18.18630820996665,18.224618050276618,17561600
2014-05-01,18.237384796142578,18.30670715332412,18.12610325446986,18.282991939719277,10696400
2014-05-02,17.87617301940918,18.171707768068725,17.783135462088055,18.162585783945776,11998800
2014-05-05,17.868879318237305,17.921783774829322,17.772192391017967,17.82874619872372,8512000
2014-05-06,17.85245704650879,18.0002237186157,17.774012718588725,17.810497869882997,7484800
2014-05-07,18.107852935791016,18.11697352551632,17.841507498162112,17.863398026958013,8660000
2014-05-08,17.967388153076172,18.12610149840189,17.95644288506041,18.080494359243637,7035200
2014-05-09,17.680967330932617,18.047648952653727,17.66090008748696,17.978326633726155,9919200
2014-05-12,17.478479385375977,17.735704315649162,17.45476417431325,17.73023168169772,14766000
2014-05-13,17.527740478515625,17.622602739503026,17.465714029861733,17.54233510076593,9678000
2014-05-14,17.624425888061523,17.73570743739278,17.483955096758947,17.483955096758947,7531600
2014-05-15,17.562400817871094,17.786788609655133,17.555104898627505,17.628075225621554,10644400
2014-05-16,17.622596740722656,17.67002855098033,17.49854527746211,17.55692235477182,8820800
2014-05-19,17.2759952545166,17.60436743173303,17.268699332196555,17.60436743173303,6962800
2014-05-20,17.573345184326172,17.61530297768377,17.188420774899935,17.275985712579885,14345600
2014-05-21,17.564224243164062,17.659087888414454,17.504022475042046,17.63354799742081,10085600
2014-05-22,17.629905700683594,17.7083500806442,17.55146132072299,17.556933957865784,5287200
2014-05-23,17.597057342529297,17.706514191531472,17.59158470885209,17.624421902734678,5570000
2014-05-27,17.609830856323242,17.82144868022031,17.597060911213564,17.74117965849113,7059200
2014-05-28,17.76125144958496,17.790439306509462,17.56787754802268,17.609835353317898,7644800
2014-05-29,17.745620727539062,17.877953537417607,17.637179647267185,17.776865915888383,5985200
2014-05-30,17.894500732421875,17.91288017733953,17.705189785472662,17.754814426976512,8407600
2014-06-02,17.861417770385742,17.969857480624153,17.76032871655179,17.855904076951493,5818000
2014-06-03,17.857742309570312,17.94596420838679,17.802602571113663,17.859579272526883,8154000
2014-06-04,17.887144088745117,17.90552352895132,17.754809875642216,17.830167403427467,5860800
2014-06-05,17.96985626220703,18.03418642060964,17.855902866260795,17.87979600360978,4712000
2014-06-06,17.909204483032227,18.116894870652,17.88714830822501,18.024996245681205,4672000
2014-06-09,17.71437644958496,17.898173678827533,17.642695642361286,17.843035351411707,7072400
2014-06-10,17.604097366333008,17.738269952854136,17.574690540544363,17.65188503578373,5416000
2014-06-11,17.44235610961914,17.62247659635043,17.311860254300335,17.58571771399018,8631200
2014-06-12,17.57469367980957,17.655563516869766,17.328404633811733,17.44235943446885,10333200
2014-06-13,17.78789520263672,17.863252737936243,17.46992678880515,17.57836647841778,9082000
2014-06-16,17.857742309570312,18.05440532008172,17.736435445870406,17.820982016511948,8978000
2014-06-17,17.9661808013916,18.001102726864854,17.723568492696014,17.732758915903197,10716000
2014-06-18,18.322742462158203,18.330094518086668,17.956985041588812,17.968013826612154,11128800
2014-06-19,18.40912628173828,18.526756365139832,18.245545500926134,18.37052763982293,14156800
2014-06-20,18.377880096435547,18.471617053219358,18.333769164762497,18.471617053219358,14815200
2014-06-23,18.311716079711914,18.42199553084675,18.206951722942993,18.39993936016749,7590000
2014-06-24,18.51389503479004,18.581899110385283,18.287823831734325,18.33561150272184,9926800
2014-06-25,18.701366424560547,18.725259557438736,18.42934593229917,18.462429486732834,10850400
2014-06-26,18.637033462524414,18.688496446160464,18.524917075776816,18.649899208433425,7843200
2014-06-27,18.67379379272461,18.78591018821887,18.609465058160993,18.671955428233865,12988400
2014-06-30,18.83553695678711,18.84105064821564,18.534108270168275,18.653576726077844,13100400
2014-07-01,18.646230697631836,18.83186631521458,18.62049919447325,18.828190987161246,10018400
2014-07-02,18.324586868286133,18.644395120911582,18.274962223437,18.587417014885563,11482800
2014-07-03,18.052562713623047,18.297013346548585,17.872440825609104,18.297013346548585,5822800
2014-07-07,18.100353240966797,18.194088825958865,18.024995697696088,18.024995697696088,7442800
2014-07-08,18.17754364013672,18.267603876889233,18.03234368163127,18.05991354250774,9006800
2014-07-09,18.16468048095703,18.245550308189596,18.069105136598214,18.153651693677737,6863200
2014-07-10,18.267610549926758,18.330102350892016,18.118735209976577,18.12424890371371,6121600
2014-07-11,18.190410614013672,18.309879084354556,18.140784580639682,18.26209141576591,4872800
2014-07-14,17.90552520751953,18.199600485171306,17.900011515166923,18.129758044935738,7315200
2014-07-15,18.07093620300293,18.092992366391865,17.8871390482115,17.933088336909357,7042000
2014-07-16,18.144458770751953,18.18305601227337,17.990068402405026,18.10402316470249,5634400
2014-07-17,17.934934616088867,18.291500300205392,17.93125788610427,18.291500300205392,6427600
2014-07-18,18.155487060546875,18.17019117298343,17.876115935559064,17.99925972212718,7634800
2014-07-21,18.137109756469727,18.18857275379522,18.036020724393573,18.175707004463845,3590800
2014-07-22,18.076461791992188,18.214309748823233,18.069109732689768,18.168360429879552,5530400
2014-07-23,18.10218620300293,18.17386700027778,18.043371153898914,18.09667251125277,5868800
2014-07-24,18.144458770751953,18.214301197943854,18.08564372620581,18.1334313881062,4232400
2014-07-25,18.09483528137207,18.205114732336817,18.067266820892353,18.11505308723151,5140000
2014-07-28,18.302526473999023,18.3356100278274,18.030505986714427,18.098511459100934,6572000
2014-07-29,18.085651397705078,18.267610299848993,17.88347468396052,18.20144317138541,7770000
2014-07-30,17.70702362060547,18.104026291556604,17.600422298008457,18.041535909422542,11376400
2014-07-31,17.256723403930664,17.64086037923172,17.24018232479081,17.57836858609272,10900800
2014-08-01,17.24385643005371,17.44603310691069,17.14460575546684,17.18504137129056,10057600
2014-08-04,17.286123275756836,17.30266434689628,16.870741305924742,17.26590547619016,14931200
2014-08-05,17.01778221130371,17.273261611431696,16.97183291093545,17.214446563050778,9745600
2014-08-06,16.973669052124023,17.096812824437063,16.8725814459126,17.014104655513066,18081200
2014-08-07,17.27142906188965,17.330244130072973,17.019626306278187,17.06373725685022,11370000
2014-08-08,17.54344367980957,17.552634101500285,17.28796566213619,17.298994448617343,6989600
2014-08-11,17.440523147583008,17.602264243238658,17.418466969977366,17.547125902617417,5694400
2014-08-12,17.44235610961914,17.532416352984786,17.38721638381729,17.45706022346783,5224400
2014-08-13,17.598588943481445,17.699678004844852,17.4699314128934,17.47728206984536,4276400
2014-08-14,17.679454803466797,17.699672609576623,17.57285208075343,17.57285208075343,3858000
2014-08-15,17.71437644958496,17.905525736268626,17.651886064728043,17.719891544361964,5073200
2014-08-18,17.670269012451172,17.861418337053127,17.624319696025562,17.752977221112527,4392800
2014-08-19,17.887144088745117,17.898171472416557,17.69967155502361,17.738268800135053,5167200
2014-08-20,17.964340209960938,17.982719651835822,17.826492292507023,17.868766270854632,4126800
2014-08-21,18.013967514038086,18.12792090304377,17.971693532713584,17.975370262704388,5142000
2014-08-22,17.94595718383789,18.08931876499529,17.832002423354734,18.008448956445186,3966000
2014-08-25,18.04336929321289,18.115050083095806,17.96249948544777,17.979040558992484,3442800
2014-08-26,17.77686882019043,18.056240000813798,17.76584143479763,18.02683317234579,5575600
2014-08-27,17.942604064941406,17.964826810138955,17.777789256735232,17.807419583665297,5651600
2014-08-28,18.061132431030273,18.094465860642657,17.848168931442956,17.901872868754715,3776800
2014-08-29,18.231494903564453,18.2407547350682,18.06297699044124,18.10186573962352,5545600
2014-09-02,18.005573272705078,18.244461145098693,17.93334968208698,18.201869303263503,7494800
2014-09-03,18.074092864990234,18.161130219933426,18.009278264347113,18.040759439966298,5694800
2014-09-04,18.005573272705078,18.120387292306187,17.920386763330335,18.059275784088204,8406000
2014-09-05,18.13335418701172,18.13335418701172,17.977799127824696,18.00928030701457,6244800
2014-09-08,18.00742530822754,18.148166587566486,17.96112896489191,18.12964833280269,4204000
2014-09-09,17.72223472595215,17.975939125370857,17.707420973979897,17.92223521252229,7661600
2014-09-10,17.707426071166992,17.822240099474207,17.629647139877115,17.705573821817826,6814000
2014-09-11,17.805570602416992,17.85186693710198,17.583347348217842,17.703718100969212,6724000
2014-09-12,17.425949096679688,17.72965309610599,17.411133922841152,17.694468824305392,7305200
2014-09-15,17.440757751464844,17.566683856317926,17.364831073561977,17.48890634201661,5386800
2014-09-16,17.616680145263672,17.683346977890277,17.377790897160324,17.416681060235813,9126800
2014-09-17,17.646316528320312,17.818539002860053,17.55557608001301,17.709278884698147,8332000
2014-09-18,17.51483726501465,17.712985606795588,17.462985573760218,17.64076340642654,7399600
2014-09-19,17.618532180786133,17.683346763706968,17.505569016473274,17.5926063476178,8563200
2014-09-22,17.522235870361328,17.635199031060775,17.446309209331382,17.529643452865606,5724400
2014-09-23,17.50927734375,17.61298069910445,17.442610497350067,17.522240263169305,5600400
2014-09-24,17.440757751464844,17.559276272167484,17.394461410163743,17.559276272167484,4321600
2014-09-25,17.2481689453125,17.50002121551639,17.24446585877386,17.429651268461868,7019600
2014-09-26,17.303726196289062,17.350022551554943,17.15928179391593,17.255577591213804,5567600
2014-09-29,17.33334732055664,17.351865571750263,17.142606648843508,17.21853331544497,5062400
2014-09-30,17.38519859313965,17.577791509441973,17.314828675065556,17.377791010260488,6962400
2014-10-01,17.46112632751465,17.657422340853795,17.348163154179314,17.348163154179314,6366800
2014-10-02,17.364822387695312,17.538896996028218,17.33519347876611,17.420378534608393,6722800
2014-10-03,17.450021743774414,17.479650674585507,17.28705767932948,17.44446499469807,6414400
2014-10-06,17.344463348388672,17.562980740191154,17.2944625046507,17.470388050301022,6099200
2014-10-07,17.225936889648438,17.44260477580265,17.216678471872896,17.283345296404683,7222400
2014-10-08,17.65186882019043,17.672239323235786,17.248164670608613,17.266682924417427,8414400
2014-10-09,17.331493377685547,17.768530844830764,17.331493377685547,17.657419935676458,9544800
2014-10-10,17.338905334472656,17.65372130482918,17.331497750279915,17.401869093684848,10166400
2014-10-13,17.183345794677734,17.583345346127896,17.168530630180953,17.361123530083567,8678400
2014-10-14,17.285205841064453,17.548170202354505,17.124095435329387,17.23520640100764,12517600
2014-10-15,17.003721237182617,17.350018400342368,16.727795421415458,17.274091717703477,12076800
2014-10-16,17.290756225585938,17.385199734579096,16.759273775139842,16.814829943955164,13299200
2014-10-17,17.453720092773438,17.514831600352547,17.109275211866656,17.362979662425527,9697600
2014-10-20,17.616680145263672,17.635199808767034,17.442606893718164,17.461125144369564,5528800
2014-10-21,17.688901901245117,17.70927240034445,17.537049988864954,17.631494901702595,7062000
2014-10-22,17.875944137573242,17.99261182879847,17.651870001925506,17.685203426153812,9524800
2014-10-23,18.111127853393555,18.20372052869137,17.90742283745668,18.01853517809574,9416000
2014-10-24,18.214832305908203,18.29260981880629,18.06483261491158,18.148165462609217,6602800
2014-10-27,18.164833068847656,18.33150019179242,18.11668588777097,18.19261115814717,5413200
2014-10-28,18.3574275970459,18.3574275970459,18.10372451151284,18.227798386397797,7673200
2014-10-29,18.259275436401367,18.422239450491784,18.05927491702792,18.333349859819545,7285600
2014-10-30,18.501874923706055,18.550022112876395,18.05742965875852,18.329652436520856,11396000
2014-10-31,18.559274673461914,18.612978590656795,18.309274751442434,18.612978590656795,10084000
2014-11-03,18.668533325195312,18.71112657425601,18.453719069483775,18.57779290588582,8944400
2014-11-04,18.696313858032227,18.81668462513043,18.587055173322224,18.6944616088255,7966000
2014-11-05,19.4222354888916,19.475939400227112,18.8018649610912,18.84630904145955,22010400
2014-11-06,19.250017166137695,19.468535942448884,19.027795304366247,19.355572762406958,14479600
2014-11-07,19.39446449279785,19.400019827861843,19.114834187474923,19.231500462375468,8307200
2014-11-10,19.557430267333984,19.557430267333984,19.229651317125885,19.337059188541673,5880800
2014-11-11,19.40742301940918,19.618534181169824,19.374089603717923,19.538904433288042,7382800
2014-11-12,19.090757369995117,19.27038738853103,18.911128764311325,19.07964670092349,10216000
2014-11-13,18.93890380859375,19.22779389528586,18.870386138073826,19.090755728542014,7060000
2014-11-14,18.861127853393555,18.957425027808227,18.82223909894413,18.879646106057265,7465200
2014-11-17,19.11298370361328,19.151872465505573,18.82224270130697,18.835205621937735,5440000
2014-11-18,19.137054443359375,19.220388703153976,19.020388175069545,19.138906692559836,6457200
2014-11-19,19.20557403564453,19.24261195635786,19.04446225945904,19.174092862677362,7040400
2014-11-20,19.085205078125,19.14816884289051,19.014835141365754,19.053723902168418,5271200
2014-11-21,19.21112632751465,19.261127159344504,19.027793240793155,19.261127159344504,7893600
2014-11-24,19.114837646484375,19.290763215323285,19.1055778111339,19.240763777847256,5617600
2014-11-25,19.181034088134766,19.220197915626322,18.987078878524912,19.11949032085703,7394800
2014-11-26,19.246309280395508,19.279878482395738,19.140007044535754,19.22393076095925,5331200
2014-11-28,19.468242645263672,19.606248757468617,19.26682739641574,19.26682739641574,3952000
2014-12-01,19.546566009521484,19.697628124242136,19.285473806983642,19.365665395730414,7597600
2014-12-02,19.602514266967773,19.671518016150298,19.374989852585877,19.479426728887447,5775600
2014-12-03,19.468242645263672,19.647277947735358,19.402969580223907,19.542841043671732,6404400
2014-12-04,19.300392150878906,19.414154362059534,19.13068222093708,19.143736830932603,14612400
2014-12-05,19.195959091186523,19.317181306896096,19.059816911699702,19.14187528962853,7071600
2014-12-08,19.333965301513672,19.45145823832487,19.175444598366603,19.175444598366603,7192400
2014-12-09,19.505535125732422,19.522320436056596,19.28547212361508,19.30785064025309,6615200
2014-12-10,18.918079376220703,19.393641429140928,18.880779471012946,19.25004070691729,21496400
2014-12-11,19.112035751342773,19.24258187021866,18.931135113153342,18.975893579218507,9354800
2014-12-12,18.800586700439453,19.199686442908828,18.793126719299867,18.985218032240883,10303600
2014-12-15,18.772615432739258,19.013193090104302,18.56933483912145,18.994543846807655,11262800
2014-12-16,18.850942611694336,19.11763091006447,18.66258198681433,18.811778774949268,10596800
2014-12-17,19.23138999938965,19.26868847890759,18.809910351177145,18.89569799234504,11038800
2014-12-18,19.665924072265625,19.66965477415963,19.246309748480332,19.402966502573364,8826400
2014-12-19,19.7442569732666,19.848693880931023,19.542841717474225,19.708822412660677,13945600
2014-12-22,19.75731086730957,19.811394670479643,19.628628665875738,19.742390903087596,6542400
2014-12-23,19.82817840576172,19.915831416312667,19.729336133556124,19.83563838781351,5054400
2014-12-24,20.137758255004883,20.247789772456365,19.831904727877003,19.863610002580504,4615200
2014-12-26,20.382070541381836,20.456668942414204,20.143356796355185,20.193709898915493,8804000
2014-12-29,20.60772705078125,20.671134758740664,20.339173410374382,20.348498742884168,7808800
2014-12-30,20.109786987304688,20.596539796538053,20.07062314807105,20.596539796538053,5746400
2014-12-31,19.822586059570312,20.229145879751137,19.802071462275013,20.113518278890925,5991200
2015-01-02,19.897184371948242,19.979241337895974,19.652874556996963,19.88599368621054,6459200
2015-01-05,19.68643569946289,19.9120947533072,19.617433376119866,19.876661627725476,8153600
2015-01-06,19.76289939880371,20.12470059387112,19.72373557194265,19.753574068331506,10623200
2015-01-07,19.943803787231445,20.13402832854934,19.781552396955934,20.06502456933761,7292000
2015-01-08,20.065027236938477,20.18438552958679,20.012808784255785,20.117247112467293,7602000
2015-01-09,19.88785171508789,20.145214626755998,19.837498627769723,20.091132260795856,6123200
2015-01-12,19.837499618530273,20.020264160875293,19.70135746434422,19.861743488028264,5828000
2015-01-13,19.91582679748535,20.227273505975795,19.803929938351477,20.009074417237876,6757200
2015-01-14,20.038911819458008,20.066886388422578,19.67524669145563,19.72933047869495,7327600
2015-01-15,19.962448120117188,20.109779511710737,19.790872862633147,20.05383037769197,17293200
2015-01-16,20.18251609802246,20.20116533837509,19.93447707507958,19.979235536495057,7870000
2015-01-20,20.314931869506836,20.344770375840145,20.051972829285972,20.255253433994078,7362000
2015-01-21,20.49396514892578,20.561103560092537,20.09859466348221,20.1974383519776,12105600
2015-01-22,20.430557250976562,20.648756373827172,20.23660200082736,20.566698000305514,9290400
2015-01-23,20.41750144958496,20.55550754195733,20.391390804475257,20.49209841442674,6736400
2015-01-26,20.467853546142578,20.473448175948604,20.25711442732251,20.38579518139863,5524800
2015-01-27,20.74200439453125,20.796088194191977,20.258980899821182,20.490236061717944,8527600
2015-01-28,20.499561309814453,21.006828710791602,20.46972280420491,20.753195010303028,8128800
2015-01-29,20.82405662536621,20.835245883082166,20.462255448864,20.548043077992705,6823200
2015-01-30,20.372737884521484,20.796082840068472,20.357819347954536,20.786757509724193,7745600
2015-02-02,20.527530670166016,20.549910610820113,20.14521486535484,20.426823071491185,7201600
2015-02-03,20.55923843383789,20.6021329725481,20.357824620980853,20.518209246248823,8641600
2015-02-04,20.410045623779297,20.63197405820366,20.354096465911468,20.510753254233677,6255200
2015-02-05,20.460399627685547,20.531267330969076,20.296284272417573,20.480914224949828,5231600
2015-02-06,19.7312068939209,20.402589811329072,19.593199322398284,20.382075210774264,8789200
2015-02-09,19.49248695373535,19.835639024908964,19.429079238527674,19.705092891924842,8292800
2015-02-10,20.109786987304688,20.14895082653832,19.498082678205034,19.544706499604047,13585200
2015-02-11,19.593191146850586,19.999750861985547,19.554027313818498,19.988561601932346,8516800
2015-02-12,19.645418167114258,19.651014222429705,19.365675160895147,19.591335771350156,9439200
2015-02-13,19.324642181396484,19.55776129051118,19.2239345555174,19.55589593924135,9944400
2015-02-17,19.28734588623047,19.539114286706763,19.15306902655074,19.30226585349408,11421600
2015-02-18,19.859880447387695,19.869205779811733,19.28734003856242,19.300394650248496,9638000
2015-02-19,19.662195205688477,19.945667373206774,19.58759681754811,19.945667373206774,13082400
2015-02-20,19.69390106201172,19.761039475884566,19.4477273520933,19.6286279993148,6802400
2015-02-23,19.766633987426758,19.809528527138227,19.63608786281976,19.72001016823197,6257200
2015-02-24,19.783414840698242,19.964315446033034,19.667787282946694,19.716276442370983,7480800
2015-02-25,19.495994567871094,19.81159754733714,19.439637763153655,19.766511816913283,8103600
2015-02-26,19.439638137817383,19.618103506069826,19.38891543601962,19.550474192505845,6974400
2015-02-27,19.435876846313477,19.54483532552061,19.340068429545187,19.499749601908775,6523600
2015-03-02,19.0751895904541,19.43587827231087,18.919266386346948,19.43587827231087,9909200
2015-03-03,19.150333404541016,19.19166258469571,18.892966240190958,19.01883133738977,8036400
2015-03-04,19.04701042175293,19.176633498699527,18.988774631588242,19.090218591818264,11915200
2015-03-05,19.18602752685547,19.341950746342512,19.090220526857024,19.129670720959247,7867200
2015-03-06,18.54166603088379,18.94368381422743,18.453373584316953,18.94368381422743,12492400
2015-03-09,18.58487892150879,18.699472952141143,18.519128600633543,18.556699803062397,9764800
2015-03-10,18.40829086303711,18.70135168428806,18.312483868190156,18.312483868190156,13714800
2015-03-11,18.40641212463379,18.607421051775994,18.31999578593769,18.519127156379525,9078400
2015-03-12,18.883573532104492,19.024467688710647,18.537913889190474,18.556699490088068,12999200
2015-03-13,18.90047836303711,18.968107661370798,18.691954932049782,18.853513652152564,13275200
2015-03-16,19.34382438659668,19.529804231142055,19.088336257428672,19.110879833502025,13684400
2015-03-17,19.402061462402344,19.53732006137792,19.294981977088224,19.3494612146339,8612400
2015-03-18,20.082115173339844,20.174165626047536,19.34758624209701,19.3983089438693,15167600
2015-03-19,19.81534767150879,20.189186297610437,19.715781299475132,20.006963024778535,11399200
2015-03-20,19.911163330078125,20.080236617560658,19.691368772975622,19.90740678291166,27418000
2015-03-23,19.864194869995117,19.94685322460023,19.73832978148229,19.73832978148229,9677600
2015-03-24,19.695127487182617,19.980673833738155,19.678220873198935,19.78905694242462,8434800
2015-03-25,19.428367614746094,19.76839320746935,19.428367614746094,19.695126915915953,6805200
2015-03-26,19.296863555908203,19.495993501534183,19.217963173669546,19.313770166423865,6850000
2015-03-27,19.45090103149414,19.542951445532676,19.30061341272804,19.341942579551166,6067200
2015-03-30,19.67633819580078,19.73645297856127,19.495993847519323,19.5993168022246,6348400
2015-03-31,19.54671859741211,19.7233049840966,19.422731038756332,19.621861008809958,9165200
2015-04-01,19.680099487304688,19.755243336711388,19.323167277560145,19.52605524098332,7567200
2015-04-02,19.6782169342041,19.77590291747206,19.58804404459183,19.653795796699477,5280800
2015-04-06,19.826627731323242,20.031393236651976,19.749604897264067,19.76651294291714,6706400
2015-04-07,19.59180450439453,19.867957311800915,19.573018901378717,19.802206984620735,4168000
2015-04-08,19.54483985900879,19.601196668283393,19.40394568594781,19.529810803235705,5707600
2015-04-09,19.539201736450195,19.55610834702101,19.338192800139176,19.514779165737526,5278400
2015-04-10,19.706398010253906,19.75524172336682,19.522295665905,19.58616843432182,3732400
2015-04-13,19.490360260009766,19.689490229086616,19.469695667001837,19.625618893061823,4787200
2015-04-14,19.604955673217773,19.685735060656807,19.52041973826401,19.565505474689367,4171600
2015-04-15,19.57114028930664,19.843535121423997,19.565504751617954,19.655676221136257,6437200
2015-04-16,19.492238998413086,19.614347564632368,19.338194764594025,19.501631083045584,6770800
2015-04-17,19.377641677856445,19.58240714710873,19.302497847275575,19.400183823756155,5973600
2015-04-20,19.63125228881836,19.78341751777607,19.370128569205995,19.415214297554677,9675600
2015-04-21,19.424610137939453,19.758998743583682,19.37764541392763,19.63125463694154,7842800
2015-04-22,19.403942108154297,19.514778149232615,19.285591540575005,19.467813433538538,7293200
2015-04-23,19.589916229248047,19.64815200097044,19.37951528199347,19.424600994512456,6740800
2015-04-24,19.734575271606445,19.87359043694816,19.518537280025065,19.57677307227981,6122800
2015-04-27,19.50350570678711,19.809715115644096,19.43211985991381,19.80783755908771,7215200
2015-04-28,19.55611228942871,19.635012687830645,19.340074255780774,19.40394703061787,8057600
2015-04-29,19.293106079101562,19.642523704700825,19.231113739010976,19.39267248776115,9267600
2015-04-30,18.960590362548828,19.330672459512396,18.83284631029616,19.221714002216203,15062000
2015-05-01,19.13905906677246,19.161602644677114,18.823456142353688,18.973743795219495,9091600
2015-05-04,19.30437660217285,19.526050111400632,19.045130461487368,19.133424353851304,12277200
2015-05-05,18.814071655273438,19.261175381513414,18.70135658674444,19.204818563873843,12635200
2015-05-06,18.791522979736328,18.92678159864457,18.618693159242223,18.7821308959646,12165200
2015-05-07,18.898603439331055,18.968111742364638,18.80655298750245,18.911753503878,8712000
2015-05-08,19.013198852539062,19.32504531048919,18.86103360413549,19.157851006298944,9937600
2015-05-11,18.787763595581055,19.1353021741387,18.761463471792858,18.97374345186879,8073200
2015-05-12,18.768980026245117,18.853515942808517,18.564213116620213,18.71262179303658,8227600
2015-05-13,18.823453903198242,19.045127376518902,18.733282468804582,18.812182832211313,9204400
2015-05-14,18.988773345947266,19.02258799706784,18.874179330108056,18.894843918751146,7293600
2015-05-15,19.18790626525879,19.204814310080494,19.011318455951972,19.016955426392233,11756800
2015-05-18,19.217966079711914,19.319408624644414,19.112764120902817,19.13154972428848,7810000
2015-05-19,19.257408142089844,19.358852077420103,19.015070091009076,19.077063845919074,6118000
2015-05-20,19.25929069519043,19.424607417841912,19.20856943099018,19.26116968519768,7885200
2015-05-21,19.191661834716797,19.30249787420999,19.137182593300878,19.25553315918758,5360800
2015-05-22,19.20481300354004,19.257413258074326,19.07143194393595,19.174754896235047,5525200
2015-05-26,18.979381561279297,19.21232616066571,18.86103098818568,19.204813067064055,13742800
2015-05-27,19.087284088134766,19.195185961661352,18.988846429746776,19.024814202341254,8504800
2015-05-28,19.359880447387695,19.37123952926711,19.072142554984122,19.072142554984122,10481600
2015-05-29,19.373132705688477,19.45453248362234,19.20465433065792,19.335272948431538,11192000
2015-06-01,19.5983943939209,19.759300464880763,19.392056343406193,19.412879634922287,12547200
2015-06-02,19.35041618347168,19.496177828211255,19.236835474754766,19.458318073391307,9636400
2015-06-03,18.971813201904297,19.3863843127006,18.926381206445978,19.255765700968702,11419200
2015-06-04,19.000205993652344,19.09864221028985,18.88283845774192,18.90366175353662,8868000
2015-06-05,18.697324752807617,18.80333466694088,18.65378617879008,18.799547824869826,9624000
2015-06-08,18.57427978515625,18.7162560331069,18.572386364124927,18.680288254797137,7328000
2015-06-09,18.5875301361084,18.67082188297315,18.564813417368725,18.57617105461005,5774400
2015-06-10,18.76357650756836,18.829831783645115,18.684068732019558,18.697319787234907,10831600
2015-06-11,18.86769676208496,18.918809020847373,18.765473688817234,18.85823254530988,5803600
2015-06-12,18.786293029785156,18.897981740554478,18.742754464426874,18.774935394345047,4722800
2015-06-15,18.76357650756836,18.86390613194983,18.644315566373507,18.644315566373507,6126000
2015-06-16,18.8411922454834,18.88662423528794,18.663248239384977,18.765471299637884,5038800
2015-06-17,19.062673568725586,19.115679238316407,18.75789782879825,18.833618769671176,8510000
2015-06-18,19.357986450195312,19.384488564719422,19.051317268086002,19.07971280343524,8677600
2015-06-19,19.111888885498047,19.399628119097382,19.111888885498047,19.35419469636703,8404800
2015-06-22,19.074031829833984,19.233044499010067,19.032385241928793,19.208435808091888,4983200
2015-06-23,18.795757293701172,19.096746164577418,18.78250623858568,19.04374194411544,6798800
2015-06-24,18.65188980102539,18.91312698074719,18.65188980102539,18.818476163574214,6317600
2015-06-25,18.549663543701172,18.746537382753537,18.525054855415853,18.712463036681847,5918400
2015-06-26,18.684066772460938,18.701104666954734,18.405794642123364,18.532626363633604,6910800
2015-06-29,18.583742141723633,18.894196723961283,18.49666355834058,18.49666355834058,8041600
2015-06-30,18.557239532470703,18.74843459320444,18.515592940602275,18.66135601214177,10800800
2015-07-01,18.63296127319336,18.701109982024096,18.536417028306992,18.629175875705858,7578400
2015-07-02,18.971813201904297,19.038068496167906,18.731399277245792,18.735186119350626,8878000
2015-07-06,19.01724624633789,19.09296720578319,18.80522784874249,18.933953046522344,6876800
2015-07-07,19.47534942626953,19.630576691165338,18.97748670399246,18.97748670399246,12375600
2015-07-08,19.299304962158203,19.48103583897273,19.299304962158203,19.384491581463227,10838400
2015-07-09,19.153541564941406,19.463996164480513,19.085392853407747,19.357987699542385,11294400
2015-07-10,19.240619659423828,19.361772600317522,19.032388132528858,19.14786225498331,6035600
2015-07-13,19.303083419799805,19.386376581805337,19.180037097088864,19.31065565673272,5685200
2015-07-14,19.306865692138672,19.41098212779875,19.238717015025948,19.301186876421994,4928800
2015-07-15,19.454530715942383,19.45642413691034,19.198973767035582,19.316341314679292,5037200
2015-07-16,19.768768310546875,19.8634191209116,19.443169291811138,19.4602071886903,9911600
2015-07-17,19.621118545532227,19.78391809861014,19.59082958483999,19.76877361826402,6275200
2015-07-20,19.526464462280273,19.683585170161706,19.441277857693727,19.6362597601437,8994400
2015-07-21,19.333377838134766,19.588936232191045,19.267122546595264,19.524572917369074,8643200
2015-07-22,19.460205078125,19.577571145923947,19.33526532875072,19.342837566069456,8380400
2015-07-23,19.322017669677734,19.46967271269686,19.161111570086558,19.460208497577877,7790000
2015-07-24,19.361770629882812,19.463993684156875,19.26522639347006,19.27658547344951,4232000
2015-07-27,19.592721939086914,19.664656050428317,19.386383821570835,19.392062640327122,5823200
2015-07-28,19.70440673828125,19.73658911426559,19.501854044089463,19.58325380591926,11233600
2015-07-29,19.799053192138672,19.81609108675744,19.50753000583721,19.63814712471716,8348800
2015-07-30,19.855850219726562,19.933464590512674,19.67790620417362,19.72901845914423,7009200
2015-07-31,19.914533615112305,20.126551989569098,19.888031498837332,20.009184443024925,10186000
2015-08-03,20.389684677124023,20.692567089606673,20.17198744668869,20.53544778592513,18269600
2015-08-04,20.168197631835938,20.440792465504412,20.137908675091907,20.391573632923837,12734800
2015-08-05,20.058401107788086,20.28177709526482,20.054615710554216,20.240130504407944,7557600
2015-08-06,20.01865005493164,20.128445361665477,19.931571466774223,20.11330088261453,11783600
2015-08-07,20.255277633666992,20.378324001601424,19.922106307450214,20.01675713751408,6698400
2015-08-10,20.166305541992188,20.348034961680032,20.07165471230537,20.27231400907917,12003200
2015-08-11,20.185232162475586,20.461612367260198,20.088689371635922,20.192804400939703,7882000
2015-08-12,20.52029800415039,20.55247893623354,20.065973780642945,20.132229065595578,14067600
2015-08-13,20.618732452392578,20.673630096431577,20.29692027065419,20.516509402553417,7236400
2015-08-14,20.641448974609375,20.64523437156511,20.427538662319986,20.582765934126613,5754000
2015-08-17,20.73421287536621,20.819399498315143,20.652813094818853,20.677423237657464,5935200
2015-08-18,20.730422973632812,20.798571679484084,20.58087450491791,20.66984650668245,7285200
2015-08-19,20.64713478088379,20.749357864370445,20.44079663692058,20.63577714191546,9688400
2015-08-20,20.491901397705078,20.76070936503024,20.47865034140755,20.546799043582496,8223600
2015-08-21,20.247699737548828,20.491898984204887,20.215518810938878,20.416178052455802,11028000
2015-08-24,19.50564193725586,19.7574134751241,18.93016475538143,19.499963118910358,19775600
2015-08-25,19.026710510253906,19.84449363482691,19.013459451643627,19.819883494367055,15192800
2015-08-26,19.392976760864258,19.446390194115967,19.01335715735536,19.291871098887064,13412000
2015-08-27,19.507434844970703,19.578016259900433,19.26707293353347,19.526510863724496,12068800
2015-08-28,19.42349624633789,19.537953800304,19.186950440753698,19.4978937291862,9230000
2015-08-31,18.772998809814453,19.358641513527267,18.622295774604044,19.337657454484866,20435200
2015-09-01,18.18926239013672,18.586050011347712,18.055728794251788,18.565065952650503,14461600
2015-09-02,18.130125045776367,18.39337759761013,17.998498042156015,18.307534785496735,13195600
2015-09-03,18.154911041259766,18.313244651607544,18.070976326282594,18.219771206211956,10100400
2015-09-04,18.050004959106445,18.172093226086513,17.93936201234109,17.969883351382634,11545600
2015-09-08,18.52118682861328,18.532633603145534,18.256026262557207,18.27510373497536,11686000
2015-09-09,18.179723739624023,18.68143016115626,18.149200945486264,18.662354142523625,9558000
2015-09-10,18.18926239013672,18.343781500125896,18.12249559219425,18.158741049108894,9980400
2015-09-11,18.284637451171875,18.299898843968453,17.882127312452923,17.891666046802417,18495600
2015-09-14,18.338054656982422,18.454420254121995,18.233135834507063,18.28654926491733,12264400
2015-09-15,18.35713768005371,18.385750986848667,18.17018916168552,18.35332160220954,13068400
2015-09-16,18.601301193237305,18.66234529717295,18.37047812974919,18.372384711923946,11133600
2015-09-17,18.828319549560547,19.11828030987951,18.542174866707608,18.570789626074323,11974000
2015-09-18,18.559335708618164,19.06295000075466,18.553613050476727,18.835941525101443,25546000
2015-09-21,18.704315185546875,18.805419355943393,18.582226965965454,18.601302977386354,7882800
2015-09-22,18.5135555267334,18.679518457218293,18.42389665580601,18.557430215438302,10007600
2015-09-23,18.50020408630371,18.5860468898975,18.439159959093132,18.52500276268692,6476400
2015-09-24,18.603214263916016,18.629922433146593,18.40291391023728,18.429620624061112,11708400
2015-09-25,18.811145782470703,18.996186186677996,18.53644650567582,18.643274810766425,7596000
2015-09-28,18.60894012451172,18.895084761246967,18.561249351722513,18.778719159208748,8861200
2015-09-29,18.463958740234375,18.72911930575414,18.39528391480699,18.60512301232098,13322000
2015-09-30,18.60894012451172,18.628016142546027,18.43153039151959,18.43153039151959,15191600
2015-10-01,18.418169021606445,18.6680680965877,18.282726005043607,18.65471474423159,12829600
2015-10-02,18.79779624938965,18.813057646850293,18.427715365707346,18.523096916725923,11294400
2015-10-05,19.21365737915039,19.223194659771636,18.79970185069346,18.876005917290538,10323600
2015-10-06,19.047693252563477,19.15452156707176,18.98092646562505,19.15452156707176,7888000
2015-10-07,19.062952041625977,19.240361740036086,19.028614633694772,19.085844132048976,6531200
2015-10-08,19.238460540771484,19.26326067806388,18.9237010987475,18.992375939022082,7006400
2015-10-09,19.276609420776367,19.3071307561388,19.122090339469114,19.22891865175456,6959200
2015-10-12,19.352914810180664,19.480727186007677,19.267072002234446,19.276610738853744,7199200
2015-10-13,19.312850952148438,19.431124568182824,19.25752949249074,19.31857361083603,5058800
2015-10-14,19.253713607788086,19.412047279647265,19.207930885886494,19.330019114561733,4806800
2015-10-15,19.68674659729004,19.719177422590015,19.314759224026975,19.34909663197484,7179200
2015-10-16,19.774503707885742,19.888961277170687,19.673398042020303,19.797394348498557,6506800
2015-10-19,19.79548454284668,19.80502327918847,19.562754803419296,19.76305516793551,5102000
2015-10-20,19.827909469604492,19.927105603153088,19.68674378189212,19.745881309871343,5550000
2015-10-21,19.877511978149414,20.00723092831398,19.822191966752953,19.896589450114288,4666000
2015-10-22,20.165565490722656,20.19227220612392,19.873698204261117,19.92901967342283,6708000
2015-10-23,19.946186065673828,20.19036256157881,19.909942072173592,20.136949135025436,6844400
2015-10-26,19.81074333190918,19.988153034510436,19.700100408694066,19.988153034510436,9526400
2015-10-27,19.85843276977539,19.894678214194844,19.73825257490964,19.785943336343017,8413600
2015-10-28,19.63905143737793,20.0873456783996,19.366260272916485,19.858429191523506,7738400
2015-10-29,19.415864944458008,19.581829338558396,19.267069983391934,19.581829338558396,6790400
2015-10-30,19.583738327026367,19.654319734573615,19.368175116975266,19.42731120554875,8811200
2015-11-02,19.501710891723633,19.648597827335383,19.34528521966403,19.60281509428075,6752400
2015-11-03,19.5169677734375,19.549398599032973,19.33574345258764,19.41014092791814,5094800
2015-11-04,19.690561294555664,19.70963730754498,19.476906165018416,19.518874266838814,6002800
2015-11-05,19.476905822753906,19.74588240401804,19.465460506242742,19.656223543596663,6332400
2015-11-06,18.855024337768555,19.280426696390148,18.589863741933346,19.20030654270044,12281200
2015-11-09,18.868366241455078,18.940855646801083,18.74437001868994,18.814951386804054,8559600
2015-11-10,18.885541915893555,18.98473806133552,18.816867101585053,18.862649825988534,6746400
2015-11-11,19.02289581298828,19.045786452623084,18.841670001907033,18.902714133277996,6978800
2015-11-12,19.215564727783203,19.379619629404345,18.975202851490113,19.019077542668075,13194000
2015-11-13,19.15833282470703,19.394878594933402,19.118272759577234,19.22891567588232,9647200
2015-11-16,19.480722427368164,19.492167744190034,19.103010962774892,19.171685774519123,6516800
2015-11-17,19.219377517700195,19.661947740784818,19.17359479266567,19.465462029796463,9685600
2015-11-18,19.01907730102539,19.316668676838095,18.799700937109368,19.21937910462586,19225200
2015-11-19,19.26516342163086,19.314762230922945,19.005725511281717,19.047693622574496,9274800
2015-11-20,19.270889282226562,19.433039094683426,19.185046462437573,19.259443961029916,7048400
2015-11-23,19.169780731201172,19.331929051602636,19.120183380287518,19.267070305604747,7028800
2015-11-24,19.110187530517578,19.206305561030245,18.964087713477795,19.08904144647321,6792800
2015-11-25,19.00830078125,19.083272726121137,18.94101845465343,19.0659721849869,4389200
2015-11-27,19.10249900817871,19.165935797307057,19.035215209643308,19.05443999016476,2899600
2015-11-30,19.196691513061523,19.319722464158428,19.08135017973876,19.085194255303513,9398000
2015-12-01,19.333181381225586,19.40815333072862,19.156324549918164,19.229373728072584,7768800
2015-12-02,18.837209701538086,19.30626612222435,18.82183193253686,19.267819499754335,11379600
2015-12-03,18.535396575927734,18.84105260839612,18.491183112936003,18.739167753121468,10688800
2015-12-04,18.866052627563477,18.898732415844076,18.53540626776045,18.63921394816223,14046400
2015-12-07,18.948705673217773,18.975618600448083,18.78722810983592,18.84297526863832,11292400
2015-12-08,19.09673309326172,19.123647496044185,18.856437973002365,18.904496997054235,10960000
2015-12-09,18.9852352142334,19.187082213385317,18.839135386291392,18.99100206183133,13261200
2015-12-10,18.762237548828125,19.029445531912522,18.741091466715435,19.029445531912522,7222400
2015-12-11,18.725717544555664,18.787233032435203,18.514256679990137,18.623831188608218,7646800
2015-12-14,18.835290908813477,18.91410693538077,18.66035537996403,18.739172873176155,12201200
2015-12-15,18.9775447845459,19.083273741496168,18.844901428880227,18.931408539088412,10289600
2015-12-16,19.92527198791504,19.977175089407798,19.108268565802252,19.108268565802252,17483600
2015-12-17,19.879131317138672,20.07521144954841,19.802236601169174,19.925267560062483,9756400
2015-12-18,19.629226684570312,19.87721140930669,19.360095873230023,19.869521789937547,18991200
2015-12-21,19.665748596191406,19.79262362714607,19.511959168794274,19.75802107931395,9476000
2015-12-22,19.783016204833984,19.856065389117784,19.513885392593497,19.733034412089836,6698800
2015-12-23,19.98870849609375,20.052145288644557,19.800316489991427,19.815695728580376,6444800
2015-12-24,19.979093551635742,20.02138571902721,19.898354759330974,19.96371431501253,2211200
2015-12-28,19.990629196166992,20.006008434290678,19.857987300623584,19.931036481743792,6536800
2015-12-29,20.11750602722168,20.242459772313968,20.08290347422143,20.11750602722168,4443200
2015-12-30,20.1674861907959,20.234768519908865,20.08097908195513,20.117504403464217,5638400
2015-12-31,19.97140884399414,20.169411797608582,19.806085676255947,20.167490492541805,5744800
2016-01-04,19.90989112854004,19.925270367229583,19.67344010028431,19.775326456618846,7716400
2016-01-05,20.104045867919922,20.173250961209924,19.646523143764377,19.932955905798696,8915200
2016-01-06,20.038686752319336,20.121348317893045,19.89643247667322,19.971404423746495,6983200
2016-01-07,20.127120971679688,20.196326091504154,19.806087006554915,19.836845489430317,12870800
2016-01-08,20.217472076416016,20.357805087174334,20.136733259256797,20.15980212129308,14382000
2016-01-11,20.29628562927246,20.49236578507414,20.20593443722795,20.246303837932857,16397200
2016-01-12,20.257835388183594,20.392401509595025,20.057909710641123,20.332807333931427,8618800
2016-01-13,20.11174201965332,20.355881229944174,19.942573307031218,20.315511823517106,10292800
2016-01-14,20.317426681518555,20.52504048132767,20.065596482402828,20.14825803478838,9981600
2016-01-15,20.234773635864258,20.35588185888738,20.00793496418553,20.269376194820172,15260000
2016-01-19,20.72496795654297,20.807629516211666,20.209775286975322,20.273213535088555,15298400
2016-01-20,20.244382858276367,20.67306999890503,19.867600285037216,20.54234939458573,13866000
2016-01-21,20.192474365234375,20.334728628031943,19.965635773216537,20.267446305536108,8786400
2016-01-22,20.49236297607422,20.507742212323656,20.186708355501278,20.338575013513918,9400400
2016-01-25,20.457763671875,20.575027800243625,20.275139979049072,20.51543508363315,8533200
2016-01-26,20.484670639038086,20.709587906060147,20.350106006327877,20.49236025614217,12272000
2016-01-27,20.517353057861328,20.723045560625465,20.417389496406194,20.546187290353593,10999600
2016-01-28,20.819169998168945,20.90951973223892,20.286675185436042,20.330890133295846,14686000
2016-01-29,21.474689483642578,21.503525185161887,20.915283327404687,21.02870189563068,24626400
2016-02-01,21.71883201599121,21.80726043293512,21.297834549835674,21.461234917376483,15117200
2016-02-02,21.897615432739258,21.928372446895327,21.530443768062128,21.540056159973762,11020400
2016-02-03,22.0590877532959,22.205187568684135,21.85339522898978,21.939900868815396,13532000
2016-02-04,21.82263946533203,22.099459893778775,21.63617169707296,21.899534191750007,11712800
2016-02-05,21.839941024780273,21.941825911857674,21.572732992641274,21.780348309692332,11007200
2016-02-08,21.947593688964844,22.032178036525636,21.684231188569573,21.845708797572954,10296800
2016-02-09,22.174428939819336,22.28977028099311,21.847628228719515,21.916833326752723,13775600
2016-02-10,21.864925384521484,21.93797601371528,21.4170165545364,21.649621972104825,13794400
2016-02-11,21.511219024658203,21.907224905524284,21.50737348149048,21.72844528099489,13052800
2016-02-12,21.466997146606445,21.59387363056426,21.26130465289913,21.553504240208007,11447200
2016-02-16,21.59772300720215,21.71498713177294,21.378573996250648,21.616946321617306,9395200
2016-02-17,21.42086410522461,21.582341690736254,21.39010563180635,21.580420386131163,10793200
2016-02-18,21.97834587097168,22.06485149863679,21.470842864275436,21.499677095734118,13084800
2016-02-19,22.0590877532959,22.19365240783458,21.838015992286863,22.011028738582837,13488000
2016-02-22,22.24172019958496,22.401276543391262,22.059096458266158,22.12637881208649,10462000
2016-02-23,22.32244873046875,22.403187512516777,22.07830814668531,22.170582088057724,9229200
2016-02-24,22.46772003173828,22.489025746537415,22.169441502266825,22.208179837227238,13355200
2016-02-25,22.436723709106445,22.657528468441047,22.297270171544184,22.53937916259229,8776400
2016-02-26,21.793682098388672,22.43091313460937,21.729766448372196,22.332133731076638,9756800
2016-02-29,21.851789474487305,22.06871966678796,21.702650983210383,21.764630827051135,10503600
2016-03-01,21.809179306030273,22.026109510776838,21.685219611236842,21.96994004318042,9832800
2016-03-02,21.762693405151367,21.85953700290383,21.177757247205495,21.739450409713005,11023600
2016-03-03,21.619367599487305,21.797559483700397,21.297846111361945,21.785938723600122,13735600
2016-03-04,22.136512756347656,22.184934561796563,21.43149138722889,21.53995575856524,11726400
2016-03-07,22.16750144958496,22.221735111761177,21.98156189812939,22.091963552984765,8543200
2016-03-08,22.361188888549805,22.409610693399603,22.113269484153438,22.17524933525253,8272400
2016-03-09,22.518081665039062,22.547135050103204,22.33988825958006,22.33988825958006,7436400
2016-03-10,22.407676696777344,22.655596121217503,22.182998794805744,22.62848002652663,6253200
2016-03-11,22.432857513427734,22.54132190190038,22.345698840935995,22.521953472204043,6350000
2016-03-14,22.436723709106445,22.616852857554875,22.328259353986017,22.512263073812182,6013600
2016-03-15,22.39024543762207,22.59749073261797,22.332140150203916,22.43866724932874,9315600
2016-03-16,22.684642791748047,22.762116480681104,22.165561096230732,22.37861669622843,7542000
2016-03-17,22.919010162353516,22.961621589168367,22.566499464680145,22.715637980815835,8162800
2016-03-18,22.95193862915039,23.025539250582415,22.771809431433212,22.99842315438554,21650800
2016-03-21,22.771806716918945,22.930630180446535,22.585867160426858,22.829913474823577,6316800
2016-03-22,22.66915512084961,22.88608536520573,22.607175262135918,22.7311349795633,5932000
2016-03-23,22.7950496673584,22.87446066009593,22.5490660674947,22.603298253308868,6684000
2016-03-24,22.948060989379883,22.975177080206194,22.715635453805056,22.756309590044523,9832000
2016-03-28,22.773744583129883,23.029411664534848,22.731133156609676,22.922883098234333,5526400
2016-03-29,23.050716400146484,23.073957920741748,22.696268433906607,22.845406942685653,5559200
2016-03-30,22.95193862915039,23.120447064987886,22.874463435280862,23.077835634473825,5168000
2016-03-31,22.920949935913086,23.0100473770574,22.826043591044712,22.901581505205577,8025600
2016-04-01,22.992610931396484,23.046843119445427,22.75050189352349,22.872524316633612,8320800
2016-04-04,22.99454689025879,23.083642833727648,22.843471095780455,23.054589455316535,5239600
2016-04-05,22.535511016845703,23.0294140904986,22.49677415831923,22.91320203720275,8802800
2016-04-06,22.60523223876953,22.611042618156088,22.386366241485128,22.52969435131226,6557200
2016-04-07,22.5045166015625,22.721445323301065,22.46577827431198,22.539380357229927,5359600
2016-04-08,22.624603271484375,22.746627163536775,22.465779813168403,22.465779813168403,4268800
2016-04-11,22.51226234436035,22.783423223375152,22.473524020418264,22.673021586143136,4226000
2016-04-12,22.671091079711914,22.711765221075503,22.48127694229886,22.56068941666323,5726400
2016-04-13,22.560697555541992,22.775689100961237,22.42124246186271,22.736952231702258,4754400
2016-04-14,22.49677276611328,22.647848573820248,22.274032149079222,22.500645860639672,6168000
2016-04-15,22.744688034057617,22.777614503520052,22.496768653631637,22.56455887832373,6431600
2016-04-18,22.810546875,22.810546875,22.558754335606658,22.744693919036287,5816000
2016-04-19,22.874460220336914,22.932566977001414,22.70401599995256,22.870587126160178,7352000
2016-04-20,22.372806549072266,22.9170670513588,22.359248505596955,22.866707970857966,5898800
2016-04-21,21.86922836303711,22.322455824043505,21.778195118035878,22.318582729193363,9754800
2016-04-22,22.16556739807129,22.182998539722266,21.933141832044065,21.97381597361266,6966800
2016-04-25,22.17137336730957,22.17137336730957,22.0512867748693,22.140382706918782,4530800
2016-04-26,22.37474822998047,22.397991229631646,22.11908114468268,22.219799332121497,7878000
2016-04-27,22.640100479125977,22.858966519780477,22.351506916583684,22.40573910522612,10262400
2016-04-28,22.558752059936523,22.80279838507008,22.29921040165118,22.428981969652003,8615200
2016-04-29,22.773744583129883,22.806671057180488,22.303084560802986,22.508392549255316,9361200
2016-05-02,22.866714477539062,23.00229642858768,22.715638670764132,22.82216724103688,7651600
2016-05-03,22.936443328857422,23.039097332857352,22.74663065519774,22.92094799451725,5263200
2016-05-04,23.13787078857422,23.32768487880424,22.80472859615986,22.858960771163883,6705600
2016-05-05,23.019723892211914,23.32768731488201,22.84734239892645,23.130125539346608,8386400
2016-05-06,22.949995040893555,23.06814434661475,22.75824513395096,23.060396681583654,5848800
2016-05-09,23.02747344970703,23.066210302590473,22.88027074886076,22.97905164474462,4924800
2016-05-10,23.164987564086914,23.240525449759733,23.031344408205147,23.10300772256778,4637200
2016-05-11,23.182424545288086,23.310257345994156,22.95193627355366,23.197918400298697,5758800
2016-05-12,23.4652099609375,23.511694485845457,23.10107699562871,23.217290524473203,7977200
2016-05-13,23.38966941833496,23.500071076124353,23.18435995750209,23.41872279727243,5877200
2016-05-16,23.529117584228516,23.53492796277605,23.205658893829664,23.308312855411582,5292800
2016-05-17,23.199857711791992,23.492325862251715,23.037161137104288,23.455524813241517,8535200
2016-05-18,22.85896873474121,23.39935634287529,22.74082087101707,23.085583941692985,9197200
2016-05-19,22.934507369995117,22.942253559398004,22.56456402305996,22.686586455326925,8242800
2016-05-20,23.112695693969727,23.12237916807886,22.829912537721512,22.97130337698753,8964400
2016-05-23,22.853153228759766,23.14562132622403,22.829911709567984,23.135936374750038,4948400
2016-05-24,23.22116470336914,23.256028468107004,22.87059124741139,22.903517725853686,7466000
2016-05-25,23.068147659301758,23.236656073065618,23.021663140155812,23.16499126952361,5688000
2016-05-26,23.37837791442871,23.393987270504542,23.062295152548657,23.064246694205668,4618800
2016-05-27,23.382274627685547,23.43105273879663,23.259354323577952,23.393982386593283,4366800
2016-05-31,23.43691062927246,23.583244983002356,23.306184141945334,23.382277886797677,13375600
2016-06-01,23.44276237487793,23.57543890726771,23.337401467810466,23.436909239250284,6606800
2016-06-02,23.376422882080078,23.452516620849387,23.159847936785926,23.380325964811274,5515600
2016-06-03,23.764699935913086,23.87591398658354,23.53836875148056,23.5793421924023,7846400
2016-06-06,23.75493812561035,23.94029433690408,23.641772560029693,23.8193255841569,5638800
2016-06-07,23.63007164001465,23.89737626296569,23.622266962491622,23.809574757274167,6731600
2016-06-08,23.983224868774414,23.99688268236637,23.575440513964608,23.602756141148518,7323600
2016-06-09,24.190046310424805,24.22126353365486,23.973471335090263,23.99298228568281,5551600
2016-06-10,24.160776138305664,24.359790191366677,24.022246471143504,24.1783355450802,5889600
2016-06-13,24.113950729370117,24.260285089617064,24.06907569250484,24.168583474277987,4673200
2016-06-14,24.385156631469727,24.392959820142803,23.9754192624042,24.139314507748406,6342400
2016-06-15,24.16272735595703,24.328574144858003,24.059317985948656,24.31686638452064,7671200
2016-06-16,24.359792709350586,24.402717692911903,24.162728688723664,24.22711616406564,6134800
2016-06-17,24.408573150634766,24.433938728019047,24.14126998163592,24.394915335347164,11624400
2016-06-20,24.24077033996582,24.40856716583684,24.039804754899098,24.36954527132305,6514000
2016-06-21,24.246623992919922,24.38320360381369,24.110045870616037,24.299305189087054,7440400
2016-06-22,24.123708724975586,24.297358726166728,24.09444155305333,24.271994637748875,5465200
2016-06-23,24.156877517700195,24.156877517700195,23.992983736504236,24.14126964943644,5585600
2016-06-24,24.15492820739746,24.406622023604683,23.657390734655213,23.82908919955857,16309600
2016-06-27,24.950977325439453,25.017316326538115,24.164674460852105,24.164674460852105,13596000
2016-06-28,25.064149856567383,25.083659317765633,24.640754654351976,24.88269370662503,10236400
2016-06-29,24.925617218017578,25.226089101919445,24.835865663417156,25.138289088759674,9655200
2016-06-30,25.44266700744629,25.44852014385737,24.85537949581908,24.9685450950671,12484800
2016-07-01,25.31194305419922,25.612417962669195,25.087564876606248,25.612417962669195,6346800
2016-07-05,25.534364700317383,25.622167682228103,25.26901165628101,25.30998657965132,10086000
2016-07-06,25.538272857666016,25.750944750253016,25.261213488233555,25.495347873102375,9991600
2016-07-07,25.038782119750977,25.522660182509153,24.96854151570706,25.46217579681186,7687600
2016-07-08,25.350963592529297,25.360719812155896,24.71294791403678,24.991957336840134,7956400
2016-07-11,25.304136276245117,25.313892495013633,24.991955138732415,25.24950502375739,5507600
2016-07-12,24.843671798706055,25.362671696722895,24.830013984999823,25.179265493876333,9178400
2016-07-13,25.007564544677734,25.081708234854744,24.85928014150369,24.949031697716396,8285600
2016-07-14,24.826107025146484,24.993905335118978,24.689528909411663,24.83391170155845,9823200
2016-07-15,24.892452239990234,25.03098044294274,24.796846046536253,24.884647561631326,5394000
2016-07-18,25.023176193237305,25.105123079649434,24.894401238655277,24.923668409113933,8186400
2016-07-19,24.9919490814209,25.034874051854647,24.828055363680722,24.956830274981968,6388800
2016-07-20,24.82025909423828,25.10122006103112,24.8085528214607,25.08561368211452,6747200
2016-07-21,25.025121688842773,25.06414656046745,24.660262361153773,24.779281074377735,6518000
2016-07-22,25.327556610107422,25.393894154650297,24.92562528152531,24.976353466673235,6752800
2016-07-25,25.265113830566406,25.32559821756786,25.097316993797904,25.2280419863578,5101600
2016-07-26,25.05828857421875,25.288522795433547,24.97439165629454,25.245597821599933,7142000
2016-07-27,24.812454223632812,25.109026032811098,24.496372952370052,25.005616654504635,9644000
2016-07-28,24.86123275756836,24.993910796975726,24.691485846430687,24.783187464983495,7392800
2016-07-29,25.030982971191406,25.073907962205936,24.831968863003535,24.831968863003535,9340000
2016-08-01,25.071950912475586,25.132435298250293,24.954883735115864,25.013416579500763,8235600
2016-08-02,24.902202606201172,25.03683216784946,24.748063584960853,24.925616637173473,6613200
2016-08-03,24.9919490814209,25.06414270106634,24.790983527653463,24.894392871740425,20291600
2016-08-04,24.867082595825195,25.05048878578548,24.789038802181622,24.943176336640644,9086000
2016-08-05,24.58222007751465,24.810502802448557,24.449543536217437,24.736359109947443,7072800
2016-08-08,24.58222007751465,24.781235633755486,24.502224737582967,24.63099819580642,7976400
2016-08-09,24.597827911376953,24.70318881900193,24.515881034976392,24.588071692885958,6860800
2016-08-10,24.65636444091797,24.68953320499729,24.517834759830745,24.621244135248666,4592400
2016-08-11,24.783187866210938,24.796845680990142,24.603684732372788,24.656365938371263,6036000
2016-08-12,24.73830795288086,24.91781105135168,24.726601682116637,24.83781572014637,6001600
2016-08-15,24.451492309570312,24.837815617684594,24.443687632896403,24.802695316946934,4743200
2016-08-16,24.19199562072754,24.430033080982682,24.19199562072754,24.430033080982682,6435200
2016-08-17,24.545150756835938,24.584172657681933,24.000786755070738,24.190046100213024,8080000
2016-08-18,24.771480560302734,24.787089916139617,24.447594613932996,24.447594613932996,10607600
2016-08-19,24.40467071533203,24.693436368209735,24.271994161996545,24.693436368209735,9796400
2016-08-22,24.396867752075195,24.525641231035067,24.336383352002393,24.476863104888547,6145200
2016-08-23,24.246623992919922,24.531489485593543,24.23686926337815,24.451492664965635,4941600
2016-08-24,24.22321319580078,24.287600667491436,24.088585116554864,24.184189809053414,4933200
2016-08-25,24.293460845947266,24.35979838976382,24.201757721244032,24.260290585448562,4957600
2016-08-26,23.89655303955078,24.546919183552056,23.87100898012494,24.35239907233396,7512400
2016-08-29,24.038021087646484,24.20503486280228,23.89458759722843,23.945674216654833,8560400
2016-08-30,23.817960739135742,24.15591587140294,23.784558580474712,24.022305737694158,6802400
2016-08-31,23.7629451751709,23.90637868022663,23.700069906023593,23.808135978492423,8194000
2016-09-01,23.77473258972168,23.821888664376434,23.621474222795296,23.72561124139581,8328800
2016-09-02,24.193248748779297,24.30328160117775,23.835645351380027,23.973186042111905,9426000
2016-09-06,24.617650985717773,24.617650985717773,24.277730652619322,24.3150633507979,9724000
2016-09-07,24.57246208190918,24.94578461798515,24.446711553829942,24.94578461798515,9802400
2016-09-08,24.635330200195312,24.711959359170685,24.417231363399527,24.417231363399527,6993600
2016-09-09,23.74722671508789,24.47225835593497,23.72561320011499,24.43296037459119,10747200
2016-09-12,24.22468376159668,24.28166470422833,23.705962455163572,23.774732041420886,10174000
2016-09-13,23.880834579467773,24.210930095998517,23.79241525416256,24.128406591631972,7679200
2016-09-14,23.99086570739746,24.15198366648412,23.87690382195299,23.971217468301926,7883600
2016-09-15,24.114654541015625,24.175564537182623,23.857257639759116,23.97121953502904,5134400
2016-09-16,24.23058319091797,24.27381022540988,23.916206802428892,24.020343840578565,13406000
2016-09-19,24.50958824157715,24.539061351228117,24.25022757496497,24.29541987630507,4990400
2016-09-20,24.574426651000977,24.710002044194578,24.529234353581607,24.529234353581607,8329600
2016-09-21,25.118688583374023,25.124584403594735,24.570495728933967,24.59603828696619,7809600
2016-09-22,25.15602684020996,25.32107386530664,25.089222520260744,25.23069225552345,6233200
2016-09-23,24.90452003479004,25.089216757746673,24.374010148467594,24.670701970541902,9808400
2016-09-26,24.802356719970703,24.949720793846062,24.719831699311193,24.86523199819493,5540800
2016-09-27,24.91238021850586,25.26605298473101,24.86522414948872,24.971324930011182,9823200
2016-09-28,24.851478576660156,25.042068190149298,24.623554751607713,25.01652562316166,6843200
2016-09-29,24.30524253845215,24.74537089853285,24.116616740873813,24.735546029247324,11084800
2016-09-30,24.03409194946289,24.537094049423214,23.924060614862697,24.4231336667578,12255200
2016-10-03,23.800275802612305,24.104828770194295,23.625403917711047,24.06160174263405,6773600
2016-10-04,23.36211585998535,23.802242764509515,23.204926930265785,23.802242764509515,9205200
2016-10-05,23.2913818359375,23.607723481645035,23.265839271034547,23.395518868549647,8268800
2016-10-06,23.191171646118164,23.403376239028017,23.090963671844403,23.208856111726305,10979600
2016-10-07,23.92013168334961,24.21879032467147,23.513406973693403,23.556634000652984,19343200
2016-10-10,24.124479293823242,24.155917680139176,23.823856845234765,23.943713069700923,8225600
2016-10-11,23.804208755493164,24.065534721922074,23.731508610971392,24.000694174029526,7655600
2016-10-12,24.163774490356445,24.195211373982577,23.81599450239711,23.841537064034878,7682400
2016-10-13,24.48797607421875,24.594078375357388,24.073391739776273,24.15395147731411,8133200
2016-10-14,24.370084762573242,24.568535443155085,24.342576925549782,24.432960032778965,5538000
2016-10-17,24.37598419189453,24.456543945101657,24.28953161416457,24.432965151685302,4531600
2016-10-18,24.58228302001953,24.649087321538385,24.299343627553103,24.562634784223654,5262800
2016-10-19,24.478151321411133,24.633374966218554,24.389731992587738,24.541026589010944,6226400
2016-10-20,24.389726638793945,24.680525624525124,24.346501119797527,24.4781459482084,7426000
2016-10-21,24.307201385498047,24.401515008883763,24.146083465639936,24.27183396411143,4504800
2016-10-24,24.438858032226562,24.470296421592018,24.26398611380972,24.40545586782445,5948000
2016-10-25,24.66284942626953,24.67856861975181,24.344544003109736,24.39170008449178,5546800
2016-10-26,24.796457290649414,24.859332559727147,24.53316756984412,24.672672026264568,5264000
2016-10-27,24.584251403808594,24.835752451571015,24.42902777297237,24.72768489242412,6072400
2016-10-28,24.7041072845459,24.845575497772444,24.54298933422879,24.62551283337706,7975200
2016-10-31,25.150131225585938,25.240515828854768,24.711968123551742,24.963470695021897,12201200
2016-11-01,24.735546112060547,25.20514608344085,24.649092059065147,25.187463117545207,6615200
2016-11-02,24.301315307617188,24.41920625253737,24.008552469601376,24.226651392282832,24144400
2016-11-03,24.332752227783203,24.440819801900634,24.153951285865368,24.305244390565072,8894000
2016-11-04,24.203073501586914,24.501730673068963,24.197179178981933,24.448680270559397,8741600
2016-11-07,24.493867874145508,24.49583164859373,24.12840495213832,24.32489032960178,11381600
2016-11-08,24.59407615661621,24.645162778273775,24.383836847140916,24.503693056184872,8492000
2016-11-09,23.085067749023438,23.80813403471623,22.827672371195128,23.80813403471623,28179200
2016-11-10,22.60761070251465,22.97307368354638,22.07513542347834,22.947531120014055,29856000
2016-11-11,22.308950424194336,22.699955914145992,22.157655840767926,22.509364853994654,16962000
2016-11-14,22.485790252685547,22.509367541910144,21.70967200264127,22.185167822554536,26612000
2016-11-15,22.601713180541992,22.662623169069832,22.35021213222312,22.458279691609118,17999600
2016-11-16,22.456315994262695,22.713711382239257,22.238217085694984,22.650836115746333,16990000
2016-11-17,22.552589416503906,22.623324266140568,22.37771756575337,22.38164811243559,8694400
2016-11-18,22.417015075683594,22.7235332713167,22.293229832622632,22.7235332713167,12270400
2016-11-21,22.468107223510742,22.523122900639223,22.33842762728858,22.485791690624765,9200000
2016-11-22,22.537403106689453,22.715595998362016,22.48988399520524,22.537403106689453,10324800
2016-11-23,22.456228256225586,22.5374056144592,22.319614949539876,22.353273191001758,9386000
2016-11-25,22.72153663635254,22.802712479021405,22.54928324743464,22.555222759025366,4609200
2016-11-28,23.02644157409668,23.097718726318337,22.769051689901005,22.81854962835731,18561200
2016-11-29,23.218488693237305,23.467958687191224,23.002678440219103,23.026437990781325,12683200
2016-11-30,22.61659812927246,22.96506251954703,22.602738767279238,22.94328330633522,13353200
2016-12-01,22.363170623779297,22.555222889294615,22.29981331551668,22.476025876327,12088800
2016-12-02,22.652238845825195,22.751234729579927,22.493844827594703,22.511663361603045,8462800
2016-12-05,22.76905059814453,22.848247597988635,22.408705683883138,22.632435811177384,10162800
2016-12-06,22.719552993774414,22.891806357658506,22.664115546241277,22.7334123556577,11771600
2016-12-07,23.299673080444336,23.303632251458488,22.729457289288657,22.77301421267403,10788800
2016-12-08,23.139293670654297,23.289766295523602,23.03435678651105,23.12147362974054,8990000
2016-12-09,23.064058303833008,23.24027083872577,22.915564492818397,23.163054177842746,11916000
2016-12-12,23.254135131835938,23.321453125927444,22.93932891079596,22.984866176584866,16726000
2016-12-13,23.564979553222656,23.596658961157406,23.26007355991591,23.266013071264346,9606800
2016-12-14,22.972980499267578,23.844144425098797,22.967040988976798,23.697630965883707,10513600
2016-12-15,23.170982360839844,23.174943043136423,22.739360134532603,22.96309185700053,10830800
2016-12-16,23.541221618652344,23.598639412886396,23.188796511784386,23.21255455728998,15695200
2016-12-19,23.604576110839844,23.697632472798244,23.424402897591513,23.66001355782175,5144400
2016-12-20,23.620420455932617,23.73921522432428,23.51350471121289,23.608539921703247,6166000
2016-12-21,23.481822967529297,23.719413991263067,23.46400443379184,23.578838509178013,6073200
2016-12-22,23.541221618652344,23.56497966415794,23.394708132657676,23.489743335794692,5002800
2016-12-23,23.606557846069336,23.61249735708875,23.46994305039393,23.53923986321579,3570400
2016-12-27,23.610517501831055,23.675855145501938,23.475883043914045,23.576859264991118,2621600
2016-12-28,23.49172592163086,23.69367688051621,23.456087339409038,23.624380056906407,5213200
2016-12-29,23.794649124145508,23.810488827044505,23.465982086498745,23.60655756153084,4048000
2016-12-30,23.652097702026367,23.907507277814002,23.580820540850407,23.800591536050057,5696000
2017-01-03,23.505584716796875,23.689717135388396,23.32343263899121,23.66793791841626,6101200
2017-01-04,23.574874877929688,23.72138833298146,23.477859354637285,23.606554279323042,8541600
2017-01-05,23.561017990112305,23.715451311719693,23.313528305342217,23.715451311719693,6155200
2017-01-06,23.49172592163086,23.586761133850743,23.365011298299372,23.444208315520918,8810000
2017-01-09,23.432327270507812,23.661998464390237,23.382829324642543,23.58478178968501,6061200
2017-01-10,23.477863311767578,23.503601696820066,23.23037361125702,23.388766113249424,6372800
2017-01-11,23.642194747924805,23.681792492287265,23.410543260677347,23.410543260677347,5600000
2017-01-12,23.660015106201172,23.74515162265414,23.53330050179078,23.67783363937268,6534000
2017-01-13,23.570919036865234,23.64417501945828,23.33926753549281,23.620416975615008,5775200
2017-01-17,23.802568435668945,23.81642779775189,23.596656834324403,23.640215261029983,6962000
2017-01-18,23.76495361328125,23.95106637378762,23.72733469090892,23.802572535653585,5786400
2017-01-19,23.616456985473633,23.80652889456622,23.53132046791117,23.634277029434603,4725600
2017-01-20,23.61250114440918,23.685757139474784,23.432327891616268,23.65605957961439,5106000
2017-01-23,23.517465591430664,23.743176120946025,23.493707542360127,23.665959440351696,9114800
2017-01-24,23.52340316772461,23.612500376079062,23.43628781070632,23.50954380338824,4850400
2017-01-25,23.564979553222656,23.578838916554783,23.384807829905032,23.410546215934033,6880400
2017-01-26,23.511520385742188,23.61843611234211,23.345208040291542,23.501620193988476,5508000
2017-01-27,24.03026008605957,24.12331494296279,23.626356720593904,23.751090983678225,12540400
2017-01-30,24.24408721923828,24.475738695995407,24.06391552682391,24.089653908438233,11280000
2017-01-31,24.49554443359375,24.612358864307147,24.186677725415635,24.24211518477504,8781200
2017-02-01,24.27775001525879,24.477720604106548,24.172813114194714,24.29754888903338,8219600
2017-02-02,24.444063186645508,24.455942209196827,24.178754945950796,24.345067303898414,5004800
2017-02-03,24.592554092407227,24.727188537388713,24.461880328177703,24.531177135765866,8227200
2017-02-06,24.52325439453125,24.715306603324155,24.457916764838565,24.630170103876484,4192800
2017-02-07,24.616313934326172,24.677690891688304,24.49949801968535,24.564835657845958,6258800
2017-02-08,25.006359100341797,25.030117144032804,24.598495060478772,24.598495060478772,8594400
2017-02-09,24.679670333862305,25.006357002218316,24.58661397572774,25.006357002218316,6426000
2017-02-10,24.842025756835938,24.857865459779422,24.600475573898045,24.649973512678525,4821200
2017-02-13,24.94696807861328,24.970727639631757,24.776695001041627,24.84797217353942,3542800
2017-02-14,24.94696807861328,24.964786616458913,24.65393953494929,24.752935440023155,6450400
2017-02-15,24.80638885498047,24.937062636691966,24.661854199339874,24.75887125349968,7062000
2017-02-16,24.984586715698242,24.98854588720985,24.79649359190822,24.847971884904794,4990000
2017-02-17,25.117238998413086,25.139018216502937,24.939046082476803,25.083580756113317,9351200
2017-02-21,25.394424438476562,25.439964722762305,24.94696410639181,25.030120290879342,6306800
2017-02-22,25.430063247680664,25.477579338641235,25.232071479039256,25.338987215372494,8544400
2017-02-23,25.574594497680664,25.669629693673894,25.38254225464129,25.49143832354729,7606400
2017-02-24,26.127838134765625,26.127838134765625,25.637042060122845,25.70687179706549,10271600
2017-02-27,25.910362243652344,26.149776674621776,25.772699859129204,26.149776674621776,7332800
2017-02-28,26.135820388793945,26.231584374460734,25.846531382659922,25.928331245802198,8994400
2017-03-01,25.818593978881836,25.9881756795598,25.658985344381435,25.848519265977508,9072000
2017-03-02,26.12384796142578,26.263504395734497,25.736797954711673,25.818597810621757,6120400
2017-03-03,26.095916748046875,26.13581815163573,25.898400690501408,26.07596452411147,5286000
2017-03-06,26.06399154663086,26.13382127845818,25.888421736972422,26.036060262756255,8208400
2017-03-07,26.065988540649414,26.159758513900584,25.984191728387685,26.010125966493224,7964400
2017-03-08,25.824586868286133,25.960252269972607,25.712861703536706,25.84054804100497,6328000
2017-03-09,25.68692398071289,25.972221946971292,25.678944916630307,25.86847889248589,5044400
2017-03-10,25.94827651977539,25.97022274696535,25.738790359195193,25.896405002909013,5922800
2017-03-13,26.028079986572266,26.06997538828919,25.82657290690022,25.95425920498284,5837200
2017-03-14,26.050024032592773,26.129826820613108,25.94228692005597,26.002140533211836,5369600
2017-03-15,26.31537437438965,26.461018902756486,26.010124241465803,26.10389420849802,8121200
2017-03-16,25.91636085510254,26.28944681340685,25.85251920592545,26.257524466677037,10442800
2017-03-17,25.982189178466797,26.291430319825878,25.954257897302313,25.960242954388892,18648400
2017-03-20,25.914358139038086,26.171724742863514,25.844528409574895,26.07995183221754,7566800
2017-03-21,26.305400848388672,26.403158822832076,25.854506194964355,25.980198498427836,9536400
2017-03-22,26.417131423950195,26.574743053635398,26.29143909461941,26.33732556235829,5535200
2017-03-23,26.35328483581543,26.558779967649016,26.289443195424298,26.433090691656997,6200400
2017-03-24,26.494935989379883,26.590699963657556,26.27946476404373,26.32934227793779,5728000
2017-03-27,26.155765533447266,26.554785584030558,26.063989582329295,26.544809473909698,8160000
2017-03-28,26.187686920166016,26.247540541401076,26.03805438921919,26.085937895063562,5511200
2017-03-29,26.046039581298828,26.141803560050942,25.980200894568625,26.046039581298828,4426800
2017-03-30,25.563220977783203,26.05201993974446,25.493391249953834,25.944282819338085,13592400
2017-03-31,25.611108779907227,25.792663688896056,25.501379145830835,25.54926114029797,9346000
2017-04-03,25.68093490600586,25.690911017760957,25.355732537337403,25.637042449708943,6970000
2017-04-04,25.844533920288086,25.920348723381597,25.619089604391448,25.722832652087426,5436400
2017-04-05,26.06399154663086,26.103892945840062,25.736795202264805,25.818595049426722,7146400
2017-04-06,25.8884220123291,26.026084428704443,25.81659827527595,25.948275633920336,6118000
2017-04-07,25.722835540771484,26.006142559636768,25.690916238663185,25.942297866855153,7067200
2017-04-10,25.822587966918945,25.864486422836062,25.65101222213302,25.722832927792876,4207600
2017-04-11,25.800643920898438,25.850521438799074,25.599136800239307,25.762736520208815,4214400
2017-04-12,26.038057327270508,26.044042385641184,25.637043195025246,25.65898942381172,5874800
2017-04-13,26.089929580688477,26.23557106194144,25.93829999731339,25.954261166315067,7746400
2017-04-17,26.11785888671875,26.18968261964418,26.030073986000833,26.0699753833413,4508400
2017-04-18,26.323354721069336,26.349292000002347,26.026083670537734,26.115862578168404,7822400
2017-04-19,26.235570907592773,26.333331925547267,26.10788460061226,26.321358765655166,8320000
2017-04-20,26.109878540039062,26.235570842198438,25.780688184446582,26.235570842198438,8054800
2017-04-21,26.53882598876953,26.800183650298564,26.187686375115746,26.187686375115746,10480800
2017-04-24,26.48495864868164,26.5567823871273,26.221603926286985,26.459021368490184,9744400
2017-04-25,26.518875122070312,26.534836291168283,26.30739495901525,26.457027494491765,5167200
2017-04-26,26.500919342041016,26.700429384777802,26.46500595132193,26.53483568399247,5967200
2017-04-27,26.638580322265625,26.774245682756384,26.46101651557537,26.467001572992228,5624000
2017-04-28,26.64656639099121,26.758291551193576,26.548808397955288,26.604670978056472,6652800
2017-05-01,26.542818069458008,26.798193756874017,26.49094654779337,26.76228036165847,7204000
2017-05-02,26.73833656311035,26.742324572049945,26.54880263290403,26.58271897458039,6858400
2017-05-03,26.606658935546875,26.784222748570603,26.568751541033674,26.70641395509462,6574400
2017-05-04,26.802181243896484,26.834103584736486,26.554790713091425,26.556784717788183,7013200
2017-05-05,26.800182342529297,26.975752140788906,26.780230122079278,26.889961245991532,7312400
2017-05-08,26.923879623413086,26.96577807181718,26.768262033823568,26.834100713154772,5804800
2017-05-09,26.688467025756836,26.91989642893768,26.63260444109775,26.822138427925548,6190000
2017-05-10,26.768260955810547,26.826120570596473,26.618628429978816,26.698434270324658,7498800
2017-05-11,26.862030029296875,26.866021082252875,26.652543891187605,26.75030490078031,3581200
2017-05-12,27.043590545654297,27.099453121604935,26.86602670546505,26.879990827311673,6115200
2017-05-15,27.15930938720703,27.26105843664589,26.943838125793246,26.981745529784888,7712400
2017-05-16,27.113414764404297,27.29496964178488,27.09146853698157,27.159304268103867,5438000
2017-05-17,27.223148345947266,27.3667958393796,27.113417198980617,27.113417198980617,7484800
2017-05-18,27.320911407470703,27.478523034447026,27.077508861292877,27.259063768476423,8878000
2017-05-19,27.390731811523438,27.452582480576716,27.0535624040816,27.338860297520444,6914800
2017-05-22,27.602216720581055,27.648103179824076,27.33287693453533,27.40470067452874,8549600
2017-05-23,27.723913192749023,27.943372384017,27.608197018030452,27.636128298529332,7788800
2017-05-24,27.96133804321289,28.017200625164836,27.735893710436255,27.76781301134994,6207200
2017-05-25,28.269344329833984,28.30350024225468,27.976003874557346,28.074452367480188,4765200
2017-05-26,28.271345138549805,28.341665026933565,28.203030272924163,28.287415978455098,4430000
2017-05-30,28.25929832458496,28.33966788407287,28.176923741564533,28.235188989631197,11000400
2017-05-31,28.41802215576172,28.496380548751382,28.27336003550622,28.27336003550622,13267600
2017-06-01,28.51044273376465,28.51044273376465,28.273359470507675,28.39993958964793,6446400
2017-06-02,28.673194885253906,28.717394311091148,28.476291762286383,28.685249552826356,7339600
2017-06-05,28.500404357910156,28.659129258340467,28.488346624470093,28.610907521936003,4325600
2017-06-06,28.51447105407715,28.659133217489803,28.474287801081562,28.633012723439112,8223600
2017-06-07,28.647066116333008,28.727432587447904,28.418018301292758,28.51646676854085,5715200
2017-06-08,28.420034408569336,28.647074198914,28.255282176564744,28.647074198914,6776400
2017-06-09,28.176923751831055,28.478302702003777,28.118655437957937,28.34971447256149,7172800
2017-06-12,28.012170791625977,28.301495098459995,27.757002400767437,28.176926103045258,8946400
2017-06-13,28.118661880493164,28.199031458424596,27.919753689907953,28.012174872296697,6944400
2017-06-14,28.359758377075195,28.568716168923974,28.24925521311209,28.359758377075195,5689200
2017-06-15,28.50441551208496,28.552637239989302,28.261304915139288,28.371811125471286,11065600
2017-06-16,28.699312210083008,28.765615947286516,28.514466821115,28.568715890787914,10408800
2017-06-19,28.60890007019043,28.76963612933568,28.55666215392699,28.74150754891916,9268400
2017-06-20,28.522502899169922,28.697301695159414,28.514464410972145,28.61894329704844,8612800
2017-06-21,28.3416748046875,28.602870497128347,28.213086580594556,28.554648763424083,6520800
2017-06-22,28.448163986206055,28.572736041472155,28.265326680765657,28.30752108424626,7685600
2017-06-23,28.75959014892578,28.998684620331375,28.403962108860934,28.448164602689804,11007600
2017-06-26,28.97859001159668,29.107178241990376,28.755569464187356,28.809818534039692,7911200
2017-06-27,28.584794998168945,29.002707587970022,28.53456516380515,28.845990750017844,9662800
2017-06-28,28.333635330200195,28.77766518464596,28.27938627076375,28.715380703633766,8363600
2017-06-29,28.122676849365234,28.20505450454849,27.9197494442951,28.166879344059396,11584000
2017-06-30,28.15481948852539,28.454187251507886,28.14276482233615,28.1749095769125,8531600
2017-07-03,28.052350997924805,28.490356655406018,28.052350997924805,28.29948393823768,4121200
2017-07-05,27.891620635986328,28.086509550008298,27.77709515545014,28.04431821091581,7705600
2017-07-06,28.042301177978516,28.090519835848784,27.72685648408306,27.83535153007562,6964400
2017-07-07,28.225141525268555,28.36176823921563,28.00413214163273,28.042307297967724,5514000
2017-07-10,28.335649490356445,28.492366303831357,28.182951921422898,28.255282994240957,6750400
2017-07-11,28.279390335083008,28.4340990482667,28.03426855370083,28.4340990482667,7593600
2017-07-12,28.285417556762695,28.578761070724163,28.261308222881095,28.502410759052324,6771600
2017-07-13,28.245241165161133,28.39593067005479,28.166882745247865,28.373829420038955,5557200
2017-07-14,28.46222686767578,28.556659177614478,28.39391504603907,28.460215712707928,5052800
2017-07-17,28.323589324951172,28.47628686424635,28.279386840931696,28.411994292990116,11244400
2017-07-18,28.428077697753906,28.5546547935572,28.327618030660577,28.38387519896998,5471600
2017-07-19,28.490352630615234,28.54259053627364,28.395920330005453,28.518481205321255,3773600
2017-07-20,28.827898025512695,28.906256423683732,28.530538343451443,28.59483398594305,6280000
2017-07-21,29.00672149658203,29.018776165359927,28.64506917010304,28.763610834133054,5413600
2017-07-24,28.761594772338867,29.014755036629914,28.75556743897813,29.014755036629914,8410400
2017-07-25,28.753555297851562,28.821867110170135,28.55464412762262,28.805793201544954,5401200
2017-07-26,29.23175048828125,29.2498324897573,28.588806266248167,28.655110004112274,7041600
2017-07-27,29.062963485717773,29.20360939011418,28.924331801375175,29.123239863918528,5680000
2017-07-28,29.15740203857422,29.28599024237999,29.022786502229476,29.052926230708948,4625200
2017-07-31,29.352294921875,29.51102285932881,29.18553156270244,29.199597382941135,6780400
2017-08-01,29.448741912841797,29.579338225497693,29.302068623248775,29.310107111717336,6042000
2017-08-02,29.482894897460938,29.5311135603451,29.209644566573182,29.366361352516257,6688000
2017-08-03,29.643619537353516,29.703895914817533,29.402517093281354,29.44471147724134,5674400
2017-08-04,29.484914779663086,29.601448371218083,29.350299182294208,29.525098036733706,5915600
2017-08-07,29.55321502685547,29.633584575246445,29.432665302946194,29.50097711973993,4819200
2017-08-08,29.60546112060547,29.651671702807818,29.474861731549684,29.535138136822713,4750800
2017-08-09,29.583358764648438,29.774231486033077,29.52509045094863,29.711946993708267,11042000
2017-08-10,29.6798095703125,29.79634317276229,29.49898336369617,29.509026879563297,5367600
2017-08-11,29.571300506591797,29.746102378803666,29.464813525000217,29.66372473167504,5086000
2017-08-14,29.74810791015625,29.810392396020045,29.611484272233714,29.65769484790929,3908000
2017-08-15,29.947023391723633,30.005288641944706,29.63358976259438,29.63358976259438,4777200
2017-08-16,30.133874893188477,30.174058138881442,29.892772353245558,29.934966753983502,5415200
2017-08-17,29.858612060546875,30.202185352253963,29.804363000638453,30.0233642634527,5450800
2017-08-18,30.123825073242188,30.258443683792244,29.746098925438936,29.836511984963686,5754800
2017-08-21,30.228309631347656,30.306668039758826,30.073600903946236,30.13789655484021,3898000
2017-08-22,30.306663513183594,30.37698648762233,30.141911297499433,30.252417514852482,5402400
2017-08-23,30.262771606445312,30.406361362583013,30.08278063899901,30.26075034555966,5781200
2017-08-24,30.19603729248047,30.335581460944,30.121210512363184,30.335581460944,5164400
2017-08-25,30.355812072753906,30.42659325781513,30.133349866228915,30.26682719014391,5036400
2017-08-28,30.513547897338867,30.517590419252695,30.343666314225757,30.396249958051435,3499600
2017-08-29,30.481199264526367,30.594451633375204,30.36390128653418,30.543892319718,5597200
2017-08-30,30.460975646972656,30.50546809182321,30.369969495558614,30.42052881144372,4246000
2017-08-31,30.438724517822266,30.541867480574503,30.37805581725653,30.537821871905038,6826000
2017-09-01,30.36794662475586,30.598496969540072,30.26682799834356,30.53782517651358,4287200
2017-09-05,30.388166427612305,30.426591996773652,30.19402040623286,30.37198707818146,4299200
2017-09-06,29.98166275024414,30.479167584365573,29.98166275024414,30.45692137052489,9138400
2017-09-07,30.232439041137695,30.517591137503373,30.02008937166947,30.022110632673957,7742400
2017-09-08,29.983686447143555,30.230416080369114,29.74100242200713,30.17581425769241,11796800
2017-09-11,30.61871910095215,30.659169020573934,29.933134931543176,29.9836942451748,9118000
2017-09-12,30.15963363647461,30.60860045265319,29.916946535701026,30.553995546389665,7717200
2017-09-13,29.967510223388672,30.171771793594814,29.941221482806938,30.143458705810165,5824800
2017-09-14,30.24457359313965,30.299178500677368,29.86032106521146,29.931105318904603,4588000
2017-09-15,30.35378646850586,30.412436995931973,30.173795449186542,30.357832077337576,9065600
2017-09-18,29.991783142089844,30.335585830995385,29.80572525263385,30.335585830995385,6562000
2017-09-19,29.91493034362793,30.1191888326318,29.87448351527704,30.024140174660047,7026800
2017-09-20,29.67629051208496,30.054473122664337,29.50640890350244,30.014026296199948,5489600
2017-09-21,29.68437957763672,29.89672928062944,29.62168653175876,29.676291446447205,5647600
2017-09-22,29.599437713623047,29.78144996540317,29.567079019917063,29.73695753303116,4904800
2017-09-25,29.692472457885742,29.7915667285098,29.492256483410166,29.569107620543374,6024800
2017-09-26,29.870439529418945,29.979649366384013,29.71067346869014,29.71067346869014,5562000
2017-09-27,29.577199935913086,29.809771555751706,29.467993170866926,29.69854352898283,6888800
2017-09-28,29.72685432434082,29.805726727969653,29.263729296295605,29.423498451015238,5395600
2017-09-29,29.63786506652832,29.777409241404598,29.593372631469357,29.718758719783665,5267200
2017-10-02,29.67629051208496,29.8663909050571,29.597418120416133,29.803697861153037,4581200
2017-10-03,29.70662498474121,29.722804332573666,29.44978285248047,29.601460766777787,4008400
2017-10-04,30.0463924407959,30.054480573735955,29.64798477526404,29.728878448247883,4390400
2017-10-05,29.882577896118164,30.046392676925944,29.741012424335988,30.040322719803427,6817600
2017-10-06,29.82392120361328,29.864368027889164,29.58123717206309,29.76931629359865,5110800
2017-10-09,29.9108829498291,30.00998029638519,29.868414862658643,29.923019774915673,4396400
2017-10-10,30.1394100189209,30.161656234614874,29.817853607803716,29.910880992782303,3512000
2017-10-11,30.309293746948242,30.487263503142984,30.05852154783239,30.05852154783239,5319600
2017-10-12,30.477148056030273,30.525686099146053,30.214239056136122,30.357828838335905,5221600
2017-10-13,30.44682502746582,30.794673417716414,30.42457880183714,30.61670361268694,4461200
2017-10-16,30.64297866821289,30.699604832278272,30.315352335098034,30.586352504147506,5396400
2017-10-17,30.875560760498047,30.913986331957016,30.5438917920722,30.63894354697737,5164400
2017-10-18,30.849267959594727,30.897806009262165,30.67332254413039,30.78657490745895,4298800
2017-10-19,31.118240356445312,31.134419704510016,30.78050456606925,30.87555630726495,5249600
2017-10-20,31.176904678344727,31.19308403357069,30.938263046132366,31.09196537783078,5750800
2017-10-23,31.22138786315918,31.2861021789509,31.009038131979185,31.14049111105008,4873200
2017-10-24,31.18903160095215,31.225432827825745,30.980727462564424,31.168806639869615,5718400
2017-10-25,31.116220474243164,31.182959130757318,30.610627396919504,31.132399823024954,7509200
2017-10-26,31.02116584777832,31.549005094917547,31.015098978285508,31.30632105752025,5894000
2017-10-27,31.516651153564453,31.710800264299998,31.019149264753153,31.021170526257276,5807200
2017-10-30,31.419574737548828,31.587432001070155,31.324522996929584,31.409462259332827,5413600
2017-10-31,31.360925674438477,31.460019932487405,31.20722341967699,31.364968196799094,5310800
2017-11-01,31.019147872924805,31.492382258870933,30.960497347087255,31.482269780013223,5747600
2017-11-02,30.307281494140625,31.29622175441455,30.005946810267552,31.041403870761677,15917200
2017-11-03,30.87151527404785,30.97263390001708,30.234469164799926,30.28300721618756,12337600
2017-11-06,30.71175193786621,30.968594134752067,30.669280753382782,30.922077340818827,5631600
2017-11-07,31.445863723754883,31.512602370879,30.723875429689738,30.80679342331923,7872000
2017-11-08,31.33059310913086,31.49642912852964,31.126334605967013,31.34475119727752,7970800
2017-11-09,31.39733123779297,31.470136766997577,31.164759648167458,31.213294610373627,4779600
2017-11-10,31.379133224487305,31.43171379986165,31.114202914196877,31.261835246287035,5143200
2017-11-13,31.706748962402344,31.751241394667733,31.314408288368362,31.415526891536096,4000000
2017-11-14,32.03437423706055,32.064711671430366,31.59956545081535,31.652146016803286,6055200
2017-11-15,31.824045181274414,32.21234022600931,31.75730653650666,32.12537971324493,5320000
2017-11-16,31.809898376464844,31.89484074421405,31.619797937590526,31.832144599276152,5458800
2017-11-17,31.557090759277344,31.809887254703764,31.52675641418406,31.75123982555851,4312000
2017-11-20,31.532827377319336,31.684505294268543,31.40946254809818,31.591477899974297,5787600
2017-11-21,31.59147834777832,31.728998179865265,31.50046912760266,31.64810452403708,5325200
2017-11-22,31.581905364990234,31.73861501321343,31.455725264191535,31.5920818807984,7773600
2017-11-24,31.75489616394043,31.83019678958533,31.642960703227363,31.667384961751658,2544400
2017-11-27,31.952306747436523,32.06627626189514,31.730473006405546,31.79966833940737,6070800
2017-11-28,32.11309051513672,32.23723656778903,31.966560473002506,32.05407168604356,4949200
2017-11-29,32.1090202331543,32.21484730616479,31.850551628373008,32.01336657088335,8354400
2017-11-30,32.16397476196289,32.33493219642978,32.02761811103908,32.17415128033219,13614800
2017-12-01,32.0479736328125,32.398024774885215,31.836313213893458,32.23520978466387,5712400
2017-12-04,31.742685317993164,32.147687034068035,31.651102889254858,32.084593880065924,5603600
2017-12-05,31.6755313873291,31.917718227675934,31.43334454698227,31.836309190135644,6810000
2017-12-06,32.11105728149414,32.2311321094093,31.706055501320066,31.854625819354432,7935600
2017-12-07,32.19245910644531,32.19245910644531,31.954343542199528,32.100876674879494,5808400
2017-12-08,32.36545944213867,32.36545944213867,32.031690127303534,32.25352394819816,5248000
2017-12-11,32.41022872924805,32.430581763403545,32.04186179126749,32.35731518805558,6435600
2017-12-12,31.966571807861328,32.44076598625682,31.9156923109535,32.32679641005337,7953600
2017-12-13,31.84444808959961,32.16396959812276,31.708091460567495,32.08052961394039,14412000
2017-12-14,32.151763916015625,32.408198512875074,31.66128803122369,31.897366486075615,8908000
2017-12-15,32.24333572387695,32.367481752915694,31.99911489285677,32.29421519306601,13972000
2017-12-18,31.820030212402344,32.39394917126249,31.771184790301326,32.28201368651259,7763200
2017-12-19,31.362119674682617,31.950286469802855,31.349905988204824,31.850561548912587,6260000
2017-12-20,31.268497467041016,31.614477358223375,31.23797101695689,31.362117089694745,8838800
2017-12-21,31.43944549560547,31.600226381649385,31.07311264084883,31.307160097844072,7148800
2017-12-22,31.451650619506836,31.620570826171715,31.402808317633035,31.52695434395608,4315200
2017-12-26,31.341751098632812,31.616501457581005,31.33971703794706,31.484212982539365,2894000
2017-12-27,31.604291915893555,31.61650559791598,31.366176356159606,31.469972468012543,4305200
2017-12-28,31.820030212402344,31.83427485295021,31.575806207334477,31.58598272511851,3426800
2017-12-29,31.787479400634766,32.00931329266293,31.750844542944364,31.92180203643545,4746400
2018-01-02,31.56359100341797,31.88514966456727,31.427234380315376,31.83630424962316,4766400
2018-01-03,30.89402198791504,31.71419898657042,30.88995075984629,31.360076675080247,11008000
2018-01-04,30.73528480529785,31.14435480845605,30.655912920940658,30.835006623462817,13629200
2018-01-05,30.875715255737305,30.92252352334832,30.649810165352935,30.808553947197296,10318000
2018-01-08,31.130098342895508,31.187083104616313,30.83499491309689,30.87570097612884,7225200
2018-01-09,30.90216064453125,31.250177658820157,30.794296393910546,31.250177658820157,6527600
2018-01-10,30.647769927978516,30.855359123995196,30.560258692713653,30.70882593921139,7042800
2018-01-11,30.629453659057617,30.751565679939898,30.480886414486402,30.629453659057617,7550400
2018-01-12,30.592815399169922,30.826859766327498,30.377083794174705,30.554146497279866,6386400
2018-01-16,30.637592315673828,30.747493753060308,30.338423771635934,30.61724238294725,7471600
2018-01-17,30.91029930114746,31.08735887843383,30.645725413009625,30.721026041430417,9304400
2018-01-18,30.686426162719727,30.946928804630204,30.57245664506345,30.946928804630204,7951200
2018-01-19,30.560256958007812,30.786162012939887,30.51548275934109,30.74749310450612,8988000
2018-01-22,30.531755447387695,30.792258104296504,30.446278304224176,30.621303817969466,7438800
2018-01-23,31.08126449584961,31.158602317863775,30.52769537134749,30.52769537134749,10592400
2018-01-24,30.7006778717041,30.981530474947384,30.54396821196145,30.9204744810469,7874400
2018-01-25,31.15656852722168,31.209485192413585,30.527698679724498,30.696618985071545,9845200
2018-01-26,32.09273910522461,32.40615531418194,31.484219448114715,31.516783058390924,14587200
2018-01-29,31.683666229248047,32.01336734984904,31.645000435536108,31.993014317001236,10057200
2018-01-30,31.56562614440918,31.846478722364687,31.400774044089978,31.64703205865553,7823200
2018-01-31,32.24131393432617,32.31458052206161,31.467945087215945,31.592091163505515,12930800
2018-02-01,31.817995071411133,32.48960491723421,31.681638419647605,32.27998168037294,8848000
2018-02-02,31.73250389099121,32.03778067649317,31.561549636414767,31.64295553704087,9291200
2018-02-05,31.400781631469727,32.212819330939055,31.311236346336518,31.75693802686968,14612400
2018-02-06,30.438138961791992,31.211507662198148,29.947660039866534,30.900125499749496,16941200
2018-02-07,30.138973236083984,30.666083994673883,30.09827026613714,30.448321397467605,11514800
2018-02-08,29.56911277770996,30.346552605648085,29.565044655837212,30.055520409046245,9683600
2018-02-09,30.141010284423828,30.354701652162667,29.53045642131278,29.709550109461162,9090800
2018-02-12,30.527694702148438,30.7617391193565,29.88864841726764,30.165432973451292,8123200
2018-02-13,30.745464324951172,30.898102817873365,30.171542100953445,30.482924378079673,6312400
2018-02-14,30.54397201538086,30.839072399636937,30.28143214054763,30.54397201538086,6436800
2018-02-15,31.42927360534668,31.431310772202043,30.495127017293854,30.57449888872114,8742000
2018-02-16,31.758974075317383,31.862767103221298,31.256284532220775,31.478118333952757,6546800
2018-02-20,31.303085327148438,31.771177082721408,31.18708174777678,31.663312852340063,7792000
2018-02-21,30.88588523864746,31.58395347315848,30.853324724392547,31.303097687825673,8582000
2018-02-22,30.997812271118164,31.237965018938734,30.796331528374466,31.038515231894085,5802400
2018-02-23,31.80171775817871,31.881089644467362,31.012070124327956,31.032420058630922,7286800
2018-02-26,31.69922637939453,32.04153569586185,31.592642156247287,31.922650406054647,7758800
2018-02-27,31.090456008911133,31.867309250136962,31.090456008911133,31.713578744251947,8176400
2018-02-28,31.186786651611328,31.465551361322404,31.106846932602863,31.223683590659917,10905200
2018-03-01,31.408157348632812,31.643879266718756,31.15193991222695,31.299521405809067,12315600
2018-03-02,31.33027458190918,31.684878697087438,31.0207618655907,31.402013599433403,8696800
2018-03-05,31.77506446838379,31.818107248921905,31.170391905949966,31.29952337521876,6870800
2018-03-06,31.4143123626709,31.889853517433508,31.330275404373847,31.68487952886097,10504800
2018-03-07,31.371265411376953,31.502448621539912,31.168340063676904,31.307723983780672,8304000
2018-03-08,31.629541397094727,31.705380785734217,31.348727982808686,31.47786261981575,6678800
2018-03-09,31.732009887695312,31.74840817549388,31.41840006172503,31.637723642420553,6500800
2018-03-12,31.645938873291016,31.768924536549786,31.471709704950317,31.709480319167756,8162400
2018-03-13,31.703323364257812,32.055878840642485,31.5721401493929,31.81605967257638,6522400
2018-03-14,32.38794708251953,32.476087546503436,31.984147971660935,31.996449041347912,12254000
2018-03-15,32.41457748413086,32.607253480651885,32.16040868247381,32.38588125875458,9372800
2018-03-16,33.00901794433594,33.14020120450743,32.43919036474833,32.471986961705106,31720000
2018-03-19,32.78147506713867,33.14223114099607,32.54985668170458,33.008996226390614,9596000
2018-03-20,32.881935119628906,32.94547657160042,32.695407992602064,32.81634505321353,6401600
2018-03-21,32.81223678588867,33.1975888890113,32.72819669911748,32.881927192045566,6814800
2018-03-22,33.183231353759766,33.66696998210964,32.75483656550721,32.85937214999845,14222400
2018-03-23,32.6912956237793,33.529638308442934,32.62980281473007,33.2016787452832,12314400
2018-03-26,33.08894729614258,33.22013364274324,32.77328875068502,32.80198498209025,6942000
2018-03-27,33.326725006103516,33.699779222042366,33.000817066457145,33.154547580741884,9727600
2018-03-28,33.261131286621094,33.50299910120815,32.80403702253069,33.44150627672933,13328400
2018-03-29,33.47840118408203,33.64032925528381,33.35336692872821,33.51939535535357,7818800
2018-04-02,33.281620025634766,33.76126145667665,33.006955676958576,33.60343063580569,8113200
2018-04-03,33.20577621459961,33.45174430176956,32.94545845124823,33.28161556683308,9571200
2018-04-04,33.27342224121094,33.34926160314342,32.888070207848294,33.144287649678915,6724400
2018-04-05,33.61573028564453,33.70386758938761,32.94956489888633,33.261126201667274,6187200
2018-04-06,33.35951232910156,33.64852636627647,33.252924993074856,33.52144038297963,5771200
2018-04-09,33.23243713378906,33.49685222965861,33.07460627086025,33.26728234005682,7316000
2018-04-10,33.164791107177734,33.35746715180984,32.986461614989096,32.986461614989096,7605200
2018-04-11,33.00901794433594,33.152502274107945,32.84708982930224,33.062313196304615,5022400
2018-04-12,32.60520935058594,33.15043770770556,32.51911753496526,33.00695656109513,6236400
2018-04-13,32.84092712402344,32.97825929773409,32.69334562709318,32.72819082391639,5483200
2018-04-16,33.230377197265625,33.339013145208966,32.94341490602933,33.00285597790885,6602800
2018-04-17,33.455848693847656,33.53578841001717,33.03155111195648,33.254975096641694,5316400
2018-04-18,33.38206481933594,33.851453889869134,33.36771513846807,33.601385366741596,4332800
2018-04-19,33.316471099853516,33.435356389876745,33.01311046910918,33.34516733346913,6535600
2018-04-20,32.95777130126953,33.49685397474603,32.824539439325044,33.353372786269965,6915200
2018-04-23,33.027469635009766,33.09920867582432,32.85734079840917,33.03566722083071,6576000
2018-04-24,33.24063491821289,33.58499288234492,32.71590195158808,33.20578971173525,11652000
2018-04-25,32.863487243652344,33.36362438699331,32.7753467826592,33.11560442970665,7904400
2018-04-26,33.45381546020508,33.591147695855724,32.91678133229523,32.96802484385095,7402400
2018-04-27,33.6075439453125,33.69978163495652,33.27138665511379,33.35132640315935,5682000
2018-04-30,33.5972785949707,33.810450112208486,33.57473133690818,33.675166563833365,9057600
2018-05-01,33.455848693847656,33.564484638189455,33.36361104098349,33.552186701494804,5028400
2018-05-02,33.50300598144531,33.64853892501026,33.38002343488674,33.505057723530776,10694000
2018-05-03,33.42304992675781,33.63622457438215,33.10739143749043,33.37590679662427,10460400
2018-05-04,33.63418197631836,33.847356681891505,33.42511075402982,33.451755246485256,6462400
2018-05-07,33.48250198364258,33.68542422880762,33.388212573577995,33.6731262900285,7877200
2018-05-08,32.77740478515625,33.3328827718562,32.70156225129127,33.33083415708109,8817600
2018-05-09,32.44532775878906,32.85527569150695,32.35719045452888,32.824530847614916,8864800
2018-05-10,32.84297561645508,32.851176326062244,32.48837155347581,32.74254038117464,7849600
2018-05-11,32.947509765625,33.068443630500106,32.78557861370746,32.945458024680555,4292800
2018-05-14,32.83683395385742,33.02746139895732,32.66670515968182,33.01106310374889,4741600
2018-05-15,32.56011962890625,32.77739155832418,32.293652815832324,32.64210797401136,6076400
2018-05-16,32.215763092041016,32.59291450008512,32.11122747836233,32.5109261514338,6155200
2018-05-17,32.0620231628418,32.34898855403229,31.982083451738507,32.29159297367091,5956400
2018-05-18,32.06818771362305,32.25471483938747,31.816070521887173,32.07228807013865,6256800
2018-05-21,32.84092712402344,32.90651716285115,32.18091074265598,32.19116006587559,8385200
2018-05-22,32.67900466918945,33.068457161876644,32.62571255294296,32.931124951519976,6550000
2018-05-23,32.85322952270508,32.97826377659514,32.67080280417578,32.81223535191344,9017200
2018-05-24,33.04180145263672,33.140188076878104,32.791732973296796,32.82248094363462,6408800
2018-05-25,33.29187774658203,33.408714431512955,33.017213328623356,33.04386095030693,6498000
2018-05-29,33.560386657714844,33.71616887394637,33.13404043209646,33.13404043209646,7674000
2018-05-30,33.876041412353516,33.95802973117545,33.42099904928784,33.484540465522926,8811600
2018-05-31,33.98672866821289,34.15275706005406,33.66492120711484,33.77560575912423,10660000
2018-06-01,33.427162170410156,33.958044109552695,33.209890218647125,33.958044109552695,7797200
2018-06-04,33.262062072753906,33.65830888668071,33.163001156544645,33.53860883626171,7173600
2018-06-05,32.87612533569336,33.31364714265195,32.80389153590053,33.30745603399415,8493200
2018-06-06,32.221900939941406,33.018522687236015,32.14966714987447,32.88024936401475,10116800
2018-06-07,32.27350616455078,32.535604879104255,32.08363811460998,32.23429370277474,7104400
2018-06-08,32.36017608642578,32.47574763777378,32.23634762478802,32.333345851616926,7227600
2018-06-11,32.071258544921875,32.436549837568414,32.001090521208305,32.40559428272126,6426000
2018-06-12,32.48606491088867,32.514957796688776,32.044414714179375,32.07124179800838,7450800
2018-06-13,32.430355072021484,32.75024274878403,32.34367637912725,32.53148178827625,6272000
2018-06-14,32.77705383300781,32.847221807797766,32.24253081564525,32.43446456914463,8846000
2018-06-15,32.9256477355957,32.948349512576726,32.37049182412921,32.72752599929605,16682000
2018-06-18,33.10519790649414,33.17949434175419,32.8451588085399,32.94215701982631,6415600
2018-06-19,33.63973617553711,33.66037531012735,33.15268220065163,33.15268220065163,9922400
2018-06-20,33.57781982421875,33.749114553534525,33.46637669202359,33.749114553534525,5251600
2018-06-21,33.71609115600586,33.96374814425246,33.536542673707544,33.567498222693665,7038000
2018-06-22,33.90802764892578,33.934854743774174,33.59433108203738,33.7718169245952,8840800
2018-06-25,34.34141159057617,34.434284517194534,33.92865422458805,34.040100476894565,7033200
2018-06-26,34.41777801513672,34.7376656423567,34.32697087976184,34.32697087976184,7905200
2018-06-27,34.68812942504883,34.80576363686154,34.45698630774048,34.53540806591936,8846000
2018-06-28,34.4260368347168,34.98738725486478,34.374442150137675,34.71703161152454,7838400
2018-06-29,34.471431732177734,34.710831764146334,34.23203170020913,34.39094417045763,6784400
2018-07-02,34.88005828857422,34.923399195377115,34.467300943775136,34.59732051509521,6444400
2018-07-03,34.78718566894531,34.92958744510149,34.593189228911584,34.87593012834065,5366400
2018-07-05,34.78306579589844,34.83878892837915,34.55398530579898,34.81402449131623,9321200
2018-07-06,35.14835739135742,35.21852539656699,34.797514216220414,34.851171546835516,6277600
2018-07-09,34.1185302734375,35.16486870863493,33.99676443971408,35.11121137703917,9356000
2018-07-10,34.55603790283203,34.73145784680695,33.74496825898772,33.91213759254679,7404400
2018-07-11,34.756229400634766,34.937840472291185,34.54778494752867,34.60969917269967,5583200
2018-07-12,34.77275466918945,34.90896224284342,34.543674144244186,34.77275466918945,7370000
2018-07-13,34.98532485961914,35.00596084414946,34.65098915969549,34.80990167111829,6308800
2018-07-16,34.98119354248047,35.09470246992881,34.82021839049532,34.98532199868479,5545600
2018-07-17,35.12771987915039,35.228843426637106,35.00801985537368,35.02040207350765,5195200
2018-07-18,34.96467971801758,35.150422441412246,34.88006369344076,35.102953072060885,4843600
2018-07-19,35.1359748840332,35.3939482679101,35.022465965309536,35.08231755385891,6447200
2018-07-20,35.07818603515625,35.13184336064551,34.74385356655222,35.06373801535786,4944800
2018-07-23,34.84291458129883,35.19994883295379,34.731468325302735,35.160736378032524,6605600
2018-07-24,35.12771987915039,35.17931455410126,34.30426773326243,34.63447491258362,9324000
2018-07-25,34.620025634765625,34.999761672832086,34.36411492263096,34.882127455742435,10608800
2018-07-26,34.704654693603516,34.96262815591487,34.54161370193228,34.752120928923574,7826800
2018-07-27,34.46111297607422,34.77068101288539,34.30426630442857,34.642727232045225,6894800
2018-07-30,34.30633544921875,34.502394613146954,34.207274540439464,34.40746216071791,6059200
2018-07-31,34.57668685913086,34.61589931694536,34.246482820498095,34.47762596244994,6672400
2018-08-01,34.650978088378906,34.72734033910264,34.145350967138654,34.47968656023891,8429600
2018-08-02,34.97087478637695,35.00595879220267,34.42810087379148,34.77894408113813,7048800
2018-08-03,35.32171630859375,35.48269145662698,34.84704777669999,34.94198022344301,5184000
2018-08-06,35.292823791503906,35.51158788005039,35.20201979989272,35.22059312892073,3531200
2018-08-07,35.21439743041992,35.28662808359065,34.99150806386062,35.28662808359065,4073600
2018-08-08,35.10090637207031,35.27839226446734,34.917229367655175,35.105034829779235,3776000
2018-08-09,35.25979995727539,35.2948839561983,34.99976079606381,35.1194608124949,3419600
2018-08-10,35.27630615234375,35.71589374710018,35.249479065406604,35.387752402690694,4484000
2018-08-13,35.352664947509766,35.57761693023575,35.290750719937805,35.32170625917957,6452000
2018-08-14,35.4847526550293,35.60857798024796,35.35060461634794,35.38569176503658,4366800
2018-08-15,35.65605163574219,35.89338589944442,35.501267598782654,35.559053387320404,6485600
2018-08-16,36.072940826416016,36.12866397143278,35.46825259210578,35.61478289223436,6614400
2018-08-17,36.151363372802734,36.25042428588741,35.876879271737785,36.128661585523986,5126000
2018-08-20,35.97180938720703,36.24216499047944,35.88513070785101,36.147229399324274,4678800
2018-08-21,35.627159118652344,36.01102366033946,35.530160869203655,36.01102366033946,4931600
2018-08-22,35.437278747558594,35.74065246050796,35.31551295291465,35.68905779892454,5132800
2018-08-23,35.4207763671875,35.71176793330927,35.37537280244161,35.501263932129945,4972400
2018-08-24,35.64159393310547,35.67048681952647,35.30726151179272,35.53015084236403,5074800
2018-08-27,35.38569259643555,35.86861798922153,35.208206791938686,35.76749129452471,5547600
2018-08-28,35.199947357177734,35.38775271282735,35.02659002077291,35.35266871491842,6960800
2018-08-29,35.4243049621582,35.49285645213084,35.29343364769064,35.31628414434818,5860000
2018-08-30,35.48663330078125,35.629967980593776,35.37238079008151,35.38899962524862,6477200
2018-08-31,35.33496856689453,35.68810987538689,35.1895546430594,35.505305973228474,7193600
2018-09-04,35.3204345703125,35.470000859725936,35.15009712219678,35.36405939210704,6797200
2018-09-05,35.65073013305664,35.70058662595189,35.24150053348042,35.314207522737924,7756400
2018-09-06,36.10773849487305,36.31338978349953,35.76705722943571,35.81691372016947,8914800
2018-09-07,35.75044631958008,36.04126796321151,35.62373049562963,35.78576014989831,7582000
2018-09-10,35.73589324951172,35.93531601117543,35.6569546107694,35.8875356931381,6013200
2018-09-11,35.76081848144531,36.01217388074875,35.750434488102165,35.75458681755257,8125200
2018-09-12,35.833534240722656,35.94570738801773,35.67150460034204,35.77952541716842,7226000
2018-09-13,36.2697639465332,36.28845893975909,35.710968126631805,35.89169273391687,8164800
2018-09-14,36.07241439819336,36.22198067123274,35.731736369540805,36.17212736003104,6674800
2018-09-17,36.11604309082031,36.15758857785235,35.81691051264168,35.89169365718634,6198800
2018-09-18,36.02878952026367,36.192895271116136,35.899997584918275,36.11188047796067,4172400
2018-09-19,35.14177703857422,36.05371403343329,34.84264453707496,36.005936894079476,9291600
2018-09-20,35.16256332397461,35.21657214467381,34.570529782537015,35.03999984783305,8137200
2018-09-21,35.47208023071289,35.600875373064774,34.88628151899595,35.2373467808847,16923200
2018-09-24,35.06700897216797,35.422229762671414,34.99014964936887,35.41807426233367,8995600
2018-09-25,34.659854888916016,35.14178827453029,34.51028859034525,35.14178827453029,7246400
2018-09-26,34.16130447387695,34.76372525568765,34.12391447865326,34.76372525568765,8836800
2018-09-27,34.39810562133789,34.60168386980285,34.11974740778426,34.20491770542468,9672400
2018-09-28,34.81564712524414,34.821878789183,34.49989575023418,34.49989575023418,9424800
2018-10-01,34.688941955566406,34.77826461249694,34.54768346706004,34.77203294665147,5196000
2018-10-02,35.17710494995117,35.26435143623488,34.79903684272178,34.823963504597714,5572400
2018-10-03,34.94860076904297,35.54271047105708,34.59545617806488,35.10024323463898,9156000
2018-10-04,35.15840148925781,35.16878865244475,34.522746406710176,34.93405207723209,9448000
2018-10-05,35.80652618408203,35.88962033444407,35.1874898200441,35.1874898200441,8373200
2018-10-08,36.003868103027344,36.23860151903179,35.72966219725849,35.85014632224323,6803600
2018-10-09,36.08903884887695,36.242760645043134,35.85430540938407,36.064112189391814,5881200
2018-10-10,35.885459899902344,36.48995668557641,35.85014607949862,36.08903499328978,7882800
2018-10-11,35.12516403198242,36.15550913339324,35.075310719952945,36.03710117788885,8446000
2018-10-12,35.181251525878906,35.274729653919366,34.873811151763825,35.1521693711615,6944400
2018-10-15,35.239418029785156,35.43468529635504,34.99637361385796,35.162558723899394,6965200
2018-10-16,35.58216857910156,35.8002863154588,35.24356989933336,35.3972884952728,4700400
2018-10-17,35.48454284667969,35.6465724621672,35.22280026034029,35.55309115577889,3537600
2018-10-18,35.64034652709961,35.748364174977475,35.422228726658865,35.55517620611603,4088400
2018-10-19,36.03295135498047,36.24691361990367,35.58425249719849,35.652803975724964,7297200
2018-10-22,35.86676788330078,36.0744984933006,35.71096992580092,36.059955829136186,5971600
2018-10-23,35.44507598876953,36.23652912782401,35.0898552410707,35.0898552410707,8898800
2018-10-24,36.47749328613281,36.73300102721358,35.463766981111206,35.59255893406427,8558800
2018-10-25,35.97894287109375,36.39855961242635,35.70266076519818,36.32170029707745,8854400
2018-10-26,35.29135513305664,36.313389409694686,35.046234521337226,36.165902443583576,8519600
2018-10-29,35.89169692993164,35.93116625561216,35.330824879562925,35.37029420524345,6566800
2018-10-30,36.05165481567383,36.25730612983676,35.58841635531097,36.08696864568445,7572800
2018-10-31,35.833534240722656,36.15343802129728,35.52816995622428,35.8958540646501,9051600
2018-11-01,35.41184616088867,36.04542531314817,35.17503333329051,36.04542531314817,9389200
2018-11-02,34.929901123046875,35.6839642585524,34.63907953427434,35.53855346416613,11806400
2018-11-05,35.46168518066406,35.642409752985884,34.93404778488333,34.93820328359096,8274000
2018-11-06,35.61749267578125,35.644495500348434,35.21033927532591,35.43053322027637,5963600
2018-11-07,36.049564361572266,36.11811583505554,35.669420180000635,35.84598927559346,6530000
2018-11-08,36.13682174682617,36.149285077456604,35.65696132952951,36.04957209297743,6676400
2018-11-09,36.67692184448242,36.77663166566541,36.06619324651527,36.21160723248312,8160400
2018-11-12,37.07783889770508,37.389434822602325,36.47957370759271,36.60005784558576,8538800
2018-11-13,37.113155364990234,37.281416669261816,36.8306415795102,37.19209084951053,7297600
2018-11-14,36.730934143066406,37.02798744373095,36.38610051189034,36.909579454704264,12378000
2018-11-15,37.22117614746094,37.2232554825695,36.28223589665463,36.61668236816359,10935600
2018-11-16,37.47251892089844,37.516143737049724,37.04251827174729,37.42889410474715,7948000
2018-11-19,37.80904006958008,37.821506566396714,37.22116217354886,37.42474041523337,7018400
2018-11-20,37.1359977722168,38.149720877184535,37.09029678968807,37.93575862703513,9752800
2018-11-21,36.59798049926758,37.07991707742472,36.53981617703728,37.07991707742472,5978800
2018-11-23,36.83687210083008,36.93450574812891,36.41517918578098,36.59797998031936,4360800
2018-11-26,36.77455520629883,36.969822516437866,36.496196907458014,36.85557002968438,7455200
2018-11-27,36.97605514526367,37.01552447532644,36.60213934692974,36.88673248856846,9084800
2018-11-28,36.9864387512207,37.23155936948312,36.811945785367676,37.092380229834795,7868400
2018-11-29,37.02406311035156,37.10767853841074,36.553737092426964,37.01570316234687,6867200
2018-11-30,37.98352813720703,38.05041728569554,37.04496535208554,37.141119101088194,15807200
2018-12-03,38.14657211303711,38.148661302385975,37.51110769475446,37.71178150831794,9724800
2018-12-04,38.079689025878906,38.49775664852403,37.960541412018515,38.14867056636769,10024800
2018-12-06,38.18210983276367,38.257362118807265,37.35015311772551,38.13194057886719,11354400
2018-12-07,38.22391128540039,38.50401574220522,37.80166222136804,38.03996056649484,10121600
2018-12-10,38.17165756225586,38.332614461174934,37.55918694641178,38.16120523564512,10441600
2018-12-11,38.249000549316406,38.42876972947711,37.87064991411364,38.11104067725077,12055200
2018-12-12,37.8999137878418,38.4015967689223,37.88110151332189,38.248999814432395,11912400
2018-12-13,38.0859489440918,38.29498269591404,37.906179789940595,37.906179789940595,12916400
2018-12-14,37.88527297973633,38.13820199755471,37.605165367743695,38.00651292142835,9227600
2018-12-17,36.71677780151367,38.11939570143184,36.5537317277303,38.11939570143184,13147600
2018-12-18,36.789939880371094,37.17038283514293,36.6686999230131,36.84219831770117,11764000
2018-12-19,36.48057556152344,37.03660298281898,36.2966248175627,36.894461545832804,13437600
2018-12-20,36.562103271484375,36.90491858103827,36.03533719450065,36.47639864669523,13112400
2018-12-21,36.39487075805664,37.325070420553175,36.213012394153466,36.45548914949027,24148400
2018-12-24,35.1343994140625,36.66034670196256,34.891919454862524,36.46594362083763,6630000
2018-12-26,35.6068229675293,35.6130937274602,34.444595346154706,35.1323184548738,8393600
2018-12-27,35.98725509643555,35.98725509643555,35.107221509383585,35.64861821551654,9961600
2018-12-28,36.10430908203125,36.44921348917062,35.87437068420377,36.07922605303256,6924000
2018-12-31,36.334251403808594,36.37814670929681,35.8033038422493,36.16493137097603,6417600
2019-01-02,35.50020217895508,36.22554954731185,35.32879297278343,36.09594645325952,10549600
2019-01-03,35.412418365478516,35.778227531407055,35.25773219848601,35.51693527002953,9260800
2019-01-04,36.06459426879883,36.077135784031604,35.255634640264084,35.358059141066484,10848800
2019-01-07,36.012332916259766,36.15029595186602,35.64025310963814,35.880640637762724,9478000
2019-01-08,36.27571487426758,36.32797331076304,35.863921329117,35.985158094936864,10599600
2019-01-09,36.11894989013672,36.37188219850556,35.96426691523596,36.27990681364416,7047600
2019-01-10,36.66242599487305,36.710502859970155,36.0687709636514,36.225546262082574,11384800
2019-01-11,36.72932815551758,36.819211153012176,36.29871587458222,36.61017736579408,8860000
2019-01-14,35.792850494384766,36.50147482632024,35.39986918723845,36.50147482632024,15355600
2019-01-15,36.52239227294922,36.750238389881375,35.69252768450148,35.82630921266014,9261200
2019-01-16,36.51402282714844,36.56210289789168,36.12731220906557,36.37606294258844,7059200
2019-01-17,36.68333053588867,36.77321350904927,36.4638444808106,36.6080782652791,8200800
2019-01-18,36.808753967285156,36.917452415379984,36.60390177593887,36.873553922433324,7414400
2019-01-22,37.07841110229492,37.197558692470096,36.63107896257339,36.67079269956365,8654400
2019-01-23,37.49647521972656,37.51319830253412,36.82965704468415,37.1954661083944,9089200
2019-01-24,37.684600830078125,37.810022344720345,37.19964423197155,37.471385531026996,9812800
2019-01-25,36.41368865966797,37.5194792884646,36.35515944868622,37.31253467060592,15254400
2019-01-28,36.05205535888672,36.81293817081405,35.90573235459344,36.81293817081405,11976800
2019-01-29,36.133575439453125,36.25272302260348,35.899458651787846,36.17956312125909,7924400
2019-01-30,36.286155700683594,36.50355251379038,35.97469755921448,36.003962146794144,8345600
2019-01-31,37.412872314453125,37.47767228849668,36.236014073513545,36.2548263518611,12519600
2019-02-01,37.17037582397461,37.442117095152966,36.89444979590877,37.28534181273409,8934000
2019-02-04,37.22892761230469,37.24773989211312,36.817130698614065,37.02198296560228,11302000
2019-02-05,37.2435417175293,37.35432934647829,36.9508957523059,37.11812338512004,7956800
2019-02-06,37.22892761230469,37.467226058687814,37.124410693898,37.36061676056693,6647200
2019-02-07,37.90827178955078,37.929173250762744,37.18292442281619,37.2080074521113,8516800
2019-02-08,38.25526428222656,38.33051655753466,37.839289173652794,37.87900609528788,7322400
2019-02-11,38.25526428222656,38.44757494365797,38.11103367835436,38.13193513896106,7404400
2019-02-12,38.30961990356445,38.54791827367198,37.97725378531794,38.2531798926015,7004800
2019-02-13,38.22182083129883,38.43294376152736,38.134023853198016,38.26571613074747,5726400
2019-02-14,38.17165756225586,38.55418975107269,38.15702366708037,38.32843289261019,6408000
2019-02-15,38.47057342529297,38.69424108902712,38.31589047765091,38.58972420457614,8813200
2019-02-19,38.748600006103516,38.8405754015443,38.3368031062638,38.48940009851925,9774000
2019-02-20,38.80501937866211,38.90117629260641,38.47056415318787,38.68796100662655,10203200
2019-02-21,38.997344970703125,39.06214493795634,38.57927737335064,38.64825890966612,8274800
2019-02-22,39.325531005859375,39.3276201956657,38.83011871592333,39.05378641970759,6735200
2019-02-25,39.27326965332031,39.588909529309184,38.945085070611846,39.39241725553501,7555600
2019-02-26,39.346431732177734,39.511570222249205,39.120674842836195,39.33597940413732,7644400
2019-02-27,39.310646057128906,39.45374092132935,39.15703220324775,39.2622477874533,7288000
2019-02-28,39.50214385986328,39.716784576070474,39.1528273083923,39.35273629982563,12454000
2019-03-01,39.468475341796875,39.68311606476647,39.26435682100795,39.460059506607514,6865600
2019-03-04,39.6115608215332,39.67679396426816,39.260141186436414,39.60945445504206,8609200
2019-03-05,39.62841033935547,39.81569400356032,39.56528032886407,39.63892933199927,7666800
2019-03-06,39.47059631347656,39.765198817990786,39.34643941928527,39.5737055845933,7155600
2019-03-07,39.54633712768555,39.798857157197105,39.43060252690589,39.61577981470867,9411200
2019-03-08,39.7083740234375,39.86198792833111,39.33380667615254,39.68943598261347,6972800
2019-03-11,39.876708984375,39.935629458454166,39.65786196792739,39.68942536085372,7135600
2019-03-12,40.169212341308594,40.268115263910424,39.86198137113422,39.98192869847381,7140400
2019-03-13,40.186038970947266,40.30177675138816,39.86828907457743,39.95456341006547,4916000
2019-03-14,40.18815231323242,40.438565971407286,40.02612259046969,40.22603160139841,5816800
2019-03-15,40.242855072021484,40.39015623772855,39.98402244057416,40.141845806172704,14402000
2019-03-18,40.165000915527344,40.398579668980105,40.00928388717564,40.291260916122155,7469200
2019-03-19,39.66628646850586,40.110296487916614,39.516878883854304,40.09346160436956,8080800
2019-03-20,39.95457077026367,40.228131971447446,39.527395692701226,39.779912489591915,8669200
2019-03-21,40.383846282958984,40.46170478774153,39.95035858996726,40.042945606851326,7499200
2019-03-22,40.808929443359375,41.1498302406964,40.455406496107294,40.455406496107294,9486000
2019-03-25,40.7415885925293,41.055132265953844,40.72896323308982,40.91835004653314,7038400
2019-03-26,41.03409194946289,41.10353464422694,40.617438991804526,40.78578462660289,6093200
2019-03-27,40.80681610107422,41.097212171635505,40.58586270873085,41.08668996991913,6116800
2019-03-28,40.38595962524414,40.90572499896933,40.25970281896118,40.80471891175784,9324000
2019-03-29,40.68056106567383,40.71212446125749,40.2554891432372,40.38805861561387,12039200
2019-04-01,40.08503341674805,40.77103785255359,40.02611294795123,40.70159518341634,9640400
2019-04-02,39.87249755859375,40.19235383898917,39.7104678680721,40.13133021193586,9960400
2019-04-03,39.83673095703125,40.040849483022896,39.53791903085053,39.79464535816115,8202800
2019-04-04,39.64524841308594,39.99035555377749,39.44112983239797,39.97773019182586,7106800
2019-04-05,39.9987678527832,40.05347881565016,39.56107051707049,39.8514666366601,6452800
2019-04-08,39.69573211669922,39.94404254406266,39.52528339847853,39.86407767934696,5772800
2019-04-09,39.92090606689453,39.96930434589898,39.67259557062629,39.69574313205023,6617200
2019-04-10,39.6915397644043,40.28074788308891,39.645244634376695,39.92932809491643,5291600
2019-04-11,39.99034118652344,40.019801424135196,39.64523416981783,39.691529287625606,5738400
2019-04-12,40.160789489746094,40.20287508094377,39.65575276259964,39.84934905084877,4768400
2019-04-15,40.22602462768555,40.417517769671456,40.125015350704544,40.21550242663441,5872800
2019-04-16,39.88092041015625,40.468022023077125,39.85987600658446,40.20498303305564,6523200
2019-04-17,39.90827178955078,40.09766177709458,39.77990864199914,39.92931619180841,8045600
2019-04-18,39.84724807739258,40.125015563249306,39.821997363476044,39.859873434350845,6670800
2019-04-22,40.0619010925293,40.15659450974775,39.78202715386965,39.80727787554765,7303600
2019-04-23,39.9377326965332,40.29125875266077,39.5778971727324,40.162895602954485,8818000
2019-04-24,39.99455642700195,40.21340668991232,39.803063249686765,39.93142641997298,6187200
2019-04-25,40.08293151855469,40.343867345832955,39.82620521406682,39.86197813047249,5898400
2019-04-26,40.341766357421875,40.695289228607734,40.25338242870015,40.276529988903405,5653600
2019-04-29,40.354393005371094,40.59217808314085,40.11029203741198,40.40910396263419,7094400
2019-04-30,40.91624069213867,40.96042944348297,40.247067844884675,40.35228343884268,10643600
2019-05-01,40.670040130615234,41.04250105380796,40.59849108018761,40.72054156512251,8541200
2019-05-02,40.343875885009766,40.79630174752289,40.09977488630163,40.57955783635512,10035600
2019-05-03,40.489070892333984,40.53536601655783,40.15237966360153,40.31230944216593,6694800
2019-05-06,40.17130661010742,40.68265599159326,40.158681254428075,40.44486775655018,6730000
2019-05-07,39.92931365966797,40.14184798092222,39.742030050781615,39.94193901585192,7748400
2019-05-08,39.53580856323242,39.9840247641506,39.413758101432585,39.897750426245786,7887200
2019-05-09,39.68943405151367,39.81569407271576,39.45164573631755,39.65576428440302,6872400
2019-05-10,40.3522834777832,40.44487371430362,39.577898246749015,39.67890431798715,6420000
2019-05-13,41.01935577392578,41.120365070408624,40.209197511370135,40.2807433548513,10632800
2019-05-14,41.0130500793457,41.39393334588396,40.72055076501432,41.01725960348082,8954400
2019-05-15,41.0046272277832,41.27187577344079,40.922559181280555,41.078279438381344,7071600
2019-05-16,41.47808837890625,41.64853711422164,40.78577123687556,40.9267597365923,8465600
2019-05-17,41.871604919433594,41.97261422091152,41.16455586371676,41.20874783447906,6821600
2019-05-20,41.949466705322266,42.21460889742211,41.86318913097504,41.93473497807608,5464000
2019-05-21,41.85477066040039,42.29457437453289,41.83162309649868,41.981030683668955,6069200
2019-05-22,42.49237060546875,42.58075453493889,41.79584384835254,41.978921175483215,6706800
2019-05-23,42.829063415527344,42.883774373556875,42.561814882881286,42.561814882881286,8216000
2019-05-24,42.79539489746094,43.0815814764951,42.74068393783878,42.86904710661717,5559200
2019-05-28,42.33243942260742,42.946898073132395,42.28193478427697,42.879561766283395,7048400
2019-05-29,41.81689453125,42.566029200758614,41.76428672343703,42.44608506862644,7214400
2019-05-30,41.863189697265625,42.09676849260577,41.762183605231606,41.89896262130006,6462800
2019-05-31,41.97330093383789,42.22317826597374,41.6344808167699,41.99023903158599,9161600
2019-06-03,42.26341247558594,42.28035380414414,41.782712375334555,42.12576539276106,6806000
2019-06-04,42.22106170654297,42.417998596848854,41.58365672640744,42.38199948457449,7811600
2019-06-05,43.33705520629883,43.37941015531696,42.358716631084114,42.45824494506463,7546400
2019-06-06,43.57209777832031,43.70974485854239,43.176104328347854,43.41116000690264,5614400
2019-06-07,43.2819938659668,44.14598239159025,43.2819938659668,43.813514816957046,6242800
2019-06-10,43.07658386230469,43.345522246143986,42.66576546385546,43.220583562846535,7104800
2019-06-11,42.76952362060547,43.15916448984152,42.51329046510193,43.0299896848936,4606800
2019-06-12,43.31586837768555,43.476806151015914,42.94316561447922,43.0575187736368,5236000
2019-06-13,43.362457275390625,43.51704245821121,43.040578489690645,43.32645816329422,6806400
2019-06-14,43.82622146606445,43.904572294346174,43.40057820031493,43.55093049290717,5525200
2019-06-17,43.701271057128906,44.04644374159683,43.464098932513224,43.88762243002858,6233600
2019-06-18,43.500091552734375,44.03584843866915,43.171860244879774,44.01043806660184,6576400
2019-06-19,43.67375183105469,43.849514500872914,43.254461169027806,43.26081376409836,6602800
2019-06-20,43.70340347290039,43.93210661592462,43.35187809207267,43.762696521325694,8883600
2019-06-21,43.95115661621094,44.14597705955181,43.500103005894005,43.86221705933107,12560800
2019-06-24,44.08879852294922,44.18409067029696,43.807154989692584,44.122681180610485,6009200
2019-06-25,43.66951370239258,44.23915339679224,43.61233711813236,44.12691991401777,6954000
2019-06-26,43.00246810913086,43.673752593542346,42.99187937341894,43.49587023477606,7394400
2019-06-27,43.31586837768555,43.508572353549916,43.11892826190439,43.36880881734754,7529200
2019-06-28,43.381507873535156,44.09514386530747,43.04057136105702,43.19304006422908,11647600
2019-07-01,43.20362854003906,43.38150761560635,42.576812405033216,43.27774320591167,8478800
2019-07-02,43.97444152832031,44.02526227542029,43.35821411991265,43.36245025924684,6696000
2019-07-03,44.201026916503906,44.355615312596974,43.974443535808405,44.02314783107848,5654400
2019-07-05,44.069740295410156,44.14597465876536,43.48104285720027,43.927860303015635,4196400
2019-07-08,44.28573226928711,44.328083969654024,43.92361828401062,44.17561526335104,4322400
2019-07-09,44.08033752441406,44.258216662779155,43.87069217697963,44.09727885633865,7276000
2019-07-10,44.3598518371582,44.6436150465393,43.951153198192166,44.13750134663632,5922000
2019-07-11,44.55467224121094,44.62243755422881,44.1650313850421,44.38314573557292,5830400
2019-07-12,44.201026916503906,44.525022118967264,44.00197036466834,44.44878776360955,6283200
2019-07-15,44.22644805908203,44.38950229956093,43.98080362426599,44.18832925929348,8714000
2019-07-16,44.02103805541992,44.34926621597908,43.792334954649924,44.18621197854911,4281600
2019-07-17,44.4509162902832,44.753734086566936,44.194683113157595,44.194683113157595,6556800
2019-07-18,44.969722747802734,44.9951331223342,44.258203179872424,44.52502180613591,4413200
2019-07-19,44.41279602050781,44.999377040080056,44.34291424723936,44.85114444431132,5843600
2019-07-22,44.334449768066406,44.616093344673345,43.98927700637326,44.472093643062706,6547600
2019-07-23,43.8982048034668,44.36407993698923,43.81985077054394,44.34502215785693,6337200
2019-07-24,44.4826774597168,44.49114974011324,43.737275115012736,44.118446952147096,6080000
2019-07-25,43.968101501464844,44.35138982445347,43.84315958960343,44.0760988511466,7010000
2019-07-26,44.294212341308594,44.41703456480134,44.004099728799766,44.07609796046601,4324800
2019-07-29,44.76220703125,44.79608646102858,44.317505991411494,44.44879726377804,5274000
2019-07-30,44.340789794921875,44.971838863787326,44.103617684471004,44.76431326714281,6447200
2019-07-31,43.87068176269531,44.505967018530264,43.66739229031575,44.44243784670119,8446000
2019-08-01,44.52503204345703,44.81091174757707,43.72457274939503,43.75633895609083,7507600
2019-08-02,44.7685661315918,45.15397095505694,44.474217337682276,44.70715339568923,6912800
2019-08-05,44.057037353515625,45.02902311244224,43.855864316166425,44.80032001071335,8838400
2019-08-06,44.76643371582031,44.925255032074965,43.75844892523284,44.076091557742146,7171600
2019-08-07,45.07773208618164,45.31702394756143,44.18198060168178,44.76432553558736,6892800
2019-08-08,45.57536697387695,45.7193634219882,44.72620346595156,45.15184344711012,5971200
2019-08-09,45.84218978881836,45.990422390380765,45.53089970992312,45.71089851761,5828800
2019-08-12,45.62407302856445,45.975598344788786,45.45043005615357,45.975598344788786,3922400
2019-08-13,45.660072326660156,45.96289334140274,45.48219321335542,45.61136802375657,7496800
2019-08-14,45.520301818847656,46.15981990173893,45.471594295623376,45.76171005605139,9558000
2019-08-15,45.98406219482422,46.1365309115811,45.37842346749211,45.45042491740296,7865600
2019-08-16,46.06452941894531,46.5409933171398,45.82523762719258,46.225467172426846,10488400
2019-08-19,46.36735534667969,46.50499919508735,45.87183038371061,46.01794651181508,5632400
2019-08-20,46.40336227416992,46.54524228632629,46.0348955947596,46.54524228632629,8316000
2019-08-21,46.85441207885742,46.8713534096554,46.407594576649636,46.55794686796392,7483600
2019-08-22,46.93063735961914,46.96240356042173,46.488056083662464,46.83534521966705,9159600
2019-08-23,46.989933013916016,47.476985705698965,46.72099790656,47.123343956034425,10485600
2019-08-26,47.35416793823242,47.368992813737066,46.924291785794196,47.11699577998466,7455200
2019-08-27,47.436763763427734,47.7671149142727,47.41346983416102,47.48335162196117,9541200
2019-08-28,47.10242462158203,47.69655386342967,46.88521464903813,47.517676591621786,11356800
2019-08-29,47.0875129699707,47.38564498296247,46.680780853021375,47.38564498296247,8512000
2019-08-30,46.65309143066406,47.26638853672409,46.60411383519272,47.234444083657095,11786800
2019-09-03,48.03300476074219,48.03939300122977,46.59559216256734,46.59559216256734,9718400
2019-09-04,47.72636795043945,48.11819854302131,47.45166379387645,48.03940480870901,8909600
2019-09-05,46.80854415893555,47.134357435034346,46.55087645006866,46.674384604297394,17661200
2019-09-06,46.87883377075195,47.068359225276694,46.58496159993538,46.87244552785251,9130400
2019-09-09,46.82558822631836,47.03853828478529,46.61263816785143,46.67865216607858,8297600
2019-09-10,46.44866180419922,46.77660668628223,46.07599923324291,46.69568463107945,11094800
2019-09-11,46.86178970336914,46.9746529752677,46.30598991656148,46.42737301050524,8818000
2019-09-12,47.00658416748047,47.32813749769552,46.78937425767049,47.247215457904545,8671200
2019-09-13,46.52745819091797,46.87456456730439,46.378390554518475,46.86178808403813,8213200
2019-09-16,46.489112854003906,46.65308525985258,46.26551470954826,46.54448193225255,5033600
2019-09-17,47.321754455566406,47.345179088112644,46.516803627136824,46.516803627136824,7596800
2019-09-18,47.67951202392578,47.741269354348205,47.140748689819695,47.45804541498118,7681600
2019-09-19,47.89246368408203,47.998938706278174,47.60711140444272,47.85839414649272,5906800
2019-09-20,48.067081451416016,48.12670720038808,47.62414499522381,47.95634652502806,19007200
2019-09-23,47.97338104248047,48.224663759921135,47.879682512226644,48.00745382609267,6634000
2019-09-24,48.661216735839844,48.6952895250727,47.990425350788136,48.1011602911149,8674400
2019-09-25,48.84435272216797,48.86990893814785,48.44826549275925,48.744265937093296,8423600
2019-09-26,49.34477996826172,49.57263480495372,48.8890670455182,48.97637733546465,8703600
2019-09-27,49.246826171875,49.52579345991873,49.01045149226286,49.45764788591604,7501200
2019-09-30,49.615230560302734,49.71318575821417,49.351171343216784,49.40866876334028,8937600
2019-10-01,49.410804748535156,49.65356769966954,49.116932610555565,49.43848929757967,6727600
2019-10-02,48.78899002075195,49.50663070734106,48.66547859186644,49.3384015839902,8138400
2019-10-03,49.01472091674805,49.04027388727899,48.671871148229336,48.73575682391713,8017600
2019-10-04,49.74299621582031,49.800493633149145,48.97850639583595,49.00193102886921,6552800
2019-10-07,49.52153015136719,49.79197759942438,49.22765807002379,49.71318387872009,6154000
2019-10-08,48.97211456298828,49.44273227028413,48.96998623263575,49.43421569951468,6968000
2019-10-09,49.69401931762695,49.8878046255019,49.1914571149629,49.45338474302708,6004000
2019-10-10,49.40440368652344,49.58754083016337,49.02961282832608,49.40866359666187,7465600
2019-10-11,48.880550384521484,49.48533096308968,48.66973192609612,49.35968797092055,8301600
2019-10-14,48.744266510009766,49.05943493237305,48.45678588407675,48.980641202102234,4711600
2019-10-15,48.45465850830078,48.94018766743484,48.30346577509032,48.837969292164374,5672400
2019-10-16,48.95934295654297,49.050909911208045,48.25021895543108,48.48233371197988,7662000
2019-10-17,49.21062469482422,49.317099716406005,48.8230573059336,48.8230573059336,5366400
2019-10-18,49.50662612915039,49.57051179326742,49.04452491603431,49.231921997614975,8784400
2019-10-21,49.57476806640625,49.625873994462005,49.11692354829585,49.491717683956026,6488400
2019-10-22,50.30732345581055,51.08458987679142,49.619492420944894,49.7855932081647,12636800
2019-10-23,50.25621032714844,50.80988174066602,50.19445624417661,50.58628354484701,8912400
2019-10-24,50.58628463745117,50.611837603459044,50.004931915253024,50.25621141262341,6411200
2019-10-25,50.4436149597168,50.60758417842772,50.16465088051322,50.601195936107054,6072400
2019-10-28,49.66633224487305,50.40740065386403,49.540692512944375,50.3626797199548,7164400
2019-10-29,49.53219223022461,49.653572091848524,49.23406015462949,49.46191831060634,6861200
2019-10-30,50.14122772216797,50.390378928108845,49.619497421938554,49.68764300785079,4959200
2019-10-31,50.7545166015625,50.7885893910633,50.02622778512329,50.153999121071244,8228400
2019-11-01,50.194454193115234,50.87163374490536,50.06242296181503,50.8290443877658,8018000
2019-11-04,48.89332962036133,50.092236114825816,48.59306928941714,50.092236114825816,13459600
2019-11-05,48.36308670043945,48.82944783673138,47.852007872627986,48.426972366255875,9502400
2019-11-06,48.444000244140625,48.65907859024059,48.25447486013113,48.44612857452837,6976400
2019-11-07,47.507022857666016,48.26299613702905,46.989555828721095,48.25873622647881,12473200
2019-11-08,47.29194641113281,47.84774615888169,47.07047654456202,47.50915636698037,6431600
2019-11-11,47.321754455566406,47.59007031525644,47.21315111341176,47.3515673288653,6142800
2019-11-12,47.53470230102539,47.70080305170311,47.294067745835655,47.31536404694175,5798400
2019-11-13,48.533443450927734,48.59093762106887,47.89246176342233,47.89246176342233,7189200
2019-11-14,48.95083236694336,49.004069885330644,48.46956637049202,48.55261676920177,6329600
2019-11-15,49.2808952331543,49.30644819679355,48.62714033496003,49.067945204535,7382400
2019-11-18,49.43849182128906,49.924017748342685,49.351181507814935,49.40015911685831,7002400
2019-11-19,49.544952392578125,49.902706866193384,49.219139122193,49.423569321584736,6522400
2019-11-20,50.09010314941406,50.41804474516051,49.55772810807547,49.68975607853244,8506000
2019-11-21,50.07307815551758,50.313712768769506,49.853739848510294,50.19871791402464,4990000
2019-11-22,49.698272705078125,50.29240178331338,49.34477492049985,50.132689281175395,5016000
2019-11-25,49.52366256713867,49.94956266248642,49.3533018791276,49.802626609693874,7456400
2019-11-26,50.02622604370117,50.0943716203306,49.61736233200441,49.653563451078824,15634000
2019-11-27,49.897769927978516,50.05191114199147,49.78858234851113,49.95343194229592,8584000
2019-11-29,50.05833435058594,50.46724220750245,49.932019249858214,50.22746336783517,3557600
2019-12-02,49.50812911987305,50.034790006471496,49.46959463064836,50.034790006471496,7118000
2019-12-03,49.717933654785156,49.84424876462863,49.53809951205664,49.66869405381609,9249200
2019-12-04,50.15253829956055,50.19749847204993,49.56165324254486,49.59376531807858,6699200
2019-12-05,50.21675491333008,50.265994507468704,49.88919874639052,49.90846598756544,6413200
2019-12-06,50.18037033081055,50.40302167419378,49.99197077866479,50.18465302974353,6196000
2019-12-09,50.15468978881836,50.30455161129639,50.06262971210439,50.29812919510038,4560000
2019-12-10,50.19322204589844,50.3002666667115,50.056205061927415,50.1739547981703,4345600
2019-12-11,50.47795867919922,50.49508620970709,50.084035277745386,50.310969340175475,6212800
2019-12-12,50.07546615600586,50.56573228845796,49.83354756408206,50.42229290620447,6970400
2019-12-13,50.72843551635742,50.820495571480095,49.83354422434135,49.89991135396316,8345200
2019-12-16,51.26793670654297,51.274359120667604,50.61068134936104,50.79051874507578,14284800
2019-12-17,51.34288024902344,51.574093740629344,51.12879102093159,51.265807996240675,10374000
2019-12-18,51.44350814819336,51.59551296400192,51.11167240020098,51.53770794765298,8585600
2019-12-19,51.52057647705078,51.59979172058411,51.259387331871054,51.41353185252606,6882800
2019-12-20,51.96159362792969,52.453996197834165,51.42637060260561,52.25489480044981,16198000
2019-12-23,51.12022018432617,52.01511476125835,51.02602041130784,51.97657700559539,9474800
2019-12-24,51.490596771240234,51.490596771240234,50.918978949789555,51.14805598164677,2739600
2019-12-26,51.80101776123047,51.80101776123047,51.3985290704406,51.43492383785903,5813200
2019-12-27,51.918766021728516,51.97443129941038,51.70895953938595,51.86952642486827,4319200
2019-12-30,51.6575813293457,51.856685982890255,51.44349213059436,51.74321896889139,4450000
2019-12-31,51.84383773803711,51.93589451939913,51.364276788401725,51.71752590311363,6910000
2020-01-02,51.08596420288086,52.16925503950181,50.94252482992334,51.803164334410425,7884800
2020-01-03,51.449920654296875,51.672571995932145,50.98320447652953,51.08810936574022,7097200
2020-01-06,51.706825256347656,51.938041987744704,51.47132582620011,51.53127054173912,5518800
2020-01-07,51.661869049072266,51.854551306720595,51.417807469444845,51.52913477830329,6653200
2020-01-08,51.63832092285156,52.012977070274246,51.5955037307803,51.73894312092733,5936000
2020-01-09,52.042945861816406,52.19923333893331,51.494878000714095,51.52056766084635,6958000
2020-01-10,52.14142990112305,52.38763119608882,52.064357651672005,52.19923490489689,5125600
2020-01-13,52.75157928466797,52.84363934236039,52.03438240144586,52.03438240144586,5879600
2020-01-14,53.03632354736328,53.05131136136233,52.62313290528474,52.715189705305086,8252800
2020-01-15,53.86056900024414,53.99116356151652,53.211878893180035,53.21830130875553,6397200
2020-01-16,54.00828170776367,54.01684383812915,53.59508786599438,53.71069785975028,7914400
2020-01-17,54.25020217895508,54.32513470593591,53.82416676005491,54.029690563458516,9354000
2020-01-21,54.997379302978516,55.08515012803249,54.123891683150795,54.38508077598856,11486400
2020-01-22,55.64177703857422,55.830176563900146,55.16221936209609,55.43839623597084,7065600
2020-01-23,55.680320739746094,56.25194182445563,55.52617624200859,55.52617624200859,10212400
2020-01-24,56.459598541259766,56.536667509619676,54.843227853373676,55.02734141122229,10310400
2020-01-27,57.10615158081055,57.324526748012765,56.15345855316796,56.22410511500848,8678800
2020-01-28,56.90705490112305,57.590000033868876,56.457466233566954,57.106156307181564,8262800
2020-01-29,56.896358489990234,57.12114957850483,56.54524900046009,57.10830474678885,6008400
2020-01-30,57.78910446166992,57.857614583514696,56.73792555515384,56.91990270790442,6328800
2020-01-31,57.41873550415039,57.945393193459395,57.104024067011544,57.68848349778015,7536800
2020-02-03,57.12113952636719,57.69276057107484,56.99268469832777,57.523628271931535,11041200
2020-02-04,56.635162353515625,57.22818712269764,56.502428086538615,57.0055325113416,10482800
2020-02-05,57.099735260009766,57.303122636760506,56.136333749371865,56.581642995262555,8666800
2020-02-06,57.446556091308594,57.874734520601194,57.024800077116005,57.10829800690054,7874400
2020-02-07,57.70560073852539,58.157325782680054,57.630668217099156,57.69917832431648,6410000
2020-02-10,58.176597595214844,58.191585407374106,57.66064183495812,57.87045160473594,7666800
2020-02-11,58.26437759399414,58.65830095907495,58.221563671791316,58.39497541040069,7850800
2020-02-12,57.859745025634766,58.29005984320494,57.82976940376798,58.110225712454465,5836400
2020-02-13,58.975154876708984,59.06078925392019,57.85975192318234,57.85975192318234,7500400
2020-02-14,59.62812423706055,59.74801367161973,58.990142574617224,59.02225464932341,7354800
2020-02-18,60.38172149658203,60.66217783379566,59.59601123573839,59.9449776869161,9789600
2020-02-19,58.803890228271484,59.32840490874199,58.77819403317812,58.878816230135385,21134800
2020-02-20,59.30914306640625,59.33269628068336,58.512730816548576,59.07578657421886,10731600
2020-02-21,59.42902755737305,59.679514826931154,59.10361428538159,59.416182726471064,11030800
2020-02-24,58.647586822509766,59.647379571805686,58.6454438401292,58.83170036971847,9091600
2020-02-25,57.87473678588867,59.06721532617986,57.761269759024266,58.647602278424564,10285600
2020-02-26,57.69063186645508,58.51059083922799,57.375920399936895,57.57502183925835,9551600
2020-02-27,55.060794830322266,58.30611836712762,55.00914389070138,57.68417261963464,14604000
2020-02-28,54.39579391479492,54.64328427074478,52.31258890556914,53.40368816785094,27468400
2020-03-02,57.750877380371094,57.86923876240955,54.303255687323585,54.587327601539556,19305600
2020-03-03,57.062198638916016,59.03134358058966,56.575834740215626,57.91011569388344,15636000
2020-03-04,60.73581314086914,60.81113702014539,57.93381605912392,57.93381605912392,14713200
2020-03-05,59.431640625,60.22790358549629,58.63106931582557,59.62317168064086,12412000
2020-03-06,58.49763870239258,58.732213826529055,56.319742292695636,57.796060936601634,14556400
2020-03-09,56.22936248779297,57.31400910727405,54.76165042486217,54.76165042486217,15564400
2020-03-10,55.034950256347656,57.52920483090037,52.14686929593083,57.1655040455025,23743600
2020-03-11,51.92090606689453,53.63395742349165,51.33984708023103,53.629652358520126,19631200
2020-03-12,44.95465087890625,49.854921813707215,44.34346296067041,46.512752847681895,31668400
2020-03-13,47.68132781982422,47.77386866437785,42.25810463518802,47.35636598609998,31586400
2020-03-16,43.3362922668457,47.48764285731574,42.33988471654321,42.611044728098484,20240400
2020-03-17,47.724369049072266,48.953204161064825,43.902288632635354,44.216492731448014,21538000
2020-03-18,45.33126449584961,49.065112378312726,42.98980807499877,44.99123657563026,22198000
2020-03-19,44.569435119628906,47.696397064567094,43.157672410640195,45.19568589470532,17441200
2020-03-20,41.265995025634766,45.17200575756502,40.21363158110496,44.27889687887537,22482400
2020-03-23,39.09455490112305,40.58163797989347,37.61823284301079,40.17274218150058,23661600
2020-03-24,44.4467658996582,44.86641950143925,40.1340128105958,40.42669488636671,17900800
2020-03-25,45.25163269042969,47.39940028323133,41.98048290766634,44.26382884491007,17794400
2020-03-26,49.734405517578125,50.39509018346011,45.322656118256745,45.387215677546195,14655200
2020-03-27,49.91732406616211,51.71861109298622,48.07515041770448,48.52493280989333,16184400
2020-03-30,52.943138122558594,53.42089851394248,50.43597479683689,51.070835572331,16373600
2020-03-31,51.78316879272461,53.34987735082079,51.4689680384713,52.10382878574399,18899200
2020-04-01,46.964683532714844,49.925937790614704,45.84775723034264,49.70427455615653,13691200
2020-04-02,48.73368453979492,49.39867420104142,46.084483631025336,46.2695620104191,9234400
2020-04-03,47.69855499267578,49.18994357540928,46.81620357985593,48.197837600699586,8755600
2020-04-06,50.46825408935547,51.01272820231526,49.07156105341612,49.66768280788847,13267600
2020-04-07,49.172725677490234,51.86281739350193,49.10170686213112,51.72508482899426,10507200
2020-04-08,50.25090408325195,50.829812240283296,48.215041599288526,49.41805289080466,18290800
2020-04-09,52.786041259765625,53.98904916421095,50.655490505965794,50.75448401561899,19587600
2020-04-13,50.83411407470703,52.482599376927965,50.44028435034042,52.200678359873805,10757200
2020-04-14,52.16194534301758,52.72148234113153,51.29896198628141,52.04788573908731,11673200
2020-04-15,51.051475524902344,51.94888956404459,50.68777466565563,51.658358398049124,9990800
2020-04-16,51.10742950439453,51.819765153413286,50.72005570141977,51.64544776302535,10331200
2020-04-17,52.996952056884766,53.18418465338083,51.38505137381751,52.18992462796228,10952800
2020-04-20,51.13540267944336,53.220761778527134,51.02779903787084,52.8226269911878,8714400
2020-04-21,50.66410446166992,51.25592456341679,49.725800459911866,50.58878387354754,10622000
2020-04-22,53.192787170410156,53.52205407189914,51.204270565270456,51.204270565270456,11759600
2020-04-23,51.89508819580078,53.31760858029414,51.67773000494821,53.02492652091297,9360400
2020-04-24,51.58518600463867,52.0694024000836,50.778158678897135,52.02205653426922,8029200
2020-04-27,52.42449951171875,53.00986362950958,51.957496781700996,52.1038394530501,8457600
2020-04-28,51.499107360839844,53.13468086465346,51.24085925853272,52.99694832450282,8464800
2020-04-29,50.6016845703125,52.153327090569945,50.20570071250028,52.07800651914318,9901600
2020-04-30,49.73871612548828,50.336992228958,49.260955599148694,50.32838538079293,17934800
2020-05-01,48.862815856933594,49.50198177101201,48.421640255621845,49.47830883775716,9168000
2020-05-04,49.51703643798828,49.74946066708382,48.4087203899792,48.85204680918284,9077200
2020-05-05,49.519203186035156,50.47687505570954,49.366404551550886,49.79036321359825,8042000
2020-05-06,47.918052673339844,49.747314512127375,47.90944254340443,49.69566358392215,7377600
2020-05-07,48.30974197387695,49.19424425816759,47.94389015861927,48.46469151884782,8692000
2020-05-08,49.4395751953125,49.63326374768327,48.58090011635198,48.93599086999389,11308800
2020-05-11,48.933834075927734,49.127519321130414,48.23010532643349,48.806859280629986,7854400
2020-05-12,49.05220031738281,49.37501128057507,48.47975137167876,49.11030721022224,9565200
2020-05-13,49.52349853515625,49.6117343086254,48.63684558678042,48.81761891500806,14076800
2020-05-14,49.977596282958984,50.214325654537646,48.91447156954732,49.01777345012883,11595600
2020-05-15,49.03498840332031,49.68706630994717,48.03857747659476,49.504138777306665,20232400
2020-05-18,50.670555114746094,50.982605024427215,50.0335433835602,50.34559329324132,9123200
2020-05-19,49.60527801513672,50.51560388961574,49.596671168814126,50.34128651831151,6532800
2020-05-20,50.09811019897461,50.838423899583226,49.66984973704804,49.99266071460623,5847200
2020-05-21,49.26095199584961,50.24660187071382,49.082332818113564,50.07874043144641,8308400
2020-05-22,50.32623291015625,50.36066358553908,48.88434124442464,49.24589124827057,5990000
2020-05-26,50.42522430419922,51.305421414396854,50.31546975821712,50.86209488099865,7658800
2020-05-27,51.89292907714844,51.91660200774946,50.560795575822546,51.1655274675916,12343600
2020-05-28,54.094505310058594,54.245149758426535,52.43310474508029,52.596661105622246,12416000
2020-05-29,54.99837112426758,55.20282066423484,53.69421555248926,53.82549212266708,15309600
2020-06-01,55.320796966552734,55.900727865157705,54.368670329303356,54.9832248551987,6655600
2020-06-02,55.52637481689453,56.33351545852007,54.90532544793792,55.30349057324759,10640000
2020-06-03,56.171207427978516,56.75114481334421,55.54800207384847,55.87042504499475,7303200
2020-06-04,54.50716781616211,56.38112645814699,53.682711994936,55.75575486583092,12012400
2020-06-05,55.045982360839844,55.95050236509683,54.10034390870006,54.56991572502991,12370800
2020-06-08,56.3659782409668,56.422235857752916,54.22152558730165,54.7603413484019,8149200
2020-06-09,55.97430419921875,56.07816847173908,54.97673039001263,56.069510914435284,7990400
2020-06-10,55.5674934387207,56.45686442846556,55.30349403231548,56.004604395254916,6674400
2020-06-11,53.73680877685547,55.171493679808506,53.20448119098932,55.14985308535148,9718400
2020-06-12,53.42953109741211,54.55693539994206,52.85176289004163,54.481199923676314,8356800
2020-06-15,53.78874206542969,54.299425734468706,52.222057523653305,52.95562874061001,8404400
2020-06-16,53.70217514038086,54.89449771044109,53.377586095351596,54.859877388408094,8056800
2020-06-17,53.88178634643555,54.31457177893704,53.16985576280255,54.09601632420448,6767600
2020-06-18,53.86663818359375,54.08086816499055,53.308347871876386,53.70867242258507,6386800
2020-06-19,52.41248321533203,54.45306502095481,52.41248321533203,54.42277017162279,14452800
2020-06-22,53.4576530456543,53.70866937898502,52.05326648619928,52.626705840722266,7190800
2020-06-23,52.628868103027344,54.15227120271138,52.43411269898622,53.9185666989963,9306000
2020-06-24,52.29562759399414,52.90369060130845,51.61399185525117,52.22421760105779,6901200
2020-06-25,51.752479553222656,52.21988858335519,50.975630543238026,52.21988858335519,7824800
2020-06-26,51.11628341674805,52.38001598138163,50.81116891992906,51.60965850433637,10107200
2020-06-29,51.55340576171875,51.60750394482511,50.58396394309119,51.39543668968661,5793200
2020-06-30,51.97104263305664,52.325926585454596,51.39327442834179,51.69838897634918,9532400
2020-07-01,53.288875579833984,53.55720376921716,51.56855393732222,51.86284819920044,6024400
2020-07-02,53.31917190551758,54.03759741538981,53.178517939759985,53.70002525605854,5981200
2020-07-06,53.440345764160156,53.9142430312336,52.92533005149356,53.70650787616676,6256800
2020-07-07,53.3884162902832,53.738971467312666,52.72192626467687,52.8972038531916,6017200
2020-07-08,54.805789947509766,54.9940505738911,53.258579882060666,53.412220179628896,9633600
2020-07-09,54.528812408447266,54.82743216992038,53.786583529735864,54.364351798760595,6818800
2020-07-10,56.175559997558594,56.541264278418204,54.481204345401885,54.56992286469129,10079200
2020-07-13,55.44846725463867,56.78361321368857,55.26453542777022,56.04354722170699,9600800
2020-07-14,56.813899993896484,57.276983535601595,55.36623562358475,55.44846260321428,12154400
2020-07-15,56.045711517333984,57.651348320521414,56.004596374404855,57.25317992544131,8444800
2020-07-16,58.075477600097656,58.382751555649264,55.9916147091017,56.22964801509477,10142000
2020-07-17,59.59022903442383,60.04032299198106,58.19449333147987,58.439018164738805,12461600
2020-07-20,59.36301803588867,60.13121623262943,59.129316780079975,59.61620044981531,6368800
2020-07-21,59.7957878112793,60.49690460208138,59.23966362904327,59.274287251138006,5958400
2020-07-22,60.68083572387695,61.10928898615335,59.40195424546782,59.82608203168394,6368000
2020-07-23,60.79985427856445,61.52693054601495,60.39736044182658,60.589953105440806,8150000
2020-07-24,60.64406204223633,61.808255975869926,60.159344444564816,61.213175973671355,7716000
2020-07-27,60.077117919921875,60.938356805254195,59.746037289354035,60.80636040266538,8909200
2020-07-28,60.5986328125,61.301909310968725,59.860732678575744,59.9840781416767,6547600
2020-07-29,60.90156173706055,61.64162106954984,60.555332097891835,60.64188785673874,5381600
2020-07-30,61.09630584716797,61.11794643499196,60.40385326326203,60.62024593394143,4235200
2020-07-31,60.74142837524414,61.20017980369629,59.70058010490301,60.78903502935411,8030400
2020-08-03,60.06845474243164,60.99244928547065,59.817438393147725,60.83665286568937,8624400
2020-08-04,61.682735443115234,61.72169114732553,60.027332637060695,60.31080654093103,9142400
2020-08-05,61.407928466796875,61.8883205900739,61.01409211449781,61.719534525343164,6381600
2020-08-06,61.19801712036133,61.62214495056217,60.83014689989938,61.24562377708251,4588000
2020-08-07,62.273502349853516,62.62622357207419,61.13094894869817,61.20452168772237,4368800
2020-08-10,61.37763595581055,62.563463867548535,61.22399236566923,62.38386081068129,7240000
2020-08-11,60.111732482910156,61.58103422231567,59.81960100500027,61.45120387993919,6825200
2020-08-12,61.583194732666016,61.88181770087945,60.308645225056594,60.4298246029141,6124400
2020-08-13,61.542091369628906,61.77146713616392,61.15907861315789,61.245634384793014,3680000
2020-08-14,60.69815444946289,61.48582707452231,60.59428357250894,61.457694965944285,4912800
2020-08-17,61.236968994140625,61.687069515125664,60.66136361090433,61.03572536497753,4801200
2020-08-18,61.24995803833008,61.70871616152264,61.0660295055002,61.17855134489731,4764800
2020-08-19,61.09630584716797,61.51178268053572,60.983784035775564,61.50529116456654,5481600
2020-08-20,61.04653549194336,61.40358869525381,60.71112948106562,60.75873613458831,3631200
2020-08-21,61.11148452758789,61.24781303277202,60.68735653662437,61.16558272146836,5685600
2020-08-24,61.1590690612793,61.26509936968876,60.64621942556187,61.239133302631835,3548800
2020-08-25,60.873443603515625,61.379801842978296,60.40387503699329,61.36898484705723,4051600
2020-08-26,60.37355422973633,60.89506135084107,60.19178518149827,60.61807900060496,5238800
2020-08-27,60.651954650878906,60.99993046819266,60.156091268259985,60.460567619502015,4555600
2020-08-28,60.79766082763672,60.88900704490559,60.29527322537339,60.804185083364054,4618400
2020-08-31,60.71502685546875,61.68935117896039,60.608455154771846,60.75634272000373,6013600
2020-09-01,60.2713623046875,60.79114578866785,59.601507642053264,60.682403752001385,5729600
2020-09-02,62.69194412231445,63.00512163405477,59.953821177140995,60.3431127842621,9754400
2020-09-03,61.02385330200195,63.30743599573213,60.449698818863595,62.75502460953114,7855200
2020-09-04,60.31269073486328,62.20045108395063,59.327488051359744,61.587144343998006,7247600
2020-09-08,60.441001892089844,61.076051693363645,59.87336498803326,60.40402667791271,7158000
2020-09-09,61.41097640991211,62.378783186111555,60.8607419726872,60.89554022069234,4781600
2020-09-10,60.22349166870117,61.3283074029325,60.11909696553512,61.12604888781505,4362800
2020-09-11,60.493202209472656,60.71938753605207,59.90599911083536,60.497556139289735,3932800
2020-09-14,61.31309509277344,61.76328194982651,60.55407138374859,60.797652413305975,3916400
2020-09-15,64.3100357055664,65.09297296939282,63.320479304035445,64.29915752090488,10827600
2020-09-16,60.97164535522461,62.407041191589556,60.70631458960235,61.9329209914188,19501600
2020-09-17,60.791133880615234,60.95424690366359,59.98426998498679,60.460560543254836,9385600
2020-09-18,60.22568130493164,61.32832030743846,59.99079483265511,60.67152091749743,14386000
2020-09-21,60.06909942626953,60.17566449073633,59.062147176603055,59.8081159020441,7558800
2020-09-22,60.47360610961914,60.884654093487924,59.80158128383172,60.343114370117036,7192800
2020-09-23,59.440555572509766,60.60409637946876,59.399233078718076,60.60409637946876,5855200
2020-09-24,60.36051940917969,60.84333422018004,59.277446552858386,59.31006782986803,7478400
2020-09-25,61.291351318359375,61.35877083712244,59.662391410053004,59.895100916537615,5456800
2020-09-28,61.795921325683594,62.206962730048566,61.469695249770936,61.64802712708411,6918400
2020-09-29,61.57407760620117,62.18520720047257,61.373996015062076,61.78721434527932,7094000
2020-09-30,60.364864349365234,61.576251939468,58.09868456687874,61.06734012668071,23238400
2020-10-01,61.495792388916016,61.77417170873196,60.599759160667375,60.69544603699445,10018400
2020-10-02,61.14998245239258,62.45053259382399,60.569297221193224,60.62801551496539,8306000
2020-10-05,62.61581802368164,62.848527492074815,61.53274533530844,61.730656567925415,6599200
2020-10-06,63.13127517700195,63.614090074848384,62.03950754182085,62.774604755730806,7288400
2020-10-07,64.6188735961914,64.76023693129328,62.96164584520504,63.71196863187425,10130400
2020-10-08,65.47138977050781,65.6758252756887,64.57752701707474,64.95595371660394,5694400
2020-10-09,65.87808990478516,66.05425144234606,65.31045312157755,66.05425144234606,6472000
2020-10-12,66.47832489013672,66.99810810260124,65.68015583762097,65.89763979734819,5816400
2020-10-13,65.56492614746094,66.18475710556685,65.02774020204748,65.8976765258207,8596800
2020-10-14,65.38441467285156,65.95856917235724,64.96031807709151,65.680189825336,5501200
2020-10-15,64.9103012084961,65.2213085088835,64.3013483966447,64.80591309051464,5739200
2020-10-16,66.46312713623047,66.59361889390067,64.96683580739665,65.14952161330034,7449600
2020-10-19,65.1473617553711,66.90463706097198,64.84071500439336,66.36092679215037,7710400
2020-10-20,65.46051788330078,66.13689668666466,65.11907299090606,65.51054160094057,6003200
2020-10-21,64.74064636230469,65.78457371927074,64.2513072804073,65.00597715219472,7796000
2020-10-22,65.73890686035156,66.18257621755947,65.07558310763156,65.16257540743446,8463600
2020-10-23,65.91289520263672,66.45225141998235,65.60189459188187,65.91941945890827,5617200
2020-10-26,65.82154083251953,65.88679002424732,64.71889519947062,65.5235887711785,5707600
2020-10-27,65.92376708984375,66.48922697227107,65.26261369021702,66.23694466666237,4834200
2020-10-28,64.77545166015625,66.15865373360099,64.62756409219725,65.0190327455209,7508900
2020-10-29,64.38397216796875,65.27130406342968,63.45314081297852,64.70584427497715,7753100
2020-10-30,63.688026428222656,64.67975313446553,63.07037254184939,64.14039695494631,8790500
2020-11-02,65.35830688476562,65.63668621422049,64.13170024585368,64.46227362549172,9233600
2020-11-03,66.13253784179688,66.92418285992528,65.5844805010749,66.15864149933317,6887900
2020-11-04,63.78371047973633,65.16691224096203,63.5053312111435,64.81893649594966,12128800
2020-11-05,65.0277328491211,66.33263718723055,64.80154757213118,65.50620042792923,8644100
2020-11-06,65.87157440185547,66.16734954325361,64.47967771892057,65.24521923526304,6076100
2020-11-09,65.68889617919922,72.50049281071088,65.5497031762692,70.5431360073493,12864500
2020-11-10,66.10646057128906,67.44616333038857,65.51490359502549,67.32437277384203,8649200
2020-11-11,67.45484924316406,68.18559241659979,66.29783258147144,66.55881607889052,6903300
2020-11-12,66.697998046875,67.768022351788,66.13253826418392,67.51574009067704,5901900
2020-11-13,67.1503677368164,67.62013401365263,66.80239197948377,66.98507775873917,6235000
2020-11-16,67.63755798339844,68.09862323311964,66.39354861288263,68.0290267252516,7667600
2020-11-17,66.64580535888672,68.26388704087735,66.4544183543588,67.63753198499894,5866300
2020-11-18,65.93245697021484,67.29825636422225,65.91505453166994,67.26345812421808,6501900
2020-11-19,65.35830688476562,66.13254960222093,65.07992755531076,66.06295974767228,7392300
2020-11-20,65.72368621826172,66.40223543004686,65.46270268891966,65.4887997144365,5891000
2020-11-23,64.87113189697266,66.13253653241019,64.48835790571252,66.11514073148265,7634600
2020-11-24,65.22782135009766,65.81937825111393,64.81895026066316,65.6540882437885,6699600
2020-11-25,66.39901733398438,66.44271414671017,65.10547031578835,65.26279351167415,6443100
2020-11-27,65.66482543945312,66.53884151612037,65.28899825975768,66.46892529782923,3669300
2020-11-30,64.31881713867188,65.90079021245396,64.02165497842122,65.81338996933384,13120300
2020-12-01,64.80828857421875,66.04938970994498,64.63348137102373,64.78206916079274,8099500
2020-12-02,64.9481201171875,64.9918235799582,63.72450317815449,64.79953901290666,5128800
2020-12-03,64.10907745361328,65.15790073940443,63.820650549904705,64.71215067623785,7660500
2020-12-04,63.383628845214844,64.28387080520852,62.876704701363295,63.908043709121685,7763800
2020-12-07,64.03913879394531,64.49363077297178,63.2787492673696,63.36614951927106,6752200
2020-12-08,64.3974838256836,64.93063399229689,63.04275668070661,63.68079114292313,8255400
2020-12-09,64.3887710571289,64.58979771465651,63.322470239404915,64.27515135309159,6683700
2020-12-10,64.04788970947266,64.77332457054787,63.794424276029055,64.49363972471573,6204600
2020-12-11,64.50238800048828,64.58104624527417,63.81191451177652,63.925534199205025,6022500
2020-12-14,64.28388214111328,65.7434873214531,64.24017867201032,65.02679443837145,5759900
2020-12-15,65.47254180908203,65.81340751587668,64.05663348748,64.3800218082754,6859400
2020-12-16,65.06175231933594,66.20671113047042,64.85198368097767,65.70852228374194,7787700
2020-12-17,65.6036376953125,66.44269224066355,65.411353111713,65.6036376953125,9384200
2020-12-18,65.12294006347656,66.02317556000715,64.61600913611701,65.6298643226226,13298300
2020-12-21,65.02679443359375,65.15789817267984,63.69828632423408,64.62474785708608,7251400
2020-12-22,65.29774475097656,65.75223687610936,64.57230975738524,65.0617633281601,5335300
2020-12-23,64.9655990600586,66.03189945296222,64.9655990600586,65.69103380843882,4626400
2020-12-24,65.53370666503906,65.69102977347977,64.81701398618948,65.07047269647775,1387500
2020-12-28,65.9794692993164,66.32033502304444,65.58616474677275,65.92703047050078,3753700
2020-12-29,65.8396224975586,66.31159190632609,65.64733792344454,66.08434589435379,3774900
2020-12-30,66.34656524658203,66.66994693541272,65.99695747349344,66.10183513767046,3804800
2020-12-31,67.43031311035156,67.46527453880734,66.12803157437476,66.33779347689872,4119400
2021-01-04,64.86947631835938,67.73624807312048,64.31010654514813,67.48278260272575,9388400
2021-01-05,65.35017395019531,65.70852371403136,64.72962338502326,65.1229345893467,7339800
2021-01-06,68.549072265625,69.3706494049224,66.0756054892132,66.9933249179268,12155700
2021-01-07,69.30073547363281,70.49813989843764,68.95112770955275,69.83388581350687,8816000
2021-01-08,70.90890502929688,70.97882789916592,69.43182274553166,69.7726884008784,8376200
2021-01-11,69.65035247802734,70.79531155577989,69.02105975283945,70.77783416595327,7064300
2021-01-12,69.7027587890625,70.4019740836981,68.64520049037931,69.61535854428587,7669300
2021-01-13,71.52947998046875,71.87908778127293,70.06113921987671,70.44570179936855,8542600
2021-01-14,72.13253021240234,72.3160727488055,70.92639068680508,71.63434142267607,8899000
2021-01-15,71.70426940917969,72.77056993614943,71.6256045061313,72.05387712316833,10561600
2021-01-19,72.37726593017578,72.71813165133727,71.45955309174607,72.10632309238413,8142700
2021-01-20,73.4610366821289,74.31756850217828,72.03638654363216,72.23741312813219,8576800
2021-01-21,73.16387939453125,74.0728568450872,73.11144056776111,73.63584884010143,9268600
2021-01-22,73.60089111328125,73.89806003913691,73.02404398506414,73.37364507212261,6371800
2021-01-25,75.92578887939453,76.64248188897132,73.50476029718737,73.52224435519973,13215600
2021-01-26,74.4924087524414,76.26666069281796,74.07287801374723,75.73351024091374,12476900
2021-01-27,70.08733367919922,74.11654731184761,69.58040288196699,73.94174013958902,16893300
2021-01-28,72.07134246826172,73.29496592870277,69.96496784602806,70.50685337738365,8541300
2021-01-29,70.68167877197266,72.0713610594281,70.11356701862655,71.5119913334848,13189700
2021-02-01,71.40711212158203,72.66569742916766,70.6641997762708,71.90530102779908,5589500
2021-02-02,72.48214721679688,73.8281326582836,71.71301553661,71.76545436283257,6645400
2021-02-03,72.58702850341797,73.31245668595555,72.46466680187126,72.93662955457278,5971200
2021-02-04,72.5433349609375,73.02404647434962,72.16750777814627,72.56081234860089,6398400
2021-02-05,73.0677261352539,73.8980452210549,72.54331794160757,72.87544157500079,5745800
2021-02-08,72.89292907714844,74.05537185136666,72.65694104449936,73.41733729561753,6792300
2021-02-09,73.26875305175781,73.74072242863117,72.54331826869993,73.03276502921513,5008900
2021-02-10,73.33869171142578,74.28262400017442,72.93663845077593,74.24766255715211,6200800
2021-02-11,73.3736572265625,74.11657633016048,73.08523694878342,73.417360703791,4417200
2021-02-12,72.6569595336914,73.56593712217997,72.21121610208003,73.44357539567324,5787200
2021-02-16,70.96136474609375,73.04152053025422,70.78655753636605,72.79679710484866,8312600
2021-02-17,70.51561737060547,70.82152166396273,69.58916246266246,70.64672111581957,8598300
2021-02-18,70.559326171875,71.04877307821997,69.8688526185875,70.64672645254889,5378900
2021-02-19,68.26065826416016,70.4282211956461,68.12955451131545,70.3058594711814,9660900
2021-02-22,65.63861083984375,68.12082014716457,65.15790596333647,67.9984584209108,13190300
2021-02-23,65.29774475097656,65.55121023072103,64.07412082636031,65.55121023072103,12719000
2021-02-24,64.46743774414062,65.47255772282958,64.09161050578614,65.40263482541141,12302200
2021-02-25,65.06925201416016,65.31525946398908,63.88314083637057,64.44544549403675,11747100
2021-02-26,64.5596694946289,66.38715632199924,64.55088159887796,65.1307553576319,12583200
2021-03-01,66.69468688964844,67.5732889667412,65.34163888654136,65.57885849794758,12272600
2021-03-02,66.36959075927734,67.52055714537448,66.2905130997191,67.32726364778854,8738500
2021-03-03,63.716209411621094,66.71224522914521,63.338410311236544,66.58045359818301,11748900
2021-03-04,62.63552474975586,64.19064702665324,61.93264061025878,63.514126572527246,11998700
2021-03-05,62.117149353027344,63.25933446209528,60.034867217031554,62.91668027001496,15509900
2021-03-08,62.25774002075195,63.64593282886413,61.98537553805707,62.380743767982,12479400
2021-03-09,65.03410339355469,65.64034079089754,63.54048298941129,63.61956063842117,9363700
2021-03-10,65.42070007324219,65.66670754552906,63.86557757874245,64.84960746788998,8247200
2021-03-11,65.77214050292969,66.37837797492433,65.42069839303134,65.8599993546041,6602500
2021-03-12,66.48379516601562,66.7825232572487,65.05167667599717,66.05328217017934,6113100
2021-03-15,66.3520278930664,66.95826548937957,65.93030263726756,66.32567090247923,7129200
2021-03-16,66.2290267944336,67.07248404310427,66.00937625978386,66.0445211497121,6512700
2021-03-17,64.10281372070312,66.0620995153829,63.97102205414753,65.8951629575323,10343300
2021-03-18,62.49494934082031,64.14672516605017,61.73935118740673,64.13793727034991,14198800
2021-03-19,62.24018096923828,63.81287982125578,61.55487227797773,62.538909223728155,22806700
2021-03-22,62.98698425292969,63.637147904835665,62.16988406346877,62.16988406346877,10057700
2021-03-23,65.03410339355469,65.27132963738444,62.8815316281951,62.89031952324062,10723800
2021-03-24,63.988590240478516,64.71783156590656,63.619578980575824,64.51575014079691,14537400
2021-03-25,64.53329467773438,64.77930879392923,63.672268732249805,64.23457330572523,6823600
2021-03-26,65.06925201416016,65.13075387661739,63.821638973913345,64.2257950276609,10106000
2021-03-29,65.71943664550781,66.07087210628453,64.7441878244884,65.113199080225,8644500
2021-03-30,65.20984649658203,65.50856798187706,64.78811455493997,65.1131997329391,5964600
2021-03-31,66.43110656738281,66.72104687460752,65.39435580174475,65.49100257081965,9430500
2021-04-01,66.57167053222656,67.10761828801279,66.22901628878309,66.33445094184312,6548900
2021-04-05,67.45906829833984,68.08287498618411,67.24820567082115,67.24820567082115,7328400
2021-04-06,68.14437866210938,68.31131521086482,66.72982870476648,67.27456443535641,6570500
2021-04-07,68.01258087158203,68.5836667824372,67.45905734729946,68.18829858212193,6761600
2021-04-08,68.3200912475586,68.89118387023238,68.03893888453165,68.26737057104029,7454600
2021-04-09,68.4782485961914,68.6891112195294,68.19709619734009,68.44310370843475,4969600
2021-04-12,68.21466064453125,68.78575330108488,67.8368615058759,68.33766439170262,6052900
2021-04-13,69.44471740722656,69.58529027095963,67.8720186939469,67.89837568694668,6319000
2021-04-14,69.5237808227539,69.61164639413124,68.86482925663574,69.0054088082779,4478200
2021-04-15,70.44630432128906,70.52537527891833,69.42712284606161,69.59405936088011,5012400
2021-04-16,71.11404418945312,71.52698817969299,70.50780669712643,70.92953858378868,15124100
2021-04-19,70.1036605834961,71.49185347501924,69.95429983905676,71.1667682931202,7658200
2021-04-20,70.75381469726562,71.1316138078251,69.96307159339682,69.98943528285993,7192100
2021-04-21,68.50459289550781,71.32490425928862,68.25858542998685,71.06132100154433,8565100
2021-04-22,68.81211853027344,69.67315156679217,68.54853521008138,68.70668386155616,8261700
2021-04-23,68.74181365966797,69.08446787877054,68.3815903512374,68.6978875847476,6034900
2021-04-26,68.46946716308594,69.06691690495421,68.12681285410882,68.87362335564352,7425100
2021-04-27,67.89835357666016,68.66273964075411,67.72263587841353,68.46944615076251,5871900
2021-04-28,67.73143005371094,68.04772733374253,67.32727390771541,67.87200960181467,5522200
2021-04-29,67.84565734863281,68.32888449676929,67.35364230232592,67.74022268019465,5558700
2021-04-30,68.1004409790039,68.21465682263481,67.37998762742187,67.86321469189211,8024600
2021-05-03,67.3887710571289,68.52216844720469,67.23062242820667,68.38159561216345,6076000
2021-05-04,66.50138854980469,67.13398307206512,65.6842884090852,66.94947075040466,9178300
2021-05-05,64.8232650756836,66.68590403307846,64.4893986743025,66.5629002692432,10643200
2021-05-06,65.02534484863281,65.18349349853246,64.41031934204435,65.01655695052666,7069200
2021-05-07,65.48221588134766,66.44867688673223,65.45585888987752,65.45585888987752,5677400
2021-05-10,65.71943664550781,66.52774893041705,65.24499072961714,65.31527379985145,6210400
2021-05-11,65.07804870605469,65.14833847356381,63.865580380927476,64.68268049441788,10515100
2021-05-12,62.85517883300781,64.71781721793351,62.82003395368464,64.57723770064086,9093200
2021-05-13,63.81284713745117,64.26093593808123,62.978178098049945,63.391122021846286,5469300
2021-05-14,64.24337768554688,64.70903565152445,63.953437430171824,64.13794303726476,5446200
2021-05-17,63.17149353027344,64.27853407419283,63.00455698307864,64.13795451798622,10369300
2021-05-18,63.514137268066406,63.84800360378938,62.62674740073825,63.03969139949099,8195100
2021-05-19,63.83921813964844,63.89193210934109,62.5564534493884,62.916683450823214,8486600
2021-05-20,65.27135467529297,65.69307995445203,64.12916919643249,64.25217296145408,10798500
2021-05-21,65.40312194824219,66.1147872809265,65.00774710537316,65.52612566739256,8689300
2021-05-24,65.04290008544922,65.78971038852468,64.94625333647701,65.69306363955248,6746900
2021-05-25,64.4630355834961,65.03412156018402,64.26974205769942,65.03412156018402,7440600
2021-05-26,64.55088806152344,64.84960951495825,64.18187684144476,64.48938619151032,7408800
2021-05-27,64.13795471191406,64.8496202835558,63.96223696932669,64.68269043905845,10956100
2021-05-28,64.33123779296875,65.2186276661456,64.30488080618547,64.66510413089219,9177500
2021-06-01,63.699710845947266,64.83026477022926,63.62904954102141,64.83026477022926,9056100
2021-06-02,64.2208480834961,64.6271406387765,63.434759288052526,63.664405250127736,6421000
2021-06-03,63.92053985595703,64.45932066079784,63.61139824699592,63.61139824699592,8871500
2021-06-04,63.89403533935547,64.37982350917544,63.82338075535544,64.19434259123544,6586300
2021-06-07,64.00886535644531,64.43281983937887,63.69089612492765,64.09718864550355,5988500
2021-06-08,63.71737289428711,64.57412268650188,63.33757680305684,64.4063037717204,5803000
2021-06-09,63.991188049316406,64.38865290457619,63.655556900579924,63.920533470753114,6660400
2021-06-10,64.92742919921875,64.96275985539248,63.74387580261643,63.89402603737957,8203300
2021-06-11,64.9097671508789,65.00692478065065,64.40631704144091,65.00692478065065,4548400
2021-06-14,64.75077056884766,65.30721993431983,64.50346273469695,65.01574709894231,4991900
2021-06-15,64.85676574707031,65.42204274993274,64.53879659063102,64.84793139865994,7770300
2021-06-16,64.74195861816406,65.8813404526989,64.57413965927279,65.36022835307712,9646200
2021-06-17,65.87250518798828,66.21697067722393,64.4946364924118,64.77727501533936,10553800
2021-06-18,64.72428894042969,66.17281235917902,64.50347736149065,65.74885790125144,17539000
2021-06-21,65.65169525146484,65.82834180566597,64.14134497555271,65.08641819166033,6499700
2021-06-22,65.4573974609375,66.01384031988573,65.43090114460223,65.51922444526508,5513100
2021-06-23,64.78612518310547,65.63404095892182,64.48582462732358,65.46622871718776,6079700
2021-06-24,64.3709945678711,64.99809869701731,64.11485230577445,64.90094779352496,7925200
2021-06-25,65.236572265625,65.32489554790966,64.662460822823,64.6712951726418,6676800
2021-06-28,66.3759536743164,66.99422332255702,65.9166618739373,66.04031580358541,8444300
2021-06-29,65.43087768554688,66.81757389855001,65.38671268173206,66.02265100031782,6477400
2021-06-30,64.72428894042969,65.79301617385849,64.53880802275705,65.5987009062106,8672600
2021-07-01,65.52803039550781,65.78417257345704,64.54762668421807,64.741941904637,6423000
2021-07-02,65.6075210571289,65.74884367160887,65.11290538371536,65.65168605881219,4282300
2021-07-06,66.35829162597656,66.39362228636399,65.39555640029809,65.81068323655741,6957200
2021-07-07,66.53494262695312,66.78225050247815,66.11098145560007,66.47311565807188,5661800
2021-07-08,66.35829162597656,67.1443802883523,65.73118756602706,65.90784086796425,5881400
2021-07-09,66.23462677001953,66.6144228833099,65.60752281340211,66.2434611183193,5592800
2021-07-12,66.3229751586914,66.67627509953743,65.69587096454174,66.42013281088995,5743500
2021-07-13,66.11982727050781,66.91475039299144,65.91667762973712,66.33180452362498,5165500
2021-07-14,66.86173248291016,67.27685926167052,65.9254936975415,66.24346285835227,6956100
2021-07-15,67.85096740722656,67.90396001864065,66.41127864186741,66.82640540096622,7638200
2021-07-16,68.82254791259766,69.20234407918927,67.8951433699676,67.8951433699676,9088000
2021-07-19,68.0011215209961,69.22883317227897,67.1443716480936,68.38975199661378,9891800
2021-07-20,68.16010284423828,68.62822221914237,67.88629869785287,68.02761457582709,6562000
2021-07-21,67.02072143554688,68.25726750396471,66.95889446905768,68.16010987967684,8931900
2021-07-22,67.23271179199219,67.70083125984355,67.02956217494095,67.117885458541,5534800
2021-07-23,68.18660736083984,68.37209500213085,67.05605324637808,67.59483399446285,4953500
2021-07-26,67.93048095703125,68.13362384671866,67.51535408858092,67.8244889676498,6014000
2021-07-27,68.76954650878906,68.87553847382327,67.22386572986571,67.90396230759329,7592100
2021-07-28,68.76072692871094,69.18468814127213,68.20428415469455,68.7960575913106,5177500
2021-07-29,69.03453826904297,69.24651550720318,68.5575844292063,68.89321561784622,4141900
2021-07-30,68.80488586425781,69.64396712632278,68.6635632263418,68.87554718321583,5488900
2021-08-02,69.60863494873047,69.6969649648187,69.00802722795476,69.30833445765967,7520700
2021-08-03,70.14742279052734,70.52721898673295,69.22001817558446,69.55564935928263,6249400
2021-08-04,70.54489135742188,70.65971096182619,69.57331494078863,70.0944338132224,8050200
2021-08-05,71.09246826171875,71.20729455381108,70.24455291502358,70.47419876057607,6283700
2021-08-06,71.19849395751953,71.54295951982043,70.71270573446166,71.09250196195181,4634300
2021-08-09,71.1543197631836,71.66660423439501,70.76569597350122,71.50761963086852,5621600
2021-08-10,71.12781524658203,71.37512310384002,70.83634238397066,71.26030352400845,4506800
2021-08-11,72.75302124023438,73.67159846706788,71.51647471416479,71.66662501140503,9419300
2021-08-12,73.30946350097656,73.42428312633405,72.27606665684998,72.4438789187361,6762800
2021-08-13,73.7068862915039,73.79521629473751,73.15927800780115,73.53023976230298,3999500
2021-08-16,74.14852905273438,74.57249026953994,73.44193600957168,73.70690587376959,8579700
2021-08-17,74.15736389160156,74.19269455478766,73.41544018059848,73.83939466156167,5257000
2021-08-18,74.56364440917969,75.04059817747323,74.09552498991951,74.39583220934902,9511700
2021-08-19,74.678466796875,75.16424814997852,74.122017393861,74.16618239806748,6968000
2021-08-20,76.20648956298828,76.33897785550164,74.21035104138802,74.66964289028304,7589700
2021-08-23,74.5459976196289,76.02985184340174,74.20153206220265,75.79137154140801,8837100
2021-08-24,74.31632232666016,74.61662948863305,73.67155648189653,74.3958179754831,5786100
2021-08-25,74.66081237792969,74.95228528871343,73.82173104660845,74.31634684287067,5930000
2021-08-26,74.36356353759766,74.70073712154709,74.23934382860568,74.62975249656127,5294000
2021-08-27,74.0086441040039,74.70072718186096,73.94652748830673,74.47890533539572,5974200
2021-08-30,74.48778533935547,74.75397430579777,73.6537396654717,73.87556154768475,6001700
2021-08-31,74.52326965332031,74.92255306012363,74.09737547608918,74.3724324142787,6844000
2021-09-01,75.72111511230469,76.09378102241331,74.58538814874828,74.6652475471525,5862300
2021-09-02,76.73265075683594,76.75926830731657,75.79212109988585,75.79212109988585,5214000
2021-09-03,76.03165435791016,76.58176817644839,75.75659067917586,76.09376420095367,4621100
2021-09-07,75.446044921875,75.85419630479134,74.94916615475344,75.80983599742149,6791300
2021-09-08,76.69711303710938,77.16737420250924,75.23308770199303,75.52589412290922,6230100
2021-09-09,76.16474151611328,76.90119162814895,76.08488890538094,76.56402487817046,4108300
2021-09-10,75.35731506347656,76.28009472173734,75.0645086126941,76.28009472173734,5508000
2021-09-13,75.04678344726562,76.25349507038749,74.87819664464118,76.20912798460205,6498800
2021-09-14,75.10001373291016,75.58802456748025,74.93142694106477,75.23310821228985,4658200
2021-09-15,75.07337951660156,75.54364070575728,74.5853687904221,74.82494015398835,5707000
2021-09-16,74.53214263916016,75.3928125122745,74.23046816829758,74.95804357566314,5380600
2021-09-17,72.43814086914062,74.47002977347181,72.35828825460649,73.99976854708517,15390400
2021-09-20,72.48251342773438,73.2367064008369,71.56860844401884,72.34941895731252,8994100
2021-09-21,72.68656921386719,73.5206213872763,72.51798924118353,72.69544398173403,6450700
2021-09-22,72.6688461303711,73.56500838265,72.37603963663646,72.83742614871561,5662200
2021-09-23,72.10984802246094,73.09473763269224,71.99450309106544,72.91728285062747,6414300
2021-09-24,71.60409545898438,72.51800723098366,71.41776590434358,72.08323150068904,6113800
2021-09-27,69.88276672363281,71.68395929975141,69.69643715742743,70.9918761197124,8600900
2021-09-28,68.56070709228516,69.73192640599622,68.3300171996594,69.63433100186495,9257400
2021-09-29,69.51897430419922,70.12233007526508,68.72041419992581,68.87125821979208,7496100
2021-09-30,69.6697998046875,70.45949177478981,69.11968597966161,69.95373148615852,10186800
2021-10-01,70.28204345703125,70.61921027671261,69.22616914485388,70.11345666245731,7961100
2021-10-04,70.4151382446289,70.91201709041725,69.66094520528115,70.14008127920559,6027800
2021-10-05,70.52161407470703,70.8942732031853,70.17556571887269,70.47724699154541,5434600
2021-10-06,72.02998352050781,72.12758566538443,69.78514772727563,70.32639352360412,6876200
2021-10-07,71.79930114746094,73.29881915260394,71.68395621224465,72.29618673874042,5753200
2021-10-08,71.16932678222656,71.89690223302306,71.11609170053559,71.87915946228144,3592900
2021-10-11,69.05757904052734,70.4151276612065,68.97771965547622,70.27315842976697,8798700
2021-10-12,69.98036193847656,70.25541887514409,68.82688557338187,69.29714682747766,7791200
2021-10-13,71.15157318115234,71.30241040262783,69.73190803713685,70.13119139744062,6260100
2021-10-14,72.2784423828125,72.62448398274924,71.16933295494685,71.30242744018408,6486000
2021-10-15,72.46475982666016,73.15684291070666,72.04773366846146,72.70433121388584,14634200
2021-10-18,71.86141967773438,72.45590750500908,71.65734732390408,72.1719689788677,4942100
2021-10-19,72.78421020507812,72.89068716792575,72.06550932189383,72.50915317955683,5717500
2021-10-20,74.461181640625,75.11777940806799,73.09475777980747,73.42305666352897,6942600
2021-10-21,74.36356353759766,75.15324887453224,74.28371091158843,74.71847989306033,4945000
2021-10-22,74.9048080444336,75.05564529258504,74.30145228236151,74.50553138298181,4732400
2021-10-25,74.78945922851562,75.25084571935876,74.47003520813732,74.88706138860155,3987300
2021-10-26,75.83645629882812,76.55515693738121,74.86044149807888,74.89593380694723,6969100
2021-10-27,75.42831420898438,76.61727624019724,75.20649232828347,76.31560173178798,4356900
2021-10-28,76.67938232421875,76.74149217698121,75.17987108767768,75.34845110548078,6568400
2021-10-29,75.71224975585938,76.71488227007877,75.36620814610814,76.45756806317995,7792600
2021-11-01,75.94292449951172,76.14700357788071,75.35731834193497,75.80983680651626,5135200
2021-11-02,75.79210662841797,76.5196822036652,74.87820146591481,76.17364057455171,7266400
2021-11-03,75.63237762451172,76.12926318189179,74.7450902063986,76.01391148507899,5723200
2021-11-04,75.20648193359375,75.76547055869123,73.7956914472063,75.56139824755361,6594000
2021-11-05,75.88968658447266,76.04939857956046,74.81606969450777,75.19760352891392,4885400
2021-11-08,75.05565643310547,75.95181882364172,74.56765230439281,75.88970896109767,5391000
2021-11-09,75.36621856689453,75.5702909447252,74.85159008193986,75.14439664435902,3917600
2021-11-10,75.59691619873047,75.74776026622736,74.98469223335995,75.36622624979366,5192700
2021-11-11,75.74774169921875,75.86308664541423,75.03790894094858,75.8364691016358,5370200
2021-11-12,76.5817642211914,76.90118818876495,75.44603756735876,75.74771876760701,6467100
2021-11-15,77.49569702148438,77.50457179308255,76.72376112912524,77.11416984583752,5543000
2021-11-16,77.17626190185547,77.56666375902633,76.90119820151347,77.25611451941347,5497200
2021-11-17,77.88609313964844,77.97482053287614,76.67051363654988,77.04317274978595,6203100
2021-11-18,77.72637939453125,77.97481879782717,77.0342962655023,77.83285632571494,5537400
2021-11-19,78.35635375976562,78.8177470318298,77.19400934844917,78.08129681222445,6765100
2021-11-22,77.5134506225586,78.45397337718359,77.48683307583791,78.21440868722976,5214500
2021-11-23,77.46904754638672,77.99255054343465,76.77696457525937,77.28271803642663,7408000
2021-11-24,77.72305297851562,77.80326606406796,76.8140144054253,77.18832400614204,4553900
2021-11-26,76.72489166259766,77.93694769615524,76.51991549778246,77.46460363003098,4340700
2021-11-29,79.01531982421875,79.24703139946834,77.13485099758054,77.73196488675445,8712500
2021-11-30,77.33983612060547,79.27377602760029,77.01899734900422,78.47168589804555,16328300
2021-12-01,78.28453063964844,79.92437413872968,77.53591131141167,77.53591131141167,10062800
2021-12-02,78.97969055175781,79.7817807936874,78.07955904979649,78.3825697101789,8303500
2021-12-03,78.45384979248047,79.45201551400696,76.66250129918166,79.45201551400696,11191000
2021-12-06,79.4520263671875,79.98675540555216,78.32017654985782,78.48951001846193,8946400
2021-12-07,80.5749740600586,80.69974396087075,79.26488330208146,79.79069834129697,7909700
2021-12-08,80.49473571777344,81.02946466782471,79.84414418225526,80.83339579960149,5356500
2021-12-09,80.12934875488281,80.65516368533937,79.77286048367675,80.65516368533937,5731200
2021-12-10,80.45909881591797,81.01165600386538,80.03131830865748,80.21847313051502,4996700
2021-12-13,81.76028442382812,82.09895139597401,80.33433790793558,80.44128644642102,6446500
2021-12-14,80.23628234863281,81.68005664101021,79.71937474771958,81.3057470539134,11022600
2021-12-15,81.99200439453125,82.04547526505168,79.83525982384732,80.46802338965378,9590000
2021-12-16,82.19697570800781,82.61584213326645,81.56420543273842,81.65333260353027,7623300
2021-12-17,81.04728698730469,82.31281366456764,80.86903948381533,81.9919749577338,15335400
2021-12-20,80.15607452392578,80.28084438389187,78.88163369760291,80.03130466395969,10167700
2021-12-21,80.61058807373047,81.40377078910275,79.63916464907459,80.78883558246129,6287900
2021-12-22,80.92253112792969,80.99382334220647,80.11152014556662,80.42344483130312,4142900
2021-12-23,80.83340454101562,81.37704762553471,80.56604343680101,80.81558318718061,5845600
2021-12-27,81.3859634399414,81.4126988709889,80.77102132805545,80.96709022166827,5410300
2021-12-28,81.88506317138672,82.16134522581325,81.5553170411116,81.68900102880829,3096400
2021-12-29,81.98309326171875,82.22372578660486,81.62660491339282,81.94744374694119,2945400
2021-12-30,82.67823791503906,82.80301461062035,81.82266999894189,82.19698648678703,3716300
2021-12-31,83.20404815673828,83.533801007461,82.43760073031676,82.5088997465998,4811800
2022-01-03,81.6889877319336,83.4625084016392,80.69082182565081,83.25752541394357,7864400
2022-01-04,80.81558990478516,81.92961159690039,80.76211903938724,81.68007182577838,8379100
2022-01-05,79.96892547607422,81.54637699002585,79.92436189455188,80.4590908755805,6722300
2022-01-06,76.43970489501953,79.63917854048587,76.33276317057448,79.3985460615877,12658600
2022-01-07,77.01010131835938,77.42006051984387,75.31678684304553,76.43971590819682,13359300
2022-01-10,75.12071228027344,76.96553194816003,74.63054001125451,76.46645240112176,11378700
2022-01-11,75.56632995605469,75.76239888700033,74.57707802224692,74.7107620023871,8395900
2022-01-12,75.83369445800781,76.47537215139232,74.95139102932912,75.11181045267524,6484000
2022-01-13,75.66435241699219,76.47535664879321,75.50393302616526,76.2703804712885,7203100
2022-01-14,74.14927673339844,75.88715455025134,73.67693265171663,75.64652207125785,11084300
2022-01-18,72.41142272949219,73.23134120729966,71.92125037892794,73.07983586237981,10848100
2022-01-19,73.60564422607422,74.28297137622414,72.1886117771474,72.22426129025521,9673900
2022-01-20,74.425537109375,76.00298828255437,74.1046984301781,74.25620369550819,12028900
2022-01-21,73.61455535888672,74.79987612436192,72.92832095750319,74.59489313205566,12809100
2022-01-24,73.00851440429688,73.12437699672358,70.62005193777647,72.76788874212617,14689800
2022-01-25,66.93041229248047,71.46671150716223,66.65413712832728,69.69318433235586,22925000
2022-01-26,64.73802185058594,68.20485648166819,64.4884821032764,68.17812105152048,24721700
2022-01-27,64.6221694946289,66.29765560110509,64.5330491229081,65.32623199028579,21250600
2022-01-28,64.61325073242188,65.01429577580943,62.19805279684029,64.45283135517725,25537100
2022-01-31,69.62191009521484,69.78232950923756,64.8360699097452,64.97866796640965,21787800
2022-02-01,68.82872009277344,70.82504508658766,67.759255175072,69.55060398262147,12082900
2022-02-02,69.27433013916016,69.52386991836876,68.4722331349546,68.99804812693718,8397700
2022-02-03,67.52753448486328,68.88218864182818,67.22452385468218,68.23159699548539,7960700
2022-02-04,67.74143981933594,68.48114513024211,66.43134908880107,66.9304286815955,12132000
2022-02-07,67.44732666015625,67.83946445451569,67.10866652831305,67.7325159289317,8184500
2022-02-08,67.2512435913086,68.40091450113759,67.03735338466161,67.50969737408694,6758500
2022-02-09,68.32072448730469,68.86436080872785,68.01770705626116,68.27616090056489,7390900
2022-02-10,67.24234008789062,68.49004562181257,66.57392713751618,66.76108874713539,9673300
2022-02-11,66.8056640625,68.35638063368701,66.54721016739383,67.6434107018476,8999100
2022-02-14,66.76998138427734,67.11755549830741,65.84311481371493,66.79671680851862,8329200
2022-02-15,66.92150115966797,68.15138533691467,66.60957647683298,67.49188646471383,9102000
2022-02-16,67.04627990722656,67.41167546144221,66.37786693784464,66.95715273841697,7505100
2022-02-17,67.17996215820312,67.58992132792544,66.38677925165035,66.59176223623594,10093100
2022-02-18,66.0837631225586,67.56318028173463,65.78965978628533,66.80564694845816,9558600
2022-02-22,65.7540283203125,66.36005651310364,65.2995054758566,65.88771230979367,8233400
2022-02-23,64.45281219482422,66.32436650667567,64.3636918560591,66.14612582914545,7837100
2022-02-24,67.23342895507812,67.53643954480219,63.04470395994688,63.27642233996678,15750400
2022-02-25,68.76634216308594,68.83763439197844,67.03737812276312,67.8394751929876,12609500
2022-02-28,70.14192199707031,70.67961949439463,68.8245822725273,69.08446073589764,16345600
2022-03-01,69.39813232421875,70.6437851978275,68.59159277081156,69.96270659304932,13930300
2022-03-02,69.4967041015625,69.7296990802674,68.54677677729694,69.26370228574925,6988700
2022-03-03,70.60791015625,71.11871719741741,69.5952595201409,69.76552397579258,10075500
2022-03-04,71.8804702758789,72.09554519808147,70.3301285742189,70.73339490798726,8996400
2022-03-07,75.43817138671875,75.62636272513727,72.33748235148374,72.55255719008979,19948900
2022-03-08,73.43976593017578,76.5314991586675,73.2515745429453,75.55468843015774,14717600
2022-03-09,71.9790267944336,73.91472104321065,71.79083543754247,73.82510025098071,12710000
2022-03-10,71.83564758300781,72.10448945492493,70.29426290376563,71.29795016496021,9554300
2022-03-11,71.06495666503906,72.66906499308936,71.01118281989454,71.961109930237,7230600
2022-03-14,71.04703521728516,72.2658042983514,70.5272646427201,71.40549791826476,7133800
2022-03-15,73.46665954589844,73.71758140671257,71.78188675967567,71.87150073323673,9567000
2022-03-16,73.94160461425781,74.14771602752118,72.44502353017927,73.35014020310584,8261200
2022-03-17,74.10292053222656,74.59580075804774,73.86095530602267,73.98641622438495,6341900
2022-03-18,73.816162109375,74.81984959723843,73.69965778517069,74.30904240441987,13470800
2022-03-21,73.30534362792969,74.1656499866622,73.02753145208487,73.4845715554171,7181700
2022-03-22,74.2463150024414,74.3448924329428,72.96481524303185,73.3680884142944,8516800
2022-03-23,73.9953842163086,74.47034441314997,73.49354051203962,73.9147336940258,6125800
2022-03-24,75.00802612304688,75.0886834728133,74.16564669669512,74.30007105490124,5498000
2022-03-25,75.2231216430664,75.49196357173503,74.568926626134,75.35753918884666,5481000
2022-03-28,75.66222381591797,75.92210909482523,74.99010883715655,75.32168802137075,6177700
2022-03-29,75.83251190185547,76.20889473229197,74.96324190981738,76.17304777171107,8954300
2022-03-30,76.62110137939453,76.87202319055959,75.84144560575461,76.28952222200839,6829300
2022-03-31,75.91315460205078,77.32011518340451,75.91315460205078,76.2268069283829,10082800
2022-04-01,76.80931091308594,76.88996827839291,75.39338682976961,75.71600261678114,6453800
2022-04-04,76.7286605834961,76.9885459035452,75.85042719722297,76.74658064410615,6465700
2022-04-05,77.36492156982422,78.36860896194736,76.81826747071105,76.94372839472643,7203200
2022-04-06,77.50829315185547,77.53517665558272,76.55837288892351,77.22152438358695,7621900
2022-04-07,78.03704071044922,78.22523210640192,76.80034462689157,77.33804214345122,7817400
2022-04-08,77.14985656738281,78.43135642948779,77.03335906614019,78.10874743857678,5731600
2022-04-11,75.79666900634766,77.26636028344282,75.59055068123024,77.20362980833909,6745200
2022-04-12,75.17829895019531,76.0296418408419,74.72125885791104,75.68014260471482,8714800
2022-04-13,74.87360382080078,75.70702658393125,74.45241071596728,75.60844918334867,7858500
2022-04-14,74.2104721069336,75.17831956644126,74.18358859479875,74.87363064610119,7164100
2022-04-18,73.22468566894531,74.92737831442153,72.64218465376831,74.38072425186695,6279100
2022-04-19,73.33222961425781,73.57418800826227,72.68699811410269,73.26949915380425,8104800
2022-04-20,73.04546356201172,74.40761368464233,72.87519223276752,74.40761368464233,8457000
2022-04-21,68.26895141601562,72.58840958972225,68.08972350989589,71.97902513696626,17712800
2022-04-22,66.27054595947266,68.43924253958635,66.20781549044716,68.26000774443611,15284800
2022-04-25,66.35118865966797,66.77238178878106,64.15560905489068,66.31534170856187,15697900
2022-04-26,65.93000030517578,67.18461633632056,65.85830639777154,66.36015691249385,10971600
2022-04-27,65.66114807128906,67.33695717273058,65.589461004813,66.16299855926323,10989600
2022-04-28,65.8582992553711,66.23468880986982,65.21306783292366,65.86726270210136,11325600
2022-04-29,63.64481735229492,65.82247058939954,63.519356411647614,65.31166337759024,14912900
2022-05-02,62.61423873901367,64.08392972625651,61.40442621372666,63.71650356089198,14338100
2022-05-03,63.41181945800781,64.10185459988634,62.345394674360094,62.73074092782966,10419900
2022-05-04,65.47296142578125,65.71492665855386,63.38492932086305,64.52304106464831,10859600
2022-05-05,64.37965393066406,65.39231160054007,63.80611632874646,65.15034636519849,10382300
2022-05-06,64.94422912597656,65.29372835729552,63.70753322705697,63.85988448046047,9364900
2022-05-09,63.367008209228516,64.59474086957857,62.96374190060751,64.34381900313811,10442700
2022-05-10,62.72175979614258,64.29002787720317,61.58364825421391,63.62687643160158,14731900
2022-05-11,62.90995788574219,63.94053553113613,62.31850027281009,62.41707768114994,11129000
2022-05-12,61.39546203613281,63.16984167022048,60.239423505023915,62.363302365132085,15364900
2022-05-13,62.551509857177734,62.90100913510467,61.41339121399384,62.21993063886671,8010600
2022-05-16,62.8382682800293,63.37595886199761,62.19303684682464,62.408111712190625,7339500
2022-05-17,64.54095458984375,64.54991803680768,62.847225480320446,63.53726731730062,8889300
2022-05-18,63.626888275146484,64.74707997013145,63.36700298145707,64.33485024682989,10316800
2022-05-19,63.14295959472656,63.70753370250746,62.30953676679839,63.70753370250746,9593500
2022-05-20,63.824039459228516,64.12872830103686,62.71281127571116,63.537270675188324,9747800
2022-05-23,65.01592254638672,65.05176266057295,64.03911192569373,64.35276420312474,10378700
2022-05-24,66.915771484375,67.13980983018082,64.67538802631685,65.06969770280956,11133500
2022-05-25,67.02332305908203,67.34593887555076,65.94793472515,67.31905536369649,11192100
2022-05-26,67.24736022949219,67.88362840131549,67.00539495294426,67.2563236789851,9431300
2022-05-27,69.78438568115234,69.80240781012786,66.84628358248968,67.13468577845315,9435300
2022-05-31,68.21620178222656,69.34277397772614,67.74754389831018,69.19856943619772,29712000
2022-06-01,68.64878845214844,69.06336611523442,67.89173538287393,68.27927641863579,7994100
2022-06-02,70.76675415039062,70.88392205632118,68.49558768931261,68.90115091863164,9640600
2022-06-03,70.91996765136719,71.14528206695694,70.11784888195169,70.37920755311156,9293500
2022-06-06,72.2718505859375,73.44348136367806,72.16369719640224,73.17310820391482,12716900
2022-06-07,71.90234375,72.2628482330075,70.5504570957602,71.88432162007263,7405600
2022-06-08,70.73971557617188,71.72209005344578,70.51440114917014,71.18133680385174,5198000
2022-06-09,69.70326232910156,71.07317778761566,69.6672180745539,70.51439557742569,8354800
2022-06-10,68.41448974609375,69.3067331321038,68.28830731549697,68.99129424574187,8598500
2022-06-13,65.26007080078125,67.3780249375951,64.85450072604011,67.21579828290871,11882300
2022-06-14,64.42192840576172,65.89999105690423,63.33140011490537,65.16996736106994,11412500
2022-06-15,66.86431884765625,68.09003001427028,65.07982536577508,65.30513981734308,12085300
2022-06-16,63.872127532958984,65.86390597095217,63.19618434411764,65.53043818907922,12729200
2022-06-17,63.818050384521484,65.5664923817029,63.66483823814271,63.66483823814271,15919000
2022-06-21,65.54846954345703,66.15231049690443,63.8090420667138,63.8090420667138,8466900
2022-06-22,67.31494140625,68.09002359667528,64.75536590213493,65.07080472938924,12686500
2022-06-23,69.57710266113281,69.76637285890317,67.8827403933285,68.08101821876285,12502500
2022-06-24,70.3161392211914,70.41527814152849,69.06339127444336,69.69427593804772,9320500
2022-06-27,70.19896697998047,70.46033255775416,69.72130146324102,70.054769312687,6557200
2022-06-28,68.89215087890625,70.59552763131424,68.7028875593111,70.21700099212393,6140200
2022-06-29,68.49559020996094,68.98227022868416,67.82866138847403,68.58571461134278,7082200
2022-06-30,69.81141662597656,70.51439649162134,67.88272580831774,68.00890132902065,8872900
2022-07-01,72.60533142089844,72.6774337003676,70.37922339366398,70.59553023207145,7718400
2022-07-05,71.29850006103516,72.74952556640466,69.9015478195015,72.55124776427206,11278600
2022-07-06,71.71306610107422,72.28085590691981,70.83884513933994,71.83022711229799,7918400
2022-07-07,72.44309997558594,72.62335566242841,71.92938330117477,71.9474123078847,5498000
2022-07-08,72.32593536376953,72.48816203588919,71.5688821445785,71.83024084450085,5708300
2022-07-11,72.71348571777344,72.98386583102042,71.84827898185577,72.10063008699193,6100400
2022-07-12,72.0555648803711,72.9117639934851,71.66802371625784,72.59632511014918,7553900
2022-07-13,72.3349380493164,73.27224679331835,71.26243928795891,71.54182694805712,7552400
2022-07-14,72.2177734375,72.4160512218167,70.76674806250978,70.93798921733789,6124400
2022-07-15,70.93800354003906,71.06417908716143,68.79301236290725,70.5234257600582,8780600
2022-07-18,69.85649108886719,70.89293889083663,69.8474765859489,70.5955221789926,6610800
2022-07-19,71.13627624511719,71.49678072925975,70.2260039697687,70.41526727683204,6403800
2022-07-20,70.58650970458984,71.55986976620581,70.17193194709813,71.34356982230823,6323700
2022-07-21,71.08220672607422,71.16331662935501,70.41527098863635,70.94701667788809,7847600
2022-07-22,72.32593536376953,73.72288764458051,71.43369210513694,72.21778195700608,11517100
2022-07-25,72.98385620117188,73.03792946626581,71.63196956541533,72.10062057368182,5035600
2022-07-26,72.01951599121094,72.65940822090144,71.36159475445788,72.58730594475423,6740900
2022-07-27,72.44309997558594,72.80360447321952,71.69506122235661,72.12766111867582,6056200
2022-07-28,76.19233703613281,77.75150921635829,75.96702258081282,76.43567362241575,13561500
2022-07-29,76.14726257324219,76.97642489856318,75.98503590916316,76.1562770757051,11474800
2022-08-01,76.88629150390625,76.98543040010993,75.30909054291195,76.11120933870501,7004500
2022-08-02,77.21073913574219,78.202121148703,76.78714695153757,77.00345373243992,7664200
2022-08-03,77.9227523803711,78.24720575435043,76.03011228285942,77.30088226756877,7640400
2022-08-04,79.29267120361328,79.9055268362496,77.91374087314259,78.37338431663282,8679200
2022-08-05,79.29267120361328,79.75230777105158,78.35536218451936,79.20253991489022,8643200
2022-08-08,78.87808227539062,80.17589575124391,78.21115340632228,79.72526683613391,7243200
2022-08-09,80.13983917236328,80.31108034881633,79.11240586574718,79.50896148445904,5154000
2022-08-10,80.91492462158203,81.18530471346531,80.06774008466233,80.8067780856698,5693300
2022-08-11,80.59947967529297,82.04149067893108,80.47330414222782,81.39258400828122,7525800
2022-08-12,81.53678131103516,81.6990079643015,80.50934813236502,81.27541576543658,5262500
2022-08-15,82.01445007324219,82.1946988614445,81.23936790708136,81.5457990982859,5032700
2022-08-16,81.59086608886719,82.32989719673698,81.4106172824799,81.59988059200192,5250600
2022-08-17,81.29344177246094,81.71703399153982,80.8788640556743,81.0861563520929,4178000
2022-08-18,81.32950592041016,81.68099592949962,80.99604491879033,81.29345478152256,5090700
2022-08-19,80.85182189941406,81.6449261456679,80.54539760292398,81.21232632991129,5542800
2022-08-22,79.79737091064453,80.6896142573702,79.5179831773182,80.1488609222653,5783400
2022-08-23,79.29267120361328,79.89651233216692,78.97722544518645,79.86046119188808,3473600
2022-08-24,79.95059204101562,80.01367982256951,79.2746485774872,79.44588978858452,5669200
2022-08-25,80.56343841552734,80.62652618979273,79.36476382843341,80.22096290895124,5595200
2022-08-26,79.36474609375,81.6178902083902,79.07634392211806,81.10417362529422,7990000
2022-08-29,78.80780029296875,79.5594737136522,78.25537318566197,78.77158122806183,5827800
2022-08-30,77.61236572265625,79.08854471448238,77.16860965777367,78.97080857831112,7394200
2022-08-31,77.03276824951172,78.12857805120018,76.7973097829459,77.61237001388582,6830900
2022-09-01,78.11951446533203,78.30063739721597,76.71578756034225,77.27727970421755,5896300
2022-09-02,77.07804107666016,78.99797595636697,76.77012379821232,78.29157993265619,5785700
2022-09-06,79.12476348876953,79.93982360050163,78.80778799043257,79.00702736330825,11077100
2022-09-07,81.72391510009766,81.88692850885666,79.34211459766088,79.43267606710538,11366600
2022-09-08,81.75106811523438,82.46651534086949,81.17146652397989,81.26203488649764,8852500
2022-09-09,81.416015625,82.39409620853442,81.3526218969597,82.24013408952386,5700400
2022-09-12,82.24010467529297,82.27633063684476,81.30730862087017,81.66956132699246,5573800
2022-09-13,80.47415161132812,81.932214095256,80.10284059805826,81.55185177146542,5624800
2022-09-14,80.49226379394531,80.93602676238676,79.74964865233416,80.02133998364943,7281500
2022-09-15,77.89311218261719,78.60855955395984,76.8244702355911,77.37690419435697,18681000
2022-09-16,76.78824615478516,77.8749976591095,76.52561304420396,77.34973834734468,19190700
2022-09-19,78.644775390625,78.69911779885415,76.56183399243079,76.724847398324,8821000
2022-09-20,77.60330963134766,78.29158232771549,76.9150300255826,77.87499404010426,6242000
2022-09-21,76.04563903808594,78.28254291473982,76.02752259577714,77.88406409672587,6706300
2022-09-22,75.65620422363281,76.24486411887621,75.19433176313144,75.89166956360957,6748700
2022-09-23,74.73246765136719,74.86831332073734,73.6638256467318,74.71435811983679,6719700
2022-09-26,73.49176025390625,74.96793234398955,72.74008687829058,74.68718969670564,7702900
2022-09-27,73.42835998535156,74.82302869587694,72.54989924026634,74.27964607171081,9247000
2022-09-28,74.59662628173828,75.19433753290006,73.58231981657592,74.5241743393558,8713400
2022-09-29,72.42312622070312,74.57851997908902,71.96125366197812,74.41550654126834,8291300
2022-09-30,71.01034545898438,72.99366749560207,70.90166753406629,72.72198304740424,12854300
2022-10-03,73.5279769897461,73.92644881435963,71.74388781534105,72.29632172952932,8115200
2022-10-04,75.00415802001953,75.06755174365266,73.86306408522569,74.24343333642209,8193700
2022-10-05,74.05323028564453,74.69623252173204,72.92119480004806,74.03512075800934,5468700
2022-10-06,71.463134765625,74.01700637730524,71.40879236748997,73.92643801687879,8374600
2022-10-07,69.48888397216797,71.22768918722808,68.99984370992024,71.14617902215458,7697400
2022-10-10,69.49793243408203,70.34922547525068,69.19002204606632,69.76056554059996,6118000
2022-10-11,68.85492706298828,69.66999401571648,68.12137026023113,69.05416641914367,9143100
2022-10-12,65.88447570800781,69.1537952615281,65.76674648622192,68.65569680513129,9715100
2022-10-13,66.19239044189453,66.62709520598682,63.74719600839419,64.83394755452815,13643700
2022-10-14,64.99695587158203,67.77723515294574,64.69810371097996,66.82632935212594,8735000
2022-10-17,66.69953155517578,67.39686236749819,65.884464631464,65.92974881421317,7563500
2022-10-18,67.9764633178711,68.77342070638359,67.11611912915907,68.42022619443688,6998500
2022-10-19,66.69047546386719,67.44214870134277,65.67616915874122,67.2338511272075,8579600
2022-10-20,63.97359085083008,66.54557914906977,63.22191760615118,66.43690125160167,13023800
2022-10-21,64.88829040527344,66.11088763025474,63.66569318029214,64.37208238097476,11161300
2022-10-24,66.36446380615234,66.73577485483831,65.169034310648,65.64901637112655,9989600
2022-10-25,68.70098114013672,68.90927183368856,66.65425871872071,66.79010438069652,9216900
2022-10-26,68.46550750732422,69.30774221844823,68.19382312562404,68.70097283231495,6247100
2022-10-27,68.34779357910156,69.67001054527594,68.3387353582009,68.87305984097028,7163300
2022-10-28,71.57183074951172,71.81635435306366,69.41643706057043,69.50699854324225,9123300
2022-10-31,70.18621826171875,71.789177883819,69.51605501552864,71.04656268955479,8273700
2022-11-01,70.37638854980469,70.81109326156319,69.88734834010025,70.81109326156319,5410300
2022-11-02,69.98696899414062,72.2963244203489,69.7515036507891,70.36733130381818,7119000
2022-11-03,70.80203247070312,71.70766092036196,69.15378896869993,69.49792529218746,6920300
2022-11-04,71.36353302001953,71.70766938412599,70.11376118996398,71.18240316307069,7758900
2022-11-07,69.99601745605469,71.65331902927,69.09038908722395,71.3001245181777,7008500
2022-11-08,70.883544921875,71.67144426280292,69.87830356882579,70.34016916337883,5518400
2022-11-09,70.82015228271484,71.6442776080786,70.63902933024255,71.18240509705717,4940000
2022-11-10,75.3482666015625,75.86447442059814,72.40497482947967,73.63662978531825,9315900
2022-11-11,75.44791412353516,75.9369543815508,74.24343337389787,75.41168815152685,5730900
2022-11-14,73.95362854003906,75.87355658770248,73.9083443501085,75.24867069552666,7904000
2022-11-15,75.08566284179688,75.90978119038918,74.29776355321984,74.73246136737482,5594900
2022-11-16,76.36259460449219,76.75201513464859,75.22150076343436,75.22150076343436,8444900
2022-11-17,74.5785140991211,75.48414270241193,74.14381623880432,75.40263944462676,8333900
2022-11-18,75.3482666015625,75.8825908546107,74.77772329927946,75.40260899420502,6664400
2022-11-21,75.7105484008789,75.84639407064618,74.82303625594186,74.82303625594186,6593800
2022-11-22,76.17242431640625,76.89692998125838,75.81922970487531,76.12714012132871,4105500
2022-11-23,77.29654693603516,77.36936683031712,75.94941361425549,76.04043500986427,4259700
2022-11-25,77.67884826660156,78.09755922584075,77.48770123450784,77.61513258923699,3622200
2022-11-28,76.21339416503906,77.37848490415514,75.85839885299131,76.76862686098683,6464200
2022-11-29,75.0846939086914,75.66723918106325,74.62048270208997,75.46699488608147,5398200
2022-11-30,77.09630584716797,77.27835560683604,74.69330457545544,74.72061030328359,9739200
2022-12-01,77.21464538574219,78.25230478349835,76.45005023005994,77.73347508462027,5830700
2022-12-02,77.55140686035156,77.5605110829345,75.91300096426609,76.21337780911891,6316900
2022-12-05,77.50589752197266,78.30689547524106,77.16000651812854,77.36936196490193,5511700
2022-12-06,77.53319549560547,77.59691115660564,76.1951596701157,77.28743707302945,5027700
2022-12-07,77.6333236694336,78.59816283782122,77.01436853729201,77.5149965649383,5108800
2022-12-08,78.06114959716797,78.64369491961423,77.2783530180393,77.61513290928877,4281700
2022-12-09,76.92334747314453,78.27958484755881,76.84142336624086,77.87908242377749,4460300
2022-12-12,78.78022766113281,78.82573488952006,77.18732883333568,77.47860148406765,5348900
2022-12-13,79.32636260986328,80.43684175528514,78.27959913944983,80.10005493339052,7179500
2022-12-14,79.23533630371094,80.65528951284121,78.58906842572236,79.60852610723148,6111600
2022-12-15,78.1066665649414,79.2353543443243,77.80629658695797,79.09881874824698,6469100
2022-12-16,76.58656311035156,77.2419282081518,75.79466245976181,77.00526704628246,16949300
2022-12-19,76.022216796875,76.71399181470119,75.51249149136436,76.44092766295755,5681100
2022-12-20,76.022216796875,76.49553910440898,75.32134450179787,75.91299391397212,4811900
2022-12-21,77.05078887939453,77.32385306765957,76.14056102953633,76.32260382171302,5356200
2022-12-22,75.85839080810547,76.95066846855569,74.78432853928558,76.95066846855569,4491000
2022-12-23,76.61387634277344,76.7048977387274,75.54891142668865,75.54891142668865,3254700
2022-12-27,76.45914459228516,76.71400729647472,75.97672491014237,76.55016599456887,4726500
2022-12-28,75.69454956054688,76.95066146401304,75.53070827361762,76.64118039115233,3536400
2022-12-29,76.53196716308594,77.08720676423026,75.99492906523851,76.21338877172971,3378300
2022-12-30,76.09504699707031,76.47734102802619,75.07559624785463,76.41362535620021,4266900
2023-01-03,76.30440521240234,77.27834877088583,75.13021040824209,76.79592910329414,5535400
2023-01-04,76.90513610839844,77.78805808484076,76.30438944003211,76.78680900790606,4831100
2023-01-05,75.21212005615234,76.46823885530766,74.76611038191666,76.10414634911065,5472600
2023-01-06,76.14056396484375,76.79592915312473,75.38507315365942,76.0586398440648,5235300
2023-01-09,76.5228500366211,77.30564649167314,75.99491625168145,76.13145180909507,4749000
2023-01-10,76.95066833496094,77.00527978731789,75.88570334707333,76.52286010619724,4921100
2023-01-11,77.3693618774414,77.69704443624599,76.65938531486043,76.88694226155879,6153500
2023-01-12,77.43309020996094,77.97922558246741,76.81413493592348,77.46039593691306,4648600
2023-01-13,77.07809448242188,77.34206139180365,76.23158230560699,76.8596417432563,4943200
2023-01-17,78.04293060302734,78.70739996090704,77.53320525089197,77.54230947346211,8410200
2023-01-18,76.277099609375,78.31600812915161,76.21338393514722,78.21588250615258,6107700
2023-01-19,75.17571258544922,76.76861127606438,74.90264840517894,76.5137485966839,7099700
2023-01-20,74.47484588623047,75.13021107994551,73.27334534591546,75.10290535428867,9429200
2023-01-23,75.24854278564453,75.74917093478098,73.63744237344854,74.07434789952387,6864300
2023-01-24,76.36811828613281,76.64118247544955,73.07309095693985,75.35776481333983,6652300
2023-01-25,69.71434020996094,73.71934370867135,69.08628778317298,73.30063977598383,28527400
2023-01-26,69.54139709472656,70.49713200514377,68.08503417564832,68.35809831670201,18508700
2023-01-27,68.7950210571289,69.54140759993913,68.73130538680928,69.24103074936635,13243200
2023-01-30,68.31261444091797,69.49590667878259,68.1669746270025,68.59478289976848,10669600
2023-01-31,67.9302978515625,68.11234757728343,66.76520738489641,67.8483806833533,19020400
2023-02-01,67.57532501220703,68.30351019255271,66.75611842044029,67.92121609789108,15188700
2023-02-02,68.8132095336914,69.94188988479104,66.63776598733247,66.96544849966557,18604100
2023-02-03,67.96671295166016,68.66759229599192,67.05648508747994,68.49464677956169,11671500
2023-02-06,68.73131561279297,68.78592706848151,67.76646924720316,67.90300483091276,9343400
2023-02-07,69.2501449584961,69.70525893912055,68.03954010335784,68.60388393934794,10855800
2023-02-08,68.2944107055664,69.31386863987123,68.1396736009678,69.15913153527262,9082200
2023-02-09,66.69239044189453,69.12270404013944,66.55586182217903,68.44913044193572,13163500
2023-02-10,68.03043365478516,68.49465184429951,66.82893306300355,66.82893306300355,9883000
2023-02-13,68.83142852783203,69.1864168131994,68.41272457443687,68.57655891123382,8114200
2023-02-14,69.20462036132812,69.47769148637715,68.08504402649889,68.53105371589093,7089400
2023-02-15,70.03292083740234,70.16944943559915,68.85872628150662,68.85872628150662,9344300
2023-02-16,68.89515686035156,69.65064079313153,68.86785113253265,68.99528249201305,7795600
2023-02-17,69.24103546142578,69.61423223047166,68.6129759937572,68.90424864139567,9436100
2023-02-21,67.0473861694336,68.74950778935852,67.0018719995425,68.66759061693932,11915600
2023-02-22,67.06558990478516,68.03042922712875,66.84713715990289,67.33866104425366,9351200
2023-02-23,66.32830810546875,67.69364992525988,66.12805686078137,67.69364992525988,9049900
2023-02-24,66.37380981445312,66.74700654752253,65.35435911823825,65.64563173779779,9127800
2023-02-27,65.83148956298828,67.48964200350517,65.6665899232601,66.84836950975443,7029700
2023-02-28,65.07111358642578,65.82232144507343,64.86041277876296,65.68490392435895,11276700
2023-03-01,64.0084228515625,65.08026677011837,63.7977150864393,64.91536716808328,11809200
2023-03-02,66.15211486816406,66.16127789922947,64.23745374683588,64.4573175669922,16066500
2023-03-03,67.6362075805664,67.6728527134246,66.12462904955173,66.7750644317598,10724800
2023-03-06,68.15839385986328,68.34161254923818,67.25144946557108,67.37054091473027,6888900
2023-03-07,67.56291198730469,68.24082941836441,66.8941505967292,67.73697460731965,7308900
2023-03-08,68.0209732055664,68.14006464922352,66.91248411056742,67.22395726598357,5913600
2023-03-09,67.57209014892578,68.6988984430817,67.23312786281828,68.25000773179535,7678100
2023-03-10,66.88500213623047,68.0392924090086,66.29869396897486,67.78278345950234,10167100
2023-03-13,67.14151000976562,68.87295238053038,66.87583803365033,66.9308022392795,8388800
2023-03-14,68.29581451416016,68.57064256086855,67.26977163415101,67.78278957948292,8635800
2023-03-15,69.18444061279297,69.48675778834348,67.72783293134319,68.20420579244265,12030300
2023-03-16,69.83486938476562,70.09137833555937,68.55231764145216,69.31268845226558,8895800
2023-03-17,69.32183837890625,69.88982742652163,68.46985830215522,69.88982742652163,14137400
2023-03-20,69.5966796875,70.54026918295081,68.99204545390353,69.25771743630094,7140100
2023-03-21,69.037841796875,69.94478600261559,68.03928127614881,69.94478600261559,6222300
2023-03-22,67.91104888916016,69.60585341628837,67.87440374912728,68.99205605741986,7038000
2023-03-23,67.61788177490234,69.36765018143313,67.2147992906283,67.58123664190572,7541200
2023-03-24,69.34017181396484,69.39513602174816,67.52627607432227,67.78278502977086,5293900
2023-03-27,69.11114501953125,69.67912713868118,68.66224735778036,69.50507148410856,5515900
2023-03-28,68.92793273925781,69.8532033571365,68.54316923099601,69.16612266837777,5935500
2023-03-29,69.72493743896484,69.90815613023199,69.1386292396959,69.1386292396959,5680500
2023-03-30,70.16465759277344,70.55858402729555,69.77989418863862,69.95395681927575,6187000
2023-03-31,70.61355590820312,70.65020104076501,69.60583922545658,70.3295578781846,10124400
2023-04-03,70.23796081542969,70.5860861409298,69.44095175830176,70.5860861409298,5778700
2023-04-04,70.68685913085938,71.17239499495476,70.01809757036764,70.40286104878146,6165600
2023-04-05,71.75869750976562,72.3266796498369,71.21819048527591,71.36477103067824,8200400
2023-04-06,72.34500122070312,72.37248332392339,71.41973080600101,72.18926464289183,5427700
2023-04-10,71.85031127929688,71.914438524522,70.8242683663495,71.77702100208374,5647500
2023-04-11,71.7678451538086,72.01519804789433,71.36476267980976,71.81365331622277,6019600
2023-04-12,71.99686431884766,72.77556106088456,71.69455424288347,72.08848063391802,6786400
2023-04-13,72.23506927490234,72.47325916311642,70.98000657215802,71.84114280142504,4928600
2023-04-14,71.47470092773438,71.88695347819068,71.05329233501001,71.81366320397463,4920900
2023-04-17,71.9510726928711,71.96023572346205,71.26399217478334,71.62127348504141,4393300
2023-04-18,71.73120880126953,72.43660839038019,71.40140959382067,72.12513524409208,8147500
2023-04-19,72.31752014160156,72.52822092883721,71.72204893579928,71.74036800842399,3813300
2023-04-20,72.14346313476562,72.46409935082886,71.66709032652102,72.11598102900953,4350400
2023-04-21,72.36332702636719,73.08705276566937,71.96940053508487,72.77557958106468,5192600
2023-04-24,72.40914916992188,72.60153093683732,71.9144502024193,71.92361323589527,5725800
2023-04-25,71.29147338867188,72.46408967329832,70.99831931751527,71.20902708241425,8399800
2023-04-26,67.85608673095703,70.4944739891995,67.8194415898132,70.33873738134768,12656700
2023-04-27,69.48674011230469,70.10053035064078,67.70949663131147,68.07593397462928,8155600
2023-04-28,70.20130157470703,70.26542880767876,69.08365651282045,69.08365651282045,10005800
2023-05-01,70.3570556640625,70.88839267850945,69.95396614541392,70.05473852507606,5214700
2023-05-02,69.56918334960938,70.55857381861526,69.17525697208202,70.2287816551755,7674200
2023-05-03,69.0653305053711,70.13717439558317,68.95539511047336,69.86234639235515,6265900
2023-05-04,69.17527770996094,69.32185127217026,68.30497141113192,69.05617926448639,6042300
2023-05-05,69.17527770996094,70.14634940130209,68.88212359619689,69.26688706000995,6215500
2023-05-08,69.67913055419922,70.25628272207113,68.96456786001987,69.19359472299249,6751700
2023-05-09,69.2394027709961,69.82571098003946,68.88212142452733,69.82571098003946,5588100
2023-05-10,70.43949890136719,70.68685181857812,69.56919964888708,69.74325530577613,5696000
2023-05-11,69.71577453613281,70.3936920822852,69.2027566081629,70.16466522310648,6542700
2023-05-12,71.41973114013672,71.44721324348556,70.1555054606771,70.43949651440808,8315000
2023-05-15,71.03497314453125,71.94191757109405,70.37537465636004,71.88695336019487,5430000
2023-05-16,69.47758483886719,70.99832654293043,69.3401743144537,70.99832654293043,6215700
2023-05-17,69.01953125,69.88067448112974,68.88212072532619,69.77990210347222,5408600
2023-05-18,68.79966735839844,68.93708487229196,67.98433229580067,68.47903115221028,6970600
2023-05-19,68.23167419433594,69.42260948051918,68.22251116439817,69.21190871735826,6338600
2023-05-22,68.32328796386719,68.86378794645827,68.2225155960376,68.62560506735598,4272600
2023-05-23,67.93852996826172,68.89127553929282,67.70950311209472,67.88355877002705,8751200
2023-05-24,68.0118179321289,68.17671755949429,67.4804809011475,67.92937161311895,6879400
2023-05-25,67.2331314086914,67.95685719978506,66.39031415425796,67.95685719978506,7716400
2023-05-26,68.15326690673828,68.7433379335688,66.93624453462515,67.42489644426279,7174000
2023-05-30,67.01921844482422,68.91850888007336,66.8901408638384,68.54971277688502,6874000
2023-05-31,67.7291488647461,68.01496251918897,66.27240804585472,66.97311997702542,11112000
2023-06-01,67.26815795898438,67.70149289253568,66.80716454613426,67.35114043108204,6738800
2023-06-02,68.0887222290039,68.41141619484546,66.86247812460513,67.34191518888477,7175400
2023-06-05,67.84901428222656,69.04760009572033,67.6093027468894,68.36533174232642,5266600
2023-06-06,67.65538787841797,68.36532164335767,67.63695123773165,68.0241839999528,5652900
2023-06-07,68.3837661743164,68.6880235372536,67.56319840217797,67.89511424643642,6488100
2023-06-08,69.05681610107422,69.2596543324574,68.2915653314745,68.66958331436162,9984500
2023-06-09,68.29156494140625,69.33340753804927,68.22702614398945,69.01993538893949,6011400
2023-06-12,68.2085952758789,68.66036689603752,67.94121822560489,68.60504993191253,7564300
2023-06-13,68.54972839355469,68.8632076146503,67.99653762984721,68.13483707932464,8579300
2023-06-14,67.67384338378906,69.10291893253574,67.57242425678226,69.05682380566131,8893600
2023-06-15,68.55894470214844,68.70645894460976,67.68305998311739,67.9873103063819,10098300
2023-06-16,69.69298553466797,70.45823634043427,68.89086144345423,68.91851992464068,23053600
2023-06-20,68.92774200439453,70.22773986412022,68.68802344293665,69.72986609841621,7801600
2023-06-21,69.86815643310547,70.09865312602767,67.9688659343708,68.64191233855117,7176100
2023-06-22,69.26886749267578,70.43057285945011,69.14901173797573,70.1355373574028,6976200
2023-06-23,68.3837661743164,70.06178203842218,68.22703009069485,69.41639402692064,9080100
2023-06-26,68.49440002441406,68.95539342312391,68.05184326660415,68.3099984444095,5670200
2023-06-27,68.14404296875,68.96461060026611,67.49864803364932,68.74332871921416,5979100
2023-06-28,67.7107162475586,68.4206430242065,67.50787801588736,68.18092447457674,8735100
2023-06-29,67.12986755371094,67.85823808804564,66.85327568933462,67.01001178256809,7193200
2023-06-30,68.41141510009766,68.51283420691075,67.10219558294783,67.24971684165806,9259900
2023-07-03,68.5773696899414,68.6603521525119,67.76602390878782,68.10716152744352,2484500
2023-07-05,69.1029052734375,69.69297624073153,68.15326003026745,68.2085840194643,8450100
2023-07-06,67.32347106933594,68.49439821019709,67.31425626623056,68.49439821019709,7271200
2023-07-07,66.42916107177734,67.04689062621875,66.29086162553772,66.87171085870175,7511700
2023-07-10,66.11567687988281,66.83482550513864,65.55326433260295,66.1986593550593,7704700
2023-07-11,66.5582275390625,66.59510785416708,65.32276160276194,66.05113199912554,6623100
2023-07-12,67.73836517333984,67.83056243813154,66.55822330192514,66.88091724579628,9710500
2023-07-13,67.95964050292969,68.16247870744596,67.6553831961553,67.7844607746292,6058600
2023-07-14,67.48943328857422,67.99652885985365,67.1114223452397,67.74759551026276,6463500
2023-07-17,66.9915542602539,67.69225905898962,66.79793087107167,67.26814603842853,5148800
2023-07-18,66.42916107177734,67.37880648351306,65.7376708747812,67.09298575216394,7239500
2023-07-19,66.47525787353516,67.24050873237769,66.42916274642792,66.71497645078026,7464800
2023-07-20,68.3192138671875,68.34687234304096,66.06034923928374,66.47524044548635,9221600
2023-07-21,69.97879791259766,70.31992851883992,68.50362047346665,68.61425438502593,11878400
2023-07-24,69.60999298095703,70.68871568728837,69.4901372472091,69.96034538020481,8609700
2023-07-25,69.55467987060547,70.01567322704543,68.79865104741195,69.84971533735903,8847800
2023-07-26,68.56815338134766,70.24616889324635,68.11637483392087,69.04758337009001,7244600
2023-07-27,67.55396270751953,69.04758370032243,67.48020911719124,68.17169914519623,10185400
2023-07-28,67.16673278808594,68.57737137871867,66.82560219523002,67.99652226322301,6230700
2023-07-31,67.5816421508789,68.6603651287622,67.34192358883759,67.67383943344811,10876400
2023-08-01,66.539794921875,68.05185292142977,66.46603427940842,67.6000812961755,6723400
2023-08-02,66.30007934570312,66.70574878614909,65.8851810327586,65.93128319004185,6589600
2023-08-03,64.63127899169922,65.92206203274719,64.59439867233195,65.64546315459346,9075100
2023-08-04,63.77382278442383,65.17524660500465,63.63552336296903,65.04616902076704,9140500
2023-08-07,63.285179138183594,64.28092666084703,63.257520657143225,64.07808842094873,8397200
2023-08-08,63.3497200012207,63.57099489094963,62.612134690723664,63.0085823108121,8890000
2023-08-09,63.543338775634766,64.1518535378054,63.16532778469419,63.42348300469306,7453000
2023-08-10,62.96247863769531,64.2256030703916,62.833401050027184,63.89368726375901,7959900
2023-08-11,63.543338775634766,63.56178245375022,62.84263375969561,62.97171136969504,6524200
2023-08-14,63.211421966552734,63.55255966456668,62.97171042825306,63.47879902161198,8021100
2023-08-15,62.0958137512207,62.907166691700525,61.92985583468633,62.833406054529355,7703900
2023-08-16,62.289432525634766,62.649006852816704,62.058935801328296,62.43695380560776,6433500
2023-08-17,62.24333953857422,62.83341061032419,62.040501288747286,62.086596414670296,6677600
2023-08-18,62.538368225097656,62.75042125636342,62.07737481114447,62.086589614798626,6291300
2023-08-21,61.84687805175781,62.51070969276007,61.46886007621993,62.46460753772331,6856100
2023-08-22,62.25254821777344,62.52914708290312,61.551843285393886,61.87453727191096,7370400
2023-08-23,62.59366989135742,62.824166542020606,62.0497011722081,62.7596277612029,7721800
2023-08-24,61.97595977783203,63.0731264262224,61.84688217616277,62.59368930499227,9242500
2023-08-25,62.658226013183594,62.8979445657926,61.985179546129544,62.04971834480872,10114100
2023-08-28,62.713539123535156,63.248293156447595,62.67666584158352,62.92559918286287,7152600
2023-08-29,62.674560546875,62.99020445726684,62.30320935358144,62.92521852966059,11209700
2023-08-30,62.284629821777344,62.87879590376172,62.03397187149488,62.53529485499378,7461500
2023-08-31,62.01540756225586,62.93449615810308,61.9504216430128,62.66526675468643,11797800
2023-09-01,62.08039093017578,62.730250095899024,61.69046834780814,62.51672089405643,8296600
2023-09-05,61.45836639404297,62.45172645926223,61.09630103924837,62.033960921555455,10002700
2023-09-06,60.98491287231445,61.653343532698514,60.6785476391494,61.300556749199075,9250300
2023-09-07,61.50479507446289,62.17322567873019,61.1520154035145,61.53264516915177,9981100
2023-09-08,62.04326629638672,62.201088253244286,61.3376997299938,61.51409314232577,7484800
2023-09-11,62.69310760498047,63.027322878349445,62.154648877560135,62.20107042000196,7981600
2023-09-12,62.87879180908203,63.15729983760005,62.30319721745117,62.665262612578054,7171300
2023-09-13,63.52865982055664,63.84430371349485,63.01805107264543,63.01805107264543,8925700
2023-09-14,64.3177719116211,64.38275783086064,63.5193694278587,63.96499221902556,7944900
2023-09-15,63.72361755371094,64.88408554104241,63.686481728164196,64.37347679344276,18391400
2023-09-18,63.352256774902344,63.9278513591962,63.045898655730966,63.88142981356816,7534100
2023-09-19,62.74882125854492,63.278001457411314,62.526013389451066,63.17587970846529,8215500
2023-09-20,62.5260124206543,63.259429023114514,62.42389067329057,63.194443100513446,5804000
2023-09-21,62.11752700805664,62.86022218867451,61.987548091441454,62.30319903247768,9458600
2023-09-22,62.85093307495117,63.49151356566423,61.59762927032709,61.736886822603836,11796500
2023-09-25,62.63740921020508,62.66525930329279,61.99682873745503,62.40531565722991,8656500
2023-09-26,60.65997314453125,62.377471259715556,60.59498722708179,62.31248534226609,9042600
2023-09-27,55.66532516479492,60.33504701108144,55.26612391105825,60.06581759968377,25606200
2023-09-28,52.991607666015625,56.352321698884964,52.89876810951997,55.98097055583629,31153800
2023-09-29,53.18656921386719,54.55127714770046,52.898771880415445,53.53934892929771,19047600
2023-10-02,48.41472244262695,52.34174541055887,46.5858238899654,52.06323382148291,54022800
2023-10-03,48.999595642089844,49.305960868630386,46.88290331859878,48.34045072261212,36257500
2023-10-04,46.99431228637695,50.08580081393241,46.920044174122545,49.86298939423443,28467400
2023-10-05,45.908111572265625,46.53940640335854,44.78477947691121,46.24232689948741,29911400
2023-10-06,46.64152526855469,46.88290102250436,43.772848608885354,45.54604333758279,24718500
2023-10-09,45.78742599487305,46.80863643769425,44.914755317216155,46.13092353779038,20644600
2023-10-10,47.88555145263672,47.92268373572636,45.97309898556762,46.12163874232764,23164300
2023-10-11,49.705162048339844,49.73301214472957,47.99695315425245,48.3218827503559,22401400
2023-10-12,49.20383834838867,50.10436256086445,48.48898970589832,49.26882426666353,27972800
2023-10-13,50.58712387084961,51.29268687413047,49.66803163377339,49.69588173319567,22319200
2023-10-16,50.4849967956543,51.09772370862358,49.72373013231267,50.587118538060345,17089400
2023-10-17,50.290035247802734,50.91204788417752,49.714444160632276,49.74229779844827,13365500
2023-10-18,49.42665481567383,50.85634870598511,49.26882932546765,50.206489456510575,13593300
2023-10-19,48.63753128051758,50.12293235472868,48.62824909532977,49.46378387944814,11580400
2023-10-20,48.23833084106445,48.91604369812154,47.98766933917203,48.2290486557205,17798900
2023-10-23,47.82984924316406,48.79535946366969,47.30067612146655,47.597755644473324,15200700
2023-10-24,51.171993255615234,51.45979057946647,49.305962367617575,50.540698413369824,20060300
2023-10-25,52.416011810302734,52.86163104662537,50.97703236231919,51.626895076673115,19262400
2023-10-26,53.44651412963867,54.06852682158695,52.62026147710494,52.703815315084036,17357800
2023-10-27,52.21177291870117,53.86427806248742,51.92397560675776,53.25155115759737,11921000
2023-10-30,53.10301208496094,53.35367357762404,51.775436517226886,52.36959551844299,11017700
2023-10-31,54.12422180175781,54.30061518796922,53.279401317616376,53.43722679257043,19978300
2023-11-01,54.24491500854492,54.57913035014257,53.08444703992376,53.94783549189528,13428900
2023-11-02,55.618900299072266,56.13879114580479,54.30989276886596,54.328460678549256,15076500
2023-11-03,55.126869201660156,57.08573962217168,55.117583475055305,56.835078125846465,13938000
2023-11-06,54.81121826171875,55.591052797447276,54.64411060824358,55.14543356866909,9299500
2023-11-07,54.272762298583984,55.29397618301584,54.217062105510955,54.8205032930931,9615500
2023-11-08,53.38152313232422,54.00353222370107,52.71309249200655,54.00353222370107,12781600
2023-11-09,50.80064392089844,53.16799772847591,50.70780436402332,53.028740163896714,17147900
2023-11-10,51.1905632019043,51.40408888622754,50.60568634569101,51.060591354182954,12776100
2023-11-13,50.596405029296875,51.116295970581184,49.95582796532208,51.10701024331742,8951800
2023-11-14,53.427940368652344,53.604333752560755,51.47835575115421,52.063232552990414,13399500
2023-11-15,52.91733932495117,54.52342656720608,52.89877141249267,53.36295859955364,11295000
2023-11-16,52.54598617553711,53.632185993827626,52.52742180524645,53.307252850268185,11155400
2023-11-17,53.26082992553711,53.27011565129241,52.44386313240745,52.92661462768101,10136300
2023-11-20,53.23298263549805,53.54863003993847,52.27675823739922,52.91733523105762,8404900
2023-11-21,53.827144622802734,54.11494194748618,52.71309468965015,53.21441769078888,11952600
2023-11-22,53.787837982177734,54.57401844420504,53.33859251391722,54.26516017649028,9626900
2023-11-24,53.862709045410156,53.918866066344016,53.28243411023572,53.47897832807594,4629400
2023-11-27,53.890785217285156,54.003095680273326,53.226273016415796,53.815909195102876,9779100
2023-11-28,54.43362045288086,54.82671241689459,53.59128308019798,53.8720645846157,9473600
2023-11-29,54.620811462402344,55.4350686100032,54.26515747885265,54.77991766250181,17019100
2023-11-30,54.761199951171875,54.92030972532002,54.265158762323104,54.733123225851536,15381700
2023-12-01,55.378902435302734,55.72519864347998,53.9750093100102,54.798627609861576,10510200
2023-12-04,54.91094970703125,55.71584917416685,54.8267195291216,54.83607724768303,10239600
2023-12-05,54.4991340637207,55.08877021246557,54.162199121580784,54.92030274139561,12544800
2023-12-06,56.342926025390625,56.399079479920694,54.86415650447892,54.86415650447892,13235700
2023-12-07,56.01534652709961,56.67985879854846,55.631615798371556,56.51139130103023,12230500
2023-12-08,55.87495422363281,56.1089364410096,55.31339475975735,55.753282470917,9408300
2023-12-11,55.884315490722656,56.09957871594684,54.77991906893908,54.77991906893908,11005700
2023-12-12,55.70649337768555,55.931114333766075,54.35875693034524,55.837522863780144,9931000
2023-12-13,58.50491714477539,58.589150893160536,55.52866636583346,55.781364040703274,13013400
2023-12-14,58.75761413574219,60.451643129090286,58.364525718595786,59.57187483460605,16809100
2023-12-15,57.559627532958984,58.87928714334223,57.11038208796526,58.12118344662978,28901500
2023-12-18,57.09165954589844,58.12117984730056,56.95126879103215,57.653215424793196,10755600
2023-12-19,57.62514114379883,57.86848465317405,56.96999021046946,57.428596934885626,11509600
2023-12-20,56.0059814453125,57.76552864901477,55.94982443009423,57.60641889103893,10091200
2023-12-21,55.7813606262207,56.76408882065458,55.27596173713188,56.277405367585196,12604200
2023-12-22,55.921749114990234,56.969988433449096,55.84687309281484,56.11829331777279,9799400
2023-12-26,56.35227584838867,56.679853091819425,55.800077677739665,55.85623469468686,6791600
2023-12-27,56.698577880859375,56.78280805944395,55.82816366596244,56.071503623651026,6787500
2023-12-28,57.11037826538086,57.185250716058974,56.268040880969636,56.268040880969636,5981900
2023-12-29,56.848323822021484,57.14782078895628,56.40843608983611,56.90447727189334,6814600
2024-01-02,57.62514114379883,58.16798161064713,56.32420056534664,56.67049325299639,10064300
2024-01-03,58.01823043823242,58.13989861698585,56.58625688336994,57.19461205827785,10306300
2024-01-04,57.84040451049805,58.73889538527313,57.774889774021865,58.18669719905577,10568100
2024-01-05,58.10246658325195,58.55171201721087,57.34436290516078,57.70001687923526,7803800
2024-01-08,58.88864517211914,59.01967821826667,57.64386158114391,57.82168678834453,7766600
2024-01-09,58.03694534301758,59.00095446846285,57.92463488277687,58.90735944302463,6921600
2024-01-10,58.289642333984375,58.710810992235544,57.933991973936635,58.046302426041976,8100100
2024-01-11,56.82960510253906,58.205418185635416,56.71729106165674,58.027592976333295,10686000
2024-01-12,57.12910079956055,57.70937571672973,57.016786761177805,57.260130274055,7796900
2024-01-16,56.483299255371094,57.278840843788295,56.35226980017612,56.773438456363465,11633100
2024-01-17,54.53657913208008,56.165093469503155,54.09669139287147,55.65033327250817,11543100
2024-01-18,53.956295013427734,54.35874467011185,53.563203073517364,54.2464306471175,9626500
2024-01-19,53.591285705566406,54.08733043612921,52.95485735648781,54.02181570063162,12762600
2024-01-22,53.207550048828125,54.08732539253216,53.02972486481464,53.69423344591685,12979900
2024-01-23,53.7036018371582,53.82527002481117,53.244995100489064,53.610006804018866,16081000
2024-01-24,53.357303619384766,54.667605473151134,53.113963682689175,54.377466236454,14471400
2024-01-25,54.26515579223633,55.55673864056274,53.404102940208936,55.17300794428352,15702600
2024-01-26,54.733123779296875,55.2385262618866,54.48978382672714,54.592736580990106,11650000
2024-01-29,55.75328063964844,55.95918612666814,54.48041684768149,54.72376034512027,10102800
2024-01-30,55.48186111450195,55.921748816723095,54.81735248752315,55.68776660410082,7807700
2024-01-31,54.87351608276367,56.13701875429401,54.6863295761666,55.8749597872295,11124900
2024-02-01,55.921749114990234,55.99662513716564,54.29323133552777,54.648885300290424,8687600
2024-02-02,54.42426681518555,55.247881674341414,54.2651570460696,55.116852199943224,14952900
2024-02-05,52.38393783569336,53.75039307266224,52.30906181544485,53.69423605747586,14293600
2024-02-06,52.62728500366211,52.954862281903814,51.95341500982606,52.41202177125018,10305400
2024-02-07,52.767669677734375,53.0390863314094,52.06572303870385,52.71151266130925,7761300
2024-02-08,52.683433532714844,52.8051017073194,51.84109617622523,52.8051017073194,8143000
2024-02-09,52.954864501953125,53.001660237867874,52.14996499119051,52.3933049601187,8003500
2024-02-12,53.862709045410156,53.93758507332197,52.87998438592355,52.96421813218158,9622000
2024-02-13,51.71006393432617,53.47896871757609,51.167223540373875,53.23562881116343,12759700
2024-02-14,52.4213752746582,52.47753229305743,51.56032241424882,51.84110036567426,8831300
2024-02-15,53.600650787353516,53.965662502470295,52.61792611505014,52.69279857365292,9880000
2024-02-16,53.37602233886719,53.741034027094265,52.7208749857854,53.21691614462884,9943500
2024-02-20,52.98293685913086,53.64744553705122,52.458815377374876,53.10460861870172,13014600
2024-02-21,53.44153594970703,53.66616044481251,53.011009535230514,53.36666349819535,9322100
2024-02-22,53.039085388183594,53.422819638169926,52.711511723908885,53.1513994190365,10426000
2024-02-23,53.14204406738281,53.77847603216583,52.889342825164356,53.16076307461591,10563900
2024-02-26,52.088932037353516,52.82563742774138,51.81502745781174,52.79730371363866,12753800
2024-02-27,52.47617721557617,52.882310614773736,51.74891516591924,52.36283514861535,12421800
2024-02-28,51.98503494262695,52.627292192582544,51.67334968766416,52.27782625163071,13240400
2024-02-29,52.126705169677734,52.75951902605522,51.90947163777633,52.41005670108029,19993600
2024-03-01,52.14559555053711,52.53283856038071,51.26721444965404,52.192819604817664,15398200
2024-03-04,51.918922424316406,52.01337053974573,50.95553651448575,51.739465960850175,11674600
2024-03-05,52.32505416870117,53.37344118783446,51.90003045663928,51.947254512876256,16026100
2024-03-06,52.447837829589844,53.75124272453382,52.192823593429196,52.872861556524256,11074900
2024-03-07,53.12787628173828,53.33566646192223,52.447838312383325,52.9673137628432,10227300
2024-03-08,54.601287841796875,54.93185983584122,53.184544547953344,53.57178757081866,12735600
2024-03-11,54.657958984375,54.91297322696346,53.73235373514548,54.37461102693164,9681500
2024-03-12,53.9779167175293,54.780736413437076,53.411217282508304,54.4690511837309,9634400
2024-03-13,56.235267639160156,57.019197096199505,55.67801510342375,55.725239161781474,17495300
2024-03-14,56.235267639160156,56.896415265062366,55.82913425194728,55.914138998177066,16996100
2024-03-15,56.74529266357422,56.79251671905834,55.61189731713276,55.91413559578855,32424500
2024-03-18,56.83030319213867,57.74646515236546,56.14082177984199,56.745302040000595,17073700
2024-03-19,57.86924743652344,57.9825859028116,56.91530483661715,57.03809027682551,11433900
2024-03-20,58.74761962890625,58.94596281517143,57.954243280881194,58.03924801827546,14564500
2024-03-21,57.95425033569336,59.871575242249435,57.88813593222348,58.7476267802967,18090300
2024-03-22,58.35093307495117,59.02152764392305,58.29426564867506,58.76651341678691,10046300
2024-03-25,59.13486862182617,59.1632023361728,58.00147320942007,58.55872574368013,11423500
2024-03-26,58.02037048339844,59.41822367124185,57.89758503495611,59.144319056626316,13829600
2024-03-27,60.24937438964844,60.3154887925344,58.577616767464505,58.70984557323644,13409000
2024-03-28,60.362709045410156,60.693284641961746,59.8715709385347,60.136028533404364,12830800
2024-04-01,59.86212921142578,60.49494310604246,59.27653937390835,60.36271070201412,13175200
2024-04-02,59.38988494873047,59.82435206449528,58.898746799314445,59.75823766005128,9905300
2024-04-03,59.07819747924805,59.49377783803002,58.42649682974635,59.21042628323697,10551400
2024-04-04,60.19270706176758,60.42883097316771,59.47489195641573,59.83379770760918,10690100
2024-04-05,60.61772155761719,60.78773103607697,59.40876846898265,59.55044063238953,10278100
2024-04-08,61.259979248046875,61.31664667265063,60.38159813704434,60.58938830182993,8054900
2024-04-09,61.75111770629883,62.204478750021956,61.193868779442006,61.53388776075202,9188000
2024-04-10,60.457157135009766,60.67438705808674,59.503214691345654,59.97546242699125,10783400
2024-04-11,60.39104080200195,61.19386413650828,59.805454602489434,61.04274139809019,12145600
2024-04-12,59.57877731323242,60.74050273206714,59.45599189054864,60.56105348877396,9039500
2024-04-15,59.26708984375,60.759394393142955,58.84206616810238,60.003795146229734,11147100
2024-04-16,58.27537536621094,59.1065324477824,57.90702268317487,59.02152770531527,11594100
2024-04-17,60.24937438964844,60.37215622188538,58.48316504693831,58.7854069496574,15653700
2024-04-18,60.457157135009766,60.816062819966135,59.62600011144351,60.306034400757454,10135000
2024-04-19,60.73106384277344,61.297759704484115,60.11714032344986,60.65550247296433,13419400
2024-04-22,61.685001373291016,61.85501085862286,60.37215314997861,61.00496343196362,14747200
2024-04-23,62.52560043334961,63.44176223911168,61.486656804334594,61.61888560043129,14349200
2024-04-24,62.86561584472656,63.3756442605398,61.59999538046775,62.25169955721721,12149600
2024-04-25,63.18675231933594,63.394542488625284,61.87390411074855,62.3367049022109,11418500
2024-04-26,62.32725524902344,63.56454923860422,62.10057834951415,63.48898787012489,9982800
2024-04-29,63.67790222167969,64.14071033098277,63.24343503807475,63.30010247760951,9795800
2024-04-30,63.252864837646484,63.7439993274237,62.59171366356974,63.186750440831695,10042600
2024-05-01,64.80184173583984,65.0379656287103,63.035632423034336,63.15842145912175,13991100
2024-05-02,65.02851104736328,65.18907354630723,63.91400611516844,65.05684475824415,10815900
2024-05-03,66.24691772460938,66.37914652598151,65.46298468366797,66.01079383559781,12687500
2024-05-06,67.2953109741211,67.34253863612386,66.36026235508831,66.45471047316433,14042100
2024-05-07,67.95645904541016,68.0414674008815,67.3519824066826,67.71089536500392,13621100
2024-05-08,68.8064956665039,68.8442763511784,67.51254144456415,67.7203244013807,9915000
2024-05-09,70.44047546386719,70.58215122873445,68.55148448144712,68.94817085833243,16627900
2024-05-10,69.69432067871094,71.03550249903576,69.56209189112559,70.71437750230804,12046700
2024-05-13,70.44047546386719,70.5254765992303,69.50541973930056,70.02489514183758,7685500
2024-05-14,71.23384857177734,71.41330502189662,70.5160371831578,70.78049476906277,8176600
2024-05-15,72.77339172363281,72.90562053635735,71.75333470610371,71.75333470610371,12470600
2024-05-16,72.16890716552734,73.11340269892194,71.83832796409598,72.78282349749058,10414200
2024-05-17,71.86666870117188,72.30114303021512,71.34720043059109,72.11223958151594,9490300
2024-05-20,71.65887451171875,71.96111277644889,71.37552298594048,71.77220935728715,7179700
2024-05-21,72.6789321899414,72.6883791634265,71.2621888162121,71.65888243736268,6420100
2024-05-22,72.08390045166016,72.89616720523502,71.93278490998046,72.16890879867248,8773600
2024-05-23,71.13941192626953,71.74388856457585,70.47826785497509,71.74388856457585,9097800
2024-05-24,72.35779571533203,72.8205964599491,71.08272832167292,71.23384384390513,7601100
2024-05-28,73.22675323486328,73.91623829252424,72.09336123441113,72.36726586247204,11986600
2024-05-29,72.4239273071289,72.63171750473285,71.93279273582596,72.5089284574596,6896300
2024-05-30,73.85009765625,73.91621204603469,72.35779319433516,72.603364016076,21762300
2024-05-31,75.57852935791016,76.00355667119307,73.79343337753743,73.9445561216191,16196000
2024-06-03,73.8721694946289,75.81142178103313,73.6915506203358,75.57376842121799,15410500
2024-06-04,73.33982849121094,73.94822051380281,72.75044554631036,73.77710980416103,8484300
2024-06-05,73.24478912353516,73.51095980143468,72.81700860324776,73.24478912353516,9264600
2024-06-06,72.91206359863281,73.92921990767657,72.84552093365262,73.14021609508477,6550600
2024-06-07,71.666748046875,73.19723629507126,71.30551754362938,71.82835059417395,10059500
2024-06-10,73.16873168945312,73.25428343423316,71.1534281986713,71.74281125560157,11218500
2024-06-11,69.14762878417969,71.60021352593883,68.01640357201796,71.58120444575881,22781500
2024-06-12,68.69133758544922,70.29786956327419,67.87380934710265,70.14577516567331,13930500
2024-06-13,69.56590270996094,70.07923491816275,68.78639985734473,68.97651967403898,10023200
2024-06-14,69.45182800292969,69.90812572672641,68.80541045823799,69.16664827158722,6568500
2024-06-17,68.73886108398438,69.7750335887268,68.62479210362763,69.13812427304971,8445300
2024-06-18,66.96123504638672,67.10382130717466,65.56383166980596,65.68740884669131,29169800
2024-06-20,68.88146209716797,69.29022624424182,67.2939390909581,67.49356708102584,14857200
2024-06-21,69.21416473388672,70.05070923282854,68.5107127937263,69.73700504572535,19465500
2024-06-24,70.20281219482422,70.59256724810754,68.68183190082883,68.91948529840954,12063700
2024-06-25,69.37578582763672,70.09824696371751,68.81492001523549,69.93664438743153,10753200
2024-06-26,69.74652099609375,69.97466622463129,68.36812695312389,69.2046715454383,11481500
2024-06-27,70.07923126220703,70.71614059277265,69.61343265878205,69.98417135881908,9824500
2024-06-28,67.31294250488281,69.68947635694173,66.40986254214272,69.59441645338052,23935600
2024-07-01,66.4478988647461,68.09245649894585,66.10567735364883,67.93085391109629,11036400
2024-07-02,66.98973846435547,67.11331561572064,65.95356591676524,66.54294893253437,9415200
2024-07-03,68.2825698852539,68.35862070636885,67.06578575783666,67.41750811343371,4487200
2024-07-05,68.52973937988281,68.77690097704219,68.10196610825939,68.44418762660096,7688800
2024-07-08,68.54875183105469,68.99554141315943,68.19702216474514,68.5867772478941,5368700
2024-07-09,68.55825805664062,69.38528727850216,68.1399857358605,68.50121630669376,6220100
2024-07-10,69.29973602294922,69.5183730993724,68.1399862181102,68.69134387165768,6740900
2024-07-11,71.01082611083984,71.49564103040552,69.8320673922423,69.87009280285582,12188700
2024-07-12,72.24663543701172,72.91206207288901,71.07737748813433,71.29602181284052,11099400
2024-07-15,67.46504211425781,70.72564675087006,67.26541414702916,70.50700245194028,19575400
2024-07-16,68.34912109375,68.71985982732257,67.35097388637378,68.00689960851281,10551800
2024-07-17,67.39851379394531,68.6818408577204,66.99925777456765,68.20653400057355,11878900
2024-07-18,68.13048553466797,68.7864113412,67.32246529990968,67.4935760645438,10212300
2024-07-19,68.44417572021484,68.78639717902438,67.91183445211371,68.36812489545586,7752100
2024-07-22,69.29973602294922,70.48800307666026,69.1666506931421,69.34726235353374,9034700
2024-07-23,68.54875183105469,69.41380649317959,68.35863199946431,68.8529479131633,7027500
2024-07-24,71.68577575683594,72.00898090273914,68.71985868495318,69.1381309938691,17813700
2024-07-25,69.81307220458984,71.93293668671349,69.679986867264,71.47664617376975,13934200
2024-07-26,70.59256744384766,71.28651130524811,69.88910816318175,70.56405019647588,7076200
2024-07-29,70.66860961914062,70.98231383922705,69.92713219174072,70.7826858589737,5977500
2024-07-30,70.61158752441406,70.84924095967534,69.58492294345959,70.84924095967534,8505500
2024-07-31,72.61737060546875,73.08316922771697,71.00133042475109,71.17244115880641,15618100
2024-08-01,74.51859283447266,74.54711007949575,72.15156721368345,72.5508231492179,11136600
2024-08-02,75.2885971069336,76.58143223273363,73.97675289955113,75.440698770019,14513100
2024-08-05,72.89305114746094,75.09847440963978,72.71243224260377,74.67070119062736,11877600
2024-08-06,73.16873168945312,74.5281094598292,72.88354470164026,73.05465544380671,9050900
2024-08-07,73.72958374023438,74.87032433823002,73.47292127593366,73.88168538767609,8193200
2024-08-08,73.7105712890625,74.36649692159261,72.81699228272936,73.31131536169869,6935900
2024-08-09,73.63452911376953,74.17637857955125,72.57934742999363,73.67255452835498,5041200
2024-08-12,73.74859619140625,73.77711343564941,73.09267056339236,73.51094281923952,5955600
2024-08-13,74.2619400024414,74.62317057389902,73.70107418473442,74.4805770776951,5108900
2024-08-14,74.1573715209961,74.69922100155523,73.29230963394905,74.14786335393886,4620700
2024-08-15,73.58700561523438,73.96724527050083,73.32082770289871,73.71058277793531,5946500
2024-08-16,74.689697265625,74.89883338165157,73.42537965699523,73.69155025826362,6344200
2024-08-19,75.43119049072266,75.64032665085077,74.55662768710191,74.68971301580044,5617000
2024-08-20,75.07946014404297,75.84945478613452,75.06044381189426,75.43118251013135,5967300
2024-08-21,75.70686340332031,76.03957669908536,75.22204845657359,75.26007386931902,5125300
2024-08-22,75.02242279052734,75.99205271389474,74.5851414093914,75.7448911497375,8006600
2024-08-23,75.72587585449219,76.35327700111797,75.25056909844623,75.53574880051049,5052900
2024-08-26,76.6574935913086,77.06625780122629,76.01107593963891,76.04910136063214,5378700
2024-08-27,75.6783447265625,76.65747551528192,75.6498274806939,76.39130488370061,5086000
2024-08-28,75.48822784423828,76.17266352942423,75.27909169629005,75.79242389963404,5462400
2024-08-29,76.07760620117188,76.22019969348044,74.82279652354781,75.60229939521417,5179200
2024-08-30,77.02958679199219,77.24963989578269,76.03454470205646,76.14935247809365,6808200
2024-09-03,76.47467041015625,77.67063359854254,76.18763632511154,77.27835416895343,9883900
2024-09-04,77.57495880126953,78.0150723831728,76.84781113136934,76.93392427760045,7517700
2024-09-05,76.85736846923828,78.58912056830873,76.76169288854987,78.41690160323805,8494900
2024-09-06,76.52250671386719,77.68019812645832,76.35985018349922,77.36446211404814,8181500
2024-09-09,77.6801986694336,77.72803281434011,75.83363132579643,76.64688478500274,6918000
2024-09-10,78.74221801757812,78.82832386200332,77.54625484780676,77.94809672095076,9588000
2024-09-11,79.8233642578125,79.95731154577727,78.19685730419467,79.12491857092783,10216500
2024-09-12,79.85206604003906,80.34002104494647,79.13448815617863,79.8233640926174,7856600
2024-09-13,80.99061584472656,81.06715922864893,79.89032842447374,80.27303804450675,6734400
2024-09-16,80.9810562133789,81.86128333971178,80.72273138484331,81.41160002746483,8791400
2024-09-17,81.29678344726562,81.32548539182423,80.54093394238038,81.12456448033508,7415100
2024-09-18,80.63660430908203,81.31591038482554,79.89989434793381,80.83752520757699,9286200
2024-09-19,78.7326431274414,80.17736858607334,77.94809163128237,80.01471205792447,13965200
2024-09-20,79.18232727050781,80.13909775415482,78.50302110306798,78.69437227996559,26032300
2024-09-23,81.15327453613281,81.2680896254219,79.35454860141539,80.04342453799049,7916000
2024-09-24,80.64619445800781,81.58382555484854,80.29218670944039,80.56008130853775,8205300
2024-09-25,80.96192169189453,81.52641277859252,80.22520432500784,80.95235194308859,8354700
2024-09-26,79.85206604003906,80.94278383954054,79.64157535950724,80.6079156203216,8462500
2024-09-27,80.8853759765625,81.17240273627768,80.13909618189196,80.14865863084358,8200900
2024-09-30,80.87580871582031,81.27765057153007,80.3782912705958,80.84710676892385,13884400
2024-10-01,81.58382415771484,82.04307724800293,80.19650973632707,80.47397408052066,9112600
2024-10-02,81.73690032958984,81.88997980673402,80.83753376528773,81.10542832497451,8403800
2024-10-03,81.37333679199219,82.37794147239438,81.08630271211734,81.947397652162,7031500
2024-10-04,80.22521209716797,80.44527254354655,79.42152830951808,79.8807741025808,8341800
2024-10-07,76.81910705566406,79.93818104058353,76.72343146217399,79.93818104058353,11971600
2024-10-08,77.02002716064453,78.27339421087147,77.01045741152484,77.28792173935749,10098300
2024-10-09,77.09656524658203,77.59408267285643,76.21633817724617,76.21633817724617,10102500
2024-10-10,77.44100189208984,78.99096533601377,77.32618681122989,77.49840578273023,7928400
2024-10-11,78.32123565673828,78.34036785539783,76.91478181891821,77.47928022370209,7057000
2024-10-14,79.32584381103516,79.59373837686226,78.08203927017566,78.35950358466214,5815200
2024-10-15,79.2110366821289,80.4165696490188,79.09622158542219,79.41195762668052,15824900
2024-10-16,80.74185180664062,80.98104440170701,79.1536167711808,79.48848494435798,8061600
2024-10-17,80.1582260131836,80.97147942440586,80.08168262635395,80.65575072799709,6153000
2024-10-18,80.7322998046875,80.76100905405215,79.93818576219309,80.29218620897363,8595300
2024-10-21,80.39742279052734,81.28721963471055,80.0434223823507,81.09586845729504,7053800
2024-10-22,80.08168029785156,80.58877474616898,79.54589120478131,79.60329509344486,8358500
2024-10-23,81.28721618652344,82.28225832594954,79.41194698899781,80.9332084937842,10825100
2024-10-24,79.23015594482422,80.89494172712898,78.93355945123636,80.36871507762248,9705100
2024-10-25,77.90982818603516,79.5363352431144,77.77588088955005,79.31628209870894,6580700
2024-10-28,79.28756713867188,80.21562831214798,78.08203436854821,78.49344594012173,8679600
2024-10-29,76.12065887451172,77.21137666384638,76.03455303304933,76.49379878667465,19232900
2024-10-30,75.67097473144531,76.43639404510942,75.47962355281906,76.30244676015514,11650200
2024-10-31,75.82406616210938,76.39812703275824,74.76205026659798,75.00124290433334,13034700
2024-11-01,74.00619506835938,76.02498136240537,73.6426249142979,75.9580077208788,14615300
2024-11-04,74.98210144042969,75.41264521532385,73.76699890310589,74.00619151128689,11759100
2024-11-05,75.25,75.38394728374645,73.64262529546322,74.40803730264581,9051700
2024-11-06,71.29853057861328,71.73865140835676,69.54764620631921,71.08804721168369,28637800
2024-11-07,71.39421081542969,71.8438867777014,70.38959896237698,70.42787065483012,16311300
2024-11-08,73.64262390136719,73.85311457172104,71.45161865930665,71.73865271880359,14657100
2024-11-11,72.62845611572266,73.81484955647714,72.46579957418034,73.65220031451483,10275700
2024-11-12,71.04978942871094,72.52321708317712,70.43745680602117,72.34142832658524,12569800
2024-11-13,71.03064727783203,71.79606667742404,70.72448097791131,71.40378722774854,12451500
2024-11-14,72.02568054199219,72.88677543361547,70.46614728797074,70.68620041053147,13780200
2024-11-15,73.04942321777344,73.37472897020713,72.03524886525177,72.18832834318933,12930300
2024-11-18,73.08769989013672,73.35559446945815,72.05438597025706,73.00159404660333,9044300
2024-11-19,73.74787139892578,73.97749427350855,72.44666294365744,73.01115403108584,7942200
2024-11-20,73.55651092529297,74.14971124308623,73.05899349392847,73.85311473397928,7065200
2024-11-21,74.0157699584961,74.15928700018793,73.05899941332379,73.47041103973108,8908500
2024-11-22,73.20187377929688,74.68517578769732,72.97071202494216,74.38659154880166,8165400
2024-11-25,73.81830596923828,74.26136903596057,73.03813049832505,73.90499621517269,20803100
2024-11-26,74.63701629638672,74.9163401272666,73.65457329510227,74.1650588883138,10563600
2024-11-27,75.62908935546875,76.45742692279822,74.99339270408774,75.2534487549937,8689700
2024-11-29,75.77357482910156,76.08179297306263,75.43646238234732,75.68689192072199,6186500
2024-12-02,74.23248291015625,76.13958769720215,74.06874363130638,76.01436925578747,11361500
2024-12-03,73.48119354248047,74.71406596228547,73.42340494420813,74.23247471401794,9806900
2024-12-04,72.95144653320312,73.22113647977505,72.33501027003874,73.20187606151988,8310200
2024-12-05,73.3945083618164,73.72199425445903,72.64322713843006,72.85512847805181,6487200
2024-12-06,72.4698486328125,73.68346063018355,72.16163052934516,73.38487640921498,7079200
2024-12-09,71.94973754882812,72.84549766410751,71.81489257220542,72.72028657110074,9269700
2024-12-10,71.41034698486328,71.7763536741439,70.64943195976761,71.7570932582866,8619200
2024-12-11,71.2562484741211,71.80526223515874,70.87097398338422,71.46814246295166,7472800
2024-12-12,70.52422332763672,71.35256085966599,70.3990049004816,71.12139177037928,6969600
2024-12-13,70.90950775146484,71.03471884770238,70.2545432701833,70.3604939471921,7671200
2024-12-16,70.11005401611328,71.48740526460799,70.08115971730207,70.98654625688309,9767000
2024-12-17,69.60919952392578,69.92705152846646,69.15650989901897,69.64772770767311,7723000
2024-12-18,67.92362976074219,69.86926261452997,67.83694685907324,69.31061497544242,12496000
2024-12-19,67.20124053955078,68.38595826107533,67.14345194042743,67.92362742259031,13731700
2024-12-20,69.03129577636719,69.32988738193389,66.76781811645905,67.0182476522085,27547500
2024-12-23,69.82110595703125,69.85963414359102,68.62676156767907,68.71344447606342,7509000
2024-12-24,70.22564697265625,70.22564697265625,69.37804158065816,69.75368220720274,3001800
2024-12-26,69.70552825927734,70.21601386775559,69.60920411930019,69.8114789344521,4503800
2024-12-27,69.4551010131836,69.76331916517475,69.04093218252356,69.2528335398613,5458100
2024-12-30,69.11798858642578,69.26246745271625,68.36670729991577,69.0409322112708,8399000
2024-12-31,69.05056762695312,69.74406032172998,68.77124377219575,69.21430691641417,6216500
2025-01-02,68.9735107421875,69.94632728455818,68.66529258550081,69.80184841612682,5344800
2025-01-03,69.33950805664062,70.00410635174724,68.95423357616578,69.272085573695,5088900
2025-01-06,68.61712646484375,69.2913586949109,68.23185195459111,69.15651371859748,7025900
2025-01-07,67.83694458007812,69.25282404776793,67.48056440535707,68.82902139118067,8975400
2025-01-08,68.05847930908203,68.09700014259045,66.90265589434752,67.44203574545736,7930600
2025-01-10,64.89923858642578,67.49020203788297,64.60065434278566,67.41314566904043,16261800
2025-01-13,64.49470520019531,64.8799797050328,63.46410012514253,64.74513473061467,17056600
2025-01-14,65.47715759277344,65.50605189554803,64.4176508343708,64.513974974953,10699100
2025-01-15,66.73892211914062,67.4613090570536,66.4692321714131,66.71965435230298,12416500
2025-01-16,68.74234008789062,68.79049480548449,66.35364417054875,66.42106665397978,11469500
2025-01-17,68.15480041503906,69.19503200126536,68.13553264856277,68.47264507689998,12664600
2025-01-21,68.2414779663086,69.23355475553232,68.17405548592929,68.7327030939288,12153800
2025-01-22,65.96836853027344,67.97178992922845,65.82388968302678,67.96215604647882,14415200
2025-01-23,66.6811294555664,66.7967066555553,65.75646776465838,66.31511539293629,10780100
2025-01-24,70.14859008789062,71.32367402838474,65.49641639501637,65.5927331847208,24588500
2025-01-27,71.11177062988281,71.20808741680786,68.03921589202514,70.60128504553025,19128900
2025-01-28,67.94290161132812,70.19674537221152,67.34572575276496,69.66699935033299,16630500
2025-01-29,68.2800064086914,68.88680873442422,68.01031648614348,68.14516144741745,9496700
2025-01-30,68.6749267578125,69.34915168198715,68.18370154248494,69.33951779778451,8639200
2025-01-31,68.92533874511719,69.08908535829465,68.31853640328127,68.877184028241,10708600
2025-02-03,68.43412017822266,69.14687317703593,67.6057826329129,67.90436685907129,9128300
2025-02-04,67.32646942138672,68.24149000922688,67.05677945227595,67.66358188277518,10574700
2025-02-05,66.65222930908203,68.18369337994183,66.59444070778532,68.14516519624414,9026100
2025-02-06,66.71965026855469,67.05677003107975,65.74684120929511,66.84486869983525,9145300
2025-02-07,65.75647735595703,66.83524458703336,65.68905486329604,66.59444892060118,9320400
2025-02-10,67.13381958007812,67.17234776320049,65.5830951147755,65.82389074791566,9121300
2025-02-11,67.74063110351562,67.78878582234118,66.18027271327257,66.8545049133281,7020100
2025-02-12,66.72928619384766,67.6057858456417,66.44033583662413,66.75818049472004,8574000
2025-02-13,66.07432556152344,67.0953041248752,66.03579737531203,66.8641350076068,15173000
2025-02-14,65.55419921875,66.4788535456791,65.38082607316959,66.07431865549125,14184600
2025-02-18,65.9780044555664,66.0261665223061,65.04371620941377,65.49641318216811,12090900
2025-02-19,66.51739501953125,66.95083164434234,65.89133214230552,66.0165432480505,8843000
2025-02-20,67.55762481689453,67.84658252705911,66.28622411947008,66.53665364504606,9340500
2025-02-21,68.94461059570312,69.32025121269187,67.43241424440228,67.55762533389857,16742500
2025-02-24,68.19332885742188,68.82902553204794,67.34572349325403,68.67492014215367,11970900
2025-02-25,68.65565490722656,69.06982372130804,68.07774681393848,68.57859853518812,14063400
2025-02-26,68.39559936523438,69.00240176559635,67.91400805902641,68.56897252940925,8010500
2025-02-27,66.82559967041016,68.2992750784232,66.7581771888801,67.97178920492051,9379800
2025-02-28,68.14341735839844,68.19197627123926,67.27912205499092,67.58016656926436,11247700
2025-03-03,69.55154418945312,69.62922807717025,67.97832877064594,68.02688768338777,9492200
2025-03-04,68.80377197265625,70.96937036042135,68.7163748287754,69.881714534815,17869500
2025-03-05,68.44447326660156,68.8426282206876,67.38594965925273,68.4930247732192,7722400
2025-03-06,67.988037109375,68.08514751877331,67.0266240518986,67.99774296398031,7482300
2025-03-07,70.7265853881836,71.00821073486799,68.03658210964042,68.15311903521457,13469300
2025-03-10,73.96041870117188,74.08666149043763,70.38670086629931,70.89167943241155,25263700
2025-03-11,71.89193725585938,74.0575358518418,71.08590672034194,73.70793242460653,14836800
2025-03-12,70.81399536132812,71.26070921009416,69.70692029937535,70.89168665912655,12110700
2025-03-13,70.62947845458984,71.42579562914193,69.9691173286894,71.08589809846383,11252600
2025-03-14,71.42579650878906,71.55203929579207,70.2410302910488,70.67803082294687,8699300
2025-03-17,70.02738952636719,71.30926627053229,69.01742490838107,71.30926627053229,14954000
2025-03-18,68.6581039428711,70.12449557085328,68.24052251539469,70.12449557085328,15212100
2025-03-19,68.4638900756836,69.12425129759829,67.97833057160074,68.96886869994775,9457000
2025-03-20,69.0951156616211,70.00796244819003,68.55128400448355,68.9882919830253,11815600
2025-03-21,68.8329086303711,69.88171887639626,68.1434150637387,68.96886469088736,15782000
2025-03-24,68.04630279541016,69.7166285322759,67.89092762007698,68.90088478236615,12385400
2025-03-25,66.60904693603516,68.44446861503187,66.44395848846422,68.44446861503187,12618800
2025-03-26,67.71612548828125,67.82294175305597,66.69644765961469,66.78384480598929,9154600
2025-03-27,68.00746154785156,68.96886727148933,67.59959335104159,67.7452626810594,8748800
2025-03-28,68.41532897949219,68.92031499669945,68.14341685132666,68.40562312423614,7846900
2025-03-31,68.84262084960938,69.67778372813396,68.58042199660724,68.66781914459145,13347100
2025-04-01,68.87175750732422,69.50298633735153,68.48330842661126,68.9494488052768,8715800
2025-04-02,68.44447326660156,69.2310773188803,68.10457567502652,69.03684906525879,8480100
2025-04-03,70.0565185546875,70.8528357756651,69.3087602435089,69.60009147515471,13652700
2025-04-04,64.97756958007812,71.29954832588713,64.92901067114103,70.68774608214574,20993500
2025-04-07,63.180999755859375,65.32717185632347,62.083637953347406,63.6082944866658,19494900
2025-04-08,62.25843811035156,64.65710316521991,61.37471999085137,64.51143383708887,14232600
2025-04-09,65.62821960449219,65.83215369237469,59.93746203541077,61.55922888360696,23207800
2025-04-10,64.79304504394531,65.550516493534,63.3557860149207,64.87073632314625,12801900
2025-04-11,63.909332275390625,65.05525287083508,62.73427929846822,64.5308477770843,14856900
2025-04-14,65.73504638671875,66.15262784612999,64.05500728470145,64.55999330536382,11588800
2025-04-15,65.7059097290039,66.46338130168009,65.57965952752495,65.90013054951854,7851700
2025-04-16,63.7442512512207,66.08465162267605,63.41407434402206,65.98753379439404,11356100
2025-04-17,64.39488983154297,65.39514108115036,64.06471297243137,64.1326909968984,11212300
2025-04-21,62.811973571777344,64.15211504675935,61.802008981293255,63.91904857481673,11568700
2025-04-22,64.71537017822266,64.87075277603354,63.4626257673101,63.56944945104257,14352000
2025-04-23,65.3271713256836,67.1043208590476,65.05525919339728,65.59909086701983,19476200
2025-04-24,64.43374633789062,65.2591960338763,63.35580361886868,65.10382084135028,13724700
2025-04-25,64.18124389648438,64.93872285443588,63.47233125571131,64.73478877658133,9640200
2025-04-28,64.27835845947266,64.42402035838995,63.39463675778092,64.2492260796892,7123500
2025-04-29,65.30775451660156,65.45342385235197,63.82194359185777,64.14241464869863,8891500
2025-04-30,64.94843292236328,65.26890395508924,63.56944578699958,65.07468312807028,13763500
2025-05-01,64.14241027832031,65.67677260440284,64.03558659998518,65.5408165427126,11487900
2025-05-02,65.15235900878906,65.4242785058769,64.08412977332878,64.19095343777968,13333200
2025-05-05,64.19095611572266,65.09409696527229,63.97730877790784,65.06496458448828,7117800
2025-05-06,64.6182632446289,64.95815343436135,63.46262919048816,63.90934306971514,7943000
2025-05-07,65.4145736694336,66.0166700912574,64.06471890917915,64.34634429636853,9961300
2025-05-08,66.34684753417969,67.37623126838292,64.97757364331027,65.32716965513139,13030100
2025-05-09,68.27937316894531,68.45417488185078,66.4730912719388,66.69645189750405,17326200
2025-05-12,67.67728424072266,68.9397344721585,66.71587111382438,68.86205058446004,18943800
2025-05-13,70.02738952636719,70.38670621256072,67.93948225885022,68.04630593828479,22962500
2025-05-14,70.10508728027344,70.34786704516253,68.70667346361606,69.72635143977047,15238900
2025-05-15,72.39692687988281,72.66883902369773,70.35757098317043,70.89168941498562,17789900
2025-05-16,72.83391571044922,72.83391571044922,71.5811714711436,72.39691517980614,12829800
2025-05-19,71.72684478759766,72.10558057770609,71.04706449997981,72.07644819524383,14438400
2025-05-20,72.2609634399414,73.03785414176178,71.69771268001323,71.86280112063199,8046700
2025-05-21,69.47384643554688,72.1929748882176,69.29904473859276,71.93077604731101,16133100
2025-05-22,65.00670623779297,67.00720894556163,62.03508085527388,66.91009853034903,40207600
2025-05-23,65.80302429199219,65.98753186041026,64.0647204252018,65.07468505552386,17161100
2025-05-27,66.07493591308594,66.39540695283813,65.52139839399113,65.79331052139914,10910700
2025-05-28,65.26890563964844,66.1817598501071,64.89988309516825,65.92926684122601,7835700
2025-05-29,66.99749755859375,67.10432124103573,64.84161219883725,64.84161219883725,11570200
2025-05-30,68.59983825683594,68.64839716528118,66.52164441102563,66.81298304359872,18802700
2025-06-02,68.67522430419922,68.72416866300604,67.58855945408413,68.28363208874329,9366900
2025-06-03,69.4583969116211,69.5856686683405,68.39131584712648,68.8220680040233,11014300
2025-06-04,68.41089630126953,69.65420102365552,68.32279197412421,69.65420102365552,10894900
2025-06-05,69.99684143066406,70.48632983227711,68.28363202501843,68.82207225439289,10967200
2025-06-06,70.6429672241211,70.7702315152294,69.96747086354621,70.11431887267118,9286000
2025-06-09,70.38843536376953,70.93665999687691,69.82062701147949,70.71149950927942,7062600
2025-06-10,71.279296875,71.52404106970224,70.41779999848815,70.78002409548749,9888000
2025-06-11,71.46530151367188,71.9449980215533,71.0345493610438,71.29887726161093,12000200
2025-06-12,72.28764343261719,72.86524362934219,71.71984256422684,71.87647496857582,11022200
2025-06-13,73.2078857421875,73.66800604474959,71.84710855363176,72.23870077723782,13213400
2025-06-16,72.22891235351562,73.71696138020329,71.03455937575337,73.6190577178943,14546000
2025-06-17,70.34927368164062,72.07227494674378,68.96891280388745,71.78837077751085,12971300
2025-06-18,70.06536865234375,70.91708114958762,69.87936067192263,70.45696086265129,7203300
2025-06-20,70.02620697021484,71.03455184549796,69.99683886223572,70.3590629549782,15182700
2025-06-23,69.24303436279297,70.79960393491194,68.65564229052121,70.28074741087228,8671300
2025-06-24,69.8989486694336,70.10453291190538,69.19408414152997,69.52693268581744,9001300
2025-06-25,68.86122131347656,69.6346138456663,68.6654289502133,69.15491732737136,12839000
2025-06-26,69.49755859375,69.7031428185274,68.812277844492,68.9199658863754,8010800
2025-06-27,69.39966583251953,70.31011456942225,68.87101745602759,70.00663414678813,14275000
2025-06-30,67.96056365966797,68.21509970399251,65.78723409666566,66.40399422449052,20894500
2025-07-01,71.5240478515625,71.61215965389005,66.12009880649843,68.10742066087707,23841100
2025-07-02,71.4848861694336,72.19954255498216,71.05414143514462,71.2597256769872,11240100
2025-07-03,72.32679748535156,73.47220592578431,70.9464441921116,71.46530065939328,8560900
2025-07-07,73.17851257324219,73.28620061401378,71.95479162720135,72.15058399096792,11368300
2025-07-08,70.93666076660156,71.85690138416047,69.76189154890979,71.328252995499,19550700
2025-07-09,72.10163879394531,72.33659112152604,71.15203015584844,71.33803812755808,8818700
2025-07-10,73.0708236694336,73.26661603088766,71.46530240471077,71.7589984158917,6955100
2025-07-11,72.83586883544922,72.87502880019241,71.9352120533543,72.29742865647967,8094100
2025-07-14,73.46241760253906,74.2358101459132,72.61070512512703,72.83587306823595,10420500
2025-07-15,73.12957000732422,73.95191447106727,72.63029717580254,73.75611461350898,8880100
2025-07-16,73.19808959960938,73.72673795019489,72.69881682600082,73.48199375838678,8906300
2025-07-17,73.59947967529297,73.88338385727661,72.80651081909767,72.94356698019314,7174600
2025-07-18,74.35327911376953,74.74487129671427,73.39388610800458,73.667998395366,7986300
2025-07-21,74.56866455078125,75.47911331612008,74.36308030944676,74.73508882200433,8349900
2025-07-22,75.90985870361328,75.96859491900713,74.74487397163588,74.74487397163588,9032600
2025-07-23,71.28909301757812,76.81052178430069,70.55486038935437,75.87070491645436,21219500
2025-07-24,70.45695495605469,71.43593166525316,69.84998670751179,71.39677170060529,11166100
2025-07-25,70.3394775390625,71.19118999489743,69.58566873279466,70.58422172498061,8074800
2025-07-28,69.84020233154297,70.78002664578271,69.47798569049257,70.38843442634955,8157200
2025-07-29,70.4373779296875,70.76044206696896,69.55630478292025,70.1338975110899,7588500
2025-07-30,69.49755859375,70.49611907866878,69.4388223778136,70.38843103678539,6940300
2025-07-31,69.56609344482422,69.72273332791227,68.22489992363626,68.92976445953101,8845200
2025-08-01,68.91996765136719,70.28074479474232,68.86122396492641,69.92831255209839,6628500
2025-08-04,69.04723358154297,69.71293811464406,68.70459319002043,69.0178654721268,6543600
2025-08-05,69.6835708618164,70.42759534184015,69.17450619801097,69.37029857585911,7178900
2025-08-06,69.05702209472656,70.00663075450278,69.0080702687381,69.93810267951893,7720200
2025-08-07,71.05413818359375,71.13245812042611,69.18428890397273,69.18428890397273,7418600
2025-08-08,70.88771057128906,71.46530327289524,70.71149445623973,71.1324547605798,5575700
2025-08-11,70.92686462402344,71.4848810890816,69.62483118488781,71.26951247174343,8420000
2025-08-12,70.34927368164062,71.24993054810353,69.64440918823477,71.16182622092794,8671100
2025-08-13,70.78002166748047,70.78980605725286,69.70314127253138,70.38842947558987,8122300
2025-08-14,70.72128295898438,70.98561088143053,69.84999419195884,70.29053823970231,6781000
2025-08-15,73.82464599609375,75.07773513769399,70.27095533936757,70.72128378281764,23398400
2025-08-18,74.12812805175781,75.68469765340696,73.72674395935735,74.50992842457744,12568400
2025-08-19,74.9015121459961,74.97004021874083,73.8637917271474,74.20643955987089,8047300
2025-08-20,74.57845306396484,75.63574980252676,74.23581267711614,75.1071014332458,11011600
2025-08-21,74.48056030273438,75.79238569242526,73.99107187929738,74.8623606754952,8637100
2025-08-22,74.71550750732422,75.46931634112515,73.84421877115169,75.03857163709608,13128900
2025-08-25,73.73652648925781,74.59802331679414,73.53094227367527,74.21622299228375,6337700
2025-08-26,73.26661682128906,74.15748925421543,72.86524023527821,73.85400884998772,7162700
2025-08-27,72.33658599853516,73.43304256459214,71.85688951857242,73.33514639078332,10119000
2025-08-28,71.12017822265625,72.49148564319943,70.93273938817055,72.27444407265651,10917200
2025-08-29,71.08072662353516,71.8502322120091,70.85381746261606,71.42601662775326,11280500
2025-09-02,71.67265319824219,71.68252077740573,70.52825487151344,71.29776045760326,8661500
2025-09-03,70.66636657714844,71.65291368432115,70.40000216998493,71.14978007892817,7722300
2025-09-04,69.91659545898438,71.52466451711597,69.21614792347587,71.08072133426427,14596800
2025-09-05,69.94619750976562,70.76503348661998,69.31480790819927,70.29148752206633,10067600
2025-09-08,68.83139038085938,69.88699551552244,68.30852160295485,69.87713546342573,12596500
2025-09-09,69.12735748291016,69.37399426678336,68.60448870538015,68.72287707127192,7294500
2025-09-10,70.08430480957031,70.37040436329977,68.68340977552137,69.0582949527754,9254400
2025-09-11,70.36054229736328,70.47893066476112,69.56144151601075,70.01525230089969,7418300
2025-09-12,70.67623138427734,71.51479488714004,69.85739551101139,70.19282542821055,9345600
2025-09-15,70.53812408447266,71.2287041067644,70.34081765717723,70.61704966609392,10399100
2025-09-16,68.89058685302734,70.57758151661722,68.83138890792718,70.33094473784519,7930200
2025-09-17,69.36412811279297,70.05471563787816,69.15695411329466,69.33453290240142,10799600
2025-09-18,69.83767700195312,70.13363664509639,68.43678178817137,69.05830381285426,8488500
2025-09-19,70.12377166748047,70.43946644738287,69.42332410978318,70.02511846002795,14819300
2025-09-22,71.37667846679688,71.56412481723476,70.31120583287117,70.43946176812099,9856700
2025-09-23,71.34709167480469,71.64305883916873,70.75516487283424,71.13005009117208,7795900
2025-09-24,72.83677673339844,72.88609957406014,71.08072403858685,71.2188400352513,11281800
2025-09-25,73.64574432373047,73.90224868350352,72.59999925392829,73.06367760656362,12916500
2025-09-26,74.82959747314453,74.83946505182685,73.62600878364564,73.72466951695449,8271500
2025-09-29,75.18475341796875,75.26367899221216,74.25739673750113,74.66188466043089,10366000
2025-09-30,74.47444152832031,75.6681626651059,74.10942390346264,75.43139345887965,9392700
2025-10-01,77.61166381835938,77.64125902908698,75.19462627000922,75.30314706051547,15044800
2025-10-02,77.12825775146484,77.82870533622759,76.496868167263,77.58206854468757,9266600
2025-10-03,78.98295593261719,80.26547013297184,76.60538141032985,77.39461454944617,12116600
2025-10-06,81.00538635253906,81.26189071670026,79.07175485932099,79.07175485932099,15767600
2025-10-07,82.09058380126953,83.4717512552602,81.30135063238707,82.01165822635416,16109700
2025-10-08,82.909423828125,83.25471382710144,81.75516546293625,82.5739938814354,13775600
2025-10-09,82.58385467529297,83.67892252975868,82.32735032851768,83.32376498091809,7486100
2025-10-10,82.22870635986328,83.68879950535613,82.0807227767699,82.77131032228642,10285600
2025-10-13,83.16592407226562,83.88609924488475,81.89327740192054,82.01165823755267,8424300
2025-10-14,83.50135040283203,83.6986568226701,82.30762925126957,83.03767203677937,8912900
2025-10-15,84.63587951660156,85.3264594995969,83.68879517131198,83.92556437594504,9268600
2025-10-16,83.90583801269531,85.57309757590376,83.83678001335244,85.0600963703221,8333700
2025-10-17,83.39282989501953,84.66547662951042,83.03767231670777,84.30045147214626,9142200
2025-10-20,83.62960052490234,84.1919321123174,83.17578972863383,84.04395605780628,5225700
2025-10-21,82.86009216308594,83.96502766927826,81.9130078121028,83.85650688176128,7282200
2025-10-22,81.72555541992188,83.08699518954762,81.36053782224513,82.93901162414177,9208900
2025-10-23,82.13005065917969,82.76144023628083,81.45919829266504,82.76144023628083,5630800
2025-10-24,83.27444458007812,83.63946219107677,82.23856711118792,82.45560867813688,6249800
2025-10-27,84.87265014648438,86.1157016635076,82.66278663703218,82.86009305641352,18741000
2025-10-28,82.44574737548828,86.35247329768328,81.79463015183461,86.34260571840981,13998100
2025-10-29,80.66009521484375,82.66278467846773,79.95964765785135,82.1793786937068,11681500
2025-10-30,80.54170227050781,81.46905892576633,80.34439586701983,80.71928104434973,7620100
2025-10-31,80.30493927001953,80.92646126298811,79.77220290743615,80.24574132300533,9407300
2025-11-03,80.67982482910156,80.99551961644754,79.51569888949628,80.20628641146132,8508200
2025-11-04,80.59103393554688,81.10403510894987,79.71300763036687,80.67981956052247,6474500
2025-11-05,81.03498077392578,81.51838676083686,80.01883843282896,80.32466563501146,7291000
2025-11-06,80.89686584472656,81.8538177791222,80.88699826579001,81.01525421169298,6212700
2025-11-07,82.80089569091797,82.86995368458486,80.52197437315407,80.80807392599023,9167100
2025-11-10,83.62960052490234,84.32018806190385,82.56413529863426,83.04754130580498,11701700
2025-11-11,84.60628509521484,84.67534309415785,83.4125639553387,83.5506799532247,11733900
2025-11-12,84.73453521728516,85.09956037718202,83.86637642358693,84.28072442557307,7604800
2025-11-13,82.86009216308594,84.77399602283201,82.80090174326116,84.62601244651273,11859300
2025-11-14,82.75157165527344,83.35336601471724,81.4197345174129,82.38655402944376,8352100
2025-11-17,84.5964126586914,84.61614028864632,82.56412806927223,82.56412806927223,11607900
2025-11-18,83.50135040283203,85.52377507658078,83.4816227715512,84.96144350060908,11061200
2025-11-19,83.13632202148438,84.19192713285726,82.7910320367843,83.97489309015803,11138700
2025-11-20,83.16592407226562,85.32645711688008,83.06726334022939,83.64933004686338,10967000
2025-11-21,82.91463470458984,84.09657027203869,81.08709217143812,83.60989092073622,13930100
2025-11-24,83.65956115722656,84.215766168908,82.44782231515632,83.20266980880257,13291500
2025-11-25,84.2554931640625,84.76203374825349,83.60989375420522,84.11644191612089,7916800
2025-11-26,84.96068572998047,85.10967137836502,84.11644382610113,84.67264883049695,6550600
2025-11-28,85.70560455322266,85.88438581189892,84.57332577418114,84.86136266747762,4123300
2025-12-01,84.07671356201172,85.08980232807737,83.81847227743623,85.01034230548109,7986600
2025-12-02,84.00718688964844,84.70244313438847,83.67941998381752,84.33495379547934,7087000
2025-12-03,84.37467956542969,85.38777593665965,83.92773018723855,84.08665023673542,9615100
2025-12-04,82.82524108886719,84.23562232821811,82.17964169465812,83.9475854422564,12489600
2025-12-05,82.56700134277344,83.62975449035261,82.49747571920189,82.9444326516401,8194600
2025-12-08,80.00447845458984,82.59680284547987,79.86542721028898,82.57693405188004,18136600
2025-12-09,79.10063934326172,80.59048062809622,78.96158809622847,80.25278690750822,13760400
2025-12-10,80.71959686279297,81.36519626351132,79.10063874026199,79.50786565898687,13341100
2025-12-11,80.6600112915039,81.85188894047855,80.5209600357823,80.69974130424224,9494100
2025-12-12,81.09703063964844,81.71282686837296,80.77919812806407,81.28573872051976,7783100
2025-12-15,81.09703063964844,81.68303125443143,79.98461306024073,81.45459316239646,9489800
2025-12-16,80.7692642211914,81.29567361128714,79.64691981547266,81.08709673470533,6616600
2025-12-17,79.7462387084961,80.7593274474714,79.11057370017342,80.42163372705451,10212000
2025-12-18,80.30244445800781,80.63021136226808,79.4582025712334,79.85549509963451,9201300
2025-12-19,79.0013198852539,80.59048244264687,78.99138548803509,80.02434304477173,30492300
2025-12-22,79.49793243408203,79.63698368210525,78.18687239720255,78.48483610965603,7136200
2025-12-23,79.24962615966797,80.15345927875494,79.20989614882436,79.48799864700496,7875000
2025-12-24,79.9051513671875,79.9250201612163,79.15030390403562,79.59725325926304,3011300
2025-12-26,79.86543273925781,80.09387083739887,79.50787020695223,79.9349583662214,3636400
2025-12-29,79.72637176513672,80.69973809419484,79.67671493448286,79.87535741254788,5854600
2025-12-30,79.98461151123047,80.12366275874791,79.60718777907235,79.65684460877164,4075900
2025-12-31,79.7363052368164,80.14353216316505,79.66677961252819,80.14353216316505,5036200
2026-01-02,80.38190460205078,80.47129144277214,79.05097576653222,79.90515205169606,8852900
2026-01-05,80.7692642211914,80.7891254380314,78.71328349177087,80.61035175329687,8301900
2026-01-06,80.5010986328125,81.03743485923157,79.95482043107536,80.69974111832141,7254500
2026-01-07,77.83924865722656,80.24285759713798,77.82931425960169,80.12366755881486,9859900
2026-01-08,78.95165252685547,79.4184706682743,77.84916938623108,77.9186950087153,8696700
2026-01-09,79.34894561767578,80.3719687463415,79.32908440156194,79.65684372265004,5842200
2026-01-12,80.57061767578125,80.6004132884,78.98144761068649,79.30921450494161,11088100
2026-01-13,81.08709716796875,81.37513406889929,79.87535833568333,80.61035218401295,8543000
2026-01-14,81.42479705810547,82.07038889688368,80.39183950724565,80.39183950724565,10282400
2026-01-15,81.63337707519531,82.11012206919398,80.9877776338356,81.42480019310526,7419300
2026-01-16,83.06361389160156,83.48077520466269,81.5837070242077,82.43788328859665,12874900
2026-01-20,82.9444351196289,83.3615888734705,81.96113438564177,82.44782134284848,10054800
2026-01-21,83.2821273803711,83.81847115915298,82.6365279664082,83.47084303708826,8296600
2026-01-22,84.49386596679688,84.93088850638324,83.10334590443323,84.00718659717324,9802300
2026-01-23,84.23562622070312,84.67264876824991,83.62975680804956,84.67264876824991,13301700
2026-01-26,84.89115905761719,85.69567094015835,84.26542085766316,84.6925090029791,10990600
2026-01-27,86.55978393554688,88.35752340603005,83.23247310333505,83.92772936879126,15472300
2026-01-28,86.97693634033203,88.0198283000004,86.47038816754527,87.12592198853106,8200000
2026-01-29,87.58280181884766,88.5859637220904,87.04645805605622,87.98009433695886,11202400
2026-01-30,87.30470275878906,87.69206089528853,85.57648895150486,87.30470275878906,10205300
2026-02-02,85.7453384399414,88.14894735479274,85.73540404242011,87.54307792731926,9423100
2026-02-03,88.21846771240234,88.28799333544835,86.09296143331076,86.09296143331076,9600200
2026-02-04,89.36067962646484,90.07580464081363,88.35751772701866,89.12230714759006,12182700
2026-02-05,88.60582733154297,89.87715736166182,87.49340976632662,89.39047799213422,9799400
2026-02-06,88.86406707763672,90.37376956790538,87.79137954159803,89.9168858198277,8225200
2026-02-09,88.8740005493164,89.17196425440875,88.14894113591517,88.73494172700391,6528800
2026-02-10,90.21485900878906,91.3372033976732,88.66541889814025,89.12231023358042,7213700
2026-02-11,90.74127197265625,90.96971007166833,89.8473656384839,90.74127197265625,7305000
2026-02-12,91.30741119384766,92.95616502650392,90.6121549230393,90.76113299698035,9181600
2026-02-13,93.16474914550781,94.29702796967825,90.4631689412678,90.90018391944193,10402800
2026-02-17,92.08212280273438,94.91281972942194,91.65503466448153,94.26722790126793,9455400
2026-02-18,90.60221862792969,92.38009685773171,89.97648041958283,92.37016246043538,9064800
2026-02-19,91.01937103271484,91.5557148128954,90.41350162794002,90.44329724166259,8483500
2026-02-20,91.55571746826172,91.82388557726723,90.69160675662177,91.56565186569895,7175600
2026-02-23,93.42298126220703,93.55210569391268,91.96293554604996,92.31057125197297,8433600
2026-02-24,95.03201293945312,95.19092540812706,93.28393031769052,93.76068287916209,11597600
2026-02-25,94.46587371826172,95.26045879634606,93.1746748608059,95.05187434061212,9025500
2026-02-26,91.36699676513672,94.35661369991804,91.22794551958638,93.97918997309921,20015700
2026-02-27,93.7699966430664,94.13999938964844,90.6500015258789,90.9000015258789,25138500
2026-03-02,92.70999908447266,93.6500015258789,91.75,93.4000015258789,10147800
2026-03-03,92.58999633789062,93.0999984741211,90.33000183105469,91.3499984741211,11307700
2026-03-04,92.5999984741211,93.0999984741211,91.62999725341797,92.55999755859375,9384300
2026-03-05,91.12999725341797,92.37999725341797,89.9000015258789,92.30000305175781,12086800
2026-03-06,91.0199966430664,91.62999725341797,90.01000213623047,90.55000305175781,9745100
2026-03-09,92.01000213623047,92.19000244140625,89.6500015258789,90.2699966430664,9563600
2026-03-10,91.54000091552734,92.13999938964844,91.05999755859375,91.70999908447266,7485900
2026-03-11,91.66000366210938,92.45999908447266,91.0999984741211,91.54000091552734,9734300
2026-03-12,91.7300033569336,92.7300033569336,90.80999755859375,91.19999694824219,8730000
2026-03-13,92.77999877929688,93.9000015258789,92.30999755859375,92.7300033569336,7504400
2026-03-16,92.81999969482422,94.44000244140625,92.23999786376953,93.9000015258789,8466100
2026-03-17,92.52999877929688,93.70999908447266,92.2699966430664,93.58000183105469,5496600
2026-03-18,90.95999908447266,92.52999877929688,90.61000061035156,92.26000213623047,7053700
2026-03-19,92.41000366210938,92.45999908447266,90.30000305175781,90.6500015258789,10538400
2026-03-20,89.5,94.20999908447266,89.16999816894531,92.73999786376953,21860800
2026-03-23,90.2300033569336,91.41000366210938,90.1500015258789,91.04000091552734,10284300
2026-03-24,91.62000274658203,92.5,90.05000305175781,90.29000091552734,8808000
2026-03-25,91.16000366210938,92.56999969482422,91.06999969482422,92.41000366210938,8639900
2026-03-26,91.16000366210938,92.0,90.56999969482422,91.69999694824219,6537800
2026-03-27,91.4000015258789,92.22000122070312,90.69999694824219,91.22000122070312,7749600
2026-03-30,92.05000305175781,92.9800033569336,91.5,92.70999908447266,9362100
2026-03-31,92.87999725341797,92.98999786376953,91.36000061035156,92.26000213623047,13914200
2026-04-01,92.8499984741211,93.87000274658203,92.23999786376953,92.7300033569336,7759400
2026-04-02,93.1500015258789,94.27999877929688,92.73999786376953,93.04000091552734,10419000
2026-04-06,92.7300033569336,93.66000366210938,92.52999877929688,92.93000030517578,4790100
2026-04-07,93.66999816894531,93.66999816894531,92.16000366210938,92.87000274658203,6125400
2026-04-08,94.16999816894531,94.33999633789062,92.0199966430664,93.08000183105469,6935100
2026-04-09,94.4800033569336,96.20999908447266,93.97000122070312,94.0,7349000
2026-04-10,94.08000183105469,94.81999969482422,93.91999816894531,94.3499984741211,5323100
2026-04-13,92.30000305175781,94.04000091552734,91.93000030517578,93.8499984741211,6111500
2026-04-14,91.30999755859375,91.87000274658203,90.58000183105469,91.69000244140625,9370600
2026-04-15,91.23999786376953,91.29000091552734,89.9800033569336,90.16999816894531,9144800
2026-04-16,91.83000183105469,91.86000061035156,90.56999969482422,90.80000305175781,7734300
2026-04-17,91.9800033569336,92.0199966430664,90.45999908447266,91.05999755859375,8148800
2026-04-20,92.01000213623047,93.08000183105469,91.56999969482422,92.08000183105469,7734800
2026-04-21,90.5999984741211,92.58999633789062,90.55999755859375,92.5,8625800
2026-04-22,90.0,92.18000030517578,89.9000015258789,91.36000061035156,9477100
2026-04-23,96.25,96.69999694824219,92.31999969482422,92.5999984741211,17524900
2026-04-24,95.27999877929688,97.62999725341797,95.13999938964844,97.23999786376953,9761900
2026-04-27,94.83000183105469,96.9000015258789,94.7699966430664,95.86000061035156,7773800
2026-04-28,96.51000213623047,96.62000274658203,95.1500015258789,95.87000274658203,7245100
2026-04-29,94.16999816894531,97.0,93.66000366210938,96.58000183105469,9091700
2026-04-30,97.87999725341797,98.02999877929688,94.44000244140625,94.58999633789062,17551200
2026-05-01,96.94999694824219,98.75,96.68000030517578,98.0,7106200
2026-05-04,95.51000213623047,96.83000183105469,94.9800033569336,96.06999969482422,6806600
2026-05-05,96.27999877929688,97.05999755859375,95.30000305175781,95.93000030517578,7187400
2026-05-06,95.38999938964844,96.70999908447266,95.0199966430664,96.12999725341797,8242900
2026-05-07,93.31999969482422,94.8499984741211,92.72000122070312,94.31999969482422,9681800
2026-05-08,93.0999984741211,94.37000274658203,92.58000183105469,93.87999725341797,6228700
