Date,Close,High,Low,Open,Volume
2010-01-04,36.0900764465332,36.254778460186586,35.71263749514592,36.254778460186586,1884500
2010-01-05,36.64591598510742,36.79688988449065,36.028287158114914,36.06946328586368,1803900
2010-01-06,36.542991638183594,37.03023089840899,36.37828967894674,36.460641967489586,2116000
2010-01-07,36.062625885009766,36.392027296388605,35.760675245708256,36.37830191034994,3161500
2010-01-08,37.30474090576172,37.57924073672175,35.98713281646572,35.98713281646572,3042400
2010-01-11,37.21552276611328,37.55864947716118,36.87239605506538,37.55864947716118,1452500
2010-01-12,37.07139587402344,37.284135295226285,36.76944542721608,36.94787009627314,2466200
2010-01-13,37.05768966674805,37.208666277176235,36.584175685654266,37.07827643440665,1497600
2010-01-14,36.4743766784668,37.030240370143304,36.20673559901757,36.88612775510491,2677100
2010-01-15,36.2204475402832,36.61847570210319,35.89791027650854,36.61847570210319,2805900
2010-01-19,36.40573501586914,36.474361912759996,36.00770948529596,36.302798597305525,1779200
2010-01-20,35.513614654541016,35.740079540789694,34.93030029189591,35.69203939273923,3114800
2010-01-21,34.58717346191406,36.02830459872337,34.57344807935361,35.4106754727485,3712600
2010-01-22,34.07248306274414,34.9302998305086,34.003856150613565,34.58717312340282,2728300
2010-01-25,34.22345733642578,34.53913589932041,33.96954430391947,34.44992222168612,1600900
2010-01-26,34.14109802246094,34.65578794239754,33.88718506162308,34.11364726511406,2461000
2010-01-27,34.607757568359375,34.7724569107349,33.756802239923,34.01071787101261,3019000
2010-01-28,33.001914978027344,34.27148229261882,32.80976492855787,34.264620912786945,4524100
2010-01-29,32.29508590698242,33.31074062360009,32.24018437848197,32.940163159768936,3038300
2010-02-01,32.99507141113281,33.28329664094021,32.44606648566245,32.44606648566245,2305800
2010-02-02,33.62641525268555,33.99699270212132,32.97447402523718,33.2283870400659,2867500
2010-02-03,33.481285095214844,34.03412311606513,33.34307493096736,33.57803141934619,1710700
2010-02-04,32.361793518066406,33.273977073427375,32.32032967058996,33.17722809598234,2929400
2010-02-05,32.54838180541992,32.67968270153886,31.91261847987391,32.29269461024517,3011500
2010-02-08,32.00244903564453,32.89389937577027,31.960985186932103,32.486180756588666,3128000
2010-02-09,32.576019287109375,32.99755920873111,32.430899764100666,32.665856312079654,1898500
2010-02-10,32.47236251831055,32.74187094798118,32.00244943821912,32.54837562102929,2391300
2010-02-11,33.57113265991211,33.806086586075075,32.31342214207113,32.375616603743815,3510200
2010-02-12,33.50204086303711,33.55041406143943,32.99757562531174,33.23944161732336,2419000
2010-02-16,34.47639465332031,34.49712525598237,33.446734300296114,33.702421398973705,2512100
2010-02-17,34.04104995727539,34.552427037329906,33.78536273531862,34.48332323771164,2253500
2010-02-18,34.725181579589844,34.79428536409804,34.013402581821886,34.1308795427139,2693600
2010-02-19,35.250370025634766,35.45077465054134,34.53168185005857,34.53168185005857,3290700
2010-02-22,35.3402214050293,35.49916225060413,35.11908608630423,35.40932783971897,1665500
2010-02-23,35.02232360839844,35.36784771453012,34.67679950226675,35.250368147652686,1997400
2010-02-24,35.31948471069336,35.35403660401791,34.932496651493196,35.12599199916352,1715300
2010-02-25,35.69265365600586,35.75484812222862,34.614617120191404,35.015423852184306,2563100
2010-02-26,35.54060745239258,35.7479213753387,35.27109908894867,35.678817613069846,2579400
2010-03-01,36.37678527832031,36.66702696055025,36.07272494868254,36.328412103972035,2915200
2010-03-02,36.42515182495117,36.69466021475054,36.266211047278205,36.639377726757246,1423400
2010-03-03,36.08655548095703,36.625572496778474,36.03127033259536,36.43898907526929,1834400
2010-03-04,36.25931167602539,36.47353500048421,35.934518072954866,35.95524868212429,2614400
2010-03-05,36.60483169555664,36.72922060860679,36.34914190976454,36.48044278250649,2668300
2010-03-08,36.60483169555664,36.888161411695265,36.321501979418024,36.70157804212004,1839300
2010-03-09,37.136932373046875,37.34424631109514,36.54953980641376,36.591003648479315,2369400
2010-03-10,37.22677993774414,37.61376802576506,36.84670381058718,37.31661697599092,1979600
2010-03-11,37.56538772583008,37.69668595981757,37.22677288345998,37.28205801533272,1878900
2010-03-12,37.627586364746094,37.86254292904858,37.30279276923195,37.86254292904858,1272100
2010-03-15,37.70359420776367,37.78651926126932,37.30969690843695,37.55847206895389,1277700
2010-03-16,38.097496032714844,38.15277852957234,37.67595612009795,37.80725435675722,2142400
2010-03-17,38.20116424560547,38.38774767652409,38.00076216304051,38.15279105642002,1742900
2010-03-18,38.47758102416992,38.71253762165066,37.993846542751825,38.02839844082293,2248900
2010-03-19,38.23569869995117,38.81617666528212,38.01456084764546,38.23569869995117,3175700
2010-03-22,38.28407669067383,38.49829997551581,37.69668405680956,38.028386922880415,2811500
2010-03-23,38.17350769042969,38.57431431724203,37.63448824590282,38.401552249308786,2933700
2010-03-24,37.772705078125,38.03530420573859,37.413359597217045,38.03530420573859,2841400
2010-03-25,37.80034637451172,38.56049852722217,37.73123995581238,38.049124209548694,2887700
2010-03-26,37.89018249511719,38.04912330011625,37.420269403754624,38.02148073329721,1909200
2010-03-29,38.567405700683594,38.65033075669091,37.980013077270115,38.12513258431792,1796200
2010-03-30,38.83692169189453,39.04423569045646,38.49139748224447,38.532858700272556,3059800
2010-03-31,38.6226806640625,38.76089082122722,38.29097786855087,38.54666494581493,1945800
2010-04-01,39.38283157348633,39.38974089444373,38.871454830043156,38.871454830043156,2853800
2010-04-05,39.7767333984375,39.949495440000334,39.09950651184793,39.50031307748114,2602200
2010-04-06,39.7974739074707,39.921862819253825,39.465771021429134,39.60398121631484,2509200
2010-04-07,39.85967254638672,40.01861336453606,39.32065562952022,39.70073172823738,3886500
2010-04-08,40.3986930847168,40.46779951367696,39.65236210493211,39.6730927155498,4164100
2010-04-09,40.01862335205078,40.50926721350266,39.59708329447002,40.3986995456242,2643900
2010-04-12,40.350311279296875,40.36413256213518,39.75600929795069,39.99787779341073,2503500
2010-04-13,40.88932418823242,40.96533991844634,39.99096197945139,40.33648610868563,2902900
2010-04-14,41.5527458190918,41.88444877298386,41.055190070183336,41.33161051649709,3401700
2010-04-15,41.88445281982422,41.99502048180453,41.303971935392354,41.46982211029232,2565600
2010-04-16,41.09665298461914,41.870626525934426,40.474708312759994,41.732416305950096,2910500
2010-04-19,41.0413703918457,41.138116761002856,40.52308401181167,40.986087882101984,1605000
2010-04-20,41.59420394897461,41.84298180493677,41.214127840650434,41.39380190824113,1695800
2010-04-21,41.59420394897461,41.69095294329143,41.24177041045524,41.60111590949608,2266900
2010-04-22,41.83607864379883,41.87063054307471,40.74422070092265,41.25559777308486,2448900
2010-04-23,42.07101821899414,42.084839500337786,41.40760989519867,41.621835801815315,2923900
2010-04-26,42.216148376464844,42.34053730382004,41.93281862774255,42.0986687734558,1973400
2010-04-27,41.221038818359375,42.2161475823416,41.131201786705965,42.04338547939146,2900400
2010-04-28,40.88932418823242,41.27631216198513,40.16372404406851,40.49542689179658,5057700
2010-04-29,41.81535339355469,42.07104329661336,41.055200919523365,41.179589889621795,4304700
2010-04-30,40.99991226196289,42.257620428179976,40.94462711190713,41.815347136157015,2971900
2010-05-03,42.25760269165039,42.56166298091255,41.29013406087271,41.310864665371966,3149900
2010-05-04,41.221038818359375,41.69095194927499,40.82022947416762,41.580381672692035,3007600
2010-05-05,40.54686737060547,41.14457615695037,40.25496190811652,40.50516583274943,3226600
2010-05-06,39.18465805053711,40.831830735295405,36.09186353267704,40.34532328564568,4866400
2010-05-07,38.37843704223633,39.49740309975922,37.871080271985576,39.108196707631194,4769300
2010-05-10,40.85963439941406,40.88048384890226,39.77541795473597,40.706731366494054,3508100
2010-05-11,41.109832763671875,41.48513605928176,40.32447090847964,40.32447090847964,2832700
2010-05-12,42.207950592041016,42.340001517599006,41.16543574986603,41.40173922014245,2121800
2010-05-13,41.55464553833008,42.228803386840916,41.42259195105536,42.00640041498646,1999400
2010-05-14,40.51212692260742,41.37393769721339,40.1993719434148,41.13068529742598,2287100
2010-05-17,40.40092849731445,40.92218595157598,39.30281152106895,40.52603049843742,2212500
2010-05-18,39.6920166015625,40.77623037029562,39.33756006082097,40.72757988842952,2748800
2010-05-19,38.90665054321289,40.07426728705815,38.190791256079386,39.5460609749625,3431500
2010-05-20,37.120479583740234,38.36454797223563,36.932826587884584,37.98924198052432,3468700
2010-05-21,38.09349060058594,38.45489603853168,36.18916245665111,36.43241484216644,3747700
2010-05-24,37.78768539428711,38.64254720503264,37.75988701480316,37.93363948002588,2252900
2010-05-25,37.745994567871094,37.78074453809321,36.48802549630924,36.74517845745626,2949900
2010-05-26,38.21858596801758,38.89274359883478,37.93363208664081,38.16993284808582,2795900
2010-05-27,39.420963287353516,39.46961376937756,38.26029534888118,38.67035130540699,2538000
2010-05-28,39.240257263183594,39.650313199214125,38.753749816007186,39.518262276213626,2747400
2010-06-01,38.246395111083984,39.81711901752687,38.204696212618074,38.89275454983002,6398700
2010-06-02,39.40011978149414,39.42792082050148,38.15605377532556,38.545257716416195,3437200
2010-06-03,39.476558685302734,39.900515115163074,38.976153399506344,39.62251011652451,2698200
2010-06-04,37.113529205322266,38.80935238333143,36.898075184862165,38.55914839860417,4303000
2010-06-07,36.27256393432617,37.44018072073455,36.251714486757095,37.189976744896725,3348700
2010-06-08,37.071842193603516,37.20389317009784,36.14052846930588,36.4324314651102,3002200
2010-06-09,37.252532958984375,38.55915243186929,37.07183153514249,37.405435999256234,2996200
2010-06-10,39.03174591064453,39.0734474484463,38.010080770140334,38.010080770140334,3581200
2010-06-11,39.476558685302734,39.55301019249095,38.4757454624578,38.54524538649136,2177900
2010-06-14,39.04564666748047,40.032559207030594,38.996996198699925,39.89355938265859,2220400
2010-06-15,40.63028335571289,40.671984909539866,39.441816909797616,39.441816909797616,2965900
2010-06-16,40.51212692260742,40.901330762267285,40.164621979338364,40.227172975176885,4798300
2010-06-17,40.76927947998047,40.859631506787025,39.7893156546241,40.51907549882526,3418500
2010-06-18,41.06813430786133,41.07508324017675,40.651129436375676,40.804029808585845,3610200
2010-06-21,41.679744720458984,42.28440259356089,41.35308921773328,41.651943688045655,4853000
2010-06-22,39.94222640991211,41.70754983303617,39.775422839763124,41.603299921539254,3363700
2010-06-23,39.94222640991211,40.12292784725844,39.24721639492148,39.9700247955596,2617000
2010-06-24,39.08041000366211,39.810169936472285,38.88580806191343,39.78932048592853,2428000
2010-06-25,39.393165588378906,39.622517501438395,38.84410707192195,39.13601264002352,3063100
2010-06-28,39.33757400512695,39.81713271244647,39.163821465084425,39.62252806474656,1773100
2010-06-29,37.14132308959961,38.64254416497073,36.814670283530624,38.64254416497073,5458300
2010-06-30,36.870262145996094,37.683424831549935,36.752111775713445,37.113517119153876,4090300
2010-07-01,36.62701416015625,37.467975316876434,36.154407320573455,36.91196805008837,5716100
2010-07-02,35.38294982910156,36.835520458908604,35.27869729560383,36.72431899376198,5808600
2010-07-06,35.097991943359375,36.04320561593528,34.77133651647606,35.841652154613584,5546400
2010-07-07,35.97371292114258,36.043215505108314,35.084101056401025,35.25090460666631,8498900
2010-07-08,36.11271667480469,36.48802268731772,35.83471428317667,36.42547168523221,8140800
2010-07-09,37.398460388183594,37.47490920253256,36.43934658100247,36.779899735263776,5546500
2010-07-12,37.662593841552734,37.725144852412605,36.97453537334714,37.34288985327028,4187100
2010-07-13,38.42709732055664,39.00395414859621,37.95449038490258,38.336745292820694,8167700
2010-07-14,38.22553634643555,38.698143189727986,37.871082539592116,38.12823540539036,3817800
2010-07-15,38.246395111083984,38.34369607584103,37.55138518995942,38.22554566185103,3085900
2010-07-16,37.085723876953125,38.01008554538156,36.93282087038895,37.88498356751124,4347600
2010-07-19,36.79381561279297,37.35677447089809,36.515813300504824,37.31507293099155,3672800
2010-07-20,37.523582458496094,37.58613345019677,35.93895821916316,36.071011785671324,4252900
2010-07-21,36.939781188964844,37.78074262144015,36.60617406824892,37.745992652980924,3321100
2010-07-22,38.030941009521484,38.64949937083642,37.60698456378816,37.62088507936574,3692100
2010-07-23,39.240257263183594,39.37231083743639,37.93364059519842,38.01704103860651,5270100
2010-07-26,39.72676086425781,40.22021719592301,39.23330453259262,39.441806946553065,4370800
2010-07-27,39.281959533691406,40.060369872752744,39.031755547608604,39.94221946335384,3961200
2010-07-28,38.941410064697266,39.01091265654317,37.766844100655746,37.926696085022144,5759600
2010-07-29,38.871891021728516,39.40704878531788,38.593886093467304,39.26804632118728,3149900
2010-07-30,39.10820388793945,39.28890527920166,38.21859214402931,38.45489559491196,2253500
2010-08-02,39.96305465698242,39.99780460904256,39.33059598498284,39.844904289727666,2526600
2010-08-03,39.9144287109375,40.1646327614584,39.35146959726548,39.740676192659436,1971800
2010-08-04,40.292083740234375,40.40398665955486,39.949379549078856,40.096254298417534,2491000
2010-08-05,40.5089111328125,40.56486394992419,39.956391737708934,40.05430649967723,2077500
2010-08-06,39.907413482666016,40.41797066585982,39.24998156536722,40.15220025954806,2817400
2010-08-09,40.5089111328125,40.56486394992419,39.92142256100271,40.18019767020138,1998600
2010-08-10,40.3690185546875,40.55085980285429,39.64164822606809,39.94938059526425,2350500
2010-08-11,38.64850616455078,39.71158522438325,38.3547620039532,39.48078662219601,3195400
2010-08-12,38.40372085571289,38.54360017627746,37.76727248172145,37.94212096543312,2176600
2010-08-13,38.24286651611328,38.64152090751284,38.116975374831675,38.21489011405591,1696600
2010-08-16,38.15192794799805,38.31978361935144,37.76026916146578,37.94910312327219,1795000
2010-08-17,38.80237579345703,39.29894485466881,38.55059354608875,38.66249647069952,2480900
2010-08-18,39.22898864746094,39.389848861523426,38.50861406536047,38.81634630078762,2021100
2010-08-19,38.158939361572266,39.08213927074142,37.578441034152604,39.06815106993867,3030600
2010-08-20,38.07499694824219,38.15193069198012,37.31265761080131,37.87916754089151,2560300
2010-08-23,37.389610290527344,38.33379398552668,37.270714566699795,38.33379398552668,2617600
2010-08-24,36.851051330566406,37.151790820625145,36.03975478407601,36.87203495478627,3787200
2010-08-25,37.0888557434082,37.305668801656616,36.16565605663409,36.48038382893796,3527400
2010-08-26,37.102848052978516,37.774265596323254,37.03290972603783,37.35463029872683,2270600
2010-08-27,38.15192794799805,38.21487349125865,37.06786818559919,37.44554144516278,2262100
2010-08-30,37.45256042480469,38.43171341247663,37.410598478575224,38.089009066398276,1770100
2010-08-31,37.5434684753418,38.095990351254166,37.1168377273076,37.228740655646384,3493200
2010-09-01,39.180057525634766,39.3059486761844,37.942129657214515,38.00507523248933,3483300
2010-09-02,39.956390380859375,39.956390380859375,39.124109596437314,39.16607420784604,2199200
2010-09-03,40.501914978027344,40.998484182474925,40.117248730469036,40.2221562518157,2272500
2010-09-07,40.32706069946289,40.65577675576318,39.991351876592546,40.299084297229555,2565000
2010-09-08,40.83061981201172,41.01246106627784,40.27809794762526,40.36202447513453,2612800
2010-09-09,40.5089111328125,41.28523912838567,40.27811243216968,41.25026995167944,1974900
2010-09-10,41.159339904785156,41.26425008235468,40.64178978764966,40.64178978764966,2440800
2010-09-13,41.397125244140625,41.711853042342625,41.22927219708362,41.641914717398215,2376100
2010-09-14,41.10337448120117,41.550986092151646,41.082393520680256,41.348161247197325,2283300
2010-09-15,41.25725555419922,41.4600777979438,40.84461296427333,40.977496871275164,2137600
2010-09-16,40.8655891418457,41.29921264837411,40.69074065250629,41.117371393370654,1768900
2010-09-17,40.879573822021484,41.19430160933425,40.60681062900908,41.08939145757133,3206300
2010-09-20,41.21529769897461,41.46708002123177,40.872593389685264,41.01946818965325,2502100
2010-09-21,41.51603698730469,41.963648814449165,41.20830185516015,41.32720024748243,2527800
2010-09-22,41.21529769897461,41.54401380503001,40.865600622056775,41.35517706333714,2957600
2010-09-23,40.557861328125,41.194309794269124,40.43197018818647,40.74669537005628,2069800
2010-09-24,41.87971115112305,41.9566449137449,40.66975991818943,40.66975991818943,2981200
2010-09-27,41.662906646728516,42.02659190170672,41.64192567731833,41.92867715382351,3187600
2010-09-28,41.71185302734375,41.81676318269872,40.97748994378721,41.80277498411965,2947700
2010-09-29,41.80277633666992,42.28535719736956,41.250254480811975,41.50902949295733,3690100
2010-09-30,41.62093734741211,42.52315628200482,41.38314327165845,42.15247830167394,2409600
2010-10-01,41.27824020385742,41.57897988103652,40.84461660782256,41.3271975775399,2614400
2010-10-04,40.8236198425293,41.62792386805437,40.50189929950963,41.20129317632242,2186500
2010-10-05,41.62093734741211,41.83775045612108,41.16633283092596,41.334185903236495,4465600
2010-10-06,41.732845306396484,41.837755490196116,41.29922170477982,41.61394958820191,3312500
2010-10-07,41.704872131347656,41.95665444147656,41.229283916210136,41.928678036356274,3008200
2010-10-08,42.33431625366211,42.43223098282486,41.46007378902857,41.641917715739055,2389300
2010-10-11,42.425235748291016,42.76793994839495,41.96363586054407,42.31333282604861,1586300
2010-10-12,41.77480697631836,42.215425982129304,41.30621423570758,42.215425982129304,3614600
2010-10-13,43.50929260253906,43.8589895422823,42.37627526480424,42.418239858044764,4924200
2010-10-14,43.20856857299805,43.50930826286065,42.76795219127301,43.50930826286065,2537100
2010-10-15,43.01972198486328,43.551262896921656,42.69800139849842,43.481321899031734,2341700
2010-10-18,43.005733489990234,43.180581970702875,42.81689681066346,43.15260557347459,1503400
2010-10-19,42.3413200378418,42.83788921537085,41.90070100173591,42.37628920972838,2549300
2010-10-20,43.27149963378906,43.544262826575434,42.45321005542994,42.49517198171955,2160800
2010-10-21,43.0546875,43.29248152197959,42.488177506113836,43.18057860975248,2277900
2010-10-22,43.432369232177734,43.460345634359655,43.01273387135514,43.1036558444581,1137600
2010-10-25,43.34144973754883,44.18771589002764,43.32046610201585,43.69813952589082,1974700
2010-10-26,43.502315521240234,43.838024384267406,43.01973186290746,43.131634817249854,2163900
2010-10-27,42.90781784057617,43.13162369153066,42.25738125249711,43.09665452756456,3589700
2010-10-28,42.51616287231445,42.90782181376363,41.62093671762395,42.89383628126311,4376800
2010-10-29,43.005733489990234,43.34144225280137,42.229405808749945,42.49517357849037,2862800
2010-11-01,43.20157241821289,43.97790026987209,42.9777665272091,43.30647992888404,2760900
2010-11-02,43.62821578979492,43.76109974208554,43.07569367009942,43.51631281208244,2148300
2010-11-03,43.70558547973633,44.00807082934334,43.2413060776475,43.8533101341593,2118300
2010-11-04,44.1206169128418,44.76779302863488,43.902545299843915,44.197997249178556,4515100
2010-11-05,43.83221435546875,44.54270162801571,43.67745363565182,43.9799390334047,2779300
2010-11-08,43.867366790771484,44.10654112137622,43.58598427824974,43.71260614053828,1536600
2010-11-09,43.38902282714844,44.06433771015972,43.26240095115097,43.92364643866667,2053600
2010-11-10,43.68447494506836,43.78296071999181,42.952885115592146,43.192059487766,2077100
2010-11-11,43.5930290222168,43.76889245679607,43.20612731937197,43.3608880005099,1740000
2010-11-12,42.882530212402344,43.522672872113624,42.601150386414005,43.2131542584877,2049800
2010-11-15,43.142826080322266,43.82517449278366,43.086548484035745,43.100617883107375,1681100
2010-11-16,42.594120025634766,43.009157806495544,42.33384291394803,42.910674720098555,2379500
2010-11-17,42.44639587402344,42.58708714908752,41.925838961325184,42.23536030315875,3210200
2010-11-18,43.01618576049805,43.55784263386847,42.93176940219987,43.03728850834142,2385400
2010-11-19,43.177982330322266,43.18501568553538,42.76294460272339,42.91066921336134,2209500
2010-11-22,42.95288848876953,43.12875193260643,42.51674521596054,42.973991243321734,1518500
2010-11-23,41.94694519042969,42.57301855867353,41.64445988253119,42.47453546930433,2912200
2010-11-24,42.924739837646484,43.08653384681083,42.270527762111776,42.33383869469457,1915800
2010-11-26,42.79812240600586,43.128746497461734,42.43936220651386,42.4534289188005,1055400
2010-11-29,42.84736633300781,42.889574522604335,42.19315415330825,42.48860611355789,2207300
2010-11-30,42.32680130004883,42.78404720777439,42.150937902225536,42.44638980596917,2744000
2010-12-01,43.27647018432617,43.374953268963075,42.97398489096264,42.97398489096264,2944000
2010-12-02,43.95882034301758,44.2402001966128,43.290538830101966,43.290538830101966,2843200
2010-12-03,44.23316955566406,44.31758324857745,43.825165120234004,43.85330391235944,1398100
2010-12-06,44.11357116699219,44.29647059144797,43.82515532085405,44.14170995282574,1218000
2010-12-07,44.198001861572266,44.78890045498044,44.09951607920772,44.598970297649636,2469200
2010-12-08,43.65634536743164,44.3386937532686,43.515654065668436,44.25428004559603,2400400
2010-12-09,43.95882034301758,44.310547172608665,43.76888753302286,43.916612157420055,1436900
2010-12-10,44.09952163696289,44.226143546783405,43.881452657188085,44.183938032485585,1434100
2010-12-13,43.782962799072266,44.359794662271916,43.775926758797844,44.352758621997495,2005500
2010-12-14,43.867366790771484,44.33867941326351,43.698536746565935,43.97288322037026,2231700
2010-12-15,43.979915618896484,44.29647024841678,43.6985331296646,43.6985331296646,2040900
2010-12-16,44.310550689697266,44.35275619518204,43.5437860329893,44.02213477387847,1512900
2010-12-17,44.08544158935547,44.26834105201375,43.726681387160944,44.21206346859186,2652700
2010-12-20,43.81814193725586,44.268351981937066,43.656347870165014,44.254282582607836,1575200
2010-12-21,44.07137680053711,44.19096264533387,43.86033853695673,43.90958008286869,1497000
2010-12-22,44.08544158935547,44.28944380406553,43.818131118490086,44.155788568632836,1208400
2010-12-23,43.92365264892578,44.28944893314165,43.77592800052991,44.21910462918071,1337300
2010-12-27,44.16283416748047,44.254283924160966,43.7126241091513,43.71966015076098,942100
2010-12-28,44.11357116699219,44.2824011985312,43.881432892521154,44.233159665053634,1024100
2010-12-29,44.13468551635742,44.40903202501575,44.12061612059765,44.18392705978518,1156700
2010-12-30,44.13468551635742,44.33868504621691,43.97288880685152,44.155788268265646,1178200
2010-12-31,44.190956115722656,44.32461133724021,44.03619546088779,44.05026485527847,1132300
2011-01-03,44.831085205078125,45.133573067545264,44.49342789249437,44.49342789249437,3477900
2011-01-04,44.59193801879883,44.922562178826446,44.205038947564645,44.873320625221915,2261300
2011-01-05,44.824066162109375,44.95068803018582,44.310545334227164,44.310545334227164,2874200
2011-01-06,44.88036346435547,45.028090839841695,44.620086242678546,44.92257166927496,2600000
2011-01-07,45.75263214111328,45.94959833067052,45.00697020663319,45.00697020663319,4310200
2011-01-10,46.15360641479492,46.364644711476224,45.40794706919418,45.59084120159602,2964700
2011-01-11,45.69635009765625,46.427942563906456,45.45717842420891,46.427942563906456,3301300
2011-01-12,46.01994323730469,46.23098150999401,45.61897481273596,46.11842633337938,1746900
2011-01-13,46.20283508300781,46.42794003212291,45.8651749758725,46.05511046330028,1389900
2011-01-14,46.005889892578125,46.3294780689876,45.8370624455227,46.16768129731897,2214600
2011-01-18,45.921451568603516,46.32945595727587,45.56972475773256,46.17469530178462,2437500
2011-01-19,45.618953704833984,45.97068041862133,45.37274607856759,45.97068041862133,2688200
2011-01-20,45.14766311645508,45.407942943120986,44.63414218701697,45.18986862518553,3503800
2011-01-21,44.85923767089844,45.696346512679575,44.78185734334186,45.56972464639838,3202200
2011-01-24,45.239097595214844,45.39385824009571,44.704474060068314,44.767784989023,3306100
2011-01-25,44.26130294799805,45.22503639317773,44.14171711399834,44.99289539758382,8380800
2011-01-26,44.12764358520508,44.76075289255307,43.67040035964264,44.24019605279333,5082500
2011-01-27,43.83221435546875,44.47235730998823,43.80407555487227,44.183941312533605,3013400
2011-01-28,42.47452926635742,43.9658501521488,42.361976797306426,43.8532976830978,5749800
2011-01-31,43.044342041015625,43.18503335400206,42.5730292284942,42.60116802778421,4333100
2011-02-01,43.69853210449219,43.768879066880956,43.31163320347176,43.41011626735381,3050000
2011-02-02,43.117977142333984,43.99591143144624,43.04717424749959,43.68438679673774,2775400
2011-02-03,43.06841278076172,43.45073757673257,42.969288736476194,43.11797345247746,3856500
2011-02-04,43.23832702636719,43.29496932784314,42.7922783552316,43.08964503627319,3027200
2011-02-07,43.54279708862305,43.762282078775975,43.25959082396476,43.48615475534935,2007000
2011-02-08,43.61357879638672,43.69146062116037,43.25957246621847,43.542778610694654,1977500
2011-02-09,43.98173904418945,44.08794200750036,43.41532954185626,43.4436506921863,2612500
2011-02-10,44.63311767578125,44.76056016762627,43.75518080983265,43.804741478788614,3505700
2011-02-11,45.38360595703125,45.55352746622197,44.34282928589042,44.34282928589042,2999200
2011-02-14,45.61724853515625,45.72345149735181,45.093318062966866,45.24200275021136,2465600
2011-02-15,45.63848876953125,45.75884960779444,45.482725142740236,45.56060695613574,2227400
2011-02-16,45.957115173339844,46.37484014826718,45.74470916464883,45.86507004877612,3055000
2011-02-17,46.162437438964844,46.31820113624333,45.78719147827191,46.00667914339594,2661900
2011-02-18,46.020835876464844,46.339439502618134,45.86507218307099,46.105799364236795,3136200
2011-02-22,45.596012115478516,46.09161877039487,45.319887636066916,45.51104865961825,4641000
2011-02-23,45.100406646728516,45.69513738473926,44.45611523895471,45.659734591319406,5796600
2011-02-24,45.390689849853516,45.645574827152785,44.73223789211501,45.050844113739096,3955600
2011-02-25,45.78010177612305,46.00666561416325,45.518135143945194,45.66681715624895,1917800
2011-02-28,46.431480407714844,46.495198966465416,45.942949850458,46.07747401009892,3063200
2011-03-01,45.879215240478516,46.73590977478219,45.77301227800795,46.658027962417584,3658700
2011-03-02,46.134117126464844,46.52352092953863,45.765947441632164,45.84382928258873,2324800
2011-03-03,46.537681579589844,46.594318495685194,46.07747220042192,46.46687598148037,2842900
2011-03-04,46.233238220214844,46.55184182104409,45.815507857342645,46.523520660704534,2776600
2011-03-07,45.90754699707031,46.672202111449025,45.51106156074459,46.48104103370882,2720700
2011-03-08,46.48812484741211,46.587246211127386,45.83674894079993,46.02791542918595,2774700
2011-03-09,46.30405044555664,46.67221482216662,45.950043951938795,46.30405044555664,2094700
2011-03-10,45.98541259765625,46.33941886985286,45.312802841165514,45.999575873500056,3519300
2011-03-11,47.104095458984375,47.380220046629226,46.296961217913356,46.53768840302217,4716800
2011-03-14,46.67927551269531,46.905839350849966,45.99958399823135,46.61555156355695,3330000
2011-03-15,46.41731262207031,46.728839950285575,45.242014304936355,45.34821729425597,3508900
2011-03-16,45.54646301269531,46.46687637716003,45.270335762330625,46.34651550208298,3846400
2011-03-17,46.61555480957031,47.25984897645131,46.07038739288578,46.26863008986197,3587000
2011-03-18,46.92709732055664,47.51474936369925,46.7217729174691,47.35190400893668,3607000
2011-03-21,48.010353088378906,48.14487726811635,47.288182306109455,47.436864367114644,1986500
2011-03-22,47.64927291870117,48.49180464229971,47.5572277796076,48.08116124329548,2241900
2011-03-23,47.21028137207031,47.670490652042915,47.08283888533494,47.500563735257366,1919700
2011-03-24,47.967864990234375,47.996186149134765,47.33773405939973,47.373136858452405,2125500
2011-03-25,48.626304626464844,48.8528684379348,48.010331731980585,48.03157124528912,2271200
2011-03-28,48.690025329589844,48.85287060836908,48.449303632455205,48.66170957839202,1700400
2011-03-29,49.24937057495117,49.270610095512446,48.49179706524693,48.626321231080595,1978700
2011-03-30,48.84578323364258,49.56087740583327,48.79622257230503,49.53255625625367,2956800
2011-03-31,49.04403305053711,49.53256349923414,48.697108370444596,48.697108370444596,2126900
2011-04-01,49.07944869995117,49.560897635911246,48.97324569610382,49.30601258736126,1382400
2011-04-04,49.26353454589844,49.49009843790475,48.909528127031756,49.298931946759545,1431200
2011-04-05,48.67588806152344,49.072373566641055,48.58384832689539,49.05821568504823,1845800
2011-04-06,48.597984313964844,48.96615389002784,48.14485668320073,48.888272072080184,1588700
2011-04-07,48.236900329589844,48.718349151947,48.08821831997029,48.449306287165136,1228500
2011-04-08,47.925384521484375,48.548433793559866,47.50765419231473,48.548433793559866,1961200
2011-04-11,47.90414810180664,48.20858841674048,47.70589998260177,48.01034569924453,1369200
2011-04-12,47.98200988769531,48.336016175613615,47.51472439653094,47.70588541525562,1659900
2011-04-13,48.024497985839844,48.27938296475804,47.75544972936637,48.10945604434079,1549400
2011-04-14,47.422691345214844,47.52181268757185,46.95540038692491,47.45808873793776,2721000
2011-04-15,47.960784912109375,48.14486975010297,47.38729628039765,47.571381118391244,2414700
2011-04-18,47.36605453491211,47.67757647490435,46.99788487622766,47.52181820576256,2556200
2011-04-19,47.613861083984375,47.748385245333594,47.24569680254048,47.43685788292867,2157800
2011-04-20,47.21028137207031,48.229821265953305,46.6863535495838,47.91829398688738,3464300
2011-04-21,46.919986724853516,47.72712595692306,46.83502868063014,47.4297565970209,2787900
2011-04-25,47.46518325805664,47.52890182327437,46.95541312947684,47.06161613988255,2092600
2011-04-26,48.44221496582031,48.491775625787646,47.47931751356344,47.59968374637565,2000000
2011-04-27,48.435142517089844,48.725424861965436,48.13777313232745,48.42806087891027,2529600
2011-04-28,52.3009033203125,52.64782805223767,50.275986441248854,50.948596387062146,6960900
2011-04-29,52.87439727783203,53.072640001899416,51.989381258453285,52.173466102962614,3575000
2011-05-02,52.8248405456543,53.100965132205005,52.46375247027664,52.81775890449134,2978100
2011-05-03,52.8531379699707,52.98058044511646,52.293807406925836,52.492050056773216,2130500
2011-05-04,51.47222137451172,52.732158517672545,51.351212057949034,52.36912513717413,3486300
2011-05-05,51.40815734863281,51.98473559898403,50.76751183112583,51.06647792902571,3120000
2011-05-06,51.927772521972656,52.31927950693297,51.678634181910866,52.14844256386324,2398300
2011-05-09,52.06301498413086,52.269445420779846,51.486436977812964,51.83523061107126,1708000
2011-05-10,52.831787109375,53.00974381322991,52.32639072212397,52.62535668120639,1908400
2011-05-11,51.984718322753906,52.8460282314011,51.778287867338044,52.8460282314011,2416300
2011-05-12,51.94913864135742,52.18403743204457,51.36544069845719,51.97049258316451,1800000
2011-05-13,50.94544219970703,52.10571789083145,50.71765784835723,51.963354707790565,2369700
2011-05-16,50.80308151245117,51.36542534546116,50.717660339945795,50.81731565913161,1967700
2011-05-17,50.43293762207031,51.023755285772516,50.20515321846096,50.75326300361409,2683400
2011-05-18,51.329837799072266,51.4223733402703,50.05566700616536,50.35463299847427,1939100
2011-05-19,51.7569465637207,52.16980757533868,51.52204232288879,51.54340169726323,1738900
2011-05-20,51.43660354614258,51.74268927224523,51.08780452120213,51.593206303330994,1596200
2011-05-23,51.094947814941406,51.20172296494538,50.411594458049606,50.78174215647902,2075700
2011-05-24,50.6678352355957,51.27288696996811,50.44717065067123,51.13052377275385,1800600
2011-05-25,51.3511848449707,51.55761526837589,50.23361698778224,50.760367298411786,1840400
2011-05-26,51.2586669921875,51.32984861047163,50.511246423180815,50.774624384722365,2542100
2011-05-27,51.657283782958984,51.96336960195629,51.50068097824285,51.54339429004381,1602800
2011-05-31,52.184017181396484,52.297912067914915,51.543377452555205,52.04877379216474,2265200
2011-06-01,50.390235900878906,52.31928649265239,50.34752801711121,52.14844952677235,3156100
2011-06-02,50.98104476928711,51.37966609727529,50.461408740323996,50.489882468152906,2025700
2011-06-03,50.340396881103516,50.68207073586127,50.055665048266725,50.25497570201008,2149800
2011-06-06,50.09128189086914,50.76751555681392,49.99162651758908,50.18381747154048,2105200
2011-06-07,50.7390022277832,51.05220768846043,50.16954417205023,50.283433610874305,2435500
2011-06-08,50.20515823364258,50.58954547140785,50.07702915438749,50.57531132073911,2471800
2011-06-09,50.8529167175293,51.151882719446895,50.11973586152778,50.31904652947284,2058500
2011-06-10,50.09128189086914,50.94547235635839,50.02721461901166,50.72480766278262,2250300
2011-06-13,50.24787139892578,50.667852203728394,49.92043159103053,50.16957541580293,1642400
2011-06-14,51.329837799072266,51.678631456766,50.78172804903104,50.83156114522408,2518300
2011-06-15,50.54684066772461,51.258667722323935,50.37599826443798,50.94546208044121,2687500
2011-06-16,49.97734832763672,50.774596128857944,49.59296128584111,50.62511318440516,2806900
2011-06-17,50.518375396728516,50.78174797533265,50.12686827878948,50.589557027950974,2444800
2011-06-20,50.973907470703125,51.25151943316827,49.998702993065024,49.998702993065024,2008300
2011-06-21,52.091495513916016,52.29792597752938,51.144764383457336,51.2230657810627,1867600
2011-06-22,52.1057243347168,52.660953851178725,51.86370580745554,51.920653260037476,2505200
2011-06-23,51.514930725097656,51.600346503937814,50.88851938261674,50.88851938261674,2907200
2011-06-24,51.016632080078125,51.678631307309466,50.90985696004568,51.50067458419145,2563900
2011-06-27,51.336952209472656,51.54338263895342,50.81019645253238,50.82443603018355,1570300
2011-06-28,51.984718322753906,52.070139506969944,51.2871309928187,51.62168507834613,1629500
2011-06-29,52.82468795776367,52.917223524828614,52.11998065581438,52.305057220753994,2705900
2011-06-30,53.33719253540039,53.970718074019516,52.78908818419825,52.83179606250247,2161300
2011-07-01,54.76085662841797,54.867631774916255,52.98128895614494,53.387030168190805,2896000
2011-07-05,54.07037353515625,54.668310986835415,53.935124679136614,54.61848331842953,2060500
2011-07-06,54.404937744140625,54.67543004863626,53.90666101722525,54.04190445406855,1790200
2011-07-07,54.80354309082031,54.95302606515802,54.23408491679201,54.86761032599786,2091800
2011-07-08,53.87104797363281,54.35509037472281,53.53648853644908,54.00629679227484,1841000
2011-07-11,53.15213394165039,53.365684266827266,52.9101153085396,53.20908141913894,1672800
2011-07-12,52.618228912353516,53.18057266294698,52.45451181088857,52.92431461379535,1987600
2011-07-13,53.10942077636719,53.73582667412211,52.81045469544846,53.00976541606095,1489900
2011-07-14,52.70366668701172,53.63615822989668,52.34775322107901,53.301598702990574,1826800
2011-07-15,52.611148834228516,52.93146888896903,52.013211186353146,52.93146888896903,1827100
2011-07-18,52.27656555175781,52.568411735958016,51.756929562200355,52.53282365197685,2125300
2011-07-19,53.1236457824707,53.166359094397755,52.39046485896158,52.53994787368402,1477200
2011-07-20,53.45108413696289,53.70022791908909,52.93145349433061,53.70022791908909,2142200
2011-07-21,54.5615119934082,54.88183180292867,53.76426421684223,53.76426421684223,1934800
2011-07-22,54.24833679199219,54.73237938505068,54.07038003617376,54.49747516397615,1161500
2011-07-25,54.41915512084961,54.725240853269135,53.60767302667826,53.72156791818662,1438900
2011-07-26,53.778526306152344,54.319510858468085,52.88162286085855,54.319510858468085,2359700
2011-07-27,54.184268951416016,55.807233515377085,54.098847763014895,54.383579626876696,5142200
2011-07-28,54.46189880371094,55.444218352352785,54.12021936937748,54.26970242477013,2850300
2011-07-29,53.88529586791992,54.18426730282313,52.93145039843417,53.94224332512133,2852000
2011-08-01,53.557865142822266,54.56866367031841,52.93145930068031,54.52595035482942,3199400
2011-08-02,51.93490219116211,53.45109188978902,51.84948098797387,52.95281511488145,3707500
2011-08-03,51.455142974853516,52.18550858377465,50.70329136487109,52.18550858377465,4273000
2011-08-04,49.307003021240234,51.30477505655575,49.29267902016665,50.867985894909395,4739300
2011-08-05,49.543277740478516,50.42401220787032,48.1183407355059,49.915619656976816,4166800
2011-08-08,46.47863006591797,48.26874820810232,46.42850151345006,47.30924204312785,6617900
2011-08-09,48.605281829833984,48.74849454722696,45.7912188548926,47.48108794758038,6109000
2011-08-10,47.76750183105469,49.335646742845526,47.180343422097415,48.032441227208366,6414900
2011-08-11,48.69121170043945,49.29985075409358,47.34504487305094,47.92504138190869,4802300
2011-08-12,48.812950134277344,49.7438139430543,48.48356898457378,49.26406349433442,3399900
2011-08-15,49.629215240478516,49.69366231048622,48.74131850052082,49.156627066777084,2007900
2011-08-16,48.84872055053711,49.50748238955298,48.311685373795065,49.22106253602303,3305900
2011-08-17,48.90599822998047,49.58624049928186,48.297354084496234,49.063523935784495,2382900
2011-08-18,45.99886703491211,47.60281657202189,45.41170859491844,47.58133056876083,4497500
2011-08-19,45.15393829345703,46.71491870683063,44.99640703231244,45.46899808424286,3645400
2011-08-22,44.7959098815918,46.28528650642059,44.62405736682156,46.027509100016765,4270100
2011-08-23,46.18503189086914,46.18503189086914,44.29466823191119,44.931949630264164,3446000
2011-08-24,46.85096740722656,46.93689503587809,45.61936537825366,46.185043308445,2778500
2011-08-25,45.991703033447266,47.48107670049254,45.86997088674692,47.04428757616997,2847200
2011-08-26,46.67193603515625,46.70057856602613,44.46651032521293,45.66946930672709,3601300
2011-08-29,47.5884895324707,47.66009314975223,46.793676815732454,47.409477757763995,2090100
2011-08-30,48.41195297241211,48.691210951120645,47.280597053896805,47.40232377015299,3906200
2011-08-31,48.46207046508789,49.18527960331461,47.95367765322748,48.69120533047577,2718200
2011-09-01,47.86773681640625,49.1279809596579,47.788971216015234,48.49069962049757,2489600
2011-09-02,46.628997802734375,47.201832311613956,46.335415814815704,46.97269741546075,2849400
2011-09-06,46.56452941894531,46.600333949443865,44.71712982201125,45.20404193656799,4578700
2011-09-07,47.874900817871094,47.9178618878796,47.05144571034408,47.21613891705142,4213200
2011-09-08,47.60280227661133,48.03958587763968,47.237616812927136,47.38798601256074,4283300
2011-09-09,46.42134475708008,47.345046369686834,46.149243304416494,47.07294491702324,4404600
2011-09-12,46.37120819091797,46.41416926548133,45.21121001065869,45.67664168278154,3089500
2011-09-13,47.889225006103516,48.09687930732966,46.42848836034426,46.53589651104819,3580700
2011-09-14,48.90599822998047,49.206736572429286,46.75069584975699,48.01809627179327,3739400
2011-09-15,49.92280960083008,49.97293268424431,48.93466100922612,49.46453984875528,3748300
2011-09-16,50.424034118652344,50.68897350522954,49.92280334729623,50.12329565583868,4526400
2011-09-19,48.84872055053711,49.50032039088854,48.29020484080607,49.50032039088854,3187600
2011-09-20,48.36180877685547,49.77242205838288,48.28304318000845,48.84155889364777,2340100
2011-09-21,44.34478759765625,47.588479389932466,44.308985796645935,47.180332849109725,8745100
2011-09-22,43.27788162231445,44.810224564958396,42.53319478512144,43.16331420647686,6787900
2011-09-23,44.058372497558594,44.3233118630298,42.447266694110056,42.59047664516156,3621500
2011-09-26,44.83888626098633,44.91765190998542,43.47839787515167,44.48086257026605,2854300
2011-09-27,45.46183776855469,46.242329323045496,45.17541779696964,45.77689755209561,3332400
2011-09-28,43.950958251953125,45.63366732707406,43.87219265812582,45.51909993555308,2525100
2011-09-29,45.447509765625,45.45466903467779,44.480844553325056,44.73146267421892,3131200
2011-09-30,43.69318771362305,44.853183074090204,43.69318771362305,44.68133332591118,3004300
2011-10-03,42.96998977661133,44.02974199949995,42.84826306796382,43.32801336416735,3581600
2011-10-04,44.215904235839844,44.33763092018566,41.22282742289355,42.182330555247184,4200000
2011-10-05,45.34009552001953,45.52626926842311,43.721830512640274,44.051211474889655,2443800
2011-10-06,46.865291595458984,46.886777602466246,44.66702942849839,45.0322123340186,3734500
2011-10-07,46.44996643066406,47.287740029715,45.93441176570824,47.14452736555808,2799600
2011-10-10,48.29737854003906,48.318864543667914,47.09441909811769,47.30207342914649,2050300
2011-10-11,48.12551498413086,48.913165538660714,47.40230603303309,47.710206440886225,3060000
2011-10-12,48.29021453857422,49.04206065919821,47.831944866097096,48.211448926460456,2464000
2011-10-13,48.003807067871094,48.46207685911036,47.445291101236165,47.93220343730374,2322200
2011-10-14,48.812950134277344,48.898877789290154,48.04677963185624,48.36900424089817,1805500
2011-10-17,47.53120040893555,48.734159651123086,47.445278260711305,48.734159651123086,1706200
2011-10-18,49.02058410644531,49.507496355905715,47.38799758266803,47.473925201868994,2540000
2011-10-19,48.247249603271484,49.45737089956658,48.08256183647731,49.02774375022688,2963200
2011-10-20,49.25688552856445,49.57910457018051,48.47639127172942,48.47639127172942,2596200
2011-10-21,50.767738342285156,50.82502341899148,49.622064123186775,49.70798627524066,2143400
2011-10-24,50.53859329223633,50.918097288515355,50.18772636552162,50.83933168970221,3686800
2011-10-25,49.67934799194336,50.15910372169305,48.90602124219471,50.00157247876086,2076600
2011-10-26,49.95859909057617,50.517120365261746,49.40724527886766,50.35242714394318,3216300
2011-10-27,53.81808853149414,54.31931918472341,52.55784443665488,52.56500643541656,5424100
2011-10-28,53.689212799072266,54.06155487928657,52.815634481908845,53.288222716911825,3749200
2011-10-31,52.98033142089844,53.75366371710698,52.67243090276021,53.1736672264539,2741900
2011-11-01,52.0566291809082,52.858604010452254,50.2665111834491,50.78206604079838,4387900
2011-11-02,52.52482604980469,53.89341151534374,51.970191645641734,53.360385458737575,3051700
2011-11-03,53.230716705322266,53.35316764151585,52.438379683086595,53.30274634452384,2988100
2011-11-04,52.97142028808594,53.0794675245867,51.581226433736745,52.56804980036123,3591700
2011-11-07,53.180301666259766,53.4324081808862,52.22949602859018,52.97861645455862,2453900
2011-11-08,53.57646179199219,53.626883089567976,52.33033308240089,53.41079416946143,2580700
2011-11-09,51.82612228393555,52.546429781949996,51.624437063773115,52.22229360604753,2580800
2011-11-10,53.151493072509766,53.432412568376314,52.23669943580769,52.589654080776675,2484600
2011-11-11,54.520076751708984,54.887429622085364,53.78536001993597,53.78536001993597,2452200
2011-11-14,54.03026580810547,54.48405754375599,53.77815928829962,54.123903802459076,1464900
2011-11-15,54.282371520996094,54.649729870400904,53.49003440102309,53.80696595170636,1657500
2011-11-16,53.360389709472656,54.36882147470296,53.30276378105698,53.63410462618061,1782300
2011-11-17,52.34476089477539,53.11548993831885,51.703687461151006,52.913804655225135,3704800
2011-11-18,52.79132843017578,53.05784413860635,52.25109789629617,52.61845619807687,2892400
2011-11-21,51.653236389160156,52.39515203700302,51.235456831663264,52.11423262656754,3225500
2011-11-22,51.61003494262695,52.13585635510315,51.329115449274404,51.64604702134559,2976900
2011-11-23,50.67363357543945,51.17785214313909,50.52957426781688,51.105816993817484,2505700
2011-11-25,50.73845291137695,51.285882555918434,50.42151590995148,50.623201094309835,1662600
2011-11-28,52.61127471923828,52.72652109280944,52.12866988235533,52.402384828159484,3120400
2011-11-29,52.55364227294922,53.46843601003184,52.53203392405152,52.68329786184632,3000400
2011-11-30,54.41203308105469,54.743373895169455,53.83578484184871,54.13831818996262,3367500
2011-12-01,53.86458969116211,54.347194358896616,53.70612117447086,54.15991838054302,2859500
2011-12-02,54.03026580810547,54.72896494550307,53.91501397304567,54.16712049285152,2345900
2011-12-05,54.56327438354492,55.096300211717775,54.11668190855737,54.61369567140575,2022900
2011-12-06,53.922218322753906,54.8009943264998,53.46122197579047,54.59210449810857,2422100
2011-12-07,53.83578109741211,54.21034407549719,53.302755085301925,53.677312567876896,1929300
2011-12-08,52.61127471923828,53.67732703069579,52.46720988288484,53.40361208489164,2397400
2011-12-09,53.151493072509766,53.35317830077187,52.47440223862101,52.877778190655526,2254100
2011-12-12,52.640071868896484,52.98581638123013,52.13585333643751,52.80573951153262,1622500
2011-12-13,51.437171936035156,53.15150216504071,51.17065612709054,52.66889735835373,2397300
2011-12-14,50.4359245300293,51.18504492707937,50.24144393925642,51.10581066903977,4003900
2011-12-15,50.17661666870117,51.1706389131513,49.758837053225704,51.156229687509025,3079300
2011-12-16,50.291873931884766,51.13463246339899,49.96773772607486,50.83210460524167,5309400
2011-12-19,49.83805847167969,50.9761397063774,49.730011289228365,50.558365694011194,3799900
2011-12-20,51.04098892211914,51.31470378854703,50.56558334328598,50.56558334328598,2167500
2011-12-21,51.559600830078125,51.746876782125646,50.58718701803069,50.8897147825772,2084900
2011-12-22,52.06381607055664,52.10703275439812,51.55960310737559,51.862130885284216,1491900
2011-12-23,52.40957260131836,52.56083650924504,51.941371650777775,52.13585224796642,920200
2011-12-27,52.40957260131836,52.748117988563244,52.20068277736918,52.41677171918881,669000
2011-12-28,51.70367431640625,52.67608839582435,51.523597431495105,52.58965500819366,1283500
2011-12-29,52.474395751953125,52.53202166590748,51.71807623946332,51.71807623946332,1217100
2011-12-30,52.481605529785156,52.84175928417813,52.34474534455258,52.474400915954455,1050300
2012-01-03,53.151493072509766,53.84298763891283,52.985819923288574,53.29555237969404,2032300
2012-01-04,54.05908966064453,54.145523058847125,52.83456339616736,53.137091280898595,1933700
2012-01-05,54.570491790771484,54.995470531605605,53.59087325790529,54.21033808002684,2795600
2012-01-06,54.246341705322266,54.945040674631116,54.181516685328816,54.68572960364002,1506700
2012-01-09,55.06029510498047,55.20435437550118,54.15270631327505,54.70014143316978,2056800
2012-01-10,55.982295989990234,56.183981197057086,55.52129966083464,55.75179782541244,2426200
2012-01-11,56.183990478515625,56.392880333345744,55.76621076885539,55.895866351318546,2282000
2012-01-12,56.35685729980469,56.54413878867562,55.607736839831084,56.407278605018774,1946400
2012-01-13,55.10352325439453,55.816626134238,54.01585740043426,55.816626134238,2994300
2012-01-17,54.966670989990234,55.62935815607748,54.023069796114896,55.564527614656505,2828500
2012-01-18,54.981075286865234,55.23318182419419,54.36161036913675,54.74337248216493,2755100
2012-01-19,56.1407585144043,56.248800224147566,54.90182895126285,55.413246527581165,4088100
2012-01-20,55.65095520019531,56.34244969365926,55.16114591371963,56.29202839191219,2445900
2012-01-23,54.70734786987305,55.96068677224175,54.52007189223973,55.816621986935765,2543600
2012-01-24,54.36880874633789,54.59930691052731,53.706121715722304,54.18873188383023,3807300
2012-01-25,54.14550018310547,54.31117328551759,52.15025131523579,53.12266510276085,5402500
2012-01-26,53.9294319152832,54.60651732139292,53.634103161849254,54.24636352189446,3062800
2012-01-27,53.25954818725586,53.922229891249025,53.2235306073712,53.55487145936779,3443000
2012-01-30,52.712093353271484,53.10105999103352,51.94136469016218,52.236687853059294,5473300
2012-01-31,52.006202697753906,53.158699169418966,51.79011373094956,52.96421305423354,8481800
2012-02-01,52.69498825073242,53.260508701173414,52.41222802551192,52.54998499270335,4378200
2012-02-02,52.47748565673828,52.81099762514867,52.35423231588411,52.51373924241094,3201000
2012-02-03,53.3692512512207,53.65201140937024,52.83273268595216,53.10098920282723,3351200
2012-02-06,52.303470611572266,53.04300157829964,52.22371716356207,52.96324813028944,3112400
2012-02-07,52.44847869873047,52.66598912817781,51.6582014993438,52.20197204144215,3922400
2012-02-08,52.6007194519043,52.7239727339979,51.93369030156676,52.448458889885245,2786800
2012-02-09,52.44122314453125,52.992239880500556,52.21646093206473,52.78198684243168,2103300
2012-02-10,51.8612060546875,52.31797683059383,51.498692375533786,51.919209570916834,2810700
2012-02-13,51.51319885253906,52.48473291095633,50.954924658297436,52.22372260509377,2672600
2012-02-14,51.04190444946289,51.63642639782423,50.74464070952357,51.45516963879312,2609900
2012-02-15,49.18585205078125,51.44068751888334,48.982845280788204,51.20143270083131,6510300
2012-02-16,49.6208610534668,49.94712106583788,49.18584032828097,49.22934571971053,5179900
2012-02-17,49.88912582397461,50.280641222545356,49.628115558260774,49.729618935869574,4287900
2012-02-21,49.82386016845703,49.99061329367083,49.34533965641577,49.584599912436396,4640100
2012-02-22,49.628116607666016,50.30964404160987,49.403359914139564,49.78037720881804,3727000
2012-02-23,50.251625061035156,50.32413219412853,49.229339756326645,49.77311006542116,3331300
2012-02-24,50.77364730834961,51.012907580706404,50.03412209467697,50.03412209467697,3621000
2012-02-27,51.17967224121094,51.73069451423544,50.38939517347552,50.41114510649296,3912900
2012-02-28,50.44015121459961,51.476940519564295,50.30964607371176,51.346435378676446,4497400
2012-02-29,49.95438003540039,50.635901908123444,49.72961782015,50.403893402863005,4850500
2012-03-01,50.0051383972168,50.27339498288873,49.591873019203426,49.91813312181194,3116600
2012-03-02,49.374359130859375,50.295146920157805,49.15685425489367,49.93263326202885,3429800
2012-03-05,49.0698356628418,49.84561445934839,48.51156721476499,49.359847616908866,3219700
2012-03-06,47.81553268432617,48.431810114277006,47.402267478881,48.431810114277006,5800900
2012-03-07,47.32252502441406,48.14906115833923,47.30802691363448,48.14906115833923,4304100
2012-03-08,48.41006088256836,48.65657299255958,47.47478071693308,47.641533865542876,4535200
2012-03-09,48.19981384277344,48.75808238942342,47.895298194899986,48.56232746648663,2500100
2012-03-12,47.917057037353516,48.41007587854,47.837309114305064,48.35207789191566,2773600
2012-03-13,48.613094329833984,48.64209056104718,47.88081503248623,48.272330532112136,2958000
2012-03-14,47.09052276611328,48.62033087153094,46.9382676909344,48.51882748807835,4353900
2012-03-15,49.68609619140625,50.019607925919395,46.47422656917274,46.75698663824947,8076900
2012-03-16,50.01237869262695,50.3096369682537,49.519359975339015,49.758614747398106,5423000
2012-03-19,49.51935577392578,50.05587430760988,49.30184541976078,49.79486409521911,2751500
2012-03-20,48.54057312011719,49.316352071463086,48.5043250758227,49.20760240706056,2854600
2012-03-21,48.72182846069336,48.93933884594958,48.42457016779667,48.67107677500276,2190300
2012-03-22,46.909263610839844,48.25781481737395,46.78601029868289,48.25781481737395,4278100
2012-03-23,46.72801208496094,47.31528801987825,46.655510453797774,47.14127746726281,3356700
2012-03-26,47.94602966308594,48.03303488743556,47.27900620428854,47.27900620428854,2739100
2012-03-27,48.069305419921875,48.1780550743616,47.64153649689098,47.96055023396361,3381800
2012-03-28,47.779293060302734,48.16355658702942,47.525534649400065,48.105553084103526,3681400
2012-03-29,47.97505187988281,48.02580356620134,47.01801612964848,47.37327793387817,3151000
2012-03-30,47.728538513183594,48.4318157322695,47.6052852255033,48.19980726601088,2825000
2012-04-02,48.591312408447266,48.93932784029042,47.43127018816613,47.60528066984652,3086200
2012-04-03,48.054813385009766,48.56233586489087,47.692299698603215,48.446328830111234,4351500
2012-04-04,48.56232452392578,48.76533125586125,47.83004549957119,47.83004549957119,4236600
2012-04-05,49.1786003112793,49.34535348321813,48.21431272913209,48.28681434873676,3999200
2012-04-09,48.36655807495117,48.78707512832067,48.23605297326815,48.6348200982768,2861800
2012-04-10,47.3587760925293,48.323063588148564,47.06151781936819,48.301313657370734,3567900
2012-04-11,47.97505187988281,48.439068878086196,47.83004864226386,47.97505187988281,2403400
2012-04-12,49.23661804199219,49.60637806824007,48.06932337516118,48.06932337516118,2822500
2012-04-13,48.895835876464844,49.43235445276896,48.772577049170245,49.00458553066812,2585800
2012-04-16,49.47585678100586,49.90362572443257,49.01183979487713,49.17134667101866,2532700
2012-04-17,50.0631217956543,50.33863009310677,49.388846393912296,49.700608257761125,2855700
2012-04-18,50.51264190673828,50.693898700316225,49.671613260926144,50.23713357184641,3213500
2012-04-19,49.80937194824219,50.72290787032332,49.4758600630581,50.34589611840366,3522700
2012-04-20,50.4111442565918,50.447397832022375,49.82387394894561,49.92537732232844,2831600
2012-04-23,50.31688690185547,50.40388662242531,49.44685097552858,49.758612881113336,3010000
2012-04-24,50.911434173583984,51.07094111564073,50.360411700530065,50.50542052581851,2887700
2012-04-25,52.86175537109375,53.26776898327214,52.049722615216375,52.21647583528081,4901700
2012-04-26,53.093746185302734,53.28224928133889,52.39046889115293,52.73123257236108,2368600
2012-04-27,53.19524383544922,53.478003980623015,52.57896633448865,53.260493623634794,2286900
2012-04-30,52.8762321472168,53.3329972765798,52.47021869889413,53.15899230322985,2265200
2012-05-01,53.94928741455078,54.297297442615694,52.83274463909648,52.8834963320026,2553400
2012-05-02,53.78874588012695,53.993042989960905,53.263407273880354,53.65011331273445,2077500
2012-05-03,53.24153137207031,54.21924078509992,53.132084876081024,53.920092967187884,1744500
2012-05-04,52.263816833496094,52.97886245553882,52.13248215053642,52.97156453796326,2923400
2012-05-07,52.526493072509766,52.8913110655031,52.066824405343255,52.066824405343255,1701400
2012-05-08,51.2423210144043,52.26380660792274,51.04531624516933,52.16895596471859,4926400
2012-05-09,49.89980697631836,51.111005441861515,49.83414240650704,50.826447839317,4858500
2012-05-10,49.73929214477539,50.505412284823734,49.63714353499318,50.36677964296999,3290000
2012-05-11,49.936283111572266,50.51998849547105,49.49849711529795,49.49849711529795,2270300
2012-05-14,49.622535705566406,50.133278573775065,49.25771778065172,49.410940641114315,1819500
2012-05-15,49.53497314453125,50.01653543605876,49.33797393133863,49.60064326004831,1783900
2012-05-16,49.57146072387695,50.24272436030739,49.25771709018103,49.695497480606114,2924400
2012-05-17,48.309207916259766,49.99466560976891,48.25083568935229,49.68092184849368,2653100
2012-05-18,47.674415588378906,48.68131687372598,47.52119268988721,48.51349813727442,2553700
2012-05-21,49.184757232666016,49.24312387225852,47.470108465161665,47.470108465161665,2259600
2012-05-22,49.089900970458984,49.89249932274785,48.80534342343548,49.73198410563406,2294000
2012-05-23,49.680912017822266,49.81224671903509,48.323794194197546,48.68131427156768,2122100
2012-05-24,49.206626892089844,49.9216666663359,48.66669253737422,49.61522104880188,2200400
2012-05-25,48.46971893310547,49.403652107608316,48.37486825861656,49.34527989253168,1894600
2012-05-29,48.520774841308594,49.089889805921516,48.49888666062021,48.88559269725828,2746400
2012-05-30,47.674415588378906,48.22164261156974,47.586862827344305,48.15597804079379,2732100
2012-05-31,47.805747985839844,48.265422225776945,47.178266150924735,47.67441328395508,3821800
2012-06-01,46.90829086303711,47.65251700288656,46.84991865729364,46.93747696590884,3584300
2012-06-04,46.47050476074219,47.20014337015741,45.8357223713917,46.74046923705495,2473800
2012-06-05,46.455909729003906,46.733174893762914,46.0765015649644,46.36105907966387,1712000
2012-06-06,47.82762145996094,47.82762145996094,46.82072065027007,46.835316481334914,1940900
2012-06-07,48.155967712402344,49.01693826689734,47.980856661209444,48.39674888696754,3106600
2012-06-08,48.47700119018555,48.55726156831598,47.47739820499323,47.92977437566664,2071900
2012-06-11,48.09758377075195,49.06800058296816,47.9589567737772,48.99503812666378,2349600
2012-06-12,49.02424621582031,49.03153856804724,48.090312996113674,48.20705186523646,2049300
2012-06-13,49.0096321105957,49.615231120570336,48.49888931102614,48.80533499076788,1862600
2012-06-14,49.76115798950195,50.06031133142926,48.79074663238475,49.038820125679294,2103400
2012-06-15,50.32299041748047,50.52728758491669,49.907098164719486,50.198953646777085,3075800
2012-06-18,51.85521697998047,51.877105163690246,49.95816498051372,50.12597810007499,2460700
2012-06-19,52.03035354614258,52.351395242557196,51.6582431071335,52.04494938689717,2164500
2012-06-20,52.30758285522461,52.351359213996794,51.4903889025141,51.96465320036682,2209300
2012-06-21,51.90627670288086,52.657800488381376,51.83331425542334,52.358652783802164,3281000
2012-06-22,51.07453155517578,51.607168405019905,50.83375028469766,51.380977408503114,3228500
2012-06-25,50.155181884765625,50.6148561714651,49.73928954760224,50.52729783907438,2825300
2012-06-26,50.5710563659668,50.819135436806384,49.92897885518815,50.344871045505585,1888900
2012-06-27,50.89938735961914,51.11098237799722,50.38134668704325,50.7388666169407,1287600
2012-06-28,51.125572204589844,51.18394439536905,50.162453323446805,50.60023362093391,1688500
2012-06-29,52.36595916748047,52.36595916748047,51.82603023156458,51.99384891570731,1776300
2012-07-02,52.110591888427734,52.53378202406923,51.78955589473406,52.36596332659766,1745500
2012-07-03,52.468116760253906,52.511893130012126,52.03762871313896,52.132479369841676,771400
2012-07-05,52.468116760253906,52.70889236060386,52.05951689801806,52.30759598223409,1101400
2012-07-06,52.67972183227539,52.71620586231288,51.89901146293331,51.971979523008294,1676100
2012-07-09,52.58487319946289,52.88402667073569,52.31490584002267,52.37327806368785,1644300
2012-07-10,51.79683303833008,53.102881514876756,51.63631230527052,52.99343505445631,1687600
2012-07-11,52.00114822387695,52.701603587635994,51.75307468950075,51.906297560735496,2044100
2012-07-12,52.417030334472656,52.686997569718734,51.77495286957817,51.80413896798416,3124000
2012-07-13,53.76688003540039,53.76688003540039,52.38057048560444,52.38057048560444,1997200
2012-07-16,53.810646057128906,53.817943974586704,53.19775459099308,53.47501422090976,2172000
2012-07-17,53.912784576416016,54.21193790289366,53.212334931508025,53.76685965456479,2413900
2012-07-18,53.84711456298828,54.20463448189008,53.36555234976356,53.88359300640694,2382800
2012-07-19,54.124393463134766,54.62784403573593,53.92009629358078,54.00764904242942,2348400
2012-07-20,53.25611114501953,53.686599126624714,53.110186223578516,53.482302009935715,1896300
2012-07-23,52.67240524291992,52.86940444110342,51.9792479579271,52.55566085386388,1766700
2012-07-24,52.50459671020508,52.964265305814955,51.85522122909973,52.570266833395024,2049800
2012-07-25,52.31488800048828,53.05911968172996,51.97196382842723,52.2711116310081,2015900
2012-07-26,53.26342010498047,53.40934505667825,52.73078345459143,53.16856944304492,1859300
2012-07-27,54.496490478515625,54.89049441196725,53.5479618720567,53.628222241834536,2148500
2012-07-30,54.124393463134766,54.75917872568927,53.86902200119228,54.35787673786509,1547700
2012-07-31,54.0295295715332,54.722681308097506,54.0076358229996,54.044119837209934,2120800
2012-08-01,53.48959732055664,54.489200344471065,53.42393277227662,54.4162378797113,1362800
2012-08-02,53.555294036865234,53.58448015060196,52.811062053283536,53.28532665981195,1579500
2012-08-03,54.67890930175781,54.875908520827096,54.175458812266,54.22653309622318,1494200
2012-08-06,54.51841354370117,54.86134342188267,54.4892274299536,54.700822579612016,1273900
2012-08-07,54.7008056640625,55.0437354361972,54.54028487143092,54.598657080875185,1468800
2012-08-08,54.584049224853516,54.98535111805909,54.42352846757129,54.5037888462124,1200200
2012-08-09,54.128662109375,54.304951468101535,53.878913714052864,54.23149803564362,1473100
2012-08-10,54.76769256591797,54.78238660937317,53.77605758984358,54.0404943306815,1256300
2012-08-13,54.56203079223633,54.70159620996621,54.29025258398751,54.664866698731,874100
2012-08-14,54.42245864868164,54.95133216194266,54.29024587450229,54.892572797019355,897200
2012-08-15,54.88522720336914,55.017445585125685,54.20209983164966,54.20944685400726,996500
2012-08-16,54.86319351196289,55.201083697554296,54.68689859450424,54.76769903063873,1353800
2012-08-17,55.164329528808594,55.33327734814828,54.96600484049425,55.03211120188779,1135700
2012-08-20,54.96601486206055,55.215757522814926,54.708925180656124,55.068850734622316,936100
2012-08-21,55.00276184082031,55.502252976092244,54.84116654764339,54.9660379304271,1025900
2012-08-22,54.848487854003906,55.02478273413661,54.55466865791778,54.96601777409238,1133200
2012-08-23,54.04783248901367,54.78237762551845,53.577724049981384,54.78237762551845,1861700
2012-08-24,54.062538146972656,54.20945058355179,53.76137745922417,53.930319756119644,1549600
2012-08-27,53.89358901977539,54.33431506538374,53.81278859093136,54.1066078227155,863200
2012-08-28,54.10660934448242,54.194751193601675,53.7466781134592,53.80544308229595,1255200
2012-08-29,54.10660934448242,54.172715731321865,53.68791314462244,54.05518579364835,1362600
2012-08-30,53.35737609863281,53.76871971921744,53.048868383194346,53.665883814071286,1503800
2012-08-31,53.22514724731445,53.82747411801855,53.144346822842586,53.63649078707274,1695600
2012-09-04,52.19679641723633,52.88727091416169,51.91032414811557,52.81381749205273,2152100
2012-09-05,51.47694396972656,52.204142360592336,51.19781312569606,52.10130645094007,2022200
2012-09-06,52.90194320678711,52.916637249205166,51.734019020634186,51.84420192222894,1820600
2012-09-07,52.82849884033203,52.99744673221734,52.58609753620202,52.894610834247544,1317600
2012-09-10,53.18107223510742,53.54099780470649,52.78441716479753,52.96805346008165,1669400
2012-09-11,54.00379180908203,54.216810712532414,53.18110429687461,53.217828215590515,1504900
2012-09-12,54.37103271484375,54.49590965678447,53.82747084123352,54.150672519445855,1122200
2012-09-13,54.74565505981445,55.01743881222732,53.82012650145543,54.547330313662336,1499100
2012-09-14,54.86319351196289,55.19373667495946,54.584062694721474,54.70893966228874,1476600
2012-09-17,54.525299072265625,54.789730219550016,54.27555076075287,54.723623833762865,1131900
2012-09-18,54.304935455322266,54.5767192398277,53.59977262420827,54.50326022489282,1526400
2012-09-19,53.39408493041992,53.908264257014466,52.78441115450471,53.26920800470323,2412500
2012-09-20,48.560794830322266,50.279628305120625,48.171486681114246,49.97846761774961,12189700
2012-09-21,47.74544143676758,48.83257087683977,47.7087119324697,48.83257087683977,6849200
2012-09-24,48.68568420410156,48.847285141834455,47.701395734839046,47.81157309771284,3570600
2012-09-25,47.79685974121094,48.85460670665883,47.79685974121094,48.85460670665883,2700200
2012-09-26,47.42959213256836,47.811553241558755,47.26799126194837,47.605881444091914,3327200
2012-09-27,47.14313507080078,47.848298147957856,47.12109960028618,47.76749768664567,3186000
2012-09-28,46.73912048339844,47.03293693636358,46.45999247132367,47.0182484954732,3930800
2012-10-01,47.34143829345703,47.6279104876195,46.84929432955078,47.018242199917694,4173500
2012-10-02,47.760135650634766,48.112719880464205,47.179849762342315,47.91439510402879,3951300
2012-10-03,48.18617248535156,48.421226766582116,47.58384553943977,48.1053720507908,3253100
2012-10-04,48.61220169067383,48.70769054944154,48.230240651467845,48.39918290960573,2270100
2012-10-05,49.14108657836914,49.21453999484759,48.781160914729206,48.87664979573755,2343200
2012-10-08,49.420204162597656,49.51569863297962,48.847259756848196,48.8913306790949,1590500
2012-10-09,49.17779541015625,49.58179748315436,48.84725233525578,49.398161196179714,1953600
2012-10-10,48.773799896240234,49.310014726389355,48.42121575252635,49.09699595683188,1494800
2012-10-11,48.450599670410156,49.06762053920016,48.4432526494114,48.80318382459516,2061000
2012-10-12,49.420204162597656,49.55242253347335,48.465298687727085,48.597517058602776,2800500
2012-10-15,49.662601470947266,49.70667238966894,49.030892149972615,49.4275472308731,1652200
2012-10-16,49.73604202270508,49.95640776766029,49.647894603896255,49.80949540297892,1706400
2012-10-17,49.36878204345703,49.85358456371311,48.61954840794822,49.787472581798596,3337700
2012-10-18,48.99415969848633,49.41285021353953,48.9207063036609,49.12637805082601,4619500
2012-10-19,48.215553283691406,48.89868064025753,48.142099874152926,48.854609715361626,3650000
2012-10-22,49.08967208862305,49.31737937700695,48.149454841459615,48.21556123971165,3350100
2012-10-23,48.48733901977539,48.76646422893741,47.921735974824166,48.53140994644935,2745400
2012-10-24,44.873374938964844,46.320430155629225,44.77788326017241,46.17352052719504,11507400
2012-10-25,45.96050262451172,46.12210349922546,44.98355875972779,44.98355875972779,4009400
2012-10-26,46.10740280151367,46.269003643091,45.87234856034715,46.151476522507735,2891600
2012-10-31,45.42618942260742,46.566472634337956,45.37435862430755,46.485023429990534,4023400
2012-11-01,45.7371940612793,46.307335879362846,45.40399393063726,45.611317201006656,5165500
2012-11-02,45.2633056640625,46.292521534293094,45.2633056640625,45.581696550840405,4030700
2012-11-05,45.1596565246582,45.92231253078661,44.95233039541081,45.16705971786753,3520900
2012-11-06,45.53725814819336,45.640919747331736,45.06337493809406,45.30031654314371,4570700
2012-11-07,44.41179656982422,45.15223999944696,44.4043933783377,44.737590662013915,3976700
2012-11-08,43.789817810058594,44.5598795463326,43.76760541415917,44.426599521801826,5077100
2012-11-09,42.945716857910156,43.945314310120764,42.86426763262817,43.64913864722044,5314900
2012-11-12,42.99013900756836,43.41219146253157,42.908689792651415,43.012351402703146,3468600
2012-11-13,43.32332992553711,43.75278833273297,42.767997531480376,42.767997531480376,2833300
2012-11-14,42.58290100097656,43.54547973284279,42.41259934868713,43.36036887280199,3741000
2012-11-15,42.2200813293457,42.70877384094496,42.005352073981726,42.5458753955561,3443000
2012-11-16,41.71657180786133,42.28671343550399,41.50184259266472,42.21266741755683,3885700
2012-11-19,42.96792984008789,42.96792984008789,41.95352316725471,42.06459080770709,2932700
2012-11-20,42.138633728027344,42.879077127096224,41.827648856210764,42.879077127096224,3295600
2012-11-21,42.227481842041016,42.449617098779946,42.02756180571625,42.294121854149274,1819800
2012-11-23,42.76799392700195,42.79020914159723,42.26449519742658,42.35334758210854,924300
2012-11-26,43.13083267211914,43.227091115313556,42.523669245017814,42.590309271142,2142100
2012-11-27,43.641719818115234,43.90087662470172,43.02715345022517,43.078984246629155,4038100
2012-11-28,44.211875915527344,44.26370672894462,43.064189179824425,43.38258007628341,3572900
2012-11-29,44.782012939453125,44.907889776239436,44.34515125513683,44.44881287098015,4095200
2012-11-30,44.707977294921875,44.86346974497941,44.42660798679324,44.80423291187121,3228500
2012-12-03,44.00454330444336,44.95971579070618,43.87866648107761,44.922691367937674,2469600
2012-12-04,44.582096099853516,44.68575772314088,44.00455115607109,44.019360362907484,3004200
2012-12-05,45.60390090942383,45.94450413421267,44.65613443190117,44.72277443888742,3760700
2012-12-06,45.44841384887695,45.774207907717326,45.033764553888744,45.64833389335874,1989600
2012-12-07,45.54466247558594,45.818628508230404,45.32993608253415,45.537259285991105,1585200
2012-12-10,45.96672439575195,45.97412758642175,45.49283828043549,45.54466908882574,1835800
2012-12-11,45.57429122924805,46.196263805384206,45.38177718584355,46.14443299275348,2248800
2012-12-12,45.55948257446289,46.12222115351511,45.50024856983856,45.8112334493931,2241200
2012-12-13,45.34476089477539,46.0777983733611,45.233693240653785,45.61872419715616,1791800
2012-12-14,45.433589935302734,45.96670988134173,45.24847915676879,45.24847915676879,2226300
2012-12-17,45.62611770629883,46.055576198221594,45.37436685834307,45.73718533684911,1991900
2012-12-18,46.2332878112793,46.403589465131766,45.618721219078424,45.64833963485301,8857300
2012-12-19,46.0185432434082,46.46280800687443,45.95930643517725,46.366549605782374,2435700
2012-12-20,46.62570571899414,46.64051492083401,45.7593857710437,46.05556415870819,3173900
2012-12-21,46.31473159790039,46.448011628650846,45.87046671177704,45.87046671177704,3707200
2012-12-24,45.900089263916016,46.31473577514456,45.73719080618051,46.29992656766247,1015600
2012-12-26,45.61130142211914,46.21846463921542,45.5002366333723,45.94450143749313,1412200
2012-12-27,45.329933166503906,45.6557271544878,44.86345316416715,45.544659545742554,1935100
2012-12-28,45.2188720703125,45.67794612508122,44.91529043052829,44.952312030586455,1625600
2012-12-31,45.78903579711914,45.818654221253674,44.944930481263604,45.03378292909883,2009900
2013-01-02,46.86265563964844,47.23287727783577,46.50724320593663,46.75158801836546,2395700
2013-01-03,46.988525390625,47.758587006296956,46.388768198733715,46.388768198733715,2516800
2013-01-04,48.40278244018555,48.68414887145772,47.21807141929572,47.24768983034557,2779800
2013-01-07,48.0029411315918,48.269501175058664,47.59569505153571,48.2250707350581,2573400
2013-01-08,47.3809700012207,48.33613975169533,47.284711577296214,47.98073011627262,2745400
2013-01-09,47.94368362426758,48.29909874524689,47.48460693657173,47.617886900797515,2143400
2013-01-10,47.884464263916016,48.06217471367565,47.37355943140802,47.75859026551993,2356000
2013-01-11,47.417991638183594,48.284308980447825,47.20326239410254,48.0769857514411,2401600
2013-01-14,48.032562255859375,48.6101071662925,47.76600219733109,48.28431028383916,2292100
2013-01-15,48.46941375732422,48.543456951413205,47.81782574055412,47.965912128732086,2316300
2013-01-16,48.462013244628906,48.63231769458693,48.12881600883681,48.30652082465031,1746300
2013-01-17,48.83223342895508,48.928494673506556,48.499036203242916,48.728571818772004,2299700
2013-01-18,49.38755798339844,49.41717638857661,48.55826523494234,48.802612840812365,2554000
2013-01-22,49.565269470214844,49.728167877597954,49.00253105810954,49.33572823747806,3004000
2013-01-23,50.653724670410156,50.95730346072384,49.239475372926925,49.617103006416556,4520800
2013-01-24,51.70514678955078,51.793996352568406,50.668525244325906,50.742568429884905,3605100
2013-01-25,51.60150146484375,51.831037107166665,51.135018515433025,51.831037107166665,2121500
2013-01-28,51.79400634765625,52.09018479618104,51.49042753354052,51.99392920129245,2442700
2013-01-29,52.371559143066406,52.74918117346009,51.64592219506504,51.64592219506504,2646400
2013-01-30,51.37229537963867,52.75932545088072,51.34246610302185,52.7444136572487,2850400
2013-01-31,51.35740280151367,51.81974253867813,51.178427074848486,51.36485585644187,3953200
2013-02-01,51.901756286621094,51.968873586581964,51.417040460159654,51.64821594963238,2907600
2013-02-04,51.17094802856445,52.00614490469256,51.14857180708072,51.90174529517655,2098700
2013-02-05,51.34992980957031,51.63329943080016,51.19333035920487,51.63329943080016,1798500
2013-02-06,51.56618881225586,51.93904627917115,50.962155847092745,51.111302247470924,5516500
2013-02-07,51.290260314941406,51.596006097623786,50.842832596528865,51.596006097623786,2231900
2013-02-08,51.45432662963867,51.57364374111859,51.1560395402919,51.342468259964505,1178100
2013-02-11,52.6251106262207,52.71459848000616,51.566196625187224,51.59602590978238,2315000
2013-02-12,53.42302322387695,53.43048196704671,52.27462141795934,52.55799676486941,2820400
2013-02-13,53.60197448730469,54.250748371668706,53.32606366941761,53.51249235798004,2022600
2013-02-14,53.669097900390625,53.69146843527555,53.08744123597157,53.33352280905852,1497700
2013-02-15,53.31862258911133,53.57962170167675,53.05762347654591,53.57216295864518,1934800
2013-02-19,54.58631896972656,54.63106572475283,53.452835020949856,53.60943444016131,2465700
2013-02-20,53.877906799316406,54.75039195228259,53.79587769713801,54.5192221312455,2386200
2013-02-21,53.35590362548828,54.09415978699418,53.24404525208358,53.87790178223928,2548000
2013-02-22,54.519203186035156,54.668343853068045,53.23657296788597,53.460289657787065,2338200
2013-02-25,53.27389144897461,54.810062817553245,53.266432704551455,54.69820440862601,2690700
2013-02-26,53.19929885864258,53.44538614397165,52.81898835151937,53.37827453307459,1879200
2013-02-27,54.21344757080078,54.466993485904474,53.06505212675991,53.191822239636394,2927100
2013-02-28,54.47447967529297,55.02630714833376,54.15382201744084,54.33279201341419,2420200
2013-03-01,54.99646759033203,55.25746663763598,53.84806609284212,54.14635315662629,3252900
2013-03-04,55.384212493896484,55.48115901847403,54.593756957587416,54.817473579620184,2429700
2013-03-05,56.14487838745117,56.256736766067114,55.42899272940404,55.55576290347048,2617300
2013-03-06,55.4811897277832,56.45807442671687,55.212731908490206,56.294016238331906,1871200
2013-03-07,54.72799301147461,55.585565923246065,54.51919383769042,55.57810718436783,2507400
2013-03-08,55.757102966308594,55.87642008632677,55.0635878519249,55.0635878519249,2202700
2013-03-11,55.94352340698242,56.08521104366371,55.58558347869111,55.630324547389385,1749300
2013-03-12,55.54084777832031,56.167245558051164,55.29476049798899,55.928617019674675,1486300
2013-03-13,55.406620025634766,55.78693053296726,55.10087418199344,55.68253090083443,1773600
2013-03-14,55.973350524902344,55.973350524902344,55.22763573212996,55.59304007692213,1410500
2013-03-15,56.390953063964844,56.390953063964844,55.58557974537218,55.8092907631909,2775200
2013-03-18,56.010623931884766,56.53262187493973,55.72725443270506,55.80927780431294,1774700
2013-03-19,56.26417922973633,56.71161265998944,55.630322789347616,56.450607929224326,1436500
2013-03-20,56.68922805786133,56.86820367924947,56.38348799435516,56.49534633538485,1710600
2013-03-21,55.824214935302734,56.71907049253227,55.74218584546553,56.40587161643722,1997700
2013-03-22,55.66762161254883,56.286566380458275,55.51847521039104,55.92862070463308,2103300
2013-03-25,55.466270446777344,56.19707352881068,55.22018886152548,56.06284462351284,2461700
2013-03-26,56.48788070678711,56.48788070678711,55.69742505478276,55.816736431806596,1474200
2013-03-27,56.88311767578125,56.994976021149135,55.79437487219416,56.06283262533638,1590200
2013-03-28,57.479705810546875,57.73324614545048,56.704161632457264,57.047189803455005,1795900
2013-04-01,56.76380157470703,57.420028422801145,56.67431376795957,57.375287364103066,1655100
2013-04-02,56.86075973510742,57.666133172865806,56.674331014664446,57.099388269700306,1578100
2013-04-03,56.047943115234375,57.0844865282904,55.79439705231741,56.942798855208736,2420600
2013-04-04,55.078487396240234,55.66014394348598,54.65343025099514,55.48863275101689,4070300
2013-04-05,55.57066345214844,55.77946837167043,53.88535212900616,54.235838989370535,3132900
2013-04-08,56.19706344604492,56.294004314396474,55.436431222710645,55.51846029952811,1637000
2013-04-09,55.466270446777344,56.48790187539715,55.44389991078654,56.22690280658275,2612800
2013-04-10,56.54755401611328,56.55500706769607,55.652692852524254,55.72726888317094,1816800
2013-04-11,56.81601333618164,57.069553641324724,56.01063997392858,56.40586791391781,2032600
2013-04-12,57.27836227416992,58.22542342662302,56.95770462489617,57.24853299408011,2192900
2013-04-15,55.264930725097656,56.90550120058957,55.24256018878642,56.88313066427834,3155100
2013-04-16,56.5773811340332,56.69669253768606,55.4662620404947,55.69743748585384,1919100
2013-04-17,54.96664047241211,56.17470056794469,54.76529996783305,56.17470056794469,2225300
2013-04-18,55.078487396240234,55.39168620024155,54.49683084899449,55.138145936817125,1824200
2013-04-19,55.74217987060547,55.86149696643499,54.7056367803337,55.093405963075085,1737200
2013-04-22,55.973350524902344,56.301466854314945,55.27238248845591,55.74218075973566,1344000
2013-04-23,56.555023193359375,56.927880695497095,56.338770848751,56.39097067147612,1398300
2013-04-24,55.86894989013672,56.86075191188029,54.92935336471337,56.86075191188029,2799300
2013-04-25,56.555023193359375,56.726540147658476,55.89133729470256,55.928625320657915,1934900
2013-04-26,56.34624099731445,56.83841578034679,56.137441643066445,56.56249909688724,1767800
2013-04-29,57.12177658081055,57.57666325538968,56.34623217971422,56.413349498422605,1665600
2013-04-30,57.733211517333984,57.86744034628876,56.689210146502404,56.98749706521854,2709800
2013-05-01,56.442264556884766,57.74824666275099,56.2246065989078,57.68069309973456,2319000
2013-05-02,57.39549255371094,57.500570803976686,56.209602899185896,56.58488400051647,1807200
2013-05-03,58.4012565612793,59.13681020830383,57.913395598640605,57.913395598640605,2223200
2013-05-06,58.40873336791992,58.83655346976192,58.25862326164794,58.35619425809138,1315800
2013-05-07,58.85159683227539,58.91163746848439,58.213614251319996,58.416269293326344,1865000
2013-05-08,59.36946487426758,59.38447932400354,58.3712158412117,58.72398096765511,1573100
2013-05-09,58.986690521240234,59.549612266403884,58.829073119754746,59.45204122538985,1478900
2013-05-10,59.30193328857422,59.30193328857422,58.81406661241998,59.03923760951773,1408200
2013-05-13,58.84408187866211,59.27190213453261,58.5288471061966,59.10677752238337,1115900
2013-05-14,60.082515716552734,60.09001721675456,58.551367903982324,58.851593975800526,1598500
2013-05-15,60.315185546875,60.3902406299413,59.65469279902144,59.87235082201298,1571900
2013-05-16,59.54210662841797,60.1875906427901,59.29441970343747,60.00745157389389,2071600
2013-05-17,60.21759796142578,60.28514579971999,59.33193448145169,59.594630063152856,1324400
2013-05-20,60.232608795166016,60.63791301814408,59.902359637257725,60.217600072685826,1899000
2013-05-21,60.029991149902344,60.7955623787875,59.99996796280171,60.3001883811332,1179000
2013-05-22,58.416259765625,60.18007986177596,58.273651109423454,60.12003350902422,3882600
2013-05-23,58.131038665771484,58.29616326191261,57.19283593891051,57.79328797463553,2460400
2013-05-24,58.27365493774414,58.39374765113718,57.643185371437916,57.99594483277454,1153900
2013-05-28,58.25114059448242,59.271905781174155,58.206108688884115,59.13680433804331,2185400
2013-05-29,57.710723876953125,58.416254137978996,57.470544215419714,57.81580212097806,2353800
2013-05-30,58.37123107910156,58.82907456787839,57.77829186544264,57.913393316660986,1895200
2013-05-31,57.48554992675781,59.02420456073811,57.463033979408706,58.0484715158236,2639800
2013-06-03,57.845829010009766,58.01095361160803,56.93764942755449,57.8007971100594,2036200
2013-06-04,57.79330062866211,58.221120936729925,57.403010728420135,57.763277447668685,1769500
2013-06-05,56.77252197265625,57.59813921281813,56.577374205453836,57.50056819238438,2526000
2013-06-06,57.65067672729492,57.65067672729492,55.58663082130305,56.64492619810684,1875000
2013-06-07,58.101036071777344,58.81406803595118,57.793302750051154,57.853349114242086,2275900
2013-06-10,58.528865814208984,58.58140495974671,58.01097586081041,58.506344129260775,2254200
2013-06-11,57.42552185058594,58.453788512991274,57.38799144591804,58.04848419318826,1996600
2013-06-12,56.780025482177734,58.13103386139935,56.712471913732664,58.04097007191863,1820000
2013-06-13,57.79330062866211,57.84583976381653,56.47981652346524,56.750019426069784,1576800
2013-06-14,57.17031478881836,58.1010159321585,57.14029161712986,57.53809434725166,1924600
2013-06-17,57.38795852661133,57.748230735219465,56.99016166119624,57.455512070995816,1440900
2013-06-18,57.81581497192383,58.04098595993251,57.32794831546241,57.4780642162469,1473600
2013-06-19,56.62992477416992,58.078510281352976,56.60740882077546,57.86084652131307,2070500
2013-06-20,55.15131759643555,56.05949724736708,54.83607709400844,55.87935818131284,3997900
2013-06-21,54.71599197387695,55.571632524612546,54.28817169850916,55.571632524612546,3510900
2013-06-24,52.88462829589844,54.13806618359445,52.742019601325,54.12305745453578,3352000
2013-06-25,54.415748596191406,54.48329643201532,53.20734323822443,53.38747652675555,2338300
2013-06-26,55.05372619628906,55.72172597450114,54.565859709890525,54.986178359234266,2341900
2013-06-27,55.1588134765625,55.81180464022769,54.78353238335298,55.481555445776095,2396500
2013-06-28,54.52833557128906,55.316422309574236,54.51332112313078,55.01620206241845,3102300
2013-07-01,54.49834060668945,55.09128563646635,54.22063043537507,54.78355227963119,2028000
2013-07-02,54.22060012817383,55.03120850512508,53.88284950094444,54.3932319168396,2011200
2013-07-03,53.78530502319336,54.22813409623726,53.67271951648054,54.085525405978565,1530100
2013-07-05,54.28818130493164,54.625932103969355,53.74026821781481,54.355729174204455,1923200
2013-07-08,54.68595504760742,55.023705701971764,54.12303347277726,54.40074351117385,1349000
2013-07-09,55.83431625366211,55.9544089428039,55.038722230268846,55.06123817789928,2070800
2013-07-10,55.106292724609375,55.59415945370004,54.58840853722918,55.496588398416684,2443900
2013-07-11,56.24711608886719,56.3296783640036,55.7667568842554,55.99192204035463,1791500
2013-07-12,56.442264556884766,56.682444186756584,55.811795175846505,55.93938935158033,1569200
2013-07-15,56.76502227783203,57.03522515246873,56.38223964404308,56.38223964404308,1189500
2013-07-16,57.1628303527832,57.43302752596004,56.562378192457324,56.802557911320434,2041300
2013-07-17,57.39549255371094,58.04097650610633,57.20034477764519,57.575625878975764,1704600
2013-07-18,58.27365493774414,58.36372447278892,57.237881053240024,57.48556225352561,1704900
2013-07-19,58.60389709472656,58.67895216836376,58.153560926568325,58.29616384857848,1669500
2013-07-22,58.07851028442383,58.69397115802794,57.83833057097676,58.641432024659395,1457900
2013-07-23,57.695716857910156,58.318679115509674,57.635670509169124,58.318679115509674,1807300
2013-07-24,56.03696823120117,57.02770995817485,54.385728202022165,56.066985675542966,6425000
2013-07-25,55.59413528442383,55.93188594354665,55.24137017634675,55.91687722092686,2469700
2013-07-26,55.481563568115234,55.57914033148909,54.93365629856492,55.45904761544,1457800
2013-07-29,55.4365234375,55.80429730474497,55.26389161537725,55.44403066272317,1168200
2013-07-30,55.20387268066406,55.916904745949985,54.881130585291665,55.78180327053044,1830900
2013-07-31,55.3021240234375,55.846371875946154,55.211413164464844,55.54401388025549,1831100
2013-08-01,57.44887924194336,57.53959007479985,55.89926900817955,55.906829686027784,3025400
2013-08-02,57.07096862792969,57.86467314748069,56.91978956092556,57.43380646269602,1848500
2013-08-05,56.55692672729492,57.17676985541225,56.39818704697198,57.06338272172181,1220500
2013-08-06,55.884159088134766,56.67786309659197,55.78589333457001,56.307464816854335,1511900
2013-08-07,56.005104064941406,56.103375590798414,55.46085628520833,55.785896277510375,1346600
2013-08-08,56.247005462646484,56.43598208774538,55.8539308528598,56.22432342326312,1317600
2013-08-09,55.92194747924805,56.32257687307096,55.61202314539586,56.32257687307096,1294800
2013-08-12,56.20164108276367,56.23943871054592,55.45329534296323,55.63471126867976,923100
2013-08-13,56.15628433227539,56.36037651251425,55.71029657974178,56.141162975453035,1006700
2013-08-14,55.76322555541992,56.027797470619404,55.70275741236328,55.853936420669136,1628400
2013-08-15,55.59695053100586,55.7934821575881,54.803246040131754,55.143401812156924,1634300
2013-08-16,55.93708419799805,56.13362151402484,55.44574379148567,55.62715974706697,1706200
2013-08-19,55.14336395263672,55.891715364678426,55.12068768568531,55.801004529765244,1147200
2013-08-20,55.196292877197266,55.596928186781334,54.9241718292086,55.25676678435439,1469500
2013-08-21,54.818328857421875,55.19628205236774,54.712502424205674,55.16605087182718,1785400
2013-08-22,55.74809646606445,55.92951238553663,54.84101110159546,54.9317161777775,1055900
2013-08-23,56.28480529785156,56.30748157333717,55.498661734061876,55.793464849594294,1215700
2013-08-26,56.42841720581055,56.69298330782537,56.22431923632163,56.32259076500462,1768300
2013-08-27,55.0980110168457,55.9143912237869,55.0450978053092,55.68761702171184,1507900
2013-08-28,55.24163818359375,55.46085172008911,54.5537606276489,55.045100915165534,1090900
2013-08-29,54.95441436767578,55.32481280019493,54.85614857357848,55.09803848506527,1082300
2013-08-30,54.54621505737305,55.16605814815643,54.31944080365108,55.16605814815643,1322300
2013-09-03,54.85613250732422,55.46841490489459,54.33455519555171,55.09802234796636,1283500
2013-09-04,55.891719818115234,56.06557505666711,54.90903921313255,54.90903921313255,1400900
2013-09-05,56.035335540771484,56.25454907389968,55.732977615043524,55.846358953637626,1181500
2013-09-06,56.23188018798828,56.942434094363605,55.73298493135876,56.03534289677858,1431300
2013-09-09,56.67031478881836,56.79881751778714,56.1109455584589,56.549366973005895,1181100
2013-09-10,57.705909729003906,57.79662060133412,57.0785116051606,57.0785116051606,1805000
2013-09-11,57.69078063964844,57.82684403276281,57.10873520455886,57.705896231279546,1728600
2013-09-12,56.99535369873047,57.751260231161616,56.89708215856456,57.72102327781127,872300
2013-09-13,57.17676544189453,57.40353969177054,56.89707796932863,56.995349502258975,890400
2013-09-16,57.78150177001953,58.144333704799486,57.68323022205484,57.89488314519475,2170800
2013-09-17,58.098968505859375,58.14432104605565,57.38085970624597,57.7058939337971,1381400
2013-09-18,58.824623107910156,59.066512872964125,57.81926642901742,58.13675143142511,1589500
2013-09-19,59.089210510253906,59.3386610426924,58.83975997781541,58.90023388272941,1181000
2013-09-20,58.749053955078125,59.58054994956646,58.59786919519276,59.27063128424205,1762800
2013-09-23,59.04386901855469,59.11945853029358,58.48449971115478,58.50717598796544,1496100
2013-09-24,59.17236328125,59.62590605376572,58.52984387292697,58.998508005888446,1890500
2013-09-25,58.854888916015625,59.648593160663005,58.658351583292614,59.27819477070237,1816700
2013-09-26,59.18750762939453,59.263097159653654,58.66593006651708,58.91538070677251,1108500
2013-09-27,58.801971435546875,59.225277259648394,58.42401815913928,59.028739941125835,1072100
2013-09-30,58.46937561035156,58.76417872930432,58.121659258948554,58.22748572384904,2043300
2013-10-01,59.13456726074219,59.54275169035898,58.37110009091597,58.4844872178579,1706200
2013-10-02,59.35378646850586,59.36890783079401,58.6281167906432,58.885128045552236,1843100
2013-10-03,58.4845085144043,59.263091560018516,57.894896393026706,59.225293914904626,2258500
2013-10-04,58.590293884277344,58.643207090038224,57.75123750213559,58.28793023688363,2053700
2013-10-07,58.068729400634766,58.658335469728094,57.826839583388576,58.136763975511464,1513400
2013-10-08,57.65297317504883,58.23502427795653,57.50935489417264,58.06116328475995,2100500
2013-10-09,58.11408615112305,58.32574480277363,57.60006953133163,57.69834106137511,1665700
2013-10-10,59.6864013671875,59.83758619031964,58.76419413097104,58.771754813905474,1573100
2013-10-11,59.527626037597656,59.90557921878875,59.512510447877474,59.68636568164497,1321200
2013-10-14,59.76194381713867,59.79218075794565,59.11186400755552,59.24037244776188,1152900
2013-10-15,59.520084381103516,59.83000885694021,59.3159921355623,59.678824075882176,1785300
2013-10-16,60.40449142456055,60.4498439692669,59.38401303179606,59.78464255565936,2504500
2013-10-17,59.35378646850586,59.59567636112674,58.55252728053228,59.59567636112674,2665600
2013-10-18,60.38934326171875,60.464932725049366,59.671234709418314,59.72414791046039,2288600
2013-10-21,60.4725341796875,60.4725341796875,60.02655200832523,60.38938398382161,1374000
2013-10-22,60.926048278808594,61.06211164718274,60.215500259172536,60.215500259172536,2397600
2013-10-23,65.05332946777344,65.4464041856529,62.25647695403873,62.25647695403873,5226100
2013-10-24,66.42149353027344,66.46684606612644,63.88920262580212,64.03282667881368,3359700
2013-10-25,66.25519561767578,66.45173289202913,65.89235801633944,66.34590069267884,2289200
2013-10-28,66.60291290283203,67.0791318553659,66.14180954066559,66.33834681809098,1834500
2013-10-29,66.51221466064453,67.26812119860833,66.42150956703877,66.82213910942211,1949400
2013-10-30,65.78980255126953,66.80874152313868,65.5768914888647,66.70228599193626,2254100
2013-10-31,65.40962982177734,66.04076344929837,65.31077987344266,65.61494114706431,1804900
2013-11-01,66.15482330322266,66.41335660962378,65.58452310233281,65.6985843027895,2027400
2013-11-04,66.03314971923828,66.82396661305702,65.78222206558064,66.50459992557053,1651000
2013-11-05,65.72137451171875,66.10918014956013,65.59210789956889,65.85064112386861,1574400
2013-11-06,65.74419403076172,66.10158301729653,65.25753841546954,65.84304395838926,1839800
2013-11-07,64.9990463256836,66.41338611495392,64.80894617426493,66.0864194238542,1763600
2013-11-08,65.10546875,65.21192431640254,64.63401852636494,65.05224096679872,2090600
2013-11-11,65.66815948486328,66.04835957182918,64.94578164018522,64.96098709105097,1492600
2013-11-12,65.88866424560547,65.96470308888777,65.3335696670001,65.6301252167754,1511300
2013-11-13,66.62625885009766,66.64906992487474,65.41721967438095,65.56169754982564,1382100
2013-11-14,66.41336059570312,66.80877200749948,66.36013280581446,66.72512750890388,1636500
2013-11-15,66.26886749267578,66.62625645504914,66.0027286275229,66.37532303873694,1320400
2013-11-18,66.32970428466797,66.73271541557608,66.11678738025934,66.1548097063947,1018200
2013-11-19,65.62252807617188,66.36011126769482,65.37920028688576,66.36011126769482,1270700
2013-11-20,65.43243408203125,66.02554526042027,65.27274494810253,65.78221744873778,1185800
2013-11-21,66.0179443359375,66.23846108744581,65.21952181500717,65.64534986682011,1443100
2013-11-22,66.24604797363281,66.30687556263331,65.70616468703528,66.00272021345658,890300
2013-11-25,66.17001342773438,66.48178025000257,66.11678565337058,66.26886915254737,710100
2013-11-26,66.13961029052734,66.3677268639727,65.73659332146053,66.32210470956223,918500
2013-11-27,66.66429901123047,66.81638256598879,66.00275440256362,66.147226527841,1079100
2013-11-29,66.67950439453125,67.2345933666744,66.2612819075243,66.6034597231526,907200
2013-12-02,67.10533142089844,67.57678173014777,66.45899227853975,66.6871089045164,1501200
2013-12-03,66.75555419921875,67.08252661496645,66.35254290103099,66.85440416625136,1463400
2013-12-04,66.29930114746094,67.06730124025825,65.81264544060959,66.557834453616,2763400
2013-12-05,67.0444564819336,67.66798415570646,66.07875118039648,66.37530667149635,2381800
2013-12-06,68.18509674072266,68.24593015994077,67.48552982389687,67.7060466175169,1570400
2013-12-09,68.80863952636719,69.23446775073285,68.35240038727115,68.52729505464559,2520400
2013-12-10,68.26876068115234,69.16603356523606,68.2003274160914,68.8086443773067,1102500
2013-12-11,66.96084594726562,68.26112971333262,66.89241270760647,68.04061874016844,1681800
2013-12-12,66.5426254272461,66.94563661895818,66.42856423302355,66.7175142305131,1343900
2013-12-13,66.89241790771484,67.34865694509085,66.52742319697758,66.69471219767406,765400
2013-12-16,67.98738861083984,68.31435514647085,67.45510495912445,67.5463550769197,1408000
2013-12-17,67.79730987548828,68.13188214319045,67.59960412544021,67.94178202236604,1790200
2013-12-18,68.99869537353516,69.03671769464171,67.43227320732538,67.873306606038,1472900
2013-12-19,68.82383728027344,68.83904273465497,68.05583130263543,68.70217043964418,1453600
2013-12-20,69.43972778320312,69.95680001537241,68.64891108686236,68.79338894333942,2850100
2013-12-23,69.82754516601562,70.21534505440094,69.68306728520977,69.93400071985386,1695600
2013-12-24,70.10889434814453,70.26097786513802,69.72109443294532,69.79713329074558,414300
2013-12-26,70.61837005615234,70.84648663981834,70.19254199080132,70.2609810268764,1054100
2013-12-27,70.207763671875,70.80087499945225,70.04047467150315,70.68681378998106,743400
2013-12-30,69.92637634277344,70.48907066236846,69.75908743120412,70.19251515600142,855500
2013-12-31,70.58794403076172,70.74002173312496,69.9948328695956,70.03284939449017,892100
2014-01-02,69.43212890625,70.40544007282793,69.24963451286467,70.2077402305739,1319900
2014-01-03,69.47777557373047,70.35983688055684,69.30288095696486,69.80474792572326,1016100
2014-01-06,68.43602752685547,70.0632837172714,68.3980051910052,69.56902235818755,1690200
2014-01-07,68.84664154052734,68.99871927485027,68.49685811046966,68.74018596622255,1672400
2014-01-08,68.36759185791016,68.91507518552613,67.82010272890044,68.84664194509679,1435900
2014-01-09,69.43212890625,69.48535667937873,68.48162881367121,68.6641290084487,1451200
2014-01-10,69.64502716064453,69.82752732178058,69.02149944690744,69.19639398431505,892900
2014-01-13,68.58048248291016,69.98722141753098,68.36757139676975,69.68306023673382,1284300
2014-01-14,69.01393127441406,69.32569237356094,68.20030320407311,68.6261255058908,1421800
2014-01-15,69.31808471679688,69.33329016811813,68.74778456926401,69.06715125954807,1344300
2014-01-16,66.73274993896484,67.66043948322937,66.26129953739233,67.28783905879824,3841300
2014-01-17,67.66800689697266,68.34476255808895,66.61865679130074,66.63386224150207,2862300
2014-01-21,67.45508575439453,68.23829685462498,67.10530243785432,67.87330809014468,2420300
2014-01-22,70.67160034179688,72.04792292325162,69.43214423455257,69.60703884281051,5877200
2014-01-23,71.21910858154297,72.31408127921125,70.89973598505284,71.33316400736622,3194600
2014-01-24,68.13947296142578,70.0632848377804,68.12426170628483,69.97203471111676,3062500
2014-01-27,68.67935180664062,69.32569087258966,67.97978495411681,68.28394622085565,2963400
2014-01-28,69.39410400390625,69.95679836637662,68.51964286404825,68.61849277323894,1660000
2014-01-29,68.2839584350586,69.02154195198803,67.92656931781747,68.83904747985872,2195200
2014-01-30,70.53474426269531,70.92254429812677,68.90748783541004,68.92269329112715,2081300
2014-01-31,70.40547180175781,70.93014994575825,69.43216019654727,69.59184358789636,2540900
2014-02-03,68.11663818359375,71.24948269106444,68.02538808867433,70.8160548926332,2960800
2014-02-04,69.79714965820312,70.3370332169987,68.1166655607535,69.44736618918321,8301200
2014-02-05,70.18724060058594,70.46260512616202,68.77217646598534,69.90422543937576,3272900
2014-02-06,71.57170104980469,71.70938329916807,70.12604034935143,70.29431930254273,2505500
2014-02-07,72.4666519165039,72.6119848391885,70.9827493206433,71.67115491378351,2643400
2014-02-10,71.07451629638672,72.3977960446452,70.92918924485144,72.29835529621485,2522800
2014-02-11,71.21983337402344,71.7170194986341,71.1050972166943,71.3269188980044,2345500
2014-02-12,71.59466552734375,71.6558589507338,70.883308028681,71.48757995427418,2372000
2014-02-13,70.7303237915039,70.94449491791738,70.34022304797905,70.80681264583365,2076300
2014-02-14,71.0133285522461,71.25045157180537,70.53909418457782,70.69972251901952,1847000
2014-02-18,69.9118881225586,71.04393729102912,69.16993390277293,71.03629248980276,3351700
2014-02-19,69.08577728271484,70.03425177935873,69.05518057821347,69.72064577073783,3099700
2014-02-20,69.6212158203125,69.96542442254562,68.94045508781493,69.20817483479367,2112100
2014-02-21,69.2005386352539,70.09547068345584,69.07050697062151,69.80481063856107,2484200
2014-02-24,69.81241607666016,70.40904294144444,69.15460748656703,69.49881013080255,2309700
2014-02-25,69.33052062988281,69.76651330273306,68.77979181455143,69.69002448631984,2149800
2014-02-26,69.36880493164062,70.13370517493325,69.16992923438133,69.41469707880594,1680600
2014-02-27,69.30762481689453,69.38411368876255,68.65746065242605,69.15464707315849,1929200
2014-02-28,70.30197143554688,70.73796426186772,69.27700226050551,69.36879237394531,1923400
2014-03-03,70.18724060058594,70.46260512616202,69.52942599345698,69.57531813581129,2409100
2014-03-04,72.0153579711914,72.61197921811424,70.9980392626047,71.08217875493747,2544100
2014-03-05,71.89295959472656,72.85673536585257,71.7093852026108,72.2524635795916,2337400
2014-03-06,72.28307342529297,72.5201906347056,71.7552903868189,72.13009571000593,1647800
2014-03-07,72.12244415283203,72.71906540485126,71.8623750372931,72.71141476846684,2314500
2014-03-10,72.2295150756836,72.48193350366343,71.48756106141079,72.11477889608143,2100700
2014-03-11,73.23918151855469,73.42275590089079,71.7170320170805,72.22951366211952,2883600
2014-03-12,73.49925994873047,73.81287184268187,72.58138201140187,72.99442883391742,2037900
2014-03-13,72.84906768798828,74.11880437274012,72.5890045129755,73.81284323364252,2058200
2014-03-14,72.30599975585938,72.91027148698056,71.91589910195093,72.77258924652605,2058600
2014-03-17,73.30038452148438,73.82051686930573,72.60432256725241,72.64256990995368,1277300
2014-03-18,73.93525695800781,74.11118073796428,73.24684560318246,73.47631216430726,1531700
2014-03-19,74.4247817993164,74.87607005556185,74.0652778198804,74.17236336664116,2948200
2014-03-20,74.18004608154297,74.287131674614,73.59106948392508,74.15709416669019,1499500
2014-03-21,73.7899169921875,74.89137505454224,73.69812687508298,74.82253100778262,2904500
2014-03-24,73.85111236572266,74.31005129198893,73.1321043519463,74.095880182113,2004500
2014-03-25,74.48597717285156,74.9831634552966,74.30240276428232,74.45538046546915,1978400
2014-03-26,73.46099853515625,75.02904007288763,73.44569726676869,74.68483739857987,1441200
2014-03-27,72.86436462402344,73.69810269689616,72.80317123269617,73.3615507160422,1313700
2014-03-28,73.69813537597656,74.08058548777274,72.99442857084576,73.19330426298292,1168900
2014-03-31,74.32533264160156,74.67718594624831,73.80520040087941,74.0576188049925,1524300
2014-04-01,75.02142333984375,75.03671877822929,74.01175517033809,74.57777976222239,1202500
2014-04-02,74.71544647216797,74.96786492084581,74.33299639928335,74.86842416703182,1957700
2014-04-03,74.55481719970703,74.63895668153638,73.4916064773814,74.07292637909799,1382300
2014-04-04,73.91996002197266,75.05201496472792,73.78227774293116,75.0061169812302,1359400
2014-04-07,73.33859252929688,74.26412060980377,73.20856096066787,73.39978591537728,1507900
2014-04-08,72.87203216552734,73.476303963109,72.7190544751857,73.03266632682832,1420100
2014-04-09,73.64458465576172,73.66753072628008,73.06325891448823,73.21624244415229,1463500
2014-04-10,72.28307342529297,73.75168050066125,72.26777798805458,73.55281063793326,1507000
2014-04-11,71.25043487548828,71.90824933042107,70.89858158215368,71.79351316535627,2575800
2014-04-14,71.74762725830078,71.93120163689673,71.14335551654298,71.8241160964054,1875900
2014-04-15,72.27539825439453,73.0402982426303,71.38811730261742,71.80116399655158,3036300
2014-04-16,72.85672760009766,72.90261973430381,70.30196431007118,72.06123087142124,2456000
2014-04-17,73.63697052001953,73.8817384530813,72.72674286917652,73.10154249011188,1292100
2014-04-21,74.11119079589844,74.31006651111055,73.47632213608078,73.61400442573128,1205200
2014-04-22,74.1341323852539,74.56248050253704,73.71344074036047,74.1723797328469,1655000
2014-04-23,72.67317199707031,73.28508867551554,71.32694596732988,72.64257528778921,3488300
2014-04-24,72.74964141845703,73.1244407945088,72.15302033616776,72.87202238716364,1452300
2014-04-25,71.9235610961914,72.74965466939437,71.62525050071118,72.74965466939437,1472000
2014-04-28,72.09184265136719,72.3825026216734,71.28105032027993,72.07654721534068,1664100
2014-04-29,72.44367218017578,72.55840833762845,71.71701957584789,72.24479656297272,1257500
2014-04-30,72.72061920166016,72.82831879368975,72.15134909104833,72.5129145225138,1299900
2014-05-01,71.98983001708984,72.82834946086652,71.88981901867204,72.60525567795226,1342300
2014-05-02,71.98212432861328,72.28214553888705,71.72825842170805,72.06674629758169,1316600
2014-05-05,72.03599548339844,72.1360006267251,71.30517557397006,71.7667463519875,1109000
2014-05-06,72.1205825805664,72.77447468879261,71.68208967324409,71.83594456840741,2135800
2014-05-07,73.0514144897461,73.22835289247756,72.15904557852767,72.31290046588637,1152100
2014-05-08,73.46683502197266,73.85147813727095,73.02834210530014,73.02834210530014,1229900
2014-05-09,73.31298828125,73.65147026932829,73.08989454525022,73.55146516113065,1113900
2014-05-12,74.4361572265625,74.50539018862476,73.68225393647613,73.82072572979037,1037600
2014-05-13,75.06695556640625,75.37467124796191,74.52845165638671,74.67461792569306,1346000
2014-05-14,74.94389343261719,75.19006489102541,74.38231754430647,75.06698209641657,1031400
2014-05-15,74.1822509765625,74.71306020730863,73.5206645313152,74.71306020730863,1294900
2014-05-16,74.8823471069336,74.91311927206411,74.1361441119824,74.25153239473389,968700
2014-05-19,75.21309661865234,75.31310756421442,74.54382149281118,74.75922065373418,953600
2014-05-20,75.29004669189453,75.82854471415169,75.0207918115777,75.2361968896688,1500200
2014-05-21,76.02855682373047,76.17471721120006,75.33619806744208,75.39004786686519,1009000
2014-05-22,76.19011688232422,76.49783258030584,75.65161294355919,76.04395060521547,998100
2014-05-23,76.31319427490234,77.02863072800655,76.28242798953707,76.359355441327,2112900
2014-05-27,76.782470703125,76.9286369915495,76.6055381247904,76.80554835515218,1055200
2014-05-28,77.03633117675781,77.50559629882176,76.7363099832007,76.85170410438162,1024100
2014-05-29,77.72869110107422,77.7594632584239,77.13633734317331,77.29789263655638,934600
2014-05-30,77.5055923461914,77.95177979510227,77.24403782942963,77.55174764463442,1472300
2014-06-02,77.37480926513672,78.10562882503461,77.25172065296675,77.74406336327046,1215900
2014-06-03,76.06703186035156,76.98248449120422,75.80547731964454,76.64399662046426,2007900
2014-06-04,76.29780578613281,76.48243283132975,75.93624033194739,76.01316777834711,1191400
2014-06-05,77.30554962158203,77.37478841456652,76.38240875582301,76.405486397089,1562700
2014-06-06,78.28256225585938,78.42103400114425,77.25171573669691,77.40557649211772,1132400
2014-06-09,78.7749252319336,79.15187390876049,78.23642125299169,78.28258242610563,1333400
2014-06-10,78.40567016601562,79.27496757299674,77.88255516799508,79.18265109010267,1121300
2014-06-11,78.27487182617188,78.59797062559616,77.99023381571448,78.1594777208952,902700
2014-06-12,77.08248138427734,78.12871117392675,76.92862647899472,78.11332803107385,1121300
2014-06-13,77.82099914550781,77.94408189238844,77.259417605773,77.32865055042055,981700
2014-06-16,78.12870025634766,78.5287323448841,77.49019720637858,77.77482932829625,1391700
2014-06-17,78.08256530761719,78.32104220036692,77.51329504628436,77.94409352846172,1124900
2014-06-18,79.09800720214844,79.1518570016212,78.09793279001119,78.22102139977058,1345900
2014-06-19,79.35958099365234,79.52881905693046,78.77492173672675,79.02109312871822,1068000
2014-06-20,80.3211898803711,80.38272832722019,79.3826596029515,79.58266982629183,1633300
2014-06-23,79.5057373046875,80.49042282185836,79.29033808145495,80.21347928650547,1228900
2014-06-24,78.56722259521484,79.72115226389383,78.53645043308063,79.35189805666285,1150500
2014-06-25,78.6979751586914,79.04415157704726,78.23639877530024,78.60565870817567,1365900
2014-06-26,78.19025421142578,78.82876320941702,77.82100009708051,78.76721890063004,2002300
2014-06-27,78.19793701171875,78.4441083408285,77.71328298905546,77.8286770834604,2032200
2014-06-30,79.25955963134766,80.45195563993865,78.67490045100983,78.982616117987,1853700
2014-07-01,78.89029693603516,79.81343796725855,78.82875263550358,79.39802274245176,1829600
2014-07-02,79.66728973388672,79.72113954173061,78.70568183011079,79.29803558558253,1664300
2014-07-03,79.88270568847656,80.2288881278215,79.60576795386673,79.86732254123883,782500
2014-07-07,79.4134292602539,79.88268851499778,79.24418533107308,79.68267829795575,1190400
2014-07-08,78.99800872802734,79.61343422082832,78.667215398066,79.37495735592194,1393800
2014-07-09,79.54420471191406,79.87499805617264,79.10571175503071,79.4518882428691,963000
2014-07-10,78.7825698852539,79.02104663020891,78.33638266569864,78.65948132709293,1365400
2014-07-11,79.96733093261719,80.05195291885114,78.69801287748861,78.81340115945278,1356000
2014-07-14,80.3365478515625,80.81350734762044,80.17499847447525,80.17499847447525,1032200
2014-07-15,80.2750244140625,80.85968364676744,80.05962518864192,80.05962518864192,2011100
2014-07-16,81.00584411621094,81.05969391870644,79.98269199960811,80.38271826540495,1122900
2014-07-17,80.29810333251953,81.1366284666544,80.25964253833754,80.39811430960803,1479500
2014-07-18,81.68280792236328,81.7135800742784,80.49041197970062,80.51349549552786,1152900
2014-07-21,81.71357727050781,81.82897136893314,81.17507343425217,81.3289341885485,1148500
2014-07-22,82.78290557861328,82.93676050276939,81.85206978833384,82.29056277828678,1696100
2014-07-23,82.1905517578125,83.72912447542805,81.58282069924078,83.40602561333418,1922400
2014-07-24,82.91370391845703,83.313736213609,82.22134484545603,82.45982766843954,1673300
2014-07-25,82.69824981689453,82.99827090483484,82.4059232327746,82.79825488981238,989100
2014-07-28,81.02888488769531,82.62130645869755,80.7904022687319,82.3366685640831,1650800
2014-07-29,79.59033203125,81.08274880893516,79.57494889307824,80.96735473049381,1879800
2014-07-30,80.17823791503906,80.48765824341494,79.81466947182506,80.07767291483832,1663400
2014-07-31,78.63886260986328,80.03124493937885,78.55377189008337,80.03124493937885,1341700
2014-08-01,78.28306579589844,78.9173750053678,77.47084382739092,78.54607522025113,1581100
2014-08-04,78.4145736694336,78.45324753373092,77.24651437630668,78.29080313959332,2143200
2014-08-05,77.8885726928711,78.8400337050217,77.71065400430466,77.84215578619464,1741700
2014-08-06,77.4244155883789,78.01231371403094,77.06858422071403,77.3393307389333,1662800
2014-08-07,77.35479736328125,78.2056989539368,77.16914750208612,77.41668261758052,1764300
2014-08-08,78.4145736694336,78.46872180081279,77.21557174384661,77.42442713582246,1720800
2014-08-11,79.55168151855469,80.00034082025908,78.43777629925509,78.5228670599819,1467900
2014-08-12,79.25,79.70639644509673,78.9096428512385,79.11849824021252,1053500
2014-08-13,79.85337829589844,79.96167456499897,79.28094841441957,79.28094841441957,903000
2014-08-14,80.4258041381836,80.51089490897657,79.83016874263282,79.89979114678351,914200
2014-08-15,80.82803344726562,80.97500946413825,80.08542803339371,80.79709081730806,1178200
2014-08-18,82.01929473876953,82.10438549219535,81.23027836356087,81.57063547556119,1358100
2014-08-19,82.05799865722656,82.45250401011849,81.84140609445342,82.12761516595877,1103000
2014-08-20,82.2745590209961,82.70774397701095,81.98061292965778,82.08117203681769,2115600
2014-08-21,81.36177825927734,82.47568925937789,80.61917289311127,82.43700949898997,2992200
2014-08-22,81.5938491821289,81.90326367421115,81.25348615879469,81.30763428507939,1155400
2014-08-25,81.64797973632812,82.05795916163511,81.51647211362248,81.95739416181893,590200
2014-08-26,81.63253784179688,82.04251742966308,81.61706947506978,81.90327852230246,916600
2014-08-27,82.63040161132812,82.71549236808536,81.99609245294891,82.10438870669391,1238600
2014-08-28,82.44477844238281,82.59174860481852,82.08120980058506,82.25139136923124,815900
2014-08-29,82.76963806152344,82.76963806152344,82.22041967604852,82.61493081835133,699300
2014-09-02,82.77737426757812,83.44262602883676,82.49115937904031,82.76963713499522,1317100
2014-09-03,83.5122299194336,83.92220935893903,83.03262810059024,83.03262810059024,1267700
2014-09-04,83.97638702392578,84.48693164637375,82.46023332656245,82.46023332656245,1731700
2014-09-05,84.7422103881836,84.78862139312649,83.77527510717604,84.06148417326334,1808300
2014-09-08,84.03828430175781,84.85824358644793,83.6747156674654,84.63391977972346,1365000
2014-09-09,84.14657592773438,84.47146476951833,83.6360371623174,84.03827964713973,1240100
2014-09-10,83.53546905517578,84.41731353726412,83.34981913834257,84.21619525307165,1485400
2014-09-11,84.03828430175781,84.04602143700158,83.1873823777976,83.311147033173,888600
2014-09-12,83.4581069946289,84.25486062159337,83.20283469617316,84.11562172259057,867300
2014-09-15,83.67469787597656,83.84487940492444,83.017183160981,83.59734424510127,889200
2014-09-16,84.4482650756836,84.51788749040048,83.1873834924829,83.6437741489961,1550500
2014-09-17,86.45947265625,87.08605066023742,84.68031548257343,84.68031548257343,2894900
2014-09-18,86.75343322753906,86.97776291740823,86.37439625582438,86.51362926846265,1255500
2014-09-19,86.63735961914062,87.37222771951514,86.59094863646065,87.17884075607955,1668700
2014-09-22,85.86383056640625,87.10924335576694,85.82515080456898,86.70699507879043,1496000
2014-09-23,85.1366958618164,85.8251531490643,85.09028486770632,85.76327379081862,956900
2014-09-24,86.2119369506836,86.33570748462141,85.1676481528248,85.33009255234026,1226500
2014-09-25,84.93558502197266,85.92572566063679,84.61842746337045,85.92572566063679,1259400
2014-09-26,86.10365295410156,86.42081056623422,84.93559935756132,85.0593640074317,1151700
2014-09-29,86.18875122070312,86.27384200687726,84.95881224152193,85.36105476567718,956800
2014-09-30,86.32794189453125,87.72806756508568,86.02625869463157,86.21190853263862,2342300
2014-10-01,84.0459976196289,85.84062887678809,83.67469195531517,85.75553811833501,2396300
2014-10-02,85.1831283569336,85.3610411347383,84.16204498760163,84.51787644491534,2037200
2014-10-03,87.0009765625,87.10153571494112,85.593118919799,85.593118919799,2077600
2014-10-06,85.94891357421875,87.79769271070442,85.90250258555966,87.35677061333551,1802900
2014-10-07,83.736572265625,85.4770552919313,83.6824241408747,85.39970167110272,2112200
2014-10-08,84.43275451660156,84.5101081263081,82.17399606363873,83.721091864578,2322300
2014-10-09,81.55516815185547,84.23938073103056,81.33083851739124,83.99184560019125,2500100
2014-10-10,79.18038177490234,81.60158513561205,78.74719673955582,81.60158513561205,2683000
2014-10-13,79.8379135131836,86.05724209988793,79.52849303540485,82.25138615781214,5190100
2014-10-14,80.7970962524414,82.15854255364123,80.20146681537477,80.45673910341917,2164300
2014-10-15,81.37725830078125,81.76403235335474,78.74719946464445,79.71413459607818,2732500
2014-10-16,81.06781005859375,82.08889289658339,79.12620346984104,79.32732754599542,2743900
2014-10-17,82.41382598876953,82.93210186669104,81.84913320565943,81.98837211781641,1832500
2014-10-20,82.82377624511719,82.9475467461606,81.36177113633025,81.73307673775815,2054400
2014-10-21,84.9742660522461,84.98200318649229,83.70564751426461,83.85262355642118,2320700
2014-10-22,82.38286590576172,84.85048603129621,82.23588989024869,82.39060303860535,4253000
2014-10-23,83.44264221191406,84.11562533457268,82.76965318755134,83.35755144210829,2711200
2014-10-24,84.61841583251953,84.65709559346793,83.28018108822685,83.63601246248106,1496800
2014-10-27,84.59520721435547,84.9665069382632,83.89127572265541,84.37087759288082,1243300
2014-10-28,86.09589385986328,86.15777321392166,84.92783473960783,84.92783473960783,1596100
2014-10-29,85.61628723144531,86.61416479386028,84.63388393296376,86.188711061229,1515800
2014-10-30,84.73445892333984,85.39197362288651,84.3786275083111,85.02067384272765,2304700
2014-10-31,85.58535766601562,86.18872421404025,84.90463749162691,86.08042795678985,3024700
2014-11-03,84.6338882446289,85.82514695328007,83.96863650246108,85.47705271917721,2623600
2014-11-04,84.15428161621094,85.16762753527244,83.906746509963,84.64935182870683,2677800
2014-11-05,85.37516021728516,85.7795212369048,84.08430424286075,84.15429334080305,1765400
2014-11-06,86.09835052490234,86.4327283843014,85.14965027578,85.77952250261556,1699700
2014-11-07,87.76244354248047,88.95998246391781,87.03925464618348,88.59449907410935,2252100
2014-11-10,90.67073822021484,90.67073822021484,89.1621553381359,89.23213848136442,2620300
2014-11-11,90.69412231445312,90.96629497252219,89.98648882872664,90.63968896939724,1744700
2014-11-12,90.71742248535156,91.18399468969555,90.04088893274091,90.07976648897689,2025300
2014-11-13,89.77650451660156,90.91961040415762,89.55099923942119,90.88073284347982,1834000
2014-11-14,90.22750854492188,90.60076983463108,89.65206974220767,89.79981986791566,1028300
2014-11-17,90.07200622558594,90.375278494403,89.30993364446343,89.64431152197817,1236100
2014-11-18,89.7220687866211,90.52302482797283,89.30215198612605,90.03311892766794,1055400
2014-11-19,89.55876159667969,89.88536154876475,88.98332273832206,89.47322266644967,1151800
2014-11-20,89.7220687866211,89.76873016409031,89.06109094488903,89.07664671497477,875800
2014-11-21,89.70653533935547,90.33640768878628,89.17775178279965,90.33640768878628,1700700
2014-11-24,90.47632598876953,90.91957032807983,89.89310944058307,89.97087046045083,960300
2014-11-25,91.08290100097656,91.47949004881939,90.61632879146075,90.68631788592126,1168600
2014-11-26,91.1373291015625,91.22286802722826,90.66297903479317,91.0051347374562,716500
2014-11-28,86.81375885009766,90.85739270493444,86.5960255409155,90.81851514703061,2390500
2014-12-01,82.70793151855469,86.37831075406791,81.24600331999814,86.37831075406791,5433400
2014-12-02,84.994140625,85.04857396204922,82.29578963244145,82.79346755197395,3604600
2014-12-03,87.0081787109375,87.03928432203581,85.24297829382657,85.26630601895313,2570600
2014-12-04,83.4388656616211,86.34717107126109,83.19002679126879,85.9272543651441,3494200
2014-12-05,83.26005554199219,84.65977866230854,82.99566669303792,84.11543925650112,2944000
2014-12-08,80.4061508178711,82.80900099103013,79.96290632317245,82.80900099103013,2849300
2014-12-09,80.93492889404297,80.95825661336066,78.87422865102933,79.434117645803,2312900
2014-12-10,78.75758361816406,80.63165616186812,78.55540016405784,80.4994558652676,2427400
2014-12-11,79.80735778808594,80.70940231478372,78.65648034763453,79.62073013637767,2511800
2014-12-12,78.9675521850586,80.9271579008368,78.95977430036135,79.39524091880368,2979800
2014-12-15,79.06085968017578,80.14953211238748,78.8197986599872,79.44189888776172,2535100
2014-12-16,79.57408142089844,81.22263669353003,78.58649790117425,78.7342480181692,2335100
2014-12-17,81.84477233886719,82.10916115474089,78.8898043136119,79.69853246718482,3251000
2014-12-18,84.74529266357422,84.76084250131282,82.94898086617707,83.0345198057097,3755700
2014-12-19,84.79969787597656,85.22738649903364,84.05317539072539,84.90078661972761,3011100
2014-12-22,85.55402374267578,85.78731286280029,84.13875104813269,85.08745143521553,1793200
2014-12-23,86.47160339355469,86.75154791562376,85.67843120288414,85.95059784023248,1286600
2014-12-24,86.63490295410156,86.93817517530016,86.01280274340392,86.70488611309172,754700
2014-12-26,86.73597717285156,87.14033808904992,86.33161032386691,86.7515270057573,918300
2014-12-29,86.93040466308594,87.14036009064849,85.90394338133922,86.18388790661449,954400
2014-12-30,86.17610168457031,87.26477407389473,85.84950174760917,86.60379631591509,993200
2014-12-31,85.23518371582031,86.49493402104942,85.07966162357414,86.49493402104942,1045200
2015-01-02,84.87747955322266,86.36273513679728,83.91322951330686,86.0827906199205,1424900
2015-01-05,82.73123168945312,84.67528733763614,82.62236504777783,84.53531509365547,2801100
2015-01-06,80.09510803222656,82.32688647921951,79.7374024364444,82.09359738368029,4233200
2015-01-07,80.09510803222656,81.05158620459159,79.32526350940817,80.6394413447672,3746700
2015-01-08,80.86495208740234,81.58814116004594,80.03289635288019,80.64721876364524,3064400
2015-01-09,80.22731018066406,81.41707163090354,79.79962137450912,80.77942143188943,2909900
2015-01-12,79.2941665649414,79.85405570917928,78.55542163687635,79.4807943020911,3320000
2015-01-13,78.9208755493164,80.70940898543371,77.86330888091798,80.28171440160105,2914200
2015-01-14,78.59429931640625,78.94422703925581,77.60672143377661,77.62227127205928,3238500
2015-01-15,79.19307708740234,80.14955542760397,78.77316613420953,79.16974936031265,2607000
2015-01-16,80.54611206054688,80.61609521355551,79.15416755599175,79.15416755599175,2512000
2015-01-20,80.44500732421875,81.13709054829695,79.92400191872817,80.87270187068778,1997300
2015-01-21,81.1448974609375,81.63480337721204,79.78405824068722,80.24285854856431,1272400
2015-01-22,82.49797058105469,82.85568216233173,81.73590383121164,82.00029264117666,1474100
2015-01-23,81.47926330566406,82.52905221973772,81.45593558600712,82.52905221973772,1920600
2015-01-26,82.51351928710938,83.42333613682989,78.89757367987444,79.50411824635478,2763200
2015-01-27,81.02046966552734,81.69699727229928,80.3983694498783,81.55702502041761,2110400
2015-01-28,80.09510803222656,81.82920861267145,80.02512486323768,81.68145845664407,2040500
2015-01-29,80.70941925048828,80.88826905717514,79.2863690172393,80.0017801095614,1897900
2015-01-30,79.2941665649414,80.38283924176075,79.25528306717369,79.83072798363416,2527100
2015-02-02,80.89603424072266,80.91936195682048,79.38744531667551,79.47298423089177,2113600
2015-02-03,83.41555786132812,83.50109680571808,81.37041294725115,81.8447631178542,2753900
2015-02-04,83.15753936767578,83.63451304419125,82.64147310664664,82.87604651053219,2844900
2015-02-05,84.33038330078125,84.58059838935294,83.30606621406561,83.38425731069458,2651300
2015-02-06,84.28347778320312,84.83082147681452,83.9316088667968,84.58060636464948,2818200
2015-02-09,84.43988800048828,84.81521377603337,83.90817996506657,84.16621606290376,2333600
2015-02-10,84.9168472290039,85.13578474189462,84.18965850941697,84.7213664545515,1644100
2015-02-11,85.31560516357422,85.6205546068439,84.51804049225498,84.64315101544156,1376900
2015-02-12,86.0740737915039,86.13662905490429,85.45635398802119,85.51890925142158,1242500
2015-02-13,85.941162109375,86.70744332928878,85.62057080724836,86.14445779962196,1575700
2015-02-17,86.5354232788086,86.59797855510695,85.4172730687733,85.54238362137002,1652100
2015-02-18,86.95764923095703,86.97329103045436,86.10535609190822,86.17572629285048,1654800
2015-02-19,87.2547836303711,87.6144734556621,86.43376806985638,86.61360701690289,1835300
2015-02-20,87.3642578125,87.51281912316786,86.54323629131888,87.01238888959426,1500800
2015-02-23,86.73873138427734,86.91075542407076,86.33994892526532,86.81692250265618,1599000
2015-02-24,86.69181060791016,87.03585269293265,86.5510642204375,86.72308824574846,1253700
2015-02-25,86.66835021972656,87.29389106199827,86.46505451674793,87.07495355688305,1133700
2015-02-26,85.9724349975586,86.88728947901792,85.78477514021279,86.63707434735707,2955700
2015-02-27,85.35472869873047,86.23829965659111,85.18270466175233,86.19138617945156,2512000
2015-03-02,86.20703125,86.20703125,85.5111200917605,85.70660088824576,2227100
2015-03-03,84.73699951171875,85.44854635517636,84.36949473918165,85.19833122832546,3251500
2015-03-04,85.18270111083984,85.33908333851932,84.0489090805651,84.25221074902808,2330400
2015-03-05,85.35472869873047,85.503290031539,84.85429242497595,85.46419745578932,1917300
2015-03-06,84.61189270019531,85.229612626849,84.3225790234792,84.54933742432165,1698000
2015-03-09,85.25303649902344,85.27649322703368,84.31473158503097,84.35382414318231,1881700
2015-03-10,84.11927795410156,84.74481277609819,83.97071067478778,84.44768418306973,2342600
2015-03-11,84.61969757080078,85.01065902254864,84.24437195225958,84.26001375106456,2132600
2015-03-12,85.40946197509766,85.534566567722,84.79955695215477,84.79955695215477,1284000
2015-03-13,84.95592498779297,85.38597900702642,84.55714263509425,85.22959681195941,1233000
2015-03-16,86.46505737304688,86.75436510053491,85.12014869365454,85.12014869365454,1428700
2015-03-17,85.9177017211914,86.35558268138955,85.79259713656292,86.0115346338623,1323900
2015-03-18,86.89510345458984,87.14531858348775,85.07322734367663,85.61275017328819,1320600
2015-03-19,86.25396728515625,86.8404098279503,85.55805594495547,86.63711404168183,1406000
2015-03-20,86.3477554321289,87.38771443344037,86.3477554321289,86.48850180798759,3114900
2015-03-23,83.32172393798828,85.8473381852785,83.31390900219098,85.60494393236577,3277900
2015-03-24,82.93856811523438,83.67357760650775,82.75872320959985,83.14186975516932,1798600
2015-03-25,81.3591079711914,83.14189183873945,81.2652750434677,83.13407093669574,2637300
2015-03-26,81.24964141845703,81.59368356494933,79.72488762080987,79.73270852306665,3043200
2015-03-27,81.02288055419922,81.11670751607208,80.35824109106468,80.88994908221211,2596900
2015-03-30,81.31998443603516,81.68748916634762,80.9524797057227,81.31998443603516,1402200
2015-03-31,80.47550201416016,81.26524579957197,80.39731091866153,80.91338288702913,1998500
2015-04-01,80.50679779052734,80.86648168336697,79.81870764321668,80.26440355017009,1640100
2015-04-02,81.43728637695312,81.93771664879449,80.44424076849333,80.85084409286407,2186800
2015-04-06,81.65621948242188,81.91425550528366,80.8508397434282,80.93685175104879,2575200
2015-04-07,81.6796875,81.9768161347125,81.17925718595795,81.76569951950097,2579100
2015-04-08,81.57019805908203,81.8595116845555,81.06194697242795,81.7187653215682,1863000
2015-04-09,82.7040023803711,82.75092182225181,81.39037135410605,81.5467595510422,1403400
2015-04-10,83.15753936767578,83.45467403110578,82.76657772893203,83.07934823304727,1293800
2015-04-13,82.00025177001953,83.07148226101647,81.9064188800119,82.71179846438412,2049300
2015-04-14,78.57542419433594,78.66143618362592,76.47987075323013,77.40253993921547,8715500
2015-04-15,78.77093505859375,79.20881607140807,78.02811046555532,78.87258888426855,3637800
2015-04-16,78.40341186523438,78.66926877134124,78.07500565674827,78.66926877134124,2367700
2015-04-17,78.7005844116211,78.81787410432189,77.64498910851711,77.72318024845045,2681500
2015-04-20,80.56935119628906,81.13233674265123,78.8647587211811,78.97422747012936,3086700
2015-04-21,80.07673645019531,81.27307767310073,78.36432318923713,81.27307767310073,2708400
2015-04-22,82.07846069335938,82.25048471294576,79.92035147912894,79.92035147912894,2584100
2015-04-23,83.04805755615234,83.90817183331971,81.55458743258359,81.69533383907282,2373900
2015-04-24,82.32868194580078,83.27480815830012,81.65622761863602,83.04022884767068,1753900
2015-04-27,81.71092987060547,82.58668552496768,81.6327387863368,82.50848847510167,1798300
2015-04-28,81.60932159423828,81.8595367644762,81.13234799384722,81.59367979044829,1978600
2015-04-29,81.13751220703125,82.14406305286387,80.29609804688839,82.0339719290707,1951700
2015-04-30,79.30522155761719,80.61845484262321,79.06931472770388,80.33536784662975,3540500
2015-05-01,81.16108703613281,81.16108703613281,79.76135215451069,79.84785316400556,2352300
2015-05-04,81.6171646118164,82.23839627380048,81.12961411773028,81.50707353242822,2749200
2015-05-05,79.10079193115234,82.00249315363438,79.04574638490404,81.53853869232927,2021100
2015-05-06,79.18779754638672,79.67822459338711,78.28604906651357,79.36182024160979,2911900
2015-05-07,79.87598419189453,80.31103493661494,78.92677104585506,79.04542344347395,1212400
2015-05-08,79.59912109375,80.82518572636491,79.54375078333642,80.57997521380642,2405500
2015-05-11,79.22734832763672,80.13700251773427,79.22734832763672,79.37763571383208,1620700
2015-05-12,78.34142303466797,78.90303791872213,78.26232345175677,78.75274448675295,3066000
2015-05-13,77.29731750488281,78.9742509231698,76.94136021587629,78.23861913603216,2935000
2015-05-14,76.49837493896484,77.28938285606911,75.96840108288373,76.56956878965819,3079600
2015-05-15,77.17072296142578,77.29728711261941,76.43508542861775,76.78313080948934,1940700
2015-05-18,77.49504089355469,77.653240051353,76.88596146271803,77.07580769396924,1647900
2015-05-19,76.94924926757812,77.71652791332606,76.783138329052,77.40012353926662,1287500
2015-05-20,75.98421478271484,76.68030557726932,75.72318676966809,76.25316059922304,1559200
2015-05-21,76.81476593017578,77.61368547703913,75.93674681236497,75.98420534795137,2503700
2015-05-22,75.56498718261719,76.95716284016002,75.54916967925367,76.61702918618398,1988300
2015-05-26,74.80562591552734,75.89721477707717,74.61578568632565,75.58872214153239,1740700
2015-05-27,75.01126861572266,75.32767293213148,74.54457089116482,75.20902055911436,1582600
2015-05-28,74.12535095214844,74.78980073855898,73.40553688802444,74.75024792886484,2114900
2015-05-29,72.77272033691406,73.96714384961018,72.65406795546954,73.94341458030344,2521200
2015-06-01,73.37388610839844,73.61118483033246,72.65406610490408,73.15240488729576,1598500
2015-06-02,73.3264389038086,74.20445826322215,72.99421699346618,73.19988076245,1777100
2015-06-03,73.16822052001953,74.02251038095612,72.7964458934132,73.28687289541247,1568100
2015-06-04,72.74109649658203,73.61120410802987,72.44842135781435,72.78064931138466,2135700
2015-06-05,73.17613983154297,73.35806826231169,72.66198350844195,72.97047609532034,1624400
2015-06-08,72.0291748046875,73.09704025850493,71.96589876153767,72.98629360444271,1480200
2015-06-09,71.53878021240234,72.1794948934348,71.49922739027622,71.98174285263087,1473200
2015-06-10,71.61784362792969,71.98170647493242,70.97712927069774,71.98170647493242,1981100
2015-06-11,73.19197082519531,73.39763459932827,71.52294342703922,71.83934784072558,2996700
2015-06-12,72.5354232788086,73.43717181771427,72.27439525379697,72.68571671359669,1965700
2015-06-15,72.26649475097656,72.70155158533886,71.89472000796013,72.17157161395777,1331500
2015-06-16,72.26649475097656,72.76482764177233,72.11620129275825,72.1557541085775,1132900
2015-06-17,72.5354232788086,72.64616390394357,71.98172015313368,72.31394202853862,1439200
2015-06-18,73.5320816040039,73.75356281410558,72.6382449961192,72.73316206621399,1742800
2015-06-19,73.0258560180664,73.65866481209584,72.8281040242962,73.30270760236232,2141200
2015-06-22,73.41344451904297,73.80104275234446,73.0812226347088,73.30270389093157,1575600
2015-06-23,73.01793670654297,73.63492189779193,72.97047816411191,73.34225283958533,1546600
2015-06-24,71.21442413330078,73.02583253800147,71.18278310028168,72.74106927573962,2117400
2015-06-25,70.20985412597656,71.68112911903681,70.19403059040225,71.45173613249402,1945400
2015-06-26,70.296875,70.89803666531554,70.01211167015099,70.47089167054203,2984700
2015-06-29,68.8019027709961,70.138702658924,68.7702617156426,69.76692780216334,1722600
2015-06-30,69.10245513916016,69.52168838795014,68.61202803656734,69.11036690845197,2404000
2015-07-01,69.68781280517578,69.71154208272665,69.31603803044426,69.51379005658546,2323600
2015-07-02,69.47425079345703,70.12287726802273,69.38723940974218,69.85393134520041,2217000
2015-07-06,68.77023315429688,69.59288214708589,68.3747291790086,68.99962618415347,1466400
2015-07-07,69.4663314819336,69.77482415983401,68.12162011851704,68.73860547431788,2097900
2015-07-08,67.55204772949219,69.20525065512525,67.37011333291242,68.79392937381412,1986100
2015-07-09,67.72612762451172,68.66742332558,67.71821585234245,68.21654887055507,1838100
2015-07-10,68.30355072021484,68.57249662218258,67.95551124725665,68.48548524521476,1627600
2015-07-13,68.39055633544922,68.98381238211508,68.16116327321559,68.77814859616205,1781500
2015-07-14,68.59623718261719,68.95218848518365,67.87641677020461,68.24027984513663,3043000
2015-07-15,68.78605651855469,69.5928880764358,68.67531587883175,68.89679715827762,2807700
2015-07-16,67.71027374267578,69.35557159170037,67.61535665882786,68.73858640704397,1727200
2015-07-17,67.97920227050781,68.68319862623039,67.71025651988823,67.71025651988823,1906400
2015-07-20,68.09786224365234,68.5250072026636,67.83683424223788,68.16114431941199,1270900
2015-07-21,67.96340942382812,68.79397028071462,67.70237532195952,68.1057911125826,1522300
2015-07-22,67.52833557128906,68.38261937729109,67.26730155852522,67.97129799180199,1237600
2015-07-23,66.03334045410156,67.37013966708298,65.7564828682718,67.37013966708298,1943100
2015-07-24,65.62202453613281,66.55541424000737,65.33726116648211,66.03335208558926,2048400
2015-07-27,65.49547576904297,66.97465711411398,65.10787743907476,65.10787743907476,2039500
2015-07-28,67.17241668701172,67.28315735517192,65.65368235088854,65.65368235088854,2041800
2015-07-29,68.00297546386719,68.05834579609959,66.82437494354134,67.12495588495811,2021900
2015-07-30,67.86846923828125,68.11367971638194,67.6390762602569,67.69444656288965,2107300
2015-07-31,66.7056884765625,67.95548223496748,66.539577564609,67.59952510800098,2610300
2015-08-03,65.66156005859375,66.86388927554488,65.40052603267381,66.65822555497971,2438200
2015-08-04,65.7960205078125,66.10451302699018,65.24231753362433,65.45588695655125,6077500
2015-08-05,65.78807830810547,66.935262727521,65.70841365201078,66.2421735336712,2911600
2015-08-06,65.00732421875,65.8517862557311,64.47356454952146,65.7083875006227,2905600
2015-08-07,64.61698913574219,65.20651488551225,64.43375495617956,64.88785018254714,2541300
2015-08-10,65.81995391845703,66.0908149998957,64.48156685728935,65.1188902666874,2711900
2015-08-11,64.513427734375,65.29414989944978,64.10713007327143,65.15871937175653,1698300
2015-08-12,64.80020904541016,65.07107613599648,63.67692355503991,64.09915164993167,1692600
2015-08-13,64.54529571533203,64.9436251302275,64.40986517299345,64.75242871292454,1136600
2015-08-14,65.11888122558594,65.42957763611061,64.30629201606531,64.32222251592809,1464600
2015-08-17,65.44550323486328,65.49330080445668,64.46561051204048,64.9117434476617,1420800
2015-08-18,65.60482788085938,65.70839737835324,65.23836569116467,65.45346689517335,1513100
2015-08-19,64.92767333984375,65.40566726539147,64.66477455348462,65.0790404128425,1531100
2015-08-20,63.692867279052734,64.40189310978558,63.52556966396091,64.2744308650593,2315900
2015-08-21,62.12345886230469,63.684909455440184,62.12345886230469,63.16707999512915,3243500
2015-08-24,59.54226303100586,61.573744925270574,57.43908477902546,58.02064824081848,3599000
2015-08-25,57.7099494934082,61.39050824391819,57.67808242083817,61.39050824391819,2551500
2015-08-26,59.04834747314453,59.35107560357083,57.88522645242398,59.08817676297695,2860400
2015-08-27,62.07564926147461,62.08361755093942,59.741438846251654,59.940603536704046,3186900
2015-08-28,63.09538269042969,63.7725476204431,61.76496378106052,61.77293207193805,3264300
2015-08-31,62.06768035888672,62.80060488201352,61.908344976887406,62.76873780561366,1773000
2015-09-01,60.31503677368164,61.247126107170345,60.036207410418896,60.7293027516928,2034300
2015-09-02,60.97623825073242,61.231168710601345,60.21940907941853,61.08776994704873,2846700
2015-09-03,61.47018814086914,62.13937853067123,61.00812463665901,61.35865033121193,1568200
2015-09-04,60.9682731628418,61.37457069389237,60.42654514744833,60.7053744028666,1914000
2015-09-08,62.68907165527344,62.712970442496285,61.95614107164131,62.17124231269334,1822400
2015-09-09,62.88824462890625,63.73270097181511,62.60144698829116,63.190972770433724,3485600
2015-09-10,62.9678955078125,63.1750284424827,62.14733813487858,62.92806014721423,3590100
2015-09-11,63.07148361206055,63.97967427121069,62.82452129819385,63.31845200395229,2556900
2015-09-14,62.68907165527344,63.0874009837161,62.569571641136,63.071464406885404,2656000
2015-09-15,64.14694213867188,64.33814456198051,62.70499214484697,63.01568848519574,1527100
2015-09-16,65.07903289794922,65.25429873528344,63.99557688353933,64.08320980220644,2657000
2015-09-17,64.61698913574219,65.56501495560688,64.46562203427844,64.8480208934413,2180000
2015-09-18,62.89620590209961,63.93983299800116,62.72094608258171,63.772535389808674,3592600
2015-09-21,63.39013671875,63.860168543486125,62.6731426256074,63.19894031991995,1929600
2015-09-22,61.68526077270508,62.56955209180018,61.37456447983613,62.54565331204431,1771000
2015-09-23,60.81691360473633,61.84460391117033,60.54605260264904,61.67730633728889,1524900
2015-09-24,60.299102783203125,60.617761421052116,59.5343111119225,60.15570396496151,2179000
2015-09-25,60.24333190917969,61.151522323255776,60.01230016131494,60.80099055711293,2004500
2015-09-28,59.47853469848633,60.04416158182831,59.41480055100538,59.78126278198655,1920600
2015-09-29,59.67770767211914,59.797201617779216,59.239542944619885,59.6060052266994,1600600
2015-09-30,60.86471939086914,60.94438403675051,59.908725406224036,60.37875714956303,1559600
2015-10-01,61.60563278198242,62.11549398003998,61.07983500259655,61.5259681094156,1896800
2015-10-02,62.94400405883789,62.975871135426104,60.4823255751028,60.70538903319693,1805000
2015-10-05,63.71677017211914,64.16289713186217,62.211079526938484,62.52974424590806,2201500
2015-10-06,63.27858352661133,64.14693835533991,63.23078596261434,63.66894448130442,1745100
2015-10-07,64.68869018554688,65.09498786318852,63.55743618225549,63.55743618225549,2314400
2015-10-08,66.10670471191406,66.25806564739666,64.48152114142519,64.48152114142519,1720700
2015-10-09,66.05097961425781,66.91933473081333,65.46144776545202,66.1864101424873,2055200
2015-10-12,64.513427734375,65.62078290179402,63.788465360210274,65.5331499537516,2337000
2015-10-13,63.167057037353516,64.2584814368421,63.10332289475075,63.89201315588734,1366200
2015-10-14,62.32258224487305,63.50163313958887,61.82068361980705,62.744810176549144,1886500
2015-10-15,63.302513122558594,63.40607658763792,62.091594313691424,62.920120268400474,1442200
2015-10-16,62.4261589050293,63.573349059836175,62.179196721489085,63.53351370467467,1617300
2015-10-19,61.95614242553711,62.28277539944897,61.589680164724534,61.96411071412659,1100700
2015-10-20,62.8085823059082,63.23877882447228,61.59766349952492,61.83666359140212,1035800
2015-10-21,62.69703674316406,63.30249905203127,62.60940380064289,63.05553680202984,1372200
2015-10-22,64.14694213867188,64.9197018849832,63.103321409706645,63.13518848025809,1852600
2015-10-23,64.52935791015625,64.94361778043418,64.0354273034961,64.48156033074598,1539800
2015-10-26,63.955772399902344,64.74446297058483,63.71677838837494,64.51343724951577,1301200
2015-10-27,61.6932373046875,63.485718962220695,61.50203488504137,63.485718962220695,3055200
2015-10-28,65.00732421875,65.66855214941768,63.159076974031365,63.159076974031365,3549800
2015-10-29,64.60104370117188,65.45347424789925,64.34611318935433,64.78427785561394,2171800
2015-10-30,63.75662612915039,64.84008297998358,63.66899314283105,64.45769001970511,1724900
2015-11-02,64.03543090820312,64.2266333926551,62.97587934414658,62.99977813519703,1893600
2015-11-03,64.2744140625,64.64884456516592,63.820318917953,63.83624941512019,1317900
2015-11-04,64.48309326171875,64.77200369572519,64.04972761070908,64.29851533725899,2179900
2015-11-05,64.32258605957031,65.02078112795881,64.00960079661007,64.54729279987004,1731500
2015-11-06,64.09785461425781,64.5713427598517,63.49595916781311,64.20218095410127,1428900
2015-11-09,71.1200180053711,72.99793017559728,62.974359362826156,63.921342440567955,8631000
2015-11-10,71.07984161376953,71.39282676609191,68.79264006879933,69.54701767839548,4610900
2015-11-11,71.336669921875,71.72990668765476,70.45389088484329,71.16011288990886,2468800
2015-11-12,71.22431182861328,72.22747115014305,70.18905067405873,70.60636838058232,2589000
2015-11-13,71.39283752441406,72.05893674293121,70.86317261866664,71.00762779710652,1860000
2015-11-16,70.86316680908203,71.94657749716066,69.75567515757248,71.2724513454421,2376000
2015-11-17,69.79580688476562,70.80699309311764,67.50057809910831,70.80699309311764,2988300
2015-11-18,74.22576141357422,75.18879801787877,72.5886046967751,72.7812156913151,8541200
2015-11-19,77.72478485107422,78.56744115026513,72.9256739718158,73.83252781578034,5417500
2015-11-20,78.29460144042969,79.24961137477376,76.28828216511896,77.49207373030539,4150500
2015-11-23,76.68952178955078,78.7600440969465,76.18393169612565,78.16617549347592,3031200
2015-11-24,75.87896728515625,77.17905774027652,75.63820661868311,75.73451210983198,1836700
2015-11-25,76.56111145019531,77.17905482402315,75.5499252611337,75.9913177587235,1646700
2015-11-27,76.54505920410156,76.91422106370237,76.2079991743962,76.79384685509189,638100
2015-11-30,76.28827667236328,76.98647793410912,75.45364717919128,76.54508527620081,3061900
2015-12-01,76.08761596679688,76.94631998494707,75.55795110053863,76.40060114294896,1611000
2015-12-02,73.9529037475586,75.99132415031846,73.69609521539664,75.80674014776531,2772900
2015-12-03,74.72337341308594,75.42959576233518,73.72021353601498,73.84861481642304,2426400
2015-12-04,73.88068389892578,74.2337979783347,69.49085724423476,71.4008767216202,5803100
2015-12-07,73.44731903076172,75.71847347751901,73.31891780600759,75.26906000668058,2766900
2015-12-08,69.274169921875,72.0509141915076,68.56794796312174,70.5421647748444,4932300
2015-12-09,70.26129150390625,70.71070498573755,68.82476641271037,68.96119463072351,3031600
2015-12-10,70.36560821533203,70.99960564596923,70.06064998353635,70.87922530193455,1840400
2015-12-11,71.778076171875,72.17934000356429,70.429829452487,71.52928843272353,3170200
2015-12-14,71.70582580566406,72.82936545039514,71.34469090544265,71.90645766640895,2338900
2015-12-15,73.04605102539062,73.50349145967083,71.99474195005168,72.36390386869896,1609500
2015-12-16,72.05892181396484,73.6720032852168,71.00761308594736,73.29481450172435,2226600
2015-12-17,68.26298522949219,71.90646070955012,68.1426110061897,71.83423617556863,2554400
2015-12-18,67.62896728515625,69.00931510667158,66.79434435022766,67.88577575501048,3228300
2015-12-21,67.47652435302734,68.64018696315043,67.1635390682963,68.29509983860085,1306100
2015-12-22,69.07354736328125,69.3945596142531,67.90185785161353,68.126564590454,1043900
2015-12-23,69.69952392578125,69.90818282541669,69.0173766600961,69.5630956972042,865300
2015-12-24,69.643310546875,70.08470296303203,69.15376845724509,69.73961601661746,434000
2015-12-28,68.68829345703125,69.80381178997327,68.60804196936242,69.47477273089623,862700
2015-12-29,68.66424560546875,69.26614118370127,68.61609591850565,68.90500628588113,829300
2015-12-30,68.10248565673828,68.672279459694,68.03828198583646,68.61610277835467,843300
2015-12-31,67.88581085205078,68.35930534855237,67.4845470277749,67.54072984106158,920100
2016-01-04,65.65479278564453,67.13947401047287,64.9244957223686,67.1234200268224,2558100
2016-01-05,66.02393341064453,66.25666711572627,65.3257384181981,65.61464880224449,1043500
2016-01-06,63.78487777709961,65.56648338740197,63.4076889352345,65.18127368028715,1345400
2016-01-07,62.59711837768555,63.263217388867936,62.23598360539435,62.645268047912026,1900900
2016-01-08,62.428611755371094,63.39966924579233,62.236006879640904,62.837902473746524,1417600
2016-01-11,60.96802520751953,62.87001177754224,60.18957242451449,62.613203180109636,1524400
2016-01-12,60.93590545654297,62.075492890015134,59.06601515336801,61.425447658194756,1862200
2016-01-13,57.33257293701172,61.38533358916433,56.24915579325249,61.1205041380317,1988100
2016-01-14,57.902347564697266,59.066009733640605,57.34860175266892,57.38070358031669,1916800
2016-01-15,57.597381591796875,57.80604040405273,56.32136612451883,56.36149493861329,1786600
2016-01-19,57.661590576171875,58.239411264887416,56.73066200652857,57.99062973833409,1552300
2016-01-20,57.12389373779297,58.054822226483154,54.45147634627475,56.75473191272639,2123100
2016-01-21,56.233089447021484,57.22020075131471,53.376094127834016,56.939311289180864,3863900
2016-01-22,55.04536819458008,57.50110695013226,55.03734732655149,57.204169517473986,2322100
2016-01-25,54.35517883300781,55.66329617857967,54.17862184050658,55.08547552050206,1704200
2016-01-26,55.294124603271484,55.655259389572606,54.55580105810673,54.57184890787268,1551700
2016-01-27,56.08863830566406,56.7868393330517,54.47555655151913,54.65211355541931,1829300
2016-01-28,56.26519775390625,57.300458857643136,55.56699669618651,56.11271558522304,1396200
2016-01-29,56.57820510864258,57.35665798836705,56.20904308664142,56.8189658773741,2058000
2016-02-01,56.32941436767578,56.618324794342854,55.37440456159298,56.30533951925348,1468600
2016-02-02,53.44832229614258,55.78367991144063,53.33596895273972,55.47871558837743,1426000
2016-02-03,54.50902557373047,54.80051818462126,52.23376963971591,54.15275545430322,1876400
2016-02-04,56.16891860961914,56.67092890076594,54.67096793726188,54.67096793726188,2092800
2016-02-05,56.79238510131836,57.17294527463654,55.5130569970856,55.974585974242515,1514000
2016-02-08,57.075775146484375,57.94215426181108,55.99077965781424,56.152717254548385,2735900
2016-02-09,57.828792572021484,59.35103305353727,55.966485632698735,56.43610710064445,4331800
2016-02-10,59.12431716918945,59.64253107940602,58.039321659339336,58.436073103349244,1607300
2016-02-11,58.031211853027344,58.476549434048785,56.67091526988818,58.07979806574386,1860100
2016-02-12,58.751853942871094,59.58584429401076,57.53730344839042,58.03122114368109,1523200
2016-02-16,59.90970993041992,60.185011182526324,58.75183851594536,59.067621067391,1389400
2016-02-17,61.35100173950195,61.553426856492884,59.61824323226149,60.20122855759927,2035100
2016-02-18,60.589900970458984,61.707285640753085,59.990718043140134,61.27004654954434,1049200
2016-02-19,60.72752380371094,61.13237396240234,59.95831097320653,60.32267364501953,1437200
2016-02-22,61.50483703613281,62.4683824167732,60.727525451654444,60.727525451654444,1846000
2016-02-23,59.81256866455078,62.29834855786911,59.691112373325254,61.63439450036296,948700
2016-02-24,59.86925506591797,60.11216150177193,58.30653290291244,58.72757443157393,781400
2016-02-25,59.6506233215332,60.70323624788912,58.81663294916237,60.10405971839841,977900
2016-02-26,60.48463439941406,61.65870401573013,59.74781004074895,59.877358928827476,1333000
2016-02-29,59.24574661254883,61.0351828439167,59.237654060487365,60.476494053163535,1536800
2016-03-01,60.978572845458984,61.2781644025815,59.359171044309925,59.66686134014593,1852600
2016-03-02,61.8610954284668,62.69508563140816,61.253820289137984,61.5938928845568,1730500
2016-03-03,62.34691619873047,63.53717649638254,61.91777607563629,61.91777607563629,1616500
2016-03-04,62.67081832885742,63.71533268838289,62.54126328696694,62.549362021466195,1116300
2016-03-07,64.54930877685547,64.76792513931335,62.10401041627443,62.37931173004242,3191600
2016-03-08,61.82872772216797,64.54932176647424,61.50484630212689,64.26592784050989,5996200
2016-03-09,61.334815979003906,62.75179192571356,60.94615700122402,62.322651627399765,2479000
2016-03-10,61.342926025390625,62.38744065715615,60.484639092975144,62.23359554919444,2232000
2016-03-11,63.974422454833984,64.21732883840417,61.7072591430406,62.07972053986666,1851400
2016-03-14,63.942047119140625,64.80842637514068,63.35096305779276,63.40764184360494,1538100
2016-03-15,63.96633529663086,64.03920537163062,62.589847008092775,63.375251252361494,987200
2016-03-16,65.57764434814453,65.9177232664576,62.81656874670915,63.642460571127046,1461000
2016-03-17,67.04322052001953,67.19705945250602,65.010870030614,65.56146675444604,1670500
2016-03-18,68.03101348876953,68.47635110514622,67.29418946056411,67.29418946056411,3346500
2016-03-21,68.04721069335938,69.01884853580182,67.39135545858686,67.8042981439874,1019800
2016-03-22,68.25774383544922,69.02695671789432,67.42374726311027,67.50472224233488,1808700
2016-03-23,67.09178924560547,68.45208644059879,66.99462295398986,68.31443882728713,1101200
2016-03-24,67.90958404541016,67.95006536442386,65.90962279589844,66.54928694055167,640200
2016-03-28,66.19300842285156,67.83669926439745,65.480474286979,67.83669926439745,1539100
2016-03-29,67.04322052001953,67.4723609031851,65.17280769981856,65.69911439102252,874900
2016-03-30,68.62211608886719,70.16864698009351,67.39946662707551,67.46424414846733,1814900
2016-03-31,67.40752410888672,68.34677906167992,67.32655534546126,68.34677906167992,1576100
2016-04-01,67.18087005615234,67.56952294424299,66.26590428445002,66.74363092390567,1391700
2016-04-04,66.79219055175781,68.08771007816763,66.73551176552502,67.31039836232175,935200
2016-04-05,65.74768829345703,66.48451882758141,65.44000427979852,66.19302610831524,1119600
2016-04-06,65.70719909667969,65.98249431104634,64.38738328214312,65.5371627270665,1065600
2016-04-07,64.85700988769531,66.29018325582403,64.57361594351086,65.33473640291311,1657100
2016-04-08,65.98248291015625,66.85696081209011,65.30233754922351,65.30233754922351,1805400
2016-04-11,64.19305419921875,65.73148637388212,63.278094864575436,64.06350533244448,3142900
2016-04-12,63.7396240234375,64.52503449283714,63.33477377550156,64.32260936886917,2634100
2016-04-13,65.6990966796875,66.20111320292845,64.21734331356897,64.3226083299478,4334200
2016-04-14,66.5088119506836,66.7436258842075,65.7476913508148,65.9825052843387,1877400
2016-04-15,66.09584045410156,66.88125081893155,65.8934153570845,66.65453569867624,1476100
2016-04-18,66.02297973632812,66.5735763253057,65.3428281016972,66.07155978968584,1769200
2016-04-19,67.01890563964844,67.52092215837189,66.50879656398746,66.74361044318758,2321200
2016-04-20,67.33468627929688,67.64237019847823,66.5006897023282,67.17274249747226,1608300
2016-04-21,66.90555572509766,68.01484772741816,66.85697566781467,67.42376359453313,2020300
2016-04-22,73.94994354248047,74.03091235193334,71.52084219374923,72.31434517492123,6173300
2016-04-25,73.98233032226562,73.98233032226562,72.42770080575553,73.88516404700749,2571300
2016-04-26,75.3426284790039,76.03897135221578,73.60987003008808,73.81229514026539,2475300
2016-04-27,75.4883804321289,76.19281591443719,74.65438372691432,75.29404786405631,1742800
2016-04-28,74.47624969482422,75.88512674028033,74.29001587424953,75.13210507886818,1085500
2016-04-29,72.96211242675781,74.46815584843236,72.46819462838474,74.14427441347098,2555900
2016-05-02,73.45600891113281,73.72321148075879,72.8001536743443,73.53697770199811,1390100
2016-05-03,72.17671203613281,73.29409665642224,71.32652392279763,73.29409665642224,1828000
2016-05-04,72.43753814697266,72.93474689139026,71.71210366125221,71.71210366125221,1608000
2016-05-05,72.5027084350586,73.55418188607918,72.28263548888324,72.66573119026465,1217800
2016-05-06,73.0814437866211,73.30966946377612,71.5816652788143,71.69577811739181,1292500
2016-05-09,71.95662689208984,73.18742278952337,71.72024846021951,72.68206136083316,1649600
2016-05-10,73.61126708984375,73.92915381348872,71.96477703964887,72.3152683270888,1197200
2016-05-11,72.39675903320312,73.76611928638275,72.38045986460905,73.41562808412002,1438000
2016-05-12,71.87510681152344,73.05699255852511,71.42680189028341,72.72280670525119,1313300
2016-05-13,70.07373046875,72.24188031634495,69.51946552252501,71.57350254754562,1828400
2016-05-16,70.29383087158203,71.42681306578264,70.09820970201746,70.09820970201746,1587900
2016-05-17,69.98409271240234,71.72839640009163,69.8536744612518,70.18786656581169,2171800
2016-05-18,69.69880676269531,71.5409178196657,68.95706699174245,69.8129196168905,2085200
2016-05-19,68.73699951171875,69.96778914085947,68.19903353976215,69.70695885046118,1624800
2016-05-20,69.64176940917969,69.8944470528607,68.90818213223464,69.11195603034794,1418800
2016-05-23,69.03042602539062,69.92702965163794,68.82665219130334,69.57653840826043,1669600
2016-05-24,67.02528381347656,69.64173876780606,66.4139623881094,69.28309487494539,3320100
2016-05-25,67.90560150146484,68.26424549764057,66.9600939915719,67.08235955560315,3812500
2016-05-26,68.32945251464844,68.69624297671497,67.53065624387246,68.02786496185537,1726400
2016-05-27,68.468017578125,68.75329974096357,67.83224412417482,68.4191138412626,1000500
2016-05-31,68.51691436767578,69.81291923128292,67.78333351438266,68.44355876982011,1695000
2016-06-01,67.66108703613281,67.9871265176481,66.66666941591986,67.89746550476424,1525700
2016-06-02,67.79146575927734,67.84037569959769,66.88670959688606,67.32686174767233,1003600
2016-06-03,67.74254608154297,68.03598077961813,66.76443456708003,67.31054672567714,1554800
2016-06-06,67.87298583984375,68.7125392589669,67.31057428714512,68.093065062856,1493700
2016-06-07,68.2560806274414,69.10378050985996,67.90558938969801,67.90558938969801,1139900
2016-06-08,70.05744934082031,70.66062443319977,68.19903276549559,68.45986305293266,1862800
2016-06-09,69.77217864990234,69.8862915307382,68.3213095489729,69.51950101643514,1817600
2016-06-10,68.54138946533203,69.41354777112313,68.02788145023948,69.39724237583918,1168100
2016-06-13,67.84039306640625,68.7940531945674,67.82408767589777,68.4680137899261,1617000
2016-06-14,67.48990631103516,68.67179223593035,67.3105843155482,67.84039760620925,1071000
2016-06-15,68.06047058105469,68.67994486889243,67.35133529555549,67.84039754413966,1774700
2016-06-16,68.62287139892578,68.87554893759393,67.06603647939208,67.67735791966658,1553700
2016-06-17,69.43797302246094,69.86997255156139,68.33758935407742,68.59027313460858,2195200
2016-06-20,69.81293487548828,70.90515992398738,69.67437012492088,70.26938639203293,1777000
2016-06-21,69.29126739501953,69.72326699756562,68.72884953277693,68.72884953277693,1200500
2016-06-22,70.13897705078125,70.53837214320433,69.29942338083063,69.47059892484057,1488700
2016-06-23,70.91329956054688,71.3208472591707,70.26122075527499,70.8562431314869,1291900
2016-06-24,67.3594741821289,69.16083402448766,67.23720864504826,68.37019059920745,2196800
2016-06-27,64.9468002319336,66.80521670634252,64.17246210715795,66.55253912811379,2009000
2016-06-28,67.02528381347656,67.20459954122379,65.54995721155262,65.8433919932235,1538100
2016-06-29,68.26425170898438,68.62289573779302,67.57957443800657,67.66922922652326,951500
2016-06-30,69.38907623291016,69.38907623291016,67.84039979007233,68.59843883805175,1460800
2016-07-01,69.44612121582031,69.80476515919649,69.03857354150522,69.19344364772383,1239900
2016-07-05,68.38648986816406,69.40535888819427,67.84037756591178,69.13637597442238,1406700
2016-07-06,69.24234008789062,69.49502384806514,67.89743787920752,68.32943737350531,1839000
2016-07-07,68.50060272216797,69.60913271379944,68.19086877870855,69.29939255165704,1452000
2016-07-08,70.44055938720703,70.86441257642231,69.01414210487123,69.11195581438686,2131400
2016-07-11,70.87255096435547,71.29640410518546,70.61987335030864,70.62802604650905,1466300
2016-07-12,72.07072448730469,72.51087669282161,71.4104992883711,71.4104992883711,1491600
2016-07-13,73.9862289428711,74.52419505341284,71.29641704622114,72.53535969010518,2658300
2016-07-14,74.81758117675781,75.51041077914773,74.05138978047506,74.37742906944744,2310800
2016-07-15,74.57306671142578,75.23329812831132,73.99434979889213,74.9072587669545,1204000
2016-07-18,74.67089080810547,74.76055180046069,74.0921738147937,74.40190783103981,895800
2016-07-19,74.4997329711914,74.80946703505145,74.05958063706267,74.21445077833539,1154700
2016-07-20,74.78498840332031,74.9969149073294,73.9291359123213,74.49970631254837,1371700
2016-07-21,74.630126953125,75.11918912953413,73.7905797522713,74.27148923409123,1453700
2016-07-22,74.99694061279297,75.07029622469871,74.00252308239081,74.45082188763608,1047000
2016-07-25,74.95618438720703,75.58381142940068,74.14924155164343,74.98878895473395,1277500
2016-07-26,75.60009765625,75.8772271047384,74.58122841559974,74.95617154991692,2141500
2016-07-27,73.47269439697266,75.39631992165778,72.6902036067305,75.3474161906064,2736400
2016-07-28,73.37488555908203,74.1981336586591,72.44567729567204,73.15481253614153,1525900
2016-07-29,73.17926788330078,73.61126747313517,72.62500273326984,73.1385168423584,1218800
2016-08-01,72.17670440673828,73.08960732852567,71.95662515331829,73.08960732852567,1639500
2016-08-02,71.0518798828125,72.1522576669135,70.83995951046036,71.93218459756758,1002400
2016-08-03,71.99739074707031,72.16040736806343,70.91331218327821,70.98666779711947,1424000
2016-08-04,71.89069366455078,72.46509459848085,71.2916701815946,71.85786985968326,1684800
2016-08-05,72.93284606933594,73.34313436998353,71.8907165403122,72.34203617522562,1466900
2016-08-08,73.4580078125,74.23755926807252,73.03131077383557,73.03131077383557,1273300
2016-08-09,73.2364273071289,73.73697929992798,73.17077970730287,73.38413127648765,1044000
2016-08-10,72.6784439086914,73.49081270692572,72.52253240561092,73.49081270692572,806700
2016-08-11,73.42518615722656,74.04881977422926,72.44049062529828,72.8425713474056,1653500
2016-08-12,72.5061264038086,73.42517416473375,72.18610212983926,73.42517416473375,1108600
2016-08-15,72.96568298339844,73.55649924407433,72.76053879624729,72.91645038184336,780400
2016-08-16,73.12976837158203,73.34311372028968,72.26816067860597,72.80974408801968,1286000
2016-08-17,73.70417022705078,73.74520155026556,72.71948107490553,73.10514671482011,950600
2016-08-18,75.22222137451172,75.22222137451172,73.56466014733165,73.71236411890213,1580900
2016-08-19,75.14838409423828,75.4602008553614,74.71347962776368,74.91862371651591,1078400
2016-08-22,74.96786499023438,75.1483928109565,74.68066448476803,75.08274519242092,811500
2016-08-23,75.51763916015625,75.64893437888658,75.09914347607909,75.41096649031331,723000
2016-08-24,75.57508850097656,75.76382383587087,75.3207118091855,75.47662333538072,793700
2016-08-25,75.5586929321289,76.04283010892382,75.36995756424967,75.41919641615435,1075400
2016-08-26,75.71456909179688,76.2889762326476,75.41095988096869,75.6243114624561,1322700
2016-08-29,77.14240264892578,77.38037059792921,75.59151348171562,75.68177740238941,1721000
2016-08-30,77.43778991699219,77.43778991699219,76.75671006583939,77.14238193963676,1398900
2016-08-31,77.05210876464844,77.48701316213409,76.52694048159033,77.19160522035143,1544700
2016-09-01,76.97008514404297,77.33934209813549,76.21514993799445,77.2244618786177,1142600
2016-09-02,77.26544952392578,77.79061773349461,76.87977775053953,77.20800318614589,774200
2016-09-06,78.07785034179688,78.07785034179688,77.16700998294769,77.26548141056703,1553600
2016-09-07,77.08494567871094,78.75071469684092,76.93724168269198,77.8973145265648,2427700
2016-09-08,77.1259765625,77.8891128894533,76.51054424271513,77.13418407970417,1271600
2016-09-09,74.4919204711914,76.55156887424076,74.46730418223278,76.55156887424076,1646200
2016-09-12,75.80485534667969,76.33823132751247,74.02420583173966,74.41808530911673,1413500
2016-09-13,74.4591064453125,75.59150597014667,74.0980570589972,75.03351372529404,1102300
2016-09-14,74.40165710449219,75.21403220895297,74.03240024646514,74.27856939831624,1714200
2016-09-15,75.0909423828125,75.4437904582882,73.78622275098351,74.14727834277276,1476500
2016-09-16,74.95964050292969,75.31248854705153,74.2129193577649,74.72167263498704,2074000
2016-09-19,75.51763916015625,76.04280751407634,75.29608630417458,75.29608630417458,1111100
2016-09-20,75.42738342285156,75.92793554253933,75.17300673466644,75.804847826788,1369500
2016-09-21,76.40387725830078,76.56799005161369,75.40277294178749,75.51765314920686,1253700
2016-09-22,77.06034088134766,77.45421408913536,76.83878172402802,76.95366193134126,1280100
2016-09-23,76.8223876953125,77.32293994918984,76.51877208313188,76.7075074659475,889500
2016-09-26,76.54339599609375,77.17524358096682,76.18234023330913,76.37107563490207,1114700
2016-09-27,77.528076171875,77.72501279340662,76.43670784415389,76.51876424808354,1086500
2016-09-28,78.3896484375,78.46350355572065,77.27366423272109,77.54445589869684,1100000
2016-09-29,78.07785034179688,78.66866638651003,77.82346738557226,78.40608217335989,1796500
2016-09-30,79.6451644897461,79.82569234727326,78.19274663141863,78.38147574755865,1921300
2016-10-03,79.52205657958984,79.69437686073773,79.04612079708579,79.25946613917326,1350200
2016-10-04,78.60303497314453,80.19495561509457,78.25839429617682,79.68619585825931,1456800
2016-10-05,79.62872314453125,79.7353958073951,78.81635437841382,78.96405835957155,1200000
2016-10-06,79.96517944335938,80.2687950098194,79.30872198305671,79.62874632531094,1638500
2016-10-07,79.41539001464844,79.92414968142887,78.8163726955457,79.84209328627117,1441700
2016-10-10,78.63582611083984,80.08003585049504,78.52094593292409,79.7764266347892,1743000
2016-10-11,77.68395233154297,79.59589650263132,77.3393118079691,79.25945723402351,3044200
2016-10-12,76.65824890136719,77.41317771753212,76.4777210843492,77.01109701812926,2167300
2016-10-13,77.80705261230469,77.97937290197657,75.87869935873728,76.15769232472957,1923000
2016-10-14,77.90553283691406,79.10357374372198,77.83167769842159,78.37326117902744,1473600
2016-10-17,77.82345581054688,78.38965547926718,77.60190295698271,77.80704703863493,1021400
2016-10-18,77.9383316040039,78.52093996501034,77.52804349677405,78.15988442728816,999300
2016-10-19,78.47992706298828,79.08715185121518,77.87270227476138,78.15990276510512,1009200
2016-10-20,76.42025756835938,78.07782496171593,76.26435235093433,77.96294479708719,1569400
2016-10-21,76.24795532226562,76.321810451534,75.5504666550689,75.78022703856892,1884700
2016-10-24,76.27256774902344,77.35572825959594,76.19051136771503,77.00288018551926,1350500
2016-10-25,76.53515625,76.77312415159076,75.95254777114025,76.14128309326428,2111300
2016-10-26,73.87649536132812,75.79664747260844,73.81084774407893,75.41097554689608,2340800
2016-10-27,74.95964050292969,75.14837579836698,74.28676821652293,74.38523962203371,2478600
2016-10-28,75.71456909179688,76.44488772609994,74.96784794734101,75.0909356389876,2454700
2016-10-31,76.31359100341797,76.75670292824618,75.8376552774358,76.09203817125382,1833800
2016-11-01,75.16480255126953,76.551578773273,74.65604915233453,76.54337125572519,1552300
2016-11-02,75.97417449951172,76.42015911456657,75.42082566829218,75.50341401157937,1687900
2016-11-03,75.78424072265625,76.42017805477562,75.61080326844188,76.15589151010302,1295700
2016-11-04,75.6686019897461,76.30453920619424,75.38779404274572,75.80900281270272,766900
2016-11-07,78.4188232421875,78.4518598385549,76.38711982374126,76.38711982374126,1490200
2016-11-08,79.28601837158203,79.56681999545981,77.70855393987586,78.0884716561959,1553900
2016-11-09,81.5985336303711,83.19251328567547,78.54271441341567,79.04651151646073,5764400
2016-11-10,83.00255584716797,83.57242615739189,81.82152420346827,82.4161703878607,4422300
2016-11-11,83.3411636352539,83.35767878183475,81.69762615213007,82.5152676823183,2738100
2016-11-14,85.88492584228516,86.61171837669997,83.34117087509314,83.41549849279286,3119900
2016-11-15,86.3722152709961,86.53739196983592,84.89386050235717,85.88493329757044,1974200
2016-11-16,85.0672836303711,86.20701778343556,84.81951232266373,85.95099205293442,2213600
2016-11-17,85.18292236328125,85.43069371113718,84.72867699257442,85.06729741457171,2567600
2016-11-18,85.43894958496094,85.87667981374526,84.86908555696247,85.00948638262244,1870200
2016-11-21,86.38872528076172,86.96685629447963,85.57935068307816,85.69497562560439,1717700
2016-11-22,85.82710266113281,87.13201972953239,85.68670186672024,86.66125930625986,1828000
2016-11-23,85.92623901367188,86.52913969429,85.68672836620449,85.68672836620449,1505300
2016-11-25,86.17399597167969,86.3556941216896,85.818866698044,86.09140762197168,919900
2016-11-28,85.88492584228516,86.09139984845542,84.87733168400032,85.66193668809936,1627100
2016-11-29,86.19876098632812,86.6034482300895,85.25724012471176,85.74451570173868,2261800
2016-11-30,87.92487335205078,88.6351443026249,86.51259217388656,86.71906614088867,3335100
2016-12-01,88.23046875,89.10591646941954,88.0239947557153,88.2635053452159,2059500
2016-12-02,87.21460723876953,88.45345110949377,86.79339855841927,88.08180046871081,1781800
2016-12-05,87.51195526123047,88.304814808768,87.23115359487007,87.71016857284296,1745400
2016-12-06,87.71842956542969,87.75146616764684,86.85124238630785,87.51195552738817,1356600
2016-12-07,90.64210510253906,90.73295418577213,87.58629177897056,88.07356749714091,1920600
2016-12-08,90.86506652832031,91.162389564204,90.02265546070706,90.74944160337508,1360500
2016-12-09,91.3441162109375,91.44322602088913,90.13004781865317,90.75773067950456,1457000
2016-12-12,91.41841888427734,92.02958008394724,90.3530124206791,91.49274649050982,1854500
2016-12-13,90.70816040039062,91.99655616120295,89.56841987251526,91.53405641139062,1793200
2016-12-14,88.84989166259766,91.04677170821066,88.75078187591284,90.46864703859836,1867100
2016-12-15,89.28763580322266,90.22089621069846,88.19745310646532,88.56084943908034,1374800
2016-12-16,88.09832763671875,89.34543240106949,87.63582787821478,89.27109848211757,2614000
2016-12-19,88.31304168701172,88.51125492265544,87.68535908954061,88.00745796036858,1302300
2016-12-20,89.33718872070312,89.48585028588275,88.41218902721906,88.57736574360183,1197400
2016-12-21,89.23809051513672,90.00617426403423,88.84165755073327,89.46934045225197,1292200
2016-12-22,89.84098815917969,89.84924888553317,88.75080542077545,88.9077277160517,1645400
2016-12-23,90.25390625,90.67511493873367,89.3536827105442,89.7418548059374,2118500
2016-12-27,90.39434051513672,90.74122172310439,90.28697627284211,90.30349142508426,856000
2016-12-28,89.79141998291016,91.06330066197191,89.70883163774238,90.36129027641549,1034300
2016-12-29,89.87401580810547,90.28696386940003,89.00682235895194,89.90705240913951,926800
2016-12-30,89.25458526611328,90.01440811469917,88.78382477284954,89.8987831725703,1487300
2017-01-03,88.36261749267578,90.45213351151524,87.66886782838672,89.94834271306925,1770100
2017-01-04,91.37715148925781,91.65795946283839,88.49477562832038,88.8416505064896,2705500
2017-01-05,91.08806610107422,92.211285109732,90.98070189476358,90.99721704147056,3135300
2017-01-06,92.21956634521484,93.31800342649868,90.78250251971603,90.99723728118497,2009200
2017-01-09,90.17133331298828,91.58361483872463,89.42802558863048,91.58361483872463,2081800
2017-01-10,90.23739624023438,90.88985481840376,89.46931272933485,90.21262036909025,1814500
2017-01-11,91.30279541015625,91.38538374097458,89.8326953968127,90.31171653707906,1180200
2017-01-12,91.68272399902344,92.03785955924573,90.31999423067808,91.35236431259321,1239600
2017-01-13,92.1617431640625,92.37647791527463,91.30281676138839,91.68272821286388,1702800
2017-01-17,89.9400634765625,92.04609421061896,89.58492799262717,91.82310509330402,1876300
2017-01-18,90.82378387451172,90.88159634230679,87.45412669166211,88.33783515715054,2589600
2017-01-19,94.49903106689453,95.80394842843938,92.96286380352394,95.44881285032496,5852900
2017-01-20,93.81354522705078,93.9869889719626,92.29389926149554,93.88787916073983,2656400
2017-01-23,93.78050231933594,94.0778254119531,92.81419911778663,93.9043816903539,1951200
2017-01-24,96.31600189208984,96.70416775183618,93.57402719343293,94.1521519216398,3460700
2017-01-25,99.54525756835938,100.18120110446789,96.4729230174599,96.96846572651127,3832900
2017-01-26,98.70281219482422,100.899691821324,97.7199941428957,98.10816619033251,2586500
2017-01-27,99.3965835571289,99.61957900846842,98.24032788275053,99.25618274767011,2190000
2017-01-30,98.80196380615234,99.19013604273935,97.1006195873291,98.50464065902561,2510300
2017-01-31,97.00975036621094,98.90105309807916,96.72068800568236,98.64502733605197,3474900
2017-02-01,99.56681060791016,99.62492489407242,97.34185369858325,97.4414809037109,2913800
2017-02-02,99.18489837646484,99.62490737058128,97.64071180550235,98.89432699676352,2305300
2017-02-03,100.00679779052734,100.63775728360415,98.74488513835453,99.4754654807724,1683900
2017-02-06,99.51697540283203,100.23925187479283,98.46260832976887,99.73282479257772,2205800
2017-02-07,100.35548400878906,101.7004224884614,99.62490366216626,99.75773990735993,2004300
2017-02-08,100.4052963256836,100.53812623101993,98.86940739499002,100.00679394171358,1440800
2017-02-09,100.16454315185547,101.27701823940185,100.04831460043961,100.4053041037829,1817400
2017-02-10,100.55474090576172,101.07776938291038,99.58339325679857,100.45511371936061,1929900
2017-02-13,101.45966339111328,102.36459290951781,100.59624678358252,100.72908303119382,1565000
2017-02-14,101.6921157836914,102.11552338587914,100.96983930617303,101.14418212260783,1326200
2017-02-15,101.874755859375,102.46420239128508,100.58793810683223,101.65060263388027,2285800
2017-02-16,102.0573959350586,102.38117631433926,101.05284574113914,101.80833118146741,1482100
2017-02-17,101.93285369873047,102.26493789340437,101.09434253232423,101.81662518069149,1267000
2017-02-21,102.55552673339844,103.77593271557038,101.9577763475199,102.19023342336594,1486000
2017-02-22,101.55097961425781,102.19023659266011,101.20229398967474,101.99929241757053,1734800
2017-02-23,99.6498031616211,102.15703330707282,98.92752670522694,102.10721655099084,2379000
2017-02-24,99.69132232666016,99.70792369040922,98.5041252982068,98.79469666867143,2370600
2017-02-27,100.55474090576172,100.6377603941055,98.73658434132253,99.79094514464849,1872100
2017-02-28,100.48001861572266,101.44306241262133,100.10642775236285,100.67096913889426,1305600
2017-03-01,102.40611267089844,103.36085273808675,101.12759212594791,101.45137260371013,1582200
2017-03-02,101.09435272216797,102.34796767478038,101.03623845729084,102.30646110499946,1108100
2017-03-03,101.61742401123047,101.70874736518668,100.3139981721979,101.22722537777794,1790000
2017-03-06,102.0573959350586,102.20683352041735,100.63774204114036,100.73736287539299,1542800
2017-03-07,101.28533172607422,102.25667314132443,100.97815262011423,102.06572893182137,1961200
2017-03-08,99.51697540283203,101.40154364272883,99.3260248906933,101.28531509933329,1807900
2017-03-09,99.12678527832031,100.13133567949839,98.70337764344984,99.52528136550806,1658700
2017-03-10,99.34263610839844,100.28076833733249,98.76979088566146,99.5086750808534,1362900
2017-03-13,99.23471069335938,99.840765011692,98.72828356452807,99.4090535245008,1536200
2017-03-14,98.25505828857422,99.27621632058788,97.79014410631406,99.27621632058788,1664300
2017-03-15,97.55770111083984,97.90638679791493,96.23766767551044,97.10108437730227,3160300
2017-03-16,95.76443481445312,97.69051598032665,95.58178814919242,97.46636274003983,3952800
2017-03-17,95.23311614990234,96.08822899242624,94.81801233632908,95.82256280509861,4796600
2017-03-20,95.34101867675781,95.90555998521633,94.84289548317206,95.38253158204832,2530200
2017-03-21,92.56813049316406,95.99688497469593,91.89566448685866,95.56517988849522,3362600
2017-03-22,92.79228210449219,93.52286870010637,92.23604464390777,92.7673768949108,2378200
2017-03-23,91.7794418334961,92.9334297539768,91.58018747265038,91.85415746832781,2412600
2017-03-24,91.87076568603516,92.57644079958301,91.43905423573675,91.98699423019688,1276700
2017-03-27,92.26095581054688,92.73417382508782,90.71676937699634,90.91602373447287,1777000
2017-03-28,94.0791244506836,94.95914247487104,91.97039639843969,92.15304308285171,2243800
2017-03-29,93.98778533935547,94.41119291545549,93.42324401588219,93.69721399653397,1148900
2017-03-30,94.85121154785156,95.79764763775935,94.14553640488255,94.14553640488255,1283600
2017-03-31,92.95834350585938,94.41951061639887,92.9334382919607,94.27837051433784,2209100
2017-04-03,94.22856140136719,94.58555091818536,92.90023052506046,93.17420054973094,2288000
2017-04-04,95.6316146850586,95.68142511377528,94.02931377686562,94.41951235909633,2089400
2017-04-05,95.24972534179688,97.65732243105758,95.01726188200925,95.96369808506604,1726500
2017-04-06,96.20442199707031,96.45348672675442,95.19157438683695,95.19157438683695,1526400
2017-04-07,96.22103881835938,97.08445527346392,95.73951700674688,96.2791530829347,2126400
2017-04-10,95.88066101074219,97.13427609107313,95.4904624779651,96.29576475472113,2187300
2017-04-11,95.6565170288086,95.77274558164706,93.6972266609872,95.68142224241954,1823400
2017-04-12,92.80889129638672,95.84744725992154,92.60133943455581,95.84744725992154,1774300
2017-04-13,92.63456726074219,93.65571908081172,92.21115960330823,92.68437769079979,1340600
2017-04-17,93.97118377685547,93.97118377685547,92.46850397750167,92.89191155269906,1092800
2017-04-18,93.6889419555664,94.48594062387548,92.85873421766333,93.19912243051513,1900000
2017-04-19,93.43154907226562,94.72667069357935,93.3153205336339,94.31987080836831,1274400
2017-04-20,96.14632415771484,97.13427306447508,95.2829076370641,95.2829076370641,2444600
2017-04-21,96.61125946044922,96.8520204214573,95.598405187926,96.17954796692396,2081300
2017-04-24,97.17579650878906,98.11392876244717,97.00144734894143,97.96449114970703,1613900
2017-04-25,96.9516372680664,97.68222397027905,96.7938958057285,97.3501396814534,1967200
2017-04-26,97.81504821777344,98.88601666184161,95.88066320637942,96.41199550412138,4000200
2017-04-27,98.62865447998047,100.23925273832813,98.38789354259258,98.43770396619676,2274100
2017-04-28,97.54107666015625,99.30111882701262,97.37503769501039,98.59544372417199,1710700
2017-05-01,97.7237548828125,98.3464107041715,97.16751720255428,97.6739444439782,1528600
2017-05-02,98.16373443603516,98.18034213330273,97.06786077365854,97.57428786264886,1671400
2017-05-03,97.813232421875,98.02186059606213,97.22072917120273,97.32921352972247,1398900
2017-05-04,97.50446319580078,98.58098536913977,97.30418192561558,98.15538846584957,1072700
2017-05-05,97.64636993408203,97.85499818840083,97.33759782563175,97.51284479524006,2046700
2017-05-08,96.5948486328125,97.98014282262994,96.24435481375997,97.63798954677375,1685000
2017-05-09,97.36260223388672,97.81323988855002,96.41960510663381,96.46132692456015,1413800
2017-05-10,97.5628890991211,97.72978910314393,97.112251448067,97.49612655078114,1127000
2017-05-11,97.41267395019531,97.98014286229304,97.07052067420062,97.07052067420062,1066400
2017-05-12,97.6045913696289,97.67135390459845,96.8118069590493,97.07885073210173,977000
2017-05-15,97.74649047851562,97.87166868277497,97.35427477651731,97.75483738995369,965700
2017-05-16,97.52116394042969,98.35567672008983,96.97872936028516,98.28056725917025,1132900
2017-05-17,93.56558990478516,97.52117932154101,93.42371787107807,97.52117932154101,1734600
2017-05-18,94.133056640625,95.00929135597663,92.80617783333813,93.3652999422046,2308900
2017-05-19,94.5252685546875,95.30136576672943,94.30829979588323,94.41678417528537,1143400
2017-05-22,95.29299926757812,95.45989924686606,94.52524280910575,94.95919294217614,1259000
2017-05-23,95.44322967529297,95.685239147375,94.66713252924619,95.26798275416334,995400
2017-05-24,95.94392395019531,96.01068649271153,95.13444563095895,95.45990506719242,1006800
2017-05-25,99.9496078491211,100.13320170694791,96.00236537315735,96.31113744012319,4589800
2017-05-26,102.0859603881836,102.56163246695512,99.4739310437967,99.69925308295724,2747500
2017-05-30,103.58807373046875,103.83843012241654,101.15964474261636,101.71876680222856,3115600
2017-05-31,103.50462341308594,103.67987034019518,102.51155112597272,103.4378608598555,2387500
2017-06-01,103.89683532714844,104.43926987732222,103.35440077697466,103.81338532715868,1508500
2017-06-02,103.17915344238281,104.5727881736406,103.07900962271104,103.83007235318216,1316300
2017-06-05,102.22781372070312,103.37109850090263,102.1944324460812,103.35440468017809,1521700
2017-06-06,100.93434143066406,101.96079518777103,100.86758523168463,101.56022615975085,1608200
2017-06-07,100.32512664794922,101.70207399757713,100.04138899421166,101.61027708314678,2156600
2017-06-08,100.50037384033203,100.6756207592239,100.03304872328704,100.32512692144016,1817000
2017-06-09,99.24026489257812,101.10957822864647,97.97180818372887,100.6589405333529,2497000
2017-06-12,99.89117431640625,100.08311505163239,98.35567390190536,99.29867102384382,2376700
2017-06-13,100.750732421875,101.10122626731939,99.70759142936619,100.25001965200889,1784000
2017-06-14,98.7145004272461,101.34321650270081,98.41407536908979,101.10955398342948,1686800
2017-06-15,98.7145004272461,99.03995984577776,97.57956273350582,97.73812217165114,1534900
2017-06-16,99.42385864257812,99.4572399199941,98.53927707495173,99.05667095783011,1550500
2017-06-19,100.2416763305664,100.36684815273718,99.11507899641214,99.74931048499509,1065600
2017-06-20,98.24718475341797,99.84110072856247,98.22214402382967,99.84110072856247,1428300
2017-06-21,98.03022003173828,98.69782645434582,97.70476054776628,98.69782645434582,1494800
2017-06-22,97.97179412841797,98.34732230387444,97.05383141421468,98.01351594412048,1144300
2017-06-23,99.54904174804688,100.14154512602316,97.50448138162712,97.82994726076844,2369300
2017-06-26,99.70758819580078,100.76741660841495,99.19853489861914,100.09146330457548,938800
2017-06-27,99.34039306640625,100.4419495812153,98.88975544214438,99.73261505605049,1167800
2017-06-28,100.74237060546875,100.99272058653288,99.7159172193092,100.2583517285211,947600
2017-06-29,99.74097442626953,101.18468447837556,99.231927438128,101.07620009841554,1001800
2017-06-30,101.5602035522461,102.06091631751882,99.90787180069341,100.25001873234733,1374300
2017-07-03,102.87873840332031,103.22923225618085,101.30985660944874,102.07760686814159,972000
2017-07-05,102.36969757080078,102.99558225592452,101.98582239461093,102.74523220197197,1242000
2017-07-06,101.17631530761719,101.76881854503428,100.37518390068028,101.22639039774393,1680000
2017-07-07,102.09427642822266,102.30290459457116,101.14293249901964,101.49343265727315,960300
2017-07-10,102.64507293701172,103.33772007917807,101.70207577851001,102.03587580029048,1179000
2017-07-11,102.22781372070312,102.78693574525948,101.08452894050362,102.78693574525948,1167600
2017-07-12,102.87873840332031,103.67986993849904,102.22781942891432,102.81197585034855,984800
2017-07-13,102.30290222167969,103.48791501784109,102.25283350030182,102.92044616386242,809200
2017-07-14,103.47959899902344,103.54636155867446,102.29459221594435,102.51156098456798,818800
2017-07-17,103.06232452392578,103.49626835209632,102.45312741561933,103.32936834899081,1006000
2017-07-18,102.86203002929688,103.37942379253626,102.46146115975802,103.0623112806532,1497500
2017-07-19,100.70065307617188,102.01918476311194,99.69089340204498,102.01918476311194,2416500
2017-07-20,98.90646362304688,101.24310223110497,98.53928228570997,101.2013740404215,2917800
2017-07-21,98.34732818603516,98.7896189332612,97.3792966883601,98.28056563672594,1979200
2017-07-24,98.05523681640625,99.30700579704123,97.73812430003619,98.41407751219467,1494200
2017-07-25,99.29867553710938,99.52399755682593,98.47250965407919,98.7479004040317,2188900
2017-07-26,97.14562225341797,100.97603232435614,95.56838746128456,100.04972275815024,3613400
2017-07-27,94.30827331542969,96.88691426462795,93.67404193918804,96.73670173780297,3376500
2017-07-28,95.32640838623047,95.44323967922928,94.21650473591373,94.21650473591373,1656300
2017-07-31,93.94945526123047,95.5767527214254,93.85765834123715,94.90914628227026,1784900
2017-08-01,94.27491760253906,95.07604917383435,93.67406733236065,94.61706455999591,2398100
2017-08-02,93.86599731445312,94.23317859654827,92.99810328679972,93.61564094167399,2227600
2017-08-03,95.17495727539062,96.19861559985459,94.39462809375377,94.49531800161013,3286300
2017-08-04,96.16503143310547,96.49226556070957,95.05746829316604,95.2504492394228,2376500
2017-08-07,97.2390365600586,97.74247321437142,96.60134671710534,96.61813156645758,2473100
2017-08-08,98.34661102294922,99.31153512178741,96.81112361013632,96.94537681415159,1887100
2017-08-09,98.55634307861328,98.71576710336183,97.59981173320776,98.03612169364735,1484500
2017-08-10,96.8614730834961,98.92556811179459,96.8363022077862,98.34661236428634,1415800
2017-08-11,97.80120849609375,98.3801641759861,96.39997443183417,96.39997443183417,1101300
2017-08-14,100.31002807617188,100.48623061504009,98.17880635600393,98.42213550059684,2021700
2017-08-15,100.72115325927734,100.92252664676707,99.68071662211173,100.0666849487773,1360900
2017-08-16,101.04837799072266,101.795143701167,100.51137807313445,100.68758057094833,1180300
2017-08-17,98.58991241455078,100.82182329174012,98.52278583143006,100.74630428534347,1320200
2017-08-18,99.53805541992188,100.36873251615482,97.97739750775179,98.48084049996942,1448200
2017-08-21,98.73258209228516,99.97439865733264,98.37178459852197,99.63877203962696,1745500
2017-08-22,101.02320861816406,101.14906937605326,98.90876580994892,99.16048732572732,1316500
2017-08-23,99.7981948852539,100.85541007582454,99.64716322923735,100.51139743806446,951200
2017-08-24,98.79130554199219,100.37713457685403,98.25430557259689,99.89886877906308,959800
2017-08-25,99.18566131591797,100.29322449739122,98.89199047263799,99.45416128713741,989800
2017-08-28,98.80806732177734,99.4960987720171,98.35497250310095,99.4960987720171,2371000
2017-08-29,100.18414306640625,100.31000382132068,98.08648515631208,98.08648515631208,1047900
2017-08-30,101.3504638671875,101.77838797256409,99.98279289704087,100.1673814586597,1195500
2017-08-31,101.12387084960938,102.29856034044566,100.87215578827906,101.91259212517167,1427600
2017-09-01,101.6609115600586,102.71812669916368,101.54343680972426,101.67769000922357,1051400
2017-09-05,101.61893463134766,102.26501041488154,100.79664995985188,101.69444723915113,2587900
2017-09-06,102.73490142822266,104.03544556212933,101.67767999173229,102.1643381896534,2601000
2017-09-07,103.985107421875,104.33751244573705,102.62582267070705,103.12926573513225,1373400
2017-09-08,103.97669219970703,104.24519212114325,103.2047557257708,103.87600873013288,1049700
2017-09-11,106.07437896728516,106.07437896728516,104.07741065327856,104.70670811711136,1349800
2017-09-12,106.20861053466797,106.54423706066571,105.93171817060406,105.93171817060406,1576000
2017-09-13,106.35964965820312,106.38482052915941,105.30242826723128,106.14149144067535,1173500
2017-09-14,106.5022964477539,107.34975210573121,105.74713825755356,105.95690406585675,922600
2017-09-15,107.43365478515625,107.4756105090116,106.18345871465681,106.67011054303751,1656000
2017-09-18,106.85468292236328,107.75248017000676,106.72043615715381,107.75248017000676,1083900
2017-09-19,107.2322769165039,107.46721358255144,106.45194790339227,107.14836547730633,1142700
2017-09-20,109.9004898071289,109.93405950347041,107.17354092142303,107.33295856978161,1044600
2017-09-21,109.67396545410156,110.1857945599873,109.14535149798152,109.5816679824471,1200600
2017-09-22,109.90890502929688,110.04314542542572,108.96075941406394,109.51454425852334,1232300
2017-09-25,109.3802719116211,110.261290773017,108.65029107367842,109.91727181140062,1222300
2017-09-26,109.91729736328125,110.30327213242053,109.07823402463025,109.6487909494295,1122700
2017-09-27,111.18425750732422,111.2178272042942,109.90049186461673,110.22772599308946,1162000
2017-09-28,111.41917419433594,112.27502207036832,111.03321237000766,111.03321237000766,1140100
2017-09-29,110.95772552490234,111.85551651838433,110.83185835925168,111.22621909939731,1438600
2017-10-02,110.45427703857422,111.42759340483413,109.8249796505233,111.30172624537107,1699700
2017-10-03,110.39554595947266,110.7479509498322,109.58165367111094,109.9592295319899,3011100
2017-10-04,109.49776458740234,110.49625199880109,109.21248612788567,109.89212537683025,2298100
2017-10-05,110.01795196533203,110.2025468755896,108.96912306754452,109.53969264554624,1790800
2017-10-06,109.46418762207031,110.2361242079565,108.89361800453564,109.85853553612137,1281700
2017-10-09,109.74107360839844,109.94245339159114,109.38866859012778,109.49775090640992,764100
2017-10-10,109.07820892333984,110.32001879391028,108.6670633729019,110.26967705367043,1237000
2017-10-11,110.32843017578125,110.387157945049,108.95236697257027,109.13696190985009,1192500
2017-10-12,112.17436981201172,112.40930650168322,110.4878444574042,110.4878444574042,1311900
2017-10-13,110.46268463134766,112.87080514595606,110.39557083023448,112.51840007620399,896800
2017-10-16,108.910400390625,110.22772289013119,108.50765365993946,109.7914192665084,1696200
2017-10-17,108.64191436767578,109.58167398593991,107.93710425629527,108.04618658416017,1894300
2017-10-18,109.5145492553711,110.29487200563987,109.11178963933848,109.22087196906695,1220100
2017-10-19,109.27958679199219,109.36348542324089,108.13846042169365,109.00269442238805,1844400
2017-10-20,111.3856430053711,111.49472532149846,109.49775075104277,109.76625712825206,1831400
2017-10-23,110.64726257324219,112.24149037091732,110.56336393321003,111.6037941306118,1275000
2017-10-24,111.01642608642578,112.77846354900484,110.78987548624605,111.2933184192931,2063000
2017-10-25,107.97904205322266,110.11025688463984,105.55414998928225,108.83489007669809,3623400
2017-10-26,111.80518341064453,112.12403155788499,109.32994926536078,109.91729100783814,2319500
2017-10-27,112.14080047607422,112.7868827763147,111.20943973788992,111.6289713712506,1688800
2017-10-30,111.4275894165039,112.35895002960659,111.14231101687295,111.5198868755713,1240500
2017-10-31,110.26969146728516,111.59541294693524,110.21934972046502,111.59541294693524,1228000
2017-11-01,110.62210845947266,111.1339376126358,109.68236160897925,111.1339376126358,978400
2017-11-02,111.3976058959961,111.45661950684243,109.55995189547404,110.25961304673532,1231100
2017-11-03,109.88871765136719,111.43134233357576,109.34922154905941,111.36390371296208,1229400
2017-11-06,109.6864013671875,110.17532171780289,109.45037262724927,109.98986872747976,950300
2017-11-07,109.12161254882812,110.20904256769421,108.84343307569031,109.45036776933625,980000
2017-11-08,109.02043914794922,109.24804282798291,108.05946155320504,109.13845348896697,1582200
2017-11-09,107.89088439941406,108.9867329670752,107.58741705912627,108.3123725331919,1103700
2017-11-10,107.18280029296875,108.1437716473423,107.02263518492289,107.60428200357319,1301000
2017-11-13,107.57899475097656,107.75601629869627,105.86777359375158,106.60958552473004,925900
2017-11-14,107.03948974609375,107.73071944057733,106.47469940993642,107.19122340738527,1141900
2017-11-15,106.56744384765625,112.3248860811043,106.1206742228334,106.43257303228572,1345400
2017-11-16,108.92772674560547,109.12160471747796,106.69387254842621,107.26708789225373,1368100
2017-11-17,107.51156616210938,109.12162311182348,107.39355178595446,108.23650885936048,1206900
2017-11-20,107.11538696289062,107.62959528572316,106.66861727318741,107.62959528572316,974900
2017-11-21,108.82660675048828,108.97833402561722,107.35141400772599,107.56215490936319,1049500
2017-11-22,108.93616485595703,109.55153744577717,108.57369674046998,109.04575422231437,621100
2017-11-24,109.5936508178711,110.50405269892836,109.12159344160409,109.14688131086133,585800
2017-11-27,107.46098327636719,108.77599776709955,106.55058120820549,108.21121379994952,1642500
2017-11-28,109.71168518066406,109.82969954626451,106.94677259281053,107.73915384308482,1522200
2017-11-29,114.98863220214844,115.67143044897267,109.7285363343251,110.08257939332285,3635200
2017-11-30,116.86000061035156,117.99799329146035,113.95176707923251,114.66829099380358,3097800
2017-12-01,115.90746307373047,117.53437619955363,113.65675242519261,117.1213323813914,2417000
2017-12-04,117.92215728759766,119.540645578813,116.83474008943477,117.17192032662905,2217600
2017-12-05,117.0370101928711,118.66393589345168,116.92743372101083,118.14972781556014,2308400
2017-12-06,116.94434356689453,117.6102920534754,116.63245113241751,116.97806931595419,1215700
2017-12-07,118.88313293457031,119.38891614369754,116.86002582326405,117.02861593877269,1488100
2017-12-08,118.70612335205078,120.3414616976237,118.5375203660766,119.3299080947883,1062000
2017-12-11,119.32144927978516,120.02111031299691,118.55434964381341,119.08542060142435,1405300
2017-12-12,119.24559020996094,119.83566192830287,118.73980710132572,119.79351119215013,1208100
2017-12-13,119.55747985839844,120.83878760600672,119.09384749617848,119.16128610001033,1425500
2017-12-14,118.73983001708984,120.49319550611796,118.45322553609712,120.03798804797539,990500
2017-12-15,118.95056915283203,119.38047586809358,116.75885910764525,117.91372774390648,2766300
2017-12-18,121.07487487792969,121.31932868034107,118.88316421188989,120.08017106830697,1885400
2017-12-19,121.15069580078125,121.91779554966386,120.16443020761797,121.68176683656155,1433100
2017-12-20,122.09481048583984,122.59215578329515,121.13383276592612,121.74919241977082,1812000
2017-12-21,121.62277221679688,122.68490159159495,120.45105347144742,122.68490159159495,1073900
2017-12-22,121.82504272460938,122.05263352279216,120.9652166770155,121.90090632400364,578800
2017-12-26,121.89249420166016,122.61744312964055,121.42886182982407,121.7913298625149,465800
2017-12-27,122.996826171875,123.3508693524776,121.63965421492954,122.22130117684962,919500
2017-12-28,122.49099731445312,123.34239849515204,121.69860973988555,123.07264406015057,569900
2017-12-29,122.14540100097656,123.13167957466125,122.14540100097656,122.66804709613463,700800
2018-01-02,123.8819351196289,123.89036012501022,122.08641855292905,123.0389715277666,1050200
2018-01-03,123.89031219482422,124.37079456774474,122.97991032431311,123.79758572108886,1172500
2018-01-04,124.23596954345703,125.25594821478668,123.83977565414965,124.53099906228837,1545100
2018-01-05,126.67208862304688,128.00397207468404,125.12946436316203,125.12946436316203,1573100
2018-01-08,128.61093139648438,128.8385222521456,126.43608429307268,126.44450929648956,1374100
2018-01-09,129.47923278808594,130.33062151639865,128.73742059701388,128.94816152742246,1304900
2018-01-10,127.80168914794922,129.90067276863996,127.63309903049729,129.10828506775425,1123200
2018-01-11,129.8416748046875,130.3558830855914,127.83541743614401,128.20632345680949,1781500
2018-01-12,130.10301208496094,131.56977352772665,130.010285565086,130.8954000070549,1850500
2018-01-16,128.97340393066406,132.47169699681484,128.93125318692466,130.55817928453723,2492300
2018-01-17,129.85850524902344,130.10295895836097,127.95339986636627,128.7795132015892,2084900
2018-01-18,129.3190155029297,130.41487047190813,128.88909594610098,130.06925239830872,1757000
2018-01-19,127.62468719482422,129.6899583583069,127.57411143553314,129.5297932121491,3040900
2018-01-22,127.68367004394531,128.13886463044344,126.29278554830012,127.65838217039547,2403700
2018-01-23,127.84381866455078,128.3580267980861,125.63524604607818,127.39704913931838,2632500
2018-01-24,126.39393615722656,128.1304387293583,124.05892390253828,127.07673446349186,2928000
2018-01-25,124.95248413085938,127.57410130088347,124.59844098134332,126.1916415854671,1649700
2018-01-26,127.26217651367188,127.59935670475082,125.12104242626117,125.42450974327215,2148600
2018-01-29,127.61622619628906,128.4676145836398,127.00086652746327,127.2621831185016,1566400
2018-01-30,126.48663330078125,127.63306379056297,126.19159102975146,127.00926637936186,1471600
2018-01-31,127.18632507324219,127.85226051627062,126.22534728783094,126.67211687194137,1690100
2018-02-01,125.75481414794922,127.34718744013962,125.2720151681503,126.44088602512144,1427000
2018-02-02,122.84121704101562,125.22977895708357,122.4854762517824,124.6368647174155,1774600
2018-02-05,117.40338897705078,124.28106692984724,117.03917002760072,122.59553488657407,2508900
2018-02-06,121.16409301757812,121.50288991828536,113.96454902122616,116.03124371865093,2455000
2018-02-07,120.85072326660156,122.34992643097198,119.74114826968322,120.35099318657029,1464500
2018-02-08,115.94656372070312,121.35046207691391,115.92961999463168,120.7999008359395,2657200
2018-02-09,117.07306671142578,118.14876699792921,111.64375995605721,116.93754276957388,2382500
2018-02-12,118.50450897216797,119.3684450314801,116.43781407086516,117.94548239900745,1762700
2018-02-13,118.8432846069336,119.38536735895197,116.34462212379069,117.69135714336053,1344400
2018-02-14,120.48649597167969,120.64742903594053,116.88672368430086,118.26734636793395,1646300
2018-02-15,120.59660339355469,121.36736829595989,118.95341125290713,121.13020787610081,1378800
2018-02-16,120.81684875488281,122.02807318764035,120.07147987318585,120.27476582026955,1277100
2018-02-20,118.6061782836914,120.2578364120357,117.79306024709645,120.02915423414983,1763300
2018-02-21,117.64905548095703,121.02861198392145,117.56436268789909,118.70781232626541,1739800
2018-02-22,119.83428192138672,121.04550597535919,117.64900713967339,118.43672862953721,1810900
2018-02-23,120.7999038696289,121.46904536135546,119.52939579216364,120.56274339577752,1348300
2018-02-26,123.25621795654297,123.67972061713171,120.83378222100437,121.33351225867295,1596000
2018-02-27,120.9777603149414,125.02644433940495,120.94387286765401,123.64582165861604,1595500
2018-02-28,117.8014907836914,121.5028995609754,117.77608166033552,120.79988365815562,1693400
2018-03-01,117.45425415039062,119.58871168400285,115.7263685726998,118.11491742341465,2167700
2018-03-02,117.44578552246094,118.08103964632849,115.28591891645559,116.49713057564284,1339400
2018-03-05,119.28376770019531,119.58021182486159,115.60776749954427,116.75121699344496,1495200
2018-03-06,119.49556732177734,119.96988845230231,118.16576215115133,119.7242624826667,1185000
2018-03-07,119.1905746459961,120.13921634909643,117.79302121380195,118.021703315909,1288500
2018-03-08,118.95346069335938,120.51194779283459,117.94552202789347,119.81740996722715,1540200
2018-03-09,123.26467895507812,123.63736335097127,119.79195209255575,120.01218173973355,1759200
2018-03-12,120.74910736083984,123.65434307515538,120.49500311472833,123.13766918029756,1410600
2018-03-13,120.59660339355469,122.54470499607227,120.37637377206157,121.46901770752346,1402800
2018-03-14,115.73479461669922,121.44361454462043,115.10800609101761,121.44361454462043,2705300
2018-03-15,116.57334899902344,117.18319387734203,115.13342958260262,115.82798016457274,1972600
2018-03-16,117.386474609375,118.17419634747067,116.75122056302678,116.75122056302678,2177100
2018-03-19,117.87771606445312,118.14876394114428,115.89572693217706,116.87825609877129,2054300
2018-03-20,117.98784637451172,118.44522357114992,117.23401213934497,118.36053079176735,1395200
2018-03-21,118.11490631103516,120.1646579299179,117.53047048812628,118.25043028359204,1193400
2018-03-22,113.65966033935547,117.29330793521775,113.583432952737,116.62417933443818,2971100
2018-03-23,111.95716094970703,115.22660211739654,111.67766055759395,113.86292298704292,1973800
2018-03-26,115.35365295410156,115.53151682808769,111.64376563394677,113.4563564445072,1957700
2018-03-27,113.15144348144531,116.69193262379268,112.47383660535108,115.61623219265344,1993900
2018-03-28,113.47329711914062,114.98943086660549,111.99103789581378,113.36318229821129,1838800
2018-03-29,115.00637817382812,116.46322831837085,113.91374702755866,114.25254397659295,1589900
2018-04-02,112.5077133178711,115.64163028084224,110.97463582316986,114.8285124465678,1908700
2018-04-03,112.965087890625,113.53257986642481,111.74539824294045,112.91426964268392,2352800
2018-04-04,111.78775787353516,112.0757495031325,110.86452518185739,111.33038069004012,2876100
2018-04-05,113.2446060180664,113.63423414272314,111.63530111787708,112.37219159306295,2650300
2018-04-06,109.568603515625,113.14296683044454,108.23880548477928,112.32983607512793,2298500
2018-04-09,109.19593811035156,111.03393833623744,109.04348333712724,110.24622949269083,1203200
2018-04-10,110.1106948852539,111.45743028240886,109.54320285483531,110.44949185365202,1841200
2018-04-11,111.00004577636719,111.77082369165582,109.26368234799749,109.44155914547757,1705600
2018-04-12,112.79571533203125,113.42250402391949,111.38121776756935,111.49979801476144,1495000
2018-04-13,113.08367919921875,113.91375374456649,112.59241454715865,113.3123742616534,1790300
2018-04-16,115.59928131103516,115.98043111640887,114.12550034035344,114.12550034035344,1464100
2018-04-17,114.81159210205078,116.23455506393711,114.17633801029204,116.23455506393711,1327800
2018-04-18,117.40338897705078,118.85177352720946,116.13288120206977,116.13288120206977,2189800
2018-04-19,117.61514282226562,117.9454743339499,115.50609521734371,116.7257847756468,1623200
2018-04-20,115.8279800415039,118.1148918706309,115.26895341625985,117.44576333988785,1369900
2018-04-23,116.68346405029297,116.95451199309363,115.15886460700965,115.78564035725097,1558900
2018-04-24,114.3203125,118.13183655421398,113.04980448192867,117.14084185103145,2746600
2018-04-25,123.62890625,124.01005607164997,118.18265514309165,119.23294642708966,4979400
2018-04-26,122.5532455444336,125.22130808466093,120.53736802782088,122.46007440902007,3739300
2018-04-27,124.18791198730469,124.47590360952081,121.39280485839754,122.55319797463203,1413700
2018-04-30,121.5198745727539,125.13659151148423,121.2318958177241,124.50980281735079,2471700
2018-05-01,120.68981170654297,122.05349100347493,119.11438104626305,121.2742346129902,1835300
2018-05-02,120.61356353759766,122.67179337590946,119.61410337134441,120.36793765879402,1566600
2018-05-03,119.98359680175781,120.73275352954238,117.77018628237018,120.42628150362648,1771000
2018-05-04,122.52050018310547,123.36330152933739,119.34511838743266,119.45579281399662,1346300
2018-05-07,123.84001922607422,124.1379828077398,122.6226396383615,122.90357338937213,1463600
2018-05-08,124.3678207397461,125.77248942333864,122.99721171573071,123.36328161143814,1432800
2018-05-09,128.48817443847656,129.56934145905745,124.59769563253936,125.01484208676813,2193800
2018-05-10,129.1947784423828,129.38206764898933,127.83269047337608,128.65846206888003,1692200
2018-05-11,129.7395782470703,130.8718215773822,128.81165389777647,129.39905960199388,1200400
2018-05-14,128.07101440429688,130.61642171725202,127.82412735343735,129.96092269797006,1242200
2018-05-15,128.32643127441406,128.46263095661666,126.98986878503018,127.33890888620175,1418600
2018-05-16,128.44561767578125,129.06707014854106,127.52620159816024,128.47966434978687,1658500
2018-05-17,129.80770874023438,130.8718459416495,128.55628235217372,128.55628235217372,1322700
2018-05-18,129.8162078857422,130.4121220183341,128.78611753586958,129.55229099349435,1091800
2018-05-21,129.88433837890625,131.6550512766361,129.67151093552988,130.47173121106175,1363500
2018-05-22,129.22879028320312,131.26341955654084,129.18622220837293,129.89281068270563,1412300
2018-05-23,128.11361694335938,128.96492674644912,126.83665223872477,128.71803962917733,1994500
2018-05-24,130.2418670654297,131.1187149592402,128.01142696577736,128.2072375365945,2101900
2018-05-25,130.26744079589844,130.64201921953958,129.5012541139167,129.58639029745615,1355900
2018-05-29,129.09263610839844,130.02056080619033,127.82417964768393,128.97345323886515,1439900
2018-05-30,131.8167724609375,132.40417815047175,129.48419252156808,129.9864620569845,2084200
2018-05-31,129.1011199951172,132.12327224314734,128.93086064099353,131.6380324343971,1899100
2018-06-01,132.1487579345703,132.80426982667024,129.85873351109007,130.2418331429354,1663000
2018-06-04,129.1947784423828,132.94905800668957,128.8542596976205,132.5659711713426,1415100
2018-06-05,128.48817443847656,129.90135174223352,127.83267528320324,129.15220799478462,1601500
2018-06-06,129.45016479492188,129.4842244609517,126.5046401912121,128.55628691600867,1962700
2018-06-07,129.56935119628906,130.48876735493818,128.47967567269535,130.1652654685736,1321000
2018-06-08,131.2974853515625,131.31451518196624,129.33947053367842,129.56081935906334,1166300
2018-06-11,132.90646362304688,133.8939859734352,130.76117257352655,130.87183399920542,1835600
2018-06-12,133.04266357421875,135.00067825699867,132.40418137265706,133.32359730170035,1560300
2018-06-13,131.24642944335938,133.6641461418567,130.67605343990832,133.09377013840563,1758700
2018-06-14,130.65049743652344,131.87638545231212,130.26741067907818,131.82530894998007,1466700
2018-06-15,131.66357421875,131.88491008605055,129.27139580577963,130.5909155780897,2476100
2018-06-18,130.9143829345703,131.81676898865405,129.81619931911726,130.49723657430673,918300
2018-06-19,128.47117614746094,129.59489842587772,127.3559622913957,129.24587125005633,1467200
2018-06-20,128.60736083984375,129.6204084573049,128.0029252456026,129.19475361317745,1094300
2018-06-21,127.67941284179688,128.76057969360133,126.93877763108836,128.4115396327107,886400
2018-06-22,129.245849609375,130.30998677323842,128.67546065838326,128.87127124930217,1666800
2018-06-25,129.5948944091797,131.2804972594975,128.38603598488424,131.27197584745232,1883700
2018-06-26,128.59886169433594,129.85879661390445,127.97740915150216,129.85879661390445,2403100
2018-06-27,127.73051452636719,130.82928162660824,127.73051452636719,128.90532618737805,1882800
2018-06-28,127.45809173583984,128.34344812501843,125.32981744555391,126.95582212092165,1803200
2018-06-29,128.4370880126953,130.19930529573492,127.58577832773818,127.61131657909051,1318500
2018-07-02,129.5778350830078,130.07158320137347,127.60279064973273,128.0114156052557,901900
2018-07-03,128.48817443847656,130.90590400284054,128.23279190523027,130.071611094383,622400
2018-07-05,130.31851196289062,130.43769482098094,128.99897911191806,129.15222163800976,1174800
2018-07-06,131.54432678222656,132.19131722356542,129.67995719355991,130.57383462524322,1232200
2018-07-09,133.77479553222656,133.970593111101,131.63801302463347,132.48080124976275,1114200
2018-07-10,135.11135864257812,135.39227939254064,133.39170953306697,133.74074960295937,2365900
2018-07-11,132.60000610351562,133.94507710910187,131.6210050565803,133.7833261731833,1647900
2018-07-12,134.08981323242188,134.78789356248586,133.00013763570158,133.97915178225784,2080900
2018-07-13,135.7498779296875,136.5160516186454,133.68969660790546,133.83443071733495,1748800
2018-07-16,132.1487579345703,136.47341135695086,131.1016509827386,136.47341135695086,2167700
2018-07-17,131.91897583007812,132.60001329621525,130.4376920623202,132.12328187393646,2105600
2018-07-18,136.1329345703125,137.06085900749457,134.62611279372598,134.89001671714888,2202400
2018-07-19,136.61817932128906,136.92465133805234,133.5279338913775,134.37924360572495,1916000
2018-07-20,137.78448486328125,138.48255208642948,135.71579546660422,135.74985513014641,1662900
2018-07-23,138.7550048828125,139.5722551101119,136.97575732450386,137.81855879949217,1546600
2018-07-24,136.61817932128906,139.9978799264448,135.94565036253493,139.5211485648031,2865200
2018-07-25,143.32652282714844,143.6670415615708,132.25098666710375,133.4428152275391,3612300
2018-07-26,144.3566131591797,147.11484867667258,143.18180144471742,145.14832506069502,2470300
2018-07-27,143.224365234375,144.50132993264523,141.9814472124777,144.36511724724016,1862800
2018-07-30,143.4286651611328,145.5228928926434,143.24989738536786,143.29246547148776,1294800
2018-07-31,143.871337890625,145.8889377030748,143.77769330494414,144.06713548251952,1687000
2018-08-01,142.96044921875,144.50133087628882,142.64546874790585,143.90540362123912,1728500
2018-08-02,144.1352081298828,144.48424813947645,141.96436632551888,142.30489791656828,1310400
2018-08-03,146.79541015625,146.87240170519155,144.43464487721985,145.01627759243112,1667100
2018-08-06,147.7106170654297,148.40344952538618,146.1538714453978,146.66708744250445,1646900
2018-08-07,148.12118530273438,149.1989232585054,147.864577298515,148.02709613624145,1260700
2018-08-08,147.83889770507812,148.3948838139066,147.09474634046944,147.84745957008414,901200
2018-08-09,146.85525512695312,148.12972010973792,146.84669326159278,147.5651982157883,952900
2018-08-10,147.069091796875,147.65072436542027,145.57222715228923,146.26505955666624,1191800
2018-08-13,146.36769104003906,148.17248256787153,146.22228290434737,147.85600680499098,1408000
2018-08-14,147.28292846679688,148.61727427998613,146.82959336492164,146.82959336492164,1634600
2018-08-15,147.0006866455078,147.95867600127104,145.96570574737882,147.54811099903338,2003100
2018-08-16,148.37777709960938,148.97652034297016,146.915120771463,147.75337436379195,1370400
2018-08-17,148.89102172851562,149.68649225112668,148.60875420550406,148.65151133341757,1136600
2018-08-20,149.5752716064453,150.64446068821294,148.90809866355227,149.19036614733386,1039800
2018-08-21,150.6102294921875,151.13199420686288,149.7377676795976,149.96871614061723,1278700
2018-08-22,148.92523193359375,150.74713458180773,148.92523193359375,150.44775637285068,1174400
2018-08-23,148.52322387695312,149.53254536542818,148.07843747262714,148.93378891468552,1603800
2018-08-24,149.5667266845703,150.42207797224333,148.5830779243963,149.036413062733,1381500
2018-08-27,150.17401123046875,151.39715713918704,150.09701970591018,150.55035478202763,1675800
2018-08-28,149.8062286376953,151.21755308538826,149.62659911900926,151.0293878037711,1898400
2018-08-29,149.4469757080078,151.46560523766638,149.31867823749707,150.29377816825271,1221400
2018-08-30,148.99365234375,150.20824968313386,148.70283601987478,148.99365234375,1572700
2018-08-31,148.69430541992188,149.14764068235354,148.01858346040459,148.59166741382518,2089700
2018-09-04,149.13905334472656,149.5239588198007,148.55740767327833,148.66005870448984,1609800
2018-09-05,149.66934204101562,149.8318608493698,148.12115853258538,149.03639053684404,1670000
2018-09-06,149.35287475585938,150.5931313955146,149.2844450931139,149.59237204965663,1581600
2018-09-07,151.4827117919922,152.12422523032367,148.60873106620213,148.90809617311558,1700700
2018-09-10,154.06582641601562,154.23690706672025,151.79915136201268,152.14984842368747,2128600
2018-09-11,152.24400329589844,153.92904663025112,152.00450594344875,153.80929795402625,1849000
2018-09-12,152.26104736328125,153.64672504541892,151.88470383584442,152.07286907375172,1150400
2018-09-13,151.7991943359375,152.92825125081782,151.55969701909547,152.77429428354432,1712600
2018-09-14,153.4499969482422,154.08296152199367,151.57678882158416,152.11565119155503,1448500
2018-09-17,153.35595703125,154.78440545032333,152.8855241710534,153.5612460795807,1565600
2018-09-18,159.70260620117188,159.87367380718138,156.65754538706722,156.9312639979798,4374900
2018-09-19,158.8216552734375,159.7796577984948,158.10316316836528,159.09537400963322,1855100
2018-09-20,157.62411499023438,159.80526311763973,157.37606888982964,159.27494956059445,1897500
2018-09-21,157.5899658203125,158.9328608949569,157.20504720214947,157.3761279442789,2243600
2018-09-24,156.11016845703125,158.33408716299522,156.01607928751065,157.41885496387425,1663900
2018-09-25,155.97332763671875,157.4872901653853,155.73383029710058,156.8201171405023,1338400
2018-09-26,154.4593505859375,156.418099463087,154.2455127453409,155.92199410670773,2177900
2018-09-27,155.9562225341797,156.49509809341194,154.5192253934359,155.15219012885748,1417600
2018-09-28,154.39089965820312,156.14437232004772,154.09152150192813,155.6739265251688,2573100
2018-10-01,157.7695770263672,158.67624750202594,155.87925757465476,156.00755507531298,1693300
2018-10-02,155.1008758544922,157.37611378314844,154.96401649375488,157.28202460409491,1891500
2018-10-03,155.8877716064453,156.94841189785325,154.92978234428642,155.7423634542694,1901300
2018-10-04,156.89707946777344,157.18790882302784,155.20348758305565,157.18790882302784,1516800
2018-10-05,156.54638671875,157.92350272946928,155.80222226903118,156.5378248533587,1479700
2018-10-08,157.37608337402344,157.84651612676424,155.40021099568924,156.5207321121318,1186800
2018-10-09,155.4087677001953,158.02614038640036,155.22913819844885,157.47016730528455,1307700
2018-10-10,146.77830505371094,155.43445702119143,146.42760784829287,155.43445702119143,3207500
2018-10-11,143.81021118164062,149.1475946784312,142.85220889759213,146.77828109098064,3713500
2018-10-12,145.57225036621094,147.48822906377615,144.31488282012077,146.09401521902132,1980500
2018-10-15,144.9392852783203,146.5388011959268,144.66557963008546,145.5551393013812,2366200
2018-10-16,147.4197998046875,148.42910806041328,145.3412893866316,146.16243236636817,2351800
2018-10-17,144.5543670654297,148.80546399308147,143.25422945867027,148.17249934403253,2753800
2018-10-18,140.4144744873047,143.72467988768227,140.2262961545655,142.46731241511824,4485700
2018-10-19,140.2091827392578,141.45800137293156,139.58477994823343,140.74805823173946,2745100
2018-10-22,140.226318359375,141.1757589879482,138.6952319597885,139.67033208765062,2180700
2018-10-23,134.26451110839844,138.01095443941662,132.5794677961495,137.75434640755034,4492500
2018-10-24,137.01869201660156,140.2775775532062,134.98295226339584,137.17264894669862,4901300
2018-10-25,140.48287963867188,143.19434125781612,138.8919259542314,141.60338757337564,3522000
2018-10-26,138.51553344726562,139.88408712163172,136.9416908485158,138.38722297516847,2471500
2018-10-29,137.78848266601562,141.9027186849656,135.85539419988095,139.72158418377015,2788600
2018-10-30,142.2534942626953,142.6298509802288,137.7971206204401,138.10504765736502,1944200
2018-10-31,143.55361938476562,145.6748870893645,142.87788450583383,143.43387071720662,2161200
2018-11-01,144.6794891357422,145.83974930941318,143.73410409991507,144.50760213960427,2076400
2018-11-02,144.8943328857422,147.4812797179593,144.3958514799134,145.41859668203315,2127200
2018-11-05,143.69964599609375,145.90843277503086,143.57073409286537,145.67637823508923,1728700
2018-11-06,143.57078552246094,145.19514165566451,142.59960512314456,143.21840870856832,1780300
2018-11-07,148.72752380371094,149.0970802601968,144.60216953876665,145.57335026770622,2087000
2018-11-08,148.12586975097656,149.25174454567664,147.14609954426223,148.02272707217682,1518300
2018-11-09,146.38119506835938,148.28915763391615,145.53892655503228,147.61019945902615,1529100
2018-11-12,143.53639221191406,147.37812545846128,143.38169788129932,146.67338498432542,1980100
2018-11-13,143.37313842773438,145.38424383561716,142.2644430341142,144.1724188664555,1741800
2018-11-14,143.87156677246094,146.51007800210536,142.66834501198917,144.3184833324077,1547100
2018-11-15,148.58135986328125,148.9251337839087,142.47927441613518,142.79726594842234,2788000
2018-11-16,147.8680419921875,150.1025990894732,147.58442255745135,147.8508493589541,2049800
2018-11-19,146.56166076660156,147.8422429585484,144.98886941326074,147.06014216116876,2455700
2018-11-20,139.8751678466797,143.91457099269664,138.86102545907443,143.91457099269664,3582000
2018-11-21,142.88320922851562,144.67086238233387,140.41659802361988,140.4337775389447,1681600
2018-11-23,140.86351013183594,142.35036448922372,140.4853640594473,140.983832317172,602900
2018-11-26,141.04400634765625,143.0894967050409,140.44239539375937,141.72296447116804,1573200
2018-11-27,139.9181365966797,141.76594454539753,138.51723216442298,140.75180220327147,2787900
2018-11-28,144.2755126953125,145.04042079071337,140.31345740889952,140.31345740889952,2786800
2018-11-29,144.7654571533203,146.26088863082362,143.27001256167821,143.84584128296427,1741100
2018-11-30,146.74212646484375,147.7562686042735,144.40442733006816,144.5161466297863,2352600
2018-12-03,147.979736328125,150.79873756610553,147.29218848456023,148.91654452613085,2008600
2018-12-04,142.57383728027344,147.61020340575732,141.85190406166424,147.1718896189167,2477900
2018-12-06,139.39389038085938,140.5283550611875,135.6724785089716,140.1158236423534,3631900
2018-12-07,134.92477416992188,141.4050076610819,134.87319626337145,139.82362616113548,2446900
2018-12-10,133.97076416015625,134.9247520054789,130.7392311490486,134.09967612000946,2914800
2018-12-11,133.661376953125,137.48591851176087,132.827711217248,136.7725749896116,2371900
2018-12-12,134.67550659179688,137.21087571232084,134.55518438955923,136.26549072734971,2189100
2018-12-13,135.38027954101562,135.75843883444273,133.44652115664934,135.01931288296385,2226800
2018-12-14,129.67355346679688,135.08806683817576,129.18366167967136,133.92781959322568,2693600
2018-12-17,126.83729553222656,129.2007767518089,125.91768018109691,129.00310744903697,3210700
2018-12-18,127.50772094726562,130.464224516639,126.74281266099125,127.49052831326584,2411900
2018-12-19,126.27871704101562,132.1487497886286,125.06690505238447,127.50773477965039,3628600
2018-12-20,125.42784118652344,127.73115549442812,124.47385339741115,125.57394577046048,2602300
2018-12-21,124.08710479736328,127.96321050507201,123.40813354241631,125.76302575239762,4046200
2018-12-24,120.14225769042969,123.52848568492884,119.54924945036626,123.25346908123636,1057400
2018-12-26,126.57952117919922,126.84594800469314,119.16247952456476,120.88997868132121,2002900
2018-12-27,127.98041534423828,127.9804153442383,122.88388146607784,124.74029244602178,1391100
2018-12-28,127.2069320678711,129.07193321582858,126.68266810542113,128.78832683085867,1418200
2018-12-31,128.52183532714844,128.74530017790022,127.43034591822415,127.87724939145882,1321600
2019-01-02,128.52183532714844,128.64215751057847,124.43945773444752,126.30447124881445,1745000
2019-01-03,123.7777099609375,127.94602507191378,123.41674335909316,127.94602507191378,2244900
2019-01-04,129.37269592285156,129.44145333098444,126.13257355306371,126.14117642541449,1988500
2019-01-07,130.26658630371094,130.68770758146908,127.43899402722411,129.36416295772278,1787400
2019-01-08,134.6239776611328,136.17098718343897,132.44098480653523,132.44098480653523,3538400
2019-01-09,136.6608428955078,137.3140318695799,134.46065777347874,134.72708459642382,2361800
2019-01-10,138.7235107421875,138.92976987793494,134.71847974403124,135.9131119904017,2014800
2019-01-11,140.58848571777344,140.58848571777344,137.38274879884324,137.9327949172184,2054100
2019-01-14,140.70880126953125,141.28462974804432,138.89536580442692,139.51416929772253,1529100
2019-01-15,139.65171813964844,141.04401978187218,138.73210243285075,140.79478561799547,1207900
2019-01-16,139.9267120361328,140.7088127811069,139.30790849221202,140.2017416619351,1728000
2019-01-17,141.8777618408203,142.29029345434728,139.41114880953765,139.8494628292761,1702600
2019-01-18,145.28965759277344,146.32958211820903,142.47066977292198,142.86600842892568,2726600
2019-01-22,142.1011199951172,144.5591416409332,141.74015343212622,144.49038423167755,2388600
2019-01-23,141.12997436523438,143.26999168195832,139.66890214436197,142.44492887271005,2149900
2019-01-24,142.61683654785156,144.19821809002823,141.9980327941061,143.31298749228048,2619400
2019-01-25,141.91207885742188,144.24118918842402,137.67500563757682,138.37115656301683,4409300
2019-01-28,142.4879150390625,142.79731692373025,139.85800557645615,140.9151363323188,1613100
2019-01-29,143.46766662597656,144.87717411514743,142.4707167856876,142.47930654569325,1648200
2019-01-30,144.71385192871094,145.38422028943347,142.64257919446393,144.3270898547951,1387800
2019-01-31,144.16380310058594,144.80838905971686,142.9519783500274,144.6021168317064,1738300
2019-02-01,146.45309448242188,146.68634500746234,144.25020507902056,144.699424894949,1670400
2019-02-04,146.81590270996094,146.89364848121875,145.2350061191302,146.1161644052052,1654700
2019-02-05,145.89157104492188,146.78999744238303,144.55255888358113,146.7036176401241,1792200
2019-02-06,145.97792053222656,147.41195940545109,145.2349858421465,145.99520176177705,2026400
2019-02-07,147.26512145996094,147.32558599884126,144.5352668240595,145.33003212659077,2215000
2019-02-08,148.12037658691406,148.2154035972492,145.90020606441038,146.0557108002855,2037000
2019-02-11,152.8630828857422,155.8607381180795,150.78113546607807,151.1612435804076,4588800
2019-02-12,156.02484130859375,156.81097262187117,153.57143354358112,153.813318073556,2382500
2019-02-13,156.31858825683594,156.58638809955326,154.99685709768715,156.04215438689968,1875600
2019-02-14,156.9923858642578,157.69212422477872,155.06594357094298,155.61882440236727,1468100
2019-02-15,157.97720336914062,158.2968468643837,156.94055347032415,157.67485428875008,1256200
2019-02-19,157.88217163085938,158.90155344772978,155.10913356412163,155.1609640802523,1516200
2019-02-20,158.5128173828125,158.87564419115125,157.58846253783716,157.93402129462555,1463500
2019-02-21,158.03768920898438,158.63376655638316,157.30338835285443,158.63376655638316,1244400
2019-02-22,158.34869384765625,158.94477122643033,156.97513225935424,158.2882161162583,1259900
2019-02-25,156.7159423828125,158.70286227952852,156.612268170877,158.59918806759302,1563600
2019-02-26,155.9384307861328,156.4049317426936,155.2732549943846,155.98162727199463,1483700
2019-02-27,156.20628356933594,156.3272258515677,155.28192862664153,155.58429092308106,1021900
2019-02-28,154.89315795898438,156.20625476804946,154.30571470951406,156.20625476804946,1390200
2019-03-01,154.52166748046875,156.1889568662875,153.69235298136292,155.42010689983573,1549200
2019-03-04,155.3250732421875,157.19105055768262,153.93423087022805,155.59287297898513,1611400
2019-03-05,153.63189697265625,155.7052098767785,153.54551717355832,155.66201338637046,1340300
2019-03-06,154.58218383789062,155.30783750143902,153.22589034561415,154.02065576498424,1327700
2019-03-07,154.38348388671875,154.96227996770773,153.5368748294048,154.40939914544074,1029700
2019-03-08,152.7162322998047,153.35550626505832,150.5133424870061,153.17408622703977,1125500
2019-03-11,156.2235565185547,156.39632932976883,152.1460549016424,152.6211900187717,1312700
2019-03-12,154.93638610839844,156.52591704424307,154.58219328131946,156.45680528419933,1254900
2019-03-13,155.31642150878906,157.3551715129398,154.84129976082016,155.42872972354587,1494100
2019-03-14,154.6253662109375,155.67065011568997,153.53687263330832,155.21279630919204,1269400
2019-03-15,155.0832061767578,156.88007195848937,154.7808439473527,155.45466696778738,3432600
2019-03-18,157.68348693847656,157.85625972315188,154.83268985531893,154.91044881288357,1541300
2019-03-19,154.4439697265625,158.0204209222703,154.07250884584627,158.01178689541192,1510800
2019-03-20,153.99472045898438,155.52378655091886,152.64707435018158,154.5303332014526,1194100
2019-03-21,156.02484130859375,156.52589160117546,153.0358207857354,153.0358207857354,794000
2019-03-22,153.71829223632812,155.95573074647984,153.48504173003528,155.6792969308558,1021600
2019-03-25,155.3336944580078,156.98370240691006,153.26902931153563,153.424533999196,1198900
2019-03-26,156.7332000732422,157.33792452745303,155.3682859932065,156.36173928503786,1011800
2019-03-27,157.58843994140625,157.92535144239136,155.9297976918091,156.43948195555532,964300
2019-03-28,161.01803588867188,161.19945586131556,157.7007513231289,157.7007513231289,1739600
2019-03-29,161.44998168945312,162.83219024507002,161.07852088439023,162.43480100127192,1949600
2019-04-01,167.1947784423828,167.40211370458465,163.27278196652955,164.1366591197916,2188100
2019-04-02,166.72828674316406,168.06729893625348,166.520951485733,167.19477459523523,1568000
2019-04-03,166.10630798339844,168.1364246885763,165.78667763558238,167.44532028798045,1358000
2019-04-04,165.4410858154297,166.5122980815803,165.086906250067,166.03716307717005,998700
2019-04-05,166.028564453125,166.83196393775196,165.20788373327545,165.39793777556315,1366800
2019-04-08,167.6180877685547,167.6958335509507,165.4843100846658,166.2099637504681,929900
2019-04-09,166.51234436035156,167.22936407870333,164.44767820527935,166.31365627845588,1041000
2019-04-10,166.39138793945312,166.771496016346,165.22514844732456,166.64190652737616,999500
2019-04-11,166.88377380371094,167.70446760368978,166.2358659711289,166.99608204617513,753000
2019-04-12,169.449462890625,169.81230281900145,167.8340171701284,167.92904416437622,1044100
2019-04-15,167.35028076171875,169.7432241324932,167.24661972297818,169.07803504323002,859800
2019-04-16,166.91831970214844,167.69580375138912,166.59004221474058,167.69580375138912,1036100
2019-04-17,170.2701873779297,171.25500677760147,169.11258200710378,170.1060486143646,1748900
2019-04-18,171.54873657226562,172.77544061885308,170.9181099048884,172.10161745497714,1715000
2019-04-22,174.06260681152344,174.42543362252954,171.07358615649383,171.34138595639936,1580200
2019-04-23,174.2180938720703,175.09925220847614,172.7581394581555,174.1057856304712,1823000
2019-04-24,178.56341552734375,182.67547945691578,177.716819557846,178.16603939505137,2749100
2019-04-25,175.20289611816406,177.56127668920504,175.0042080946705,177.56127668920504,1421800
2019-04-26,176.35189819335938,176.4210099539532,175.33252938347175,175.52257024795412,922000
2019-04-29,175.22885131835938,176.26550134114748,174.74508218650627,176.01498274848078,1115900
2019-04-30,176.2482147216797,176.53329575471702,173.38013633964508,174.92648377505495,1067300
2019-05-01,172.94821166992188,176.0408936074547,172.37804955804668,175.68670079416376,1671100
2019-05-02,174.50123596191406,174.70078121994212,171.63813947093874,172.78337012417524,1047600
2019-05-03,177.91087341308594,178.22321138138514,175.10851621105382,175.10851621105382,772300
2019-05-06,177.21681213378906,177.78076275286872,174.015364063173,174.93502230881785,947400
2019-05-07,174.5532684326172,176.14965677590175,171.6728165084149,175.18661570950735,1447500
2019-05-08,174.8656005859375,176.55742585178754,173.93725788909907,174.56193387011865,1031900
2019-05-09,175.8720703125,175.99353438277015,172.71399124688517,173.06102766520252,1093100
2019-05-10,175.76788330078125,176.3752034258299,171.56001203262664,174.7007341354396,1057300
2019-05-13,170.75314331054688,173.251847098923,168.41061512823754,173.08700021863618,2009100
2019-05-14,173.98062133789062,175.76788338038,171.59471044380152,171.742201528624,1182300
2019-05-15,174.2148895263672,174.81353841718183,172.7399653429406,172.94818183464187,1129800
2019-05-16,178.04974365234375,179.34247873917934,174.59668247501898,174.96107466813052,1266100
2019-05-17,176.57479858398438,177.99766884649358,175.6638115876963,175.906739688228,1242100
2019-05-20,177.4076690673828,177.97161963232304,175.71584384973605,175.88069073427877,1040400
2019-05-21,177.5464630126953,179.2122609256342,177.39030066394403,178.97800416392226,890000
2019-05-22,176.53140258789062,177.58119610734224,174.97838387661332,177.4597320661184,671600
2019-05-23,173.47743225097656,174.44915781778997,170.51889917621844,174.44915781778997,1658600
2019-05-24,172.8874969482422,174.67475952659694,170.57099526515802,174.67475952659694,1132000
2019-05-28,171.499267578125,175.42951232935536,171.07413688573197,173.4687322097457,1904300
2019-05-29,169.34767150878906,170.58833920123848,168.10699057774974,170.3020282171525,1286200
2019-05-30,171.8983612060547,172.21937040572837,170.04168942996452,170.20652304696952,829900
2019-05-31,169.30426025390625,171.32577935624712,168.46268323417587,170.13716599869684,1494200
2019-06-03,170.3453826904297,171.95045554140734,168.70561150106752,169.29558916230556,1187100
2019-06-04,174.57925415039062,174.70938943722342,170.94399176756863,171.8549784911521,1102400
2019-06-05,176.08897399902344,177.42507879184018,175.25606804866362,175.97618120402916,1502800
2019-06-06,173.39932250976562,176.4879903918401,171.6641146444577,175.77656205112825,2086900
2019-06-07,176.15834045410156,176.713606579496,174.0587400037479,174.3971050920572,1164700
2019-06-10,174.74412536621094,180.088569200261,174.52722436552958,177.56383837506894,1394500
2019-06-11,172.62716674804688,177.04326787473553,171.62074294356,176.0108170096659,1694300
2019-06-12,172.8527374267578,173.8157783752053,171.1262139772736,172.63583643150915,1115300
2019-06-13,170.49285888671875,173.76372970446056,169.84215588056406,172.68789596839363,1749100
2019-06-14,168.9572296142578,170.90933886715308,167.7339046385156,170.31936118665666,2273700
2019-06-17,165.51284790039062,168.87914301028064,165.40872639983695,168.7056248274762,2170600
2019-06-18,167.82933044433594,168.86178138751058,165.8425097456417,166.85761813950674,3926900
2019-06-19,166.92701721191406,168.5234187566788,165.6082685617263,168.17636918669191,2807000
2019-06-20,170.3193359375,170.8051920502425,168.2457629458114,168.9224929940722,1635700
2019-06-21,171.0828094482422,173.4426930365535,169.80743069872895,170.49283193187213,1956700
2019-06-24,167.66448974609375,171.30842426232752,167.50832736501795,170.8833067325627,1467800
2019-06-25,166.80552673339844,167.76856762476547,163.1095387593174,167.20463036597857,1940500
2019-06-26,167.26541137695312,168.2544796560106,166.58868114594483,167.24806882437633,1229900
2019-06-27,167.7946319580078,169.18280384912828,167.41289726460855,167.86404187642265,1499300
2019-06-28,172.9395294189453,172.97422775848372,168.03755823773855,168.50607187233007,2947900
2019-07-01,174.31900024414062,175.7678973866506,173.51213485018295,174.32767151855558,1757800
2019-07-02,173.90252685546875,175.51627062993018,173.3212338343704,175.04775711295937,1321400
2019-07-03,175.69845581054688,176.38387028481978,174.00663090345634,174.2755859863035,873100
2019-07-05,174.33639526367188,175.89808551794852,172.24546590207345,174.63137752320472,913300
2019-07-08,172.6011505126953,173.73770969137883,171.7248619561629,173.0696508711544,949500
2019-07-09,171.53404235839844,172.9916111461347,170.9874474437022,171.63815063221094,1087400
2019-07-10,171.96780395507812,174.28430517159052,170.9179972333871,173.55550771089352,981400
2019-07-11,174.8222198486328,175.40351298604986,171.10020421876945,172.08927232757551,1557700
2019-07-12,178.63967895507812,179.09950806914685,175.48160055955185,176.00216831516337,1531800
2019-07-15,177.086669921875,178.34469319458702,176.16701171201086,178.20587336403722,1309600
2019-07-16,179.1255340576172,180.85205760653812,177.06063222757723,178.0757273551736,1601700
2019-07-17,165.72975158691406,174.81356826899744,165.72975158691406,173.68568020486177,4474600
2019-07-18,169.92893981933594,170.43215178674765,168.13299297502576,168.62753366731567,2999300
2019-07-19,169.34767150878906,172.5144216479335,168.99195059778012,170.9180330444751,1517900
2019-07-22,170.31068420410156,171.93309960356828,169.26087743830166,169.26087743830166,1376500
2019-07-23,170.6316680908203,171.10885291336686,168.86176184915809,171.10885291336686,1734800
2019-07-24,160.498046875,167.16990960625145,157.2445323179474,158.6413750973187,6221700
2019-07-25,162.72779846191406,163.4739384055057,160.61952716976432,160.72363540979563,2436000
2019-07-26,164.8361358642578,165.78182131743574,162.58903080032508,163.60413942057284,1957200
2019-07-29,166.57127380371094,166.81420183119425,164.63650761817544,164.6972462443386,1621900
2019-07-30,167.02243041992188,167.42153405896357,165.23516841424342,165.70368195740483,1501300
2019-07-31,165.81646728515625,167.37815708617353,164.16802502988506,167.0137650057005,1663800
2019-08-01,161.35702514648438,166.46721334662072,160.35061433745093,165.5562395289755,3243800
2019-08-02,158.72357177734375,161.1564785415197,158.16548482714094,160.65071016386054,2554600
2019-08-05,156.90103149414062,157.6858498710914,155.6017428029501,156.0900671410491,3278400
2019-08-06,158.14804077148438,159.49966155335665,155.81104252116492,158.40091830723892,1392800
2019-08-07,156.11622619628906,157.39808423485735,154.1716441720976,156.46502549275598,1957500
2019-08-08,157.40676879882812,158.16542774443425,156.09875173393758,157.15389135418454,1742800
2019-08-09,154.95643615722656,157.21494267986142,153.7966593009397,156.96206520715245,1733800
2019-08-12,152.19219970703125,153.91877913344695,151.19810690929583,153.7269354965294,1799600
2019-08-13,154.7820587158203,156.42144477867953,151.25913771285846,151.60793702988164,1688000
2019-08-14,149.19247436523438,153.29965521133676,148.92215287476895,152.65436178137506,1651500
2019-08-15,148.1111602783203,149.8813425789438,146.93393941762366,149.48892675481844,2037200
2019-08-16,150.85804748535156,151.67774073935163,149.38434535496992,149.38434535496992,1325100
2019-08-19,152.05262756347656,154.89539331805915,151.65150976018495,153.35192937378716,1249000
2019-08-20,149.8290252685547,152.1572944227227,149.7069308825434,151.30271355568232,1177200
2019-08-21,151.90438842773438,152.31423486425533,150.9277398841126,151.02366167363536,1305100
2019-08-22,151.546875,153.64842593987436,151.2242349980368,152.09624651109604,1176500
2019-08-23,147.6141357421875,151.52074433279583,147.0473334739979,150.86673557449603,1898200
2019-08-26,149.41917419433594,150.2126945381193,148.17219084409456,149.35812700320832,1561200
2019-08-27,148.1983184814453,150.09931004355707,147.7972007327985,149.7853854418247,1481900
2019-08-28,150.37835693359375,150.7620440623636,147.73616356737284,147.98032568461957,1321300
2019-08-29,152.1223907470703,154.27626003577555,151.19806076357835,151.9131165203708,1442800
2019-08-30,151.77357482910156,154.84305844000525,151.56428731955006,153.4565503112117,1147200
2019-09-03,148.9918975830078,151.08472003148896,147.79724598836856,150.10807132964317,1452600
2019-09-04,149.611083984375,151.3638230654085,149.04426828134564,149.62851464169015,1499700
2019-09-05,153.7182159423828,154.17166573588543,151.56434605554807,151.57307468797677,1661700
2019-09-06,152.6543731689453,154.81695855983352,152.54100738480608,154.12807513938267,876300
2019-09-09,154.62509155273438,155.37500869815963,152.77641805319664,153.09034273758303,1225000
2019-09-10,155.7238311767578,156.15112164551564,153.74436114388342,154.12804837201847,1658400
2019-09-11,154.39830017089844,156.51729429533523,152.76764349292077,156.09000401937158,1887200
2019-09-12,155.70639038085938,156.42144628523724,153.13395880197444,154.4681354959076,1609400
2019-09-13,158.8717498779297,159.31647087602735,156.28187510571522,156.560911818491,1771400
2019-09-16,158.95028686523438,160.69431021315737,156.4563329454708,157.24986676217787,1329300
2019-09-17,157.5986328125,159.0810496838659,156.16853450158334,158.95025328274278,1303500
2019-09-18,158.95896911621094,159.11593810390036,155.38372998039813,156.386537874456,1092700
2019-09-19,159.22927856445312,160.53729559546724,157.80789579954984,158.82814748704038,1137200
2019-09-20,157.3893585205078,161.14772591109286,155.915656974407,160.4239547781506,2878600
2019-09-23,156.5347900390625,157.1887987077822,154.3896490569325,155.8895100016636,1197300
2019-09-24,159.49964904785156,163.05745806397277,158.6712406677333,158.6712406677333,2639300
2019-09-25,159.31646728515625,160.00536368693176,158.06076884137448,159.10719308175058,1498200
2019-09-26,159.55194091796875,160.6593992187469,158.9415355455931,159.58681552245912,1037100
2019-09-27,157.72073364257812,160.5024527721343,157.4329682182267,159.97052516454667,1182300
2019-09-30,156.6655731201172,159.27287872038255,156.26444201693275,158.74095122802825,1995700
2019-10-01,152.5845489501953,158.81070972842826,152.0003029169221,157.31084907656597,1569600
2019-10-02,147.9716339111328,151.46839524423532,147.74490240486352,151.13703992142874,2023400
2019-10-03,148.7738494873047,149.35809546577514,145.2596449876843,148.0239192317176,2283100
2019-10-04,150.70103454589844,150.7533531072172,148.85236110898362,149.5499729735266,1343600
2019-10-07,149.69818115234375,151.11956385653843,149.12265048987805,150.0818682606542,1118700
2019-10-08,145.39918518066406,147.92801291058169,145.25094483981877,147.66640683021552,1403200
2019-10-09,147.46585083007812,148.0675408349836,146.489202303761,147.4309762280689,1021300
2019-10-10,150.00341796875,150.02084861808225,146.94264916936373,146.94264916936373,1166900
2019-10-11,155.6540069580078,156.61322464815052,151.66019386625055,151.66019386625055,1884200
2019-10-14,155.6889190673828,155.77612553507623,153.61354085583577,154.6599519389625,1191600
2019-10-15,157.58120727539062,158.2264872829856,154.97388804641798,155.68893057215507,1569300
2019-10-16,157.9474334716797,158.74968238498133,156.5347659169665,156.91845307242346,1762900
2019-10-17,160.1972198486328,161.15642440333409,158.44446842217815,158.81944024251186,2371500
2019-10-18,158.6276092529297,160.48498463081145,157.58991347762725,159.75249819148232,1593200
2019-10-21,162.35983276367188,162.52551708724943,159.56939846242972,159.56939846242972,1876700
2019-10-22,164.7753143310547,165.01947650946113,161.02566186861173,162.27263204362745,2275700
2019-10-23,161.20877075195312,164.11257080585474,159.46474765453524,161.94998589069183,3119900
2019-10-24,159.7350311279297,162.22026877320909,159.12462585012827,161.3220981560505,1594900
2019-10-25,164.15614318847656,164.3741460346764,159.40368380248768,160.13617017231806,1619000
2019-10-28,163.72885131835938,166.27512294192252,162.50804071317077,164.2695074199466,1625500
2019-10-29,161.3569793701172,163.8683763941282,161.2697862159065,162.75220289586503,1586500
2019-10-30,161.31336975097656,161.56624716490245,158.67117666531936,161.21744797896966,1288000
2019-10-31,159.5166473388672,161.3134034589268,157.62347952337618,160.24411497279556,1427300
2019-11-01,166.45828247070312,166.46704230883546,160.37561135719915,160.919028918773,1953700
2019-11-04,168.84217834472656,169.3855822404943,165.95861504047937,167.6677187237743,2760700
2019-11-05,169.8413848876953,171.8923097569442,168.24622555843322,168.24622555843322,2443200
2019-11-06,169.12269592285156,169.99916094170717,167.7466394238267,169.8852162096416,1921200
2019-11-07,171.4190216064453,173.25083019652672,170.35849310104365,170.4899708717167,2009700
2019-11-08,171.2963409423828,172.22539180672368,170.45492856358962,171.17363636357922,895500
2019-11-11,170.01670837402344,170.42864807005247,168.62313197620452,169.98165565201538,883200
2019-11-12,169.16651916503906,170.06051728542954,168.43905154856205,169.84140101686884,1283100
2019-11-13,167.29966735839844,168.44783453246993,166.89648751638273,167.83431161966033,943500
2019-11-14,167.36978149414062,168.13230185204375,166.25666707172175,167.15942505543117,658800
2019-11-15,167.46620178222656,169.28047767916854,167.1857265162238,168.86853799084997,963900
2019-11-18,169.48204040527344,169.59598514002073,165.73954431581222,167.01917578413256,1265000
2019-11-19,168.80715942382812,170.03420503850586,168.18486340751673,169.56091983678564,1097200
2019-11-20,166.4232177734375,168.89484270263432,166.1953282604025,168.71079249850357,1298800
2019-11-21,167.06298828125,167.33469028184143,165.17859394735888,166.51081107114868,969600
2019-11-22,169.31553649902344,169.46454734807756,166.80885893127,167.30843712786094,1042400
2019-11-25,172.6198272705078,172.66365320750288,169.10520645379557,169.78884827476406,1447900
2019-11-26,171.97122192382812,173.08432296372303,171.35768565918534,172.16403194055485,2279700
2019-11-27,171.5592803955078,172.68115463337773,170.91069141863468,171.9712200549846,967500
2019-11-29,169.5959930419922,170.67404134612343,168.9298843955152,170.6039225348423,948200
2019-12-02,166.5897216796875,170.1393945014806,166.30924643886672,169.80634687025042,1377500
2019-12-03,163.20657348632812,164.86309200388425,162.15480465871468,163.78503029296007,3387000
2019-12-04,164.2144775390625,166.12516475685823,164.08301314290009,164.49493937547368,2889100
2019-12-05,164.68780517578125,165.7220410626725,163.27669567358222,165.2925683015519,1988800
2019-12-06,167.34347534179688,168.50041569472768,166.09889650302947,167.04548041711934,1281300
2019-12-09,165.61683654785156,167.07175832122095,164.97700745224873,166.54588733196047,1156000
2019-12-10,165.37142944335938,166.67736726320237,163.855148557735,164.68778773197747,1038000
2019-12-11,167.41360473632812,167.51878964929497,164.8981540166705,165.28380082535605,1182800
2019-12-12,166.97535705566406,170.39357888128475,166.2566626466785,167.33471094705473,1819600
2019-12-13,166.5897216796875,168.2024141930201,165.16107934107237,166.15148914625175,1648600
2019-12-16,167.01922607421875,169.7187408135163,166.60728631172145,168.973739956115,1297000
2019-12-17,166.9052276611328,169.37686544172206,166.6335256442159,167.66776132418423,1464000
2019-12-18,168.75457763671875,169.70116151124745,166.5721881853124,167.29965579371304,1957700
2019-12-19,168.21121215820312,169.525910056518,167.7729795254315,168.15862638207832,1638400
2019-12-20,170.5513153076172,170.85808339664388,167.33469047247766,169.63102441433125,2213200
2019-12-23,170.28836059570312,170.85807080852246,169.48201448754293,170.06924436934025,1914100
2019-12-24,170.8318328857422,171.0947751167215,170.095605338038,170.6127165888923,386300
2019-12-26,170.42861938476562,170.96326357853104,169.3505711616564,170.95450374295268,693700
2019-12-27,171.08596801757812,171.4190290024337,170.04297251135765,170.80550616753774,490800
2019-12-30,169.6924285888672,171.34894728857208,168.90361525521635,171.0860050527559,755200
2019-12-31,170.14820861816406,170.4023776641937,169.09643958601703,169.4470337213323,800700
2020-01-02,172.48831176757812,172.48831176757812,170.2708564248555,170.9544980434296,1458800
2020-01-03,172.17279052734375,172.30425493071795,169.3242792146809,169.3242792146809,2003700
2020-01-06,171.7257843017578,171.9361407203309,170.20950356753687,171.05967570363524,2076800
2020-01-07,172.409423828125,173.30340843570008,171.0246076213127,172.242893350108,1478900
2020-01-08,173.2158203125,174.72334151384416,171.76964472026998,172.5058856462223,1133600
2020-01-09,173.80300903320312,174.398998803009,173.21577909867287,174.25877456962746,1812000
2020-01-10,173.14573669433594,175.92413031520533,172.86526135622663,174.3377301337001,1459400
2020-01-13,175.53842163085938,175.62607348661922,172.43574119437523,172.8476808436146,1418400
2020-01-14,176.7830047607422,178.29928561133676,175.26672391014762,175.63483764055692,1315900
2020-01-15,177.8260040283203,178.6586432005477,176.01172822136564,176.83559418334258,1584600
2020-01-16,180.77093505859375,181.07770320699973,178.54471948828208,178.78135544686154,1851100
2020-01-17,183.461669921875,183.53177535664335,178.66740504842457,179.84186500082572,2247200
2020-01-21,179.34226989746094,183.01466050761292,178.60604248304534,182.7429584885163,1455200
2020-01-22,178.04507446289062,180.21870361177326,177.54549643769812,180.1573580247954,1447800
2020-01-23,182.83938598632812,183.040969215702,176.79178211474263,177.3527192466758,1301500
2020-01-24,182.1820068359375,183.96998946707487,181.34936779999708,182.30471139519403,1129400
2020-01-27,177.62442016601562,180.40281292488004,177.5718343998851,178.15029120111717,1314100
2020-01-28,179.46499633789062,180.30640875247622,177.53677571446963,177.92242251391315,1456600
2020-01-29,188.291015625,192.71716744467278,188.291015625,190.3682338153739,3193400
2020-01-30,188.0017547607422,188.52763914455613,185.40741230707965,185.9771226185107,1917100
2020-01-31,182.48878479003906,186.467930032947,181.884021796071,186.03845736542607,2163300
2020-02-03,181.41954040527344,184.40827663649267,181.19165088921596,183.987577076245,1971800
2020-02-04,185.69662475585938,186.92368371065749,183.3564649432194,183.56682134587462,2551200
2020-02-05,187.38829040527344,188.39622018620304,186.83611296723743,188.32610135488102,1409800
2020-02-06,187.2297821044922,188.86720697276004,186.6487707766729,187.9164562789262,1001800
2020-02-07,185.02894592285156,186.71920224158416,183.97254579828598,186.05013853083608,2260000
2020-02-10,184.21023559570312,184.68561093839668,182.81050512975744,183.9197232179464,2338300
2020-02-11,184.13980102539062,187.78438997470718,184.05177552262498,185.42509694804056,1425200
2020-02-12,185.68038940429688,187.27379474479625,184.7648462598658,185.5483444329842,891700
2020-02-13,185.3018341064453,186.0853322058875,183.99012930571098,184.6063615019822,848600
2020-02-14,184.29830932617188,185.9357344890063,183.8053099832743,185.2578721462734,711400
2020-02-18,183.12745666503906,185.21384821010724,182.2559193882198,183.64685156255135,977600
2020-02-19,184.13980102539062,185.26662955049343,183.32989386252646,183.6996332129956,703400
2020-02-20,185.58352661132812,185.83001947936364,183.23303241286897,184.12216644165045,949100
2020-02-21,183.15379333496094,186.2877853924253,182.05337402080335,185.5659038745685,1363400
2020-02-24,178.7081298828125,179.28915461272075,176.06712303725368,177.19395155006367,1557300
2020-02-25,171.53343200683594,179.43884354545895,170.72351126878982,179.20996107862035,2171000
2020-02-26,167.3253936767578,173.41731440723953,166.75316747794415,172.05279154281334,1956000
2020-02-27,162.2282257080078,169.94877184430845,161.33027973214473,163.60154694588445,4335700
2020-02-28,160.5292205810547,160.73169403124948,155.29121240955908,157.76496701498073,3173500
2020-03-02,160.74046325683594,162.52754333098827,156.25076005606505,161.75285718901048,2540600
2020-03-03,155.69618225097656,165.177402098664,154.13798420258215,160.50282138633833,2129600
2020-03-04,162.19300842285156,162.40428033418914,156.38278906971493,158.00260307661682,1832100
2020-03-05,154.3668670654297,158.03786524394505,153.1784085227143,156.2419729319688,1912400
2020-03-06,153.70663452148438,154.27884741263907,147.93162044743042,148.65350224400896,2163600
2020-03-09,136.01185607910156,144.59512855011283,133.2564012334836,140.3783267542982,3101100
2020-03-10,141.3026580810547,142.517525471122,134.171947994691,141.6371898975323,2673400
2020-03-11,133.2476043701172,138.18628789832746,130.8442918095439,137.04184886805487,2527800
2020-03-12,117.52479553222656,124.94601774615434,113.7745709375876,120.89648228940077,3940400
2020-03-13,129.28610229492188,129.7174716266051,119.9633503941101,124.33861992669391,3268500
2020-03-16,111.30963134765625,124.88440419189307,111.2215924177298,116.66207321210015,2617600
2020-03-17,122.88603210449219,125.12209184935679,110.50851683332486,113.17593238628434,2662000
2020-03-18,115.18309020996094,116.82932668090537,105.01521951373225,113.62490609242312,2745000
2020-03-19,120.01615905761719,122.63955549584624,110.78143338554524,112.97347395847983,2349100
2020-03-20,108.90631866455078,122.16417765922196,108.7302542272507,122.16417765922196,2712100
2020-03-23,104.65428161621094,109.02074488165003,99.14338623287927,107.25127536595825,3417400
2020-03-24,123.449462890625,124.23296107198811,110.75502458871681,111.82022990589107,2723000
2020-03-25,123.59910583496094,132.70178563005413,119.68161532440891,120.60597033839083,2947700
2020-03-26,129.3389129638672,131.2580516789773,123.5110952198283,126.05526472828109,2522600
2020-03-27,126.2049331665039,129.0748228645142,122.11137731806673,123.96888628065719,1565300
2020-03-30,130.5449981689453,131.9799499126651,125.04289906923346,126.18733836854535,2010000
2020-03-31,128.52899169921875,131.95349648868512,127.40216325757999,129.43573625096158,2316800
2020-04-01,123.25580596923828,125.37741839275425,121.31906996735081,122.0937697412489,2067700
2020-04-02,126.5218505859375,126.86518097896979,120.2978706059858,121.56555619036877,2982400
2020-04-03,125.28936767578125,127.10285684278149,123.84560441195808,126.15209279318955,2285900
2020-04-06,136.23193359375,137.2443141568458,131.88307359665393,132.7017926866962,2698100
2020-04-07,135.1579132080078,142.6055577221965,134.7265439613258,140.58078331120657,2062400
2020-04-08,139.9469757080078,141.08260291874984,135.8005884015436,136.85700205127088,1385900
2020-04-09,140.2374725341797,144.96487070322166,138.23030831532074,141.17062617926337,2213600
2020-04-13,135.8269805908203,140.2374707639152,134.47126960963152,140.0878153163906,1335700
2020-04-14,136.88340759277344,139.9645826500074,135.83580592405673,137.93980778296793,1093800
2020-04-15,135.4396209716797,135.99422319793126,132.29681681388865,133.0979253364064,1282200
2020-04-16,134.91143798828125,135.21956083806896,131.63658830473656,134.73537354534082,1356300
2020-04-17,141.44349670410156,142.10374829890478,137.32353320029895,138.573607941184,1753000
2020-04-20,135.30755615234375,139.65641543018992,133.29159387970788,139.25145521221413,1698000
2020-04-21,132.0503387451172,133.52049757120355,129.73505184060582,131.4076975244237,2496400
2020-04-22,135.37796020507812,136.7424825950137,132.69293487640175,134.7000982686597,1541500
2020-04-23,137.20912170410156,140.9329379258063,136.08229309123178,138.16868438597623,1968600
2020-04-24,141.4523468017578,141.8132876957477,136.73375991252752,138.42400299960806,1691100
2020-04-27,146.90159606933594,147.72911367580963,142.13899072134492,143.5827405561963,1705100
2020-04-28,150.22048950195312,152.06919992128957,147.52666429818547,150.22048950195312,1991900
2020-04-29,158.7509307861328,162.7300517206666,155.9866773579008,156.99025947049824,2290400
2020-04-30,150.62542724609375,157.448028178387,150.02679205017554,153.35445955929788,2205400
2020-05-01,150.2996826171875,150.44933804668074,146.6550940277722,148.45098604739962,1505200
2020-05-04,147.90518188476562,149.43697069115387,145.17614953715886,149.43697069115387,1226700
2020-05-05,150.8543243408203,152.29807433477208,149.9211706588932,149.9827871720935,978000
2020-05-06,148.0636444091797,153.02873657860172,147.69390507487597,151.4969478226106,1107800
2020-05-07,150.12637329101562,152.98583513253635,149.45356271311482,150.8257412924945,1046000
2020-05-08,154.7032470703125,155.15473666227555,151.79067113781306,152.1890458964099,767100
2020-05-11,154.0924072265625,155.207872816804,151.78181730037062,153.10089426488202,891500
2020-05-12,147.6564178466797,154.14554703158458,147.5678976083914,153.77372961072626,1389100
2020-05-13,145.6645050048828,147.10752107452328,143.2831043277598,146.41700119651944,1326300
2020-05-14,147.47930908203125,147.7183393024952,139.41437946268923,143.67258903242146,1266300
2020-05-15,141.96401977539062,145.81500724204133,140.87512518120633,145.34579470089838,2041300
2020-05-18,151.14442443847656,152.2952955094263,146.49668679331006,148.20529070435242,1314300
2020-05-19,148.42662048339844,153.08320637960486,148.25841447334514,150.77261612795002,1345500
2020-05-20,153.73831176757812,156.12857414145216,151.79953904496685,153.0300823768575,1311600
2020-05-21,150.99392700195312,153.41960825982036,149.46239057877756,152.8795848724553,1178900
2020-05-22,151.7995147705078,152.4634771853173,149.97583349916712,151.51621765618114,1151100
2020-05-26,159.10311889648438,160.5018681590901,155.48231337003395,156.69514719229622,1326600
2020-05-27,163.7597198486328,164.1226892853001,160.76747113684974,160.87370082237084,1332200
2020-05-28,159.58119201660156,164.99913599038368,158.91722942002048,164.84863942282772,1314100
2020-05-29,157.83714294433594,159.50147975850757,157.01383601499586,159.15621983517946,2190300
2020-06-01,157.8814239501953,159.1739435402791,155.63281026244576,157.68666053924636,1937400
2020-06-02,162.94525146484375,163.90135910516727,159.32444580034448,159.660857796482,1769300
2020-06-03,170.34622192382812,171.55020782961782,164.55647471303263,165.94636255910527,1761500
2020-06-04,169.5317840576172,171.0544727026672,168.31895002959095,168.63765261828408,1321100
2020-06-05,171.96629333496094,177.54358122587334,171.47053681280912,177.05667267434845,1955300
2020-06-08,169.5229034423828,174.8257417472207,168.96517064247922,172.11677701914806,1532200
2020-06-09,170.01869201660156,170.90397548088134,165.30012953098793,166.93790934324696,1370300
2020-06-10,166.920166015625,170.0629243776746,166.8581897016936,169.79733669062023,1578600
2020-06-11,154.26950073242188,162.00688353014803,154.09244673078112,161.35176886488736,1394800
2020-06-12,157.73977661132812,160.04151866327058,153.4904274513598,159.21821165374095,1323200
2020-06-15,157.23519897460938,158.38607019699722,151.64020091295964,152.85304846278055,1208700
2020-06-16,158.22666931152344,163.777398994933,156.15510977705105,163.777398994933,1390700
2020-06-17,156.66859436035156,159.60772803606258,156.27021955749652,159.38640720021513,1106700
2020-06-18,154.37570190429688,156.34103185657412,153.76485428286603,155.52655935576578,1567200
2020-06-19,150.7283477783203,156.5003993653193,149.66601039324357,156.13742992700935,2572700
2020-06-22,151.7995147705078,151.8260721864322,148.3911689711459,150.48043791008035,1507600
2020-06-23,154.4730987548828,155.63281779819064,152.61399829066204,153.8533895945745,1664600
2020-06-24,149.74569702148438,153.97735102559682,149.34732215241223,152.9415709626676,1981300
2020-06-25,151.98545837402344,152.17137384484363,146.95705479050272,149.48011806223533,1163500
2020-06-26,150.32998657226562,152.7202492824123,148.20531160954724,151.13559778640166,2105500
2020-06-29,152.87074279785156,153.15403999167253,149.66602096578572,150.98509819635137,1060200
2020-06-30,155.42922973632812,156.6332023217806,152.18022742159138,152.37499087120378,1257800
2020-07-01,151.8438262939453,157.2529088978634,151.19755962743687,155.59741960434283,1116600
2020-07-02,154.49081420898438,157.34142807638017,153.44618619351021,155.85415832383651,964700
2020-07-06,158.1293182373047,159.05002054760075,156.48269055576824,157.0581328767915,1245400
2020-07-07,154.14553833007812,157.88143528712243,153.89766006349862,156.02234828777608,1055800
2020-07-08,155.15476989746094,155.19903677086512,152.73794990314755,154.1544088019627,1214200
2020-07-09,151.30381774902344,155.234478949686,150.16179438237825,154.62363112683232,1815000
2020-07-10,151.2506561279297,151.9942908526135,149.74566372199922,151.21523723150605,1283300
2020-07-13,155.0397186279297,157.05816412189714,151.631371420926,152.60518876817147,1144600
2020-07-14,157.5184783935547,157.93456269735822,153.49929745843437,154.08358777973552,1045300
2020-07-15,160.4841766357422,161.24552091413958,158.60738011574747,160.51073405756452,1357300
2020-07-16,161.93603515625,164.4767941484182,159.6165970103223,160.2362926781252,1431300
2020-07-17,166.6546173095703,167.33628938050637,162.7328179254188,163.04265904249587,1979400
2020-07-20,164.81321716308594,166.20311865429872,163.19314683941994,165.34439263287436,1943000
2020-07-21,165.7073211669922,168.00021517420925,164.8751662142318,165.10533500861007,1335100
2020-07-22,167.38937377929688,169.24846066863972,164.6007231827552,164.6626994999091,1436000
2020-07-23,165.5302276611328,167.14144936188552,164.45018121539366,166.35354795556904,1844600
2020-07-24,165.55685424804688,166.75199231702072,165.21159424053164,165.55685424804688,1099300
2020-07-27,168.141845703125,168.8589365018933,163.92790218298612,165.07877314055725,1418300
2020-07-28,163.86595153808594,168.12416223957044,163.07804990629725,167.61069628167922,1850700
2020-07-29,170.70033264160156,171.63873077964845,163.9456167299735,166.49523696040373,2315500
2020-07-30,167.2034454345703,169.15992738800526,164.7954738803506,169.05369771919723,1631700
2020-07-31,170.1603546142578,171.05448612374522,163.70663006394602,169.05375019285296,1746200
2020-08-03,168.61990356445312,171.019013633688,166.9290092963345,170.31079783257175,1224300
2020-08-04,170.3196258544922,170.4612744014659,167.34507390978888,167.72575269123712,1319900
2020-08-05,170.9127960205078,172.39121754756158,170.16031330165788,171.68298818813992,1129900
2020-08-06,174.15989685058594,174.7203449557214,170.3968163940393,170.61032883731866,1388400
2020-08-07,177.02442932128906,177.34469114773034,173.53714141917442,173.53714141917442,1375400
2020-08-10,181.9262237548828,182.0240819243302,178.30548505977362,178.81257200357675,1942700
2020-08-11,183.3318328857422,188.34926017801476,183.06494571153124,183.94566931409366,1891800
2020-08-12,182.2376251220703,185.35127739897058,182.2020329229299,184.15029180524468,1397200
2020-08-13,181.81948852539062,182.5222782885356,180.6985651197263,181.2768229205146,806900
2020-08-14,183.80331420898438,185.30676539157045,180.9921281855953,181.70382273985697,977800
2020-08-17,185.3512420654297,186.78352238274582,183.80330748462438,184.452722463449,998900
2020-08-18,183.55419921875,186.14298120480106,182.89587946636408,185.88498534497785,934900
2020-08-19,182.7268829345703,184.9242326780719,182.65572569279317,184.37267582040508,800100
2020-08-20,183.4652557373047,184.54169561415358,180.70745801198032,181.55258935402415,770700
2020-08-21,185.86720275878906,186.56111475062357,182.48667757640095,183.53641646316606,1573400
2020-08-24,188.7940216064453,188.90077102033965,186.5788762470421,188.7050547119052,763600
2020-08-25,190.03948974609375,190.62663871175593,188.1713070023184,189.04312561608023,1099200
2020-08-26,189.55909729003906,190.68891173237733,187.7175883901387,189.06980650206245,829800
2020-08-27,189.35452270507812,190.84017784781375,188.7940610162548,189.69256711112268,750600
2020-08-28,191.29391479492188,191.59638064089805,189.1143607321146,189.8883214481265,677500
2020-08-31,189.06983947753906,193.0464188692342,188.9008104872631,191.12484757101004,1151000
2020-09-01,191.53408813476562,192.02337903814032,187.45965031807998,188.98088417513614,973700
2020-09-02,190.6977996826172,192.6282618721811,189.52350181185437,191.32052723176,1855100
2020-09-03,187.34396362304688,193.0552885878525,186.04513371276352,193.0552885878525,1485400
2020-09-04,186.01846313476562,190.37757029587456,184.08798704186145,189.18548970235594,1357200
2020-09-08,183.92788696289062,186.24089121300065,182.85144692374914,184.9331561786268,1566900
2020-09-09,188.86521911621094,191.73867103357793,185.1822144971469,185.68928785929677,3595500
2020-09-10,189.63919067382812,191.26718743300526,188.4026266096809,189.4167869675107,1303700
2020-09-11,193.53570556640625,194.94129860193763,190.1818539156411,190.36867899940037,1720800
2020-09-14,195.9732208251953,197.02297325419767,194.60322012824753,195.30600978475562,1516400
2020-09-15,197.52117919921875,198.36631057103386,195.2348761496885,196.16006959816664,926100
2020-09-16,196.52481079101562,200.15444084209034,196.2935022529404,199.3092959136536,1121900
2020-09-17,198.33071899414062,199.87864000628412,191.32945509811816,193.6958200697219,1070300
2020-09-18,196.63157653808594,199.54062100685195,195.87539845762473,197.93042024025033,1770000
2020-09-21,190.65338134765625,194.46983715661156,187.5486338014202,193.22436805852348,1279700
2020-09-22,192.5037841796875,193.21547887562105,190.75124159041064,191.48073238671552,973100
2020-09-23,189.87049865722656,196.00884951703924,188.50938896721527,193.6780628588793,1475400
2020-09-24,190.76010131835938,193.2777129140441,188.0289908513017,189.64808278180845,939000
2020-09-25,194.9679718017578,195.4305616980014,190.76008426208506,191.36502935059073,946900
2020-09-28,196.62265014648438,198.22395936495712,195.53731909698857,197.41440670805653,1129900
2020-09-29,191.98779296875,197.04081275346627,191.9789017063852,196.16008909928104,1535900
2020-09-30,190.36868286132812,194.82564828460028,189.3545224954272,193.5179133950905,1669500
2020-10-01,188.46490478515625,192.01445922438413,187.26391935004548,191.91660105134218,1457500
2020-10-02,189.1855010986328,192.16570276195267,185.19112545426145,185.9117113254754,2294700
2020-10-05,191.40953063964844,192.6816733345299,190.63555650466554,191.72088768639068,1173300
2020-10-06,189.95057678222656,194.16734271022247,189.69258086017052,192.96637074284035,987700
2020-10-07,192.921875,194.35415543726816,190.7245252563443,190.7245252563443,878500
2020-10-08,192.5037841796875,196.35581865602236,189.98617216781034,195.33276686305038,1584200
2020-10-09,194.28297424316406,195.37719663851428,192.3703078665853,195.27044720709802,730200
2020-10-12,193.25103759765625,196.94294751373556,192.98415041736382,195.5818378261346,1265900
2020-10-13,191.24937438964844,195.0124545407053,190.7778796599887,193.0463999783092,788200
2020-10-14,193.3577880859375,194.9857712739008,192.08563182456538,192.13900654227632,908200
2020-10-15,195.13702392578125,195.5106605360469,190.16406656843384,190.51101581899803,938400
2020-10-16,194.60324096679688,196.94293227630004,193.30439736290276,196.2312377087325,866200
2020-10-19,190.08399963378906,195.55513899840156,189.82601730511658,194.43421562179228,1056400
2020-10-20,192.04115295410156,194.70999749893767,190.48432696961382,190.64446470101555,594600
2020-10-21,189.09649658203125,192.23683535588677,189.05201313258445,190.8223512548014,1349100
2020-10-22,189.60360717773438,192.68166679232343,188.30476359348572,189.58581108084203,1219400
2020-10-23,191.623046875,192.39702108011355,189.93278396968532,189.93278396968532,801300
2020-10-26,187.4062957763672,189.14104228017646,185.8583608174965,189.10546365357538,1158100
2020-10-27,181.16116333007812,187.56638738736552,180.90318100228797,187.56638738736552,1771200
2020-10-28,176.2415771484375,179.2662618426243,174.4979262806911,175.6366320649339,2077700
2020-10-29,182.922607421875,185.4402191631367,175.93913875319393,175.93913875319393,2082700
2020-10-30,186.03623962402344,186.0985191747498,181.8817402041339,181.8817402041339,2214300
2020-11-02,191.32058715820312,191.3917579824609,185.83166459776257,188.45602596045083,1740300
2020-11-03,198.82894897460938,200.05662199666503,193.1709971319513,193.77594237993793,2096500
2020-11-04,196.4180450439453,203.9708795567782,196.38246642482324,200.53696589760642,1967700
2020-11-05,201.7249755859375,203.83344398428085,198.59801054964356,198.93751397312232,1305900
2020-11-06,199.37530517578125,201.52844735055615,198.87499292309204,200.48313555459694,906000
2020-11-09,205.86148071289062,217.83329630264817,204.51242374077114,210.80208372518578,1842600
2020-11-10,211.007568359375,211.27559662770807,204.8965892773042,207.01400032789988,1691200
2020-11-11,208.24691772460938,213.54489659053465,206.31713046657498,213.54489659053465,1272000
2020-11-12,206.07594299316406,208.63112080198172,204.4409852760635,207.46074458625336,974000
2020-11-13,213.7593231201172,214.38472702794243,206.4154213508064,206.4154213508064,1950100
2020-11-16,220.4689178466797,220.89775496946356,215.05480316189184,215.61764762539372,1382300
2020-11-17,219.45932006835938,219.5933273905327,215.60868850975527,218.28894401309745,900200
2020-11-18,216.0911102294922,221.54989735500578,216.0375073051555,219.34315275325667,1240200
2020-11-19,216.29666137695312,216.91310879632732,212.41028478282163,215.26029246751983,959500
2020-11-20,215.1351776123047,217.87796531950676,214.64379471061181,216.3412844082951,810200
2020-11-23,216.96669006347656,218.3961514964082,214.1881579590312,217.39552713010758,1601500
2020-11-24,216.671875,219.718421957197,215.64443546696947,219.1198331523376,1241600
2020-11-25,215.72486877441406,216.85057134248268,213.0446128797385,216.6986918110161,1340900
2020-11-27,216.8505401611328,218.01198694164955,215.06370315494846,216.68078846434778,537200
2020-11-30,211.7580108642578,218.43184670568877,211.54358556296344,216.0642800135217,2149000
2020-12-01,213.3036346435547,217.43122312745655,212.990932762812,214.7777694928104,1822900
2020-12-02,214.12564086914062,215.31388927990318,212.17799480431006,212.52642752382042,1180100
2020-12-03,211.87416076660156,216.41272771726034,211.38279156961144,215.35850058537596,1308700
2020-12-04,214.59022521972656,214.75997694244288,212.35667862079936,212.35667862079936,906200
2020-12-07,213.5806427001953,214.59913933202625,211.8563513912782,213.5270397668072,904300
2020-12-08,213.23219299316406,214.12561149833465,211.7580579126264,212.0886183971445,932500
2020-12-09,215.1887664794922,215.83202884831314,212.66931992952948,213.04456767174466,972000
2020-12-10,211.29345703125,214.7152512271044,210.72166978585167,213.5270030886628,1212100
2020-12-11,210.17666625976562,212.0081765987276,209.37259519996874,209.85503510935044,1161200
2020-12-14,204.81619262695312,211.77591679469685,204.50349069666623,211.72231386550126,2004900
2020-12-15,205.3076171875,207.3356814259475,203.49397834182466,206.46012129649318,1205900
2020-12-16,204.32476806640625,206.1294768988123,202.52900214203262,205.65596627747277,1081800
2020-12-17,206.10275268554688,206.38863956761645,203.69052503204625,205.59349750617582,1097100
2020-12-18,207.62152099609375,208.19330828067731,204.43202409641987,206.15631522731815,2162200
2020-12-21,205.611328125,206.9514558429345,201.99298056007999,203.91383846860992,891600
2020-12-22,205.93296813964844,207.72873445087237,205.05742181020682,205.27183352946656,806200
2020-12-23,208.27377319335938,209.23866707256707,205.93302044698723,207.20167342729135,1209200
2020-12-24,209.40838623046875,209.8997691895982,206.94255578895462,208.36308809876755,383100
2020-12-28,211.48110961914062,213.05352134941097,210.1231096147114,211.04332962473984,785100
2020-12-29,209.05101013183594,212.96417408659215,207.67513793913673,211.67764920133556,929900
2020-12-30,210.82888793945312,211.68657567385208,209.0599231758301,209.36368218557146,665900
2020-12-31,212.28517150878906,212.6782778321689,209.40836283221986,211.24880277123947,698300
2021-01-04,208.5596466064453,214.2596618128826,206.54051178329445,212.91059096042628,1558300
2021-01-05,210.58766174316406,212.25834982590501,208.01461233157667,208.16649182705464,1368500
2021-01-06,217.41342163085938,218.4855212237106,210.43581091781186,210.43581091781186,1199400
2021-01-07,223.22064208984375,223.3814508938376,218.26216614607816,218.88755643797518,1350700
2021-01-08,226.96400451660156,230.23393276745776,222.26462863659134,224.04253616168654,1563200
2021-01-11,227.2588348388672,229.34051498651428,225.1414375858708,225.34692000149283,832200
2021-01-12,229.10826110839844,230.37690021404606,225.1861541170795,226.7853673649241,1015300
2021-01-13,227.35714721679688,230.6538774572128,225.93661500390337,230.37689262485284,1029600
2021-01-14,225.55242919921875,228.76872745846467,225.03424485930208,227.6608972988007,690000
2021-01-15,225.99024963378906,226.2493486820339,221.6571772679269,223.8996532197861,1065500
2021-01-19,223.21163940429688,229.12606457486658,222.93468189437337,227.28562493764895,1038000
2021-01-20,226.4190673828125,226.8479181226575,221.46060509978824,224.20339309022347,1077000
2021-01-21,219.2091522216797,225.06104581661583,219.00366979453986,223.98894639927636,1148000
2021-01-22,218.19068908691406,219.45041257030186,215.02797964489727,218.91435596343894,1205500
2021-01-25,219.7451934814453,220.20976122944705,214.49188897918685,216.4395345282658,1300700
2021-01-26,212.71401977539062,220.79946039754498,212.1333031695806,220.5761057595434,1194900
2021-01-27,210.52511596679688,215.385314353332,205.62024393276016,209.24753416964745,1708600
2021-01-28,216.01966857910156,218.97689547706278,209.40837665886804,213.61638409336464,1297500
2021-01-29,211.40066528320312,216.51101981126618,210.93609751336714,213.91116889908182,1413100
2021-02-01,214.3400115966797,215.41211095008748,212.5621040731444,212.8480045047107,928800
2021-02-02,220.09364318847656,221.76433134715074,215.06369289366538,215.31384897199678,1277100
2021-02-03,220.00428771972656,221.3801460994578,218.45867765761326,220.4420676567918,813200
2021-02-04,220.28237915039062,222.97345345808765,218.66773182827006,220.991022695579,1225500
2021-02-05,220.36312866210938,223.8435757840688,220.33621901152176,221.87012384506878,972400
2021-02-08,218.69464111328125,221.0268972969064,215.98562248219366,220.7398564887347,919400
2021-02-09,220.5066680908203,221.62794921888562,216.76606220258228,218.93687451152886,820500
2021-02-10,220.03121948242188,222.42628787746042,219.0803753312147,221.46646471774295,747400
2021-02-11,223.2784423828125,223.72695477503822,219.67239891681433,220.30929253628014,997300
2021-02-12,228.59783935546875,229.6204472705727,222.58777481275212,222.77615607836995,1303100
2021-02-16,229.99717712402344,231.7912269102873,228.07754440022163,229.93437881149765,1325000
2021-02-17,226.9741973876953,228.579879539064,224.7406005769281,225.98746457470264,920800
2021-02-18,225.7901153564453,226.59743219044907,221.6189418807272,225.25189500876812,938500
2021-02-19,231.45932006835938,232.26663695527733,226.49877376176607,226.84861290443226,976100
2021-02-22,233.44174194335938,235.08331277516928,229.82673283495367,230.98390257499696,1323400
2021-02-23,231.333740234375,235.1730053069799,229.54864225638266,233.94405832840314,957600
2021-02-24,234.82318115234375,236.9132371592694,230.18555029680823,230.71481908667974,974000
2021-02-25,227.9340057373047,234.15936000058628,226.42699696517158,231.12741181544044,2629600
2021-02-26,226.1040802001953,230.7237526761126,225.5210195260549,228.99250129557893,1389300
2021-03-01,231.2799072265625,233.2354422231506,228.56193668776854,229.2705803034916,1255300
2021-03-02,229.979248046875,232.00653307916372,229.39617364986148,230.36496218354117,1708600
2021-03-03,227.94296264648438,230.69682154623024,227.51239459355412,229.27953446835514,1076600
2021-03-04,219.5109405517578,228.42735539244717,216.14709761732647,227.39578236755966,1873600
2021-03-05,229.6383514404297,230.7147921628166,218.1205561609986,221.77144002147088,1404800
2021-03-08,232.52679443359375,237.58600060761304,229.48588058630287,230.83140424161726,995400
2021-03-09,232.4281005859375,236.15077569101717,232.2935523306395,234.01585212353362,1260900
2021-03-10,232.58956909179688,235.54076098690913,231.59385732435427,233.77362102804616,1468700
2021-03-11,233.89923095703125,235.52284375468872,232.59853396718304,233.9082099655902,1008600
2021-03-12,234.51817321777344,237.1374703854685,234.39257660184376,235.29858043811427,861900
2021-03-15,233.46864318847656,234.64374352848938,229.45895478162456,234.46435498709013,983900
2021-03-16,229.98818969726562,234.02480108814532,228.01472428949305,233.90818349018292,1291400
2021-03-17,231.57591247558594,233.61214880070875,228.59778373904524,230.43670089941955,847600
2021-03-18,235.98033142089844,237.20925107269468,231.10949310573963,231.5759361679101,1110600
2021-03-19,233.6390838623047,236.5454629800808,231.97063078777052,235.81887504439322,2112400
2021-03-22,233.7825927734375,242.16080089743298,232.8496793412619,240.24118211153987,2261000
2021-03-23,233.46864318847656,236.63513975069114,231.72841282425404,232.00651570721985,1260300
2021-03-24,237.09262084960938,239.61325832795637,234.25801921870516,234.25801921870516,871100
2021-03-25,240.40260314941406,240.70758824154157,233.69284899755024,237.09258004291496,1201100
2021-03-26,244.80702209472656,244.94157032908217,239.5504429473813,240.91393805557766,940000
2021-03-29,243.0847625732422,245.67717760687876,240.91397770167606,244.42134825452314,826300
2021-03-30,242.4568634033203,243.99076828895286,241.55085951106224,241.55085951106224,885600
2021-03-31,240.869140625,243.85624917376578,240.5821134330261,242.18776845620565,1379000
2021-04-01,243.25521850585938,243.86518889968306,241.15618341532806,242.51069984502,914800
2021-04-05,246.3499298095703,247.66855738522332,244.5738108173566,245.19276013092994,821500
2021-04-06,243.2910919189453,247.7134180595134,243.057856687385,246.82537217784483,943200
2021-04-07,243.52430725097656,244.3136660951646,241.7302576164107,243.6498764903832,976600
2021-04-08,240.1066436767578,244.01765872038405,239.54151366471442,243.59605596338537,1331600
2021-04-09,244.43023681640625,244.43921582286475,239.61321885156983,241.191990987166,992400
2021-04-12,243.5870819091797,245.32731227132984,243.2462354684194,243.34489505981767,917600
2021-04-13,242.49266052246094,243.09367908032505,240.01689111436846,242.4209105957854,752500
2021-04-14,243.8472137451172,245.13893162274186,242.63622481296605,243.22826445479603,608400
2021-04-15,244.11636352539062,246.1974404380673,243.67680271999672,244.08942649901536,794500
2021-04-16,242.9681854248047,246.5024662175739,242.1608683763363,246.24234867003238,1484200
2021-04-19,242.6093292236328,242.79772414901245,240.58207171142865,242.6900581737846,911800
2021-04-20,245.1658172607422,249.70476002855676,242.96809580744323,244.23290391270683,1385400
2021-04-21,251.5795135498047,253.59781891503795,244.60066320413216,244.71728078301527,1685800
2021-04-22,249.8572540283203,254.31546764010747,249.2562354669641,250.00078125752506,993700
2021-04-23,252.9610137939453,253.96567727014394,249.9021556967529,250.8350692282345,836400
2021-04-26,252.18960571289062,255.75974746739755,252.00121076476682,253.46336580242877,914200
2021-04-27,252.826416015625,254.297522281897,251.76793344446307,253.57093446821622,1095700
2021-04-28,254.83587646484375,257.8319372382875,252.66509089023972,252.66509089023972,1119200
2021-04-29,251.7948760986328,257.62553738636365,251.16694777917493,257.62553738636365,1632700
2021-04-30,250.4851837158203,252.14468498684369,248.4130587226852,251.49882606852736,1638900
2021-05-03,253.911865234375,255.50856845653422,252.38691195898625,252.5214875936003,813500
2021-05-04,258.0560607910156,258.4059135662832,253.122424909183,253.51711796973132,1314600
2021-05-05,257.455078125,261.0969963615404,257.01551738954,259.99364608174244,1163100
2021-05-06,258.3102111816406,259.0303039260581,256.42894347730595,258.34622405979474,1093000
2021-05-07,260.8665771484375,261.2716464873568,257.2570483857905,259.12032339317517,943600
2021-05-10,261.3526611328125,265.6642900418814,261.235639877882,262.3787946957064,933800
2021-05-11,258.03125,260.99268517237067,256.5370310142096,259.50744880645993,1282500
2021-05-12,253.56651306152344,258.37320171074185,253.14345106115417,257.40104638361584,1209500
2021-05-13,258.3462219238281,259.08430736633153,254.2146300901266,254.54767366841057,767500
2021-05-14,260.8845520019531,262.6938213029883,258.50822412291984,258.9582889265783,795900
2021-05-17,257.2030334472656,261.1726084391235,256.05086861176636,260.38048996413465,993500
2021-05-18,252.23435974121094,258.0942132063038,252.11733847850095,257.8601706808838,1194300
2021-05-19,251.5413055419922,251.7933408091881,246.7886208821665,249.33597635169005,840900
2021-05-20,249.2549285888672,251.9283150046159,248.33680614691153,251.26222779004684,1508400
2021-05-21,249.64198303222656,252.89146573306323,249.02089130350285,250.75813513844076,1179300
2021-05-24,252.46844482421875,252.9185097752582,248.64289274038333,250.89321749558061,1295400
2021-05-25,250.20004272460938,255.52882261410215,250.01102317989967,253.14348441255203,1451100
2021-05-26,251.72122192382812,254.87167533331225,249.2728684610952,250.20901088002142,921200
2021-05-27,251.43325805664062,253.89963251668502,250.7221752558085,253.82760674585205,1422700
2021-05-28,252.84645080566406,253.59357390938467,251.16321250492197,251.8563025494096,911300
2021-06-01,253.33248901367188,255.88885390432856,253.0354308483012,255.02473713827845,868200
2021-06-02,251.253173828125,253.91754969092318,250.90211010675787,253.79154583412264,959800
2021-06-03,251.64930725097656,253.54856803761248,249.5249865334047,250.23609680218755,1170800
2021-06-04,251.40621948242188,253.19749630235125,249.94801373307547,252.98144649038136,845300
2021-06-07,247.3736572265625,252.0363226019516,247.35563705143227,252.0363226019516,927600
2021-06-08,247.94970703125,248.99386072724002,244.07916050334006,247.27460979011846,1045000
2021-06-09,246.41954040527344,248.4268122587942,246.2935090490227,248.02177033466234,818400
2021-06-10,243.14300537109375,248.5797958961427,242.57591932276534,247.9407115658598,1337900
2021-06-11,244.37620544433594,245.08731560464034,243.13402205309842,244.48421661404726,1172100
2021-06-14,244.40321350097656,245.73541538559408,243.66512800212533,244.21419394991045,985000
2021-06-15,245.94244384765625,247.14861432980075,243.8721290892289,244.88026994178085,1169400
2021-06-16,244.29518127441406,246.09544057263344,243.58407116007987,245.99643949672426,1024000
2021-06-17,240.2626190185547,244.5472174865498,237.9762820088435,244.22318399702604,1189800
2021-06-18,235.32089233398438,238.36333500468083,235.2128811690707,237.21117012930594,1923100
2021-06-21,238.31837463378906,240.0376258481301,236.7431474838191,236.7431474838191,1299600
2021-06-22,237.70626831054688,240.24464096933605,237.49925603475702,238.85843336939146,1271100
2021-06-23,236.9141845703125,239.08347330850552,236.5541106589508,238.39939331044016,1030700
2021-06-24,238.4803924560547,239.11049430673222,236.53610878314925,237.65226094971692,1184400
2021-06-25,239.2994842529297,241.09073355073443,238.76841103071067,239.46150100483823,1452100
2021-06-28,237.1931610107422,240.06457664835733,236.73408612185074,240.02856377261915,963800
2021-06-29,235.9149627685547,238.5343431920556,235.0688387498386,237.16615609380892,1658200
2021-06-30,238.90341186523438,239.227445351249,236.08600168724152,236.5270564220203,1282900
2021-07-01,242.38694763183594,242.51297898734828,239.84857504302354,240.04660469469928,1192500
2021-07-02,243.85415649414062,244.72728345983165,241.79285165291077,242.4679489726787,1433400
2021-07-06,242.44088745117188,244.14214547037844,238.9483804344128,243.15199748061062,1796800
2021-07-07,246.0504608154297,247.10359718917135,241.495806697202,241.62181057185256,1354100
2021-07-08,228.43495178222656,240.53269913987256,227.8318664321068,238.7414495322473,3737800
2021-07-09,237.31019592285156,239.01142669005284,234.03371078634964,237.91326740987967,1880900
2021-07-12,235.64498901367188,236.7071355893422,233.82670922944885,235.09589554910164,1000700
2021-07-13,235.18588256835938,236.4460586311016,234.61879647268088,234.98785293923,897700
2021-07-14,235.6179962158203,237.34623012926144,235.31195536593557,236.24807062330672,1084000
2021-07-15,237.0941619873047,237.83227494806468,234.03372644315763,234.03372644315763,1310900
2021-07-16,234.52880859375,237.90429534650852,234.46582038473247,237.66127018943126,1724700
2021-07-19,228.47093200683594,230.71224621816563,227.05772175440842,229.53307848314824,1343100
2021-07-20,231.18032836914062,232.674547158863,228.89400468170635,228.89400468170635,995300
2021-07-21,234.6188507080078,235.5009878907343,232.242522078913,232.242522078913,1346800
2021-07-22,237.54421997070312,239.77655149359498,236.79712441384484,238.68740225897812,1303000
2021-07-23,238.82241821289062,239.875554577122,237.481206282597,237.99428680351915,1039900
2021-07-26,238.786376953125,240.41560931628624,237.0491334341393,238.3363121573396,899900
2021-07-27,236.67112731933594,240.2446438086531,235.8430232668261,236.90516986320193,982900
2021-07-28,231.26136779785156,237.25620828673578,228.36293491423177,236.47309973052037,1507800
2021-07-29,230.46925354003906,234.37581377663844,230.34322217606027,231.88243652170638,1011000
2021-07-30,232.0804443359375,232.13447739382892,229.6231076675421,230.2351893126546,1044700
2021-08-02,230.57723999023438,235.2669082948508,229.90214267792803,233.20560347640367,829900
2021-08-03,232.89956665039062,234.39378535695053,230.33420506058326,231.26135135480988,769300
2021-08-04,228.27285766601562,232.3144305249489,227.43573004863782,231.4683065566977,1054100
2021-08-05,229.05601501464844,230.77526610675147,227.5077907699647,229.34404938802064,983500
2021-08-06,231.4335479736328,232.62680958040912,229.66169808285042,230.06849620142532,1001900
2021-08-09,231.1261749267578,231.912665996442,230.24929193923083,230.8278526305293,858500
2021-08-10,234.19981384277344,235.42022210768806,231.58723471924756,231.77709500993507,933500
2021-08-11,240.202392578125,240.68151259221796,234.38061679105877,234.87783450361692,1395200
2021-08-12,243.18557739257812,243.39348018820536,239.33452019417078,239.42492590824594,1124600
2021-08-13,243.1042022705078,244.05339322714158,241.44081450269763,243.23074819034966,1072900
2021-08-16,243.83645629882812,244.27035957924056,241.20580730952702,242.91435665205134,1084300
2021-08-17,241.12445068359375,243.08611947095426,238.26780120359456,243.08611947095426,912300
2021-08-18,239.8226776123047,243.99011323051423,239.77746096343506,240.42834345079385,862900
2021-08-19,237.02935791015625,241.06119948782646,235.44735426015163,237.70735947444393,1127000
2021-08-20,237.09259033203125,238.4847611115479,236.38746988826716,237.44516434788886,724000
2021-08-23,238.30393981933594,241.00692439854956,237.32762985604055,237.743463026708,743200
2021-08-24,234.5252227783203,238.87347001587915,234.12745970732962,238.3401121679486,1547800
2021-08-25,236.0891571044922,236.89370450970213,233.78393553497136,234.49810481380652,1257300
2021-08-26,234.64273071289062,237.9875487745908,232.6539154997799,236.23378288337918,1066700
2021-08-27,235.77272033691406,236.85753359230202,234.72407488015827,235.21224360387757,772000
2021-08-30,233.4404296875,235.9083373146163,232.94321207030814,235.86314825303052,1026300
2021-08-31,229.20065307617188,234.09132083139653,227.85369897094532,233.92857951018706,1932700
2021-09-01,228.0345001220703,230.4753027164153,226.4976995103698,229.05602677653076,1504700
2021-09-02,229.32723999023438,230.35781559896495,228.197237395374,228.3961189555876,1057700
2021-09-03,226.36209106445312,229.30009750970729,225.47617298327427,228.41417942852843,1317700
2021-09-07,224.3280792236328,227.16664480561326,223.58680479469533,226.2264888434053,1284900
2021-09-08,225.666015625,226.58808770044885,223.18904526751746,224.536013165305,1075600
2021-09-09,223.84896850585938,225.82873507237633,222.99920442763056,225.2772933063327,924600
2021-09-10,223.42405700683594,225.65694273279095,223.1890214860942,224.85238161897541,1231900
2021-09-13,221.96864318847656,225.6479379193811,220.2691288223317,225.39481846497705,1283100
2021-09-14,221.29063415527344,222.3844825983788,218.7323207421285,222.3844825983788,1696600
2021-09-15,224.75296020507812,225.27728299091223,221.59800223038718,221.61607233770988,1846100
2021-09-16,224.1925048828125,226.55195074805602,223.84897969512932,225.32250742758475,1092300
2021-09-17,222.42062377929688,224.97895083886445,221.61606263147328,223.2071148205892,2296300
2021-09-20,218.37071228027344,220.24200296740548,216.5807922533463,219.71768017285603,1311100
2021-09-21,216.27342224121094,220.80246685132752,215.71293167626092,220.80246685132752,1208900
2021-09-22,216.52655029296875,219.56399738784316,216.18302513890154,217.15031384368024,1068800
2021-09-23,218.92214965820312,220.00694923485915,217.55711168525823,217.76502827057337,1331500
2021-09-24,221.5437469482422,223.01726063004972,218.62381094951175,219.0215739830214,1178100
2021-09-27,222.04095458984375,225.21401026312964,221.56183465976483,221.5708835074107,1249000
2021-09-28,221.6793212890625,222.8454775353468,219.8441987486008,221.6793212890625,1374100
2021-09-29,220.79347229003906,223.00827462027212,220.4318631827911,221.73362838092984,1388400
2021-09-30,216.282470703125,222.36640008148916,216.21014889045506,222.03192376761913,1210200
2021-10-01,220.16061401367188,221.39910598170658,216.12877331269883,217.5661330058898,1033700
2021-10-04,224.08399963378906,225.12359632090585,221.93247065693308,222.35735266150505,1620400
2021-10-05,230.6470489501953,232.4008010852673,224.00262933117347,224.94279905110392,1676600
2021-10-06,237.32762145996094,238.0869797574264,228.35992412529498,228.4864838415392,1984500
2021-10-07,234.73316955566406,240.35606326506903,234.3715742625866,239.35260666973014,988400
2021-10-08,239.45204162597656,239.7865179343766,235.30267597397153,235.68234134482285,1096900
2021-10-11,239.0542755126953,242.245401261276,238.71979920855864,239.37970296927696,1356100
2021-10-12,236.00779724121094,239.18987419422635,235.69139103906488,238.35820784407417,1091700
2021-10-13,237.07449340820312,238.6564967007269,234.03706032877258,236.03489676213428,929000
2021-10-14,243.92681884765625,244.22515492183973,238.17738004572072,239.1356198460433,1328700
2021-10-15,249.12484741210938,250.56223480252473,244.69524333611878,245.5178884283378,1135600
2021-10-18,249.27853393554688,249.92941643320302,246.91005327650504,247.86829312195022,742500
2021-10-19,248.58248901367188,251.1408026288533,247.95872540374606,251.1408026288533,938600
2021-10-20,252.45159912109375,253.12960059899862,247.90447031279652,248.6005418984499,844900
2021-10-21,255.6517791748047,259.1683605355406,254.89242073226023,254.91953969135272,1352300
2021-10-22,259.0326843261719,261.1209262838238,255.3353202628846,255.65169882354135,1110400
2021-10-25,259.74688720703125,262.63065584608944,258.4903387500985,259.3220051558485,1250000
2021-10-26,259.2135925292969,262.169697499669,258.87006726526937,260.96735907557274,1244300
2021-10-27,259.5027770996094,265.4239783700755,259.4937282526788,262.31423728817543,1520400
2021-10-28,265.0262145996094,265.3968310528825,262.20570586555533,262.27804145737326,1366000
2021-10-29,264.9177551269531,267.6388097703095,262.9470375363789,263.42615745680195,984000
2021-11-01,260.976318359375,266.0568047720589,258.580718771822,265.2070407541421,893900
2021-11-02,258.5626525878906,261.24753974022724,257.92986771501484,260.2260130247525,1468400
2021-11-03,260.0091247558594,260.30746094994004,255.79647092749642,258.2463369074065,666400
2021-11-04,258.21234130859375,260.9074423515961,257.33212237689526,260.64430438434744,698100
2021-11-05,257.62249755859375,261.9691477565495,257.47730367364363,260.3902092586829,1269500
2021-11-08,258.2939758300781,259.2195555240284,256.56981606747917,259.2195555240284,583900
2021-11-09,258.2577209472656,259.19238409419097,255.96189626445477,257.9764164452815,1040800
2021-11-10,255.6352081298828,259.29219442059804,254.9909327442216,258.257726033262,694900
2021-11-11,250.37197875976562,254.11971345974985,249.092483988807,254.11971345974985,1375800
2021-11-12,250.0816650390625,252.26860119995132,249.21052942202488,250.4537191769301,1298300
2021-11-15,249.90927124023438,252.20509609566417,249.1288851935773,251.81490307233562,936500
2021-11-16,248.61158752441406,252.4863502454085,248.53900443640083,249.546250555141,893900
2021-11-17,249.18331909179688,251.29764456379849,247.3774925622581,248.61162679662598,1114700
2021-11-18,250.2903289794922,252.10521058585286,248.43005871723517,249.67327587962453,818900
2021-11-19,248.38473510742188,250.52628243239283,247.35932241475874,250.52628243239283,957800
2021-11-22,251.41554260253906,253.74767207487224,248.62063715932027,248.94730255053364,803700
2021-11-23,253.83839416503906,253.95633819270122,249.25580206513055,251.06162786926845,1534500
2021-11-24,252.06890869140625,254.05620629333112,251.38832807959352,252.0053811880087,810400
2021-11-26,244.6914520263672,246.67874996613534,242.15062838748128,246.14336311697372,973500
2021-11-29,243.8656768798828,247.64063462993087,243.72048300185398,247.2141362672526,1129600
2021-11-30,240.71681213378906,244.3102976569043,240.10884230306456,241.6424194774228,1720300
2021-12-01,244.1560516357422,252.05079871418488,242.9219452775585,244.01085776544426,2017900
2021-12-02,253.01263427734375,255.94365014993323,244.53714107199949,245.62605334643345,2057300
2021-12-03,255.20872497558594,260.0726236504234,252.39567973232857,254.8366708030799,2138200
2021-12-06,260.64422607421875,263.0035499557361,256.51535389577333,257.7767098767508,1472200
2021-12-07,260.8529357910156,264.72772589649577,260.27218805443744,262.52262361141095,1308700
2021-12-08,259.9817810058594,262.25946620379756,258.28487119420606,260.9073606232445,910100
2021-12-09,260.3901062011719,262.52256957932616,257.3320079415204,259.2376388495373,905400
2021-12-10,262.73138427734375,263.45732597988865,260.462781840765,262.03266469632183,969200
2021-12-13,258.15789794921875,264.0925702276213,257.6678997163706,261.5154409438482,1704600
2021-12-14,257.47723388671875,260.42641637396923,255.89829581680934,258.1668977300789,1148400
2021-12-15,261.1343078613281,261.215974234829,256.7876850563283,258.7568166786242,1047500
2021-12-16,263.5299377441406,264.86387708951673,261.0798360263801,262.25044264201244,1349600
2021-12-17,258.4300842285156,263.35748133676435,257.9309751514518,263.35748133676435,2517700
2021-12-20,255.39923095703125,255.88922906303895,251.81482862556294,255.65331328000067,1216000
2021-12-21,258.77490234375,259.6460377483904,256.2431347849097,257.71318443427015,952000
2021-12-22,258.8838195800781,260.37200824119884,257.15060415490154,258.0943504356722,794100
2021-12-23,260.91644287109375,262.6405747914226,258.611535566754,258.7113684515222,1354200
2021-12-27,264.54620361328125,264.9727018781296,261.15238403314373,261.9055476789512,951300
2021-12-28,266.14337158203125,267.69508789684477,264.2196011439418,264.2196011439418,935700
2021-12-29,268.3756408691406,269.1832765467648,265.6533182229617,266.1796217496812,610200
2021-12-30,267.4501037597656,269.39201315652923,266.56988485618007,268.729598930518,689800
2021-12-31,270.1542663574219,271.5063723486713,266.17061456126777,267.1506387071833,764600
2022-01-03,265.2903137207031,271.31570601213497,262.5861302661141,270.87106889811554,768600
2022-01-04,267.44097900390625,270.03624664502547,263.3484117467126,263.4663834927449,1024500
2022-01-05,267.4318542480469,270.92550665543877,266.76944022754213,268.5843217178347,1224800
2022-01-06,269.183349609375,270.64431653344036,266.45194295128096,269.1924051894828,815300
2022-01-07,269.3375244140625,271.097961930398,265.93462112623325,268.7658322308435,897500
2022-01-10,261.3157653808594,269.4918170112819,260.4083244520364,269.38290083778764,1479200
2022-01-11,259.90924072265625,262.6133969432081,255.09070395569938,262.05987127410697,1230400
2022-01-12,261.5063171386719,262.86747851585784,260.55351525180134,260.5807373716291,982700
2022-01-13,263.2122802734375,264.5643582244682,261.5153703822496,261.9781740590812,971200
2022-01-14,261.59710693359375,263.43921117249846,259.9274187110365,261.38838552093534,1118000
2022-01-18,250.28134155273438,260.7713590391256,248.43923712457675,259.4192805863472,2099000
2022-01-19,252.32302856445312,254.4282982166088,249.78220497936877,251.70597536420408,1480900
2022-01-20,253.36656188964844,258.9019568298481,252.15059442621083,252.15059442621083,1014600
2022-01-21,250.8348846435547,254.99095275626973,246.92378796900186,253.50273603833622,2021100
2022-01-24,250.7349853515625,251.06167846608204,242.912849458777,245.5988666882925,1523700
2022-01-25,249.3738555908203,251.13429332222393,242.02357805256523,246.28856177151235,1438500
2022-01-26,244.12884521484375,254.0834738516773,241.497271917103,253.1760328736356,1969500
2022-01-27,244.78221130371094,249.1833057202264,242.60435842846772,247.48639547031985,1310600
2022-01-28,246.81483459472656,247.2776383024511,239.50994663212518,245.2631184533354,1053600
2022-01-31,246.81483459472656,247.43191543599187,243.87473502305957,245.87111602412838,1054700
2022-02-01,249.0018310546875,251.35210016877133,246.26136891585446,247.46825338793363,1050000
2022-02-02,254.15602111816406,254.36474248313576,248.81120891123368,249.07437451178112,1349200
2022-02-03,251.40338134765625,255.81492297895522,251.0752354393198,252.46979296364356,961200
2022-02-04,246.4814453125,251.51278472023418,245.82518123183462,249.54399247823807,1132000
2022-02-07,240.66622924804688,247.73017113681954,239.39926373822686,247.73017113681954,1457200
2022-02-08,246.11683654785156,246.28092343273997,241.31336614766136,241.81466701890372,1041700
2022-02-09,249.7080535888672,250.7015594745552,247.5022963941619,248.46845910193375,768800
2022-02-10,248.22232055664062,252.30574426308772,245.76135131541955,246.77307662417695,2161300
2022-02-11,243.55555725097656,249.83564186918102,241.28599032430478,247.5751707899578,1039100
2022-02-14,248.16769409179688,248.98804518621367,242.99963796687922,244.35772903678986,1287200
2022-02-15,250.77447509765625,253.27191122095644,249.224954284543,250.40076648235132,1043500
2022-02-16,252.26016235351562,253.04401853487113,247.97621308131673,250.20934090074837,1181500
2022-02-17,249.04269409179688,251.59481675529148,248.43199269586202,250.24582173827244,908400
2022-02-18,246.2991180419922,251.83178565989525,246.05302946361897,249.22494907128868,1141700
2022-02-22,235.4799041748047,247.9397694339718,235.10619555942284,246.83689091582707,3359700
2022-02-23,231.205078125,236.7924322106887,228.2883567903917,236.2364172116902,2816800
2022-02-24,231.55142211914062,231.9433641416714,225.91850552891202,228.90814653807314,1829600
2022-02-25,237.37576293945312,239.1896196669626,232.69989904081973,233.0097976407244,1330900
2022-02-28,233.8118896484375,235.9538645091922,231.20508079121416,233.78454647217464,2734500
2022-03-01,232.4902801513672,236.3731505021667,231.2780149323103,233.97599105806535,1848500
2022-03-02,245.38768005371094,247.0830128235063,233.75723216851634,234.6960517575654,2300000
2022-03-03,247.9215545654297,252.62477562967035,246.4358437400763,246.4358437400763,1492300
2022-03-04,259.37884521484375,259.5246847764276,245.26005689707844,245.67023240253627,2168000
2022-03-07,253.67298889160156,265.0846631463847,253.39043343930948,259.25121988221525,1958000
2022-03-08,242.15188598632812,255.92427754418046,241.63233789429952,254.67555964358363,1907500
2022-03-09,240.43833923339844,247.50228050751045,238.55157663013867,246.55433737384556,1536700
2022-03-10,245.96189880371094,246.99187153058725,237.01119436383533,237.89532753667112,1969600
2022-03-11,243.67408752441406,249.54399752688627,243.44621843368472,246.5178893261482,837900
2022-03-14,242.53472900390625,246.1532910823759,240.56593682814966,245.69755292547063,944500
2022-03-15,244.33033752441406,245.77048567173873,239.91879552029516,244.98660158050072,903200
2022-03-16,249.12466430664062,249.68977506070948,244.85896266362653,246.47226541147253,1353100
2022-03-17,250.09999084472656,250.13642986852076,245.45145623448735,248.386410980744,1105700
2022-03-18,250.50099182128906,250.81091820742742,242.1154274704364,242.1154274704364,2460700
2022-03-21,253.52711486816406,256.1339514228693,250.60128387691736,251.29401473213443,1039200
2022-03-22,254.25636291503906,255.2134020462913,250.40993124298495,255.0949056590584,1026600
2022-03-23,252.68856811523438,256.0063271656223,251.71328186225008,253.6547307046804,1149800
2022-03-24,254.80316162109375,257.29150167100244,253.02579971348436,253.02579971348436,924500
2022-03-25,258.2758483886719,258.3943447295063,254.3200455438146,255.52320064392114,912300
2022-03-28,259.4243469238281,259.6522159697265,255.71463218075144,258.5493375760711,759000
2022-03-29,260.3722839355469,260.98295738747856,254.56618523059055,260.2811307560816,1025800
2022-03-30,263.55340576171875,263.93623810369235,260.0715591022546,263.3620034987586,1653300
2022-03-31,259.9712829589844,265.74091595548543,259.9712829589844,262.496062408478,1365600
2022-04-01,242.306884765625,260.2903242944621,241.11285289741065,259.9530824743477,2387400
2022-04-04,243.27304077148438,243.4644430231933,238.61540981157327,241.69620443303427,1482400
2022-04-05,239.03465270996094,248.60515358109382,238.67006776379415,242.58940461317204,1816400
2022-04-06,234.18560791015625,238.45131047908885,231.56056552466893,238.10497283751587,2053100
2022-04-07,235.76242065429688,237.22078803497342,230.21153432448577,233.82097203422595,1399300
2022-04-08,235.29759216308594,237.74946554035017,231.60612441756447,233.1556312859101,1150800
2022-04-11,233.1647491455078,236.86534068342866,232.08921379165966,235.2429139885572,1200700
2022-04-12,235.817138671875,238.37838473254294,233.4928853395123,233.66604023783393,1293700
2022-04-13,237.83148193359375,238.85233084309442,235.8171272883809,235.8171272883809,937100
2022-04-14,239.7729034423828,241.30417663242488,238.14135341582661,238.6517778125073,2129500
2022-04-18,239.2716522216797,241.7144020278631,237.50338597581805,238.79766674378945,1759100
2022-04-19,241.41357421875,242.19745821911533,239.89142453392722,241.20395249394417,1394600
2022-04-20,244.193603515625,246.27176823630458,242.2612783317007,242.2612783317007,1223000
2022-04-21,245.93458557128906,252.15995756562467,244.91373638475562,246.37207647062962,1571600
2022-04-22,235.69866943359375,244.78608988778825,235.58017305580373,244.3121321926793,1404000
2022-04-25,236.74684143066406,237.18436006136338,230.77668288867173,234.7780493165902,1165800
2022-04-26,232.09832763671875,237.13880443974963,232.09832763671875,235.62575042321686,1652600
2022-04-27,239.2898712158203,240.62974248548375,230.61261297133933,232.2259299117957,2340800
2022-04-28,242.3159637451172,245.2326710208155,238.8249941721303,239.5815350276234,1470400
2022-04-29,235.05149841308594,242.3524320336246,234.25851853083444,240.57504223019728,1591100
2022-05-02,233.8939208984375,237.56719710509125,229.54618894435282,235.29760219437534,1397100
2022-05-03,233.41082763671875,236.10881738479927,232.16212352331013,233.24676858632202,1648400
2022-05-04,241.2404327392578,241.83288674201768,234.613982560683,235.58014516605704,1781100
2022-05-05,235.23300170898438,240.41624489203664,233.30073329844328,239.01512287581636,1159800
2022-05-06,234.19821166992188,234.8850228117009,228.79517904568843,234.74766337804365,1124500
2022-05-09,228.48382568359375,232.96192495468517,227.58637809649275,231.77142527265724,1319600
2022-05-10,225.0496826171875,232.76043710572642,221.82617969011332,230.79154414933703,1453300
2022-05-11,225.77316284179688,230.3519972903678,224.65594009195988,225.3427652592455,876400
2022-05-12,225.3335723876953,227.60467009694213,220.13202376756678,225.1321025775573,1352100
2022-05-13,228.31900024414062,231.74395935752983,226.02958309412392,227.09186203187673,1116400
2022-05-16,226.28598022460938,229.28052757792858,225.69072342484063,227.97098777072353,745100
2022-05-17,230.49844360351562,231.49662581433617,227.32073247768338,228.87753285691076,1189600
2022-05-18,217.5587158203125,229.70177802409742,217.20155336945913,229.5644046260403,1700100
2022-05-19,208.82229614257812,214.07880245038922,206.20320261269205,209.59153687830891,1698100
2022-05-20,209.58236694335938,210.23256744690352,203.79471470803372,209.3717445155173,1518600
2022-05-23,213.1813507080078,213.90481431698822,210.41574498771988,211.41392746239652,1160200
2022-05-24,212.7417449951172,213.07142154305043,208.07134353513442,211.6153559452994,1091800
2022-05-25,213.01654052734375,214.84807433903202,211.37732391422014,213.1630665859174,1147200
2022-05-26,216.7620086669922,219.26204823261614,214.76564365907458,214.93964159478162,950000
2022-05-27,220.72726440429688,221.56061552221817,217.56787182891063,218.28216879470259,1077800
2022-05-31,219.47264099121094,221.74373839441927,218.00740874646925,220.7730279710113,2465200
2022-06-01,221.56060791015625,223.51119554314528,219.6558114089893,221.46902564651214,1164200
2022-06-02,226.02040100097656,226.30428647237466,220.2968585179751,223.55698608053396,1004600
2022-06-03,224.05152893066406,226.7621910789728,222.73282238348958,224.65593842703464,803000
2022-06-06,224.06979370117188,225.27861247538874,222.09174821148514,224.94893589819242,721700
2022-06-07,228.3922119140625,228.9874686597339,218.32794471289864,219.38107084013805,1088100
2022-06-08,222.35731506347656,227.21088147452483,221.56060248853632,226.2584902339923,939900
2022-06-09,217.4488067626953,223.10825240778925,217.21071244387898,221.37745385085833,846200
2022-06-10,210.04029846191406,214.34440013244011,208.8406460488551,212.96159713258106,1341400
2022-06-13,204.28009033203125,207.92483798993166,203.0437996621962,205.74530870993766,1425700
2022-06-14,204.04197692871094,209.37174584924998,202.78738101669353,206.3405602970529,1215200
2022-06-15,205.5896453857422,209.63733294101655,202.24710217488095,206.05668142052647,1134200
2022-06-16,204.02366638183594,205.69036856020534,200.83680203100408,201.0199525847776,1582600
2022-06-17,202.81488037109375,204.51820722890454,201.51449315307582,201.53281240220082,2192800
2022-06-21,205.3148956298828,207.7142139359264,204.38080966381253,206.26730084291282,1057200
2022-06-22,205.2599639892578,207.10981678372795,202.59507932556684,202.59507932556684,1118600
2022-06-23,203.0163116455078,206.88084804106822,201.5419267744671,205.90097101457044,1106000
2022-06-24,211.02015686035156,211.61541372042296,203.75813216073146,203.75813216073146,1486600
2022-06-27,208.54757690429688,211.57876288486372,207.54024177239316,211.26740551537492,973000
2022-06-28,207.3204345703125,214.17953257801275,206.96328609572413,211.67947928240258,945000
2022-06-29,207.99810791015625,209.20691276272274,204.41745653800425,208.05305167979677,751700
2022-06-30,208.14462280273438,208.9230301458749,204.3991400707115,205.68122193156103,1091300
2022-07-01,209.29847717285156,210.86443036798406,205.71782610615944,207.9706182836804,698200
2022-07-05,205.2965850830078,208.0347327196427,202.8148649942027,206.65192994564205,932500
2022-07-06,206.72518920898438,208.1354638422328,204.66471404108464,205.03101514820352,1075500
2022-07-07,209.48165893554688,209.86627932103565,206.08415790349042,207.08235435171534,767300
2022-07-08,207.14642333984375,209.85709890178822,203.63903522582194,209.11533011557955,899900
2022-07-11,206.56951904296875,208.34609485646666,205.40649132107976,205.79111169143448,983100
2022-07-12,203.62986755371094,205.13172426168728,201.1847723386605,202.82398845116614,1363200
2022-07-13,202.81488037109375,204.77462082268312,199.53643345236145,200.87345916862935,1118700
2022-07-14,203.02549743652344,203.31854952076867,198.72139625699214,199.22507079335583,941300
2022-07-15,208.69407653808594,210.90107767926972,206.45960351327676,209.66478702216082,3217900
2022-07-18,209.76553344726562,212.6776790330135,209.2252344082861,210.12268192751384,955000
2022-07-19,216.29493713378906,216.5879752088981,210.85528074969952,211.84431045348768,1049400
2022-07-20,217.83343505859375,218.41037258978227,214.37183781844635,216.3041062439036,1358400
2022-07-21,221.71629333496094,222.87015443517907,217.52207984981436,217.52207984981436,1455100
2022-07-22,222.6228790283203,224.59177174371112,220.9928155031667,221.8994155469883,1064400
2022-07-25,226.10276794433594,226.22182207384924,221.395728179406,222.11002500950707,1002600
2022-07-26,224.0056915283203,226.85372650496475,223.60275194729164,224.82987596334016,1097300
2022-07-27,222.75111389160156,223.9690853710243,216.23084499523733,221.13020279811514,2024500
2022-07-28,224.20716857910156,225.251142084895,220.62651733677384,225.00388115698593,1257100
2022-07-29,230.01312255859375,230.8647928639417,224.26210874555616,224.64672908641003,1280800
2022-08-01,231.69815063476562,233.00770441140125,227.08269215896595,228.0534027211406,1150800
2022-08-02,227.12847900390625,231.2860540059392,226.9178425851539,231.2860540059392,1446700
2022-08-03,229.21646118164062,230.19632451260318,228.0442806505578,228.15416820862987,758600
2022-08-04,229.7933349609375,231.78056102806372,228.70358430842109,229.50944951520265,1467800
2022-08-05,231.0173797607422,231.49593325209048,228.02635724682543,228.40367556829491,627600
2022-08-08,229.83938598632812,233.9071750584273,229.71974058797937,232.60952803028002,1220900
2022-08-09,229.4712371826172,231.5419450162742,229.22276235345643,230.07864818411593,701900
2022-08-10,237.04544067382812,238.1314051722892,232.49908425672047,233.50222381063173,1352300
2022-08-11,239.47506713867188,243.06428865541076,238.42592304259784,238.42592304259784,1140500
2022-08-12,240.97518920898438,241.0764384270295,239.44746349038098,240.2941653423662,863500
2022-08-15,236.57611083984375,240.53345308827147,236.28160337496027,239.89846174042188,1127000
2022-08-16,237.08224487304688,238.39831617532766,235.24162960531555,235.44409995291457,1456500
2022-08-17,237.25711059570312,237.7264800646612,233.41941415138965,234.72625929711444,949900
2022-08-18,237.99334716796875,238.58233387269698,236.26315132809097,237.83688133743894,729600
2022-08-19,235.37042236328125,237.33990878230898,234.78142167255282,236.88893560008424,822000
2022-08-22,236.43801879882812,236.8245351889696,231.38548677011977,232.71074199357676,1296600
2022-08-23,237.71726989746094,238.54557557559937,235.58214714855956,236.28158124782445,985500
2022-08-24,239.11614990234375,240.2481189033898,237.3215251695916,237.67124921685803,1185900
2022-08-25,242.03355407714844,242.3924902914863,239.89844531735358,240.7267229305803,726400
2022-08-26,232.83041381835938,243.16554364818964,232.7291786427701,241.932325358566,816500
2022-08-29,231.78123474121094,234.66180985418174,230.59402105797676,231.90086608855867,906900
2022-08-30,225.2654266357422,231.8088645281091,222.8357964586504,231.74443576035776,1858700
2022-08-31,223.756103515625,226.38820395478317,223.3971813667801,226.38820395478317,1431700
2022-09-01,221.9154815673828,222.86340455702722,220.1300688551167,222.05352315116113,2038600
2022-09-02,220.1944580078125,224.63038095655983,218.8508066054558,224.47392916548463,1881700
2022-09-06,220.79266357421875,223.24070360885386,217.68199595061643,218.12374299563277,1379300
2022-09-07,223.8389434814453,224.6120044626888,219.68832922089678,219.68832922089678,1199600
2022-09-08,226.33297729492188,226.45262269428812,222.56889371077563,223.2039130722007,856100
2022-09-09,229.9405975341797,230.77807310791232,227.48334531084708,227.48334531084708,1581200
2022-09-12,230.6124267578125,232.08492164486037,228.91905131840878,231.53274132829964,1138900
2022-09-13,223.91258239746094,228.46813761997637,222.99226764370474,226.59070170118474,1112000
2022-09-14,219.07168579101562,223.3235488811837,214.52534336787036,222.98302292289267,2008700
2022-09-15,219.8263397216797,225.03532358115174,218.234199440564,224.43711068228117,1378100
2022-09-16,215.335205078125,217.21265471656935,210.53116176718706,214.9118682282997,2843800
2022-09-19,217.27708435058594,218.2894360920704,213.87192292278212,214.44251351731668,921900
2022-09-20,211.2950439453125,215.4180638213116,209.31637300108179,214.15722316093945,1774900
2022-09-21,209.73048400878906,215.80456570723402,209.61083862255538,213.00680158759323,945900
2022-09-22,206.8038787841797,209.31633345309086,205.78232912099173,209.02182607064015,905900
2022-09-23,200.3064727783203,204.43869050546036,198.8155675775774,203.97853319235335,1410200
2022-09-26,197.6467742919922,200.16844155367104,195.74173021950702,199.12848147854177,1521000
2022-09-27,196.80007934570312,199.65306034828436,194.79380017008577,197.86764769892977,1266700
2022-09-28,199.4505615234375,200.91385822252502,195.3551647667689,195.65887023989958,1215200
2022-09-29,197.4534912109375,198.92598607788273,195.6036499620656,197.31543560151763,990300
2022-09-30,192.94393920898438,197.60074261397682,192.88872258301245,196.94731310657602,1246300
2022-10-03,199.52423095703125,201.03354651230586,194.31524635371116,194.56373525619986,890100
2022-10-04,205.38662719726562,205.65352632075263,201.85262216630196,201.85262216630196,928500
2022-10-05,203.407958984375,205.1013346625678,201.77899803289898,203.1318617657182,1013100
2022-10-06,201.48446655273438,204.13497706703424,200.78503251941024,202.56124698133334,785500
2022-10-07,197.471923828125,199.76349834977893,195.9994147513063,198.72353828766742,987100
2022-10-10,195.32757568359375,199.70826812245363,195.19873220135923,199.36775621430948,977700
2022-10-11,195.833740234375,198.13452676585257,193.38571403747665,193.95630460355937,1310500
2022-10-12,194.48089599609375,198.65911827274124,194.4348774556274,195.4288189495754,884700
2022-10-13,198.4290008544922,200.27882785966557,187.9834261388597,189.16142752168915,1117800
2022-10-14,196.4779510498047,201.21756518941203,196.20185388646487,200.17760529274892,978500
2022-10-17,201.6409149169922,201.8249750105602,199.3033081957352,199.42295357585263,1372000
2022-10-18,204.62274169921875,206.72105783205524,201.89861838843174,205.42342493827283,1806700
2022-10-19,200.2788848876953,203.96014376797137,200.1776497067722,203.3895531352528,1402700
2022-10-20,188.54486083984375,199.82792761510606,187.42207582561883,196.57921797255133,3397700
2022-10-21,191.46224975585938,193.96550667693725,188.33318562595545,189.39154183501174,5178900
2022-10-24,196.23870849609375,197.48113901489498,193.22007726589646,193.68023463687638,1594300
2022-10-25,198.57627868652344,200.24204581124104,196.04541361920678,196.70804123298964,2527700
2022-10-26,204.4202880859375,208.65374114531483,200.8310665238169,202.96618923585376,2118900
2022-10-27,205.77313232421875,208.71813615378474,205.40501211160523,206.0584275954271,1534400
2022-10-28,210.880859375,211.43305368012636,206.04001026587912,206.62901097133445,1475300
2022-10-31,209.89614868164062,212.71230899162384,209.35315241802178,209.36236455107928,1783300
2022-11-01,211.66319274902344,213.05286295519193,209.6292909885932,211.85645098099113,1314400
2022-11-02,207.43890380859375,216.00704447220346,207.39289931321647,210.6047882578716,1206600
2022-11-03,210.2613983154297,212.38981975448647,204.53313578100247,205.1161316674389,1538800
2022-11-04,216.3597869873047,216.52635318269813,212.19546265567783,212.69517536242407,1661100
2022-11-07,218.05332946777344,218.932461977453,215.84161061389497,217.4518073459944,1216000
2022-11-08,218.69183349609375,220.04291761213992,215.0364704920529,219.1545362438896,1280800
2022-11-09,213.34298706054688,218.21987821198027,212.86178634637082,217.55358509327877,1014400
2022-11-10,224.85507202148438,225.19748173093305,220.13551144504171,221.09792715566454,1034400
2022-11-11,232.19354248046875,233.85927552802846,226.326473860158,227.9736948403642,1641100
2022-11-14,232.90609741210938,237.0796861135179,230.19466551676055,230.19466551676055,1546600
2022-11-15,229.63015747070312,235.92291871603723,227.24260919877182,235.7285773164489,1937200
2022-11-16,231.09226989746094,233.1374082096165,229.60236643052312,229.87072782095987,1406800
2022-11-17,227.24258422851562,228.6121804865254,223.89262066155473,227.16855009016808,1079800
2022-11-18,228.3531036376953,229.70420216203172,227.0390292485847,229.26001138331398,889300
2022-11-21,230.66659545898438,230.72213165642745,224.5496638599596,227.7145634474779,1113500
2022-11-22,232.3693389892578,234.96972632251288,230.0373130521479,232.16574863884364,1088200
2022-11-23,232.3785858154297,234.2016358596691,230.46298956892278,231.04599957795844,896400
2022-11-25,233.4983367919922,235.50646515511215,232.94308780986958,233.22996127309128,347500
2022-11-28,230.00953674316406,233.52608041979167,228.91755092521478,231.34212290446018,948800
2022-11-29,234.4607696533203,234.5995748488062,230.76839612713397,231.9806752362749,855200
2022-11-30,237.36654663085938,238.1531470729906,230.5833215960238,234.01658273305287,1577900
2022-12-01,237.23696899414062,239.6615554186809,234.96974219078464,239.07854536488884,1314400
2022-12-02,235.1177978515625,236.4873941291926,231.703049069416,233.9795388438015,1127600
2022-12-05,228.86204528808594,232.92457510510374,228.74173804749063,232.5451554390479,1181100
2022-12-06,224.45712280273438,229.62088755422465,219.25633392109486,228.88056027749133,1756500
2022-12-07,223.53170776367188,226.30792434333935,222.35643879118703,224.38307915363512,1445100
2022-12-08,227.34437561035156,228.12171286917877,224.42009073697182,224.6607052127287,897800
2022-12-09,225.84519958496094,227.88108872099463,225.75265339309135,226.7520929589042,697400
2022-12-12,234.17388916015625,234.48852367422018,225.81747774834963,226.87243956417532,1402500
2022-12-13,238.6898651123047,241.58638922541346,236.15426274723157,240.02245146620226,1929500
2022-12-14,239.143310546875,242.18787442042918,237.22771431342625,238.30118812191247,1482100
2022-12-15,233.47055053710938,237.0796405082236,232.03618328917895,235.6360101680049,1316000
2022-12-16,231.90663146972656,232.33231010601503,227.77006762091872,229.75968386222164,2077400
2022-12-19,228.57516479492188,233.4057827676017,227.06674926979883,232.11946965199954,1036200
2022-12-20,224.79954528808594,228.09398723782607,222.717382515524,227.7423426826699,1369300
2022-12-21,228.29754638671875,228.31605845147993,224.88279764754148,226.89092599680055,1144600
2022-12-22,227.1407928466797,227.24258802353657,224.61443961086346,226.4560017665226,927600
2022-12-23,229.03790283203125,229.96330850003946,226.63184244698198,226.63184244698198,545300
2022-12-27,230.9071807861328,231.41615662747054,228.5751550080009,229.59310669067634,750000
2022-12-28,227.45542907714844,231.7308124170442,227.140794571953,231.10152928608494,560500
2022-12-29,229.69491577148438,230.870170642906,227.7978315864474,228.7972712661825,520000
2022-12-30,228.03846740722656,229.21373658198758,225.74346526013318,228.26981882868353,637500
2023-01-03,229.22299194335938,229.77824101855765,226.44677480850908,228.67700596244242,941600
2023-01-04,232.1842498779297,232.7394988634057,227.86260759747898,228.13098311800073,988100
2023-01-05,229.0193634033203,232.2305218173082,228.38083130939071,230.75913036990323,982600
2023-01-06,236.70947265625,237.45906299160376,230.0095457028987,231.74929848518997,897100
2023-01-09,235.26588439941406,238.29196495670155,234.15540039654542,237.35729617349284,1098800
2023-01-10,235.65452575683594,235.84886714206385,232.39710827571355,235.15481295571476,618300
2023-01-11,237.03338623046875,237.255474520712,233.82221378816806,237.1629283193988,800200
2023-01-12,235.21031188964844,238.37519697354793,235.127028784417,238.37519697354793,1127100
2023-01-13,236.0987091064453,236.75573910218236,232.77649263863876,232.94307297089128,929300
2023-01-17,237.51461791992188,240.2075517549163,234.92347927142256,237.2740034133501,1526400
2023-01-18,235.6730499267578,240.79055604787112,235.05302984957567,237.7274656740831,1237300
2023-01-19,231.24034118652344,234.86792921407516,230.66658014891163,234.3867143788237,985900
2023-01-20,234.7384033203125,235.43245756595047,230.8702003152605,232.22129879315315,3083900
2023-01-23,237.31101989746094,240.3000902224804,233.62790947670808,233.83148572256653,1397900
2023-01-24,236.79278564453125,238.5325526631788,231.49946456787765,234.24792028539272,1429900
2023-01-25,224.84580993652344,233.1374365802233,222.25467131515367,232.5081675216202,2644000
2023-01-26,223.18930053710938,227.10377612369754,217.8589697297505,225.66939471786816,1676500
2023-01-27,220.9961395263672,226.4097686805044,220.0059627406328,223.22637071859316,1690900
2023-01-30,220.44085693359375,222.96721007007903,219.47842727741133,219.47842727741133,1070100
2023-01-31,227.47393798828125,227.6312552386977,220.58891837639305,221.09789425748633,2112800
2023-02-01,230.23167419433594,231.60128477516201,224.6237180016445,226.0488506642881,1093500
2023-02-02,237.11705017089844,238.10332978906658,230.44569229936218,230.72483152278596,1142800
2023-02-03,234.586181640625,237.56364736880704,233.4789385251285,235.05140888595236,1048100
2023-02-06,229.31980895996094,233.17188979768787,228.6684794898112,232.90205005774396,1070800
2023-02-07,230.44566345214844,231.22724182180843,226.6308085349362,227.96135165012342,1146600
2023-02-08,229.46868896484375,231.05977243950576,227.97997025279975,229.18025033553062,826700
2023-02-09,222.36000061035156,231.62733318449554,222.2390511861573,230.68756510299934,1109200
2023-02-10,225.73756408691406,225.80268851837096,221.1039047082003,221.44816832580813,1193500
2023-02-13,223.0392303466797,226.0166815854993,219.76402688517442,220.4990796138176,2889300
2023-02-14,218.91734313964844,222.3879346001706,215.3350874798986,222.3879346001706,2941500
2023-02-15,221.71798706054688,222.05295123410272,213.0182463767741,216.16318699529236,2207500
2023-02-16,214.02313232421875,221.28997916313457,214.0045192602572,218.89870445915727,3169500
2023-02-17,212.283203125,216.4423361624265,210.7479587732455,212.70191903694206,5012400
2023-02-21,208.9335479736328,212.56231462156813,206.9330624030157,211.21315851900798,2837500
2023-02-22,206.5516357421875,211.1573834843296,204.72793835583195,209.5570003282252,2384900
2023-02-23,208.29151916503906,209.00797301671943,204.941877700462,208.55204525699426,1968200
2023-02-24,209.13829040527344,209.35229099406968,205.1559457390618,205.57464748152776,1503900
2023-02-27,209.6407012939453,216.33067142600567,209.3336496049824,212.1436261725991,1755200
2023-02-28,209.18479919433594,212.06919978695413,207.81702986709473,208.7846963542211,1573200
2023-03-01,209.73374938964844,211.10151862178768,208.43110458886363,208.57068128052381,1096900
2023-03-02,212.7112274169922,213.79055816418926,208.01242883105527,208.12407884020996,1198900
2023-03-03,212.5065155029297,213.47418199433974,211.01778253410367,213.23226892088968,1499400
2023-03-06,206.95166015625,212.02263365490322,206.877222102619,211.80863312421846,1538100
2023-03-07,200.2152099609375,206.12360223040014,199.40571901855634,205.86307608348184,2692500
2023-03-08,201.26661682128906,202.02959634963693,199.5080583300395,199.98258502851309,1574500
2023-03-09,198.3822021484375,201.79696832127092,197.461047119647,201.70391719600016,1622600
2023-03-10,195.8141326904297,202.67159151969375,195.06976630410855,198.52175849933886,1630300
2023-03-13,193.19029235839844,198.13100399276024,193.00419008106417,194.1021338873726,1873000
2023-03-14,193.60894775390625,197.3772908063423,190.99437323582208,196.31657338838912,1501800
2023-03-15,190.91064453125,193.30191937397763,188.87296113387666,190.58499397987111,2039300
2023-03-16,193.01348876953125,194.03698022757433,188.3239900169539,188.7985309107606,1980800
2023-03-17,189.71966552734375,193.55314769456874,188.603122974773,193.40427156819695,2713800
2023-03-20,191.05023193359375,191.98068647131294,189.73828762798342,190.21281433108078,1131200
2023-03-21,191.10604858398438,194.43707738718507,190.07324352433946,192.95765814428012,1823200
2023-03-22,186.6305694580078,192.52034827750856,186.38865639377514,191.12466649651623,1636300
2023-03-23,185.55123901367188,188.593829274961,184.4998208609161,187.30979749178024,1647500
2023-03-24,186.33282470703125,186.6957014168113,182.67614510829458,183.7554758031926,1398000
2023-03-27,188.81712341308594,189.18001429499017,186.6491769387114,187.9797200485916,1174000
2023-03-28,190.36167907714844,190.48264270305097,187.93319231106852,188.09136786930563,1571300
2023-03-29,192.8367156982422,193.29264356302318,191.47824573636268,192.64131398544737,1343700
2023-03-30,194.3161163330078,195.99093728942668,193.32053739072018,194.75343108822855,997500
2023-03-31,197.25634765625,197.87975044748833,194.46498424602004,194.86507285330094,1451700
2023-04-03,194.26031494140625,197.29359189948622,193.0414216576013,196.0374866777316,1111300
2023-04-04,190.76177978515625,195.74901632194494,189.81271224858295,195.4791765744602,2551900
2023-04-05,188.91949462890625,191.3945072578151,188.56593153735528,190.7431918811576,2342800
2023-04-06,191.12466430664062,191.48754099763647,188.0634610180777,189.2265291555784,3111500
2023-04-10,188.24024963378906,190.6408239731403,187.8773729428179,189.46845640175863,2572200
2023-04-11,191.5061492919922,192.43660377881145,189.52427669183237,189.60801418821998,2325700
2023-04-12,191.9713897705078,194.2416869488768,191.3386732930927,192.82740625368493,1080200
2023-04-13,192.58546447753906,193.19956784234697,190.70595664843648,192.43660255078058,1393100
2023-04-14,193.15306091308594,194.96744448632467,192.16678133981821,192.82741033192568,1432800
2023-04-17,195.12562561035156,195.39545117693348,192.9762637214134,193.8415938165253,1283700
2023-04-18,195.1069793701172,197.16327557982584,194.55801469853043,195.4140310163285,1305200
2023-04-19,195.24655151367188,195.8420417728239,193.9532204415632,194.0462715623338,1002700
2023-04-20,197.08885192871094,198.51244598232833,195.31168067043325,195.31168067043325,1109000
2023-04-21,196.89349365234375,200.2152091102436,196.7260044456878,197.76812322654337,3479600
2023-04-24,197.172607421875,198.19609880617395,196.28867852710508,196.6422415664481,1056800
2023-04-25,192.71575927734375,195.5722618189698,191.8318302144444,195.39547316686773,1301300
2023-04-26,187.0399627685547,193.30191741763178,186.35142134507362,190.7431676082528,1896600
2023-04-27,186.89108276367188,187.94250084310696,184.0718068953325,186.9282946949968,1478900
2023-04-28,188.91014099121094,191.3944523421164,185.66285027684506,185.75590138864482,1211500
2023-05-01,194.10211181640625,194.65107655833356,189.04043711685225,189.04043711685225,1766700
2023-05-02,189.71035766601562,193.80435157610987,188.31467598790059,192.99486074603774,1460000
2023-05-03,188.8636474609375,192.43660347486272,188.72408496717856,190.73387006295985,1143400
2023-05-04,191.01803588867188,191.0555112672048,186.85916930967485,188.0206487761505,1264900
2023-05-05,195.5047607421875,197.4062288493753,192.0952302438505,192.49799765812725,1183100
2023-05-08,193.9685821533203,197.6122834258506,193.64073693869972,196.62876207465666,1414000
2023-05-09,195.11134338378906,195.71082076664865,191.70181308889988,193.25671246379662,1194200
2023-05-10,195.2986602783203,197.15329103585114,192.96631142028386,196.50697663587314,1591400
2023-05-11,196.99407958984375,197.93076392190912,193.94049381267132,196.01993417326995,1802600
2023-05-12,198.49276733398438,198.59580317551982,196.33839065175863,198.02442519839911,1250700
2023-05-15,199.43882751464844,200.98436524781647,197.63103360294525,199.0922588832723,1312700
2023-05-16,199.0079345703125,200.13195276956813,198.33352079222578,199.75727050803835,1157600
2023-05-17,201.36839294433594,203.0450658962899,199.6448972100906,200.30994937211744,1374000
2023-05-18,202.48304748535156,202.9420279469366,195.4579150941616,200.53474238707466,2225000
2023-05-19,203.95364379882812,204.89968979262443,202.35190736356097,204.00984256977293,2127000
2023-05-22,204.42198181152344,209.80791640568782,203.4384604618816,209.76107933329197,1875400
2023-05-23,200.45045471191406,204.66553436707113,198.85809414516632,203.47594121800165,2378300
2023-05-24,197.6216583251953,201.24663644503502,196.28220657761958,199.18591946004344,1418300
2023-05-25,197.8464813232422,198.83936450649654,196.6194270385535,196.91915861620114,1041300
2023-05-26,197.2376251220703,198.61453793019066,196.20726664778323,197.84646421608727,1145000
2023-05-30,197.81837463378906,198.08064511430257,194.7366750487517,197.30319537111285,851500
2023-05-31,194.99891662597656,197.0315339876797,193.81869963860095,196.113573149276,1596900
2023-06-01,198.7738037109375,199.07353528810359,195.70146571579897,196.2822197654385,922900
2023-06-02,202.2020263671875,204.1878067147954,199.59804527121824,200.66586475451018,1052800
2023-06-05,200.77825927734375,202.15518616245805,200.1413066040983,202.15518616245805,816200
2023-06-06,198.76438903808594,201.01243974635287,197.5747960742697,199.78537140976536,1118100
2023-06-07,204.34706115722656,204.60933163172447,197.20951669362225,198.70821737018366,1591400
2023-06-08,203.8318634033203,204.3095672329341,200.72206478418468,204.18780799754293,1079000
2023-06-09,202.492431640625,205.28376151101853,201.56512320945248,204.20656584930182,975600
2023-06-12,202.2676239013672,202.68912900674252,199.0079663157504,201.99597743184214,809000
2023-06-13,204.4407196044922,204.64679130341273,201.13422501636083,202.23014398280077,1091200
2023-06-14,207.3819122314453,211.4190338414341,204.63743390859702,205.4429830324073,1700200
2023-06-15,209.16159057617188,209.957763592869,206.7355818604707,206.7355818604707,1052800
2023-06-16,209.9484405517578,211.69067410503703,209.48946005103625,211.38156653834736,1996900
2023-06-20,206.44525146484375,209.04923314795332,206.09868278460863,207.70041951703652,870500
2023-06-21,206.81051635742188,208.27175584334833,204.8996867106994,205.3492911641633,984700
2023-06-22,206.173583984375,207.0634312200762,205.46170905434772,206.74496198501149,624000
2023-06-23,204.19715881347656,205.24624056033278,202.67973495925,204.88093428829058,1186700
2023-06-26,207.8034210205078,208.76820472164042,204.68426053612706,204.87159454061202,1030500
2023-06-27,208.4965362548828,210.40738005983494,207.30695759102233,207.98135707743657,940400
2023-06-28,209.0304718017578,209.65804856758814,206.07990768138959,208.14998627300034,859200
2023-06-29,211.6719207763672,211.78433261492071,207.70975006456862,208.2811280772647,867000
2023-06-30,212.4025421142578,213.1799918547154,209.7891990166575,212.7491250493871,1458200
2023-07-03,214.38832092285156,215.26880650821167,210.04210606350154,210.8101798066297,561800
2023-07-05,212.80531311035156,213.10504466079314,211.15673955858313,211.7936923288578,1235800
2023-07-06,212.82403564453125,213.52654883504582,210.1076427322744,210.7539571543746,1306800
2023-07-07,212.36505126953125,214.52878956929294,211.69999917275865,212.24327774511735,786400
2023-07-10,214.4351348876953,214.52880903692457,212.3838082291918,212.3838082291918,842200
2023-07-11,217.3295135498047,217.89151560142795,215.10020015482516,216.80497258455523,1206300
2023-07-12,216.34597778320312,219.02489550081538,215.99003316918416,218.98742012425106,1138300
2023-07-13,218.7345428466797,219.10921088576933,216.21485954969356,216.89863515273348,777800
2023-07-14,219.91473388671875,219.9896703441611,218.11630178610562,218.78135391298918,948200
2023-07-17,218.41604614257812,219.55880217347652,216.74874917146445,219.55880217347652,882200
2023-07-18,220.25193786621094,220.61724415846098,217.741630892322,218.24743410748835,803000
2023-07-19,222.3782196044922,222.752887601547,220.11144534917432,220.12080704666693,809200
2023-07-20,222.4531707763672,223.70832437145634,221.1324424164887,223.38985512362814,992800
2023-07-21,218.25680541992188,220.12081233784548,213.01138187172737,218.19124495056192,2689900
2023-07-24,220.46734619140625,221.48834278835216,218.2286716204503,218.2286716204503,966700
2023-07-25,222.16278076171875,222.50936368007652,219.1653937880953,219.81170825748111,1056100
2023-07-26,221.9286346435547,223.8675782698041,219.28719198904503,223.63340716282733,2003600
2023-07-27,220.43930053710938,222.68735164488427,217.35761518802985,221.93800127562596,2041200
2023-07-28,221.6757049560547,222.83718431500947,219.76486102250357,221.27292328379264,1281600
2023-07-31,218.80006408691406,221.38532168812452,218.44413380140463,220.7764683679456,1130300
2023-08-01,219.15603637695312,220.63599935064923,217.5542998652898,218.46288481934798,992000
2023-08-02,215.64346313476562,218.53781422434662,215.2313197512651,218.17250791491082,1255600
2023-08-03,214.1453399658203,215.42674525718635,213.6553870781579,215.0404359731261,951800
2023-08-04,211.65792846679688,216.05804483551267,210.40478818375317,213.76848279249813,1772600
2023-08-07,211.31871032714844,213.2785074860967,209.88654810003746,213.06180336272928,1110200
2023-08-08,206.89035034179688,210.1032879792755,206.50404102133112,209.78292584351297,1789200
2023-08-09,205.4016571044922,206.68306251288362,204.81749185464352,206.54173684823476,1400400
2023-08-10,204.921142578125,206.82439535398606,204.37465936089566,206.1271695482258,967500
2023-08-11,203.4324493408203,204.43118907488787,202.29236956060754,204.0543110391182,1192700
2023-08-14,202.9801788330078,203.27227584480872,200.76599520892717,202.2923699467762,834300
2023-08-15,196.7804412841797,202.2358274492772,196.44124532106133,202.2358274492772,1467300
2023-08-16,195.64035034179688,198.22200915607536,195.03733692830522,196.50718122513027,1008000
2023-08-17,196.44125366210938,198.79677729017786,195.86650532178166,195.89477045516045,980700
2023-08-18,199.85203552246094,200.63407104622848,195.64035837298755,195.64035837298755,1184700
2023-08-21,197.9487762451172,200.21008750954968,197.14790685358952,198.84387233069515,1170700
2023-08-22,196.657958984375,199.2396180718615,195.6592192604276,198.48584763098458,817700
2023-08-23,198.42929077148438,198.63657797437043,196.55428902791456,196.6579326293576,626000
2023-08-24,196.5072021484375,199.07001302289842,196.4224067477398,197.67554705140438,629700
2023-08-25,198.4763946533203,199.33380861586494,196.78042931783597,197.48708633327902,668000
2023-08-28,198.99461364746094,202.13217253662353,197.9110786359338,197.9110786359338,882000
2023-08-29,195.72512817382812,199.11708730601498,195.33883329855695,198.75904318179175,1603500
2023-08-30,197.32688903808594,198.91922507347763,196.23393716417831,196.52601975017834,1234200
2023-08-31,193.16233825683594,197.46824198958066,193.0492777327815,197.46824198958066,1320400
2023-09-01,194.4532012939453,196.5825895891463,192.95507726180168,194.17053556842902,962600
2023-09-05,189.46888732910156,193.52980759708822,189.20506984373176,193.52980759708822,1628000
2023-09-06,186.9532012939453,190.13787390286717,186.2936575404047,189.54427733619283,1356800
2023-09-07,184.85206604003906,188.08383740825508,184.3526962039997,186.4915012085552,1246000
2023-09-08,184.33384704589844,186.4161361526012,183.35395559255124,185.06876923015247,1071100
2023-09-11,184.644775390625,186.26537669230413,184.11714043230612,185.45507604146457,1028600
2023-09-12,187.07566833496094,188.03672589246398,182.83572628223845,183.78735254502786,1520900
2023-09-13,189.12966918945312,189.93055284704627,185.72829303371276,187.2546818794925,1500200
2023-09-14,194.66046142578125,195.01849120973176,190.55242800102678,190.901040866996,1587000
2023-09-15,192.23899841308594,194.73584777596815,191.4663941180901,194.06688709850567,1668600
2023-09-18,192.33323669433594,193.85961153813494,190.38285605883584,192.5782059973603,931000
2023-09-19,190.2415008544922,193.05869772146704,187.97077278045498,191.79614059286413,1116500
2023-09-20,193.4261474609375,194.7075527276724,191.1365856848818,191.1365856848818,1585900
2023-09-21,189.64791870117188,192.57819069287268,189.49716173730243,192.35205524706856,1162000
2023-09-22,190.79742431640625,193.0210393180864,189.05433098544125,189.0731792010505,1059300
2023-09-25,191.15548706054688,191.56063028507955,189.6573628793552,189.6573628793552,1100300
2023-09-26,186.81185913085938,190.62781002247704,186.7176324413975,189.9399868187487,931200
2023-09-27,184.8803253173828,188.3382320097064,183.15608043025608,187.6975365335583,1028600
2023-09-28,185.97329711914062,187.509088674266,184.0700300938543,184.75783893454172,986700
2023-09-29,185.54930114746094,187.9990514822447,184.96513588575613,187.76349911839915,740300
2023-10-02,180.43310546875,180.913627101337,176.023572246493,178.23775577619088,2073300
2023-10-03,181.2999267578125,183.39163272676458,179.01978178868822,179.09516026415193,989400
2023-10-04,181.8087158203125,182.78860718243257,179.78295716607585,181.02668036331582,820200
2023-10-05,179.66990661621094,181.69565100585436,177.72895761918164,180.9889939801219,1037700
2023-10-06,180.44252014160156,182.3929005343088,177.60647497422275,178.48272283044213,1157600
2023-10-09,184.4375,185.53988333223424,180.27293595256782,180.4425267527691,1143300
2023-10-10,189.205078125,189.54427410346088,185.2572182131005,185.82254963619374,1430900
2023-10-11,190.32627868652344,191.6453659563339,188.96007807629695,189.39348630338912,1109300
2023-10-12,189.36524963378906,190.79741201122886,186.82128701570102,190.6843514788172,1062300
2023-10-13,189.3275604248047,192.31436251789475,188.96951624973613,190.05306569329503,752100
2023-10-16,195.55555725097656,198.0241411951005,190.25091390722503,190.85392732781156,2043100
2023-10-17,195.8193817138672,198.09010982282445,194.49086300677027,194.49086300677027,1021600
2023-10-18,191.68309020996094,195.1127319863915,191.54175016819173,194.45318825572699,911000
2023-10-19,188.5266571044922,194.17991295600797,188.36648324726934,193.64286112614,1226300
2023-10-20,190.0436248779297,191.52290047284203,188.01788050641062,188.82818113041301,1246400
2023-10-23,185.52102661132812,189.89287768764694,185.0499219075137,188.79049440595816,1450700
2023-10-24,184.89918518066406,187.53736010394067,183.1089786233263,186.69879427969022,1667800
2023-10-25,175.05303955078125,183.73079253967643,172.50907760639538,175.29802314209581,2553600
2023-10-26,174.59141540527344,178.74656256463456,173.8753270160831,175.35460276577336,1706700
2023-10-27,173.8658905029297,175.9858615440582,173.14038527663527,173.50784634868526,1202100
2023-10-30,176.730224609375,178.61464341524402,173.95069536913854,174.7609960307412,1127800
2023-10-31,179.76414489746094,180.82884623734776,176.8998343318847,177.38035600309348,989600
2023-11-01,179.19879150390625,181.66737530284058,178.07756012134504,180.5084618736351,958900
2023-11-02,182.06460571289062,183.12741958114046,180.3090515028859,180.88790858750474,1215300
2023-11-03,184.6267547607422,185.82243484356152,183.9530118541642,184.7880736887926,985900
2023-11-06,185.30999755859375,186.02170638201514,182.70039853938198,184.5318701077913,1428500
2023-11-07,184.47491455078125,185.3005066022503,183.14639725379465,184.46543031285725,1037800
2023-11-08,184.86399841308594,185.97426247734253,184.30412426166447,185.53775582631187,1504400
2023-11-09,183.91506958007812,185.99326191517684,183.288762263794,185.670624017608,918700
2023-11-10,186.82833862304688,187.12250932303107,183.92456858097006,184.64576173189116,1214300
2023-11-13,188.90652465820312,189.18171239036784,185.7655039373493,185.96478879700638,1598400
2023-11-14,193.6986846923828,195.94769460574483,191.15551857097458,191.49713941352613,1314400
2023-11-15,196.44113159179688,198.45290516937374,194.43885673282549,194.43885673282549,1253900
2023-11-16,197.70323181152344,198.3200548554109,195.19801716004838,197.38059393119997,1187900
2023-11-17,200.26536560058594,200.8157554908457,197.5988322120753,199.2784690771997,1219300
2023-11-20,201.2902374267578,201.70777560296835,197.95944521522068,199.7624351800349,1682800
2023-11-21,202.22021484375,202.41948521420989,198.860940944175,201.00556622462506,1169300
2023-11-22,202.9888458251953,203.60565433616705,201.6128783531987,203.24505057173585,923900
2023-11-24,204.8393096923828,205.07654599034583,202.50489814933468,203.27355591772866,606000
2023-11-27,201.0625,203.85240101591788,200.35079114817418,203.65311616631504,1619200
2023-11-28,201.5559539794922,204.12760183354314,201.442085189414,201.79319027865816,988600
2023-11-29,204.09912109375,204.49767631233354,200.98658221359455,202.058880368443,972200
2023-11-30,207.0218505859375,207.3255054651365,203.37790515703756,205.04804319201202,2078800
2023-12-01,214.90760803222656,215.36309764725323,208.88180057278,210.66582207795236,1385700
2023-12-04,216.38796997070312,217.53620001879455,213.5221514498112,214.16744170685345,1444400
2023-12-05,212.4783172607422,215.38208717471682,212.09873050351248,215.05944929088724,921900
2023-12-06,216.43540954589844,217.06171681424127,212.44034413029144,213.61704131810944,1877300
2023-12-07,215.7806396484375,217.41282648425096,213.75938182135076,217.3463933726781,924800
2023-12-08,209.7168731689453,216.01786823609814,209.59350566885422,215.84706506343682,1480600
2023-12-11,210.4285888671875,211.57681887989955,209.56504529793543,210.60889076403728,1106000
2023-12-12,210.92202758789062,211.72862222034092,209.73584623450535,210.7417257054156,1066200
2023-12-13,215.9894256591797,216.16022885130923,209.0146723854538,210.4001388005546,1012300
2023-12-14,221.8349151611328,221.94878394735235,215.4959539327539,216.25511296031033,1537100
2023-12-15,220.41148376464844,222.76486357255368,218.78878126274097,218.87418284711683,1920200
2023-12-18,220.33558654785156,223.9795326116544,220.22171775828102,221.63563682796376,841900
2023-12-19,221.6925811767578,221.94880044455033,218.9975801843826,220.5728327496919,916000
2023-12-20,218.04861450195312,223.65688379027435,217.80189397669042,219.63335115829318,793100
2023-12-21,222.45169067382812,222.67944269218142,217.83981728037563,217.83981728037563,927500
2023-12-22,222.16702270507812,224.49194978939136,221.64511448264355,222.9641475955799,793300
2023-12-26,224.27371215820312,225.50734385301743,222.11011819242333,222.17655130879842,927900
2023-12-27,223.5050506591797,224.56786459669257,222.7174244448607,223.17291406382998,648200
2023-12-28,224.4539794921875,224.8525346897765,223.39116563195017,223.91308832394273,552100
2023-12-29,224.31167602539062,225.11827077557422,223.16344593662282,224.42554481841537,686600
2024-01-02,223.62843322753906,226.07671362403008,222.2809327574868,223.543031633183,711100
2024-01-03,221.07574462890625,223.55249195857098,220.1457824704153,223.55249195857098,841400
2024-01-04,219.22532653808594,221.4933050115153,219.05450887075924,220.8954648955041,932800
2024-01-05,217.32742309570312,220.0698740099614,216.77703316913608,219.28224779503378,1247600
2024-01-08,217.98219299316406,218.2099305581678,214.53751752494645,216.9003961201355,1299400
2024-01-09,216.02735900878906,217.0901874299252,214.7083258209115,216.3405126478936,993000
2024-01-10,217.16610717773438,217.22304157097219,214.72731114918457,215.42953578521053,657600
2024-01-11,215.03097534179688,216.359492750998,212.9622673991794,216.359492750998,790700
2024-01-12,217.81137084960938,218.03912288967175,214.6988320341901,216.21715000843267,629300
2024-01-16,217.39385986328125,218.5705571644284,215.21128293232925,216.84346989079737,1067600
2024-01-17,214.59445190429688,216.86243019410617,213.038182464592,213.6739739664482,1055700
2024-01-18,222.29986572265625,224.23572176399145,213.67395855661832,214.87912284354496,2866700
2024-01-19,222.10061645507812,223.93207365420497,220.81953470374555,222.73640797144748,1416600
2024-01-22,227.87969970703125,229.60678692099683,224.98541395161095,227.44317854401922,1669700
2024-01-23,229.2271728515625,230.27101823894785,226.87379309061993,229.48339207933034,1642100
2024-01-24,224.9664306640625,230.02429550400458,224.42552498548588,230.02429550400458,1267300
2024-01-25,225.70657348632812,227.6044634816565,223.2203277462169,226.61755257542487,2550600
2024-01-26,222.29986572265625,223.18239216261122,215.61929883589295,220.99033137913813,3665600
2024-01-29,226.23802185058594,227.0161493618749,217.65954939011777,219.8231432231221,2765200
2024-01-30,224.7576446533203,226.28544678862986,222.52761795652447,224.8050803228139,1798600
2024-01-31,223.22984313964844,226.7124698036759,223.04954125986254,225.71607458574238,1740400
2024-02-01,243.5972137451172,244.14124147821414,235.96183490022122,238.91101104719263,4001300
2024-02-02,239.63638305664062,242.4328337579558,237.04035290814028,242.08924110408574,2538100
2024-02-05,237.15484619140625,241.34475945578842,236.96396464635367,239.36911289133542,1252400
2024-02-06,240.38082885742188,241.9460810278896,236.71585029681404,237.16442999475268,952200
2024-02-07,239.13052368164062,241.69792214375713,238.69148299098293,240.93438134797339,1103800
2024-02-08,242.47100830078125,242.79550841444632,239.38822809430332,239.38822809430332,975200
2024-02-09,243.21543884277344,244.67568924770504,242.12739799263187,242.661872155743,929200
2024-02-12,242.34693908691406,243.5113356041312,240.60034431108835,243.04366337563238,710400
2024-02-13,238.86329650878906,240.8675747972234,236.95445172171065,240.4953506462763,977900
2024-02-14,240.76255798339844,242.56641550162448,239.0064244916147,239.52182067586682,1572100
2024-02-15,242.7477569580078,245.2865236945588,241.66926969463182,241.66926969463182,1520300
2024-02-16,240.5526123046875,242.8336812298634,239.7795325004084,241.93653641818747,1154900
2024-02-20,242.22286987304688,246.00238922497027,239.8845377571925,244.25579437443477,1535100
2024-02-21,245.87828063964844,249.4573644447671,244.0935155090946,249.44781090075605,1347200
2024-02-22,244.51345825195312,246.38411785716173,244.1984971364853,245.8114586357058,1401400
2024-02-23,246.25050354003906,247.3480833445377,244.33210542302345,245.10518514520595,1207100
2024-02-26,242.94821166992188,247.04267713622173,241.936526310867,244.96204340734727,1573800
2024-02-27,240.97256469726562,244.37032069170738,240.6862350631464,242.62372594324336,1461500
2024-02-28,241.99378967285156,243.59721222990808,239.96086540777767,240.76257668630595,1083200
2024-02-29,241.83154296875,244.19850635097922,241.37340974896665,242.68097828918687,1490300
2024-03-01,245.75418090820312,246.0977880711615,241.32567672259003,241.37338618541327,1070300
2024-03-04,247.357666015625,248.90382564205856,245.8401087694408,246.94724224770857,830900
2024-03-05,245.62060546875,248.82745068671727,244.56118148043825,247.21447453339673,808000
2024-03-06,242.79550170898438,246.90907428211753,242.52826461530776,245.18157215394743,1754900
2024-03-07,243.72129821777344,245.22928731759606,242.900494392891,244.2653113984921,1088600
2024-03-08,247.71075439453125,248.02570091554838,244.16030252433546,244.16030252433546,882300
2024-03-11,246.4891357421875,247.93029374484337,244.11261874847906,247.49126760094327,839200
2024-03-12,248.91334533691406,249.54326760363085,245.76376312998968,246.15507980143465,807800
2024-03-13,251.1371307373047,251.6429733635995,247.36715120763094,248.00662692941955,1125900
2024-03-14,246.6990966796875,250.53586399701626,243.45405198896677,249.5241786477705,1385500
2024-03-15,244.16989135742188,246.88046211945877,243.4827060446047,243.7499431592191,2068800
2024-03-18,244.54209899902344,245.887838025976,243.864452713467,244.5516525431838,736600
2024-03-19,244.90478515625,246.28868011217125,243.5685851046775,244.9811261298671,664100
2024-03-20,249.3237762451172,249.6482763687911,244.46576968130347,246.24098138022438,962400
2024-03-21,246.04055786132812,250.87945727752674,245.7446892484111,250.27819563385216,1463100
2024-03-22,242.53781127929688,247.08087114237605,242.47100928542622,246.4032394059901,910400
2024-03-25,236.72537231445312,242.413735880476,234.32022393494944,241.0011803287592,2349200
2024-03-26,235.95230102539062,239.5695554235713,234.40614143610622,236.69674931381124,1515200
2024-03-27,240.2471923828125,240.48579796760689,236.48676603632072,237.41255687038918,954300
2024-03-28,243.25363159179688,244.11262048684304,238.96828435105468,241.05847173000458,1001300
2024-04-01,240.51441955566406,242.9577383130811,239.08278610592797,242.81458079343892,619400
2024-04-02,239.33094787597656,240.71487196092892,238.20473647157436,239.23551437712683,718500
2024-04-03,240.35218811035156,242.39465140748436,239.10189713096912,239.61727880488894,629500
2024-04-04,237.18350219726562,243.77856438793316,235.7136981288614,241.91744364558275,705700
2024-04-05,238.6342315673828,239.22596879526708,236.56313670645778,237.70844067408188,668900
2024-04-08,238.85374450683594,240.74351134384526,238.271546260484,239.32141672548917,861900
2024-04-09,241.84109497070312,244.7616397915832,238.58651104282484,241.3161597301856,1296100
2024-04-10,238.2715301513672,239.2545839915322,234.15797221689112,235.48461868025265,1077800
2024-04-11,238.34786987304688,240.13264942448205,235.2173659864231,238.5005809317427,751300
2024-04-12,234.53976440429688,237.5270965952159,232.8599716698964,235.8664109497627,1090600
2024-04-15,234.3775177001953,239.97041902973513,232.68818596046694,239.97041902973513,857800
2024-04-16,231.8387451171875,234.8547233500487,231.02748026431988,234.06255102262017,823400
2024-04-17,228.43145751953125,232.19188416819856,228.1833129342035,231.83875253459172,1011100
2024-04-18,229.31907653808594,232.9935940787425,228.83231178843408,230.7888806416825,922200
2024-04-19,230.2830047607422,232.87903450720017,229.39539903764913,231.51421764782188,963400
2024-04-22,233.46124267578125,235.05512619164494,228.7654866412018,230.9224758268027,976100
2024-04-23,233.8621368408203,235.90460034567474,232.8599903338751,234.0148479313385,1148600
2024-04-24,225.4536590576172,230.7602452376977,221.56915292395118,229.01365050921854,2577900
2024-04-25,229.8535614013672,231.3329191180999,222.41860232739984,226.19812165404184,1854400
2024-04-26,229.0041046142578,231.58104208738476,227.2575099385098,227.2575099385098,1461100
2024-04-29,230.43572998046875,231.6669283798809,227.07615929683377,229.0518205128621,1385000
2024-04-30,219.8225555419922,232.8504143733525,218.83948715498295,229.05181762078175,3569800
2024-05-01,220.0707244873047,223.4970974975939,217.71329993266818,219.35490766860931,1618500
2024-05-02,224.4581298828125,226.52221714955866,219.26429203505415,221.56839013044979,1643100
2024-05-03,226.13819885253906,228.0102803296365,224.63092386258245,227.53025868683724,1072700
2024-05-06,221.26116943359375,227.4726504452099,220.0707105275827,227.33824497591007,1605600
2024-05-07,223.03726196289062,223.88209008836512,221.11717540184273,223.34446819512738,1296300
2024-05-08,222.86444091796875,224.09329511403024,221.05955490852327,221.05955490852327,1182700
2024-05-09,217.28659057617188,218.1890335752176,211.19031007774845,211.19031007774845,4719200
2024-05-10,221.08834838867188,221.27075894573036,217.31538553661912,218.71705509420258,1986700
2024-05-13,221.75076293945312,222.5476005127581,221.06914050566547,221.67395772947359,2171900
2024-05-14,220.75234985351562,223.18125813274656,217.47859881660523,223.18125813274656,1831400
2024-05-15,222.1156005859375,223.00843375146624,221.0499520227953,222.64362728823264,1501300
2024-05-16,223.258056640625,223.26765179927472,219.93630061067742,221.95239725850246,1290100
2024-05-17,222.22120666503906,224.38130392325613,221.52037921189805,224.09328802567444,1310800
2024-05-20,221.1267547607422,222.37481386606498,219.89790062140503,221.96198766740656,850100
2024-05-21,215.7313232421875,221.01156107041595,215.37609728144778,219.91711236107432,901600
2024-05-22,221.4051513671875,224.24688559842204,215.32807633799464,215.32807633799464,1777000
2024-05-23,217.25779724121094,223.21006264868976,216.51855981370227,223.0276520815943,1111000
2024-05-24,217.79542541503906,217.82422554234805,215.6161230043697,217.02738783890334,784900
2024-05-28,213.9072265625,217.57459867831892,213.05278868642603,217.46899333862004,881600
2024-05-29,210.25904846191406,212.22713988156463,209.89424202030634,212.1695396354737,1063500
2024-05-30,211.86233520507812,212.00635048055923,209.68304759728414,210.4222703448508,974000
2024-05-31,215.81771850585938,215.95212397052114,211.19991296750516,211.96793582323127,1934200
2024-06-03,214.84805297851562,217.23856572779707,212.50555996629424,217.1233652359605,980900
2024-06-04,212.85118103027344,216.82575923092514,212.63036055033425,215.14568365687268,1041600
2024-06-05,214.37765502929688,215.0496823568426,211.6127258541407,214.73286633476454,569600
2024-06-06,215.72171020507812,216.2209367849301,213.45600760310018,214.61766635352367,760800
2024-06-07,215.11688232421875,217.78580119207135,213.60960750040246,215.48168877114853,781500
2024-06-10,216.11532592773438,216.66254293569742,214.62725603385414,215.040082228511,752500
2024-06-11,215.94252014160156,216.45135653879862,214.21445401927673,214.39686457974594,999500
2024-06-12,215.1744842529297,220.51232203035485,214.35844168410253,218.27541964609927,944400
2024-06-13,212.9759979248047,214.21446196069385,211.34392727705034,214.21446196069385,843300
2024-06-14,211.113525390625,212.2079742163268,208.06059458965112,211.2095355846212,925800
2024-06-17,212.0735321044922,213.1103804943496,209.59663359711183,210.02865009727833,807200
2024-06-18,213.07200622558594,213.61922327333664,212.07355301877047,212.67838496810873,801200
2024-06-20,215.5297088623047,216.18253123842777,212.0255568718438,212.14075737372497,798500
2024-06-21,215.88491821289062,216.3457495144199,213.494419926008,216.3457495144199,1231000
2024-06-24,209.9422607421875,219.81151929304627,209.7118597267849,216.25934738187598,1893600
2024-06-25,204.84442138671875,206.88931817518696,198.45054454301763,204.67162063512288,2823600
2024-06-26,203.9995880126953,206.39008624243195,203.26035063545737,206.39008624243195,1521300
2024-06-27,201.5130615234375,204.77721718808587,200.47622776017033,204.34520067854177,2031500
2024-06-28,206.11167907714844,206.56290055772888,201.78187482508037,202.42511666691814,1584800
2024-07-01,205.50686645507812,207.7149689749078,203.68279004470912,206.31329931129824,749300
2024-07-02,206.93731689453125,206.96611701891035,205.18043606192182,205.52605220356787,1051100
2024-07-03,207.65733337402344,208.74217215698394,206.12125849584274,206.6204850286158,410000
2024-07-05,207.23492431640625,208.4733735903084,205.4876386728256,207.87815149810234,945700
2024-07-08,205.68927001953125,206.43810259609927,203.36596707055125,204.62362140686173,1120400
2024-07-09,205.209228515625,205.8044505960063,202.46350445104272,204.2491853412829,1288300
2024-07-10,206.24610900878906,206.98534646985888,204.74844376752452,205.6892821230961,1035000
2024-07-11,212.11195373535156,212.34235473529807,206.49569497610082,207.51333845679034,1200900
2024-07-12,212.5055694580078,214.56965649078606,212.0927432619941,212.76477057621747,942800
2024-07-15,218.65943908691406,219.897903047456,212.4671632314955,213.3023961473747,1058400
2024-07-16,225.40853881835938,226.3397819039378,219.13945782931916,219.13945782931916,1133400
2024-07-17,225.08212280273438,226.81020347330266,223.6324628605586,224.60210120808188,1056900
2024-07-18,221.17474365234375,225.07251646343423,220.9923331115821,223.99727283253912,991400
2024-07-19,218.8418426513672,222.67242026050556,217.3441776159436,222.67242026050556,1205000
2024-07-22,218.91864013671875,221.2707429438911,216.2305163646235,220.04188887363543,897800
2024-07-23,215.3184814453125,218.4002264730503,214.96327015938152,217.766594463744,840000
2024-07-24,212.4959716796875,215.6065171161589,211.32471773041047,215.29929624135292,1539900
2024-07-25,213.99363708496094,220.36832375405376,211.71833924338233,214.20484777437557,2155100
2024-07-26,237.34190368652344,239.94361280288354,230.9864217847735,232.33047653317746,2993300
2024-07-29,237.73550415039062,240.08760707884193,235.66180730649938,237.59148887981394,2284700
2024-07-30,239.73239135742188,241.0764459634296,234.8073651063069,237.80269517060785,1227900
2024-07-31,239.58837890625,242.5261087575593,237.0730704072512,239.07955718162958,918300
2024-08-01,236.6122589111328,241.28766471399683,234.90336849901004,240.3468264582977,959200
2024-08-02,234.97119140625,235.93652227955474,229.11162593499586,235.93652227955474,1255000
2024-08-05,231.3704833984375,233.43630548963932,226.3024966037077,233.3880360027813,1630500
2024-08-06,235.3959503173828,238.21471483122136,231.59254414254795,231.88214636399167,940800
2024-08-07,231.6601104736328,238.49465516709049,231.3222534888941,235.39595115699836,909900
2024-08-08,233.63902282714844,234.90360387511552,231.23534372459397,232.09448758594579,625200
2024-08-09,231.3125762939453,233.4652747202978,229.40122531272158,233.22394200494904,710900
2024-08-12,228.95718383789062,232.5482160904718,228.04978513301782,231.81456988341048,719700
2024-08-13,231.07125854492188,231.23536303441438,227.0072236039009,229.67153165119575,705900
2024-08-14,233.5811309814453,234.3823574369413,229.15026545928797,231.05196860779915,929100
2024-08-15,232.78953552246094,236.91150249912937,232.2103458330696,236.13923485016068,1022100
2024-08-16,232.10414123535156,233.0501613004204,230.8588562475579,232.34547393673088,853100
2024-08-19,232.808837890625,233.71625124079154,231.69871331188577,232.76056840246684,636000
2024-08-20,232.4227294921875,234.01551961662665,231.88214653431191,233.2722106846573,628900
2024-08-21,233.1563720703125,234.80709439729546,230.5982510665636,233.59076803116676,803900
2024-08-22,228.87994384765625,233.5521414922047,228.21386322353825,233.27218730507542,1178700
2024-08-23,232.306884765625,232.48065199427123,229.6715354243702,230.2893466366368,637100
2024-08-26,233.96722412109375,235.4538418198065,232.12345346535616,233.6100564342897,772200
2024-08-27,240.2611846923828,241.05276302681318,232.55784895354063,233.7065949741129,1570700
2024-08-28,241.61265563964844,242.80967121457243,239.1414109828325,240.09709384158649,1219500
2024-08-29,243.28268432617188,245.029930803489,240.63767250113935,243.38887130859456,824400
2024-08-30,247.27915954589844,247.61703124279083,243.29233833360084,243.8618800125633,1453500
2024-09-03,245.734619140625,247.5784046016836,244.58587307085782,245.89872361776602,1300100
2024-09-04,250.68678283691406,250.93777829703163,246.34279380321746,246.42002204250127,1289900
2024-09-05,243.9970245361328,251.65210596766352,242.964128168369,251.22735802959986,1039100
2024-09-06,241.3423614501953,245.69601302779103,240.34807184918685,244.0549535223252,732900
2024-09-09,247.90660095214844,248.8429730086494,241.81536594713108,242.07600938805894,1879000
2024-09-10,248.4471893310547,249.68281160675426,245.4450098807738,248.6788593016362,1112400
2024-09-11,244.97201538085938,248.39894286462777,242.1822097970146,246.9219731039759,1574500
2024-09-12,245.76358032226562,246.0338717849142,241.25548696978692,242.29804606705142,1268900
2024-09-13,237.27835083007812,247.93559805377782,236.94047910513285,246.7096383507874,2446600
2024-09-16,238.50428771972656,243.04133953174355,238.01195958488796,239.22828581940308,1137400
2024-09-17,237.7030792236328,240.14536515140662,236.62189863074397,239.41170426162844,1020800
2024-09-18,240.64732360839844,242.81931804339936,237.91545023680365,239.40205328010111,1036700
2024-09-19,243.1282501220703,244.81757926001416,241.467879733823,243.1282501220703,967400
2024-09-20,239.2669219970703,241.2265425828208,237.96371936546362,241.2265425828208,1904400
2024-09-23,237.47140502929688,241.03347846150123,236.95013281643367,239.88473231617996,1007100
2024-09-24,238.369140625,239.33447147866417,234.81673015381017,237.75132946784612,1223700
2024-09-25,234.864990234375,239.35377263219263,234.68157502276117,238.4463593093321,855600
2024-09-26,235.8689422607422,237.9444124780863,234.97119161805404,236.49641616682396,872900
2024-09-27,237.9250946044922,241.45820903321487,236.42882884841546,237.39415969365467,889500
2024-09-30,239.88473510742188,240.99485978039291,236.04272214633787,238.44638672498218,1016000
2024-10-01,239.53720092773438,242.2883997926586,235.91721017377102,238.79389203524883,1316400
2024-10-02,238.4656982421875,241.95054348550275,238.38847000028414,239.42138116473768,968300
2024-10-03,236.3902587890625,238.57190153522492,234.25687080882852,237.56796378144435,1213500
2024-10-04,239.32484436035156,240.71492326771437,237.26868474906232,238.17609818746755,1173100
2024-10-07,235.30905151367188,238.93870507278595,233.78382694592634,237.04665005476048,681900
2024-10-08,234.76846313476562,238.62013858412325,233.86104976601118,236.8632293416787,604700
2024-10-09,236.66053771972656,237.83824264955788,234.60437809588024,235.93653951186872,755800
2024-10-10,237.384521484375,237.6258542056442,235.04842251006286,236.4481493474681,1235200
2024-10-11,241.49685668945312,241.87333519367127,237.36524115041922,238.1664676552491,1039700
2024-10-14,245.0395965576172,245.531924752591,239.45033702651972,240.9755616437096,1012400
2024-10-15,245.51260375976562,248.06107668631927,244.61483838450616,245.32918853633734,1077900
2024-10-16,246.78683471679688,250.19445156051003,245.59948185326635,246.40070825493046,690900
2024-10-17,239.6337432861328,243.01240137081675,237.47139680921418,242.74210990242446,1996100
2024-10-18,243.6205291748047,244.30592052360458,238.832496657597,240.43494932003577,1332500
2024-10-21,239.55653381347656,243.58196213641148,239.11247509217273,242.79038368141204,1278400
2024-10-22,251.40110778808594,253.59242768558832,245.99526383170235,248.62095020894128,2406200
2024-10-23,248.07073974609375,251.72932256448513,246.4586242168979,250.51302569015607,1568100
2024-10-24,244.63414001464844,250.31027534477764,242.96412178367444,248.91056330074284,1400800
2024-10-25,242.3849334716797,246.82546152788126,241.9312267678155,246.52621130400928,1027400
2024-10-28,244.79824829101562,245.11680924113833,242.61660585870294,243.48539773737951,964700
2024-10-29,243.6591796875,246.78684242372074,242.40424655257328,244.28663889007296,865000
2024-10-30,243.97772216796875,245.6187816524588,242.88689360361337,243.01239132652992,1075300
2024-10-31,241.747802734375,245.53191270746,241.6416304792505,243.0027358114897,1310000
2024-11-01,242.72805786132812,246.0764967078901,242.5436485516125,243.93156111815748,749800
2024-11-04,240.30166625976562,243.7180518344053,238.93316900846776,242.59219530952416,1089900
2024-11-05,244.68861389160156,245.0768331286763,239.6319746543806,240.27254972420707,849600
2024-11-06,268.845947265625,269.4282909813825,258.5191428718369,258.5191428718369,3226400
2024-11-07,262.7410583496094,267.73945105607464,260.4893750694802,267.5162405589876,1341900
2024-11-08,263.6728515625,268.02095465358275,261.8287582488024,263.0128462411199,1301700
2024-11-11,263.1293029785156,268.2830194108617,262.343149371039,265.8954132659332,1093400
2024-11-12,259.5770263671875,262.23635889607755,258.1988141923926,261.8481397094055,1153200
2024-11-13,261.3337097167969,262.0422014979763,258.18906657649416,259.94578261084837,771600
2024-11-14,256.96624755859375,260.8096684191547,255.9374532354094,259.37322463809085,1223500
2024-11-15,253.56927490234375,258.55795284904053,252.62782769651713,254.6077547036175,1152100
2024-11-18,254.5010223388672,256.3159703477048,252.49194988897727,252.88016915185074,794800
2024-11-19,252.0648651123047,253.62748667572575,249.8616981439034,252.20075812617918,981100
2024-11-20,251.30787658691406,253.93812370666313,250.54115312413367,252.91901476036458,922500
2024-11-21,256.48095703125,256.9371227711919,250.55080241200517,251.38550189368186,1199000
2024-11-22,261.03289794921875,261.49874917446573,257.6650435769713,258.24735760853,1314400
2024-11-25,267.8074035644531,268.53532571139186,262.9545892515283,263.28457707049984,1747400
2024-11-26,267.96270751953125,268.4188732673223,263.69223668317244,266.4874625743831,1185800
2024-11-27,267.27362060546875,269.11768422242517,266.7592234446457,267.82684857632455,626700
2024-11-29,267.7297668457031,269.3894210180667,265.70129405298604,265.8857033631628,655600
2024-12-02,264.7210388183594,266.7883425956877,262.2072843871874,266.5359867560574,1029100
2024-12-03,262.16845703125,265.0121993413636,260.16909974120426,264.6434103037298,754100
2024-12-04,259.7517395019531,262.03256811642655,256.92739806265547,261.26581517385307,848200
2024-12-05,256.2286376953125,260.5961712923917,255.91805041979322,260.275898527735,725200
2024-12-06,253.10337829589844,258.27646524285376,252.52103466330072,257.47091111154,754500
2024-12-09,249.2793426513672,253.8506850846182,248.91052405324203,252.5210188055438,1445000
2024-12-10,248.54173278808594,251.2010952579194,245.07683095855066,248.4835013840018,1426400
2024-12-11,239.97166442871094,249.2890737034791,239.3699202013736,248.38644255285928,2214400
2024-12-12,241.00045776367188,243.03864566278918,238.83610676519416,240.85487926071224,1600800
2024-12-13,238.9720001220703,241.91280454521285,238.93316931241003,241.2236983650823,1068300
2024-12-16,235.67210388183594,239.81639703746836,233.95420330450116,238.97201200555156,1276600
2024-12-17,235.33236694335938,237.7878896805981,233.8765227208251,234.2356262233073,1556000
2024-12-18,230.79983520507812,237.71023755419066,230.51836370164224,235.3905930706242,1759000
2024-12-19,223.81179809570312,232.28480759020954,223.73415129090964,229.54781325729036,1635300
2024-12-20,227.2572784423828,229.78074769893024,223.22944866210753,224.57853038989833,2698700
2024-12-23,228.82958984375,229.57691251834737,225.83053961061043,227.07287358873157,1409200
2024-12-24,230.9163360595703,230.9163360595703,227.2087932791636,229.07227237224558,518700
2024-12-26,230.19808959960938,231.0230739457586,229.42165116748518,229.67399217696416,605500
2024-12-27,228.32493591308594,231.30457130333014,226.84967606995198,228.15024168922798,526200
2024-12-30,226.61672973632812,227.47081499097055,224.38443217450296,226.69437654304363,643200
2024-12-31,227.79112243652344,229.47990730864666,226.91762170140666,227.27672525545893,942500
2025-01-02,227.69406127929688,230.5086877532806,226.01497680663476,230.5086877532806,1049100
2025-01-03,228.93637084960938,230.0136962104469,226.69437302534,228.15021730703324,1001300
2025-01-06,229.98460388183594,233.32332800040894,229.13050374403463,230.50870136027697,1112300
2025-01-07,230.7610321044922,232.3042383863941,229.0334313098031,230.9939725343074,760800
2025-01-08,229.93603515625,230.6639572519887,227.32521886999575,228.8684101586547,850300
2025-01-10,227.05348205566406,230.39222072562242,226.1508508780976,226.96613495094886,1022500
2025-01-13,230.37281799316406,230.99397767688538,226.38380375266183,226.9952631385304,894500
2025-01-14,232.1974639892578,232.78950792632241,230.40191677416942,231.47924214129966,960500
2025-01-15,233.2845001220703,236.00207921431078,231.935418278333,235.720607678858,940800
2025-01-16,239.83580017089844,240.50549094523294,232.35275365325026,233.13892204678288,1269900
2025-01-17,238.11788940429688,240.69959017581255,237.6423230792799,240.69959017581255,1024000
2025-01-21,244.43626403808594,246.09591824768142,239.32139358104243,239.32139358104243,1513400
2025-01-22,244.43626403808594,246.30944326324322,241.7963318544257,243.32010785499222,1724200
2025-01-23,248.60000610351562,250.191713925899,244.88273345004686,248.61940669942663,1567000
2025-01-24,247.17323303222656,248.4543830707047,243.90244104884786,246.163854209776,1385800
2025-01-27,252.1134490966797,253.5498633503939,245.6494960972711,248.4641228146849,1487500
2025-01-28,244.89244079589844,251.734897470303,244.41685963807865,249.3861518126072,2207200
2025-01-29,249.18231201171875,262.0617007825095,248.59028285390477,256.9468152909856,2255100
2025-01-30,249.6287841796875,252.68605132289386,246.67826473587868,251.95812916407195,1415600
2025-01-31,247.78469848632812,252.57926652369306,247.73616738192115,249.5899459791255,1475200
2025-02-03,242.95130920410156,246.95002356311304,239.981374327096,242.7474844814153,1338600
2025-02-04,245.4747772216797,246.40652416112277,242.6116195081063,243.11631638403858,828900
2025-02-05,245.07684326171875,246.522987377402,244.60127689808144,246.17358412574234,774700
2025-02-06,244.07713317871094,246.41619312300628,242.7668822609586,246.41619312300628,830900
2025-02-07,243.07211303710938,246.28249280565055,242.17436272630056,245.14080705612508,725400
2025-02-10,247.29730224609375,248.175532299869,243.96983131841074,244.44796439890564,1204000
2025-02-11,250.24423217773438,250.80041623524087,246.44835117745384,247.18996962624874,1036800
2025-02-12,247.7657012939453,250.22470974662653,245.07248028927694,245.07248028927694,876500
2025-02-13,250.99559020996094,252.02016957610175,246.53617150160815,247.5607657572939,880400
2025-02-14,249.79534912109375,253.61072041414567,249.3269538347981,251.70792598294008,908800
2025-02-18,252.16653442382812,252.32263639488775,248.09743071694103,250.19539713493467,935900
2025-02-19,243.02328491210938,251.86402626028968,242.00844335488583,250.71258802408536,2441000
2025-02-20,243.37457275390625,243.73561442121854,240.2715172987667,242.55490334671623,1208400
2025-02-21,241.7644805908203,242.9452064996653,238.0076552054006,242.70125621920127,1493700
2025-02-24,238.19309997558594,242.67202430685006,237.43197616332716,241.99871903687978,1209400
2025-02-25,239.16888427734375,241.34491682249802,236.12437435496986,238.96395947034412,2116600
2025-02-26,236.2024383544922,238.87613902836495,235.89994236191885,238.44678411392096,1142700
2025-02-27,236.31951904296875,238.5833848932313,234.3776842535141,235.80234561657232,876900
2025-02-28,239.8031768798828,240.15446595431212,235.5389298318619,238.2516563384645,1099200
2025-03-03,239.20791625976562,243.6673350899853,237.3051068126607,240.9058157838606,1112100
2025-03-04,232.7383575439453,237.91987483931194,232.65053900238297,236.98309906067595,1137900
2025-03-05,232.86520385742188,236.11462372507785,231.0892533695777,234.19229411968186,1497600
2025-03-06,232.4358367919922,233.8507455171327,229.96706101162823,232.1528610027818,1178700
2025-03-07,236.3585662841797,238.4663004356611,231.5088331612504,232.48463435476464,1221500
2025-03-10,233.31405639648438,240.68134302448576,231.96744607094325,235.21686562417707,1969800
2025-03-11,227.34214782714844,233.00179747678047,226.57127146981304,232.45535121494112,1499500
2025-03-12,225.37103271484375,226.1419090464942,220.07242490271284,224.42450443942957,1893200
2025-03-13,222.18017578125,226.07361300788907,220.57009488077804,226.07361300788907,1470100
2025-03-14,226.67864990234375,227.54711248266696,222.60956017951167,224.07326216137415,1081000
2025-03-17,228.71804809570312,229.99634531568654,226.21999934679738,226.84451153402384,909800
2025-03-18,228.87417602539062,230.84529863213493,225.95652505691757,229.4498951638931,997600
2025-03-19,228.9815216064453,230.27933903703217,227.27386944349607,228.8741828749067,735200
2025-03-20,227.88861083984375,229.43037855738544,226.3858835093282,227.1372546193585,959300
2025-03-21,226.14193725585938,227.0396726094608,223.4292110011922,225.94677998586693,1248300
2025-03-24,229.8499755859375,230.75746355475084,228.54240555172387,229.35230744474143,1294900
2025-03-25,228.33749389648438,230.6891784968579,227.68370884173135,229.43038653851383,939900
2025-03-26,230.05487060546875,230.05487060546875,226.61029378442092,228.23012724467367,1276700
2025-03-27,229.51820373535156,231.49907895370896,228.6497412745424,230.52327776675284,1260800
2025-03-28,224.97097778320312,229.23522441694004,224.72702747437066,229.1376532271342,835300
2025-03-31,231.1185302734375,232.36755467284408,224.60992288227567,224.63921061793636,1682600
2025-04-01,230.8843231201172,231.05020753779755,226.75668820259662,228.89369521840814,788700
2025-04-02,232.7969207763672,233.49948400640483,228.03500571908808,228.03500571908808,827100
2025-04-03,215.3983612060547,227.12748085283246,214.6762629613124,226.3468518082452,2057600
2025-04-04,205.82574462890625,214.24691394021553,205.12318144738134,212.34410453504492,2308400
2025-04-07,203.01544189453125,211.8854711965613,196.75080000021572,203.48382229974368,2229800
2025-04-08,201.3468017578125,210.31441653228194,197.6485220234424,209.66063156138458,1622600
2025-04-09,216.6473846435547,217.25237661745632,198.03884878002356,198.8194927109078,3668100
2025-04-10,210.24612426757812,213.67118097540032,205.76718563175643,213.67118097540032,1519800
2025-04-11,213.0271453857422,213.41747477710777,206.7917766705367,209.88506451058262,1401100
2025-04-14,216.04238891601562,217.4670652800302,214.02248808863928,215.74966045519682,977000
2025-04-15,212.45144653320312,218.38431984153408,212.05136445250008,215.32030455261284,843200
2025-04-16,208.85073852539062,212.63685210703449,207.1040608545197,211.12435720481267,1275300
2025-04-17,214.5201416015625,216.03263650551474,209.30936653952395,209.49477115794684,1362700
2025-04-21,213.6419219970703,214.0029636846743,209.58258533872825,212.45144331467628,1496100
2025-04-22,214.67625427246094,216.94987275218273,212.7246519608931,215.76914680228484,1895900
2025-04-23,216.57907104492188,225.6149995895555,216.46197966682894,219.5552676509886,1853400
2025-04-24,221.19461059570312,222.92178290225823,212.07087823820845,213.71021712002397,1798700
2025-04-25,216.3448944091797,221.32147168299716,215.15441573307407,218.97955471761773,1306900
2025-04-28,216.36439514160156,218.43310380317448,214.4811059792446,215.79842866085815,958700
2025-04-29,217.95494079589844,219.23323789271907,214.76406693460274,214.76406693460274,1053000
2025-04-30,218.62826538085938,219.16495902746564,213.63215303100517,215.9643322307619,1111400
2025-05-01,216.40345764160156,219.3308615303944,215.3495904548906,218.00377117189313,1088600
2025-05-02,220.27162170410156,221.66574409062116,218.03316998707157,219.65309702572264,1051000
2025-05-05,218.22955322265625,221.08653002014563,217.69939983853192,218.52408953860947,749800
2025-05-06,214.6460723876953,217.31650904265769,214.07663950001694,215.9911030995239,1023600
2025-05-07,215.97145080566406,216.92377635792923,214.9013167251149,215.51001409556696,813500
2025-05-08,219.9869384765625,222.60828316226343,216.01073575841926,217.84665528066463,1029100
2025-05-09,219.4272918701172,220.86069374634118,217.95462548172713,219.75128027325147,718600
2025-05-12,234.75283813476562,235.01792227640303,228.12583945898933,228.56763637456035,1491500
2025-05-13,235.88189697265625,236.68696185066568,233.88888950632546,234.1932381862964,1645400
2025-05-14,236.78512573242188,237.20729791065082,233.58453599600108,234.70376191444475,1456500
2025-05-15,239.4653778076172,239.99553111964167,236.46114075109142,236.51021764645984,1355400
2025-05-16,241.61549377441406,242.17509926373032,238.8076090018531,240.53553233083733,1090000
2025-05-19,239.32794189453125,240.82023313614684,238.67015266683134,239.02359322000095,894500
2025-05-20,239.63229370117188,241.26204821657439,237.727642638682,237.81599903294475,1525100
2025-05-21,235.0572052001953,238.69960690475224,234.71359200816352,237.2956570631145,1398500
2025-05-22,235.27320861816406,236.56916237947024,232.85802887242934,235.05721632461305,957200
2025-05-23,235.64627075195312,236.12733220258235,232.06277341697972,232.06277341697972,1414600
2025-05-27,240.329345703125,241.0951460567094,236.72622350505654,238.2283421195425,1204400
2025-05-28,238.12034606933594,241.54675548147648,238.0025375444647,240.9773226433686,1070000
2025-05-29,241.81182861328125,242.30271741883774,238.22833134427628,238.96466455261105,2178800
2025-05-30,242.61688232421875,245.67021134258533,241.1834953784029,242.19472513547802,2785800
2025-06-02,240.79078674316406,241.01660639413848,237.4134841310754,240.1722769959317,1183000
2025-06-03,243.46121215820312,243.77538819012548,239.25920510603697,239.6224730155394,1407800
2025-06-04,242.8917694091797,244.85532458623283,241.53692652391425,243.7262863517221,1193700
2025-06-05,242.42051696777344,244.18771959853052,240.72204595800488,243.47102616354516,1044000
2025-06-06,246.20037841796875,249.04752752894663,244.61971584761187,246.3378266857938,1145000
2025-06-09,246.00404357910156,248.96900142406204,245.40515858749907,246.8385456292108,847200
2025-06-10,248.3112030029297,253.2495583957857,244.45282400490325,246.9367202765753,2161700
2025-06-11,246.75018310546875,248.91990336261742,245.49350888884027,248.91990336261742,1029000
2025-06-12,246.88763427734375,247.07417443337826,244.61973023447894,245.49351177005755,985000
2025-06-13,244.06993103027344,247.61414896412526,243.33359778900842,245.73895004765987,916900
2025-06-16,247.5355987548828,248.0559397005532,244.28591719506795,245.40514309453195,1049000
2025-06-17,245.85675048828125,248.1737462771717,244.84552073532046,246.22983077875762,1333300
2025-06-18,248.32102966308594,249.74461933098112,246.0825776767637,246.85819045895005,1410900
2025-06-20,248.5664520263672,250.86382305533343,247.72213764996906,249.45987326092418,1849300
2025-06-23,251.9044952392578,252.18921914582424,247.03488650408633,248.55664485160418,1036000
2025-06-24,252.76846313476562,253.58335535545461,250.3238463956504,253.29863145027014,1193300
2025-06-25,250.55947875976562,252.72921394143887,249.64641776216283,252.1793908970244,922100
2025-06-26,250.85400390625,251.59035213020562,247.93812306464991,251.59035213020562,1402800
2025-06-27,251.14854431152344,252.85682787608368,249.54824190956094,251.23690070677893,1905800
2025-06-30,251.3056182861328,252.30702067119145,250.38274492753018,251.25652640904462,1466200
2025-07-01,257.5988464355469,259.85692323735657,250.75585443655902,251.11910740401305,1309400
2025-07-02,257.2257385253906,258.55114431543103,255.5567045732693,257.96207174636027,2002600
2025-07-03,257.71661376953125,259.0125673609546,257.16682072374084,257.64788214843895,928500
2025-07-07,255.25238037109375,257.54973664534026,254.08406248492233,256.67597005267424,870300
2025-07-08,256.4403381347656,258.61005838564364,253.9367871116203,254.5651391988569,1222100
2025-07-09,255.30148315429688,257.61846415982643,255.30148315429688,256.8036018465876,941900
2025-07-10,258.344970703125,260.17106264812867,254.5258414774617,255.41926268419638,902900
2025-07-11,261.7124938964844,263.1066014798457,256.2047053097289,256.24398480772567,1718300
2025-07-14,258.0995178222656,260.6619428792322,256.24394384738076,260.6128659856899,1553800
2025-07-15,254.76145935058594,258.0995271534011,254.5454670805388,258.0995271534011,1120000
2025-07-16,255.57635498046875,256.5973821240231,252.79790756188876,256.2439565654408,1083500
2025-07-17,264.8934326171875,265.4923325800865,259.1991340755494,259.2874904710964,3024600
2025-07-18,271.6186218261719,274.89775574576186,268.77147249110055,272.9636524800915,6134200
2025-07-21,272.32550048828125,274.2006994718494,270.83317922390427,273.1011132527152,1689100
2025-07-22,275.1530456542969,276.0660917838228,271.9131610570571,274.62287727266136,2041800
2025-07-23,275.16278076171875,276.05620191983337,273.2777846605208,275.3984277454731,1703500
2025-07-24,272.9342041015625,282.859962394394,270.2343153919247,282.751981227518,5379400
2025-07-25,277.234375,278.2946816690034,270.548471663141,272.4531226831909,4530300
2025-07-28,281.2007751464844,282.73234592414536,276.9791131627454,277.20493281435995,3822100
2025-07-29,272.6396789550781,277.7449050122086,269.0070894847442,270.40122700016053,9749600
2025-07-30,273.91595458984375,278.81501530110836,273.17962137858075,273.88650245985224,5866700
2025-07-31,272.9342041015625,275.2315603536587,271.7560588618566,272.32550671358973,3690900
2025-08-01,271.1583557128906,272.69740014989566,269.43186085402266,271.13860507415916,2727400
2025-08-04,274.3844299316406,276.74234312865286,271.9969509912367,272.825664928973,3123800
2025-08-05,276.1109313964844,276.29838182696847,273.7234523992913,274.66067444402915,1778300
2025-08-06,279.14959716796875,281.76399793413634,275.36114725253293,276.7818084439003,2281200
2025-08-07,276.702880859375,281.62584826160065,275.57817826704206,280.6096838651495,2187500
2025-08-08,276.268798828125,279.61328077297446,275.70644751051043,277.6302682885882,1295400
2025-08-11,274.5817565917969,277.27506937149025,273.11174902977166,276.2983761751339,1280900
2025-08-12,274.5028076171875,276.63379917312085,273.35838455338916,276.0320068446054,1650900
2025-08-13,278.0544738769531,278.9029384778859,273.60504012427396,274.6212045168109,1520400
2025-08-14,278.7055969238281,278.8634514942996,275.2822030776601,277.4625109986658,1761800
2025-08-15,276.96923828125,279.5737936408859,276.7127509377819,278.9029342692277,1939900
2025-08-18,276.0320129394531,277.4723945396235,275.06516495704744,275.7360243206685,1392300
2025-08-19,281.6949157714844,283.62858169174314,276.5746226084679,276.5746226084679,2127000
2025-08-20,281.6554260253906,284.7631408268966,281.2608046544999,281.41865922439234,1742900
2025-08-21,280.53076171875,281.5863972498372,279.3567427837431,281.2114963989702,1899600
2025-08-22,280.77740478515625,287.77217192850316,265.69276379317915,282.5236202141758,4575300
2025-08-25,273.6642761230469,280.65904382578117,271.7009841521974,280.65904382578117,2649500
2025-08-26,272.95391845703125,273.1808099417143,270.03365403753185,271.29646050542743,2275300
2025-08-27,268.69195556640625,273.22030168144806,268.42556278407926,272.64807505159877,2525300
2025-08-28,274.0687255859375,276.9889901122155,272.5691522591304,275.05529411591954,3031700
2025-08-29,276.219482421875,276.3575863673568,273.77278149979537,273.77278149979537,1543100
2025-09-02,274.5126953125,274.9270673452576,271.454326827464,274.23645732655575,1718700
2025-09-03,274.4534912109375,275.85440160934166,272.80590858184075,274.48308706139164,2085400
2025-09-04,276.0024108886719,276.5154156656209,273.5261143399014,274.8185166554899,923300
2025-09-05,274.0194091796875,276.4759551846799,272.8848613918391,276.0616132624239,1302000
2025-09-08,271.888427734375,274.0490153044635,271.13862598908526,273.2794930266021,1946200
2025-09-09,269.77716064453125,272.91444115886947,269.65874713746905,271.78973864938195,1362800
2025-09-10,268.7018127441406,270.32967504027926,264.62730966655795,268.76103455993746,1979400
2025-09-11,270.31976318359375,271.9179993019759,268.2282428258255,268.2479633566359,1447200
2025-09-12,271.0301208496094,272.5198490362828,270.08302344524026,270.18165621685586,2243800
2025-09-15,273.4373474121094,273.73330593888653,271.08930940739964,273.2794928286005,1169500
2025-09-16,274.3548583984375,277.2159013172902,273.8812946316067,274.2660708373475,1707100
2025-09-17,274.2660827636719,276.3477281487862,272.8355461881972,275.2033350176292,2854900
2025-09-18,278.8831787109375,279.31727126322045,274.02927851021974,274.6409461681598,1095400
2025-09-19,279.89935302734375,280.9352680625584,278.81412160803046,279.98814058333085,2712300
2025-09-22,286.6474609375,290.8206564629208,279.15940975805364,280.86618407386703,2918200
2025-09-23,288.1569519042969,289.69602666457183,285.9174519552852,287.0914710323829,1734400
2025-09-24,289.3802795410156,292.39917674130754,288.52196976355555,288.52196976355555,2405200
2025-09-25,290.613525390625,291.57049815557957,289.59736091713177,289.96238648901505,1666900
2025-09-26,293.4942626953125,294.4117943111141,289.3901339928352,290.7220075314149,1835400
2025-09-29,295.5956726074219,296.86835450355625,293.23778936132504,293.23778936132504,1118000
2025-09-30,296.37506103515625,296.5625114678387,294.65844139657224,294.98399576994126,1089400
2025-10-01,294.66827392578125,296.75979433970747,293.2081718069097,295.1615581784122,1594800
2025-10-02,294.2933654785156,297.4208008068319,293.632381457357,295.2898092775621,1292900
2025-10-03,296.1185302734375,298.180454832618,294.30324784010656,294.30324784010656,1839400
2025-10-06,295.6252746582031,297.480028441486,294.5597938187024,297.39124088050136,2076600
2025-10-07,291.88616943359375,296.78941654444424,290.85028445415827,295.92126147317697,912200
2025-10-08,292.6359558105469,293.5436121156359,289.01526612542415,291.0278442715077,886400
2025-10-09,290.92919921875,293.5337244009837,290.51482720165217,293.5337244009837,926400
2025-10-10,284.49676513671875,293.57320775015734,284.43757343291793,291.7480499291451,925800
2025-10-13,285.6806335449219,287.50579120057154,283.9245429066765,285.6115665275177,1057300
2025-10-14,286.41070556640625,288.1865168651234,283.1451661631737,283.8160255331174,745600
2025-10-15,285.80889892578125,287.8017564042516,284.5559376950396,286.50935411208474,938200
2025-10-16,284.6151428222656,287.53540732024754,283.4904703649784,287.53540732024754,1115800
2025-10-17,285.8878479003906,288.6403827264361,285.3550924258725,285.6708016039339,991300
2025-10-20,287.2394104003906,288.95606004955107,285.6115784102621,285.6806454305398,1348100
2025-10-21,285.8878479003906,288.1569436388781,285.09860506292137,286.21340229123354,993100
2025-10-22,284.7532653808594,288.61075175303614,284.66447783052456,286.3120303328719,1232100
2025-10-23,280.01776123046875,285.7300020329095,279.60341926583965,284.7631840436514,1124000
2025-10-24,276.73248291015625,281.2509536974584,276.1602863889526,279.6724680771656,1466700
2025-10-27,277.8572082519531,278.7845550812598,276.3082882499886,278.1630421239734,1086300
2025-10-28,276.6338195800781,280.79714012831846,276.54503202215795,278.9127905564126,1535300
2025-10-29,275.7755126953125,277.7190539932851,274.6705607080215,276.2392011300882,1048500
2025-10-30,277.8374328613281,279.60339901268037,275.7360370127256,275.8741710627197,816700
2025-10-31,279.57379150390625,280.7083392782965,275.7459008360726,276.64368180055374,1062600
2025-11-03,278.38006591796875,280.1854731489776,277.7486475831281,278.64642859240774,1558800
2025-11-04,279.9881286621094,280.29396248893744,276.64367709826377,277.76834953389704,1420000
2025-11-05,276.99884033203125,280.8563269669207,276.9889951197773,279.2284948845579,878600
2025-11-06,278.3110046386719,279.1594391724878,276.0517541424685,276.51544258303977,1088100
2025-11-07,281.78057861328125,281.8103167782345,278.5786283418484,278.5786283418484,1090400
2025-11-10,284.4273681640625,285.21048318117306,280.51167206869485,280.92803658930416,1369200
2025-11-11,285.0717468261719,285.9044457073876,283.85242154343257,285.4682657811617,727500
2025-11-12,284.0010986328125,287.1138342964558,283.86233061888396,284.1101587353223,960100
2025-11-13,281.06683349609375,284.09032453712024,280.5414390782363,283.56493011926284,1295500
2025-11-14,281.5129089355469,283.54508727400315,280.1845539371356,280.9081926344869,2086700
2025-11-17,278.9652404785156,282.752061302092,278.9652404785156,281.5129207382873,1568400
2025-11-18,278.3010559082031,280.2936036734582,277.70629262226674,278.92558761089236,2076600
2025-11-19,279.3221130371094,280.54143830649906,278.0334188843873,278.955332251448,1505100
2025-11-20,277.78558349609375,283.1485876265927,277.6567080336996,280.82892006086564,2600400
2025-11-21,283.8028564453125,284.4670188610332,278.81655591482473,279.1337529144071,1337500
2025-11-24,280.65045166015625,284.585963275185,279.84749100025346,284.04075353165524,2112500
2025-11-25,286.54876708984375,287.1534834002424,282.5339638704226,282.6628393260381,1022500
2025-11-26,287.5103454589844,289.0369750856569,286.26128210512,286.54877118310327,951200
2025-11-28,289.5524597167969,290.73212399252776,286.37035511499266,287.1535004477579,453400
2025-12-01,287.3121032714844,291.4458899191747,287.2526269386363,288.8288102640267,1592500
2025-12-02,289.2154235839844,289.9886461284551,284.9230537447015,287.30219770826864,2389900
2025-12-03,291.49542236328125,292.68500943912204,288.18444231355335,289.5524583750335,1479200
2025-12-04,292.5660705566406,293.38884664190834,290.34554017981037,290.6627371961737,1553500
2025-12-05,291.63421630859375,293.02204770819867,290.76185649956903,291.1484828818459,1045100
2025-12-08,290.4545593261719,293.45823495825215,290.0977013512505,292.44710711018524,967800
2025-12-09,287.01470947265625,290.12744527157486,286.95523314232275,289.84987897919956,1704000
2025-12-10,291.70361328125,293.2302126832812,287.1931234503704,287.1931234503704,1652500
2025-12-11,291.50537109375,292.03076554427327,288.78918434037973,289.87963421480316,1946500
2025-12-12,294.3999938964844,295.30209189183773,291.61440822237915,292.74448872864775,1690100
2025-12-15,296.8881530761719,297.2351184807813,293.33926785084043,295.4111072208532,1570100
2025-12-16,291.44586181640625,297.8101010895999,291.16829553906024,296.9377412886682,2334400
2025-12-17,291.87213134765625,293.09145661033745,290.4743770960334,291.44587423436565,1118600
2025-12-18,289.2947082519531,294.0232881517002,288.68009935363153,292.2587531441985,1274200
2025-12-19,288.8783874511719,290.53386243176425,286.68759523470396,288.521499209769,1368300
2025-12-22,289.0667419433594,290.1274536189196,286.75696678994467,288.98741999899454,1017100
2025-12-23,289.34429931640625,289.8994319000009,288.1448196539025,288.9973338885454,1069800
2025-12-24,290.16705322265625,291.27731830504223,288.76929906457787,288.76929906457787,389300
2025-12-26,288.4322814941406,290.7816873191882,288.33314419194284,290.167078399002,357000
2025-12-29,289.5127868652344,290.40499226586155,287.7581747320805,289.0468688069454,505500
2025-12-30,287.58966064453125,289.4335176629354,287.5797680910026,289.0171530934708,621500
2025-12-31,286.21173095703125,288.1745404933117,286.06304014044673,287.9663430976384,719900
2026-01-02,285.3195495605469,287.65903236348765,284.5165889161092,286.3802611163932,1567700
2026-01-05,285.418701171875,288.69002023906654,283.45589158008653,284.4273886966708,1052800
2026-01-06,288.62060546875,288.8585410215785,284.8833685305848,284.8833685305848,991200
2026-01-07,281.6219787597656,290.20674907490667,281.45347256760596,289.07663824648375,1198700
2026-01-08,287.20306396484375,288.71977090749556,280.84874709328864,280.9478843955938,725800
2026-01-09,284.7148742675781,291.08903707354466,284.04078898173174,288.0060392548875,786800
2026-01-12,286.2216796875,286.51906134760503,282.20684576133516,282.5240730337524,956400
2026-01-13,285.6962890625,287.2030732478868,284.0605991527385,286.33071336333614,529600
2026-01-14,283.88214111328125,286.84615565431176,282.9701506017896,284.2588446842059,619400
2026-01-15,288.2439270019531,288.7098450907171,284.3976598837552,285.06182232260494,1070900
2026-01-16,288.10516357421875,289.4731796971797,286.4893193203578,288.0555797965643,1467000
2026-01-20,277.9541320800781,284.2886033533346,275.3866060304128,284.1498353317744,2240200
2026-01-21,286.5884704589844,287.0246504106226,279.17344153359375,279.93677157519005,1239200
2026-01-22,286.568603515625,288.92793210047483,285.70616648304434,286.7966162809737,958100
2026-01-23,284.9131164550781,288.7098298484232,284.58596640340016,286.9155567242306,940400
2026-01-26,285.7557373046875,287.0146932287705,284.6058112292263,285.60701623481384,973400
2026-01-27,286.4595642089844,290.9601312705808,283.8127466164663,286.3505041065621,1502600
2026-01-28,281.9986572265625,288.13488378547976,281.8995199298885,285.4979890067203,766000
2026-01-29,287.63922119140625,288.11506205344153,281.53273293133344,281.53273293133344,1125700
2026-01-30,288.7098388671875,289.15594158706364,284.28859364839593,284.28859364839593,942300
2026-02-02,288.91802978515625,289.66151413328845,284.20929558031895,288.2934980923323,1153100
2026-02-03,295.72833251953125,296.1942505735276,287.0741640813475,287.0741640813475,1659700
2026-02-04,304.1743469238281,305.4333030033631,297.145944396423,297.8101371328447,1425800
2026-02-05,304.2437438964844,306.52375070206057,302.11242792562683,304.392434731203,2020300
2026-02-06,305.1597595214844,306.6433311911275,301.6648701401212,302.1627162452218,1166500
2026-02-09,304.4030456542969,305.6277581001019,300.70903579636183,304.17402549044544,1228200
2026-02-10,314.09112548828125,314.8777004704263,304.04456416762036,304.72165797613224,1525500
2026-02-11,315.9232177734375,317.27734471352215,313.86212742369463,314.0911475912608,1376300
2026-02-12,313.18505859375,318.5617908342682,310.94475096135767,317.2176001776094,1293500
2026-02-13,313.58331298828125,315.5249249890058,310.2875741416415,311.90059069061743,746500
2026-02-17,314.75823974609375,316.63014610054233,313.30453752053734,314.3002298038724,1016000
2026-02-18,315.3954772949219,315.7638785545016,312.74693234368897,313.64304926436415,1337500
2026-02-19,312.6971435546875,316.14226066833413,311.1936688976454,315.6344478898122,1224600
2026-02-20,314.8677673339844,317.05827202572186,311.65167046652624,312.4283091966532,1355200
2026-02-23,313.6729431152344,316.37126073204973,310.3573011360445,316.37126073204973,1470300
2026-02-24,314.7283630371094,314.93744990374296,311.601905139304,312.5876307538359,2378200
2026-02-25,310.5066223144531,315.59459493120954,308.794030494782,315.5149529241593,1412800
2026-02-26,311.6616516113281,314.5591198047802,309.6204641969802,311.3430227877055,1138600
2026-02-27,313.3841552734375,313.76252317359314,309.6901456963401,310.52652350326133,2128600
2026-03-02,316.1024169921875,317.08814258730297,310.6659458639846,314.3201193725358,1016200
2026-03-03,315.8933410644531,316.13229748702764,308.3858127986957,311.69151844618875,1393300
2026-03-04,316.4608459472656,317.4167323595934,313.1850404107594,315.9530635759639,2111700
2026-03-05,309.5806579589844,316.5505039390553,309.281932042454,314.55911937332075,852400
2026-03-06,301.5354309082031,308.18664770358293,298.96655832791987,306.6732064548851,1832700
2026-03-09,301.127197265625,301.94367219621824,294.1374486701916,298.3890436018506,1980800
2026-03-10,297.20416259765625,302.2921656695722,297.1245205895253,300.21117256508916,1289000
2026-03-11,296.2781982421875,297.6920946775308,293.2413488828125,294.4959005177659,1613800
2026-03-12,290.0053405761719,294.05778502570934,288.9698121062151,294.05778502570934,1015000
2026-03-13,288.12347412109375,291.558624688268,286.8589558472949,291.558624688268,745300
2026-03-16,289.44775390625,293.0222854951722,289.2386366523676,291.7179310574861,734400
2026-03-17,290.0650634765625,292.584163566024,288.0935819511128,292.2256985677082,601600
2026-03-18,283.1350402832031,289.88586306763483,282.6571274390782,289.17889967550553,1113800
2026-03-19,276.99163818359375,283.4536713660899,276.8522266788666,283.1251062831312,2011300
2026-03-20,279.8791198730469,281.2730828908722,276.702859289869,278.1366585042365,1643100
2026-03-23,283.7225341796875,286.89879506034185,283.08527651979,284.50910922184397,1001500
2026-03-24,282.41815185546875,286.71951909133685,280.8349745083704,281.49213501057176,876900
2026-03-25,281.392578125,284.9870430241293,281.01424058635394,284.7779561553297,1166700
2026-03-26,282.0596923828125,282.30861543915097,278.53493339694734,280.4466758395176,2168000
2026-03-27,282.0298156738281,283.9315914223225,279.72976912252295,279.8990197803131,1214700
2026-03-30,281.11376953125,285.9628161398799,280.85491021805535,284.967123925446,936400
2026-03-31,285.763671875,287.86456790867584,280.5163847276558,283.9017322545268,2141100
2026-04-01,285.763671875,289.7663437267214,285.763671875,287.3368522387764,1770900
2026-04-02,286.7593688964844,288.75075340270996,283.54327197992825,284.7679843902588,2064500
2026-04-06,286.80914306640625,289.07932020160746,285.7039392441908,286.62992575244425,1286900
2026-04-07,287.2572021484375,288.6013927071176,285.355426383894,286.80912850017256,1328600
2026-04-08,292.8330993652344,294.3266377533065,290.59279178312613,291.14041037097275,1899400
2026-04-09,294.0279235839844,295.25263605010576,291.67810434492964,292.1859171407074,1704100
2026-04-10,295.013671875,295.9097888428683,292.7335280632653,293.7889594410394,1436600
2026-04-13,296.2781982421875,296.3578706423824,292.7733722865493,294.1673354287851,818000
2026-04-14,298.4089660644531,298.8271397744291,293.48027749407623,295.14309684671514,1055900
2026-04-15,296.4275207519531,298.38903563050053,294.2768219217097,298.3392631742079,1475000
2026-04-16,301.32635498046875,301.35622453297026,295.0933116788029,296.7959369436241,1515600
2026-04-17,301.0774230957031,305.4186266580623,300.5895436237623,301.2068679481239,1454600
2026-04-20,302.81988525390625,304.3333265169104,298.76741055192025,301.0077180877841,1128000
2026-04-21,300.9181213378906,304.661934025052,299.46441912077415,303.7060475605958,901700
2026-04-22,297.04486083984375,304.2934993329328,296.7262624076425,302.630710262173,896100
2026-04-23,320.0553283691406,320.81206422420956,303.0688205321524,304.821248665526,1413400
2026-04-24,318.332763671875,321.97700098677973,316.869094835447,321.96703434063073,896000
2026-04-27,317.5163269042969,319.6172230373683,314.9075875969121,317.3669487528624,1080600
2026-04-28,315.3456726074219,319.79641801972303,314.30020793710287,319.61720071385946,933100
2026-04-29,310.77545166015625,315.584662111601,310.2278330921652,314.6785785426895,948800
2026-04-30,314.469482421875,314.5790243745006,310.11831197855287,310.11831197855287,1893400
2026-05-01,314.5391845703125,316.68988353731345,313.71277334939214,316.68988353731345,922200
2026-05-04,310.31744384765625,314.1010621647657,308.8637417009077,311.65166778866046,715300
2026-05-05,312.21923828125,313.17509437035324,309.1027165556314,311.0044924735099,595000
2026-05-06,315.88336181640625,318.60161255921804,313.4837398817271,313.6430542857934,1026000
2026-05-07,312.0400085449219,316.63013522814515,311.92049995068703,316.4210483639372,862300
2026-05-08,312.010009765625,315.0199890136719,311.6499938964844,311.6499938964844,1705900
