Date,Close,High,Low,Open,Volume
2010-01-04,36.858253479003906,37.89973887974983,36.6387509843717,37.59149528995719,3450498
2010-01-05,36.606048583984375,36.91429211217266,36.04094113046197,36.900281559208594,4342568
2010-01-06,36.19506072998047,36.993684968916,36.040940860868986,36.48461973105775,3476223
2010-01-07,36.66676330566406,37.1197863174088,35.52253031596441,36.25577195113542,3986356
2010-01-08,35.78874588012695,36.57335962202136,35.246985526062836,36.545338514309385,4005809
2010-01-11,35.82143783569336,36.190393790378494,35.57391047100156,35.95687697980208,2662602
2010-01-12,35.116214752197266,35.779399872033956,34.91071906428858,35.587918524916034,4696653
2010-01-13,35.471160888671875,35.821436087441434,35.078854029607484,35.078854029607484,4540392
2010-01-14,35.62995529174805,35.75138389061691,35.036822852543196,35.31704531831303,2790269
2010-01-15,34.97609329223633,35.49916891153109,34.9153771287512,35.40109128599874,3910458
2010-01-19,35.80275344848633,35.84011492232015,34.69588569722342,34.91538814365666,4324709
2010-01-20,34.97142028808594,35.72801255945295,34.61647506429807,35.44779404138918,3554778
2010-01-21,33.86456298828125,35.22362812669026,33.76648534166222,34.99011136337224,4807099
2010-01-22,32.967864990234375,34.11209815128616,32.87445750588442,33.86924096457232,4963147
2010-01-25,33.6730842590332,33.920611620531616,32.76704192430728,33.3555003402017,3799375
2010-01-26,33.53764343261719,34.07939997485912,33.229399898553545,33.46758687880191,2804407
2010-01-27,33.81318283081055,33.84120392976693,33.019228967760874,33.56098536488572,4314186
2010-01-28,33.66374206542969,34.02335762657673,33.18736810682816,34.02335762657673,3146586
2010-01-29,33.626380920410156,34.396984078579074,33.313467200109116,33.76649024119907,4296221
2010-02-01,34.359615325927734,34.36428550937626,33.75714272277348,33.799174373810196,3030507
2010-02-02,34.77994918823242,34.86401629244078,33.953300061885656,34.476379636487096,3776733
2010-02-03,33.999996185302734,34.62114945552987,33.81785147505752,34.62114945552987,3140315
2010-02-04,32.435447692871094,33.8598994720765,32.416766954152585,33.8598994720765,5638152
2010-02-05,34.26154708862305,34.317589305385624,32.75302818118425,32.813744370337,7971862
2010-02-08,33.02858352661133,34.21484843542852,32.907154924629886,34.070065119955785,5343170
2010-02-09,32.967864990234375,33.5609974025155,32.80907491820149,33.36017187931211,5293953
2010-02-10,32.81840896606445,33.327474165603455,32.26263813951736,32.91648661635622,3747713
2010-02-11,33.57210159301758,33.605074422695374,32.389751926064555,32.74304370487855,3888879
2010-02-12,33.915977478027344,33.991343956783474,32.97386593133776,33.23765624754371,4004002
2010-02-16,35.24434280395508,35.300867645564466,34.24099248288147,34.35875638984624,6032312
2010-02-17,35.729530334472656,36.10166367644683,35.23020845585598,35.25376429392818,5226133
2010-02-18,36.374881744384766,36.605699203870664,35.55524462501438,35.55524462501438,4296646
2010-02-19,36.61039352416992,36.7046053924169,35.94149346192188,36.24768107865512,4001238
2010-02-22,37.043766021728516,37.293425016469044,36.39842172178606,36.69989514852711,3667244
2010-02-23,36.69989776611328,37.02492705086054,36.341899478928674,36.77055763506821,4121995
2010-02-24,36.52089309692383,36.99665903380957,36.34189398041402,36.7375792539708,5580963
2010-02-25,36.98252868652344,36.99665989444943,35.889680891078996,36.36544683903231,3765146
2010-02-26,36.87890625,37.35938273403153,36.60098477638301,36.89303746185046,4256784
2010-03-01,36.93071746826172,37.25574677327413,36.75171831350906,37.16624528575849,2061476
2010-03-02,36.74701690673828,37.37351983217717,36.61041135038961,37.04849044758785,2288320
2010-03-03,36.48793029785156,36.77056216795593,36.332483151322045,36.7140373220466,1903302
2010-03-04,36.558597564697266,36.74231101078983,36.46438945929597,36.64809908510851,2385478
2010-03-05,37.41590881347656,37.59962221413985,36.60569638569741,36.71403950039746,3324958
2010-03-08,37.58549880981445,37.73623559277581,37.28873182869564,37.41120618115423,2351888
2010-03-09,38.070682525634766,38.32034161406766,37.22278294184239,37.45831081624469,3166252
2010-03-10,38.047119140625,38.358013397017935,37.8351433529072,38.221407881902444,1944121
2010-03-11,38.127193450927734,38.13661425683931,37.69853532111661,37.919931900594925,2158422
2010-03-12,38.664207458496094,39.069313667503714,38.179020560385034,38.31091569402191,2783572
2010-03-15,38.56998825073242,38.918569545124534,38.15545749187551,38.47577636733055,2374104
2010-03-16,39.65341567993164,39.8653876439527,38.44280385621761,38.62180299787869,3325277
2010-03-17,40.34587478637695,40.38827224668523,39.49797524384305,39.757055129022945,3713909
2010-03-18,39.83241653442383,40.52957915882634,39.79002290385232,40.35528659258646,2553751
2010-03-19,39.35194778442383,40.33645284866784,39.30484374126546,39.35194778442383,4748740
2010-03-22,40.02555847167969,40.03968968460899,39.05047421732403,39.12584068628029,2398128
2010-03-23,39.77119064331055,40.16687608253404,39.40376763111458,40.020849722612446,1990999
2010-03-24,39.80886459350586,40.15744590637318,39.55449516903375,39.64399665402313,2298950
2010-03-25,40.28934097290039,40.80750062802462,40.096206792939576,40.13389384041882,3248315
2010-03-26,40.044395446777344,40.70387107509128,39.87481709100485,40.4730536501117,2577137
2010-03-29,40.11033248901367,40.2940458369185,39.74762001623453,40.13859872580686,1844624
2010-03-30,40.11505889892578,40.327034747930796,39.804164552645965,40.00200918775458,1707391
2010-03-31,39.52152633666992,39.97373657013659,39.46499766981228,39.851262248937076,2355608
2010-04-01,39.79001998901367,40.09620382793526,39.46028031455501,39.67696649549294,1885124
2010-04-05,40.57667922973633,40.609655870571906,39.74762157091667,40.03025720795768,1573984
2010-04-06,41.31624984741211,41.41988256850618,40.20455998343108,40.40711502103675,2763587
2010-04-07,39.81829833984375,41.316252953023195,39.67227196653099,41.1560953649008,3138614
2010-04-08,39.91250991821289,40.11035074413917,39.634588388769004,39.7052444622142,4148889
2010-04-09,40.55314254760742,40.600246594784544,39.67698052815584,40.03969315225844,2161823
2010-04-12,40.05381774902344,40.6332165349761,39.92663302237812,40.52958382802826,2001416
2010-04-13,41.53764343261719,41.693090592626916,39.945477137808304,40.049109851241184,3606334
2010-04-14,41.42930221557617,41.91448915508018,41.0713000165111,41.59888441634767,2646764
2010-04-15,40.05381774902344,41.45284974212197,39.954895446015094,41.212611500649814,3748882
2010-04-16,38.75371170043945,40.195141426810686,38.62181654445905,39.96903435362151,5407694
2010-04-19,39.05046844482422,39.56862812342038,38.461648891747366,38.49462171704164,2912195
2010-04-20,39.87953186035156,39.888952668910285,39.06460517806806,39.33781626682927,2564488
2010-04-21,40.97709274291992,41.09485285652214,39.72879351566256,39.84655744954422,3327615
2010-04-22,41.636558532714844,41.839113520275255,40.39297382739731,40.55784176732974,2565232
2010-04-23,42.187705993652344,42.42323388877382,41.368072586098315,41.787310100057795,2498050
2010-04-26,42.672882080078125,43.09683371092844,42.027537646309675,42.192405602596516,2598929
2010-04-27,41.207889556884766,42.83303194481229,41.16549593330118,42.3713972069018,3253737
2010-04-28,41.2785758972168,41.68839264892786,40.95354644706506,41.6130261586529,2593933
2010-04-29,43.53491973876953,43.64326286585959,41.6554109816461,41.67425260022185,3287009
2010-04-30,41.933319091796875,43.94001577340518,41.716636727160946,43.15335170737611,3673941
2010-05-03,43.70450210571289,44.086056344100186,42.09349404798444,42.357284349564836,3350470
2010-05-04,42.43735885620117,43.31823114123703,42.05580085321508,43.31823114123703,3952234
2010-05-05,41.67896270751953,42.75767974580086,41.226752404089225,42.16414966350163,2954609
2010-05-06,39.983158111572266,41.829697591490174,37.14269665245444,41.43871878103064,5349441
2010-05-07,40.360008239746094,41.53293328380247,39.403765612077365,40.14332200307924,7330767
2010-05-10,42.55042266845703,42.6870282492949,41.56591734909288,41.81557648308627,5489864
2010-05-11,42.68700408935547,43.18161549214645,41.88621267970509,42.06521180906147,3355041
2010-05-12,43.29871368408203,43.62590930178289,42.483101307574834,43.056874280942424,3026680
2010-05-13,42.53052520751953,43.379334135736755,42.454652578937754,43.227592724314434,2251434
2010-05-14,41.112701416015625,42.30767379136252,40.64325155389081,42.09902684436719,3210154
2010-05-17,41.10794448852539,42.080044155394916,40.003070589444874,41.25494796502837,3086633
2010-05-18,39.91299057006836,41.88564140131418,39.69960182456527,41.63906004740846,2912514
2010-05-19,39.49567413330078,40.58158059992842,38.4856402883064,39.609481142880234,3137445
2010-05-20,38.45246124267578,39.642687695380005,38.338654193010925,38.69430074249583,5108991
2010-05-21,39.85133361816406,39.95565706494733,37.52777852587466,37.826523466082485,5266740
2010-05-24,38.76543426513672,40.04102102681589,38.642143594407976,39.99834097242407,2569909
2010-05-25,39.19694519042969,39.30126863510372,37.28593827812107,38.229587234396746,3911627
2010-05-26,38.874481201171875,40.15955095878025,38.589965586193806,39.74699908674688,2845013
2010-05-27,40.98466110229492,41.08898455585193,39.41982083616697,39.73278735109561,3581141
2010-05-28,40.32078552246094,41.155369216141814,40.1263640371533,41.0036239294784,2597547
2010-06-01,40.216461181640625,40.97043041529757,39.756491223560204,39.898752907346925,3254481
2010-06-02,41.060523986816406,41.15536381710382,39.87503572257744,40.477263453151515,2849265
2010-06-03,40.842384338378906,41.23122332472471,40.425094563072825,40.984642128920974,2154488
2010-06-04,38.64685821533203,40.48673338037108,38.476149655051366,39.99831284191953,3533731
2010-06-07,38.395545959472656,39.467227133566254,38.36709516578002,38.88396663416112,2757847
2010-06-08,38.964595794677734,39.17324271879629,37.78384895257674,38.699047261659224,4155267
2010-06-09,38.974082946777344,40.249665919919735,38.793890656435586,39.32024596968296,2799198
2010-06-10,40.69539260864258,40.82342502942971,39.40558095687837,39.50990438228665,3195910
2010-06-11,41.29288864135742,41.44463009471367,40.107400124450486,40.15482197257214,2600630
2010-06-14,41.923553466796875,42.18436008530086,41.378231236423275,41.61532886156163,3422754
2010-06-15,42.89566421508789,42.89566421508789,41.71017577836405,41.98520786504653,2797072
2010-06-16,42.41672134399414,42.867207658598126,42.151172892808745,42.62536820381473,2671532
2010-06-17,42.19859313964844,42.639595879247764,41.923561075211424,42.5163052456303,2908262
2010-06-18,42.39775085449219,42.67278288288088,41.98519896616795,42.345587220717036,2890722
2010-06-21,42.13694763183594,43.208625038619296,41.98994800792456,42.94307658657136,2247395
2010-06-22,40.58633804321289,42.35508724911593,40.54840364064414,42.298181799520464,3482920
2010-06-23,40.847129821777344,41.330808660702345,40.12161156338985,40.572097812199864,2410565
2010-06-24,39.81814193725586,40.71436908708946,39.73278568869097,40.510463988861964,2691410
2010-06-25,41.0273323059082,41.217008124965666,39.90349125233752,40.25439209445504,4994612
2010-06-28,40.292335510253906,41.250209864466875,40.1832702658467,41.1506282199436,1806356
2010-06-29,38.79860305786133,40.14057407629565,38.518825463389064,39.704313315925425,4492557
2010-06-30,38.291229248046875,39.5810410913279,38.167938608028784,38.80336285298055,3390120
2010-07-01,38.43348693847656,38.656355350708516,37.399740082230274,38.37183970200365,2941640
2010-07-02,37.499324798583984,38.93613624967863,37.319132565108426,38.7085221736892,2576606
2010-07-06,36.645774841308594,38.504618046796196,36.261677520745934,38.272262165392505,3831584
2010-07-07,38.52358627319336,38.56626631822188,36.645775818457366,36.89235710581892,3918962
2010-07-08,38.746456146240234,39.092619056105804,38.035163128008264,38.99777921785985,2360817
2010-07-09,39.19694519042969,39.23487959004132,38.50461932306516,38.81758965708725,1919991
2010-07-12,39.33919906616211,39.481456896096745,38.55203727917768,39.15900684044268,1625114
2010-07-13,40.33974838256836,40.53891164630164,39.71381164107433,39.88452026303032,3438699
2010-07-14,40.10264587402344,40.53416494467621,39.71854863676982,40.02203144926363,2391325
2010-07-15,40.25440979003906,40.34450786271221,39.23014991794261,40.031541277679736,2546098
2010-07-16,38.9930534362793,40.08844421135656,38.74647206299117,40.08844421135656,3975514
2010-07-19,39.52888488769531,39.69959740338346,38.53782162698575,39.16375854444279,2464991
2010-07-20,40.01255416870117,40.09316860618795,38.73697164190606,38.902938470652344,3011054
2010-07-21,39.0546875,40.51994983967618,38.80810621006891,40.51994983967618,3037841
2010-07-22,40.93723678588867,41.207527055939465,39.60474878838887,39.70907222585836,3707213
2010-07-23,41.4019660949707,41.482576722773985,40.23544443520667,40.600574698369435,2913896
2010-07-26,42.23653030395508,42.321882693383515,40.93249316230726,41.26443065842048,2572247
2010-07-27,42.33610153198242,42.67752257402057,41.62481250157921,42.32187613594846,2612641
2010-07-28,42.26499557495117,42.843510684390374,41.88563995479287,42.21283191780543,2863722
2010-07-29,41.695945739746094,42.815045007381954,41.534720714755814,42.50682035557039,2395045
2010-07-30,42.30765914916992,42.47362598162879,41.11268718738904,41.60584973088695,2783359
2010-08-02,44.35145568847656,44.47474636750905,42.91464375160994,43.11854889815167,4314186
2010-08-03,44.17599105834961,44.40360515826802,43.820344507944874,44.17599105834961,2771028
2010-08-04,44.78770446777344,44.80667166930548,43.91044447671958,44.20444763769348,2903903
2010-08-05,44.16175842285156,44.7829533728107,44.071660388531555,44.389372485480216,2671319
2010-08-06,44.02424621582031,44.16650405587572,43.41727661137318,43.72076333646772,2597228
2010-08-09,44.41783142089844,44.54586387386974,44.01950866118131,44.36092981768555,2353057
2010-08-10,43.896217346191406,44.37041274878025,43.36512034124819,43.900959146387606,2704804
2010-08-11,42.98101806640625,43.56427480671937,42.65856415276196,43.085341504518865,2747749
2010-08-12,42.50208282470703,43.203888433568814,42.28869413925797,42.44517738057436,2641024
2010-08-13,42.61187744140625,43.189521269393936,42.28248053768526,42.28248053768526,2070724
2010-08-16,42.67870330810547,43.08448407798072,42.16312230701063,42.43523407184864,1565799
2010-08-17,43.78147888183594,44.13952213170454,42.79328059626301,43.09403491289013,2381120
2010-08-18,43.853092193603516,44.11565651099588,43.447311327784334,43.88173472895702,1856104
2010-08-19,42.6739501953125,43.73852899579815,42.52595985439972,43.70033893921685,2857344
2010-08-20,42.473445892333984,42.75987906835897,42.22997653121464,42.487767163969195,2372191
2010-08-23,42.024681091308594,42.85056392569483,42.010355954833294,42.66438361141798,1653390
2010-08-24,42.12970733642578,42.468655581322054,41.3515619842626,41.494778516450914,2779958
2010-08-25,42.693050384521484,42.903103464431226,41.71439909304021,41.71439909304021,2442668
2010-08-26,42.44001007080078,43.1895128382584,42.2395046168132,42.93649607909522,2237509
2010-08-27,43.2133903503418,43.26112791015314,41.95785381070995,42.65961916989281,2996384
2010-08-30,42.855350494384766,43.56666342291922,42.82670795618705,42.93650822427127,1818262
2010-08-31,43.17998123168945,43.342292833671166,42.3827367487834,42.75032763537434,2715859
2010-09-01,44.66465759277344,44.77445784945268,43.73374422476473,43.953344738123214,3594003
2010-09-02,45.52397537231445,45.58603421856196,44.65035066582216,44.77447222997768,2878285
2010-09-03,46.05862808227539,46.30687108335734,45.74355251179519,46.12069076837514,2385691
2010-09-07,45.12772750854492,45.72923623631887,45.0847598339473,45.519187105849895,2339344
2010-09-08,45.309139251708984,45.59557238049414,45.027479879348256,45.28527046958684,1633512
2010-09-09,44.979736328125,46.03477129324472,44.83174601426772,46.03477129324472,1425589
2010-09-10,45.2805061340332,45.409401455969906,44.76015108886873,45.175479599184676,1276025
2010-09-13,45.34256362915039,45.719702068885645,45.08477299295972,45.266183512744504,2344553
2010-09-14,45.03702926635742,45.476226490660665,44.865166284606694,45.13250827047895,1968570
2010-09-15,45.55260467529297,45.76743143933158,44.74103905095786,44.86516057903315,2235170
2010-09-16,45.156368255615234,45.56214910449714,44.96541028457721,45.50009028048821,1511267
2010-09-17,45.504886627197266,45.55262420782665,44.879504962647054,45.280512254917056,1867904
2010-09-20,46.42145538330078,46.53602939937242,45.648083678561754,45.77697896268492,2629649
2010-09-21,45.96316909790039,46.97046667676668,45.91543152757222,46.617197041357585,2382927
2010-09-22,45.49531555175781,46.14456567041476,45.32822636275841,45.9297389255064,1856636
2010-09-23,44.292301177978516,45.23753211603875,44.258884880730626,45.189794548541755,2306285
2010-09-24,45.466670989990234,45.54782870998502,44.75536201981178,44.793552066087344,2698213
2010-09-27,44.79832077026367,45.47621337350958,44.69806803843594,45.36641313118957,1576961
2010-09-28,44.812644958496094,44.96063525243655,44.08701088380718,44.831739980725956,2294060
2010-09-29,44.416419982910156,44.74104316516776,44.26842966114627,44.636020523158365,1399440
2010-09-30,44.27320098876953,45.251851981627915,44.067921729147876,44.841293462384606,3103641
2010-10-01,44.678985595703125,44.71717564842371,43.981993903593306,44.62170051662224,2414073
2010-10-04,45.02747344970703,45.084758518620234,44.58349867899312,44.59304619047865,2069236
2010-10-05,45.648075103759766,45.80083913927273,45.022693824687906,45.50485857848769,2950888
2010-10-06,45.57170867919922,45.68150896086252,45.21366529246937,45.40462331405602,1500531
2010-10-07,45.676727294921875,45.987033058355294,45.39984169605846,45.75311126466258,1145595
2010-10-08,45.619441986083984,45.92497012015213,45.26139866319637,45.56692679726451,1515625
2010-10-11,45.700584411621094,45.92495863578765,45.514404098406565,45.67671563706263,1260505
2010-10-12,46.039527893066406,46.30686588395936,45.30912023670276,45.47620551309633,2021401
2010-10-13,46.37371826171875,46.827236702617995,46.096828795125575,46.411908310217356,1902664
2010-10-14,46.182777404785156,46.69358497954679,45.90589170715637,46.302125222268025,1637977
2010-10-15,46.53603744506836,46.827244355782206,46.192315337426734,46.6983490493741,2127063
2010-10-18,46.88930130004883,46.937038862603366,46.29256240981919,46.61241569391334,2115902
2010-10-19,45.88679504394531,46.727003494277795,45.77222098836994,46.426245146519676,3128622
2010-10-20,46.879764556884766,47.247355487977444,45.99659234512402,45.99659234512402,3326233
2010-10-21,46.76994705200195,47.48125986562138,46.48351397297977,47.01341633066853,1931790
2010-10-22,46.63628005981445,47.11367112680027,46.43100081694597,46.83678167522024,1600772
2010-10-25,46.73654556274414,47.06594254643099,46.53604002093976,47.04684751800396,1623839
2010-10-26,46.388038635253906,46.64105544499628,46.04909034638753,46.35461847180275,1454078
2010-10-27,46.201847076416016,46.43576882515172,45.815161289217826,46.1159194825889,1975904
2010-10-28,46.02042770385742,46.69354635986941,45.48097415661327,46.52646110225197,1906916
2010-10-29,45.83903884887695,46.29733492374101,45.83903884887695,46.00612805665335,2378888
2010-11-01,47.08024597167969,47.25210890569776,45.99657254593685,46.31164813887199,2537487
2010-11-02,48.011173248291016,48.0827834703202,47.228253920960945,47.4908182823014,2695130
2010-11-03,48.159141540527344,48.34532570961236,47.64833432165751,48.011151279155605,2022145
2010-11-04,49.572235107421875,49.62474642370579,48.035035335539135,48.63654795308808,3808623
2010-11-05,50.49359893798828,50.57953042120271,49.29057365962435,49.772738522209416,3790127
2010-11-08,50.7227783203125,50.84212617065424,50.16900290092851,50.818257374918275,2918892
2010-11-09,48.30235290527344,50.86116635338431,47.96340475639316,50.799103679743595,5230810
2010-11-10,49.23806381225586,49.23806381225586,48.364439300401365,48.455144542522774,2500070
2010-11-11,48.43604278564453,49.18077196068508,48.168704703064755,48.95162392657116,2334880
2010-11-12,48.310951232910156,48.6910870276909,47.85863997847978,48.16178471387002,2170008
2010-11-15,47.98854446411133,48.99903179765925,47.95004699542983,48.479353043540854,2034582
2010-11-16,46.26108169555664,47.97409968159148,45.95312152048924,47.76237730513445,4150271
2010-11-17,46.64603805541992,46.81445130890544,46.21296982870052,46.4006337675935,1992806
2010-11-18,47.132049560546875,47.57473741369292,46.97325964927727,47.348583741097784,2000672
2010-11-19,47.237884521484375,47.34374570424537,46.4968601445861,46.987668599477914,1756395
2010-11-22,47.43517303466797,47.66133050834801,46.97805029465568,47.0454140257941,1618418
2010-11-23,46.94918441772461,47.069480718186895,46.67490994535093,46.68934503311483,1495110
2010-11-24,48.24836349487305,48.26761026988262,47.314863687484944,47.33411046249451,1845793
2010-11-26,47.56026840209961,47.83935835012302,47.20419135318263,47.83935835012302,1196619
2010-11-29,47.50734329223633,47.59395378716255,46.761507282468166,47.218629935197185,1698780
2010-11-30,47.39668655395508,47.96448226808191,46.74227641299734,46.790393370998025,2968640
2010-12-01,48.041473388671875,48.22432563425873,47.483301065153434,48.08959034675805,1797852
2010-12-02,49.04716491699219,49.10009749045992,48.03667725047875,48.195467166020045,2121004
2010-12-03,49.11933135986328,49.21075358578872,48.59965257119892,48.710321581529726,1406562
2010-12-06,49.03271484375,49.181881318981965,48.4071748650113,48.87873667262119,1435688
2010-12-07,48.84024429321289,49.64863263812101,48.777688342602815,49.42247512060974,2397915
2010-12-08,48.03664016723633,49.16261160376275,47.651692967755935,48.89314895436927,2016830
2010-12-09,47.36299133300781,48.38310177451826,47.32449387502897,48.23874703877622,2348380
2010-12-10,47.613224029541016,47.91636869119545,47.411124986818095,47.56029146957551,1512011
2010-12-13,47.60359573364258,47.921175451002085,47.46404875510905,47.72389202717077,1450570
2010-12-14,46.997310638427734,48.26282583433306,46.93956637835782,47.54585964572563,1876727
2010-12-15,45.84727478027344,46.881820621617074,45.808777310516945,46.80964128044971,2855962
2010-12-16,45.57298278808594,46.1696524155076,45.37569941205714,45.87613124748913,2623590
2010-12-17,45.9194450378418,46.03974132459432,45.44307158620464,45.5874263498218,2893061
2010-12-20,46.621978759765625,46.70377758598803,45.88576590918663,45.919447778807616,2067216
2010-12-21,47.45441818237305,47.52178581362285,46.50648696696275,46.910681047174684,1806462
2010-12-22,47.46405029296875,48.11846433632602,47.26676686274535,47.40149824757074,1955707
2010-12-23,47.05023956298828,47.545859911890986,47.02136938400682,47.37263493557199,1278576
2010-12-27,47.8730583190918,47.89230510159703,46.81445015943795,46.90106458314106,1115937
2010-12-28,47.618038177490234,48.07997273796587,47.4929301689891,47.897124372816585,1033023
2010-12-29,48.24354934692383,48.29647797550761,47.47846666464598,47.95483602918341,1388703
2010-12-30,47.954856872558594,48.25800540258408,47.897116525370606,48.031847904572096,1154524
2010-12-31,47.8730583190918,48.25800567648514,47.76719711288346,47.877870014718106,1297073
2011-01-03,48.56596755981445,48.628523512545556,48.16658506983276,48.219513727779855,2448727
2011-01-04,47.12723159790039,48.5996575860031,46.9010740529413,48.48898466182247,2634220
2011-01-05,47.27638244628906,47.502539916389594,47.01173141614726,47.01173141614726,2081460
2011-01-06,45.88093948364258,47.39666995912291,45.85206931895038,47.37261148854608,2534724
2011-01-07,46.65087127685547,46.756732534509695,46.136003984909784,46.140815682874454,2468924
2011-01-10,46.934749603271484,47.43036989577063,46.43912931077233,46.448752702670966,2781021
2011-01-11,46.94918441772461,47.589159487406455,46.82407642134102,47.21864719417699,2545247
2011-01-12,47.01656723022461,47.507375982247375,46.74710436684564,47.31008858097115,1891715
2011-01-13,47.2282829284668,47.286023289841,46.68454168004068,46.93956941430436,1133583
2011-01-14,47.60839080810547,47.61801419603361,46.92029515667391,47.204192905410586,1360109
2011-01-18,48.017391204833984,48.01739120483399,47.218622777924416,47.56988810583308,1493515
2011-01-19,47.50734329223633,48.09920118637395,47.24750400260095,48.07513881313276,1834100
2011-01-20,47.531410217285156,48.07995905909967,47.40149054935914,47.492916657137904,1427396
2011-01-21,47.892303466796875,47.897115162258935,47.415930006335095,47.73351361411942,1524236
2011-01-24,47.998172760009766,48.142527550633616,47.49774073788437,48.07034820410666,1552724
2011-01-25,48.387916564941406,48.42641012295457,47.656515548118186,47.91635486956474,1896392
2011-01-26,48.460086822509766,48.691055950835334,47.95484331770824,48.464902419177115,1530826
2011-01-27,48.76807403564453,48.869123573190166,48.11847544060916,48.65740110427842,1664764
2011-01-28,48.10405349731445,49.13378813698985,47.901954366986985,48.883572024409006,1783714
2011-01-31,48.8161735534668,48.907599664508055,48.15695180027595,48.15695180027595,1421763
2011-02-01,49.306983947753906,49.45133871137627,48.488972319750715,49.09526544890812,1769576
2011-02-02,49.499481201171875,49.79300255207255,49.003860751415345,49.244453430079545,1774253
2011-02-03,50.38003921508789,50.49071213762943,49.379175118117764,49.379175118117764,2268867
2011-02-04,49.78816604614258,50.52437880772313,49.50907992673311,50.15867827447209,2577456
2011-02-07,50.538822174072266,50.572504045140555,49.85554184882408,49.913282199226856,2919317
2011-02-08,51.13549041748047,51.169172287523686,50.408900949113175,50.65911693143637,1744915
2011-02-09,51.13068389892578,51.44345195728386,50.822723634345344,50.928584853343935,1339486
2011-02-10,51.59124755859375,51.780334999914444,50.91732889231173,51.06762684729192,1845581
2011-02-11,51.954898834228516,52.095500468037685,51.30037263131239,51.53794212941397,1327049
2011-02-14,51.89187240600586,52.16822747769155,51.39734062213337,52.09550059628497,1274643
2011-02-15,51.80459976196289,52.279738748579454,51.455517816773195,51.61066796932385,943519
2011-02-16,52.27003860473633,52.551241846502315,51.925804880763444,52.10034387481723,1358301
2011-02-17,52.425193786621094,52.50276887060664,52.032478033762885,52.13914229973054,896109
2011-02-18,52.33306121826172,52.60942017510448,51.95004195376263,52.60942017510448,1495747
2011-02-22,52.30397033691406,52.64820402376129,51.809438653059004,51.81913504434776,1904790
2011-02-23,51.867618560791016,52.6094160526494,51.305208231602926,52.168214541059704,2096236
2011-02-24,51.21794509887695,51.857930590782175,50.544026165534895,51.857930590782175,1653603
2011-02-25,51.867618560791016,51.91610051501759,51.25672627737635,51.47490293545987,2243568
2011-02-28,53.35120391845703,53.46271633330873,52.008214609394614,52.008214609394614,2199985
2011-03-01,51.896728515625,53.56940772268991,51.86763933144015,53.48698836749951,2357734
2011-03-02,51.11613082885742,52.25549227856821,51.033707564722334,51.90156217403015,1976436
2011-03-03,52.06155776977539,52.13913283968583,51.69308306875776,51.717324049344604,1421975
2011-03-04,51.707618713378906,52.245788049483785,51.334295880816576,51.906402583872975,1163241
2011-03-07,51.36825942993164,52.11975361584437,51.03372201469494,51.94521064614106,1031535
2011-03-08,51.98884963989258,52.31368673636903,51.4603764523721,51.55734433437864,1234356
2011-03-09,51.64461135864258,52.255503850851184,51.411890034750414,51.81915038554505,1231379
2011-03-10,51.09672927856445,51.54762719259648,50.99976536761741,51.18884892599621,1412727
2011-03-11,51.8094482421875,51.89187151542933,50.907656161200535,51.13068106618464,1230104
2011-03-14,51.213104248046875,51.746425567794304,51.082198999570956,51.42643277594585,1487987
2011-03-15,50.849456787109375,51.319743453388284,49.773122211394046,49.773122211394046,1939869
2011-03-16,49.894344329833984,50.820377258081564,49.54041423795923,50.71856121356522,1892565
2011-03-17,50.054344177246094,50.70887034610885,49.60345011959962,50.61190641889417,2014279
2011-03-18,50.364620208740234,50.93672287648569,50.17553276293884,50.7040016810522,2440861
2011-03-21,51.05309295654297,51.4458085722663,50.78643435075671,50.99976280819847,1492027
2011-03-22,50.8640251159668,51.130683804105146,50.57796970859012,50.985233968032695,1689213
2011-03-23,49.87981414794922,50.76221356854631,49.77799807402774,50.74282077961525,1672737
2011-03-24,50.26765823364258,50.44704537946441,49.62767683780052,50.117360257624576,1433668
2011-03-25,50.73312759399414,50.92221123006481,50.136779636478295,50.29677408731251,1143575
2011-03-28,50.97551727294922,51.25672043949968,50.762188834585366,50.7912780038082,1367018
2011-03-29,51.358558654785156,51.416737018368494,50.345254032776126,51.014324874150695,1377223
2011-03-30,51.7221794128418,51.78520990313455,51.28098170892484,51.54764039639731,1867266
2011-03-31,51.954898834228516,52.25065062371872,51.504004753123155,51.504004753123155,1550386
2011-04-01,51.930660247802734,52.381558281750316,51.697938935573866,52.12459598533784,1532740
2011-04-04,51.85309982299805,52.30399401816927,51.722190617264864,52.03248707509186,1163985
2011-04-05,51.9500617980957,52.289447430013205,51.66401027241167,51.75612995988127,1194599
2011-04-06,52.03246307373047,52.10518993980904,51.697925781020444,52.076096834158335,793848
2011-04-07,51.57188415527344,51.94035892717884,50.6991811620273,51.81915006889373,3552121
2011-04-08,51.2227897644043,51.97913584524684,50.99007243033621,51.882167995699604,1590886
2011-04-11,51.27128982543945,51.668853793225374,50.9755419312162,51.22280392124924,1422294
2011-04-12,50.791290283203125,51.30521479184665,50.68462603823385,51.03855614543973,1410495
2011-04-13,50.93190383911133,51.198562548024114,50.79615038606542,50.90766285321623,1082028
2011-04-14,52.09549331665039,52.25064345103325,50.62644669221984,50.75250371888566,1812947
2011-04-15,52.716094970703125,52.92457531157433,52.056720500177946,52.16823296631603,1868010
2011-04-18,52.38640213012695,52.53670015162259,52.037320190760035,52.449428683772666,1282616
2011-04-19,52.54154968261719,52.74033360553759,52.12944117913696,52.396099853861394,1280065
2011-04-20,53.14759063720703,53.15728702972435,52.430033998729925,53.15728702972435,1340018
2011-04-21,53.55967712402344,53.637252164342776,52.85182110073754,53.33180412936449,1315463
2011-04-25,54.170597076416016,54.47604133619685,53.22516725246312,53.56455282157865,1287931
2011-04-26,54.311195373535156,54.59239863223129,53.88939048549097,54.3257399629126,1384026
2011-04-27,55.00936508178711,55.14511852905342,54.228777844964306,54.5245296563932,1561653
2011-04-28,55.73176193237305,56.11478126072943,54.98511606210371,54.98511606210371,2041066
2011-04-29,55.532981872558594,56.16326709137703,54.79603239639658,55.80448874650608,1488200
2011-05-02,56.07599639892578,56.2553875398681,55.41662199132344,55.804489521209106,1369994
2011-05-03,56.274784088134766,56.82749427385761,55.47480405949568,56.24084277712671,2362518
2011-05-04,56.042049407958984,56.43476506714488,55.814176339385945,56.158410040165805,1906384
2011-05-05,55.872379302978516,56.28934005708382,55.51360478865792,55.74147402558207,1391999
2011-05-06,55.7123908996582,56.46388525997051,55.44088391937051,56.46388525997051,1680178
2011-05-09,56.11961364746094,56.34263849279615,55.557207270909714,55.775383920999886,949472
2011-05-10,56.919620513916016,56.94870969924957,56.177822695708244,56.303879764187336,1426759
2011-05-11,56.5802116394043,56.953534493882934,56.52688148820681,56.740206025028826,1884593
2011-05-12,56.70142364501953,56.7305128200337,55.95477789412871,56.29901159455996,1594500
2011-05-13,56.27183532714844,56.96504072522004,56.25230501303356,56.95527754772009,1638933
2011-05-16,56.550106048583984,56.999224188171674,56.11562871930136,56.27672910116265,1012295
2011-05-17,56.41341018676758,56.491515613449955,55.96428814688274,56.41829177593523,1450251
2011-05-18,56.945533752441406,56.96506011408739,56.01800386044298,56.40366138030011,1178336
2011-05-19,56.74537658691406,57.233551429769555,56.41342054433588,57.179853939066504,1490007
2011-05-20,55.84223937988281,56.789299265196576,55.84223937988281,56.64284764437119,2494330
2011-05-23,55.163665771484375,55.57373100512845,54.99768783481953,55.22712640995969,1991743
2011-05-24,55.6421012878418,56.02775875063176,55.20762396904462,55.271088594119284,1434625
2011-05-25,55.88131332397461,56.13515997519532,55.17834057575734,55.534708540098755,1476507
2011-05-26,56.47686004638672,56.66724990574907,55.397997373715214,55.67137423305873,1418786
2011-05-27,56.750244140625,56.87228782115313,56.27671814419709,56.657493952351054,1150166
2011-05-31,57.63386154174805,57.65339186377964,56.92112949976662,57.21891445245396,2593295
2011-06-01,56.24253463745117,57.59477809839548,56.08631985832975,57.59477809839548,2641768
2011-06-02,55.86175537109375,56.755113655592865,55.85687378327572,56.23276792260672,1744915
2011-06-03,56.3011474609375,56.68192341363768,55.202753919223554,55.202753919223554,1652434
2011-06-06,55.60302734375,56.40851710612568,55.60302734375,56.227890425489136,1378073
2011-06-07,56.13514709472656,56.80394855785479,55.622564401434495,55.82271747328475,1701544
2011-06-08,56.076534271240234,56.52077444955345,55.881266865155176,55.93008272689822,1627666
2011-06-09,55.451690673828125,56.340167379430426,55.24177843643085,56.23276848724114,2002479
2011-06-10,54.133636474609375,55.427297187857626,54.055527089254376,55.18809140176791,2651335
2011-06-13,54.49489212036133,54.86590481436645,53.74798514265819,54.182458502670606,1754163
2011-06-14,55.35407257080078,55.41753719238081,54.680393435215244,55.13927867718997,2135780
2011-06-15,54.372833251953125,55.061157002222394,53.85048350494391,54.91470539317242,1989723
2011-06-16,54.93914031982422,55.124648685756206,54.11412773193781,54.24104909088966,2339876
2011-06-17,55.65186309814453,55.759258068663826,55.0855789125556,55.47611795542717,2678866
2011-06-20,56.1693115234375,56.34017106908781,55.31012428877023,55.38823365887254,1265502
2011-06-21,56.120487213134766,56.564727539207475,55.74947466314591,56.50126293871958,1521047
2011-06-22,55.759254455566406,56.43293752713684,55.720201741544486,55.876420515862925,1317695
2011-06-23,54.66574478149414,55.07581014100379,53.840728514286226,55.031875839343364,2540783
2011-06-24,54.89028549194336,55.16854388442244,54.416755690533904,54.66572455940756,2173835
2011-06-27,55.53469467163086,55.64209358904785,54.85613004403284,55.080691056894274,1226808
2011-06-28,55.67137908935547,55.81294911961078,55.21249391885456,55.70066862131556,1675607
2011-06-29,56.50126647949219,56.60378378878836,55.676254335247705,55.93498642298289,1346290
2011-06-30,56.74047088623047,56.91133438409481,56.09608147603287,56.5598481715013,1918396
2011-07-01,57.8828125,57.936513940352334,56.57450700234498,56.61844130517526,1647331
2011-07-05,58.20988845825195,58.33193214242849,57.555735736347124,57.873046939737044,1653071
2011-07-06,58.693199157714844,58.77130460511097,57.780310068341784,57.97070001460255,1730670
2011-07-07,59.35221481323242,59.410793880172626,58.76640434825488,59.108127449418035,1687619
2011-07-08,59.15207290649414,59.24482707242591,58.35635000911513,58.72736271372635,1263801
2011-07-11,58.17082977294922,58.683412402033035,58.043904512803564,58.51254888626192,1254340
2011-07-12,58.214786529541016,59.01050951692435,57.89747127719482,57.89747127719482,1355644
2011-07-13,57.692413330078125,58.62970595596143,57.6826501539106,58.39050022162823,1531464
2011-07-14,57.37022399902344,58.092722882793524,57.19936443505839,57.93650808495848,1211076
2011-07-15,57.990203857421875,58.00973021168834,57.15542845784158,57.55084900908196,1337679
2011-07-18,57.53620910644531,57.92186651314891,56.99433293417648,57.88769143117924,1376585
2011-07-19,58.693199157714844,58.781067786035486,57.62897680489544,57.76566529695501,1765430
2011-07-20,58.824989318847656,59.06419510165762,58.478384617315335,59.06419510165762,1348097
2011-07-21,59.200897216796875,59.52797167840177,58.88358197647502,59.20577880699646,1563886
2011-07-22,59.4840202331543,59.591419145726846,58.898209782356275,59.26434081921566,1027283
2011-07-25,58.810333251953125,59.14228916336985,58.49301814582727,58.72734229454171,1179824
2011-07-26,59.747642517089844,60.27975160837563,58.71271387148102,58.951919674908055,1790730
2011-07-27,58.19524002075195,59.69881684805649,58.112249053829466,59.474255849876734,2020550
2011-07-28,58.89333724975586,59.44009507428216,57.770536022553785,58.32705702616845,1600028
2011-07-29,58.829856872558594,58.903080691184954,57.6582401425083,58.39049812434331,2224540
2011-08-01,58.45397186279297,59.88432089378602,57.92674444981888,59.46937397936972,2484337
2011-08-02,56.52568054199219,58.37585793176374,56.520798953701515,58.039020421477716,2546098
2011-08-03,56.34016418457031,56.613541007851175,54.81706134705067,56.491497358981434,2029480
2011-08-04,54.13849639892578,55.91056797521633,54.026215934522625,55.656717523291036,3472927
2011-08-05,53.13286209106445,54.841469213911985,52.17603925170774,54.826824451160284,3590708
2011-08-08,48.690486907958984,52.405490490656696,48.62214071131841,51.639057357999626,5508466
2011-08-09,54.226375579833984,54.299603361075086,48.80276487151381,49.41297922569361,6481749
2011-08-10,52.669090270996094,55.18806839963431,52.14674461426809,52.71302851405796,5127274
2011-08-11,55.91059494018555,56.91135246897986,52.703287674856675,52.815568193411295,4905320
2011-08-12,55.778785705566406,57.116380774365666,55.300374114326566,56.23766698035294,2170859
2011-08-15,57.04224395751953,57.08157203320172,56.03443012191407,56.40314279252811,2560873
2011-08-16,57.64200210571289,57.91730655723265,55.616542800492624,56.05408350743296,3354190
2011-08-17,57.804237365722656,58.443338398255996,57.342116624109956,58.04020975794004,2398660
2011-08-18,55.410064697265625,56.57027855587539,54.75129964052444,56.13765387118782,4287504
2011-08-19,54.20561218261719,55.950851275269116,54.077791955784306,54.84962932600472,3322300
2011-08-22,54.308834075927734,55.38055562194158,53.713977225077755,55.38055562194158,2398766
2011-08-23,55.877113342285156,55.8967813683884,54.07779794877547,54.37277049594677,1866947
2011-08-24,56.757110595703125,57.002919073736194,55.233099626710775,55.69030451222116,2332647
2011-08-25,55.71979522705078,57.868159205174805,55.085610052493,57.11106980339168,2450640
2011-08-26,56.61450958251953,56.727581736000275,54.06793809315771,55.44937998408235,2351888
2011-08-29,57.627262115478516,57.686258213047786,56.54079218348405,57.35687363478279,2062752
2011-08-30,57.18970489501953,57.686237596047036,56.43261582484191,57.41584522495826,2188717
2011-08-31,57.76491165161133,57.99597204777956,56.84559006295017,57.50435520155714,2642937
2011-09-01,57.7452392578125,58.47283240387448,57.41093873439829,57.94680357092096,2668449
2011-09-02,56.33429718017578,57.26836659679953,56.18189694719932,56.422789310013385,2185209
2011-09-06,57.09629440307617,57.49941895875195,54.63821502398351,54.839775308306706,2917404
2011-09-07,58.689144134521484,58.73830820707758,57.12088956188802,58.109039177197076,3230032
2011-09-08,58.35974884033203,58.98901771120062,57.83372011000967,58.41382492074558,1855573
2011-09-09,56.948829650878906,58.094295614906265,56.16716030878304,57.59776276482699,2536212
2011-09-12,57.05696487426758,57.10612494551103,55.67552301500451,56.0737315531643,2344021
2011-09-13,57.199562072753906,57.327382309831464,56.19174820498493,57.17989803428525,2409396
2011-09-14,57.273284912109375,57.671493531876344,56.250723324451954,57.53875732528736,2269930
2011-09-15,58.54166030883789,58.56132434318853,57.3421183301747,57.70591492675293,2674614
2011-09-16,59.33808135986328,59.36758140027789,57.779658695046145,58.664568205777684,2978420
2011-09-19,58.418766021728516,59.0136230969446,57.99597725034426,58.330277852132774,2226772
2011-09-20,58.787471771240234,59.574057108377936,58.212282788432674,58.70389962090142,1931471
2011-09-21,55.30685043334961,59.077546242801155,55.0610419256791,58.94972996532596,3575613
2011-09-22,54.48092269897461,55.45432452906811,53.72383725971809,54.10238197286207,4510415
2011-09-23,55.410064697265625,55.76402926100173,53.591085781914664,53.97945841721097,2862659
2011-09-26,55.7984504699707,55.88202262596691,54.65298444862637,55.567390064625144,2681630
2011-09-27,55.847618103027344,57.14548457112164,55.478905403927364,56.698115714580496,2458825
2011-09-28,54.70212936401367,56.33429578910758,54.603805220736476,55.97541525771523,2447239
2011-09-29,55.34615707397461,55.798445828692145,54.564487757784235,55.6902896487801,2064771
2011-09-30,54.06796646118164,55.74929364977067,54.04830242191638,54.66282358411318,3697114
2011-10-03,52.35712814331055,55.15934064671881,52.35221213490925,53.61566616434665,5539931
2011-10-04,54.46617126464844,54.6185715449256,50.7937965744617,51.663958158019994,4996100
2011-10-05,53.78282165527344,54.35801066354362,52.18015086995913,54.244942455138705,4149952
2011-10-06,55.33633041381836,55.41499054874185,52.7651778389627,53.699247504402976,2826517
2011-10-07,53.831993103027344,55.773880884336535,53.773000981848554,55.621476597227904,2700445
2011-10-10,56.3392333984375,56.378561476015555,54.81522254791121,54.9627068258603,2481042
2011-10-11,55.47397994995117,56.28514934468666,55.09051928661302,55.91643670835795,1882360
2011-10-12,56.648929595947266,57.26345052210033,55.41497572274306,55.8574283973553,2118665
2011-10-13,55.64603042602539,56.21630323596151,54.97742949344088,56.18189118395525,1658705
2011-10-14,56.973411560058594,57.130727838006045,56.039341923525285,56.24581829238416,1445786
2011-10-17,55.523136138916016,56.84558224319341,55.434644002400454,56.73251006515416,2143433
2011-10-18,57.62236022949219,57.83867266187929,55.53790802041197,55.719804392852055,2257281
2011-10-19,56.811180114746094,57.88781801790512,56.59978374663309,57.61251353066039,2211572
2011-10-20,57.39126968383789,57.48959382766132,55.94591952164411,56.72267268249239,1849726
2011-10-21,59.33808135986328,59.36758140027789,57.65183847668526,58.14837132343685,3050172
2011-10-24,60.40489959716797,60.596627957929954,58.8612247437812,59.298761557747696,2569590
2011-10-25,59.539649963378906,60.60153985750477,59.39708170811431,59.987022753201465,2251966
2011-10-26,60.758846282958984,61.088226801680015,59.69695264376657,59.86410489422183,2327757
2011-10-27,63.467647552490234,63.959264290784894,61.70766090524492,61.933805242785255,2987774
2011-10-28,63.62987518310547,63.66429122295032,62.41558543621646,62.671225802617265,2303202
2011-10-31,63.143184661865234,63.83144975124271,62.58274376331326,62.74497602546826,2339450
2011-11-01,61.62406539916992,63.59053173376897,61.06362472654526,61.51591325935221,3507050
2011-11-02,62.76956558227539,63.162862256984646,61.373375145556366,62.66632939154664,2197221
2011-11-03,63.615135192871094,63.856027567053225,61.86498046744141,63.11368641184383,2108673
2011-11-04,63.339805603027344,63.50695380130197,61.899371925269136,63.13824137423232,1520090
2011-11-07,63.806884765625,64.23950556246429,62.71057876448861,63.393924019742926,1111579
2011-11-08,64.30342102050781,64.5049854069426,62.612261729199176,64.03794850332112,1803486
2011-11-09,61.545440673828125,63.172691438407035,61.35370835416548,63.0940313095912,2515164
2011-11-10,61.864986419677734,62.533587516729185,61.24063338740544,62.469675417395074,1451633
2011-11-11,62.91212844848633,63.04486466096783,61.96330694068537,62.74497619052423,1964424
2011-11-14,61.88230895996094,62.907162054611746,61.48128001187172,62.59525198896515,1604492
2011-11-15,62.5209846496582,63.03588660226257,61.62980788436077,61.763484198391964,1642654
2011-11-16,61.317909240722656,62.58041022790971,61.25849530383021,62.03579920335022,1630536
2011-11-17,60.456443786621094,61.44664137589178,60.09502134531573,61.184239496567386,1702501
2011-11-18,61.00106430053711,61.154543997039546,60.129690390520445,60.862437089315186,1519346
2011-11-21,59.16423797607422,60.362374334312584,58.956295196468496,59.64448429094913,1751186
2011-11-22,58.96621322631836,59.49101713316179,58.37704854593823,58.990971385256984,1266033
2011-11-23,57.32247543334961,58.44634539433685,57.287815625693135,58.317619864487554,1642441
2011-11-25,57.59477996826172,58.6889449832061,57.04026720416605,57.24820999261064,826057
2011-11-28,58.693904876708984,59.46625818841652,58.11959272889739,59.3276309797975,1939444
2011-11-29,59.005794525146484,59.164224981097306,58.5156466632114,58.8869706793662,1525937
2011-11-30,61.560516357421875,61.69914354245055,60.050465789310984,60.852523934534666,3091629
2011-12-01,60.89708709716797,61.47635404437368,60.426746395535,61.30802187859862,1349160
2011-12-02,60.798038482666016,61.887252180871904,60.748526213940714,61.53078071017496,1700694
2011-12-05,60.88224411010742,61.6100400247904,60.47131327984715,61.49616694876901,1648182
2011-12-06,60.81785583496094,61.07035601646524,60.372265389826815,60.862413273366805,1329175
2011-12-07,61.540714263916016,61.73380458303477,60.14454063995429,60.461401656879936,1286762
2011-12-08,60.1544303894043,61.11491892116614,59.956389281571575,61.02580002111449,1483523
2011-12-09,61.540714263916016,61.91698923105896,60.26336452511891,60.52081159182724,1816029
2011-12-12,60.27821731567383,61.01591075470778,59.74846266528387,61.010959926770305,1747359
2011-12-13,59.67912673950195,60.99608667517569,59.25334363603847,60.67427493826933,1614166
2011-12-14,59.7634391784668,60.5023624701338,59.32702627136098,59.560109889209464,1756714
2011-12-15,60.6263542175293,61.13218996415702,60.0312474245217,60.32879881005401,1429310
2011-12-16,61.16689682006836,61.97524689036429,60.809832805884206,61.22144642328961,2416305
2011-12-19,61.12723922729492,61.96534790725821,61.03301715628419,61.499180520799435,1450038
2011-12-20,63.120849609375,63.264666278255795,61.900881419367956,61.96039412280296,2004393
2011-12-21,63.299373626708984,63.398558774992985,62.406715336039994,62.93239139341864,1629792
2011-12-22,64.00357818603516,64.2168216110551,63.35888081120357,63.53741084502496,2447132
2011-12-23,64.59867858886719,64.62347788931987,63.91926784798629,64.17218773267128,947452
2011-12-27,64.96566772460938,65.42191698575502,64.24658446120819,64.63836196939047,1333959
2011-12-28,63.98870086669922,65.2235419767516,63.95894250951358,65.2235419767516,1200340
2011-12-29,64.38544464111328,64.71770946589658,63.85480951519141,63.9887080607797,1279746
2011-12-30,63.944068908691406,64.82185000091002,63.94406890869141,64.57884820565528,1083197
2012-01-03,64.16227722167969,65.60540684326496,63.33409068969383,65.06485361994959,2272163
2012-01-04,63.05139923095703,64.02340623596932,62.96213623641375,63.676260302473125,1672843
2012-01-05,63.3836555480957,64.03331176826032,62.74887649076594,62.912529303891205,2244206
2012-01-06,62.892704010009766,63.59195491634527,62.818318182916116,63.373748446318835,1792643
2012-01-09,62.84313201904297,63.24978672641945,62.61996642796603,62.69435629897292,1225320
2012-01-10,63.21999740600586,63.7506322568213,63.140648522299955,63.38860925919671,1458011
2012-01-11,63.49773025512695,63.616751603059214,62.79352027803254,62.87286918396825,1226277
2012-01-12,62.98691940307617,63.81510560265989,62.46124355961502,63.8002284397629,1462688
2012-01-13,62.94227981567383,62.94724289159321,62.25295120305169,62.38189062841608,1258273
2012-01-17,63.57707595825195,63.973812424058956,62.98196924857024,62.98196924857024,1403160
2012-01-18,63.715946197509766,64.09780557429465,63.44318605242638,63.621720111824345,1420168
2012-01-19,65.07475280761719,65.22848752982235,63.6316236057199,63.859748172575195,2206150
2012-01-20,65.29298400878906,65.4120053921693,64.71275426206742,65.14420828504971,2411734
2012-01-23,65.2780990600586,65.7690617052559,64.88136250338094,65.2830581161942,1201722
2012-01-24,66.32447052001953,66.32447052001953,64.87638235778117,65.00532179733544,1663808
2012-01-25,67.34609985351562,67.37585419476227,65.89304792597753,66.1062954154663,1907554
2012-01-26,67.70809173583984,68.08498792775737,67.16753467697632,67.5890663820504,1608851
2012-01-27,67.78744506835938,67.95109791184358,67.12787061728174,67.55932048535558,1374991
2012-01-30,67.20226287841797,67.45022369111152,66.75097275141631,67.29648493056504,1274962
2012-01-31,67.37584686279297,67.56429904740183,66.80553929651862,67.41551931347125,2205831
2012-02-01,67.69322967529297,68.1345977233828,67.23698445926179,67.84696443263017,1411877
2012-02-02,68.16436767578125,68.29826622407194,67.27170532458514,67.71307342170817,1417829
2012-02-03,68.79911041259766,69.24544137678926,67.88165723524372,68.90820960461255,1840266
2012-02-06,68.19905090332031,68.69497245410506,67.74280178957687,68.66026309363603,1247856
2012-02-07,68.17923736572266,68.3825626951409,67.85688664170056,68.05030190244597,1411133
2012-02-08,68.25858306884766,68.50654392964395,67.52958167741681,68.09493018774401,1155587
2012-02-09,68.38751220703125,68.58588246276149,67.29152478910413,68.21889628307775,1341825
2012-02-10,67.8221664428711,68.169308370933,67.30640858432368,67.64859547884015,1574516
2012-02-13,68.35650634765625,68.64615159995874,67.97697370330721,68.60620164793805,821486
2012-02-14,67.80719757080078,68.17175313678698,67.38271300968174,68.14678035960314,976259
2012-02-15,67.9520034790039,68.4314191215182,67.61741046806655,68.05687615706346,1063000
2012-02-16,68.880859375,69.01569450875506,67.8920697441549,67.95199872031054,1635107
2012-02-17,68.79598999023438,69.15554775249234,68.34153891691167,69.01072508851229,1206930
2012-02-21,67.8221664428711,69.06564932685488,67.31778204696231,68.96576633648333,1459499
2012-02-22,67.36772155761719,68.0468951323852,67.12801776366722,67.70231460033716,987208
2012-02-23,67.80217742919922,67.81216491615355,67.08804781150971,67.41764703123006,1201934
2012-02-24,68.24665069580078,68.58623342154772,67.43264199273835,68.01693034892239,856140
2012-02-27,68.32655334472656,68.54628621141896,67.27783455835885,67.62740478709688,928318
2012-02-28,68.06689453125,68.71609777079352,67.81719910831254,68.44143766565618,1077244
2012-02-29,67.6573486328125,68.7909648170322,67.51751976978933,68.25162433821774,1356388
2012-03-01,68.11680603027344,68.19171624863084,67.51753643364422,67.80718576789307,971795
2012-03-02,68.54127502441406,68.68110794867957,68.10680717069052,68.21666953249398,1032173
2012-03-05,69.12060546875,69.14557825185956,68.171769313094,68.55130215532506,1213840
2012-03-06,68.2865982055664,69.01071138164367,68.22666517363177,68.58623096462759,1417192
2012-03-07,69.02569580078125,69.08062293748382,67.9619918242814,68.77600048799647,1219048
2012-03-08,69.03569793701172,69.07065010411975,67.5325319971145,68.78600257124754,2344872
2012-03-09,68.14178466796875,68.53630267176617,68.11182219807763,68.44141746703394,4735452
2012-03-12,69.49012756347656,69.89463300630139,68.13677829296424,68.38148391649217,3462829
2012-03-13,70.3890151977539,70.73359565620802,69.57501474098449,70.12933243053293,2516865
2012-03-14,70.47393798828125,70.8584685324658,69.91462230585914,70.4689482929826,1502763
2012-03-15,70.51387786865234,70.85845840055796,70.21924288351988,70.67867549257383,1837396
2012-03-16,70.86344909667969,70.97830926247566,70.38902315093429,70.65869343582,5181594
2012-03-19,71.70244598388672,71.91219140777211,70.578816727491,70.73862469334544,1848344
2012-03-20,71.66248321533203,71.91716825586943,71.12314256463735,71.267965217133,1525618
2012-03-21,72.02201843261719,72.35661138727956,71.47768825726408,71.72738352490448,1521578
2012-03-22,71.29791259765625,71.54760789051603,70.75857206110345,71.54760789051603,1904365
2012-03-23,71.722412109375,72.09695514858414,71.06321344431133,71.50767701628402,1335234
2012-03-26,72.18183135986328,72.46148910712871,71.65247832752314,72.35661643938518,1595882
2012-03-27,72.22179412841797,72.92094267075251,71.92216135317557,72.32166902011429,1136772
2012-03-28,72.05199432373047,72.47647473781511,71.07318804411138,71.90717168951517,1647969
2012-03-29,72.2767105102539,72.3665978893269,71.32286909274299,71.76233470184688,1392105
2012-03-30,72.75112915039062,73.08072431112123,72.15186374903472,72.73614387028859,1857911
2012-04-02,73.3803482055664,73.45026870411631,72.58632285908197,72.83102030355536,1534653
2012-04-03,73.2105712890625,73.48024153540051,72.81605340645129,73.15063826753617,978066
2012-04-04,72.74113464355469,73.11567750829334,72.09692156421626,72.56135180043796,1590035
2012-04-05,72.80609893798828,73.11571927232598,72.27174789634984,72.61133070496324,1154099
2012-04-09,72.23674774169922,72.6961882938966,71.4327348755046,71.90216291361274,1193749
2012-04-10,70.77855682373047,72.81606939918785,70.69365911639419,72.3066912553235,1407731
2012-04-11,71.592529296875,71.75233715964889,70.99826177939276,71.43272953425127,1245517
2012-04-12,72.77613830566406,72.77613830566406,71.02327276500537,71.67248402454314,1196300
2012-04-13,72.28172302246094,72.84603644183738,72.16187314586091,72.53641616046679,1134965
2012-04-16,74.22933959960938,74.22933959960938,72.43652465489386,72.66125529735329,2587555
2012-04-17,74.6688232421875,74.94349142317643,73.73496438707436,74.46407560554658,1751186
2012-04-18,74.41910552978516,74.83360657504296,74.16442050936392,74.31424094501405,1045992
2012-04-19,73.93970489501953,74.62386820837789,73.55517438092758,74.52898300358194,1028240
2012-04-20,74.96342468261719,75.29801762953659,73.9646436351688,73.9646436351688,1571539
2012-04-23,74.21934509277344,74.64382546596453,73.46027173478339,74.36915740676032,1627453
2012-04-24,75.34295654296875,75.37292710223666,74.23431315504453,74.37414606440717,1470129
2012-04-25,76.24688720703125,76.2568746979615,75.42788865028645,75.99220213823253,1404329
2012-04-26,76.0021743774414,76.37171956785699,75.68256663165587,76.22689692835324,1754056
2012-04-27,77.57025146484375,77.86489451075788,76.67634293926453,77.01093593713598,1933066
2012-04-30,77.70508575439453,77.77499816955658,76.86611247199278,77.62518585135219,1390510
2012-05-01,78.69388580322266,79.20326392651282,77.55527969241076,77.70509202270021,1645205
2012-05-02,78.39927673339844,78.73886769628564,77.69513822531664,78.44422450205269,1456523
2012-05-03,77.6601791381836,78.64398366610733,77.63521445533759,78.42425071621653,1565055
2012-05-04,77.00096893310547,77.63519483952759,76.6813611322715,77.4104641497555,1499574
2012-05-07,77.44042205810547,77.71508205603925,76.48159071224555,76.59645088597155,1034831
2012-05-08,77.6102066040039,77.69510430766377,76.84614347137114,77.02591826719473,1197576
2012-05-09,77.265625,78.11958361859412,76.84614238220408,76.93602977884187,1345014
2012-05-10,77.37052917480469,77.93983245223015,77.06090880463964,77.93983245223015,922259
2012-05-11,77.9448013305664,78.10460925272771,76.80619519814586,77.18073818120715,1176103
2012-05-14,77.13581085205078,78.40426277581484,77.13581085205078,77.41546871475451,1884274
2012-05-15,77.040283203125,77.5177925311784,76.53763837235876,77.39716168520394,1404542
2012-05-16,75.56753540039062,77.54292661407534,75.40668612243351,77.50773854150893,2060413
2012-05-17,73.53684997558594,75.6630378680607,73.53684997558594,75.44689537984269,1880234
2012-05-18,72.55166625976562,74.24055513812118,72.3455844924645,73.7328799564116,2168095
2012-05-21,74.12493133544922,74.24053994653289,72.74265836302612,72.74768872360713,1380731
2012-05-22,74.28076171875,74.84372193251099,73.88870334424836,74.285783927174,1054071
2012-05-23,74.34612274169922,74.42152110700377,72.86834576289213,73.92892878073475,1055559
2012-05-24,74.90909576416016,75.01967407319012,73.85354292984617,74.54216460024342,968499
2012-05-25,74.45166778564453,75.28605558388182,74.18024023313514,74.82865140334492,841896
2012-05-29,75.47706604003906,75.56250881550892,74.59240719646243,74.68791069568513,1150804
2012-05-30,73.47655487060547,74.92919650403861,73.45644972469167,74.92919650403861,1708985
2012-05-31,74.15008544921875,74.84876772854012,72.69744397477034,73.47654682894527,2197221
2012-06-01,72.13448333740234,73.59717737747181,71.97866439781912,72.6974436648522,1700694
2012-06-04,72.04399871826172,72.4863281135057,71.41569269760927,72.2852685563097,1736836
2012-06-05,73.46649932861328,73.72284400512368,71.48105510282633,71.83793365778115,1465983
2012-06-06,74.9543228149414,74.9693975960577,73.39612528020456,74.2556405448908,1627134
2012-06-07,74.7884521484375,75.73342661584924,74.56729554392167,74.62258061858147,947771
2012-06-08,75.70325469970703,75.70325469970703,74.62759698590052,74.76331077150725,940330
2012-06-11,74.25061798095703,76.23606203386015,74.13500933022233,76.21595689050955,1543157
2012-06-12,74.90909576416016,74.90909576416016,73.6022204382029,73.82338520920163,1106689
2012-06-13,74.049560546875,75.09506064324528,73.77813295081492,74.53712251670513,1297179
2012-06-14,74.51699829101562,74.89398187266809,73.9691210296768,74.23049598683842,1766493
2012-06-15,74.96939086914062,75.14029272603938,74.10484531969875,75.00960115242584,2210083
2012-06-18,75.04981231689453,75.61780295730861,74.44664175466113,74.75325739771584,1469385
2012-06-19,76.02495574951172,76.34162401115601,75.0900420526637,75.33130379151126,1385727
2012-06-20,76.54267120361328,76.79901583604776,75.85907192889368,76.13049949402976,1590461
2012-06-21,75.15034484863281,76.87943593720354,74.98447335460234,76.83922565415816,1338636
2012-06-22,75.48711395263672,75.79875178164637,74.83367243109359,75.713300858513,1821025
2012-06-25,75.35643005371094,75.66806791442576,74.63765082923574,75.06992769751118,926511
2012-06-26,75.63287353515625,76.1958337216698,75.27599509570284,75.33128015036972,1031642
2012-06-27,75.89424896240234,76.15059355754468,75.32625841123571,75.71831676920291,956806
2012-06-28,76.25116729736328,76.37179819279275,75.1403211137218,75.5273574659675,900893
2012-06-29,78.24162292480469,78.27178064433825,77.22628042208721,77.7791882527463,1568350
2012-07-02,79.4580078125,79.45800781249999,78.25165852807751,78.74425081284433,1571752
2012-07-03,79.67416381835938,80.0913578575544,79.31226301114772,79.50829227534824,850613
2012-07-05,78.83474731445312,79.57866224756098,78.59348553900759,79.46305357035709,1005492
2012-07-06,79.11621856689453,79.31224779348288,78.11092877504424,78.1762664152821,828609
2012-07-09,79.69928741455078,79.82494864385707,78.83976395386078,78.94028967613072,1066614
2012-07-10,78.78446960449219,80.24214147420582,78.41251628447006,79.91039844251716,914712
2012-07-11,78.96541595458984,79.09609937826798,78.20642645780954,78.82467180692278,1286230
2012-07-12,78.87496185302734,79.34744095945724,78.09083666288537,78.55326319583672,1070866
2012-07-13,79.69928741455078,79.76463321049512,78.74426044123547,78.85986909831476,1034193
2012-07-16,79.67919158935547,80.27734008916522,79.54849998218117,80.27734008916522,1171532
2012-07-17,80.3426742553711,80.65934253323161,79.22680604430714,80.14664500605006,1410707
2012-07-18,80.0511245727539,80.57387456245272,79.76964443621891,80.05615493464362,914605
2012-07-19,79.48314666748047,80.30245985766454,78.95537438430279,80.0260100387442,1302494
2012-07-20,78.90006256103516,79.60878913423986,78.57334180392756,78.82466420894325,1655623
2012-07-23,78.38236999511719,78.72416564871756,77.76411633951469,78.07575427246846,1275069
2012-07-24,79.21673583984375,80.7950383619681,78.4275805023133,78.53816693327249,1538693
2012-07-25,78.58342742919922,80.55881922354617,78.35723230124468,79.89030271882845,1343207
2012-07-26,79.92044830322266,80.42309319621344,79.43790855371653,79.62388520741816,1078201
2012-07-27,80.66435241699219,81.65958134684638,80.24715036244562,80.25218072412106,1338317
2012-07-30,80.97099304199219,81.27257843084058,80.42813771147716,80.66438544234845,836050
2012-07-31,80.66939544677734,81.17706261314967,80.36781010356289,81.17706261314967,1070654
2012-08-01,81.01620483398438,81.76514175195895,80.94080647540534,81.17202376014815,1314293
2012-08-02,81.1318359375,81.20220395361785,79.8199302244244,80.5789280764104,825101
2012-08-03,81.94609069824219,82.27281146159652,81.29264917153354,82.27281146159652,1001452
2012-08-06,81.31777954101562,82.30798618591726,81.2423811922412,82.18735535022668,1080114
2012-08-07,80.1164779663086,81.57917200396187,79.93050131159106,81.57414164159457,1376585
2012-08-08,79.65906524658203,80.03101851645144,79.28710382377609,79.85006409041243,1025264
2012-08-09,78.9402847290039,79.8551013560804,78.72918072546678,79.65907213347016,1341293
2012-08-10,79.26697540283203,79.44289941537265,78.73417300485528,78.73417300485528,684147
2012-08-13,79.00064849853516,79.32736131810273,78.77445329313294,79.16148972590594,736234
2012-08-14,79.19159698486328,79.49318224691555,79.01567292807748,79.01567292807748,952554
2012-08-15,79.80894470214844,80.08725746547609,79.33328751458386,79.434495886538,863475
2012-08-16,80.81592559814453,81.12965432419686,79.2067854857161,79.6419626200825,1566756
2012-08-17,80.88677978515625,80.9677399330235,80.65906705782159,80.76027545029433,1075862
2012-08-20,80.4920654296875,81.00314677286266,79.8848480353053,80.93736256297413,1254553
2012-08-21,80.20869445800781,80.8310959627834,80.18339852175771,80.53254317852067,929381
2012-08-22,80.30484008789062,80.55784870054012,79.51039829705877,80.20363992588555,1025582
2012-08-23,79.17137908935547,80.5173825142125,79.1258349047845,80.26942976310617,1644461
2012-08-24,79.50531005859375,79.64699845004115,78.95881293433182,79.02965302623835,1470767
2012-08-27,80.32003021240234,80.54773469773173,79.51546013766698,79.63690854877677,1217667
2012-08-28,80.24919128417969,80.36557559662269,79.67233383485447,80.03160679032469,925235
2012-08-29,79.85447692871094,80.41615006806533,79.71278851223533,80.35542997856255,1184926
2012-08-30,79.6520767211914,79.82412520034306,79.33834801843913,79.6267725774444,1087236
2012-08-31,80.30484008789062,80.35038426461132,79.19160547528757,79.85448705551283,2286726
2012-09-04,80.33014678955078,80.46170700434566,79.56605681535854,80.30484264442555,1220643
2012-09-05,79.92533111572266,80.5679726952813,79.44967391553668,80.46677252827885,1426759
2012-09-06,80.38075256347656,80.80580149516162,80.17834401105443,80.21882408001133,1333852
2012-09-07,80.48197174072266,80.78052463123593,80.27956314050415,80.59835607027533,938416
2012-09-10,79.04486846923828,80.76532062874487,78.94872420259613,80.76532062874487,1520728
2012-09-11,79.81908416748047,79.87474837523666,78.74127342815156,79.1511465049621,1229466
2012-09-12,80.24919128417969,80.39087974579489,79.48004528253327,79.90510245974048,1130501
2012-09-13,81.80265045166016,81.94939478809023,80.04677431870189,80.08725438287064,1703670
2012-09-14,82.32896423339844,82.86027775190183,81.80270662256949,81.93426692145556,1544008
2012-09-17,82.74890899658203,83.07275775012333,82.35927602833527,82.37951606245426,1028240
2012-09-18,81.8228759765625,82.71852596422603,81.60022745547319,82.52623748588047,1231698
2012-09-19,81.30168914794922,81.99999487785166,81.30168914794922,81.81277047723101,1018460
2012-09-20,78.88294982910156,79.06005425495432,78.46295675396432,78.93861403413138,4632660
2012-09-21,79.03475952148438,79.36872834149361,78.7109025123931,79.13090380159223,2721918
2012-09-24,78.59452056884766,79.16125798123117,78.57933643832037,78.93860938187234,1643823
2012-09-25,77.11186218261719,79.02461065263397,76.98030198941031,78.92846640762644,2356352
2012-09-26,76.47936248779297,77.49139709239732,76.33261812673639,76.95501973687358,1819325
2012-09-27,76.8841552734375,77.77474117558432,76.7424668622865,76.87909116235134,1585677
2012-09-28,76.81837463378906,77.24343167929761,76.40850171460691,76.48947004228788,1572071
2012-10-01,76.50465393066406,77.1371754534975,75.66466797478499,77.02079116499068,1540925
2012-10-02,77.04103088378906,77.20295934772508,76.46922945964029,76.74247809978212,1038976
2012-10-03,77.38009643554688,78.06828243858187,77.04106344417728,77.17263191566286,1286868
2012-10-04,77.21309661865234,78.06826689006763,76.80322356684475,77.71404983498212,1265608
2012-10-05,77.27378845214844,77.79498151432264,76.76777130802213,77.541981149895,836900
2012-10-08,77.35477447509766,77.42562280850021,76.65647682014448,77.2586302005984,975940
2012-10-09,77.03598022460938,78.02271058034366,77.02079609572917,77.51669332968254,1033980
2012-10-10,77.44078063964844,77.61282911251972,76.9803076183004,77.01573177672577,734108
2012-10-11,77.44585418701172,78.07331164605917,77.42055004110544,77.79499887163944,940436
2012-10-12,77.11186218261719,77.57234337793064,77.01066203399651,77.45595910319898,1199170
2012-10-15,77.48126983642578,77.66850245859142,76.73236397067517,77.25356535471698,1182269
2012-10-16,77.91646575927734,78.2554987151094,77.63309701305752,78.05309012276973,837750
2012-10-17,77.34465026855469,77.64825899874096,76.91960132934904,77.55212293708618,1408050
2012-10-18,78.33136749267578,78.41232760989506,77.03596457898968,77.31933319689267,1274856
2012-10-19,77.69381713867188,79.12078909683264,77.59261694630838,78.07333017149385,1679221
2012-10-22,77.39019012451172,78.02776760149743,76.51984405227988,77.04610134388747,1052370
2012-10-23,76.41860961914062,76.83860248676987,75.8113923997596,76.4337937430607,1213415
2012-10-24,76.49454498291016,76.86899383894247,76.07960784914327,76.4287607651841,1069378
2012-10-25,76.64128112792969,77.90632422107848,75.79117512408303,76.86392969724031,1431648
2012-10-26,76.0542984008789,76.78802006015731,75.75068972144082,76.6463398399832,1249025
2012-10-31,77.02079772949219,77.21814216329766,76.1099715835641,76.73236493574773,1392211
2012-11-01,77.19283294677734,77.58752174649739,76.33259882579375,76.99548033928131,1025157
2012-11-02,78.81208038330078,79.15616908860821,78.15425480896258,78.15425480896258,1908404
2012-11-05,78.29595184326172,78.76654488717499,77.68367037118685,78.13908749529064,1072780
2012-11-06,78.68052673339844,78.87787936727337,78.12390940873652,78.432582224489,902274
2012-11-07,78.78680419921875,78.96390862203404,77.97212221274067,78.31621104014293,1777549
2012-11-08,78.00751495361328,78.9740051334771,78.00751495361328,78.61474048948746,1534122
2012-11-09,76.91455841064453,77.89116908734636,76.79311816816227,77.43575997039778,1350860
2012-11-12,76.98030853271484,77.33958140230996,76.45910720392702,77.07138867421524,974771
2012-11-13,76.81837463378906,77.40029601570293,76.62609434868193,76.63115025236682,690844
2012-11-14,75.51354217529297,77.33321213999389,75.20771744419932,77.2567538903344,1341187
2012-11-15,74.78974151611328,76.21183334866606,74.45333518466218,75.58488901525246,1011126
2012-11-16,74.8865737915039,75.01910248417539,74.01497648044966,74.77444112408634,1976117
2012-11-19,75.9212875366211,76.03852127389798,75.2229861860133,75.62055571761917,1130288
2012-11-20,76.65019226074219,76.65529333524243,75.40649738530398,76.03854283825169,1055984
2012-11-21,76.56354522705078,76.86427715134212,76.09461011376408,76.70626784448147,994437
2012-11-23,77.2822265625,77.39946032864975,76.69606599929467,76.85407528974983,360038
2012-11-26,77.55238342285156,77.98563580684177,76.87956241183126,76.87956241183126,1219261
2012-11-27,76.97637939453125,77.43512044415499,76.06909944092577,77.20575405311364,1722485
2012-11-28,76.5788345336914,77.02228077514964,76.29849039435463,76.83368983579986,1568988
2012-11-29,77.09364318847656,77.34849850791942,76.27301501250244,76.81840010488183,1450782
2012-11-30,77.54216003417969,78.04167659450772,77.03754240104803,77.3433752781174,2044043
2012-12-03,77.89898681640625,78.49534960310251,77.63903868255207,77.76646634577625,1273368
2012-12-04,77.7562484741211,78.49532538578406,77.4606177094559,77.7358607156988,881440
2012-12-05,77.613525390625,77.90406334755768,77.0324577443015,77.90406334755768,1089150
2012-12-06,78.70429992675781,78.87760413182458,78.11813950146309,78.12833338014104,1272411
2012-12-07,79.33638000488281,79.40263611157914,78.69924163920363,79.00506640122062,1137835
2012-12-10,79.53514099121094,79.77980238090957,79.01523657154418,79.36693783595737,1310679
2012-12-11,79.88175201416016,81.34461947690761,79.3669485984998,81.0286008837265,1453971
2012-12-12,79.71864318847656,80.14170163521374,79.21402542929557,79.81038811398989,1200233
2012-12-13,78.4902572631836,79.10700788322917,78.19462637441043,78.59220436563513,2542271
2012-12-14,78.52082824707031,78.99485611639712,78.2710657604587,78.63806201271588,1067677
2012-12-17,79.24462127685547,79.72885136161638,78.73491061976686,79.31598672147994,1584402
2012-12-18,79.93782806396484,80.03467407846802,79.08660996534509,79.30068975871585,1611614
2012-12-19,79.71353149414062,80.0856204882413,79.51983952076394,79.93270403188245,1237651
2012-12-20,80.56987762451172,80.71260026444884,79.5759450232327,79.71866766316981,1166536
2012-12-21,80.43221282958984,80.75333239619411,79.61667776590602,79.886827941194,2927715
2012-12-24,80.50358581542969,81.91038248575799,79.98368144003025,80.44751534593841,614946
2012-12-26,80.00407409667969,80.80941540714012,79.84096375160142,80.65649894190784,824357
2012-12-27,80.49848937988281,80.66669253050556,79.5555265611349,79.96839109472045,746439
2012-12-28,79.52494049072266,80.62591251893997,79.50455273224026,79.93270392791257,836794
2012-12-31,80.58003234863281,80.59022622742113,79.25478676844419,79.37712158144554,1094359
2013-01-02,81.45165252685547,81.92568037682426,80.76864599048267,81.65043733264328,1455034
2013-01-03,80.79924011230469,81.81866140155518,80.54438478999207,81.63516325457768,1400396
2013-01-04,80.83490753173828,81.15093438723817,80.43223681892933,80.86548917564917,1330238
2013-01-07,81.4108657836914,81.49751789075772,80.56984181236928,80.59533064416829,953830
2013-01-08,81.11521911621094,81.4924008406206,80.71764136983559,81.45162533176986,802352
2013-01-09,81.51283264160156,81.59948477850318,81.10506906521331,81.30895498717983,735596
2013-01-10,81.50264739990234,81.88493044379044,81.0388132855994,81.61478838926841,983594
2013-01-11,81.54339599609375,81.69121138117383,81.25795083779211,81.50261221094915,806817
2013-01-14,81.2681655883789,81.53830756816201,81.04389193924115,81.53830756816201,598682
2013-01-15,81.65042114257812,81.78294983185357,80.94702698444549,81.03877189179981,1300793
2013-01-16,81.4108657836914,81.70649654835863,81.11013394564762,81.3242136766251,1203741
2013-01-17,81.50264739990234,81.80337937337559,81.32935137527079,81.80337937337559,742187
2013-01-18,81.49752044677734,81.56887760349383,80.95722829655372,81.40577553099898,1555913
2013-01-22,82.03782653808594,82.16525418764805,81.36500557208232,81.48734041478463,1003047
2013-01-23,82.31815338134766,82.47106985107408,81.61475911621716,81.85431943340966,890050
2013-01-24,82.65454864501953,82.81255788412092,82.18051266017461,82.51692716144473,903550
2013-01-25,82.7514419555664,82.99610342938493,82.32837511752223,82.81260525713466,932145
2013-01-28,82.93490600585938,83.43442268137008,82.43029652391171,83.43442268137008,888562
2013-01-29,82.97570037841797,83.10822912148836,82.58322349189034,82.79730329682265,644072
2013-01-30,82.2569808959961,82.9909649869739,81.93586957357098,82.75649750231953,922153
2013-01-31,81.64537048339844,82.22643839834642,81.63517659954131,82.17546897906075,1369357
2013-02-01,82.55773162841797,83.09292280001236,81.79316572538853,82.21622420225783,1225639
2013-02-04,82.8329849243164,83.31211394150604,82.16526494529369,82.16526494529369,1296860
2013-02-05,82.45069885253906,83.75555711415718,82.32327119104264,83.3579791725688,1734072
2013-02-06,82.42008972167969,82.77688374787365,81.94606195530055,81.99193027621361,1212352
2013-02-07,81.95628356933594,82.59341361242751,81.95628356933594,82.52205643654871,981255
2013-02-08,82.96038818359375,82.98586874881973,81.95626210671054,82.09388361506595,1114768
2013-02-11,83.33759307861328,83.34269415359668,82.82278961497167,83.00628776611713,920133
2013-02-12,83.65584564208984,83.88170792853198,82.75239649632132,83.37865291011686,868471
2013-02-13,83.18359375,83.8406401433878,82.91666709154119,83.74824533603518,754517
2013-02-14,82.42389678955078,83.09634663275533,82.31096977722618,83.00395180448974,1187690
2013-02-15,82.07997131347656,82.36230133722127,81.47425522342957,82.04917303697677,2178831
2013-02-19,82.38790893554688,82.43924768917029,82.0491197878115,82.0593858733155,1294309
2013-02-20,81.8848876953125,82.76779629949574,81.82842004455883,82.19287868160406,1269754
2013-02-21,81.11492919921875,81.76684683112637,80.77613152418296,81.64364540581109,1257316
2013-02-22,81.9875259399414,82.05938854080541,81.24834278131473,81.27914103882789,1100737
2013-02-25,80.78126525878906,82.50601853015803,80.7504669853119,82.47009137415534,1228509
2013-02-26,81.04303741455078,81.69495487900173,80.43732151348893,81.01223914766014,1172914
2013-02-27,81.72062683105469,81.89002146732652,80.77611331231903,81.05331437525332,1022287
2013-02-28,81.54610443115234,82.11075605948773,81.42804022763707,81.82329720008258,1793068
2013-03-01,82.12615966796875,82.20828839207782,81.06871904063459,81.40237947148889,1279746
2013-03-04,82.8807144165039,83.31704395372964,81.8848789433554,82.06453963898096,1074480
2013-03-05,83.4710464477539,83.64557828602159,82.66513764986045,83.18358763102883,896215
2013-03-06,83.11682891845703,83.88681033674563,82.88070061742691,83.88681033674563,717738
2013-03-07,82.17235565185547,83.36325537490369,81.99269491702735,83.18873184803688,1654134
2013-03-08,82.13126373291016,82.30578720121447,81.1148878777803,82.30065832108112,1667634
2013-03-11,82.64458465576172,82.65998794991292,81.78734554266958,82.12613475294677,1284529
2013-03-12,81.8848876953125,82.60353055462413,81.76682351252171,82.5008696678956,1337679
2013-03-13,81.77194213867188,82.336593597077,81.60254753376084,82.07480420569765,763447
2013-03-14,82.0697021484375,82.37256434517556,81.6744451256595,81.74117888529815,855609
2013-03-15,81.92596435546875,82.03376246577821,81.4434414631567,81.72577143322572,2655055
2013-03-18,81.47935485839844,81.79247468813905,80.93523557227141,81.35102460244097,1312699
2013-03-19,80.64266204833984,81.54097409020042,80.1190747912711,81.46397424996233,1810395
2013-03-20,81.34590148925781,81.34590148925781,80.84798367336231,81.07897484366413,1195875
2013-03-21,81.13545989990234,81.6590472141815,80.90446035394764,81.10466162566335,1085323
2013-03-22,81.68980407714844,81.85406145648884,81.1354187696666,81.34074881994609,800864
2013-03-25,81.80274200439453,82.36739347386843,81.59742025266229,82.23393433524247,940330
2013-03-26,81.78736114501953,82.331480533185,81.61282929983392,82.27501287866497,1405605
2013-03-27,81.72062683105469,81.90542476430873,81.2689022502588,81.34590208295687,820955
2013-03-28,81.39210510253906,82.13128852266036,80.93525163198797,81.72062829166853,1596095
2013-04-01,81.7822494506836,81.7822494506836,81.20733161508973,81.40239569984416,1539649
2013-04-02,82.62920379638672,82.65487318232005,82.13128598335223,82.23907575639568,1006023
2013-04-03,83.15792083740234,83.15792083740234,82.51114056113907,83.01932446919547,1264864
2013-04-04,83.97923278808594,84.15890183911966,83.06552586652144,83.15792066977095,1328006
2013-04-05,85.32926940917969,85.3652048846461,83.3581219883396,83.3581219883396,2077740
2013-04-08,86.802490234375,86.802490234375,84.96480215975089,84.99047154336074,2261001
2013-04-09,86.80764770507812,87.26450122679553,86.16085901774352,86.90517972901466,1489582
2013-04-10,87.65973663330078,87.90613107363677,86.58689296011417,86.63309451958514,1541350
2013-04-11,89.45636749267578,89.5384962039931,87.68540470909947,87.8188721910963,2558854
2013-04-12,89.14324188232422,89.50770053854615,88.54265484809636,89.2715721605402,1210332
2013-04-15,87.4903335571289,89.35368248551234,87.46980138292832,88.47077401657317,1780738
2013-04-16,89.56417083740234,89.89269402802788,87.34149168523523,87.91640935035657,1817305
2013-04-17,88.7017593383789,89.16888708615424,87.95231005075674,89.1124194477432,1307596
2013-04-18,88.75823974609375,88.98923088702787,88.1627899953442,88.84036844934047,1109772
2013-04-19,90.40086364746094,90.40086364746095,88.84550553821447,88.93277144835078,1739918
2013-04-22,90.08773040771484,90.6985834181866,89.56928050917799,90.55485819578435,1071398
2013-04-23,90.36492919921875,90.68832346063985,89.80541491360565,90.48813058142436,1067146
2013-04-24,90.77560424804688,90.82693469650063,90.09802567624365,90.47274211300949,999220
2013-04-25,90.34954071044922,90.80126526742669,90.06208189949248,90.70373326129932,984232
2013-04-26,90.14936065673828,90.98093894181517,89.57444295293999,90.07748969918308,1004535
2013-04-29,90.33927154541016,90.66266581901381,90.06207883263724,90.49326287133636,877081
2013-04-30,91.40699005126953,91.42238502283175,90.2314853081282,90.4984119675728,1679009
2013-05-01,90.63701629638672,91.51479618788531,90.60621802445262,91.29406274986285,1380624
2013-05-02,91.38646697998047,91.8689898982424,90.50868707802948,90.95014563322363,1080858
2013-05-03,92.11023712158203,92.45929249559492,91.69444800182781,91.9254391818779,1067039
2013-05-06,92.07428741455078,92.57734238158699,91.82276409408541,92.03322306232015,890581
2013-05-07,91.817626953125,92.02809424761678,91.30944310474673,92.02809424761678,860711
2013-05-08,92.57219696044922,92.79292197730398,91.25809629333601,91.79194942916,1670611
2013-05-09,91.83303833007812,92.83401114588082,91.69957917348734,92.78268070103822,1567394
2013-05-10,92.07428741455078,92.19235159026658,91.71496600642726,91.9664976529981,868365
2013-05-13,92.37713623046875,92.64406280772656,91.9356778551986,92.07427418711892,1008787
2013-05-14,92.00242614746094,92.74160947676967,91.73037064689026,92.69027903572857,1189284
2013-05-15,92.79802703857422,92.80835942111544,91.67176382209128,92.08507588348496,1549004
2013-05-16,91.7337646484375,93.14418105502895,91.51161421804869,92.41572708432854,1520090
2013-05-17,92.91685485839844,92.94785200643265,91.82158877503262,92.14190101792542,1379561
2013-05-20,92.4570541381836,93.00468719691776,92.02824767388334,92.76703400804993,794911
2013-05-21,93.11319732666016,93.66600086133592,92.52939663768586,92.52939663768586,987846
2013-05-22,90.9484634399414,94.260096484592,90.29750664068459,92.5965327710499,1868648
2013-05-23,89.68273162841797,90.59201495646606,89.27976026520811,90.47835035052323,1485543
2013-05-24,90.13736724853516,90.43701474977192,88.60812421199238,88.85610979575264,1225426
2013-05-28,90.63851165771484,91.82677780639348,89.67757473386945,91.13448288673949,1787116
2013-05-29,88.79412841796875,90.05472128722865,87.35271462128773,89.99271859735984,1979306
2013-05-30,87.82798767089844,89.4450513972427,87.81248490936174,88.954250726733,1418361
2013-05-31,85.98876953125,88.30329842626746,85.96293438733909,87.43018285235695,2578944
2013-06-03,86.11280059814453,86.57777475885729,85.07436640643252,85.93197964116615,1932959
2013-06-04,85.58580017089844,86.46924823252745,85.34815536577881,86.2367654288872,1418892
2013-06-05,84.68688201904297,85.73565688670665,84.41306960552913,85.26551238333158,1206186
2013-06-06,86.05077362060547,86.13860306405913,84.0565650875143,84.56803060427742,1303557
2013-06-07,86.41242218017578,86.70689927352224,84.9296791912507,86.53124876973364,1433030
2013-06-10,85.38433837890625,86.72242841882546,85.18285266744877,86.43311323881925,986996
2013-06-11,83.80860137939453,85.32234193882212,83.80343099672642,84.64037935873588,1395294
2013-06-12,82.49114227294922,84.34069717026361,82.15533569339341,84.28387326349427,1763836
2013-06-13,85.29647827148438,85.63229325653717,82.07267452666994,82.55831324076799,1979093
2013-06-14,85.78731536865234,86.94457605072954,84.88836432107934,85.29650611340787,1581106
2013-06-17,87.05309295654297,87.29074626204843,85.74600815613977,86.39179498038068,1912231
2013-06-18,86.43309783935547,87.12538431893451,86.18511224640784,86.9807309446412,1528169
2013-06-19,83.96356964111328,86.73274054560247,82.86830349123343,86.4899169681127,2212422
2013-06-20,79.86148834228516,83.13179243030841,79.39651433046181,83.08013051341092,3090566
2013-06-21,80.89478302001953,82.0468818012672,79.76334901136035,80.49697357787797,2928990
2013-06-24,80.06816101074219,82.17603469670767,78.53891767388983,79.99583431207172,2998829
2013-06-25,81.02391052246094,81.53021401369101,80.0784682147258,80.70359829205697,2259832
2013-06-26,81.76787567138672,82.63065063058279,81.37522834443696,81.75754328803924,1701757
2013-06-27,83.01300048828125,83.1111623613042,82.21221111249633,82.24320827557571,1796364
2013-06-28,81.5870590209961,85.05367856298615,81.5870590209961,83.24029072191044,2160866
2013-07-01,81.44757080078125,82.69266081659708,81.282244272342,82.2483515325798,1374246
2013-07-02,84.02041625976562,84.04625141236932,81.44757695931003,81.45273896190616,2555346
2013-07-03,82.13470458984375,83.19897381103283,81.56639825028797,83.19897381103283,1251683
2013-07-05,82.38782501220703,82.52731635969256,80.78625551666565,82.1450098443144,1304514
2013-07-08,82.25870513916016,83.29197735376812,82.1605432731873,82.58934990146946,1289951
2013-07-09,83.55028533935547,83.72077389344125,82.31035715526588,82.89931990025535,1254553
2013-07-10,83.07498931884766,83.55029588104183,82.1657141223737,83.55029588104183,974133
2013-07-11,84.7643814086914,85.27068508618805,84.24774534511832,84.69721670925686,1499999
2013-07-12,84.2115707397461,85.23451039500559,83.7982669514831,84.93486284404943,1057685
2013-07-15,84.15990447998047,84.58871101391438,83.80859502106603,84.00491870981558,911629
2013-07-16,84.2115707397461,84.55255621141556,83.84992887753167,84.17024119890725,1329813
2013-07-17,84.1082534790039,84.44923059752045,83.72077643346235,84.3407363543788,820955
2013-07-18,85.1001968383789,85.1001968383789,84.06175432444493,84.06175432444493,1429204
2013-07-19,85.22417449951172,85.394663038387,84.53704996168148,84.94519173046596,1203210
2013-07-22,85.78731536865234,85.84413929830596,84.99169655475562,85.27067933989476,749415
2013-07-23,85.75114440917969,86.2781128022961,85.09501701402615,86.22128049503499,873680
2013-07-24,84.94003295898438,86.07145846544402,84.18574370142832,85.73048137472327,1863652
2013-07-25,84.6197280883789,84.81605182334526,84.09275958601593,84.46990428534563,1668166
2013-07-26,85.00719451904297,85.02269728770271,83.74660993013276,84.40273737906244,921940
2013-07-29,84.23738861083984,85.65296699352746,84.09272686770773,85.47214609951688,926830
2013-07-30,83.55028533935547,85.52900005110841,83.27130254541967,84.80054590915103,1052051
2013-07-31,82.69265747070312,84.09273319414956,81.88670638943526,83.69492384544927,2209339
2013-08-01,82.12952423095703,83.38494662047421,81.65421779809085,83.09046948088763,1482672
2013-08-02,81.42691040039062,82.31552910754576,81.2822569977491,82.17603770791821,1100843
2013-08-05,81.06527709960938,81.44759217826049,80.78629427080695,81.40109224683479,814364
2013-08-06,80.77596282958984,81.29776094887583,80.44531806192963,80.7139685068803,792892
2013-08-07,81.03942108154297,81.12724214939442,80.11980545109576,80.65194413913996,935440
2013-08-08,80.77596282958984,81.4165875906738,80.49697999752091,81.2357666261663,901849
2013-08-09,81.60256958007812,82.15537317719655,80.68296209239053,80.80695072358996,966692
2013-08-12,81.2615737915039,81.45272707728257,80.734605470247,81.4165595448894,991992
2013-08-13,80.18180847167969,81.34940980745381,79.79433148713278,81.34423942532042,1030791
2013-08-14,79.46353912353516,80.55136326436488,79.38026298249626,80.4004210375163,1140068
2013-08-15,77.91249084472656,79.07319035683393,77.66265391343426,78.80773492377124,1451314
2013-08-16,75.62752532958984,77.91248668943247,75.35166883330363,77.6470397129602,1862695
2013-08-19,74.54491424560547,75.5754906531363,74.5345047240116,75.31004363127538,1588228
2013-08-20,75.95541381835938,76.59041121082336,74.57610644634606,74.81553376869239,1336616
2013-08-21,75.44535064697266,76.7205547498083,75.06539052957727,75.74723514854632,1538799
2013-08-22,76.17923736572266,76.20526538326271,74.95608094754607,75.65354401632784,1329069
2013-08-23,76.7726058959961,77.78236308264567,76.23129398350416,77.78236308264567,1576323
2013-08-26,76.58000183105469,77.19938917106272,76.37180305789086,76.88188625304863,921727
2013-08-27,75.85652160644531,76.37180535414925,75.57545620907399,76.11676797011732,1537736
2013-08-28,75.61190032958984,76.04910851781308,75.28398785659896,76.01787996454223,1258167
2013-08-29,76.1688232421875,76.23648932975519,74.9508758781262,75.24235082176614,1294309
2013-08-30,75.79924774169922,76.65286169825961,75.44011527114118,76.29892132129554,1756926
2013-09-03,75.1799087524414,76.35621828019617,74.49806408750497,76.1167908781656,1572283
2013-09-04,75.24755096435547,75.8617378445424,74.64378204444553,75.10181771451649,1639996
2013-09-05,74.19094848632812,75.5442278931393,74.15451095602589,75.2423434611311,1328112
2013-09-06,75.44013214111328,76.2573003161084,75.2319333626525,75.2319333626525,1522748
2013-09-09,77.26183319091797,77.26183319091797,75.65351672490056,75.75241133647263,2007794
2013-09-10,77.41278076171875,78.0738061019564,77.07446728679803,77.72507466910758,1425696
2013-09-11,77.61579132080078,77.65742938941706,77.12131814990558,77.30348892131717,1237438
2013-09-12,77.18900299072266,78.172732149351,77.09010833251071,77.6262197023054,1060555
2013-09-13,77.30349731445312,77.6886663758345,77.14214555983109,77.32952533137964,966586
2013-09-16,78.96383666992188,79.31256804732054,78.45375360673526,78.87535158103827,1479802
2013-09-17,78.81814575195312,79.51039989992036,78.49023322635836,78.80772779009365,1560059
2013-09-18,80.39521026611328,80.41602929872288,77.23582497966139,78.59951382774022,3081318
2013-09-19,80.42646026611328,81.92027268764195,80.41084176627533,80.78560133806286,2469987
2013-09-20,78.59430694580078,80.68668731834455,78.59430694580078,80.4264409613494,2307667
2013-09-23,78.74527740478516,79.16687564126038,78.07384223827644,78.47462143411833,1423038
2013-09-24,78.07380676269531,78.74524162411396,78.04257821593508,78.45376674525566,1310785
2013-09-25,78.19873809814453,78.9742682017715,77.5377126787197,78.12586303849453,926192
2013-09-26,78.73482513427734,78.76085314215341,78.06859931088042,78.17790343607392,1179080
2013-09-27,78.12586975097656,78.77128517195148,77.63661397946434,78.42776264739956,1141875
2013-09-30,77.1525650024414,78.44338764789107,76.7726048725428,77.48047753422365,1275494
2013-10-01,77.83438110351562,79.20847940209673,76.90790886946513,77.25664031262099,1433030
2013-10-02,78.90139770507812,78.90659824198002,77.32951009919002,77.40237671282681,1462582
2013-10-03,77.43881225585938,78.90659621935525,76.94434758378222,78.4485690743775,1582276
2013-10-04,77.64181518554688,77.93849910448866,76.93915163271767,77.53251102816998,1111048
2013-10-07,78.62554168701172,78.97427318363536,76.82464452182738,76.88189264632456,1393274
2013-10-08,77.57414245605469,78.84935470210581,77.5273038514979,78.58389935908515,1044504
2013-10-09,77.68864440917969,78.46938338703914,77.3086844355909,77.95930025047379,1085217
2013-10-10,79.50518035888672,79.51558987693095,77.9385014598568,78.12587278465294,1313230
2013-10-11,80.15059661865234,80.1922431380703,79.0419532704003,79.17727702060311,1150804
2013-10-14,80.32234954833984,80.5409494067877,79.3750497253429,79.61967759767849,1169513
2013-10-15,80.11936950683594,80.89490825320037,79.67175172873135,80.08814094853324,1260399
2013-10-16,81.81096649169922,81.89945162291598,80.2026494000745,80.36400116305654,1417936
2013-10-17,82.55006408691406,82.78949145193904,81.1707564690349,81.65482017948757,1530614
2013-10-18,82.24297332763672,83.27875843071361,82.1284686217728,82.98728346426432,1302707
2013-10-21,81.59756469726562,82.16489611985436,81.16555701534169,82.16489611985436,1314825
2013-10-22,83.14866638183594,83.41411342974645,82.00878566449029,82.01398620458038,1504145
2013-10-23,82.6541748046875,83.21110524842508,82.1493004050332,82.70102186738912,1404861
2013-10-24,83.5389633178711,83.5389633178711,82.26896876783192,82.68015725789148,1442385
2013-10-25,83.1225814819336,84.31450899684413,82.23253835875698,83.86168240924323,1551661
2013-10-28,82.00354766845703,83.22670413396345,81.69125365805168,83.22670413396345,1383495
2013-10-29,81.55072784423828,82.32105763783558,81.16035818753221,82.00355461983342,1229041
2013-10-30,81.12389373779297,81.98269985435545,80.7074962417881,81.2227799117256,1274643
2013-10-31,80.44206237792969,81.6964471626097,80.27550166413081,81.17595442972264,1636701
2013-11-01,81.50907897949219,81.5819456085542,80.43686481070954,80.83764393419835,1408794
2013-11-04,81.77972412109375,81.77972412109375,80.73353810752884,81.65480991631078,1148465
2013-11-05,80.78561401367188,81.36335507697649,80.68151036409333,81.12393610054326,1212245
2013-11-06,81.28005981445312,81.80055261275473,81.01981341530231,81.19157468795278,1104882
2013-11-07,80.84284210205078,81.72767637818289,80.58779627079791,81.6339822823456,1439940
2013-11-08,79.64051055908203,80.30673658223893,78.66718265516437,80.30673658223893,1566649
2013-11-11,79.36461639404297,80.02043265746306,79.27613130429249,79.7497852948812,972432
2013-11-12,77.96971130371094,79.24491494906214,77.65220841590536,79.02110614360251,1601091
2013-11-13,78.536376953125,78.536376953125,77.39778573762763,77.7335886571618,1545602
2013-11-14,79.78515625,80.08423594808157,78.43144231976693,78.44193589633441,1423251
2013-11-15,80.55648040771484,80.61419083534872,79.49659491497917,79.49659491497917,1718233
2013-11-18,79.98455810546875,80.8870313957367,79.90585201076578,80.56172194894535,1260187
2013-11-19,79.816650390625,80.44103957781499,79.26572476235637,79.86387574841632,1135816
2013-11-20,78.73053741455078,80.53549251137734,78.60985700512144,79.84813332466649,1137197
2013-11-21,79.06632232666016,79.22373448049818,78.44718430873397,78.85644229174451,959676
2013-11-22,78.48393249511719,79.23949575440217,78.26880985907772,79.2342532199321,869215
2013-11-25,78.09567260742188,78.88271671687559,77.98548575124963,78.78827448756043,964460
2013-11-26,78.77251434326172,79.04010486224644,77.85429639644599,78.19009943402565,1722698
2013-11-27,79.61201477050781,79.7169505451314,78.72003515438861,78.9561449025948,1605236
2013-11-29,78.6255874633789,80.01078214465296,78.61508537604415,79.76417032560984,938523
2013-12-02,78.09567260742188,79.30246846888544,77.95925605396664,79.30246846888544,1562929
2013-12-03,78.11138916015625,78.5311407613026,77.67064189387685,77.85953479522603,1204698
2013-12-04,78.36852264404297,78.6833386195232,77.4188236712161,77.46079799986546,1299411
2013-12-05,79.12406921386719,79.24474963829717,77.75986127070755,78.13239612392148,1616717
2013-12-06,80.14720153808594,80.16294615905136,79.32867699182077,79.7746667848324,1363935
2013-12-09,80.66666412353516,80.70864695181363,79.62252318434973,80.27839317447358,1301006
2013-12-10,80.34131622314453,81.10737268604744,80.3203290743475,80.77681232658857,1298561
2013-12-11,78.9351806640625,80.70865534431837,78.90369992253596,80.4725370169563,1670292
2013-12-12,77.84906005859375,79.07160040339254,77.84380901338814,78.96665609475333,1666784
2013-12-13,79.55955505371094,81.33302089061631,79.32868781522347,79.66449083911111,2636240
2013-12-16,79.90060424804688,79.99504644914583,78.87744210507864,79.51757588879126,1861207
2013-12-17,80.0685043334961,80.30462261052556,79.6120209127554,79.75893951916976,1619162
2013-12-18,81.3645248413086,81.71606404123403,79.15030277373974,79.92685325786302,2744135
2013-12-19,80.8030776977539,81.31202899318437,80.14720780072123,81.27530572573876,1836651
2013-12-20,81.17562866210938,81.2176029821898,80.50401400899769,80.63518801455317,2509105
2013-12-23,80.78211212158203,81.77903633350583,80.59847020347712,81.57964978899929,1456416
2013-12-24,80.86604309082031,81.30153936189335,80.41481070739431,81.00246812111679,462937
2013-12-26,80.92374420166016,81.57961398605597,80.54071590714881,80.97096954953031,735065
2013-12-27,80.39382934570312,80.61419450877881,79.97931169101793,80.40956545919045,1190985
2013-12-30,80.4882583618164,81.27530220415373,80.28887187921212,80.5512198266579,934909
2013-12-31,79.83765411376953,80.7401360798986,79.54907639449316,80.50401775255392,1657111
2014-01-02,79.80091857910156,80.42005675518966,79.23949083163865,79.95832226254393,1465346
2014-01-03,80.7768325805664,81.0916569126684,79.52281182779379,79.82713407226024,1215541
2014-01-06,81.32251739501953,81.54289102809301,80.69288573818619,80.81881717591648,1563567
2014-01-07,81.26482391357422,81.85248138385272,80.64567719434524,81.32253434523184,1765324
2014-01-08,80.98673248291016,81.4799477454116,80.34660710598325,81.21759974475815,1784139
2014-01-09,80.90800476074219,81.23856519578065,80.17867989678253,80.94998757853897,1376054
2014-01-10,81.69505310058594,81.92592031359571,81.21233151980239,81.43795619942426,1665721
2014-01-13,81.41694641113281,82.17250930441115,81.13361138997892,81.14410496444374,1326305
2014-01-14,81.97837829589844,82.16202013319867,81.06541164215184,81.41170816452399,1502125
2014-01-15,82.47162628173828,82.84941219370793,81.52717852303117,81.9784109864831,1588228
2014-01-16,82.5870361328125,82.7444397838456,82.14628888870857,82.14628888870857,889412
2014-01-17,82.22501373291016,82.7497097106317,81.89445322439977,82.56605930994311,1668272
2014-01-21,82.85466003417969,83.26916924843373,81.83674863759097,82.4663890276568,1797852
2014-01-22,82.61851501464844,83.4160523605236,82.5030771625345,83.0172794322833,1297923
2014-01-23,81.92068481445312,82.84414523518046,81.6268561119214,82.2250070952679,1574835
2014-01-24,80.37805938720703,81.73701576224454,80.37805938720703,81.68979892605729,2225284
2014-01-27,79.71696472167969,80.93951352179197,79.33918735524611,80.4410472271691,1999397
2014-01-28,79.77991485595703,80.44102721035763,79.70645130833037,79.76942127923974,1348947
2014-01-29,79.02961730957031,79.84814206330289,78.49442772018331,79.27097815484366,1951774
2014-01-30,80.25213623046875,80.3623230439278,79.33916950250043,79.454607359746,1932109
2014-01-31,81.24384307861328,81.84723670972672,79.91111583199711,80.28365069729462,2624866
2014-02-03,79.32343292236328,80.8555377035334,79.09780825299546,80.8555377035334,2096768
2014-02-04,80.49349975585938,80.66140550366619,78.91942060407214,79.4598526022211,1903302
2014-02-05,80.766357421875,80.93951424826093,79.94259016067507,80.27839321280865,1531677
2014-02-06,81.49567413330078,81.73178387680989,80.63516675608109,80.75584714980056,1512011
2014-02-07,82.36141967773438,82.43487472220592,80.6246772359293,81.86296196719631,1690808
2014-02-10,83.08023834228516,83.42654337739653,82.21973956380651,82.60801890363315,1523385
2014-02-11,83.53148651123047,83.78334087235461,82.7287065861888,82.94907170539226,1577598
2014-02-12,83.52620697021484,83.76418527345136,83.02908854007156,83.37812567227404,1133902
2014-02-13,83.94400787353516,84.39881129624281,83.09785219593893,83.19304181460711,1170044
2014-02-14,84.71609497070312,84.89590611154262,83.75359669434421,83.80647980107427,1069165
2014-02-18,84.7584457397461,84.869504599643,83.83824498316626,84.7584457397461,1499999
2014-02-19,84.71080017089844,85.51464902479012,84.37762377395457,84.40406961293343,1347990
2014-02-20,84.57331085205078,85.1444655914352,84.07620104403676,84.63677916150509,1126142
2014-02-21,84.38294219970703,84.98582688015942,83.94399946841455,84.42524869265684,1293246
2014-02-24,84.56803894042969,85.53583000719428,84.29303815327276,84.48342595298416,1535929
2014-02-25,84.27716064453125,84.86947723230092,84.12379533088287,84.61033711678454,1285911
2014-02-26,85.17620086669922,85.39830991867495,84.58388432755825,84.89062350763011,1533484
2014-02-27,84.81660461425781,85.52526420767761,84.20843582308596,85.27670065866018,1229678
2014-02-28,85.29783630371094,85.7685088284081,84.72138898582915,84.77956469318282,2377931
2014-03-03,85.64160919189453,85.71565414506513,84.73727772896457,84.91708893243563,1381794
2014-03-04,86.92141723632812,87.0800751779221,86.24449612890243,86.572380058373,1649245
2014-03-05,86.78919219970703,86.9954406306495,85.84255444835459,86.9319808946608,1379349
2014-03-06,86.50362396240234,87.22286011358226,86.11228030444046,87.22286011358226,1171107
2014-03-07,85.51996612548828,86.50891050089346,84.66852644123095,86.37141438770513,1573027
2014-03-10,85.09159088134766,85.75794386171114,84.6526481615647,85.43534399448953,1308978
2014-03-11,85.71562957763672,85.98005370556011,85.28197091977755,85.34014662974889,871660
2014-03-12,85.81612396240234,86.22862947607742,85.356027927197,85.356027927197,1090851
2014-03-13,85.53583526611328,86.11756674648525,85.20265874062368,86.08054427322212,928637
2014-03-14,85.18151092529297,86.11228821562021,84.93823997795562,85.38775939700591,1094040
2014-03-17,86.0541000366211,86.35553808750933,85.4988058724183,85.54640496590963,1328219
2014-03-18,86.45075988769531,86.49835041622673,85.58345081248218,86.02767768722194,1005917
2014-03-19,84.42524719238281,86.56179367205125,84.17139966123612,86.29736951785507,1682729
2014-03-20,84.79015350341797,84.79015350341797,83.07139650217884,84.56803584155368,1748529
2014-03-21,85.29255676269531,85.74736871372113,84.84303741221989,85.39832299411584,3037204
2014-03-24,84.79015350341797,85.48822778018155,83.97572779522136,85.25024947273191,1134965
2014-03-25,85.62572479248047,85.95889267749301,84.71610098036663,85.39831455047306,1286549
2014-03-26,84.35649108886719,86.06467139185911,84.35649108886719,85.8637069849287,1352030
2014-03-27,85.34542846679688,85.36658171025256,83.87523515683839,84.28244796029682,1278364
2014-03-28,86.656982421875,86.656982421875,85.61515503895457,85.76852036063384,1568138
2014-03-31,86.73102569580078,87.16996844993697,85.85314018752837,86.77333219095232,1627134
2014-04-01,87.21754455566406,87.32860336514172,86.3026368163215,86.65696648675431,1236482
2014-04-02,86.97957611083984,87.22284699925093,86.41899797866236,86.99543675515127,1093827
2014-04-03,86.93729400634766,87.36036759071439,86.3449772634976,87.36036759071439,928956
2014-04-04,87.46611022949219,87.86803903299212,86.73630613454232,87.15409558252047,1466196
2014-04-07,88.35987854003906,88.85699702137613,87.62478173095822,87.75170979625845,2149918
2014-04-08,88.48152160644531,88.57142720668251,87.42911741063367,88.17479090772554,1317376
2014-04-09,88.54495239257812,88.81995312678401,87.79927913939544,88.50264590700142,1267946
2014-04-10,88.34930419921875,88.87815256605755,88.11132586532514,88.53969201310942,2179363
2014-04-11,87.98966217041016,88.92572313630447,87.85215752172347,87.85215752172347,2116539
2014-04-14,88.88874816894531,88.9469239035474,88.24355679794917,88.3704763156685,1169619
2014-04-15,89.8776626586914,90.22141577096741,88.88343436906844,89.01564644471624,1935510
2014-04-16,90.74496459960938,90.90890653163979,89.68727665250039,90.33246775848971,1356388
2014-04-17,89.83009338378906,90.9512499916573,89.3964345850654,90.37480246059157,1973885
2014-04-21,90.24258422851562,90.51758504910005,89.79834883451002,90.0680656317163,1228403
2014-04-22,90.24258422851562,90.90892874156403,89.45460424224952,90.43297205136948,1286762
2014-04-23,90.30602264404297,90.5069870441398,89.64496231053339,90.24785551082388,1827403
2014-04-24,90.501708984375,90.79787160997286,90.04690557797984,90.43824924087232,1076925
2014-04-25,90.20023345947266,90.85071700516995,90.11032790452944,90.53340984145426,1074693
2014-04-28,90.61273956298828,90.8560104151667,89.65024135284969,90.4646668743316,1841648
2014-04-29,91.0781478881836,91.40603177681271,90.2002624515448,90.69738088493018,1148253
2014-04-30,91.59640502929688,91.60698165054302,90.85073178655085,91.09400265316933,1193324
2014-05-01,91.83441162109375,91.97720034093605,90.73970096162273,91.53825755690082,992948
2014-05-02,91.52767944335938,92.26806888077647,90.94594794894586,91.56470191751615,1376798
2014-05-05,92.04596710205078,92.04596710205078,90.96183289733113,91.03586928048225,872085
2014-05-06,91.70220184326172,91.87143641763166,91.20509190084766,91.59643559550555,816065
2014-05-07,92.93439483642578,93.04545365878842,92.02477959102873,92.3420868357971,1573665
2014-05-08,93.10362243652344,93.43679887879944,92.81275248000489,93.04544672962825,1323541
2014-05-09,92.89209747314453,93.57960371931426,92.34738850800474,92.91854332028907,993161
2014-05-12,93.10362243652344,93.38391577160262,92.82862170114262,93.14592892228089,972220
2014-05-13,92.33151245117188,93.76997599869588,92.17286311392193,93.31517265395446,1624796
2014-05-14,92.8536605834961,93.02948832983786,92.32084504073556,92.48601682191442,1505633
2014-05-15,93.17870330810547,93.2692833637324,92.32087621703846,92.73646764104264,1752249
2014-05-16,93.84468841552734,93.84468841552733,92.7684013975873,92.97087337183028,1226277
2014-05-19,93.51436614990234,94.3935136972928,93.03483033838852,93.58363425827517,1038657
2014-05-20,93.41848754882812,93.82875536222019,93.08281152633148,93.51439127997936,950641
2014-05-21,92.92296600341797,94.22303760795536,92.90165406254947,94.0365538042001,1046205
2014-05-22,92.720458984375,93.37049015995788,92.67782648036449,92.9921904238841,1148678
2014-05-23,93.38117218017578,93.49306416951906,92.8643447493651,93.02418427534823,798419
2014-05-27,94.06849670410156,94.10046460690452,93.10410138812894,93.63691705279732,1528488
2014-05-28,93.74347686767578,94.0951410836483,92.9762299146491,93.89799271927373,1470979
2014-05-29,93.6173095703125,93.96280305628841,93.09623898597786,93.89483995816413,1190800
2014-05-30,94.28002166748047,94.38762706800458,92.90936860247982,93.40778789884368,1976700
2014-06-02,94.47257232666016,94.54619615119604,93.99114389966208,94.20637194594003,1589100
2014-06-03,93.94583892822266,94.52921206540594,93.80991269342044,94.52921206540594,1072800
2014-06-04,94.45557403564453,94.58583953851613,93.48139583524048,93.90618253975478,1352900
2014-06-05,96.19437408447266,96.27933662044539,94.09876116510748,94.3593008428585,1551100
2014-06-06,96.103759765625,96.47757421709655,95.71862388881875,96.42660187616208,1529100
2014-06-09,94.58589935302734,96.28504724559669,94.45563376777802,95.8432694849137,1354600
2014-06-10,93.83822631835938,94.76710169588708,93.64565838793445,94.42160810668514,1778600
2014-06-11,93.27751922607422,94.13275354239384,92.943355682841,93.8325715605322,1272800
2014-06-12,92.82440948486328,93.3454802462126,92.47891588151859,93.2945079053034,1304600
2014-06-13,92.96598052978516,93.12456686560378,92.07109555349022,92.86969658606006,1569100
2014-06-16,92.60922241210938,93.35119093050871,92.3883335280661,92.88675301711278,1100300
2014-06-17,93.33414459228516,93.33414459228516,92.1730676769585,92.49590112570374,1436200
2014-06-18,94.30266571044922,94.39894967740081,92.59218851315185,93.08494705759834,1378900
2014-06-19,94.73877716064453,94.77275871853662,93.4814076647846,94.09310163376851,1407000
2014-06-20,94.82939910888672,95.14091115086146,93.9515133210162,95.14091115086146,2385600
2014-06-23,94.3932876586914,95.18621951809054,94.20638043990967,94.68213955554914,1182800
2014-06-24,94.22903442382812,94.57452802362589,93.82123841612226,94.16107130331358,1378300
2014-06-25,94.0421371459961,94.42162098849465,93.79293613031754,93.8892201086659,1066100
2014-06-26,93.9005355834961,94.28568011478863,93.52106040735958,94.25169855309129,1143200
2014-06-27,94.61984252929688,94.75010806168157,93.49840779515162,93.57204027282148,1731200
2014-06-30,94.1780776977539,94.58587377307056,93.75895155303657,94.56322227657998,1248300
2014-07-01,94.51789855957031,94.87471359812957,93.62867403496358,94.5122292044393,1093100
2014-07-02,94.43861389160156,94.52922851646987,93.70797568314993,94.41595375365168,900200
2014-07-03,94.09310913085938,94.40461253122919,93.41911270460145,94.40461253122919,831400
2014-07-07,94.29132843017578,94.47823563724624,93.90619259183075,94.0930997989012,1324700
2014-07-08,94.42161560058594,94.97666794387285,93.94018709400531,93.99115943687345,1183300
2014-07-09,94.95967864990234,95.0786141184571,93.49275025566124,93.99683026397346,1360000
2014-07-10,95.27682495117188,95.79223488453627,94.31963754415443,94.31963754415443,1026800
2014-07-11,95.71296691894531,95.76393926187302,94.89737486286309,95.13525443883545,837700
2014-07-14,95.95085906982422,96.05280376904005,95.37880722763241,95.77528188185634,982100
2014-07-15,96.43793487548828,96.5058979988003,95.62800353934497,95.97349715336378,1160400
2014-07-16,96.7720947265625,96.84005784727954,96.06977745735222,96.42660112573535,1264400
2014-07-17,96.06414031982422,96.81176075811312,95.96785632774292,96.39264322109001,683600
2014-07-18,96.86835479736328,97.00428964757124,96.10373530869268,96.44922882428578,866700
2014-07-21,96.51718139648438,96.73807008274866,96.06973467154806,96.73807008274866,913900
2014-07-22,97.0383071899414,97.42344311157899,96.30200826893439,96.30200826893439,1491100
2014-07-23,96.52288055419922,97.82556170796282,95.57136233967836,97.04962064190886,1873000
2014-07-24,97.0269775390625,97.0269775390625,95.87722184021139,96.78343723032647,1479500
2014-07-25,95.7016372680664,96.9136952893865,95.46375769105703,96.67581571237712,1140900
2014-07-28,96.55120849609375,96.85139047694747,95.61101163719248,95.71862567604751,820500
2014-07-29,96.34164428710938,96.85704567401308,96.0754438826724,96.40394669330334,979900
2014-07-30,96.37564086914062,96.85706077176411,95.71863514546693,96.33598994887787,1217400
2014-07-31,95.2598648071289,96.26236415462377,95.22588324319861,95.85456810283976,1293300
2014-08-01,94.9653549194336,95.92254274919155,93.9175524557505,94.09312965201403,1428500
2014-08-04,95.36747741699219,95.67898084319813,94.62551780799673,95.23154252100969,1228000
2014-08-05,94.22338104248047,95.31649497991825,94.00815295435903,95.26552263556633,1440500
2014-08-06,93.62303161621094,94.45561460605315,93.54373840966936,94.03648843301262,1569500
2014-08-07,93.60601806640625,94.44992227885936,93.46442247185406,93.78159522088148,1721300
2014-08-08,94.1780776977539,94.43861744010484,93.53240201888765,94.14409613186264,1628600
2014-08-11,95.17486572265625,95.36744224819223,94.18936617771523,94.37627334989882,1097900
2014-08-12,94.65950012207031,95.29950640357664,94.65383076658225,95.18057093067016,1250900
2014-08-13,96.19501495361328,96.19501495361327,95.01340813864209,95.01340813864209,1455900
2014-08-14,96.04087829589844,96.62882472922607,95.53855174701289,96.54320484478397,1189200
2014-08-15,96.38337707519531,96.70303626323253,95.76688776538369,96.52036889289148,2295400
2014-08-18,97.17681884765625,97.27956270975629,96.4575769727179,96.52036779179888,1020200
2014-08-19,96.96562957763672,97.24533577947875,96.64597032413805,97.15400207560445,998300
2014-08-20,97.33663940429688,97.61063172118904,96.33770019077593,96.92564657392928,794000
2014-08-21,97.30238342285156,97.89032975748034,97.20533595669599,97.58779460315905,865100
2014-08-22,96.70874786376953,97.53073366553006,96.62312797194456,97.14828363194486,1112400
2014-08-25,96.58885955810547,97.19392989234449,96.34910649165381,96.98271968714263,943900
2014-08-26,96.61170959472656,97.19965608186601,96.21213558065998,96.39479425420745,818700
2014-08-27,96.7601089477539,96.90281455816535,96.32628702772443,96.61169824854733,639500
2014-08-28,96.45758819580078,96.85145713313095,96.26921571664025,96.5146739325381,725700
2014-08-29,97.05695343017578,97.28527895662498,96.45758803567101,96.81150392474594,1641300
2014-09-02,97.10832977294922,97.4622456780814,96.8286322968681,97.39374104899017,940800
2014-09-03,97.49075317382812,98.30132864094489,96.8571399659086,97.34234248649923,829900
2014-09-04,97.21105194091797,98.22140998074462,96.9598887029897,97.47362535507338,1066000
2014-09-05,98.85501098632812,98.92922067949266,97.3765831813561,97.50216479591552,1410000
2014-09-08,98.40409088134766,98.88357969314906,98.24996636681857,98.67237815439228,877600
2014-09-09,98.4326171875,98.72944727774778,97.96453863326083,98.20999679732883,1089500
2014-09-10,97.28524780273438,98.62097870590542,97.06834123508631,98.24423386885569,1368900
2014-09-11,96.994140625,97.60492477044158,96.6573575012814,97.21105592301605,1193500
2014-09-12,94.47113037109375,96.77724960029374,93.72905932707302,96.74871544134199,2819600
2014-09-15,94.4939193725586,94.88778815176298,93.86602007083226,94.48250919784039,1538200
2014-09-16,95.45291900634766,96.06369442324349,94.44256095571522,94.7222670573192,1390900
2014-09-17,95.61849975585938,96.57177254402764,95.04197201021869,95.04197201021869,1132200
2014-09-18,94.76792907714844,95.99519364680808,94.39118423537147,95.99519364680808,1636500
2014-09-19,94.60810089111328,95.28166709372628,94.51676722328368,95.0362176602494,2401700
2014-09-22,94.26566314697266,94.75657103204725,93.98025178844239,94.61386535278211,1263900
2014-09-23,93.80896759033203,94.8649926997022,93.80896759033203,94.32841815591672,1314700
2014-09-24,93.38652038574219,94.72224231458318,93.26093879823858,93.6719315009675,1597200
2014-09-25,92.8785171508789,93.76328490868536,92.75293552524342,93.35800587963698,1150800
2014-09-26,93.99163818359375,94.2256775070837,92.71869769342769,92.98127988491453,921000
2014-09-29,93.85465240478516,93.8774901867988,92.75867403979926,93.55211711856799,856800
2014-09-30,93.85465240478516,94.27135047088511,93.14112414294055,94.01448203863342,1444900
2014-10-01,94.13434600830078,94.71657872072244,93.55210458581851,93.78043011499635,1405600
2014-10-02,93.89459228515625,94.52249178320386,93.27810296539442,94.02017392677773,1200600
2014-10-03,94.64807891845703,94.73370752092893,93.6263104587504,93.98592271693951,983500
2014-10-06,94.8135986328125,95.42437403620845,94.4083109198593,94.72797005173659,852900
2014-10-07,93.8318099975586,94.71657794845423,93.80897221879066,94.3055937412972,899000
2014-10-08,95.94953918457031,95.99520602370922,93.90028877229427,94.06011835425092,1484900
2014-10-09,96.27490997314453,97.41084099710983,95.81825030212659,96.01232783154012,2010700
2014-10-10,96.14361572265625,97.65059526845573,96.13220554553392,96.80006672966293,1298600
2014-10-13,95.59562683105469,96.91422516497931,95.55566508272558,96.13220127396359,1409900
2014-10-14,96.8571548461914,97.46793908453377,95.59564203494165,96.00092112070502,1674600
2014-10-15,94.73368835449219,96.58314733688468,94.52819194421986,96.58314733688468,3691000
2014-10-16,94.91065979003906,95.25886186445486,93.68909998488633,94.04871223809204,1962100
2014-10-17,96.13793182373047,96.28063745974302,94.31130142478193,95.28169800765514,1872400
2014-10-20,97.23963165283203,97.27958470488457,95.97240480671832,96.28064517277178,1050300
2014-10-21,98.19856262207031,98.19856262207031,97.06833687178347,97.25099548422685,1400700
2014-10-22,97.86180877685547,99.27174101960412,97.77047508832325,98.37554553224423,1182000
2014-10-23,98.4326171875,98.68378044001284,97.6220504153368,98.36412128592693,1419600
2014-10-24,98.67237854003906,99.2945729799317,98.10726112459719,98.63813058335656,1326900
2014-10-27,99.43152618408203,99.72264238736271,98.68375045227897,98.68375045227897,1093900
2014-10-28,101.04696655273438,101.04696655273438,99.39157664739628,99.7226546284639,1797400
2014-10-29,100.45333862304688,101.2924483740677,99.76835338202535,100.80154068782464,1660300
2014-10-30,100.97278594970703,100.97278594970703,99.81972212628872,100.18504815716605,1007000
2014-10-31,102.297119140625,102.52544469026641,100.97280656453289,101.98887006754155,1584900
2014-11-03,104.12942504882812,104.23788270248505,102.38270983325134,102.63387309223396,2472900
2014-11-04,104.4776382446289,104.74592550813026,103.34741216842605,103.88969178463056,2453100
2014-11-05,103.6841812133789,105.04844641184211,103.21039757239848,104.89432192379819,1341000
2014-11-06,102.79368591308594,103.95245454259073,102.62243747260507,103.70129132455979,1209900
2014-11-07,102.42835998535156,103.2103837879163,102.32560743702606,103.2103837879163,1374500
2014-11-10,104.0438232421875,104.07236611022235,102.02882044178546,102.24002198713454,1385300
2014-11-11,103.09625244140625,104.18652551071241,102.68525954313439,103.6556560545862,1226400
2014-11-12,102.52704620361328,103.84944943954802,102.03832586114466,103.78045692934852,1439900
2014-11-13,103.24000549316406,103.34350304499371,102.46955978607106,102.53280585296433,1179100
2014-11-14,102.36031341552734,103.32049730110111,101.96358889356978,102.99852052189186,1037800
2014-11-17,102.6190185546875,102.88350442781403,102.23379580605204,102.40628582998613,794800
2014-11-18,103.02723693847656,103.26297299442979,102.34877856798789,102.8432452538673,808800
2014-11-19,101.40585327148438,103.8321890226861,100.82514590855023,103.71145214412708,2069300
2014-11-20,102.8432388305664,102.86048695327045,100.9631232701782,101.4403330292647,1957700
2014-11-21,102.60176086425781,103.6654419350139,102.48102400000495,103.49295192716072,2077100
2014-11-24,102.67654418945312,103.5159823998714,102.46381141080906,102.46381141080906,1711500
2014-11-25,102.92375946044922,103.31473747975885,102.63053252587306,102.67653045598055,1894800
2014-11-26,103.88971710205078,104.05645195207438,103.17676221716954,103.19976557295811,1071000
2014-11-28,103.95295715332031,105.46509871352549,103.64822850583359,104.33243354297862,826700
2014-12-01,103.71147155761719,104.98213049836185,103.56773130266905,103.71147155761719,1659700
2014-12-02,104.55663299560547,104.67162340976964,103.14797190917415,103.86667296420799,1506500
2014-12-03,104.41291046142578,104.78663156403087,104.0104307839031,104.57964527421065,1026100
2014-12-04,104.67162322998047,104.87285426112055,103.65968653137898,104.52212779593822,927400
2014-12-05,103.97018432617188,104.234661436655,103.09049481949955,104.234661436655,1342800
2014-12-08,105.13737487792969,105.32135784647804,104.18869268246898,104.18869268246898,1284300
2014-12-09,104.7751235961914,105.02236134819854,103.87243953452693,104.05067601193288,1069100
2014-12-10,105.0511245727539,105.32710338680465,104.32666812270928,104.73489427894144,1203100
2014-12-11,105.13737487792969,105.66633797566872,104.65440971563002,105.37311100710302,1553600
2014-12-12,103.74595642089844,105.56283514946938,103.74595642089844,104.45315594107467,1595000
2014-12-15,103.67697143554688,104.51066312852822,103.05601250453226,104.06794070329205,1468700
2014-12-16,103.00421905517578,104.30938246741601,102.50975243907631,103.56768692986938,1359200
2014-12-17,105.20635223388672,105.39034394913034,103.18249600545398,103.49297105841778,1356500
2014-12-18,106.63800811767578,106.6610026954685,105.21785386906188,105.95954963448479,1292600
2014-12-19,105.52257537841797,106.91397973136657,105.52257537841797,106.74724492725434,2765400
2014-12-22,107.78218841552734,107.90867175888913,105.94806149847007,106.38502868185222,1245100
2014-12-23,107.13824462890625,108.1961709015233,106.66102588378656,107.87419410317983,984000
2014-12-24,106.43675994873047,107.78792158504967,106.27002514645628,107.28770840501997,1013700
2014-12-26,106.1550064086914,107.18992874333274,106.1262566164614,106.58047175015801,637400
2014-12-29,107.23596954345703,107.45445752393978,106.18954511878312,106.27578575675876,964500
2014-12-30,106.68399810791016,107.41420091670486,106.4310139049761,106.93698231084421,702700
2014-12-31,104.70612335205078,107.57518122335667,104.70037690176196,107.05196473125686,1110600
2015-01-02,106.56327056884766,106.6955179167175,105.20061579432576,105.30410456409308,1229100
2015-01-05,107.00019836425781,107.35667121943351,105.69503501404316,106.68396819924483,1267300
2015-01-06,109.9785385131836,110.55349950866164,107.46020654556303,107.62695014724845,2915600
2015-01-07,112.00236511230469,112.09436094547785,109.70252192220893,110.36372333007925,2138400
2015-01-08,111.84138488769531,112.50833279347107,111.16292653543269,112.23235404717744,1640900
2015-01-09,113.02008056640625,113.07757139870937,111.66891879576639,112.09439306620806,1574100
2015-01-12,113.12928771972656,113.6352560484612,112.74982024638146,113.19828898386685,1133200
2015-01-13,113.20405578613281,113.85951088746846,112.65208943980451,113.15805785950484,1367900
2015-01-14,114.2044906616211,114.43447152097164,112.29561619082322,112.61184645233581,1720900
2015-01-15,115.03241729736328,115.23364832363899,113.87674041593817,114.50920083727559,1468400
2015-01-16,115.45214080810547,115.58437934753546,114.06073659938932,115.23365287697267,1604600
2015-01-20,114.77948760986328,116.0616484109381,114.44025389201347,115.73967159750318,1872000
2015-01-21,115.11865997314453,115.30839810294219,113.85949433107314,114.45745851707899,1199800
2015-01-22,117.30925750732422,117.56224167637582,114.9461681438011,115.57287334327508,1432500
2015-01-23,116.78033447265625,117.81526607525782,116.44110957250626,117.64852246453393,1245100
2015-01-26,117.95893859863281,118.0221846261755,116.23405650914562,116.50428873835493,970200
2015-01-27,117.6829833984375,118.25794425250032,117.11377776776742,117.51050216078377,992600
2015-01-28,117.01030731201172,118.6201998303359,117.01030731201172,118.32697288530592,1615500
2015-01-29,117.72896575927734,117.8957092979126,116.67678648262445,116.81478022771516,1255600
2015-01-30,114.22174072265625,117.2172822618649,114.04350423765862,116.41234046729248,2183300
2015-02-02,114.6529312133789,114.750673493167,112.12885374081138,114.44018975905868,1617000
2015-02-03,115.04395294189453,115.07270274867479,113.2673254253114,115.07270274867479,2119000
2015-02-04,116.04434967041016,116.63655864539135,114.12398253264186,115.04391463079605,1716200
2015-02-05,116.84357452392578,117.00456290124525,115.51541602443582,116.24561017398895,1055400
2015-02-06,112.16337585449219,116.34334414453754,111.37568221185526,115.99836408778168,2347100
2015-02-09,111.60566711425781,112.96257526777978,111.4159289534831,112.48535664035387,859600
2015-02-10,111.97364807128906,112.40486879556875,110.47299959986748,112.11738831271563,1894700
2015-02-11,111.43507385253906,112.84813826811894,110.61850663647687,112.44854116933388,1281400
2015-02-12,112.76704406738281,112.88865517831192,111.12812182419935,111.72461893289993,1238200
2015-02-13,111.83463287353516,112.51220687422466,111.07598186857678,112.26318780280259,1016100
2015-02-17,111.66091918945312,113.30562955509264,111.34819605554303,111.73041125549254,1006700
2015-02-18,112.51219177246094,112.69751566404688,110.47947004323116,111.70142183859623,934700
2015-02-19,109.92355346679688,112.21688898831638,109.6571613064422,111.95048799122847,1167100
2015-02-20,111.08180236816406,111.30766043435479,109.57028797543124,109.64557694307258,1335200
2015-02-23,112.12422943115234,112.2516374538138,111.01231209979777,111.30187418098595,755800
2015-02-24,110.06832122802734,111.86360941067299,109.78455608434341,111.68408235975487,1367200
2015-02-25,110.31153106689453,111.48136395777493,109.91773100986912,110.10304608472505,875300
2015-02-26,108.37727355957031,110.3057576921723,108.37148550033668,110.0509416981855,1431600
2015-02-27,110.24205780029297,110.87909780899031,108.17458063848322,108.81162064718056,2095100
2015-03-02,110.05672454833984,111.73039260773889,109.7613744802334,110.31733742595692,1278700
2015-03-03,109.80772399902344,110.08570110044559,108.94482588487483,109.62240004025351,1088700
2015-03-04,108.6204833984375,109.95825826903739,108.38883736005991,109.74398524170162,1017400
2015-03-05,108.3714599609375,109.68606487243187,108.29038296711526,108.94478697556285,1422800
2015-03-06,104.57823944091797,106.5356818839463,104.31763534232581,106.5356818839463,2256900
2015-03-09,104.49712371826172,106.10708754250372,104.41024982641187,105.29631757228469,2257900
2015-03-10,104.19600677490234,105.1978889913414,103.7385026251039,104.25971077922694,2559700
2015-03-11,103.86589050292969,104.59558354462258,103.57053161433697,104.06279053750433,1440400
2015-03-12,106.3271713256836,106.33874744338875,104.32918643016083,104.32918643016083,1826900
2015-03-13,106.5472183227539,107.13792720650115,105.58587931346435,106.1765793604817,2203100
2015-03-16,108.33675384521484,108.85796202080782,106.77311164497021,107.22482775361289,1580200
2015-03-17,107.79238891601562,108.49892113871041,107.31171477521613,107.81554999558242,1600300
2015-03-18,110.90227508544922,111.018098148479,107.32329206844894,107.71709225009688,1824000
2015-03-19,111.24969482421875,111.56820587148985,110.31150818073502,110.51999311965044,2209400
2015-03-20,114.28435516357422,114.41176318075186,111.78833154504184,112.4022017168616,2895000
2015-03-23,114.40018463134766,115.29782886201947,113.4098872494114,114.27278544376735,2100700
2015-03-24,113.989013671875,114.82874196745884,113.6936635206201,114.36544085504694,1971400
2015-03-25,112.43693542480469,114.62023565792204,111.85202329132778,114.2959275903811,1904400
2015-03-26,111.56822204589844,112.33845793642378,110.97752199727624,111.59139195176397,1803100
2015-03-27,112.50065612792969,112.91183816964688,111.19762676807383,111.41190871622884,1465100
2015-03-30,114.07008361816406,114.35385763061358,112.39062713131824,112.81338528314453,1196900
2015-03-31,113.29986572265625,114.61448021898653,112.91185354307767,113.79791292148174,1872600
2015-04-01,114.66075897216797,115.0024399965451,112.35583918961002,113.40406100703723,2409400
2015-04-02,115.45417022705078,116.39234835432876,114.97928426744036,115.82480926322383,1670400
2015-04-06,116.2881088256836,117.14520992931878,115.51787279322608,115.75531577008705,1130200
2015-04-07,114.83450317382812,116.32285621342854,114.83450317382812,115.97537825119443,987200
2015-04-08,114.35388946533203,115.39051808594549,114.13381940107647,114.74190169033196,1240700
2015-04-09,111.84620666503906,114.01212449294442,111.47556770583874,114.01212449294442,1753300
2015-04-10,110.76908874511719,112.79602345494054,110.56060367863743,112.34430728369006,1903900
2015-04-13,110.22465515136719,111.17441801288867,110.22465515136719,110.98909411955296,1371900
2015-04-14,110.8559341430664,111.45822815553595,110.50266808865615,110.7111531180906,1508800
2015-04-15,110.05672454833984,111.29604959401875,109.89457053015616,110.89646144425045,1104200
2015-04-16,110.09149169921875,110.76906581583611,109.11277058519406,109.48919770440406,921400
2015-04-17,109.02588653564453,110.30575452809977,108.67262052442914,109.69188447113923,1165200
2015-04-20,109.22283935546875,109.91198980443917,108.74795321896303,109.13596541412174,1048000
2015-04-21,109.35601043701172,110.57216580695665,109.16489841386331,109.16489841386331,853800
2015-04-22,109.51812744140625,110.34627042486048,109.26909955484767,109.35597344692947,755200
2015-04-23,109.48918914794922,110.10885610988689,109.00851513627562,109.50656216214078,1106800
2015-04-24,109.28650665283203,110.589535804549,109.10697076907394,109.55289877527981,890600
2015-04-27,109.96409606933594,110.39843918041232,109.47762506901311,109.883019042071,985400
2015-04-28,109.02014923095703,109.7266815823143,108.58580600692932,109.50661152105155,999900
2015-04-29,106.0376205444336,108.67262798839764,105.75384656946473,107.65337280841338,1879100
2015-04-30,105.10523986816406,106.08974910620512,104.56086178071955,105.55115907874496,2136000
2015-05-01,106.65727233886719,107.59545044669885,105.26158129535926,105.26158129535926,1895100
2015-05-04,106.19396209716797,107.68810303599797,105.93914613038183,107.08581798091947,1578800
2015-05-05,104.50870513916016,106.5935459221473,104.30022017718848,106.44297688611816,2488800
2015-05-06,105.17472839355469,105.52220638903756,104.35237323009318,104.44503520711962,2084200
2015-05-07,106.06657409667969,106.9642182081628,104.82146083144114,105.1747268816352,1681300
2015-05-08,108.67262268066406,109.60501273947158,107.46225555666165,107.52595955459502,1612200
2015-05-11,106.65727233886719,108.92164943384338,106.3271762344096,108.31356743046929,1083200
2015-05-12,106.80787658691406,107.17852457422002,105.25582790537516,105.81179104959969,1063900
2015-05-13,105.87950897216797,108.47774158120372,105.63428342460439,107.60193223596515,1146500
2015-05-14,107.87635803222656,108.02232626295769,106.40500468107626,106.48674653391794,911700
2015-05-15,108.37263488769531,108.96234323082327,107.6778248037887,108.27337757702182,1262000
2015-05-18,107.88806915283203,108.29677853511168,107.30419606123354,107.7654607927463,916100
2015-05-19,107.45013427734375,108.86310569466114,106.97719863091365,107.42678328025814,1117700
2015-05-20,107.19319915771484,108.47771746330521,107.14648826725083,108.13323466897347,1175000
2015-05-21,107.16401672363281,108.20331857131438,106.87792473501037,107.55521936502579,1605100
2015-05-22,107.21073913574219,108.05736196879724,106.38748511704819,106.76699893868475,821200
2015-05-26,106.31157684326172,107.18155065636817,106.04299139391026,107.10564432975278,971500
2015-05-27,107.51433563232422,107.84130297058583,106.1363954859418,106.8370410549584,1223500
2015-05-28,107.32746887207031,107.87046613017137,106.80197817057767,107.16397634264503,966800
2015-05-29,105.91454315185547,107.76542813135184,105.54086484285419,107.50852262343965,2486800
2015-06-01,107.0764389038086,107.47931258561573,105.0971103486108,106.05466144208599,1136700
2015-06-02,106.35243225097656,107.22824149457789,105.72769295665431,106.9946959266278,980800
2015-06-03,104.47235870361328,106.38746973679102,104.19210224647182,106.38162530674731,1113000
2015-06-04,104.53072357177734,105.12043176215293,103.92933543340911,104.21543624949484,1256100
2015-06-05,103.11776733398438,104.3439036797966,102.42879285219534,103.48561001956628,1487700
2015-06-08,102.5339126586914,103.10610556333317,102.3704289716509,103.10610556333317,1607700
2015-06-09,101.93253326416016,102.84920909618786,101.71650313931923,102.66820992032724,1503100
2015-06-10,102.96593475341797,103.9234854441226,102.0142195813022,102.18938314004339,1373900
2015-06-11,103.49144744873047,103.7717038809574,102.87837926451607,103.37467467773519,926400
2015-06-12,103.26959228515625,103.9527224780491,103.01268679534499,103.26959228515625,1064400
2015-06-15,102.64482116699219,103.2286938597405,102.18355675057447,102.97762396907979,1486100
2015-06-16,103.49727630615234,103.94686080019189,102.67402253266042,102.72072451069887,1113100
2015-06-17,104.84602355957031,105.07956907265127,103.1060765231133,103.5323100028119,1305300
2015-06-18,106.20057678222656,106.74941839962736,104.86351257511892,105.09705802928657,1039000
2015-06-19,104.79350280761719,107.07644792404713,104.78766728608218,106.04883485471385,2610000
2015-06-22,103.0710220336914,105.54664488890518,103.00679569589235,105.04451413225482,1562500
2015-06-23,102.31787109375,103.32796852752338,101.88580202113643,103.26957768475148,898100
2015-06-24,101.53546905517578,103.04770626942063,101.50628254462802,102.49302002195314,1502100
2015-06-25,100.63631439208984,101.84492643402554,100.61879892113366,101.61721640240334,1390200
2015-06-26,101.54133605957031,101.83910802505068,100.25097305743562,100.81733047135975,2714700
2015-06-29,99.84223937988281,102.40544037367707,99.83640385974248,101.4245384386373,1223300
2015-06-30,101.02169036865234,102.06098340470811,100.03494375472232,100.61881664730167,2167300
2015-07-01,102.03759002685547,102.06094992404378,100.35019827721065,100.35019827721065,1638600
2015-07-02,102.01427459716797,104.57747629181134,101.83911094396178,102.77331115493251,1046800
2015-07-06,102.63314819335938,102.6740235610409,101.5121136162016,101.5121136162016,1242100
2015-07-07,104.3497314453125,104.57744144584788,102.93676055619672,103.02433789902166,1520100
2015-07-08,104.12789916992188,104.27971183793886,103.28712070125408,103.50899527192868,1201700
2015-07-09,103.99942016601562,105.050392986651,103.61990641012679,104.60665286646801,1364100
2015-07-10,104.4198226928711,105.324827429799,104.11037078225343,104.62418176253622,1044400
2015-07-13,104.69425201416016,105.90287323675594,104.09286361840856,105.12047675181462,1022700
2015-07-14,105.09127807617188,105.41240101814309,104.1512424259608,104.8226926436004,856600
2015-07-15,105.92036437988281,106.04881710569995,104.20377696140994,104.89858700309578,1234600
2015-07-16,107.09976196289062,107.37418283662716,106.22979736712982,106.39328100562943,1140600
2015-07-17,106.88375854492188,107.0706021264283,106.29405019552787,106.74363476798439,1020500
2015-07-20,106.80783081054688,107.11144711502138,106.08383435035682,107.01218982319502,666000
2015-07-21,106.12471771240234,107.03556677091865,106.0429758761602,106.86623866850796,889700
2015-07-22,106.48674011230469,106.90712930419456,106.06635092041482,106.25903004246378,1142300
2015-07-23,105.90286254882812,106.49840645338362,104.71760135183419,106.39914913595771,1143800
2015-07-24,107.81210327148438,116.90884208492423,106.30571936700355,107.14648867094932,1299400
2015-07-27,108.46605682373047,109.14918695754021,107.76541121796603,107.876339570615,1591100
2015-07-28,108.81053161621094,109.45279523776387,108.25000982747459,108.79301614554963,1133500
2015-07-29,108.874755859375,109.21923865459813,108.17411031898469,108.88643580931908,890900
2015-07-30,108.68206787109375,109.18419876724657,107.79457884108605,108.4777088551793,646900
2015-07-31,109.31266021728516,110.38114845065117,108.97401294311523,109.82062667394437,1467100
2015-08-03,109.99580383300781,110.18848293906878,109.05576820542139,109.27179830500832,771700
2015-08-04,110.0892333984375,111.21026825987725,109.63381326438987,110.12426434579606,1283700
2015-08-05,110.17677307128906,110.81903658376447,109.8264548083671,110.47455384034133,1377300
2015-08-06,110.87744903564453,111.1051590874587,109.16087036537992,110.0541951001272,1390500
2015-08-07,111.92259216308594,112.22620855083937,110.02500533071466,110.92416563277799,1001600
2015-08-10,110.44540405273438,112.80424673733435,110.00749936127795,112.54150570429925,1619100
2015-08-11,111.84082794189453,112.28456802814688,110.13592056731508,110.44537241456324,1362500
2015-08-12,112.1152572631836,112.20283461928234,110.81321450790301,111.618961820779,1123900
2015-08-13,112.28006744384766,113.03350570999442,111.0675030149456,111.29118308766475,792400
2015-08-14,112.82746887207031,113.50439201025448,111.43832454837269,112.2447367319375,683800
2015-08-17,113.92232513427734,114.00473216403554,112.13291149594559,112.90989976083074,868400
2015-08-18,114.65223693847656,114.88180004920693,113.4749883743836,113.66335245585148,1215900
2015-08-19,113.7163314819336,114.39913783471418,113.0570751312181,113.98121062415365,928000
2015-08-20,113.1395263671875,114.1107532619188,112.42728672447292,113.24547447278103,1337700
2015-08-21,111.82093048095703,113.92231402573157,111.80915548308472,113.15710981617445,1993800
2015-08-24,107.17083740234375,109.75489788379691,106.77645119246547,108.17149697940474,2744800
2015-08-25,104.23946380615234,112.83338124513187,104.11585774633035,112.83338124513187,2181300
2015-08-26,107.11195373535156,107.41804085520856,104.72214075659417,105.95236326332306,1988100
2015-08-27,109.32516479492188,110.02562899567461,106.80585406088672,108.0066523998034,1467900
2015-08-28,108.49523162841797,109.12505493769748,107.12961898725753,109.0544228982215,1447900
2015-08-31,105.55213165283203,109.60775340701363,105.36965054432254,108.40695460201931,3230500
2015-09-01,103.01512145996094,104.72213708616748,101.88496403589977,103.97458181224785,1821800
2015-09-02,104.26299285888672,105.11649603334891,103.3506236799687,104.30419187665281,1113600
2015-09-03,104.72802734375,105.45203266924517,104.22770211137262,104.64562030655294,1126300
2015-09-04,102.962158203125,104.1747227854841,102.29700989114028,103.54489947499872,1162600
2015-09-08,104.50432586669922,104.83396292972975,103.44480960002163,104.29242081702537,1276800
2015-09-09,102.7738037109375,105.38140498119006,102.56189860915786,105.28722294002272,960400
2015-09-10,103.04454803466797,103.9686923131522,102.49123986559998,102.68548692378505,1011700
2015-09-11,105.44615936279297,105.47559237486311,102.5030377896641,102.95038903536977,1213100
2015-09-14,105.32843017578125,106.19370858653707,104.69859788451673,105.67571634562373,979200
2015-09-15,106.58807373046875,106.99422587512926,104.44548195114743,105.487349324621,974700
2015-09-16,107.9654541015625,108.31274023815894,106.4056035004477,106.48211854202596,952300
2015-09-17,108.82485961914062,110.83795357632168,107.11196081095979,107.90660718060475,1289900
2015-09-18,108.30687713623047,110.20224820465006,107.26500955325204,107.53578069803821,2761000
2015-09-21,109.36050415039062,109.56652624694796,108.35984464217067,108.47756770519172,999900
2015-09-22,107.8595199584961,109.13683361161094,107.53577479717804,108.55409232123844,1128300
2015-09-23,108.01254272460938,108.83073001867794,107.30619546770795,107.71823061909272,945900
2015-09-24,106.67639923095703,108.7012686369389,105.7993546089874,107.84776503940586,1574500
2015-09-25,107.59458923339844,108.70708836053761,106.65867912266194,107.61813922582039,1057400
2015-09-28,106.04653930664062,107.33562775725922,105.21069401036254,107.22967072950115,1000600
2015-09-29,107.38273620605469,108.14794965986474,106.05244840416896,106.27023654022992,1595800
2015-09-30,108.14205932617188,108.45402949301652,106.98246871292132,108.08908529369506,1431900
2015-10-01,109.42520141601562,109.5841324158395,108.08313937274437,108.70707939511034,1068000
2015-10-02,110.35527038574219,110.43179441135123,108.21857049463107,109.09561486701055,1199900
2015-10-05,112.9040298461914,112.98643689206236,110.89681875113466,110.89681875113466,1587900
2015-10-06,112.85691833496094,114.13423180492885,112.39779216535746,113.05705739433874,1362200
2015-10-07,114.32257843017578,114.3814444354317,112.77449410519728,113.26893621525801,1301700
2015-10-08,114.75227355957031,115.01715262453058,113.21596420477087,114.08124240354823,961800
2015-10-09,114.82881927490234,114.91710931934605,113.92822489480359,114.64045520449812,876600
2015-10-12,115.74708557128906,116.01785670960588,114.24609176354399,114.76996704747289,1058200
2015-10-13,114.75817108154297,115.80002938605935,114.21662894622591,115.48217628912207,1303100
2015-10-14,114.25193786621094,115.72938107807056,113.96350883273,115.01714198717262,1118600
2015-10-15,116.30625915527344,116.35335017135723,114.18132533109214,114.84647358344783,1030500
2015-10-16,116.90077209472656,117.04203615732186,116.15909983933054,116.54171096614239,1217600
2015-10-19,119.24938201904297,119.29059002684593,116.80070303749982,116.83013604568863,879900
2015-10-20,118.98451232910156,119.54959559330979,118.39000503606802,118.87856426926528,1049600
2015-10-21,119.63201904296875,120.50318058732535,119.23174980473249,119.63201904296876,1158300
2015-10-22,120.56790924072266,121.1271004959622,119.77326289053931,119.95573497556231,1514300
2015-10-23,119.51422882080078,120.7621179734559,118.66661769327379,120.12640289154268,1193000
2015-10-26,119.7085189819336,119.91454107610905,118.55482040329397,119.54959689045482,967000
2015-10-27,121.36847686767578,121.60392305516235,119.04929509597815,119.36714834725466,1010400
2015-10-28,121.08589935302734,122.51625198034273,118.89032441678013,121.56856657126826,1369600
2015-10-29,120.3089370727539,121.14478261735603,119.2729613938869,121.09769158899454,1094200
2015-10-30,118.58425903320312,120.75627522157822,118.58425903320311,120.54437010787159,2021800
2015-11-02,121.12122344970703,121.38610258557739,118.4488641261151,118.66076923115017,1353200
2015-11-03,120.02047729492188,121.46261384846959,119.57900912098515,120.75625758481642,969300
2015-11-04,119.92633056640625,120.63856101360281,119.50252030786989,120.23830075926011,1207900
2015-11-05,119.49071502685547,120.38542634390096,119.00803886183992,119.63787107984422,1171600
2015-11-06,114.72281646728516,118.17215354051565,113.84577243676026,118.01911453064228,1836200
2015-11-09,112.72742462158203,114.79938445487065,111.7091072043944,114.58747936985597,1805700
2015-11-10,114.4638442993164,114.81701336370325,112.84512805456029,113.11589010575446,1010300
2015-11-11,113.93408966064453,115.03481395302893,113.62211957797204,114.75816886417088,858300
2015-11-12,113.41180419921875,114.34364233514398,112.77079019971781,113.83914686555272,1133300
2015-11-13,110.59848022460938,113.60174335071746,110.12365397453783,113.41181828462331,2038800
2015-11-16,111.37002563476562,111.5124761677709,109.55975640024589,110.0345824537098,1373000
2015-11-17,110.88931274414062,112.11791626216066,110.87150755232567,111.14452653119349,998500
2015-11-18,112.91324615478516,113.06162878054002,111.01394129987744,111.13265464572673,1174600
2015-11-19,113.38804626464844,114.38518206921646,112.66987953563931,113.19218919786806,937600
2015-11-20,114.0943374633789,114.37329745440502,113.42958636470622,114.20117763655387,1228100
2015-11-23,113.41769409179688,114.46231313529336,113.12687006345767,114.15367486730095,926000
2015-11-24,111.13262939453125,113.0734671776932,110.21265551257319,112.77076995029158,1892900
2015-11-25,111.87456512451172,112.24255112956911,111.31070391475409,111.66089378622371,944900
2015-11-27,112.77075958251953,113.27526397169446,111.64305560931588,111.70240320674279,475800
2015-11-30,110.53910064697266,113.38803921066211,110.31948824907677,113.3643019804718,2237900
2015-12-01,111.97547912597656,111.99328431849091,109.80908711896724,111.01395344741292,1520200
2015-12-02,108.62794494628906,111.94577797146133,108.51517271230958,111.89236240480449,1671600
2015-12-03,107.83856964111328,109.2036917498641,107.16194516029697,108.43210020521732,2135100
2015-12-04,111.20390319824219,111.50066852391463,108.0997404275449,108.75855981280009,1760700
2015-12-07,111.48283386230469,111.66089482195576,110.47976587760837,110.77059908025701,936800
2015-12-08,111.56001281738281,111.96360926830955,110.6578437917328,111.38788387594323,1545300
2015-12-09,111.13855743408203,112.39090682804469,110.57470541595431,111.08514187644512,1053300
2015-12-10,109.82096099853516,111.81522408246143,109.76160431871966,111.23356665781229,955800
2015-12-11,109.56571197509766,110.0524021781974,108.53296585161054,109.20365808035977,1296900
2015-12-14,110.37885284423828,110.49755711683288,108.89502679541704,109.2095971932427,1026000
2015-12-15,112.59272003173828,114.04093572062396,111.29882804985043,111.29882804985043,1739900
2015-12-16,114.75318908691406,115.192404934079,112.8598252704244,113.07349662086177,1831700
2015-12-17,114.830322265625,115.1626978262574,114.13589281432769,114.69381281534129,1053200
2015-12-18,113.07943725585938,115.10336944696424,113.06163206477613,114.52171207294494,2252300
2015-12-21,113.8628921508789,114.52171138668238,112.90730765672355,114.11217388110767,1148700
2015-12-22,114.31395721435547,115.25766836482615,114.07653962343025,114.2724057397354,1500000
2015-12-23,115.16270446777344,115.2576715067323,114.48608016416325,114.77097222448457,1243500
2015-12-24,115.35266876220703,115.94619932634176,114.70571356431635,114.91345288438657,379500
2015-12-28,115.19242858886719,115.31113290647347,114.50986291365304,115.07372427126093,834000
2015-12-29,116.20733642578125,116.27262514518726,115.42388084946597,115.95212264954853,1083900
2015-12-30,115.83343505859375,116.50411848386064,115.72066279458154,116.16581074838236,598900
2015-12-31,115.40604400634766,116.52781601825382,114.88967549411363,115.89867528919754,1013500
2016-01-04,114.15966796875,114.49204363979902,112.93699644029489,114.1418627761265,1445500
2016-01-05,116.43287658691406,116.78305740680267,114.33178261102567,114.55138599696316,1236500
2016-01-06,116.14799499511719,116.64062643932263,115.54259129715226,115.55446444401049,941800
2016-01-07,113.69668579101562,115.04993442391104,113.59578670641571,114.50388752437038,1285800
2016-01-08,110.45602416992188,114.4623548453344,110.15925893470613,113.80946770523727,1397800
2016-01-11,110.81808471679688,111.54812470305541,110.24829144637476,111.12078201437802,1211300
2016-01-12,110.12364196777344,111.26322846631913,109.54792573057999,111.26322846631913,1380000
2016-01-13,109.36981964111328,112.35527601779681,109.12053802759996,110.27197908338455,1262200
2016-01-14,110.19487762451172,111.54218537328136,108.94252787518988,109.6310254463887,1376400
2016-01-15,109.31050872802734,109.86249679046806,107.35185630918558,108.22434684979186,2418000
2016-01-19,110.63410186767578,111.12673335981121,109.64290683767737,110.3966932467577,1138600
2016-01-20,107.21534729003906,109.87436134788298,105.67216439429873,109.69630944623002,2188800
2016-01-21,108.43804931640625,109.23337822390016,106.90080708702044,108.4736597068076,1456800
2016-01-22,111.18013000488281,111.6608882279605,109.51824290720783,109.86249166045563,1208900
2016-01-25,109.89215087890625,112.21285693636271,109.83280327233088,111.20978910271985,1239100
2016-01-26,112.85385131835938,112.85385131835938,109.8209111113093,110.17109181609746,1420500
2016-01-27,110.42041015625,112.4740296696682,109.70817536807003,112.4740296696682,1495300
2016-01-28,110.86552429199219,111.93388067741496,110.16516286277579,111.05545834120244,1282700
2016-01-29,110.5628433227539,112.53930066183514,105.38132541338464,112.31375620942156,3488400
2016-02-01,111.54216003417969,112.47400707849349,110.08208037016126,110.14736907426322,1524900
2016-02-02,110.46197509765625,111.83302926968464,109.76160431340999,111.63716309417232,1450900
2016-02-03,111.7618179321289,112.04671009484797,109.43517898071305,111.11487172773327,1387800
2016-02-04,111.33441162109375,111.98728949875004,110.42631101222699,111.55995602683043,1191000
2016-02-05,109.1977310180664,111.055484247851,108.52704775965361,110.53317454723413,1447700
2016-02-08,108.30741882324219,109.53603102995271,106.03419643107823,109.53603102995271,1839300
2016-02-09,106.20038604736328,107.53582939608987,104.52663509303449,106.80578956795469,2102600
2016-02-10,108.52410125732422,109.57215142102295,106.4878840277462,106.4878840277462,1445700
2016-02-11,108.6917724609375,109.146922317725,106.67951607901405,106.9190667113715,1943200
2016-02-12,109.91350555419922,110.5962349721653,108.66183647764,109.84762775341864,1633200
2016-02-16,111.60238647460938,112.02160475950373,109.92550419675864,111.18315905144175,1538800
2016-02-17,112.05752563476562,113.48287680411342,112.01559924118605,112.572567803148,1302800
2016-02-18,113.34512329101562,113.77632179835433,111.6502753793345,111.70418204645591,863800
2016-02-19,113.4588851928711,113.81222553514218,111.64426239438826,112.57852255143646,1341000
2016-02-22,113.44692993164062,115.24358728767733,113.15946731339088,113.45891020606365,1122500
2016-02-23,113.59664916992188,114.81239569775221,113.22534291447195,113.40501047423767,832400
2016-02-24,113.29122161865234,114.00389715716818,111.95570889135587,113.16546072260353,776100
2016-02-25,114.95011138916016,115.07587225633202,113.7343742690605,114.18952406641768,899100
2016-02-26,114.02783966064453,115.5310486957086,113.9979026846763,115.0040263275646,979300
2016-02-29,113.62657165527344,115.47713525624435,113.2073535285196,114.26138898125352,1734300
2016-03-01,116.51922607421875,116.57911831275986,114.2075263959294,114.2494527905627,1226200
2016-03-02,116.95640563964844,117.21991685777904,115.98621355314236,116.41142649844805,1099500
2016-03-03,118.22601318359375,118.30985680539217,115.79453901317007,117.54328393801534,1366100
2016-03-04,118.89079284667969,118.93271009417526,116.9803459834955,118.14218571460253,1503800
2016-03-07,119.56752014160156,119.82504573113121,118.13019819153727,118.61529412122722,1193100
2016-03-08,118.39368438720703,119.45969992205004,118.00440330152823,118.7709852033179,1003800
2016-03-09,118.44161987304688,119.4597236702822,118.19008899172543,118.66320464362933,1000600
2016-03-10,118.59134674072266,119.70527448822769,117.3756095226404,119.10039409360886,1022700
2016-03-11,120.56168365478516,120.56168365478517,118.68716841413132,120.0885679535919,1527700
2016-03-14,119.23219299316406,120.71743662160429,118.3638102559476,119.93288840753625,1433900
2016-03-15,119.56150817871094,119.74117566737073,118.62724820360172,118.80691569226151,888900
2016-03-16,120.10052490234375,120.5377180088449,118.08228317479433,119.03450917043902,915000
2016-03-17,122.84941101074219,123.37043857952601,119.80107623861963,120.25024045674898,1702300
2016-03-18,122.74762725830078,123.89748680093503,121.83731836019693,122.80152478257942,2486800
2016-03-21,121.57382202148438,123.23872387771186,121.19652102889465,123.11894854081316,1082600
2016-03-22,121.1965103149414,121.81336192679792,120.60960481923041,121.31030007333135,1011700
2016-03-23,120.67546844482422,121.68159203357745,120.32212807531711,120.42393754763592,1068200
2016-03-24,120.63949584960938,120.81316862271714,119.64534373246158,119.99868398213192,731600
2016-03-28,121.61573791503906,122.01099557885064,120.34609386637221,120.93899406949704,625800
2016-03-29,123.93346405029297,124.00532744241977,121.885275130207,122.06494274879869,1085100
2016-03-30,123.20877075195312,124.37659621227718,123.16085879226394,124.19693778628265,929200
2016-03-31,124.38256072998047,124.64007717025252,123.32851614918765,123.51417837477344,1442300
2016-04-01,125.22699737548828,125.71807887347089,123.90944158957618,124.26877664723769,1256800
2016-04-04,125.02339935302734,126.01156642997726,124.22089455473272,125.42465175217464,823300
2016-04-05,123.99931335449219,124.87368155185878,123.73580212626469,124.5502872233894,966900
2016-04-06,124.96349334716797,125.13716618070757,123.30457738628343,123.62797164601155,939400
2016-04-07,123.84356689453125,125.08925021707257,123.1189203324443,124.87964571009147,902300
2016-04-08,124.02926635742188,124.66408391250842,123.80767237323788,124.16102197884811,1050000
2016-04-11,123.77767944335938,124.67002233496679,123.74174776715377,124.56222730635,943100
2016-04-12,124.63412475585938,125.13120106865487,123.76574216966549,124.13704844306389,885900
2016-04-13,124.35262298583984,125.25693707836156,123.78966898109337,125.25693707836156,800700
2016-04-14,124.53828430175781,124.78981520888905,123.25068365228987,124.40054314414877,1033600
2016-04-15,124.4903335571289,124.69396158463756,123.4063521981074,124.42445578257836,1066700
2016-04-18,125.20903778076172,125.4246278601862,124.2328511647714,124.49036762959773,861100
2016-04-19,124.72395324707031,125.4366288102159,124.56824622906194,125.41866296730231,1007600
2016-04-20,122.00502014160156,123.99931102141188,121.78343531215788,123.66992199232506,2636900
2016-04-21,119.35193634033203,122.4601548252588,119.24414129238536,121.90918103534285,1704600
2016-04-22,121.05872344970703,121.38811232642756,119.65133876656851,119.65133876656851,1397800
2016-04-25,121.97509002685547,121.97509002685547,120.47787527844568,120.76533795142375,1245500
2016-04-26,122.14270782470703,122.53797448648943,120.9928486490142,122.41819920244676,1439000
2016-04-27,122.51407623291016,123.05306981405761,121.50195773788512,122.60390545034394,1407900
2016-04-28,121.96908569335938,122.87339997249654,121.52590690623222,121.5558530242481,759700
2016-04-29,120.47782897949219,121.7953756241123,119.84899719916187,121.57379085074898,1504900
2016-05-02,122.484130859375,122.77159349518404,121.38217400194094,121.44206623944268,872800
2016-05-03,122.74762725830078,122.82547619172394,121.67561664908969,121.73550887935795,758100
2016-05-04,124.34064483642578,124.4544345803838,121.7354975510665,121.7354975510665,1107800
2016-05-05,124.83174896240234,124.88564648748155,123.34052013397707,123.74177249557479,1106000
2016-05-06,126.25711059570312,126.29304228210704,124.40654650145184,124.71796968073943,1091000
2016-05-09,127.58661651611328,127.61656263135133,125.34678965334051,126.1852260503777,1206100
2016-05-10,128.11363220214844,128.64065456030917,127.61655595765974,127.97589104518221,1133500
2016-05-11,121.71755981445312,127.84415931855624,121.1546056701154,127.8201987678379,4023100
2016-05-12,122.19664001464844,122.96920772179682,119.62742426038358,122.17867417385625,3067600
2016-05-13,118.60511016845703,121.20670679409598,117.7781458087849,121.20670679409598,3369700
2016-05-16,120.3495864868164,120.8626572269869,117.98943345054087,118.62926826210472,1797400
2016-05-17,117.98944091796875,120.22886290017289,117.31339038907659,119.60713588653148,1921900
2016-05-18,116.79424285888672,118.23084980631711,115.18258124472857,117.48840102013075,2428000
2016-05-19,117.0115737915039,117.25905063854182,115.44216034574204,115.87676686270696,1913900
2016-05-20,117.7842025756836,118.83449395638857,117.12625073075709,117.65743850706565,2266900
2016-05-23,118.15840148925781,118.76805327184103,117.21071538066974,117.97731397437862,1280800
2016-05-24,119.29325866699219,120.36770004511949,118.46026127095064,118.8405442927083,1493400
2016-05-25,118.36365509033203,119.74594784685789,117.56688274869116,119.48035399614572,1531800
2016-05-26,118.99140930175781,119.60709401338393,117.70569796128403,118.48436237210267,843100
2016-05-27,119.37775421142578,119.86668421786118,118.71980238018264,119.0276540216395,886800
2016-05-31,119.29924774169922,120.0537714218128,118.35157078893351,119.96926513805984,1475100
2016-06-01,119.67351531982422,120.277134398991,118.66547256287528,118.66547256287528,1205000
2016-06-02,119.15441131591797,119.69767405346282,118.37574669908294,119.06990500703279,1115000
2016-06-03,120.41596221923828,120.6151576020963,119.28718838304279,119.90891523991996,1374800
2016-06-06,119.92097473144531,121.58092683065978,119.23284950237255,120.68153128658022,1370000
2016-06-07,120.42803192138672,121.24895418807002,119.90891917612382,119.92099413591941,881400
2016-06-08,121.59906005859375,121.85862104868363,120.12622805109612,120.3374984102275,1211600
2016-06-09,121.7197494506836,122.38373393551763,120.72981480724513,121.50848835859539,824100
2016-06-10,120.88074493408203,121.82239836784119,120.60911820975532,121.18859653741514,830200
2016-06-13,121.76809692382812,122.25099411913355,120.72383830145992,121.21881045953491,999200
2016-06-14,122.4260025024414,123.31935598878488,121.28515382024322,121.57489755405281,1257600
2016-06-15,123.27108764648438,123.92299734964038,122.6372857786525,122.6372857786525,1261300
2016-06-16,124.47227478027344,124.55678106963877,122.41393183370259,122.97529306795204,843200
2016-06-17,124.27910614013672,124.39379521513995,122.9088885348521,124.39379521513995,1452700
2016-06-20,124.92498016357422,126.62114791521303,124.61109573511084,125.49841631579994,1214400
2016-06-21,125.81229400634766,126.12014556722512,124.95515619798182,125.11210302054502,1190800
2016-06-22,125.9089126586914,126.45820827987747,125.3958419222789,126.16243158912413,1087900
2016-06-23,126.21073150634766,127.02562107948341,125.83649056397303,126.62723021215048,730200
2016-06-24,124.6473388671875,126.04773954087393,122.54070498169226,123.48839134956567,1733900
2016-06-27,125.52253723144531,125.61911845736036,123.06581331674509,124.00745724318519,1760100
2016-06-28,128.62518310546875,128.70365653051797,125.55276430487332,126.28314741907275,1732000
2016-06-29,129.73583984375,130.46622295727357,128.52860172655102,129.1141129502322,1575600
2016-06-30,130.92495727539062,131.08793698415442,129.11410027733268,130.21872415140743,2073000
2016-07-01,131.06982421875,132.16237309278557,130.69558340059274,131.30523525121902,1047900
2016-07-05,132.93499755859375,132.94707251642123,131.1603563882142,131.19053917753584,1321800
2016-07-06,131.31129455566406,132.99539699733867,130.86462231776193,132.60303905725306,1397200
2016-07-07,130.1342315673828,131.38372744869386,129.09600604229695,131.00947736653765,1235700
2016-07-08,132.5305633544922,132.64525241843054,130.39978938809136,130.8585364333513,1152800
2016-07-11,133.84645080566406,134.1542931118756,131.8122489619348,132.67542873069368,998200
2016-07-12,133.677490234375,133.90685922974484,132.30123020967326,133.5990168038425,1254200
2016-07-13,135.35556030273438,135.36159317840148,133.4239716715902,133.8646202787122,1194200
2016-07-14,134.10598754882812,135.34944080183357,133.70156405851512,135.34944080183357,1159700
2016-07-15,134.57083129882812,134.71569397483862,132.75997416473174,134.3837108686508,1115200
2016-07-18,134.17242431640625,134.88469949259562,133.59898813528858,134.63721350363608,849000
2016-07-19,134.62515258789062,134.62515258789062,133.1825034632104,134.36560082397742,1077100
2016-07-20,134.75196838378906,134.90287320043038,133.88878804314135,134.87269039500228,751800
2016-07-21,135.33135986328125,135.42190822747136,133.30319992603867,134.45008139899068,663200
2016-07-22,135.99534606933594,136.49635088390994,134.9329708633019,135.14424117190927,967300
2016-07-25,135.50038146972656,136.6714037250094,135.25893757008848,136.32734570750043,800400
2016-07-26,135.51248168945312,135.87465681691958,134.89678765695857,135.51851456439567,920600
2016-07-27,133.82232666015625,135.9349931002009,132.22274003974894,135.90481030895845,1587600
2016-07-28,135.25296020507812,136.26703605233544,133.77408577874726,133.88877490181764,923600
2016-07-29,137.045654296875,138.28911717903947,135.1683988303803,135.1683988303803,1260500
2016-08-01,137.38369750976562,137.90884312843622,136.57484099429573,136.93701610334168,921600
2016-08-02,134.97528076171875,137.32335892614591,134.73383678187176,136.76803040409987,1301900
2016-08-03,134.19058227539062,134.23284004023984,133.00749380658525,134.12418379526906,1510600
2016-08-04,132.5668182373047,134.64931141340168,132.41591346863078,134.335426915621,1036300
2016-08-05,132.6211700439453,133.39380183393132,131.87267896780372,132.86864690021613,1378700
2016-08-08,132.77810668945312,134.22678898191586,132.35557512169294,132.60909406234904,1147500
2016-08-09,133.17648315429688,133.62315538745452,131.8002323620072,132.79620017915227,881800
2016-08-10,132.18048095703125,133.53259078080353,131.80020726479424,132.72374356243284,1218800
2016-08-11,129.5064697265625,132.21671338114015,128.86663500374902,132.21671338114015,2212900
2016-08-12,129.91085815429688,130.71970525582844,129.25291577516268,129.6875221125066,1196500
2016-08-15,130.22113037109375,130.76858095743938,129.7953344393077,130.3853692596595,1148100
2016-08-16,128.69432067871094,130.36100862913872,127.90355164796719,130.0690356559107,1273100
2016-08-17,130.1541748046875,130.47048422465733,127.94610691029085,128.69430088146865,1128900
2016-08-18,130.38536071777344,130.82332487081985,129.58850282705393,129.86223738394884,890800
2016-08-19,128.89505004882812,130.38534950678755,128.38409500809257,129.8926329157349,973500
2016-08-22,129.2539520263672,129.7223228695181,128.36585549065302,129.16879284746207,811700
2016-08-23,128.9376678466797,129.92917148850736,128.90725185931478,129.78925980296,677700
2016-08-24,130.3184814453125,130.5739590507241,128.42063321965114,129.12016385315002,1371100
2016-08-25,131.11529541015625,132.31969216752856,130.36711053014588,130.40968547890603,1052200
2016-08-26,130.0264892578125,132.7211860856514,129.50336583436007,131.48637311197695,1253500
2016-08-29,131.20046997070312,131.56543394638683,129.78317045840876,130.02647977553124,883700
2016-08-30,131.32821655273438,131.5107031986887,129.66152808110382,131.41337574995887,944700
2016-08-31,131.06661987304688,132.05812323386957,130.37317825327582,131.07878812087543,1817500
2016-09-01,131.40121459960938,131.78442633993237,130.33063124465951,130.71385226663872,881900
2016-09-02,131.80874633789062,133.463275605042,131.15180007461095,131.94864872456483,939100
2016-09-06,132.70294189453125,132.71510086444005,131.02407588147716,132.07032275633057,1374700
2016-09-07,133.18344116210938,133.25035260317242,131.93646027774577,132.6724861294391,813600
2016-09-08,132.05206298828125,132.95840737335342,131.73576272965607,132.59343411290214,2414600
2016-09-09,127.67848205566406,130.96929232521728,127.61157061515298,130.96929232521728,1693000
2016-09-12,129.12623596191406,129.89266873436554,126.8208488779992,127.258813114159,2081200
2016-09-13,125.86585235595703,128.46930151121373,125.86585235595703,128.3780628209167,1406600
2016-09-14,126.38896179199219,127.90966833899532,125.95099756392278,126.24905938853162,1212800
2016-09-15,126.46800994873047,126.72348747108647,125.55558624817878,126.09695727257329,1230100
2016-09-16,126.9668197631836,127.14930639270789,125.53127250946429,126.1273961180207,2460600
2016-09-19,127.48995208740234,127.98874829095506,127.02158115283447,127.67851821452138,960100
2016-09-20,126.94247436523438,128.31110996818794,126.93638560007366,128.16511882914406,974700
2016-09-21,128.26853942871094,128.4266988333023,125.31837460535627,126.86340821144105,1498100
2016-09-22,129.86224365234375,130.4583579465654,128.28070532537444,128.96806757018376,1173600
2016-09-23,129.86224365234375,130.26979184300126,127.94614806986306,129.60067733197846,1208900
2016-09-26,130.63478088378906,130.82943579042808,129.26006541186405,129.67369316598672,1073800
2016-09-27,129.5215606689453,131.12134627316266,129.34516286546335,131.12134627316266,935500
2016-09-28,129.3269500732422,130.0082235419735,128.1468804708648,129.5581004065567,1149600
2016-09-29,126.26725769042969,128.9497852167205,126.03610741565147,128.77946689266895,1362700
2016-09-30,125.92056274414062,127.67241939441288,125.9023150108382,127.33786214777689,1697200
2016-10-03,122.77572631835938,125.4825813389089,122.20393933570664,125.4825813389089,2024100
2016-10-04,120.96910858154297,123.06769012489788,120.06885329788696,122.58714186826074,1894600
2016-10-05,119.05306243896484,122.26479358769119,118.42044338386879,121.26721056849067,1612300
2016-10-06,119.51534271240234,120.80490792081187,117.18561962923214,118.8340692841776,1364700
2016-10-07,119.71607208251953,121.83898125568605,119.11387837422409,120.2209476491461,1427000
2016-10-10,120.13577270507812,120.9447894021562,119.74039286200097,119.81338377908531,699000
2016-10-11,118.94961547851562,120.55548051232533,118.50557196158074,120.13576420547983,959400
2016-10-12,120.99955749511719,121.07863719267056,118.97397559422991,119.27203736976176,1206700
2016-10-13,120.92047882080078,121.18204513249206,119.77691398759593,120.33653279568655,1226300
2016-10-14,119.8255844116211,121.56527289832891,119.8255844116211,121.0786449957205,1056400
2016-10-17,120.12968444824219,120.62239166587949,119.36324274822677,119.98369334308398,1014500
2016-10-18,120.70758056640625,121.46793369002889,120.33044838721881,120.70758056640625,855900
2016-10-19,120.71977996826172,120.8900983693733,118.67594987326595,120.64070025286823,1409700
2016-10-20,119.98976135253906,121.13333502947367,119.41798379572295,121.0481758800201,1241800
2016-10-21,119.55795288085938,119.77084623254012,118.63944016854622,119.09565214142027,872100
2016-10-24,119.8377456665039,121.16380649437185,119.2233836127525,120.24529387423864,1030400
2016-10-25,119.99592590332031,120.25748299839064,119.11391788084875,119.43021818907468,1035700
2016-10-26,114.58824920654297,119.26594266293156,114.04078944064692,118.6819874356398,2676100
2016-10-27,111.45560455322266,114.45444223052515,110.61618097952233,114.44835346501085,3726600
2016-10-28,111.24268341064453,113.15876917407512,110.72563968062552,112.06385904569231,1694000
2016-10-31,113.11617279052734,113.34123425587688,111.24266232194151,112.08817428936217,1932800
2016-11-01,111.46774291992188,112.82420998933442,110.48840794510286,112.5261575719888,1861200
2016-11-02,109.29619598388672,112.05780375281438,109.27794825127897,111.68675105369958,1662400
2016-11-03,109.08331298828125,109.86191392533027,108.34120751989778,109.25363136315727,1118900
2016-11-04,109.66114044189453,109.8071315461263,108.59664633787442,109.56381303907337,1662700
2016-11-07,110.66485595703125,111.68677561607954,109.97141412047066,111.30355458372937,1082700
2016-11-08,111.46774291992188,111.85704326062714,110.0991076043976,110.8959560141496,874100
2016-11-09,109.96529388427734,110.52491259046273,106.39467908994469,109.57599351120693,2099600
2016-11-10,110.8837890625,113.42641419370477,107.47132459802278,110.2937637031505,3137400
2016-11-11,111.0785140991211,112.50189351613831,110.69529299390176,110.8595319363755,1795200
2016-11-14,113.9205093383789,114.37474612030634,109.99814283423098,111.2749081378258,1786900
2016-11-15,113.08564758300781,116.1670699745074,112.2078771247224,114.43606871606015,2468600
2016-11-16,112.29383087158203,113.69949456097889,111.61248059748824,113.31278882496252,1030500
2016-11-17,110.90660095214844,112.9199683574273,110.56900255079807,112.18336618575385,1090800
2016-11-18,110.9986801147461,111.56340157372347,109.97358698490055,110.83294369067357,1369300
2016-11-21,110.2927474975586,112.31224937033883,110.10246207987977,111.21349064086927,1006600
2016-11-22,111.45903015136719,111.70455791499225,110.57511521626284,110.85748057408709,1068300
2016-11-23,110.9557113647461,111.07234035726619,109.29224024929857,110.61196867076222,1102500
2016-11-25,111.28717803955078,112.32455034742858,110.70404247564306,111.55726424589595,490900
2016-11-28,111.30559539794922,112.29999521728152,110.53217435694474,110.88205195896379,1398200
2016-11-29,111.9010238647461,113.03660184719152,111.31788821254041,111.6861799772713,1346900
2016-11-30,110.27436065673828,111.47746944937848,109.51935371505675,110.72246250769695,2234500
2016-12-01,108.5372314453125,110.10863194303472,107.95408649270905,109.82626652565379,2075900
2016-12-02,110.09635162353516,110.97412245268404,108.90552206168886,108.99760201624692,1273900
2016-12-05,110.9557113647461,110.98640468377022,109.27996104843173,110.18842522057282,1027300
2016-12-06,110.55672454833984,111.80279647724801,109.95517484348765,110.96798879108574,1202000
2016-12-07,112.79109191894531,112.79722683779819,110.80228235487807,110.91891137710107,1278400
2016-12-08,112.73582458496094,113.64428878728827,110.76542958008629,111.96239413151189,1196100
2016-12-09,112.5946044921875,113.65653498638456,112.1956195463267,112.79103419040321,974800
2016-12-12,114.24581909179688,114.40542058236747,112.1588048117546,112.31226201958962,1066900
2016-12-13,115.0499267578125,115.20952823922119,112.98132671215554,114.7307425275634,1566000
2016-12-14,111.27488708496094,115.16042461663181,111.09688084937446,114.88420352251546,2093400
2016-12-15,110.48918151855469,111.82732377668532,110.15157381288009,111.34240315674106,1533700
2016-12-16,111.28101348876953,112.25086406842271,110.37869381468869,111.3792283397864,1975400
2016-12-19,112.10358428955078,112.82176303808197,111.31173969784372,112.04833256559725,1171300
2016-12-20,112.31844329833984,112.71743782317682,111.34859222053768,112.06678049198653,1295200
2016-12-21,109.3658676147461,113.21457651216457,109.17558220024038,112.50253291197001,1617100
2016-12-22,108.18121337890625,109.77716296804465,107.43234133926862,109.26154891769006,1618000
2016-12-23,108.003173828125,108.58630930591288,107.11925887109392,108.58630930591288,973500
2016-12-27,108.00930786132812,108.25483560774545,107.59803436834024,108.00930786132812,1041200
2016-12-28,106.92900085449219,108.377637546236,106.25992954916761,108.28556695056251,1290100
2016-12-29,108.02159881591797,108.28555009290136,106.43791925287256,107.28500606634185,1472900
2016-12-30,109.0589828491211,109.75261252438504,107.7944967753481,108.40832569397857,2285100
2017-01-03,112.0974349975586,112.0974349975586,108.56791868789958,109.93061964719256,2751200
2017-01-04,112.99362182617188,113.02431514355713,111.43449121934174,112.27544315752729,1991700
2017-01-05,113.19005584716797,113.39262052679435,109.36590407022364,110.29892670678821,2186400
2017-01-06,114.68167114257812,115.46123658119402,112.08517714158351,112.66831280789519,2251400
2017-01-09,114.1169204711914,115.2709123069469,113.73634022605718,114.47294231791199,1954000
2017-01-10,113.06111145019531,114.11075329784647,112.7296387020971,113.63196765395598,2666100
2017-01-11,111.71073913574219,113.23916729732747,111.45293208880355,112.7603814435433,2151700
2017-01-12,112.38590240478516,112.46570313865458,111.1705241151574,111.47743848692183,1243200
2017-01-13,112.95065307617188,113.53993294425416,112.0114956038265,112.25088850135992,1740400
2017-01-17,113.76087951660156,114.63865010361891,113.03042183018398,113.17159981535313,1888500
2017-01-18,114.52200317382812,114.89029470369142,113.38641654928435,113.55828780314339,1330300
2017-01-19,112.28157806396484,113.96347257389286,112.1649490776831,113.87753690499349,1939700
2017-01-20,113.26985168457031,113.58290106695472,111.16442295084134,112.22634437700283,2673600
2017-01-23,113.5583267211914,113.68723488890478,112.8278689588118,113.17775586668805,2150200
2017-01-24,113.03043365478516,113.78544044819286,112.58847617418455,113.67495576118475,2315200
2017-01-25,111.9623794555664,113.07955246798292,111.77209400903689,112.88312273847825,2063800
2017-01-26,111.7720947265625,112.58848823327276,111.63705162823238,112.2754388869357,1891300
2017-01-27,110.18838500976562,112.13422083734511,109.58683551481599,112.06670867292944,2194000
2017-01-30,109.10195922851562,110.4769300604618,108.4144644462562,110.46466022538108,1716100
2017-01-31,112.80329895019531,112.98744942713186,109.88146844405045,109.88146844405045,3403200
2017-02-01,111.42835998535156,114.17217593040117,111.40381095040324,113.79160500784461,2925100
2017-02-02,112.30613708496094,112.64987976245781,111.29331380345887,111.29331380345887,1535100
2017-02-03,113.76087951660156,113.80998693889585,112.80330819757059,113.00587280217839,1805300
2017-02-06,111.75981903076172,113.86524741161267,111.56338931029974,113.09182646143398,1179400
2017-02-07,109.91218566894531,112.55165143598342,109.5807222313565,111.79664461915911,1812900
2017-02-08,110.8697738647461,111.18896751802374,109.66667445562278,110.03496617898703,1406100
2017-02-09,111.71073913574219,112.2509022675859,110.97413686873249,111.10917999326513,1298500
2017-02-10,112.86347961425781,113.22294858999322,111.59291141059882,111.79123879523833,1193500
2017-02-13,112.59700012207031,113.91094900121746,111.89044145685783,113.31595720799855,1250600
2017-02-14,112.14457702636719,113.04326881511524,111.46900956409407,112.23134707237269,1079700
2017-02-15,110.65704345703125,112.07636453130888,109.60340481441646,111.82844343719657,1954900
2017-02-16,111.05374145507812,112.09499145192261,110.66328098133386,110.86781239959305,1373100
2017-02-17,112.2375259399414,112.83252721350232,110.56409845281141,111.16529420835886,1657800
2017-02-21,114.76005554199219,115.045152992249,112.20652016594268,112.51021997421232,1521200
2017-02-22,114.47499084472656,115.08858516870451,113.79322883086664,114.55556641600772,1469200
2017-02-23,114.65469360351562,115.15051690513054,113.81178075065766,114.47494961804043,1043700
2017-02-24,114.22085571289062,114.48117529004877,112.7395610936267,114.46877686798766,1213100
2017-02-27,115.48519134521484,116.11737825779208,114.22702145762896,114.68565889105675,1313800
2017-02-28,114.28902435302734,115.51000876159962,113.29116423884452,115.07615859396022,1841800
2017-03-01,113.12386322021484,114.58656528023947,112.93792467431147,114.20849370455264,1845900
2017-03-02,112.26850128173828,113.14859991697882,111.31403104434933,113.12381253533704,1566500
2017-03-03,111.19010162353516,112.62801611028856,110.82442851874438,112.49785630732897,1729600
2017-03-06,110.8182144165039,111.64253447004158,110.03108016944961,110.77482467079035,1104200
2017-03-07,109.88235473632812,110.99797649361766,109.03324708697039,110.62610887933899,1379700
2017-03-08,108.2708969116211,109.6406247361346,107.63251526359431,109.41750041060506,3275700
2017-03-09,104.94261932373047,108.32046559301223,104.84964535139423,108.25228846285539,4031600
2017-03-10,104.22986602783203,106.47970206717017,103.87038744184788,104.94262871731313,3101200
2017-03-13,104.55213165283203,105.21530048129387,103.43651037522697,104.74426458951515,2719600
2017-03-14,103.64723205566406,104.98597753510839,103.28775357744908,104.19264898222782,2718900
2017-03-15,105.36405181884766,107.21101902035572,103.81458046857048,104.13066921942689,2657100
2017-03-16,104.9921875,105.72354298277291,104.74427583712115,105.36406445154199,1110200
2017-03-17,104.13688659667969,105.19052535939942,103.51089403775873,104.70088705347764,2846800
2017-03-20,104.19265747070312,104.88062316558583,103.97572768708612,104.40338331596227,1076000
2017-03-21,104.7195053100586,105.19054132823892,103.45513103707286,104.47778808981504,2042000
2017-03-22,102.51303100585938,104.74427375633945,101.36642776629274,104.56453922290635,2554700
2017-03-23,103.85181427001953,105.10998483141611,102.56265237584813,102.6370334659531,1459700
2017-03-24,104.09349822998047,104.34141935563112,103.19480661040372,104.06250690712113,1545900
2017-03-27,102.97785949707031,104.34759629651904,102.61839047544538,103.45509930865302,1598200
2017-03-28,104.15547943115234,104.19885971677459,102.4200694045622,102.97787537939797,1980600
2017-03-29,105.27731323242188,105.29590613759837,103.54810685043003,104.0129483942932,1916500
2017-03-30,105.3888931274414,105.9838945915918,103.72166904548097,104.85587433190804,1548100
2017-03-31,106.62225341796875,106.90736039214735,105.50043734084446,105.58720738390309,2052000
2017-04-03,107.88044738769531,108.3886787920312,106.48592245360985,106.77722397419701,2526500
2017-04-04,105.71118927001953,108.90310765855267,105.63061368975606,107.87425585375662,2966100
2017-04-05,105.54377746582031,106.35570832920877,105.40122876159502,105.98383145350076,1725000
2017-04-06,105.2400894165039,105.75451500747067,104.7690441028745,105.41362944029727,1819800
2017-04-07,105.246337890625,105.9281093747357,104.71331912774579,105.12857650180345,1501100
2017-04-10,106.28756713867188,106.35574427368574,104.84965282100664,105.15954716975604,1379400
2017-04-11,107.44037628173828,107.82464225426837,106.16360359958072,106.23798467543102,1807600
2017-04-12,107.39696502685547,108.3576392230342,106.69660090096369,107.11186757439877,1913900
2017-04-13,107.74405670166016,107.98577389699547,107.09327672738073,107.42177341269594,1043300
2017-04-17,108.19656372070312,109.18822038634377,107.7379164838608,108.07259836242262,1215700
2017-04-18,108.29566955566406,108.35765220434885,107.46515502374427,107.73166906441966,1190200
2017-04-19,108.10974884033203,108.9774587784509,107.69449150610285,108.09115593411474,1367000
2017-04-20,108.29566955566406,108.44442223817295,107.30401337727793,108.31426245882462,1145900
2017-04-21,106.59121704101562,108.4505824269158,106.16976542634453,108.215069242279,2003800
2017-04-24,104.70711517333984,107.32262451075121,103.83940523048136,107.23585446218796,2407300
2017-04-25,104.14928436279297,105.08517131086542,103.76501841216566,104.94262256421732,1754600
2017-04-26,102.28992462158203,103.95715776601307,102.1907656153914,103.88898062956784,2025600
2017-04-27,104.04393768310547,105.36409078811597,102.28993433100088,102.28993433100088,2388200
2017-04-28,102.42625427246094,104.01292093402351,102.15974973047365,103.90754855620867,1838300
2017-05-01,104.5025863647461,105.51284510043472,102.15978553761737,103.02129156180251,2955500
2017-05-02,104.61412811279297,105.19673099058863,103.74642773558124,104.58934072654041,1954800
2017-05-03,102.63079071044922,105.22770642486692,102.38907353778538,105.02937899312336,1520500
2017-05-04,102.52544403076172,102.70518804702307,101.21149503343004,102.02341670469536,2223200
2017-05-05,101.9676284790039,102.81673587931783,101.68252154684157,102.54402736782968,1665000
2017-05-08,100.92637634277344,102.26512202814835,99.4450819232001,102.16595357947826,2399600
2017-05-09,100.69086456298828,101.02554626058716,99.57524314228547,101.02554626058716,2041000
2017-05-10,102.6679916381836,102.72997428942308,100.52352808933412,100.69087368190092,2429300
2017-05-11,100.26941680908203,101.32925966501497,98.96166225188621,101.21769277938904,2684400
2017-05-12,97.60430145263672,100.19502259556896,97.4989385304987,100.06486283456138,2834800
2017-05-15,97.87384033203125,98.80769703589664,97.46644477115994,97.5980672295339,2108400
2017-05-16,96.60150909423828,97.91768555734104,96.03116117847792,97.87381779032013,3241200
2017-05-17,96.6829833984375,97.80487742536924,95.32292956456106,96.4761536130786,3276400
2017-05-18,96.52632141113281,96.9963866253429,95.58619098271265,96.32576522609051,2319600
2017-05-19,98.9455795288086,99.75409696101389,96.08132078844226,96.66419699740405,4364900
2017-05-22,98.7763671875,100.35577930985376,98.36270753300234,99.27149830351951,2106100
2017-05-23,98.55696868896484,99.18998615787585,98.29999750874941,98.77633619666045,1802000
2017-05-24,100.14268493652344,100.26803373818258,98.29376381242463,98.63220653325436,1619600
2017-05-25,100.71928405761719,101.69075388104505,99.7039464628535,100.32443586159759,1777800
2017-05-26,98.563232421875,100.75686923687289,98.38147815085695,100.74434105507686,1475500
2017-05-30,97.13423919677734,99.20252732825378,97.1154373598683,99.0521030694835,1767500
2017-05-31,96.67670440673828,97.93021110893262,96.46987465325655,97.20317492642059,3560300
2017-06-01,97.04024505615234,97.30974446929382,95.66765336801475,96.52003850619384,2096500
2017-06-02,95.66764068603516,97.93022089206536,95.32919805057136,97.38494848245774,1903100
2017-06-05,95.4294662475586,95.83686168287753,94.10701623250338,95.42320215661435,1609000
2017-06-06,95.9496841430664,96.50123024385704,94.42040418250967,95.53602456747343,1836000
2017-06-07,97.3160400390625,97.84877489320147,95.78049553883602,95.90584435372158,2070300
2017-06-08,96.87726593017578,98.11196118066349,96.33198403484208,97.31599134449841,1790400
2017-06-09,97.52284240722656,98.12452037453708,95.60496878223977,96.83340977437194,1217500
2017-06-12,100.11758422851562,100.8258090154827,97.39746740341693,97.48521249045255,2386400
2017-06-13,99.53472137451172,100.79450202470483,98.45670459409246,99.84809812315686,1940400
2017-06-14,100.054931640625,100.77569436387606,99.53472507093521,100.06119573297075,1793000
2017-06-15,100.73809051513672,101.3711176904947,99.06465976563054,99.55980040161349,1647400
2017-06-16,100.44351196289062,102.09187671993529,99.18374087707477,101.02012403237597,4639200
2017-06-19,99.63499450683594,100.13639916844049,98.53191190210471,100.13639916844049,2150500
2017-06-20,99.64126586914062,101.12040446888234,98.79515440672219,100.65033935748347,1829000
2017-06-21,99.51593017578125,100.2304288565526,98.74502596946223,99.92331616718143,1749600
2017-06-22,99.73530578613281,100.13015406028663,98.40031752625244,99.40312713535995,1903000
2017-06-23,99.59111022949219,100.5563158093715,99.28400718784698,99.95462834471316,1967900
2017-06-26,100.56260681152344,102.2673772601802,100.0862775486783,100.13641898110943,1801400
2017-06-27,101.76596069335938,102.4428556074015,100.15520920368913,100.24295430938906,1819200
2017-06-28,102.66220092773438,103.2200110282432,101.99157025089377,102.31748467157786,2014300
2017-06-29,101.89756774902344,103.65247916156265,101.86622816668388,102.4741797227796,2008500
2017-06-30,101.3836441040039,103.33284789820776,100.40591016078905,102.536877828039,1568800
2017-07-03,103.52716827392578,103.6587907546693,101.72212417867229,101.75972786931266,1057100
2017-07-05,99.17121124267578,103.63370300853457,99.13987165256928,103.40179769254671,2456900
2017-07-06,97.63563537597656,99.69138558369603,97.41626787969976,98.97062306192441,1594500
2017-07-07,98.17465209960938,98.37521777789665,97.41627627839526,97.8863413279459,1343800
2017-07-10,97.42254638671875,98.48802521421578,97.38494271428318,98.31253503385145,1140400
2017-07-11,96.48242950439453,97.60431399382985,95.9810248219183,97.60431399382985,1668400
2017-07-12,97.47269439697266,99.62872768841082,97.25332687493167,97.29720420473915,1861400
2017-07-13,99.058349609375,99.31532072812313,97.65441893563688,97.85498455909746,1331000
2017-07-14,100.73809051513672,100.86343930634135,98.59459462598835,98.59459462598835,1365400
2017-07-17,101.61554718017578,102.04800862178145,100.29309692350458,100.6754169379024,1246900
2017-07-18,100.17401123046875,101.83490414985756,100.05492653747497,101.35857494138172,1268700
2017-07-19,100.44977569580078,100.68793549789946,99.96717287311651,100.14892716131013,1185700
2017-07-20,100.91358184814453,101.56541087119494,100.318167910733,100.71302569270584,1241300
2017-07-21,100.64408111572266,101.08907075815354,99.65380940919371,100.83837317623471,1321500
2017-07-24,100.30563354492188,101.51527286474916,99.74782327012592,100.66915175013163,1221000
2017-07-25,101.2645492553711,101.57165229414207,99.77913722606901,100.62525812331067,1362300
2017-07-26,102.64340209960938,102.97558062068437,101.17052785446745,101.53404595674711,1090500
2017-07-27,104.24789428710938,104.64275198987372,101.26455154260633,102.11692698660896,1498800
2017-07-28,100.60645294189453,103.84676669500669,100.42468911027947,102.67474096144413,2031700
2017-07-31,99.3404312133789,100.81330578547552,98.8891679216514,100.65661740816736,3627000
2017-08-01,103.15108489990234,103.72769693160015,99.76661050059076,103.57100856765514,3144100
2017-08-02,101.13920593261719,103.63369166689509,100.47484877446749,101.82237449357221,2486400
2017-08-03,101.50272369384766,102.5055330825105,100.3620373386553,100.86970612489743,1919500
2017-08-04,103.1197738647461,103.27019817864021,101.38993729072021,101.66571041777537,1647200
2017-08-07,104.27297973632812,104.74304487485962,102.46166245172672,103.07588778512769,1534200
2017-08-08,102.84397888183594,104.65529610306066,101.72209433173457,103.89065607272364,1387900
2017-08-09,102.41780853271484,103.03202438570212,101.29591422809926,102.83146820581895,1194800
2017-08-10,101.00130462646484,102.25481140216282,100.9135595347059,102.25481140216282,1191500
2017-08-11,98.95814514160156,100.86347225542477,97.77358098528154,100.49996351123382,1839300
2017-08-14,100.49364471435547,100.88223835203587,99.07092128504524,99.39056209798527,1644600
2017-08-15,99.82808685302734,100.48097150609584,98.49062214515254,100.11332612451031,2024300
2017-08-16,100.11967468261719,101.17190025927741,99.73935882730092,100.30983744631529,2043300
2017-08-17,99.64429473876953,100.65214503649251,99.64429473876953,99.99292493762775,1302700
2017-08-18,97.34967041015625,98.9850547369976,96.67142546219918,98.73784604061926,2131500
2017-08-21,97.9835433959961,98.56036693242133,96.6967891514047,97.56518722636369,1145800
2017-08-22,97.12779235839844,98.68077024459966,96.93129441842432,98.1419871304897,1052100
2017-08-23,99.87876892089844,99.9991959376435,96.9629668945496,97.04537298102201,1731200
2017-08-24,99.3019790649414,102.09734534283086,99.12449641289247,100.57605303259537,2289900
2017-08-25,100.81057739257812,101.41276101408089,98.78854228612543,99.62524480050608,1501200
2017-08-28,99.40973663330078,101.22260345805797,98.95334990314657,100.91200397801215,1100900
2017-08-29,99.0420913696289,99.8724587161392,98.67444596581534,99.14984800438955,1068500
2017-08-30,99.53014373779297,99.59352485406673,97.90109526354367,99.32730095273374,909100
2017-08-31,99.42241668701172,100.52534322435079,99.18787843806463,99.85344322526394,2279500
2017-09-01,100.27178192138672,101.11482921578168,99.51747593839767,99.84709066879572,1043200
2017-09-05,99.44142150878906,100.8993131996806,98.88361341497291,100.27178876621562,1397800
2017-09-06,100.61407470703125,101.3366853467552,99.58087428986066,99.87879364477195,1676600
2017-09-07,101.92617797851562,102.4586258305818,100.29712935312416,100.68378998495066,1456800
2017-09-08,101.14021301269531,101.96424527381174,101.11486248912774,101.73605187338075,915800
2017-09-11,101.62191772460938,102.24944206062297,101.08946023043731,101.52683153861447,736600
2017-09-12,99.8661117553711,102.5410410181531,99.51748170034915,101.67263348617516,1302400
2017-09-13,101.69165802001953,101.69165802001953,99.961197354338,100.04993867893502,1540600
2017-09-14,103.79613494873047,103.86586098351822,101.53321609686748,101.71070846257561,1770300
2017-09-15,104.44266510009766,104.70888909089923,103.45383037081186,104.26518243956326,2811600
2017-09-18,102.38261413574219,104.41733000889133,102.16075592070062,104.26520750448059,1718200
2017-09-19,101.24796295166016,102.3192038528844,100.65846901500827,102.1924318992896,1733700
2017-09-20,101.355712890625,101.8184445151501,100.83594501364755,101.34937767859239,1637000
2017-09-21,101.15288543701172,102.11636968486117,100.892996647776,101.26697729253179,1231100
2017-09-22,100.66477966308594,101.54585758287595,100.46194652124592,101.05777552495441,855100
2017-09-25,101.7233657836914,102.75024086118471,100.77256161658143,100.79792181073591,933200
2017-09-26,103.64395141601562,104.06864262758609,101.90081108227825,102.16069978060656,1706500
2017-09-27,101.48883819580078,103.76442720380021,101.20993408980236,103.38411133641348,1478300
2017-09-28,102.42694854736328,102.6361265988269,101.05778839528081,101.71701795239264,1168600
2017-09-29,102.05929565429688,102.68682976257188,101.29865440528607,101.90717320774166,1611000
2017-10-02,101.22260284423828,102.29384364401864,101.10216611450026,102.16706203034967,1335600
2017-10-03,100.81057739257812,101.64095436747174,100.09431160249804,101.13385695192777,1168400
2017-10-04,101.31765747070312,101.57121097112655,100.23374648163384,100.41756430637338,1661700
2017-10-05,102.2177734375,103.04815045553829,101.362055571882,101.67899026405442,1371200
2017-10-06,101.57123565673828,102.12903414908158,100.63944686938642,101.5965861769032,1161900
2017-10-09,101.90081787109375,102.21775249834258,101.50782202836993,101.54585263610744,551500
2017-10-10,103.26366424560547,103.73906628626122,102.12269741361578,102.40793670359339,1076700
2017-10-11,104.6391372680664,104.65815257185791,103.07981465262232,103.42210946502388,1414900
2017-10-12,104.29689025878906,105.17163332243436,103.13057262198309,104.30957035782089,1385500
2017-10-13,105.41879272460938,106.37594147592526,104.1954297227759,104.8483142722032,1446500
2017-10-16,104.79762268066406,106.03366600097537,104.60745993782874,105.50755327036515,1092800
2017-10-17,105.91956329345703,106.3252392562553,104.4743420714833,104.70887061607793,1366200
2017-10-18,104.26516723632812,106.23650119531972,104.06232441267764,105.67869310235906,1092700
2017-10-19,104.91807556152344,105.52658482579648,104.05601271040301,104.43632858255357,1518300
2017-10-20,104.41098022460938,105.09556041516987,103.37143467718359,104.91173285188425,1300000
2017-10-23,104.86737060546875,105.34277272583536,104.09404904923926,104.7342537560505,965400
2017-10-24,103.8721694946289,105.05751178130711,103.66933632780372,104.77226283008834,1507700
2017-10-25,103.75173950195312,103.87852112053629,102.10368485324683,103.358743566168,1220700
2017-10-26,103.80245208740234,104.48069700515452,102.45865202048066,104.07502096577743,1868200
2017-10-27,99.3019790649414,102.68683922169073,97.4320663345178,102.21143718825698,3493800
2017-10-30,99.98654174804688,100.32249168609147,98.97234705110789,99.24491586564218,1371900
2017-10-31,98.45892333984375,99.90414462600515,97.64757137821204,99.77102781213945,2357300
2017-11-01,99.57451629638672,99.98019222190621,98.43354973333912,98.87726593769102,1539800
2017-11-02,101.01342010498047,101.59024353536238,99.3526855013671,99.50480795539049,1690100
2017-11-03,98.24974060058594,99.9738658545689,98.05957787791117,99.11813843857136,2114200
2017-11-06,98.24340057373047,98.50327962083301,97.4510639948239,98.23705569096968,2230300
2017-11-07,100.8169174194336,101.65996477684547,98.03423148767963,98.40187685443597,2481300
2017-11-08,99.53648376464844,101.50781744398816,98.6807564408928,100.84225282240898,2289400
2017-11-09,102.2177734375,103.63764434038096,99.19422343807217,99.20055864996709,2798300
2017-11-10,103.79613494873047,104.27153709353382,102.44598976242293,103.41580936405524,2832400
2017-11-13,101.61558532714844,105.1145465503838,101.48881340232293,104.14472730095585,2945900
2017-11-14,101.74239349365234,102.5791059052863,101.3240469599167,101.79944910141381,2085100
2017-11-15,102.2041015625,102.8838361265325,100.67789844222109,101.31915894185308,1726300
2017-11-16,102.5182876586914,102.83250874855702,101.17805589339721,101.87702731722744,1601700
2017-11-17,103.85208892822266,105.27568737550702,102.92226358180648,102.92226358180648,2209600
2017-11-20,101.96683502197266,103.69182744148867,101.91553300454973,103.4930382395119,1440200
2017-11-21,102.05657196044922,102.21047795368433,100.93436644502235,101.94755888456184,1407900
2017-11-22,101.53074645996094,102.63371498033254,101.47303538019699,101.90267861542168,1152200
2017-11-24,101.31915283203125,102.53113471185553,100.99211351948944,102.03095233509364,589500
2017-11-27,100.2867202758789,101.48587417297301,99.6198137205861,101.31914998036426,1377800
2017-11-28,100.11356353759766,100.40213852536588,99.09396192104319,100.15203759333836,2312400
2017-11-29,101.7872543334961,102.58882978452344,99.72239518886113,100.06868126322463,2627300
2017-11-30,103.72384643554688,104.08936947829434,101.87060468660889,102.18482573468013,2655100
2017-12-01,104.1086196899414,104.39076601911577,103.2300863740087,104.0124247684185,1725100
2017-12-04,104.9551010131836,105.29496828293543,104.07015842447063,104.65370780644392,2498800
2017-12-05,104.3651123046875,105.3205936603168,103.92906000377029,105.3205936603168,2010500
2017-12-06,104.37155151367188,105.12182509613903,103.74311898717825,104.43568147519215,1310800
2017-12-07,103.92906188964844,104.608796244504,103.6917889240975,103.92906188964842,1137900
2017-12-08,104.04450225830078,104.3587233839716,103.07620255490163,103.79441108802644,1423800
2017-12-11,104.05089569091797,104.73704892800632,103.66614537097684,104.07655158316092,1122300
2017-12-12,106.6736831665039,107.28287865642095,104.83325896272606,106.44923808791741,4140500
2017-12-13,106.34021759033203,107.9497777366281,105.93622039090181,106.94300395619375,1878300
2017-12-14,106.21196746826172,107.59067346994256,105.99393148697364,106.44923069467978,1342800
2017-12-15,107.60990142822266,108.44354186854983,106.60312773260307,106.70572195560189,3053300
2017-12-18,108.89883422851562,109.61062380325701,107.66760578095005,107.82792086387873,1689000
2017-12-19,108.00108337402344,109.3156692481297,107.25721890669352,108.91809090190691,1569500
2017-12-20,105.15387725830078,108.37300719400093,105.10257525231012,107.93695482036597,2263500
2017-12-21,105.61560821533203,105.75668631589798,105.03847764745986,105.4809489824295,1098500
2017-12-22,107.13538360595703,107.60991005683925,105.16670940990585,105.48093053983781,2015600
2017-12-26,108.6038589477539,109.0078561205384,106.87245786916688,107.25079914708991,1103000
2017-12-27,109.50802612304688,109.81582833277471,108.45635960369219,108.89883078415738,1617700
2017-12-28,109.75175476074219,109.93130695738022,108.96300691230653,109.55296552766872,995000
2017-12-29,110.13007354736328,110.52124281447168,109.24513099246211,109.8607453317103,1190900
2018-01-02,110.56611633300781,110.95087648465112,109.23229353479667,110.51481432713156,1442900
2018-01-03,110.0531234741211,110.68797488933555,108.91809943839345,110.36093555808738,1849300
2018-01-04,106.83396911621094,109.96973156898893,106.79548527921234,109.96973156898893,2159500
2018-01-05,107.82793426513672,107.96901233843614,106.68649151561034,107.12255368349693,2126500
2018-01-08,108.53333282470703,109.12329127355939,107.94978345790396,108.34737159669649,1874900
2018-01-09,106.1478271484375,108.63592048905913,105.89132691707422,108.31529030742672,1720900
2018-01-10,105.7951431274414,105.88491919635385,104.3779630549765,105.60276304124112,1339500
2018-01-11,105.6989517211914,106.12218592881226,105.2051784789671,105.96827991198911,1494600
2018-01-12,106.13500213623047,106.42998621682602,105.4039656932884,105.81437194573206,1238100
2018-01-16,105.83360290527344,107.795867777876,105.74382684847644,106.39791513934395,1448900
2018-01-17,107.34700012207031,107.7061142090943,105.56429677570655,106.26968721557353,1699300
2018-01-18,105.32699584960938,107.49445862138198,105.00636572525744,107.10969855821772,1947600
2018-01-19,105.32058715820312,105.99390259394218,104.54465794907287,105.7502303522371,1805200
2018-01-22,106.5133285522461,106.98144578229993,105.21157106281437,105.34623023214613,1751600
2018-01-23,106.66082763671875,108.55254357828956,106.18629148877373,107.04557794855963,2864000
2018-01-24,106.5133285522461,107.19306283324732,105.66045126867796,106.8660138523038,1802200
2018-01-25,105.29493713378906,106.59669473318237,104.26892654583988,106.17987946071167,1476900
2018-01-26,104.98072814941406,106.03880373179291,104.5382569762847,105.7117645009326,1574700
2018-01-29,104.47412109375,105.03201439258103,103.77514975397352,104.80116030602076,1678600
2018-01-30,104.27536010742188,104.82684447492947,103.40965460306836,104.40361023791853,2145000
2018-01-31,104.76268768310547,104.95506772200268,101.67822733513279,102.58240666855102,3259500
2018-02-01,102.37718963623047,105.6989226453688,102.1527544313989,104.91658439855783,2652400
2018-02-02,100.37005615234375,102.60163906218696,99.84421805541973,102.08221983001141,3166200
2018-02-05,99.47230529785156,102.07582083014557,98.98495094001031,99.8314095388774,2678600
2018-02-06,100.0238037109375,100.09434275286122,97.55495681332314,98.85671476303172,3469700
2018-02-07,99.30558776855469,101.63977527624901,99.241457813428,99.90195525483206,2055700
2018-02-08,97.5870132446289,100.59452640269525,97.56136713126725,99.00420318310101,2940100
2018-02-09,100.80615234375,101.62055594840822,97.00348213588133,98.04232105286364,3211700
2018-02-12,100.5496597290039,101.21656641909233,97.70246122141216,100.88952704965375,2338500
2018-02-13,100.96519470214844,101.36128980933707,99.67301330799133,100.36130744977734,1481900
2018-02-14,100.05613708496094,100.66651423709806,98.25098460544883,100.42626319520109,2092500
2018-02-15,101.39374542236328,101.73140269345738,99.9067713247082,100.36780393955252,1692400
2018-02-16,101.35480499267578,102.29633975708776,100.96520952537236,101.3028569487534,1909900
2018-02-20,101.0301284790039,102.2054243861668,100.99116992642455,101.27687918944046,1516600
2018-02-21,98.24447631835938,101.09505914965244,98.23148683235533,100.64701600922265,1657100
2018-02-22,100.01715850830078,101.27038132881634,98.72497713831086,98.72497713831086,1602800
2018-02-23,101.72493743896484,101.72493743896484,99.9197849093229,100.28341133139799,1071000
2018-02-26,103.28984069824219,103.341778838224,101.62104309411048,102.04310736098297,1451800
2018-02-27,99.95220947265625,104.59496427564366,99.95220947265625,103.96510804350142,1944300
2018-02-28,99.67949676513672,101.17947020919466,99.59508988108352,100.43921817006067,2076100
2018-03-01,100.60807800292969,101.87428067482145,99.2769377958325,99.54316781886729,1655200
2018-03-02,100.98468017578125,101.12753480734405,99.42626871548043,100.49767845220138,1565900
2018-03-05,102.2443618774414,103.03005220467753,100.23790785467155,100.23790785467155,1610300
2018-03-06,102.35478973388672,102.71191644302672,101.31584864890719,101.78337114634033,1472000
2018-03-07,101.24441528320312,102.91321269129533,100.81585136812001,101.73790681967479,1461900
2018-03-08,101.47815704345703,101.97814818176818,100.7573942002562,101.41321952645465,1201700
2018-03-09,101.66648864746094,101.80933337667669,100.09508763725351,101.38726916254527,1376300
2018-03-12,101.7768783569336,102.4651725945164,101.36779370671594,101.76388886903311,2259700
2018-03-13,102.2508773803711,103.41968343805075,101.32232232329854,102.03010565505241,1409100
2018-03-14,102.9132080078125,103.45215777199735,101.958683834965,102.76385367845646,2498200
2018-03-15,101.68597412109375,103.35476171030976,101.1600038836999,102.93269747045852,1792800
2018-03-16,102.03011322021484,102.62750082552859,101.3288295336094,101.62102859267608,2092600
2018-03-19,100.92623138427734,102.14698552921318,100.09508257736476,102.14698552921318,1269300
2018-03-20,100.37432861328125,101.81585487417675,100.12108804896597,101.095091743729,1318200
2018-03-21,100.21849060058594,101.06911896088016,99.55617518135017,100.55614800973734,1401000
2018-03-22,99.04316711425781,100.78339182975957,98.96525000588824,99.95873276990358,1797300
2018-03-23,98.52369689941406,100.40677625791317,98.2964353633014,99.21849081136267,1785000
2018-03-26,99.55615234375,99.69899707954166,98.54968004670816,99.21199531401267,1485000
2018-03-27,97.69904327392578,98.57564042980101,95.63415081780722,98.38083775913694,3576100
2018-03-28,101.23790740966797,101.37426232588035,98.17953262679774,98.20551159717333,2420800
2018-03-29,100.2249755859375,102.13401434168047,99.54317107627645,101.52364706792916,1761500
2018-04-02,99.40031433105469,100.97170560226215,98.68604106774363,100.36782813170753,1680700
2018-04-03,100.14702606201172,100.86778896892449,98.82887559655205,99.56262798962833,1429700
2018-04-04,101.47815704345703,101.87425211779396,99.28339975535334,99.34833727235572,2066900
2018-04-05,101.00415802001953,101.5690768407785,100.14054045348009,101.28336758170376,1477800
2018-04-06,100.0625991821289,102.10800193492528,99.72494196585794,100.99763392953078,1198800
2018-04-09,99.62109375,100.63405597714919,99.34837391254273,100.10809558290462,1310500
2018-04-10,100.6015625,100.91325073032755,99.60807979750956,100.31586315097924,1409200
2018-04-11,99.74445343017578,101.10806231086661,99.69899517705058,100.12106931063397,1269800
2018-04-12,97.34840393066406,100.07561180432137,97.16659073295865,99.76393345226583,1892600
2018-04-13,98.52369689941406,98.60162391609133,97.20554630250263,97.45229702384151,1284300
2018-04-16,98.88080596923828,99.39378654627176,98.29640800125071,99.23794246437429,1357600
2018-04-17,99.50421142578125,100.61456998218293,98.3938429613026,99.07564746348585,1630400
2018-04-18,99.05614471435547,99.92625201365041,98.90030060824272,99.71846978024138,995500
2018-04-19,97.5821533203125,98.95225183467079,96.4782847802877,98.95225183467079,1368500
2018-04-20,95.61470031738281,98.33541901187627,95.38742881519673,97.91334478039903,2333300
2018-04-23,95.38740539550781,96.37439838233055,94.77703819210228,95.705583438833,1494700
2018-04-24,95.97180938720703,96.19258112644009,94.73157593927783,95.47181817111702,1674900
2018-04-25,95.28351593017578,96.37439505579255,94.66014935262648,95.70558013538036,1899900
2018-04-26,97.50424194335938,98.36135983475597,95.38091162928119,95.71856893586798,2048700
2018-04-27,101.38728332519531,102.27038033904924,96.69258864008343,96.69258864008343,2371100
2018-04-30,101.51713562011719,101.91323077260508,99.99769253998038,101.6340211921686,2580900
2018-05-01,103.72486114501953,104.37419667511915,102.36774235697519,102.7573476382645,3064700
2018-05-02,103.36774444580078,103.88071525340493,101.47168552325103,103.00411806450026,2483800
2018-05-03,103.27033996582031,103.69241409358524,102.5106184255346,103.01709945239175,1635900
2018-05-04,103.46512603759766,103.97810667993299,103.0235826114565,103.17941680511838,1710600
2018-05-07,103.7443618774414,104.03007115507503,102.9261925991131,103.9196753730181,1650800
2018-05-08,103.08202362060547,104.2832984102802,102.65345975863858,104.16641285334619,2265300
2018-05-09,103.85472106933594,104.25081611918687,102.73137343277119,103.01707272892777,1212900
2018-05-10,104.6858901977539,104.93913069504205,103.99109632350866,104.21836775536418,1319200
2018-05-11,103.8222885131836,105.26381461309789,103.67294407092633,104.88070891387949,1151200
2018-05-14,102.60802459716797,104.21188448298312,101.8158342929161,103.6859142713463,1764000
2018-05-15,100.41975402832031,102.32231262969681,100.10807569145352,102.05608263600348,2298300
2018-05-16,101.47855377197266,102.34004466559043,101.01164360936684,101.01164360936684,1253600
2018-05-17,101.06422424316406,102.07697656186521,100.78802180204632,101.67582324711266,1064800
2018-05-18,101.3930435180664,101.84023561417388,100.28823369463022,100.64334827084805,1239400
2018-05-21,103.27386474609375,103.72105686570323,100.54471340448778,101.89285239421996,1354900
2018-05-22,104.04987335205078,104.6943457989556,102.83325788443483,103.24756661760425,1624900
2018-05-23,104.73377990722656,105.02313768976062,104.12876365038352,104.15507437676041,1495300
2018-05-24,104.41813659667969,105.20728791435491,103.66186867444999,104.72064978633364,1026300
2018-05-25,104.88504028320312,105.13493197327901,104.38523683384766,104.77981744811757,981700
2018-05-29,105.05602264404297,105.79256243992695,104.04328042470247,104.60884063499972,1605800
2018-05-30,106.26605987548828,106.82504744611639,104.34578815514851,105.10206604685727,1676400
2018-05-31,105.3651351928711,106.29239287199162,104.68777930844807,105.22045626274146,3009100
2018-06-01,105.74654388427734,106.14769721193751,104.56281193096841,105.58870961230178,1540900
2018-06-04,106.94341278076172,107.16043112473263,105.1546646437309,105.98985462787306,1397000
2018-06-05,107.14730072021484,108.59409001703877,106.7856134306135,107.1867668202593,1784100
2018-06-06,108.68612670898438,108.71901009906541,107.03547485217334,107.03547485217334,1309900
2018-06-07,108.3704833984375,109.03469391483621,107.83123380723688,108.65326857735084,1621900
2018-06-08,108.75846862792969,108.87683679339251,107.80490046689191,108.47568350832067,1282900
2018-06-11,108.57433319091797,108.92287505601082,108.0811124345109,108.4427996281945,1077500
2018-06-12,109.26480865478516,109.84352408462556,108.10081516694656,108.52826904196982,1268800
2018-06-13,106.86451721191406,109.70547411686526,106.68695489670364,109.65286268885463,1155400
2018-06-14,107.88384246826172,108.16004493977987,106.98288555980554,107.43007768126624,1277800
2018-06-15,108.16661071777344,109.15963505350454,107.85095220393862,108.07454323312982,2510800
2018-06-18,108.53488159179688,108.96891832368767,107.6997015576897,108.02193273941805,1362000
2018-06-19,108.76506042480469,109.57393980156108,108.16004405860771,108.19292745522137,1702300
2018-06-20,110.53406524658203,110.79053964872334,108.50857072228051,108.64667695478846,2165200
2018-06-21,111.45475769042969,111.48106842203356,109.92248369913254,110.11977404774578,1210900
2018-06-22,113.67092895507812,113.76956907627522,110.88915712211592,111.73091960499895,1833800
2018-06-25,112.75686645507812,113.84194830596165,111.92824900895982,113.76960884692916,2346600
2018-06-26,113.3750228881836,113.8090596222154,112.21760163203544,112.84892870286384,2723100
2018-06-27,112.40174865722656,113.9405953869722,112.40174865722656,113.61836416909988,1546200
2018-06-28,112.59244537353516,113.10539418788909,111.50078095956034,112.60559070290648,1091000
2018-06-29,111.92169189453125,112.68454265312285,111.1193850681858,112.29653457279792,2191700
2018-07-02,111.5862808227539,112.27021935741345,109.93563864929193,111.89536669300514,1131100
2018-07-03,112.55300903320312,113.43423802954716,110.76426037482288,111.49422773198987,648800
2018-07-05,113.44076538085938,113.51967748483455,111.79669631736867,112.85547719564073,1172100
2018-07-06,113.76300811767578,114.06551121020377,113.28951541801331,113.63805726157022,1134000
2018-07-09,113.20405578613281,113.96690648755698,112.5398552813057,113.3750354117881,1484100
2018-07-10,113.65782165527344,114.18392593819328,112.71740861893095,113.28955166761091,1566800
2018-07-11,112.53984069824219,113.76302872147014,112.44119051442836,113.09881826810783,968100
2018-07-12,112.88179779052734,113.17115560226203,112.13210256676156,112.55298391984756,845400
2018-07-13,112.9081039428711,113.55914895828127,112.51352330020833,113.30925725022394,987400
2018-07-16,112.23075866699219,112.65821270757564,110.83000829295759,112.65821270757564,870200
2018-07-17,112.11237335205078,113.25664922237635,111.94139375356195,112.60559415285618,1052200
2018-07-18,112.27022552490234,112.60561211047829,111.04703734245462,111.7112378476713,1501900
2018-07-19,114.40092468261719,114.68369979078925,111.57312342788225,111.82301514253126,1726300
2018-07-20,112.12554168701172,114.11815315000085,112.00717349773508,113.8222226422052,1383100
2018-07-23,112.04664611816406,112.32942130184716,111.15884442898101,112.19132506061769,1138800
2018-07-24,111.6651840209961,112.59244147429384,111.46789370663029,112.12552139811483,2066200
2018-07-25,112.53984069824219,113.07251757318605,111.70465064138035,111.90851363948448,1630400
2018-07-26,112.40174865722656,113.74988772953375,112.11239080350937,113.05937649400036,1265300
2018-07-27,110.86289978027344,112.95415144410038,110.33679551412317,112.61876486629914,1375400
2018-07-30,113.01993560791016,113.71701960297207,109.7909800873969,110.87607218456424,1721400
2018-07-31,115.88058471679688,116.51847437204334,113.04620082039183,113.79589601825745,2379500
2018-08-01,116.89332580566406,117.11691681943499,114.61792950696442,115.41366345369363,2071300
2018-08-02,115.91345977783203,117.31421005018551,115.68329609368845,116.63028162797796,1711200
2018-08-03,117.23530578613281,118.01130174089357,115.73591526794809,115.90689487630128,1190600
2018-08-06,116.45927429199219,117.71534547039964,116.11073245174738,117.14978530865501,1316000
2018-08-07,116.05814361572266,116.49218034316145,115.09143001124681,116.49218034316145,831500
2018-08-08,115.9266128540039,116.43298900448974,115.32159656006097,116.07129175414272,771700
2018-08-09,116.20281982421875,116.617128512109,114.97305915965937,115.82139453029806,1188500
2018-08-10,114.67711639404297,116.22253539897272,114.32857453144253,116.12389526223747,1214700
2018-08-13,114.94673156738281,115.36104019449193,114.32857001061565,114.87439212510347,948300
2018-08-14,115.47290802001953,115.68992648279395,114.92707552903073,115.08490987503244,959400
2018-08-15,116.49214935302734,116.63025556032805,114.28909294177672,115.23607826440862,1964000
2018-08-16,117.58965301513672,117.7692429801632,116.41236695901125,116.89126676628669,1378500
2018-08-17,118.7137451171875,118.81352183755207,117.49654220293233,117.80915765819317,1211100
2018-08-20,120.63597869873047,121.46740052942513,118.96648731640482,119.1460772736087,1779700
2018-08-21,119.86444854736328,121.088299266822,119.62499861101753,120.19035946822689,1175300
2018-08-22,119.31238555908203,120.1704085947278,118.46765796797435,120.06398414325713,898400
2018-08-23,120.0107650756836,120.50297052377897,119.16604768192774,119.37223870165073,917700
2018-08-24,120.33666229248047,120.41647553612341,119.45202829506825,119.59835934120811,1108600
2018-08-27,119.77130126953125,120.69584188646083,119.02634045035074,120.54951084068564,1165600
2018-08-28,121.34767150878906,121.38757812978301,119.1394104213367,119.93092556835498,1502100
2018-08-29,120.7623291015625,121.62700963956895,120.28342942356478,121.45407759164365,1298500
2018-08-30,120.68919372558594,121.26121236439832,120.024056245534,120.82887706204156,1070400
2018-08-31,121.74012756347656,121.7733864715253,120.38989912008734,121.26788557644353,2267000
2018-09-04,120.94197845458984,122.31216037088019,120.54289181039879,121.72018827648694,1565100
2018-09-05,121.32774353027344,122.09930552788892,119.75801849855632,120.38989714433706,2039200
2018-09-06,122.73117065429688,123.01052717800043,121.83987871768934,122.02612654935088,1710500
2018-09-07,120.84879302978516,122.1325030979806,120.57608431143017,121.75338012908777,1114700
2018-09-10,121.11488342285156,122.09929421794568,120.57612367846761,121.46740548150261,869200
2018-09-11,122.58483123779297,123.41625303111876,121.3011107113182,121.63367942864852,1740800
2018-09-12,123.0104751586914,123.70221337973733,122.17905366026746,122.64464766954723,1562300
2018-09-13,123.20339965820312,123.7355116162387,122.93734875378107,123.71555830586661,1253000
2018-09-14,121.38761138916016,122.67132207908706,119.97086506054724,122.67132207908706,966400
2018-09-17,122.02613067626953,122.4518182719087,120.18369695254071,121.41419524266992,990600
2018-09-18,120.66926574707031,121.96628207563565,120.48302802549144,121.61375994913314,1384500
2018-09-19,119.598388671875,120.98187607972964,119.12614666558459,120.98187607972964,1290400
2018-09-20,119.79788208007812,120.60270269599474,118.53412524263119,119.68480995455413,1426600
2018-09-21,120.04401397705078,121.08828473078634,119.7646574430484,119.77131531357722,2263100
2018-09-24,117.50980377197266,120.15039962443427,117.12402292598293,119.97746758279318,1211600
2018-09-25,117.72268676757812,118.72704071317916,117.62956792592765,118.10846772561369,1257100
2018-09-26,116.6052474975586,118.42106993729467,116.53208197035791,117.72268371760623,1130800
2018-09-27,116.71168518066406,117.6561792713811,116.5454007953436,117.0309483587052,1042700
2018-09-28,117.56307220458984,117.57637779852321,116.32591584784109,116.90458231901253,1740200
2018-10-01,117.4898910522461,118.61397508420339,117.21053451192661,117.58965762050552,1155600
2018-10-02,117.09747314453125,117.86237730287066,116.85136533815209,117.43004193497343,1111000
2018-10-03,115.13531494140625,117.72269962688809,113.99792525561224,117.25044749673665,1093600
2018-10-04,112.4614486694336,115.10869305297955,112.0158077664914,114.56993330687322,1950400
2018-10-05,113.92476654052734,114.35045419566173,112.87384792177811,113.39931230574986,1759200
2018-10-08,116.33921813964844,116.6983879720996,114.21077988447044,114.4502298225026,1537900
2018-10-09,116.46559143066406,117.50985212779746,115.45457949235126,116.33921366972574,1198300
2018-10-10,114.81603240966797,116.91122163161815,114.72291356530525,115.73392541066669,1697500
2018-10-11,113.33940887451172,115.35477438411743,112.96028583417753,115.35477438411743,3494400
2018-10-12,113.85822296142578,116.11304864315925,113.57221873169311,114.15754293102394,2415500
2018-10-15,113.75181579589844,115.1885050535149,113.36603483578159,113.41258918226171,1407500
2018-10-16,115.79377746582031,116.15295737618668,113.54561976236835,114.22405266116321,1255400
2018-10-17,114.90250396728516,116.53874669492436,114.084387678062,115.7671847534622,1140700
2018-10-18,115.14195251464844,116.13301103891375,114.13759854786157,114.90250260975446,1160600
2018-10-19,116.24607849121094,116.67176606610747,115.18185447937344,115.18185447937344,1734100
2018-10-22,114.32379913330078,117.10406809693328,114.25063362640574,116.38571861537912,1210500
2018-10-23,114.8625717163086,115.5742634101749,113.72518237106505,114.12426884463592,1801500
2018-10-24,115.74056243896484,117.17061402643557,114.7362085569005,114.80937408136822,2465100
2018-10-25,120.27018737792969,120.73578167457248,116.32591607743927,117.95550119028634,3018800
2018-10-26,119.56510925292969,120.71580439595398,118.56740303708656,120.436447873421,2013200
2018-10-29,120.29674530029297,121.66027894040079,119.56509013266708,120.34329963867417,1831900
2018-10-30,124.87955474853516,125.18552243753155,121.02175555469408,121.38093545695905,3125100
2018-10-31,122.06603240966797,124.85296005734803,121.54722599044078,124.85296005734803,2197700
2018-11-01,120.81558990478516,123.46283463753625,120.70251773382681,122.56490499197496,1393800
2018-11-02,119.99745178222656,121.38758663999629,118.24148929104581,120.80226242653863,1453500
2018-11-05,121.81995391845703,122.37201937398996,120.35665314975985,120.51628983603759,1011400
2018-11-06,122.13924407958984,122.21905735910195,120.39657633307053,121.72020406375867,1024300
2018-11-07,124.560302734375,124.6334682654999,122.2123681662662,122.84424676278515,1014000
2018-11-08,124.5735855102539,124.94607099850151,123.15019180789534,123.84194042259195,811000
2018-11-09,125.50479125976562,125.81740668365114,124.22772853097881,124.57359270912214,1262100
2018-11-12,124.99266052246094,127.14771006824627,124.64013839526075,125.53142037160862,916300
2018-11-13,125.61785888671875,125.82404987181252,124.23437177640884,125.51143445918906,1021500
2018-11-14,124.64679718017578,126.19656919257692,123.84863399396461,125.75758603713787,1025500
2018-11-15,122.64326477050781,124.25682118557388,121.21796532374094,123.73913760477268,1731000
2018-11-16,124.4249038696289,124.4249038696289,121.75582189686533,122.6365498043967,1609700
2018-11-19,125.6014175415039,125.64847407875888,124.02819860303946,124.53916263347236,1184800
2018-11-20,123.14749908447266,125.41318928896645,122.89874670247458,124.88206684286013,1223100
2018-11-21,123.04671478271484,124.84850850306522,122.76434458439192,123.40975924950683,1379300
2018-11-23,122.6500015258789,123.40971816330442,121.41967830660646,122.7239563335812,330700
2018-11-26,121.507080078125,123.23492876471484,121.31883332937228,122.95927807594178,1618800
2018-11-27,122.17939758300781,122.38781290162132,120.82133316537174,121.78945494293012,1721500
2018-11-28,123.90721130371094,123.92066042782244,121.70202684851526,122.17264360565898,1299900
2018-11-29,124.10892486572266,124.75433929384145,122.67017614047269,123.692084028107,1061600
2018-11-30,124.84174346923828,125.3392482879952,123.4903884138685,124.31061070599345,3131000
2018-12-03,125.6888427734375,125.71574102320677,123.75258939578578,125.38630414493034,1597000
2018-12-04,124.39801025390625,126.81161023336198,124.06857335845558,125.76953382069797,1337100
2018-12-06,128.1360321044922,128.25032399416233,122.67685809212875,123.94080882747367,2413500
2018-12-07,126.67716217041016,127.82682144177271,125.97123175877897,127.6990803828793,1472000
2018-12-10,125.11737823486328,127.03346297849949,123.40297906311167,127.03346297849949,1269900
2018-12-11,126.02501678466797,128.74116590695664,125.55439993437378,127.90749444452268,1608400
2018-12-12,122.69707489013672,126.54942401288753,122.22645802448554,126.44186177122316,1688100
2018-12-13,123.74583435058594,125.11735756487545,123.01301620400076,123.01301620400076,2518100
2018-12-14,122.80461120605469,124.2702476213292,121.93732228327187,123.45002550058237,1681100
2018-12-17,117.64124298095703,123.2953937892899,117.2378616203772,122.87183361493982,1691200
2018-12-18,117.65474700927734,119.46327019040872,116.42441328093875,118.36739697834477,1443500
2018-12-19,115.60418701171875,118.05140525906843,114.9251547586143,117.60767633707329,1833900
2018-12-20,112.99556732177734,115.80582866061121,112.77370296471025,115.60413285794343,2304700
2018-12-21,110.8509292602539,115.72519668708982,110.55511000951256,112.98215944204972,3190500
2018-12-24,108.01375579833984,111.18034272255674,107.95996955381108,110.85091608049926,1176600
2018-12-26,112.04763793945312,112.04763793945312,107.41540380978414,108.04737939422267,1542500
2018-12-27,112.49807739257812,112.51824595146232,109.31804141815373,111.28119313273903,1661600
2018-12-28,113.01575469970703,114.39398735369564,111.55682729733158,113.53342802707753,1408000
2018-12-31,112.94180297851562,113.3519140952386,110.91813538641914,113.12332000328728,1225400
2019-01-02,110.93831634521484,112.47118850002158,110.01053178331254,111.83922317127107,1439900
2019-01-03,110.84415435791016,112.82075467379077,110.46766101368037,110.48782956721595,1559100
2019-01-04,112.53170776367188,113.52672772928553,110.38029882582448,111.4896209829042,1056100
2019-01-07,113.7149658203125,114.73015426984148,112.6594402515367,112.84095728814746,1571100
2019-01-08,116.43110656738281,116.70675723198033,113.38553090663163,114.15869665425804,1616000
2019-01-09,116.59243774414062,116.935313441384,115.5032947281057,116.76051587667317,1022700
2019-01-10,116.5453872680664,116.92860009567693,114.43432622391772,115.14024621035955,1563400
2019-01-11,115.87309265136719,116.43110313922155,114.6763769207689,116.43110313922155,1470600
2019-01-14,114.79064178466797,115.920121878624,114.4208678520009,115.3352132770164,1093900
2019-01-15,115.12013244628906,116.22945486194172,114.71002117601998,114.85793083144034,1462900
2019-01-16,116.23613739013672,116.35042931327489,114.6293105152553,115.11337645953296,1359800
2019-01-17,116.49161529541016,116.90172642069933,115.20077624335492,115.98065111779793,1183100
2019-01-18,116.95552825927734,118.00433448776073,115.75208271501323,118.00433448776073,1251700
2019-01-22,116.48484802246094,117.01598058744575,115.53016560213314,116.91512756766042,1192600
2019-01-23,117.09668731689453,117.17064211514004,115.90669111191737,116.50504893093049,1299800
2019-01-24,117.83622741699219,118.34046184620668,116.33696299454795,116.9823875777598,1345400
2019-01-25,119.0732650756836,119.26823118324874,118.01772954610755,118.1992567901678,1228400
2019-01-28,120.00780487060547,120.20277102016296,118.02448465697225,118.77075208920375,1432800
2019-01-29,120.47845458984375,120.69359961515556,119.46326593068719,119.74563608239934,1817200
2019-01-30,121.85665893554688,122.77772391617299,120.12209119386458,120.49858460904967,2389700
2019-01-31,122.44154357910156,122.6432393715489,120.74059385311995,121.68855689655057,2544400
2019-02-01,120.48515319824219,124.5257484872813,118.73041679064971,124.09546880634981,2204400
2019-02-04,122.27351379394531,122.29368235529482,120.0616094102962,120.34397952786769,1531600
2019-02-05,123.70553588867188,123.8063786894579,121.76927204415931,122.58949435281102,1322900
2019-02-06,123.60470581054688,124.35769282372794,122.52900128427791,123.70554862171268,973500
2019-02-07,124.94933319091797,125.07034456611045,121.94409426949251,122.74414811219434,1579900
2019-02-08,123.77278137207031,125.34599074490612,123.32905249501043,124.29718449634892,1363600
2019-02-11,124.57953643798828,124.70054779115485,123.29541681088831,123.70552793885878,1124500
2019-02-12,124.10892486572266,125.07704650790086,123.44333161921512,125.00309170273336,1905100
2019-02-13,125.09468841552734,125.43461963404779,123.4902126491557,123.8709339540782,1281200
2019-02-14,124.93154907226562,125.44144602810557,123.8505700156162,125.12871503789661,1136100
2019-02-15,124.65960693359375,125.35306969129616,123.6670029716323,125.35306969129616,1727800
2019-02-19,123.89139556884766,125.13554574202713,123.5378743808178,124.73442917836839,1555700
2019-02-20,121.84493255615234,123.70095388767187,121.21946043204002,123.57177837991065,1727100
2019-02-21,123.83696746826172,123.8573625161912,121.36226803864463,121.48464870010147,1617700
2019-02-22,124.84322357177734,125.92420305776201,123.87101426209013,124.1497605317242,1259100
2019-02-25,124.61880493164062,125.46182783705261,124.08851298343663,125.34625245079062,1234600
2019-02-26,124.605224609375,125.06073133616101,124.02733721220491,124.7955853198563,907300
2019-02-27,123.21832275390625,124.3468869817184,122.91237623167848,124.13613119894411,1244200
2019-02-28,123.16388702392578,124.89073312577437,122.51801975498596,123.16388702392577,2336300
2019-03-01,119.36347961425781,123.38826489236307,118.2349052278828,123.1639089933454,2587600
2019-03-04,119.18671417236328,120.59403477428103,117.72501368989671,120.59403477428103,1827500
2019-03-05,119.9277572631836,120.45125436451286,118.96235362592853,119.28188987456899,1259800
2019-03-06,119.91415405273438,121.09031330230759,119.71698811345755,119.98213408009842,1572400
2019-03-07,119.24114227294922,120.75723349103977,118.80603047329564,119.77143445459315,1567700
2019-03-08,118.44569396972656,119.805419525229,117.8746117261474,118.9759861064619,1440500
2019-03-11,119.57422637939453,119.65580656422885,117.69100424639639,118.9759440269321,1351500
2019-03-12,120.96113586425781,121.18549173618041,119.66259598762034,119.84616176898948,1094700
2019-03-13,121.11073303222656,122.00815671692277,121.04954788296477,121.72260527260609,1111000
2019-03-14,122.23246765136719,122.36164317915036,120.6279918238226,121.19227891294611,1691700
2019-03-15,119.71700286865234,122.40245806666648,119.13912588237994,121.94695136905882,2628600
2019-03-18,118.52045440673828,120.04335044376512,117.99695727309147,119.81899452934506,1345900
2019-03-19,117.8881607055664,118.92834956555417,117.54822943435788,118.49323795336242,1316200
2019-03-20,118.25531005859375,119.14592846317662,116.94997502586001,117.9901640421616,1396300
2019-03-21,121.13789367675781,121.17869414027894,117.08591903944057,118.03772237736653,1445300
2019-03-22,120.74357604980469,122.35484674707597,120.6891858085879,121.18548249560924,1480100
2019-03-25,121.00193786621094,121.53903510837938,120.11131955519296,121.14471357108143,739200
2019-03-26,123.21832275390625,123.31350311947791,120.94077849888737,121.58664600625814,1106400
2019-03-27,123.12995910644531,123.53107569146326,122.16455512055701,122.67445224947656,1448500
2019-03-28,124.65960693359375,124.68000198171325,122.81037982897406,123.29308684018848,1249400
2019-03-29,123.87774658203125,125.04030560911177,123.422229593122,124.94512527722284,1613400
2019-04-01,124.36727142333984,124.50325225445442,123.0347464190167,124.19730575832753,1578700
2019-04-02,124.61201477050781,124.74119032783346,122.34808138009643,124.27888872675254,1253800
2019-04-03,124.39448547363281,125.23751899977113,123.31350621453399,124.73441684118957,861200
2019-04-04,124.99275207519531,125.03354217428404,123.98654788622989,124.7819859401023,813600
2019-04-05,125.63860321044922,126.06011467816776,124.5508189644847,124.99953074398603,762300
2019-04-08,124.7343978881836,126.1757033479801,124.42165651304335,125.78138177666435,623800
2019-04-09,124.12249755859375,124.60519410848794,123.75536601118874,124.60519410848794,709500
2019-04-10,125.72698974609375,125.75419006035521,124.1837090628677,124.88396673383502,707500
2019-04-11,125.23747253417969,126.72636265760956,124.78195554164327,125.77455933114139,872400
2019-04-12,126.12810516357422,126.13490005458452,123.95934193515794,125.12190110456241,721000
2019-04-15,125.43465423583984,126.6176189372138,124.87036701256906,126.44765328106767,651500
2019-04-16,120.3900146484375,125.31222132544201,119.71694725182788,125.1966356080051,1381500
2019-04-17,120.63484954833984,121.55946331501056,119.22752865854471,120.78442018514558,1916200
2019-04-18,121.05635833740234,121.91978692554704,120.51927133503527,120.66884196837945,1018200
2019-04-22,118.09893035888672,120.74359531345625,116.90236560897058,120.74359531345625,1297000
2019-04-23,120.070556640625,120.4852733190855,118.2757194561478,118.6904361346083,982400
2019-04-24,121.11750030517578,121.86535320521946,119.82576570387688,120.35605762431567,828700
2019-04-25,120.91357421875,121.33508573432273,119.73060949500255,120.60083284101887,905500
2019-04-26,121.43024444580078,122.15089705322555,120.66880174722044,121.30786379845537,834100
2019-04-29,119.48583221435547,122.30725738878466,119.35665668187077,121.64099505551856,1183000
2019-04-30,118.09210205078125,119.09150065308388,114.55681948852221,118.9079348922445,2193400
2019-05-01,120.84556579589844,121.64779860906187,117.11311673798562,117.86776456803753,2256300
2019-05-02,120.87955474853516,121.89934850000105,120.37645276321571,121.02912532866043,1644600
2019-05-03,121.97415924072266,122.416065809013,120.0569416084658,120.77079945821848,1069900
2019-05-06,121.09031677246094,121.75657915344297,120.55322993321482,121.41664788524493,851900
2019-05-07,118.31651306152344,121.4982761127365,117.35790409827034,120.78441815342288,2063200
2019-05-08,117.50740051269531,119.3158367676792,117.35782997287707,118.17367305329509,1013300
2019-05-09,118.13973999023438,118.28250534267231,116.14773695720966,117.08595076875503,1421700
2019-05-10,119.11872863769531,119.51984507498419,117.07233560802185,118.13972485091037,1279700
2019-05-13,118.97598266601562,119.78502100796572,118.02417895424047,118.05816379303911,1068100
2019-05-14,119.82579040527344,119.88697555319584,118.16012901058618,118.8331863854939,1408400
2019-05-15,120.3356704711914,120.96793765861193,119.13231086179331,119.94134895020561,906000
2019-05-16,120.58330535888672,121.52562776979653,120.1706142388722,120.46637568344404,900800
2019-05-17,119.99861907958984,120.86527960377612,119.25576270367243,119.47586246573977,1799400
2019-05-20,117.31612396240234,120.05368070973637,116.91030733186703,119.88172344302426,1255400
2019-05-21,118.85684204101562,119.345194707314,117.1716632497226,117.70816897926998,1775700
2019-05-22,118.0864486694336,119.1525854565811,117.82508085054685,118.88433263230586,1540300
2019-05-23,117.94889068603516,118.60921101361257,116.26371206795027,117.50180612251069,1649700
2019-05-24,117.84571838378906,118.57481528708986,117.09598745457865,118.34095599649062,1148400
2019-05-28,115.6171875,118.17591251638761,115.54841088928609,117.68755974719511,2642600
2019-05-29,112.77643585205078,116.02986374851454,112.22617060959163,116.02986374851454,2067200
2019-05-30,112.15047454833984,113.8906803649248,112.13671503526103,112.7764012005086,1519200
2019-05-31,111.49019622802734,112.02670198980273,110.5341143709725,111.4351686504815,2379700
2019-06-03,111.20130920410156,111.84787012030937,109.83941077140175,111.51771515080823,1609700
2019-06-04,111.50394439697266,112.16426476487555,110.41717346579182,111.20129799899365,1702400
2019-06-05,113.45740509033203,113.5605857499986,111.90291514181469,112.42566146629973,1169400
2019-06-06,112.54945373535156,113.53992909635835,111.7378101218567,113.40923991741485,1386700
2019-06-07,112.38434600830078,113.49175078425544,112.33620345044247,113.41608919724855,872400
2019-06-10,111.00872039794922,112.92775866416001,110.47908913634623,112.70765884474626,2257800
2019-06-11,111.88916015625,112.28810229983077,110.91931859144711,111.49710302085607,1071100
2019-06-12,111.80659484863281,112.61822794951576,111.44204635478722,112.31558154056395,1069700
2019-06-13,112.68016815185547,112.68016815185547,111.34577801915312,111.88228387728965,995900
2019-06-14,112.06109619140625,113.03781208380877,111.82723685705014,112.77644420823792,1175000
2019-06-17,114.5510482788086,114.8536947477665,112.08862945324454,112.32248881727976,1816500
2019-06-18,114.26904296875,115.91295397172426,114.04893263583777,115.36268863488202,1389200
2019-06-19,113.67749786376953,114.55791811389108,112.13675717833821,114.0007783222995,1212300
2019-06-20,113.38861846923828,114.31030683976735,111.98544138698279,113.78755006599305,1722700
2019-06-21,112.86583709716797,113.36107472468493,111.50393886921421,113.36107472468493,2620200
2019-06-24,111.44892120361328,113.49177397479451,111.16690882210446,113.08595742312276,1353500
2019-06-25,111.0775146484375,112.8933828811496,110.79550222516221,111.68968206981367,1151000
2019-06-26,109.5505142211914,111.48331179290255,109.11030413544736,111.08436976278509,1716900
2019-06-27,110.00447082519531,110.74045278524196,109.13781019045041,109.84627311708135,1199900
2019-06-28,109.88752746582031,110.94678971604816,109.57113208905547,110.27272041754348,1559200
2019-07-01,109.11720275878906,111.09815383010292,108.56693740615313,110.52036943734394,1568400
2019-07-02,111.39390563964844,111.58649692206866,109.08968476232161,109.6536990907129,1557400
2019-07-03,113.51241302490234,113.60183414871149,111.82723416314556,111.82723416314556,1109700
2019-07-05,112.08860778808594,112.8658473472016,110.43781204796545,112.65262205676889,959900
2019-07-08,112.99652099609375,113.63620727492302,112.11610092052445,112.11610092052445,1498500
2019-07-09,113.16848754882812,113.67748471080793,112.43251608689215,112.79017955650775,2712700
2019-07-10,112.72139739990234,113.82191728317666,112.31557039429883,113.62245153094621,1555200
2019-07-11,111.80659484863281,113.39547800019318,111.23569557637131,112.65949600611162,1011400
2019-07-12,111.60712432861328,112.13675557155341,111.42829257567635,111.9854323592848,844800
2019-07-15,111.8409652709961,112.7420193051669,111.4764168525214,111.80657173246492,1019700
2019-07-16,111.44202423095703,112.2398976560994,111.22191397889397,111.63461545379496,1155400
2019-07-17,110.14888763427734,112.18486520493505,109.76370524142041,111.8959679148593,1109900
2019-07-18,109.63304138183594,110.30023621449169,109.27536743654609,110.30023621449169,2152500
2019-07-19,107.60393524169922,110.20392717159903,107.46637158578423,109.68805559034217,1790700
2019-07-22,106.70291900634766,107.96164736974843,106.64100641814527,107.61084785320719,1602900
2019-07-23,108.84892272949219,108.94521835505945,106.9642677771775,106.97115278321262,2757700
2019-07-24,109.48175048828125,109.77752244243206,108.70450029004161,109.30979322286105,1054700
2019-07-25,108.8970718383789,109.91505562821203,108.13358137214516,109.30976286350472,1149000
2019-07-26,108.90397644042969,109.64683308544068,107.85159881719044,109.25476548302993,1556600
2019-07-29,109.80500793457031,110.69230261986796,109.21347464589309,109.21347464589309,1042800
2019-07-30,110.19707489013672,110.56849788557062,109.67431819860627,109.69495222638392,1385600
2019-07-31,111.56584930419922,113.12034938854998,110.43781028935952,111.77220008035793,2481600
2019-08-01,108.31929016113281,111.02246314404796,108.23675405325127,110.74732529204968,2441000
2019-08-02,109.53677368164062,110.10767303940253,107.81720109637153,108.2574112583829,1113600
2019-08-05,106.4415054321289,109.29599071727232,105.12087541255235,108.6769490034014,2052700
2019-08-06,105.55420684814453,107.26689375515826,105.34097111492439,106.64785206510602,1628300
2019-08-07,105.59552764892578,106.65477985775449,103.724631634644,105.23785357387327,1792900
2019-08-08,106.71665954589844,106.88174227558403,104.83888941326201,105.7537031946585,1235500
2019-08-09,106.57911682128906,107.17065026641494,105.8018770760965,106.57911682128905,1229100
2019-08-12,105.26531219482422,106.62033573519894,104.68753853676318,106.31081488234013,1413900
2019-08-13,106.86109924316406,107.10871806911182,105.12089295082762,105.28597566660486,1549300
2019-08-14,104.63256072998047,106.25583784746377,103.862195486239,105.8912892592333,2976000
2019-08-15,103.14696502685547,105.44857636482945,102.67269914656069,104.6325525585427,2882100
2019-08-16,103.64913177490234,105.44857292064076,102.67269579303841,103.4329217105149,1899200
2019-08-19,104.5907211303711,105.05103494705867,103.81654295556386,103.99090731347219,1082600
2019-08-20,102.8888931274414,105.0300812807355,102.83309527218793,104.62555481191241,1295800
2019-08-21,102.79126739501953,104.58372724607406,102.00313718590998,103.9350970205041,1525600
2019-08-22,103.7118911743164,103.96995759418328,102.14261235836973,102.8749446009488,1164100
2019-08-23,101.84969329833984,103.69098022836219,101.48004176392148,103.39107868405661,1747200
2019-08-26,102.51226806640625,102.94469881694106,101.87759002959763,102.52622019186957,1022300
2019-08-27,101.45909881591797,103.36315397480388,101.42422382776357,103.20971254080625,1855300
2019-08-28,102.20540618896484,102.37279980190517,101.44518015127785,101.54980515024894,1220800
2019-08-29,103.37709045410156,103.73977111978763,102.19141553274972,102.52619195519422,1280500
2019-08-30,103.87926483154297,104.35353056333506,103.26549916230516,103.83741910724967,1420500
2019-09-03,104.27680969238281,104.30471393676895,103.29340324596778,103.50263186710862,943600
2019-09-04,104.72321319580078,105.11379823776618,104.29776380143414,104.76506957491988,1048100
2019-09-05,104.66043853759766,104.9254757115857,103.43988828822637,104.38145988039709,1055400
2019-09-06,105.49040222167969,105.74148724109149,104.7022721747352,104.73017642264338,1021900
2019-09-09,110.3447265625,110.51909089136647,105.16958391647125,105.73453328157606,2675900
2019-09-10,112.44406127929688,114.10401297797995,110.00993158963632,110.18429590614159,2190900
2019-09-11,110.10757446289062,111.91399685828925,108.80333278949269,111.08402101436211,2704700
2019-09-12,108.29418182373047,110.37957202906851,107.48512892204941,110.37260128835396,2739600
2019-09-13,107.35958862304688,109.7239789004435,107.21312856130291,108.9498009327379,1481700
2019-09-16,107.680419921875,107.75016990091436,106.5923883599179,107.12245201661806,1303600
2019-09-17,107.5269775390625,107.88965827065238,106.32037953720017,107.88267688739809,989800
2019-09-18,108.67779541015625,109.16601336390406,107.4642159459661,108.10587534837082,1254000
2019-09-19,107.8408203125,109.15204315014365,107.80595596914469,108.85214168623872,982400
2019-09-20,108.13375854492188,110.10756367864748,108.11283568051523,108.51039138894559,2128200
2019-09-23,108.07103729248047,109.04050278995575,105.39280305170287,106.30647067220069,1285900
2019-09-24,107.40843200683594,108.37092655634676,106.5226581915956,107.9454771467294,1110500
2019-09-25,107.24102783203125,108.42671372512567,107.15733636375768,107.68740006674618,979400
2019-09-26,108.53829956054688,108.57317455335576,107.24102858147305,107.63161360163751,945000
2019-09-27,110.17033386230469,110.19822746510432,108.66382389469338,108.78239033070659,1355000
2019-09-30,108.5592269897461,110.36564952656302,108.46856477545744,109.97506448998499,1255600
2019-10-01,106.26458740234375,109.43103864563376,105.79729232031379,108.74056277685733,1666000
2019-10-02,104.0396957397461,106.20878819280723,103.6142463955009,106.20878819280723,2144500
2019-10-03,102.87494659423828,104.48607117371729,102.8470529862719,104.09549680806823,1993300
2019-10-04,103.22368621826172,103.9211435575743,102.3867395395575,103.25157982919828,2070300
2019-10-07,103.37709045410156,103.97690397558789,103.10508261542466,103.23061978295989,1510400
2019-10-08,101.73812866210938,103.11910226341517,101.4870435202681,103.09119800190084,1605700
2019-10-09,101.8148193359375,102.54715167013237,101.32660132725907,102.31698947125088,1209400
2019-10-10,102.65874481201172,102.97956922005103,101.661375308654,101.96825823276407,1549700
2019-10-11,103.64217376708984,105.38581726490524,102.73547701975477,103.02143710756177,1295800
2019-10-14,103.67703247070312,103.79560958736246,102.08683053878151,103.46780377625667,1103200
2019-10-15,103.84439849853516,104.08153138418693,103.00745201588946,103.62121773626053,1072200
2019-10-16,103.7258529663086,104.47212676097574,103.09814563836972,103.7816508287138,911600
2019-10-17,103.78860473632812,104.17917906746007,103.47475112326511,103.65608616490428,902600
2019-10-18,104.56279754638672,104.86270972057942,102.95167287988495,103.85138811775536,1271100
2019-10-21,106.82952117919922,106.89228977487507,104.81387023779367,104.84177448632911,1417800
2019-10-22,107.76412963867188,107.82690888738348,105.85310334054577,106.82953935839456,1211600
2019-10-23,107.88969421386719,109.01260112959217,107.42936974453386,108.10590431972967,1227100
2019-10-24,107.71530151367188,107.98730942083354,105.87401476311139,107.88966582960508,1176700
2019-10-25,108.49645233154297,108.62897091697909,107.02481705105059,107.69438071975546,1171000
2019-10-28,107.29681396484375,108.55223906350544,106.52263604086508,108.19653971986479,1068200
2019-10-29,106.62029266357422,108.24536942859456,106.25064115075347,107.14338563179457,1313500
2019-10-30,105.44161224365234,107.93154044992335,102.28911223032546,107.40844736212081,1885600
2019-10-31,105.09286499023438,106.31341531325327,104.52792625778517,105.72058297034236,1559000
2019-11-01,107.47817993164062,107.49910280037065,105.44159514151399,105.82519880548834,1217400
2019-11-04,110.2401123046875,110.47724526085086,106.9690354741427,107.33868703591357,1810900
2019-11-05,109.08927917480469,110.45628927656999,108.4685427154379,110.19823352765908,1824200
2019-11-06,108.16169738769531,109.84954305791521,107.86876654995689,109.13116277057571,1942300
2019-11-07,108.78240203857422,109.5286757202353,108.06402196271486,108.48248990385537,1585700
2019-11-08,107.75018310546875,108.71266695157588,106.96902368543857,108.16865110392936,1164600
2019-11-11,108.3988037109375,108.78240732405236,106.97599561416502,107.49210716421683,1449200
2019-11-12,107.12947082519531,109.45199481716315,106.96904794583223,108.29422351405645,1514300
2019-11-13,107.64554595947266,108.41972390784485,107.08757804889177,107.12245303874421,1313100
2019-11-14,108.58599090576172,109.16578934759916,107.45466161020005,107.482939987469,1120700
2019-11-15,108.89000701904297,109.42031549478506,108.19707363170296,108.81222801103465,1034100
2019-11-18,108.6849594116211,109.20819020386064,108.27485289471625,108.98193086403765,981100
2019-11-19,106.65564727783203,108.52941052769808,106.33039742650128,108.52941052769808,1124400
2019-11-20,104.81017303466797,106.54958973019825,103.14146845757598,106.28797431245458,1801400
2019-11-21,103.59400177001953,104.86674442459072,103.39602077810345,104.71826407523109,1506800
2019-11-22,104.43544006347656,104.79605682319377,102.18693673676204,103.99705506524684,1224800
2019-11-25,105.5243148803711,105.94148827253294,104.0323800062819,104.55561077300929,1513100
2019-11-26,106.58495330810547,106.79000120339383,105.05766207099785,105.88494212714232,2012400
2019-11-27,106.9243392944336,107.00918520450013,105.70816423409296,106.58494486501311,1088700
2019-11-29,106.91727447509766,107.18595679191206,106.10412826093265,106.63443678745803,789500
2019-12-02,105.25564575195312,107.11526459607644,104.55563455315081,107.03040788797115,1820800
2019-12-03,104.73239135742188,105.42533557520616,103.28289006867773,104.97987297650972,1729200
2019-12-04,105.45360565185547,106.01927017301414,103.91218089058029,104.03944974353547,1712800
2019-12-05,105.00106048583984,105.71520522861861,104.21620364256144,105.41823382699323,1379300
2019-12-06,104.81726837158203,105.90616397048608,104.64756573224429,104.66171031614485,1078400
2019-12-09,105.91322326660156,106.14656033301104,104.37886509277754,104.9869526869841,1045300
2019-12-10,105.38289642333984,106.10411897727373,104.62632860205382,105.99098391211672,1896000
2019-12-11,102.80913543701172,104.25158057863153,102.3566059549485,103.67884913295897,3609200
2019-12-12,101.8262939453125,103.7212685035427,100.68789798909287,102.93641153013473,3093100
2019-12-13,102.06671142578125,103.35358774781072,101.3171996989729,102.5758084379907,2403100
2019-12-16,102.93643188476562,102.95764336479638,101.04145695182342,102.56874824897284,2422300
2019-12-17,102.28591918945312,103.24046813839921,101.78388899783072,103.24046813839921,2263400
2019-12-18,102.06671142578125,102.8798467926735,101.6424603192221,101.6424603192221,2007700
2019-12-19,102.77379608154297,102.83743051491115,101.64246691672113,101.97479445429425,1765100
2019-12-20,102.87279510498047,103.85563321762368,102.26470751656525,103.42431515154829,2836500
2019-12-23,102.50511169433594,103.4101707874975,102.03137066816195,102.9647081377293,1429600
2019-12-24,103.07077026367188,103.38895322801433,102.37782600719163,102.66066370039422,518600
2019-12-26,103.6717758178711,104.15966137783225,103.22632400199058,103.24753547945373,1043700
2019-12-27,104.35762786865234,104.63338782653429,103.8131856371629,103.96166595878626,1087200
2019-12-30,104.35762786865234,105.22026379621184,103.86974237644132,104.3647055529268,1070800
2019-12-31,105.32634735107422,105.33341424722862,103.94753657100269,104.15966213633327,1473900
2020-01-02,102.58995819091797,105.89201159912146,102.42026635321594,105.6445407394208,1849300
2020-01-03,102.77379608154297,103.21924790427467,101.81923642440239,102.02428430608465,1308200
2020-01-06,103.31114196777344,103.84851723341212,102.16567933797587,102.5899195616428,1026700
2020-01-07,102.13740539550781,102.87277248870019,101.47275041136767,102.27175192921524,1621600
2020-01-08,102.80913543701172,103.27580949983894,101.84044204317809,102.46267412694773,1397600
2020-01-09,101.98188018798828,102.57583404326634,101.3667256401593,102.4273428821577,2236400
2020-01-10,102.3778305053711,102.49096558762295,101.57883961121115,101.99601308921518,1912800
2020-01-13,102.73136138916016,103.69298793364179,101.96064893217644,102.22227513775638,2061300
2020-01-14,104.03240203857422,104.11018105944557,102.63237966288989,102.88692820490928,1584800
2020-01-15,104.01117706298828,104.4707734426752,103.36773350010345,103.9758210055153,1357000
2020-01-16,105.02935028076172,105.38996692773607,103.96166649761385,104.1879366125117,1103900
2020-01-17,104.48490142822266,105.70107624588206,104.36469948322929,105.10712262647354,1436900
2020-01-21,105.43242645263672,105.98394656258739,104.24452951563454,104.45665512465172,1628800
2020-01-22,103.24044036865234,105.81420349492474,103.1909505259763,105.56673270323948,1582600
2020-01-23,104.11722564697266,104.15964859669336,102.11619380163978,103.1626661216448,1561300
2020-01-24,102.3990478515625,104.5061374087296,102.27176819285859,104.08896395077878,1893300
2020-01-27,100.14346313476562,101.75560015255891,100.14346313476562,101.64246508028991,2061600
2020-01-28,98.98383331298828,100.66667127989216,98.95554415671823,100.28485398346156,1422400
2020-01-29,99.01213073730469,99.95961266083057,98.8565727153343,99.18890023598432,1667500
2020-01-30,96.48079681396484,98.94850306824425,96.23332597239627,98.30505945968747,2639600
2020-01-31,94.1474380493164,96.31817284178315,93.94239016202825,96.1626148076384,2920300
2020-02-03,93.89995574951172,96.02118964089006,93.7090416783247,94.31006226320996,2812300
2020-02-04,97.07473754882812,98.4535483323646,91.92721037703231,93.03732805786454,5060800
2020-02-05,99.32325744628906,99.4363925269891,97.04646519568769,97.06060977806398,2811900
2020-02-06,99.5990219116211,100.85762007045724,99.00507889514562,100.2495324709736,2151300
2020-02-07,99.71215057373047,99.72628436667249,98.48889776748555,99.21719809188667,1983500
2020-02-10,101.15457916259766,101.18286832514165,98.8707201936893,100.4828572057604,2893300
2020-02-11,100.4616470336914,102.03136111149553,98.89899985203796,101.46569653396311,3060400
2020-02-12,98.40404510498047,100.74447158582177,97.56262054897076,100.39801026686777,4957300
2020-02-13,99.54553985595703,100.53624956669513,98.00202466481018,98.30354596411762,2557100
2020-02-14,99.73217010498047,99.98344327452911,98.97836155078437,99.68909720836066,1501100
2020-02-18,99.91165924072266,100.20600534056518,98.96402254332493,99.76090408530648,1594300
2020-02-19,98.36096954345703,99.69628427027043,97.21949382901443,99.69628427027043,2267800
2020-02-20,100.88802337646484,100.89519854225193,98.10252542785422,98.36815992429854,2202300
2020-02-21,102.12284851074219,102.49616533001436,100.39986634471492,100.39986634471492,3180200
2020-02-24,101.06751251220703,101.26135155484033,100.05525534500883,100.78752765260464,3097400
2020-02-25,97.11898040771484,101.25414302381294,96.78156142666106,101.06749014353973,4040700
2020-02-26,94.92937469482422,98.61943703889706,94.90783823976656,97.87998953670886,2228300
2020-02-27,90.31317901611328,95.1518907000353,89.75320400249679,93.3571137361,3834700
2020-02-28,88.36048126220703,90.37780928405569,86.08470485953193,88.89173383291656,5789400
2020-03-02,91.33262634277344,91.4115969806159,86.40057644647699,88.62609915975608,3437900
2020-03-03,87.92254638671875,93.54378989400321,86.96772360138543,91.23211598308059,4913100
2020-03-04,88.65481567382812,89.33683431644393,86.2139175138002,88.53277213513311,3673600
2020-03-05,86.07752990722656,87.17593285974463,84.42633241802832,87.1543964061229,3553600
2020-03-06,85.47447204589844,85.9267594291418,82.59565321163738,83.96686021528039,3613100
2020-03-09,73.97354125976562,80.7865143022072,73.94482416592926,80.76497785113632,6489400
2020-03-10,80.00398254394531,80.75778560928661,73.78687229057661,76.81645678985976,6009900
2020-03-11,72.86795043945312,78.64713490657564,71.7910841768011,78.02255050243645,5926000
2020-03-12,59.9383659362793,68.73277247007138,59.414294165184614,66.42109901911871,7611300
2020-03-13,64.44686126708984,65.52372765358426,58.581530329851084,63.78638453124076,7038700
2020-03-16,47.23136520385742,56.635998179856664,46.893946158525736,56.62881753625511,5743600
2020-03-17,42.2562370300293,48.43745046609792,38.7384724398497,47.776973736722745,10561600
2020-03-18,32.24855422973633,39.87276946690139,31.243480677846467,39.12614152187744,12166900
2020-03-19,40.016353607177734,42.715697307682014,32.66494499999213,33.246453797980465,10392200
2020-03-20,34.560237884521484,45.522740065826945,33.138774318702545,42.3352159550766,9258400
2020-03-23,36.01041793823242,37.41752293036002,33.059803102598885,34.81868571206504,10694900
2020-03-24,39.2912712097168,41.05015381972629,37.73340555479713,39.090256993240274,7401800
2020-03-25,44.75455856323242,49.923516776443385,39.29125703694786,40.001989920941945,8662200
2020-03-26,44.58226776123047,47.015985381411994,41.92599950494363,45.00583532045999,8730100
2020-03-27,41.760868072509766,43.40488438898815,39.987630337276016,43.37616730099263,4837800
2020-03-30,40.3968505859375,41.63883623464774,39.3487012276428,41.33013429864666,4848900
2020-03-31,39.38459777832031,41.150658175678565,37.90570013692026,40.64094202449692,6507700
2020-04-01,33.770530700683594,36.850369238185735,33.02390267851104,36.433979585531205,8728800
2020-04-02,31.595252990722656,34.804315131673775,30.33173119220259,33.11004521151714,7679000
2020-04-03,33.54079818725586,33.827960904626735,31.724481744593014,31.73884029125347,6759100
2020-04-06,38.81025695800781,39.800971842320735,35.86682117711128,36.32628362872519,8207200
2020-04-07,43.70641326904297,46.19038141156223,42.3567401056448,42.3567401056448,8424900
2020-04-08,45.16377639770508,46.915478077162724,43.29002843633641,44.51047756238237,6692100
2020-04-09,48.93998718261719,53.2474527977398,47.31751241119022,47.382121766348696,9095600
2020-04-13,46.87958526611328,49.478419291045796,44.64687912815941,49.24868801573863,4123200
2020-04-14,48.638465881347656,49.82302002039759,47.15239046391434,47.461092385276125,5105100
2020-04-15,43.950504302978516,46.161671095362905,42.931069444306615,45.80271292203432,5168400
2020-04-16,38.121063232421875,44.75456037694975,37.41033305823714,44.51764849314656,8421600
2020-04-17,40.28915786743164,44.07254853823304,39.85123179192488,41.89727944556279,9279000
2020-04-20,38.64514923095703,40.920925714956304,37.50367066725847,38.79590987895553,6498400
2020-04-21,38.45131301879883,39.46356738958266,37.18778816221248,37.496490102252714,6130100
2020-04-22,37.66160583496094,39.59278794345074,36.972412015816666,39.40612957246616,5913200
2020-04-23,38.1569709777832,39.52818088658798,36.90780462518725,37.78365692687652,5861000
2020-04-24,36.965232849121094,38.50873961603082,34.912007270095984,38.322083990034315,10103600
2020-04-27,41.05731964111328,41.68908194231492,36.9724079785139,37.51084110441458,7038000
2020-04-28,45.465301513671875,47.138035331979815,42.16290951970619,43.63462641092616,15427700
2020-04-29,49.39227294921875,52.105975320921985,47.60467083427566,47.64774921352016,16205700
2020-04-30,47.93490982055664,49.27740521561836,45.41504369097715,47.68364209346639,8992000
2020-05-01,45.37196731567383,46.41293861993954,43.49821951571807,45.587340027925755,6430000
2020-05-04,45.23556137084961,45.59451679519367,42.643905507519996,43.36181635620813,3763600
2020-05-05,43.469505310058594,47.58313452007222,43.139266946771095,46.62113652404676,5189500
2020-05-06,40.016353607177734,44.40996742058491,39.66457607141901,43.570010267935096,7686400
2020-05-07,40.920921325683594,42.19880185212956,39.6789357965376,40.13839833464794,6753600
2020-05-08,41.65319061279297,43.43360931043858,41.50242998154445,42.098294602551185,8335500
2020-05-11,39.54253005981445,41.40191649120899,39.420483793929534,41.35166295190711,9361400
2020-05-12,39.15485763549805,43.46232264960487,39.12614054480367,43.31873993474548,16602200
2020-05-13,36.73550796508789,39.12615313151097,35.3355835760438,38.192869292610446,13982300
2020-05-14,37.00830841064453,38.40105738700824,33.921291916253075,35.89554700132601,10654900
2020-05-15,36.84318161010742,37.43186824019889,35.4504356601419,36.218599988154246,7579200
2020-05-18,40.856300354003906,41.43062840179788,39.32714970163007,39.37740323464879,9214700
2020-05-19,40.82758712768555,42.29930374514188,38.882049483667366,41.10757190629768,7025000
2020-05-20,39.96609878540039,42.615191778794404,39.45638269988043,42.06240005305382,7010000
2020-05-21,40.2030143737793,41.143478731638034,39.19793791898961,39.88713453245743,6061100
2020-05-22,39.190757751464844,40.49017751977756,38.68104164878023,40.36813123768227,5301500
2020-05-26,42.53621292114258,42.73004915675847,40.8491237150738,41.638824462890625,10442100
2020-05-27,45.36478805541992,45.443758691327744,42.66544431982769,44.905325524988285,9220000
2020-05-28,42.895179748535156,45.79554067666557,42.25623943397354,45.695033580704816,7862000
2020-05-29,41.42345428466797,42.62954466455537,40.461453689724735,41.4090957398345,8489700
2020-06-01,44.22331237792969,44.36689511225413,40.82041608908866,41.14347655666543,6494900
2020-06-02,45.551448822021484,46.298074104036964,44.82635725282631,45.22121045318648,7797600
2020-06-03,52.32134246826172,53.692554865174536,47.023162195720566,47.16674217947387,17321700
2020-06-04,55.08530044555664,55.889357070457784,49.99530980810935,53.92946357003627,17516800
2020-06-05,63.606903076171875,66.73699496116988,59.84505158655262,59.866588036665505,23237100
2020-06-08,68.56050109863281,68.6035740062965,63.987406016901595,68.11539430294494,15401100
2020-06-09,62.0777587890625,64.84171476501692,60.11785954663623,63.17616163198985,12537800
2020-06-10,59.59379577636719,62.8602876569327,55.99706000402379,62.8602876569327,15585400
2020-06-11,51.63214874267578,56.46369133459349,50.540926624193304,51.467032308904734,13082500
2020-06-12,54.546875,56.140632667488454,52.27827382678233,55.81757493911697,10647500
2020-06-15,53.4053955078125,54.460725488088606,50.84245361738162,51.59626231107196,9850000
2020-06-16,54.21662902832031,58.35897800921847,53.54897166890266,58.11488545384427,11006200
2020-06-17,51.452674865722656,54.094587298336805,51.33781196546589,54.065870203966185,8312400
2020-06-18,50.94295883178711,52.01264458168548,49.234332793668,50.26094564056633,8103300
2020-06-19,48.186180114746094,52.05571930991838,48.10002883756426,52.04853866751357,13314800
2020-06-22,49.21280288696289,49.420992263967314,46.728825923919594,47.63339534779903,6269600
2020-06-23,50.34709548950195,51.76856165213197,49.808662249861605,49.8158428933468,6921700
2020-06-24,46.743186950683594,48.9399929191855,44.98430440394946,48.767695808007765,10487700
2020-06-25,46.621131896972656,47.83439749712547,45.249919557779315,45.4365779105817,7432000
2020-06-26,44.438690185546875,46.441662451237,44.115629700981856,45.8314364829224,11016500
2020-06-29,48.9112663269043,48.947164061826946,44.00075853232436,44.969937125757205,9412900
2020-06-30,49.09074783325195,51.33063192543589,48.50924172778794,51.23012483257114,10456500
2020-07-01,50.11736297607422,52.35724717039118,49.70815394297291,50.110187809989405,7979600
2020-07-02,49.39944839477539,52.378779792677626,49.3061219474635,51.55318114353957,6470600
2020-07-06,49.4856071472168,50.677336599954046,48.107219294450914,50.05275751394605,6075600
2020-07-07,47.33187484741211,48.57386335032366,47.066245792151136,48.45899495543463,5294900
2020-07-08,47.17392349243164,47.956449203519455,46.2191007029455,47.38211830589123,6884900
2020-07-09,44.69108963012695,47.16660469980676,43.84882773431771,47.056743480740565,9286300
2020-07-10,46.858978271484375,47.04940115029831,44.171070086341786,44.31022515955636,5824100
2020-07-13,46.6465950012207,47.70857647081887,45.55531962985031,47.44491179766217,5124300
2020-07-14,45.357566833496094,46.84433907393121,44.94742151473733,46.199828593735674,5240500
2020-07-15,48.77056884765625,48.86578453223995,46.74914656927414,47.269150490814276,7163100
2020-07-16,46.067996978759766,48.052801853280535,45.84827457261147,47.60603705847913,5227200
2020-07-17,45.70180130004883,46.551385935275626,45.4674333174957,45.98743710416754,4932300
2020-07-20,44.251644134521484,45.69447425046038,44.0319245072234,45.51869966617658,5644400
2020-07-21,44.63982391357422,45.68715715426909,44.22967850943714,44.661795040869904,5207900
2020-07-22,45.43080520629883,45.511369713792,44.0319202680518,44.720378572894234,4059700
2020-07-23,45.26236343383789,45.91419962036658,44.390807592530216,44.691091772635126,3274200
2020-07-24,44.361507415771484,45.61391186432687,44.16375890380694,45.1158791957984,3115400
2020-07-27,45.37954330444336,45.39419165261325,43.233609190572835,44.2882679077108,4299800
2020-07-28,46.97618103027344,47.65731391318391,44.932782381542026,45.09391143157284,5328400
2020-07-29,48.03816223144531,48.06745893180812,45.88490783863421,47.305761485697836,3809600
2020-07-30,46.59532928466797,47.31308159739931,45.862928623445775,46.50744198760961,3311300
2020-07-31,45.66517639160156,46.80039955917581,45.04263699780442,46.36828309248206,5134400
2020-08-03,44.69841003417969,45.255036083525205,43.8781221020716,44.83024237250432,4149800
2020-08-04,46.1339111328125,46.6026470302619,44.72770064657798,44.84488462094033,4097700
2020-08-05,45.77504348754883,47.29843827588018,45.60659166278108,46.77843165850756,3380800
2020-08-06,44.82292175292969,45.92884554001114,44.815596181621984,45.92884554001114,4865100
2020-08-07,45.54798889160156,45.80433075870505,44.31755575238663,44.80826557039902,6391300
2020-08-10,47.95027160644531,50.65283180187608,46.74180941243632,47.76717144334618,18253800
2020-08-11,49.18070602416992,51.99312191004158,48.94633803368062,49.92043226418484,13635300
2020-08-12,49.678733825683594,50.49169893521356,48.060129177168655,49.65676270182166,6873000
2020-08-13,48.353092193603516,49.98634822802623,48.140700905919644,49.19535412379172,5499400
2020-08-14,49.93507385253906,50.132819558774194,47.730546450130724,47.884349907818766,5334300
2020-08-17,49.93507385253906,50.088877310227105,48.47027263138834,50.0595806152713,4441600
2020-08-18,47.701263427734375,49.43705538392443,46.78576519599355,49.341845288858025,8189200
2020-08-19,46.78575134277344,48.074775175868695,46.683215705285775,47.693929320596396,4962300
2020-08-20,47.510833740234375,47.9356218845023,46.0680035182206,46.38293603159302,4220400
2020-08-21,47.25448989868164,48.001541729081836,46.80040504860877,47.45956678491077,3014100
2020-08-24,50.16944122314453,50.1840867765603,46.771102877824916,47.64266138205162,5515800
2020-08-25,50.27931213378906,51.37058767648379,48.7192949747355,50.79931599088217,5053500
2020-08-26,48.565494537353516,50.250018587400994,48.155351883543524,50.15480849641641,4363500
2020-08-27,49.48831558227539,50.608887770706815,48.792537145259814,48.792537145259814,4207400
2020-08-28,51.1508674621582,51.19481530836055,49.03422966867331,49.87649167777938,3676900
2020-08-31,49.69338607788086,51.14354191375947,49.39310469833346,51.12889077069441,4089900
2020-09-01,49.21731948852539,49.715352134239765,48.26520203403572,48.814502499701284,3485200
2020-09-02,49.686058044433594,49.825215957787165,48.3091468165577,48.80717948838917,3595200
2020-09-03,49.80324935913086,51.985805980842784,48.97563855049692,50.16944972206565,5310100
2020-09-04,51.443824768066406,53.084406396404944,50.41846264729833,50.90184980237326,6858400
2020-09-08,51.30467224121094,51.81735050580542,50.381845777166866,50.8725529143893,3899300
2020-09-09,50.43311309814453,51.39255623560103,49.77395134471971,51.22410720225432,4332700
2020-09-10,48.47760772705078,51.14354602633229,48.338449795612,50.23536506758086,4586200
2020-09-11,46.98350524902344,48.67534905008146,46.4195563840418,48.6607034949431,5096600
2020-09-14,49.65677261352539,49.75198269852245,47.261819054616375,47.60604829789116,3529100
2020-09-15,52.051719665527344,52.60834578498899,49.576207209348496,49.82522077545489,6836300
2020-09-16,54.285545349121094,55.07653390873382,51.297348961953126,52.022424136504064,8906800
2020-09-17,52.64495086669922,54.373416655857696,51.91255029799725,52.34466953917332,4973200
2020-09-18,51.143531799316406,52.65960071583957,50.96775164394216,52.3226971330314,5821500
2020-09-21,47.510833740234375,49.231974206806264,47.12998226055095,49.122112988137054,7010300
2020-09-22,47.686614990234375,49.122119841198845,47.422950263753705,47.62069601472697,6154600
2020-09-23,46.06067657470703,48.92436580724316,45.93616980488551,48.030836117420904,4440600
2020-09-24,46.01673126220703,46.9908254059961,43.65107485411546,45.44545689159398,5337500
2020-09-25,46.5660400390625,46.82237917857434,45.40884553752431,45.40884553752431,2601500
2020-09-28,48.18464279174805,48.73394331752569,47.45956766229824,48.19196836333511,3771800
2020-09-29,46.86631774902344,47.85505469242834,46.068000947058756,47.84773470929298,3816800
2020-09-30,47.37166976928711,48.42632839327301,46.65391753567809,46.98349835567369,4188200
2020-10-01,48.72661209106445,48.74858321550192,47.05673958053811,47.48885326187025,3426200
2020-10-02,49.94970703125,50.16942939509638,46.91024972059666,46.96883750822011,5346800
2020-10-05,50.35987091064453,50.777339063039044,49.378451121294724,50.32324864256094,3688200
2020-10-06,51.25340270996094,53.19426006692182,50.54297314710032,51.08494809275503,6512200
2020-10-07,52.02241897583008,52.8500353135561,51.121569276038606,51.50241516786636,4167200
2020-10-08,52.27607727050781,53.14150386303827,51.77622175169194,52.84308070382265,3721700
2020-10-09,50.522850036621094,52.48497281328961,50.366179155620046,52.32830193228856,3825400
2020-10-12,50.74665832519531,50.81380623465052,49.761865958119614,50.46315947580688,3040800
2020-10-13,49.105342864990234,50.23188757739162,48.844224737466284,49.96330730566747,3705400
2020-10-14,49.03074645996094,49.64251146889868,48.687561766356765,49.1575744722159,2766800
2020-10-15,48.583106994628906,49.62757951299498,48.187693036163665,48.27722169143004,2900600
2020-10-16,48.35928726196289,49.01581364530343,47.85943175333038,48.888985655103816,3939100
2020-10-19,47.68037414550781,48.754692303142456,47.628150524051726,48.493574195861996,3587400
2020-10-20,48.09071731567383,49.29932878391783,48.068336570475694,48.41152127806239,2902200
2020-10-21,47.904197692871094,48.501044054695356,47.25513054725775,47.83705546543896,3137900
2020-10-22,49.50075149536133,49.642503776474506,47.672918897194315,47.75498540816002,2901400
2020-10-23,49.89616012573242,50.58253510353972,49.179947954582005,49.79917501749639,3194500
2020-10-26,48.25483703613281,49.314233757078405,47.65053146899023,49.24709154003649,3852700
2020-10-27,46.24049377441406,48.18023870080181,46.21811303260119,47.82959190053716,3795000
2020-10-28,45.33030319213867,45.97937312910376,44.2783656946123,44.964737814558646,6595600
2020-10-29,47.30734634399414,47.8295854011322,44.89012694757103,45.278075880131475,5851500
2020-10-30,46.859718322753906,47.46402108677139,45.38252967763743,46.98654631412454,3704500
2020-11-02,48.277225494384766,48.40405349704154,46.6955894577523,46.97162905163275,3666000
2020-11-03,48.486114501953125,49.23963167127416,48.04594476914805,48.9412085227556,3552600
2020-11-04,46.46430969238281,48.426438204949534,46.34494099285481,48.41897606036849,4431700
2020-11-05,47.35211944580078,47.822132122980996,46.598602179762054,46.94924899738252,3283400
2020-11-06,46.150962829589844,48.36674709386561,45.98682981861416,47.37449257620206,4872900
2020-11-09,59.0129508972168,61.549539101612254,54.53662078073591,55.8571413525887,24996200
2020-11-10,58.81899642944336,63.034209963355,56.185422162068434,57.22243856153986,14440400
2020-11-11,54.76791000366211,58.56532789558424,54.103915699208315,58.17738173117931,6844600
2020-11-12,51.58224868774414,54.18597936922876,50.73920848154188,53.462310710072124,8143000
2020-11-13,55.730323791503906,56.066052062506785,52.820712927844056,53.43993444716541,7732900
2020-11-16,58.908512115478516,61.48986217057602,58.82644559619357,59.64710509709411,13224900
2020-11-17,58.908512115478516,60.67666481468745,57.43132615224733,58.154994843838985,6171800
2020-11-18,57.15528106689453,60.460305352908414,57.14781892222716,58.09531207678084,7493300
2020-11-19,60.1544075012207,60.67664937211565,56.31968558167071,56.692713050046756,16282200
2020-11-20,60.51999282836914,61.01984838811639,59.132329862541866,60.042518011304786,9733700
2020-11-23,63.720550537109375,64.38453893020727,61.40031938659529,63.228151580278805,10874800
2020-11-24,66.2422103881836,68.16703325486222,65.96616804635941,66.20490536914498,9742200
2020-11-25,65.04853820800781,66.30936730563694,64.38454970380339,65.95872623182458,5973300
2020-11-27,63.82499313354492,66.10045695523416,63.810068849419665,65.62298231826576,2305900
2020-11-30,61.60177230834961,64.8321924110166,61.47494430138691,63.65342393090109,6987300
2020-12-01,63.407222747802734,64.37709667588257,62.586563258169164,63.15356674036732,4869700
2020-12-02,65.09330749511719,65.64538667554217,61.6241501406553,62.467196046763014,4333200
2020-12-03,66.8689193725586,68.41325326674648,65.12315309736746,65.57078503777937,5490000
2020-12-04,70.0620346069336,70.39775711285742,67.67465495920828,68.81611830968747,5268500
2020-12-07,66.6749496459961,69.9799741307429,66.39890719619119,69.90536406348012,6097000
2020-12-08,67.22701263427734,68.59975102309706,66.02586369808628,66.94351379970308,4603100
2020-12-09,67.77165985107422,68.75645829872194,66.54067317541487,67.60753246841641,4596400
2020-12-10,67.47320556640625,67.86115160183667,66.45857046826877,66.48841334667836,3046000
2020-12-11,65.57825469970703,67.09274587920527,64.37710534521887,66.55558521235967,4907600
2020-12-14,65.14551544189453,67.27923297025738,64.72772650776385,67.14494285686575,4841400
2020-12-15,66.95098114013672,66.96590542919552,65.07092484707476,65.98111295341096,5295100
2020-12-16,65.86173248291016,67.36876672449148,65.74982309792972,65.90649396012323,3371600
2020-12-17,66.42129516601562,66.57050962482624,65.27236944694707,66.54066673306411,3002000
2020-12-18,63.735496520996094,66.45113701738633,63.35500677192315,66.20493743316564,6377100
2020-12-21,62.407501220703125,63.041646825528936,61.36302309348822,62.63131430313983,4629100
2020-12-22,62.45972442626953,63.83246287030068,61.19142753312127,63.78770139250118,4139900
2020-12-23,63.391849517822266,64.60436428949087,63.058405787465965,63.15692062519556,2768600
2020-12-24,63.9375,64.10421612879452,62.93717431859255,63.65710353396401,810700
2020-12-28,64.7786865234375,65.28642634155796,64.04359758408754,64.05875149402962,3105000
2020-12-29,63.119041442871094,65.60469850383062,62.85380470436516,65.01359783466674,2281200
2020-12-30,63.63434982299805,64.83171063967887,63.05840316228523,63.05840316228523,2791400
2020-12-31,64.62712097167969,64.68016833108565,62.41428000541874,63.29335135867878,2488300
2021-01-04,62.75526428222656,65.35459506335742,62.18689754391858,64.91506251317726,4299400
2021-01-05,63.028076171875,63.89957292992028,62.846200447794466,63.01292227058705,4647900
2021-01-06,64.46797180175781,65.53650450018655,63.467646147478604,63.657101807620336,8356300
2021-01-07,64.51342010498047,66.1124258631054,64.0435739080038,65.05147332580208,4227800
2021-01-08,65.5440673828125,65.55164722680897,63.429741882498945,64.67257033848064,3692500
2021-01-11,63.00535583496094,64.86959830319189,62.7855866383119,64.82413080792873,3988200
2021-01-12,64.74079132080078,65.16517016841362,63.058424058152454,63.53585026171691,4103400
2021-01-13,67.34768676757812,67.65839098197955,64.71804180220745,64.71804180220745,4295600
2021-01-14,71.95523071289062,72.56149091310557,67.68111306837996,67.76447399045266,7465800
2021-01-15,70.47750091552734,71.41719930885067,69.96976116751397,71.23532350601688,4006500
2021-01-19,70.2274169921875,71.06860051722252,68.7648191837843,70.55328093235177,3094500
2021-01-20,72.21292114257812,72.75855437663891,69.73483783484004,69.96976678833887,3904100
2021-01-21,71.6218032836914,72.56908137152348,71.00796315120212,71.98555483165202,3059400
2021-01-22,72.36445617675781,72.75094720265514,69.7575511669029,70.47748010257217,3692700
2021-01-25,73.87254333496094,75.91108202472209,71.23531836637356,71.73548401523881,5322700
2021-01-26,75.06232452392578,75.5245967335498,73.23596943643956,74.64551981632147,3720100
2021-01-27,73.2359619140625,78.43462444099922,72.81915724926996,74.44090262936405,5775900
2021-01-28,73.89527130126953,75.0471589215722,73.2738571018181,73.69065599485073,3124700
2021-01-29,70.42444610595703,74.13777756237742,69.8030318788462,73.65277161837517,4517400
2021-02-01,70.4320068359375,70.93216655044978,68.62838605078102,70.8033381462887,3774100
2021-02-02,70.0682601928711,71.31866834102922,69.23465668800775,71.31866834102922,2987200
2021-02-03,70.76547241210938,71.04586885594946,68.97701061090406,69.99249590291679,2986900
2021-02-04,72.11438751220703,72.93283136857762,70.76545868716858,70.76545868716858,2794000
2021-02-05,73.31932067871094,74.19081763640523,72.69032666925341,73.06166382571465,2547700
2021-02-08,74.9789810180664,75.38062613057822,73.2511461588005,73.96349557691019,4464400
2021-02-09,77.71471405029297,79.57895705102,76.80532341319066,77.67682060559908,6002200
2021-02-10,80.49591064453125,82.33741963703433,78.1315022523893,79.10909401697509,4318300
2021-02-11,82.80725860595703,84.43657806991031,81.27645976323392,81.95850114136861,4696700
2021-02-12,82.79969024658203,83.8454832439286,81.62506302657901,82.24647726240414,2264400
2021-02-16,83.34532165527344,84.43658213104861,82.32225664800184,82.55718555615829,3719700
2021-02-17,82.01911163330078,83.73178590104068,81.16276871770542,82.98154342865107,2752700
2021-02-18,80.7232437133789,82.32982936657619,80.11698923080122,81.38255131718009,3314300
2021-02-19,82.92850494384766,83.30741614147435,80.85964726084644,81.40528031050505,3073300
2021-02-22,85.45964050292969,87.39967002819051,82.54960488762867,82.54960488762867,4256300
2021-02-23,87.24052429199219,87.86193848230641,83.40593868577004,87.43755397013888,4174400
2021-02-24,90.18087768554688,91.79503753244634,86.77067642853041,87.1799012731796,4698100
2021-02-25,87.01319122314453,91.93145830778931,86.12654016343583,90.82503799895385,4935000
2021-02-26,85.57331085205078,88.25600305602813,84.31532857411851,86.29324565856174,3964400
2021-03-01,86.33113861083984,89.30938129465392,86.27051142266468,88.05897300174385,3604600
2021-03-02,84.63362121582031,86.47513021313937,84.37595854658271,86.27051489025551,3371900
2021-03-03,86.38419342041016,87.70280885940417,84.91402156133447,84.95190922092304,4274600
2021-03-04,83.44383239746094,87.27083817279221,80.89754844294805,86.41449508381712,5024200
2021-03-05,84.24712371826172,85.09588697732642,78.90447870302656,84.54267402293858,4576600
2021-03-08,84.64875793457031,87.1268403666837,84.24711299634255,85.1716572294013,3387300
2021-03-09,84.11829376220703,85.44448307827786,82.38287962051287,85.02767840910782,2863400
2021-03-10,86.62667846679688,87.09653044583452,83.8833650229554,84.07282062683291,2989700
2021-03-11,87.7861557006836,88.68038648272594,85.83855210526849,86.7403627312009,5177900
2021-03-12,89.30936431884766,89.44577257545004,87.60426400218086,87.71793851297046,2619900
2021-03-15,91.70408630371094,92.39370165159077,88.55154247990075,89.53671387027289,3816100
2021-03-16,88.8092269897461,91.77989001502691,88.47578321569696,91.69652907151462,3633300
2021-03-17,89.60493469238281,89.9232245503886,88.25601150857845,88.52882808302508,2232400
2021-03-18,88.5288314819336,91.56012173063083,87.62702078279342,89.15024575164743,6079000
2021-03-19,88.43030548095703,89.77164870292863,86.47512212944278,88.82437061964382,4471200
2021-03-22,87.33904266357422,88.57429125062654,86.27051016899055,88.29390062741307,2725900
2021-03-23,83.67117309570312,87.11926151108162,82.99670584747595,86.89191826246355,3682200
2021-03-24,82.90576171875,86.60393250336668,82.89818187678075,84.20921701464268,3428000
2021-03-25,86.11895751953125,86.50544865417396,80.84451305709776,81.70085049098509,3852100
2021-03-26,86.89950561523438,88.40757656917977,85.03526293913659,86.92223936540081,2674100
2021-03-29,86.24778747558594,87.33147401505121,84.08799424147055,86.70248565685449,3331400
2021-03-30,87.44513702392578,88.24842701652952,86.1644151603221,86.37661031505917,2087800
2021-03-31,86.21746063232422,87.6421705888604,85.99011735834462,86.85403451926578,2507100
2021-04-01,87.30115509033203,87.41482962871265,85.35355137606493,87.14201304929003,2858600
2021-04-05,87.18746185302734,87.90739075774972,85.83853324164687,87.90739075774972,2911900
2021-04-06,88.27875518798828,88.55915163818477,86.77826964150303,86.94499154260755,2500000
2021-04-07,88.67280578613281,89.2032791842112,87.24052182959475,88.7031193776982,2541100
2021-04-08,87.61528015136719,88.61917940139433,87.06351676773278,88.17470269272381,2364300
2021-04-09,88.82608795166016,89.05598544911531,87.39303624611492,87.89115626062843,1669900
2021-04-12,87.92945861816406,89.56175929523151,86.93322456009643,89.20924516575981,2994200
2021-04-13,86.88725280761719,87.43901616623853,85.29327691754831,87.13248031737278,3681700
2021-04-14,87.17847442626953,88.7034829935796,87.02520356103379,87.14015524828918,2657400
2021-04-15,87.79917907714844,88.55785063129547,87.07116168687496,88.12870403043395,2314100
2021-04-16,89.75334930419922,90.81089176168071,88.84140683244667,89.28588348646763,3249500
2021-04-19,89.32418060302734,89.57707305132755,88.0903783698235,89.35483476464101,1753600
2021-04-20,87.5616226196289,89.21690665551552,86.68799935272234,88.519543381297,2180100
2021-04-21,90.14417266845703,90.35108682578294,86.29716548700864,87.3393837367007,2467900
2021-04-22,88.62682342529297,91.2400280278432,88.56551509791696,90.25911817656274,2591400
2021-04-23,89.6000747680664,89.75334559761527,88.44291070006521,89.13260896963995,2348000
2021-04-26,92.09066009521484,93.26315405940909,90.75723616011979,91.1174152673813,3268400
2021-04-27,93.76895904541016,94.48931741408568,91.54658144688668,92.69608649646588,3301100
2021-04-28,94.33605194091797,96.1139529516955,93.99120274507047,94.00652690739653,2297900
2021-04-29,94.51229858398438,96.21356684890603,93.31680945781306,95.23265104503393,2281400
2021-04-30,93.29381561279297,94.33603385167784,92.67308484062046,94.2057580334883,2751900
2021-05-03,94.41265869140625,94.89545444991495,93.21717556878237,94.02183126850768,2627800
2021-05-04,93.00260162353516,94.99507542952044,92.266919257326,94.29004722607212,2730600
2021-05-05,92.66541290283203,93.9911776879882,92.2209363069592,92.69606706599744,2454000
2021-05-06,94.19810485839844,94.24408903570374,92.17497645751436,92.8340264809356,2044200
2021-05-07,95.74610137939453,95.7920797067147,93.33980480489663,93.74596228738356,2686000
2021-05-10,97.13316345214844,98.28266834507328,96.28252936364932,96.55074600266161,5105100
2021-05-11,93.9835205078125,95.00274959282918,91.63086737087973,93.3168055585123,5664400
2021-05-12,90.13652038574219,94.53529119325955,89.82231954757714,93.9835278605593,3294000
2021-05-13,90.42005920410156,92.9642966343811,89.30120840279572,90.13651838702359,3583900
2021-05-14,93.6310043334961,94.22108093231465,91.00246960902695,91.00246960902695,2477500
2021-05-17,93.67698669433594,94.39734498732602,92.88766091202608,93.4930675427988,1609700
2021-05-18,93.92988586425781,94.9107958711526,92.51216418720878,93.50073919791254,2552300
2021-05-19,93.69998168945312,93.7383008614721,90.74192753416497,92.0753516975011,2048800
2021-05-20,93.92988586425781,94.328378362052,92.53515335195087,93.51606335884566,1669800
2021-05-21,93.7842788696289,95.26330886555431,93.45475387012164,94.13679303359496,1854500
2021-05-24,95.5162124633789,95.77676999977679,93.7306464249891,94.41268566768986,1975800
2021-05-25,95.332275390625,97.0871869279727,95.16368040106642,95.79207618698567,1671900
2021-05-26,97.0948486328125,97.34007612042008,94.87247708429341,95.53152705349208,1765800
2021-05-27,98.31332397460938,98.64285481563743,97.4013873341539,97.70792316439875,3172100
2021-05-28,98.46659851074219,99.01069097369219,97.83053770003585,98.72715016041877,1929200
2021-06-01,102.83472442626953,102.85005443452978,99.39386840747949,99.39386840747949,3726900
2021-06-02,103.6010513305664,103.84627297267951,101.42465809832315,102.9803205285097,2685700
2021-06-03,102.73509216308594,103.2638663366021,101.17942965764045,102.98032551043183,2060900
2021-06-04,101.36334991455078,103.4017964752616,100.86522408612846,103.18722315308152,1952200
2021-06-07,102.6890869140625,102.88067103143948,100.98015986120245,101.26370061304308,1796900
2021-06-08,103.99954223632812,104.75820796545534,102.61246320650693,103.15656732244433,2590900
2021-06-09,103.9075698852539,104.70456644459766,103.69299658697699,104.53597146832755,2075600
2021-06-10,103.1029052734375,104.65857909176,101.69284895118435,104.03783671812783,2225700
2021-06-11,102.8653793334961,103.33284522170818,102.16802177351651,103.22555854375972,1976100
2021-06-14,102.1373519897461,103.60871701523631,101.22540946768893,102.83472117642154,1474600
2021-06-15,100.61233520507812,102.39024187366799,99.8536693934834,101.65455353309335,2453700
2021-06-16,100.18317413330078,101.54725225990776,99.65440004166939,100.37475827123286,1820700
2021-06-17,98.59686279296875,100.3594391870526,96.59672394061627,99.9072917380531,2784300
2021-06-18,96.04496002197266,98.25201300044212,96.00664085627497,97.3630598070733,4232300
2021-06-21,100.77327728271484,101.0185106425323,96.86496123424315,97.26345375057632,2335500
2021-06-22,99.81534576416016,100.69662820872263,99.03367912971403,100.53570406518219,1971400
2021-06-23,101.31736755371094,101.9151091693248,100.24448929215555,100.65064675678116,1805300
2021-06-24,100.09888458251953,101.8308128105194,99.53180297302751,101.76950447831538,2019600
2021-06-25,100.44374084472656,100.84989829540888,99.5088092845304,100.39775082763859,2322900
2021-06-28,99.77702331542969,100.41308409876376,98.28266927909955,100.39009493615627,1904200
2021-06-29,100.3824462890625,101.32503713475805,100.06824544270738,100.09123460772169,2201500
2021-06-30,99.99160766601562,101.371016041571,99.81535350211323,100.0682460120792,2720200
2021-07-01,101.89723205566406,102.94301198745455,99.9838616315991,100.23948516851279,2550400
2021-07-02,100.41764831542969,102.30779178392237,100.06904717494399,101.81975964339703,1529300
2021-07-06,98.8761215209961,100.2007754888005,97.66767190556557,100.00711338837391,3143700
2021-07-07,97.44300842285156,98.62047121492586,96.13385093072961,98.47329205972744,2607600
2021-07-08,96.90074920654297,97.8148344010666,94.51483702787041,95.66906129473676,2630900
2021-07-09,100.46415710449219,100.53387262657152,98.1324636677854,98.38035092978723,1790100
2021-07-12,100.91343688964844,101.30850326557344,99.20145895358351,99.61977565298172,1263300
2021-07-13,98.07821655273438,100.73525440762609,97.93877962969921,100.3789228277661,1742700
2021-07-14,98.72892761230469,99.65850324725822,97.7218883261213,97.99301406047461,1556800
2021-07-15,98.02398681640625,99.00778745886022,97.0556765379647,98.24863551021632,1585200
2021-07-16,96.44371032714844,99.02329050371962,96.30427340111494,98.86061507503008,1741600
2021-07-19,90.78104400634766,93.39935335877973,88.86766159452891,93.0197773138341,5454200
2021-07-20,97.31906127929688,97.7218816945122,91.60990723871463,92.1831453110316,3821600
2021-07-21,99.10076141357422,100.10005847171544,98.14794136415192,98.24864942983994,2247900
2021-07-22,96.90849304199219,98.79088848994161,96.37398977856743,98.79088848994161,1709600
2021-07-23,96.17259216308594,98.11696114262114,95.16554696154874,97.65216741262073,1364500
2021-07-26,98.40357971191406,98.5662551574538,95.93244956517205,96.05639613897257,1905400
2021-07-27,97.5049819946289,98.24864364080224,96.71483743237776,97.67539965325615,1960700
2021-07-28,97.00147247314453,98.3106301452538,95.98668497209786,97.86133266002008,1642100
2021-07-29,97.5437240600586,99.38739101468462,97.38879674576484,97.58245884368112,1793000
2021-07-30,98.00850677490234,99.24794295456908,97.2183680572704,97.66766551930517,2194700
2021-08-02,97.85357666015625,101.35498450598028,97.62117979747111,99.30991339070293,2285100
2021-08-03,100.34794616699219,101.4556994993524,98.41133112279283,99.92189901320374,3366800
2021-08-04,99.6972427368164,102.50922009904687,99.35639556318895,100.7585190401921,3112900
2021-08-05,103.82611846923828,104.38386623257159,100.30922012507159,100.8049946013461,3351300
2021-08-06,104.73245239257812,105.39090820455519,103.81837303215357,104.23667793162682,2285400
2021-08-09,102.91978454589844,104.15147263691686,102.80359201663114,104.09725339665755,1652300
2021-08-10,102.33878326416016,103.43878238743478,101.68808155521367,102.7880806784883,1688300
2021-08-11,103.42329406738281,103.85710706024246,101.61061981580932,102.9894928947186,1415800
2021-08-12,103.68667602539062,104.0197691089467,102.4472340610356,103.62470274515341,1832800
2021-08-13,103.54723358154297,104.45357064557612,103.16765167122702,104.08948501042674,1441200
2021-08-16,101.4556884765625,103.54723651592548,101.13033761001226,102.8732962795139,1797800
2021-08-17,99.24018096923828,100.18525271499149,97.55144766373584,100.1077831672307,2164200
2021-08-18,99.15497589111328,100.44089482154777,97.67539489839146,98.76765176653862,1489400
2021-08-19,99.51131439208984,100.10004277721649,97.60567459202697,97.6366612296805,1979000
2021-08-20,99.75147247314453,100.26273140660781,98.07822918127587,98.61273844008358,1701600
2021-08-23,100.28598022460938,101.55640304114888,99.87540572603292,100.4099149768067,2111900
2021-08-24,102.68738555908203,102.79583585757054,100.88245344694073,101.0218962993951,1851600
2021-08-25,102.67189025878906,104.20570254939786,101.96696922200604,102.71837909018011,1746600
2021-08-26,101.50991821289062,102.82682991113717,101.2000635898892,102.57119452807271,1268800
2021-08-27,103.562744140625,104.6937241596883,102.5324603735464,102.70288396330054,1691700
2021-08-30,103.3458480834961,103.81063004128424,102.19935991651904,103.64796049312726,1428200
2021-08-31,104.15143585205078,104.73242193358345,102.84227865709978,103.0979139513972,2326600
2021-09-01,105.20499420166016,105.70076869019132,104.00428685312802,104.15147193600693,1706100
2021-09-02,105.67749786376953,106.42116527921887,104.8796112250083,105.42186255908983,1859700
2021-09-03,105.15850067138672,105.4915937475181,103.99652828827747,105.48385152023398,1595800
2021-09-07,104.2521743774414,105.11977673046776,103.20639439676492,104.546544527302,1788300
2021-09-08,103.51577758789062,104.84752048789942,102.44255138460379,103.79779471582151,1695600
2021-09-09,102.34073638916016,103.51580608680977,101.80804386387068,102.42690864512488,1598800
2021-09-10,100.19425201416016,102.86557334170516,100.18641654468244,102.83424341721837,1879800
2021-09-13,102.71672821044922,103.30426290406315,100.54677534850033,101.58083019348041,1843600
2021-09-14,101.49467468261719,103.39829361934842,100.80529670343209,102.97526187632997,1291700
2021-09-15,102.74024963378906,103.38262676770084,100.81314213890653,101.43200688311967,1560900
2021-09-16,103.93098449707031,104.80053645168239,102.74024399313627,103.2964488457042,1297600
2021-09-17,102.8342514038086,104.4245111587055,102.74023771619856,103.57845969076516,3153700
2021-09-20,101.46334838867188,102.12138450869327,99.54406441851646,100.3979514524069,2525600
2021-09-21,102.13704681396484,103.87615066512527,102.11354637976743,102.41906397775911,1616300
2021-09-22,104.69086456298828,105.6779186999811,103.28862013360299,103.71946941381817,1955500
2021-09-23,105.85025787353516,106.90782521628144,105.22356369620054,105.36456630007326,2364000
2021-09-24,104.8553695678711,106.73547592200815,104.83186913495123,105.48206371696699,1362200
2021-09-27,105.09037780761719,107.51103006926068,104.98070513210187,105.48206764208975,1960700
2021-09-28,104.74569702148438,105.85025323031059,104.33833626134599,105.03554366345848,1641200
2021-09-29,104.8553695678711,105.37239104553275,104.34616562994982,104.99637216539027,1086100
2021-09-30,101.81586456298828,105.36457378705131,101.38500332038575,105.36457378705131,3053500
2021-10-01,104.29917907714844,105.09822976635199,101.95686932949327,103.06143764200608,2160400
2021-10-04,103.60196685791016,104.97288135319441,103.08493337943791,103.94665584355832,1487600
2021-10-05,102.92825317382812,103.61763110055841,102.16837394643451,103.59413066700397,1499700
2021-10-06,103.88398742675781,103.91531735673784,100.74263898386371,102.05088171055804,2199100
2021-10-07,104.98069763183594,106.69630089680379,104.15031715462803,104.20515946518009,1798500
2021-10-08,103.46879577636719,105.83460589886181,103.2181085260832,104.95721247629386,1715200
2021-10-11,103.8918228149414,104.72220347092305,102.63842233638628,103.2181157246008,1081800
2021-10-12,105.57608795166016,105.95210686937597,102.88125980894084,103.62546815042502,1324400
2021-10-13,107.44051361083984,107.76170213435232,105.14521698691485,105.75625215419845,2994100
2021-10-14,109.14830017089844,109.59482040512614,107.72254331217151,108.30224862068017,2281500
2021-10-15,109.84549713134766,110.97356575686176,109.14828971049867,109.67315264948162,2443400
2021-10-18,113.22184753417969,113.42552191777706,109.59479632438341,109.89248438407641,3335500
2021-10-19,111.8979263305664,113.59785843271877,111.78042418544496,113.59002894085158,1709400
2021-10-20,113.5587158203125,113.57437480636354,111.29474917979103,111.39658040282072,1543800
2021-10-21,112.77536010742188,113.62139976370305,112.3209983936845,113.19837993556247,1367500
2021-10-22,113.69972229003906,114.06008218970972,112.80666996429208,113.41770513699134,1217800
2021-10-25,115.0236587524414,115.07848912327138,112.61084750709549,113.59007226802676,1537200
2021-10-26,114.66329956054688,115.76003847230336,113.96609200416034,115.15683266850866,1973700
2021-10-27,112.75181579589844,114.73377710556024,112.5716418417196,114.64760487470537,1178000
2021-10-28,115.25080871582031,115.33698095428562,112.681324455032,113.23752925847612,1627900
2021-10-29,114.8277816772461,115.73650486999804,114.12273287455625,114.7259385055031,2778300
2021-11-01,117.00558471679688,117.0447560898863,115.30565231485345,115.47799679370715,2605400
2021-11-02,124.54954528808594,125.31725406242462,120.99299468529753,122.9906153507885,5642000
2021-11-03,130.22906494140625,130.65991427755148,124.35371632021825,124.51038989276447,4226300
2021-11-04,129.8138427734375,131.3492601428069,128.88161910817956,130.38570655209068,2282800
2021-11-05,133.56622314453125,133.88741165258622,131.03591035801884,131.94462161856399,2501600
2021-11-08,131.12989807128906,133.96572812365906,130.244675383891,133.68371101682393,1642700
2021-11-09,131.20826721191406,131.27876851445615,129.68066726961726,131.07509410041504,1383600
2021-11-10,128.45079040527344,131.36496430019665,128.30194632650372,130.58158447797916,1824700
2021-11-11,129.6023406982422,130.28387721854946,128.40377070225495,128.86596186077537,1175700
2021-11-12,129.10096740722656,130.4718817808852,128.39591855729012,130.2368654975731,1182600
2021-11-15,130.26820373535156,130.2917161232652,128.65444348222877,129.39082230532568,1677300
2021-11-16,129.15579223632812,130.26818984605637,128.74060200007125,129.84517011694672,1221100
2021-11-17,131.20826721191406,131.50594336267793,127.56554451937785,128.65444179897602,1503100
2021-11-18,132.68885803222656,134.05193106641485,131.1142571776633,132.50084260011323,2459400
2021-11-19,130.6207275390625,131.9838004839908,129.93134961988275,131.537280297922,1816500
2021-11-22,131.59999084472656,133.68377224884276,130.83226995293958,131.70966355020636,2039300
2021-11-23,132.4146728515625,133.7307569943224,130.98108653240703,131.52162045067845,1392500
2021-11-24,132.4146728515625,132.5791878519422,130.53456630867794,131.6234636391719,1358800
2021-11-26,125.71675872802734,127.53420519357466,123.9933259457002,125.5914270727745,2875400
2021-11-29,125.29373931884766,129.0069510966031,123.33529025347471,128.3724155119702,2890700
2021-11-30,119.73176574707031,123.62516430882071,118.8778846340077,123.49982067201508,4264900
2021-12-01,115.72085571289062,124.42420506962237,115.6581838995157,122.64592971956584,3711400
2021-12-02,118.96402740478516,120.62478834384386,116.23002827754348,117.45993999618825,4506500
2021-12-03,116.87242126464844,119.69258105866012,115.43883495581986,119.0737163450583,3639600
2021-12-06,119.54374694824219,121.82337278962561,118.69769543820712,119.17555753313177,2858400
2021-12-07,122.4030990600586,124.32237726263479,121.38470288519339,122.02708008670584,2650100
2021-12-08,123.34312438964844,124.11867455196385,121.72153471825703,122.40307119356683,2681300
2021-12-09,120.5247573852539,123.16895229964506,120.49308358076064,122.66228014790534,1946600
2021-12-10,120.6672592163086,121.64101735220225,118.78306639659677,121.50643387651107,1378300
2021-12-13,119.62225341796875,120.39018013637798,116.80387659328194,120.00225453140274,2416900
2021-12-14,119.4876480102539,120.50100436255656,118.63264859552602,119.61431906429381,2000300
2021-12-15,120.36642456054688,120.48518321924816,116.54263976673309,119.89142616579632,2121800
2021-12-16,120.06558990478516,122.58311388797864,119.57474255056403,120.92851388040675,2750900
2021-12-17,119.3293228149414,121.0155965989464,117.50846555747376,119.94682914260179,4124800
2021-12-20,115.7984619140625,117.71431655010065,113.70843757656468,116.89889116600229,2665000
2021-12-21,122.29021453857422,122.62271706838742,117.22349206520285,117.32640174918028,2011200
2021-12-22,123.1293716430664,123.50937275402319,121.54601958739266,121.84686034357628,1077500
2021-12-23,123.07392883300781,124.59394496448276,122.91558400430081,123.897266374218,2259900
2021-12-27,125.42524719238281,125.46483341605912,122.29812880226648,123.06605563751275,994400
2021-12-28,124.9027328491211,126.07441001188148,124.09521990180485,124.73647556466683,966400
2021-12-29,125.68647003173828,126.11398181144726,124.11104261544762,125.08480065587037,953000
2021-12-30,126.6998291015625,128.14859771551536,125.51231503242256,125.68648472896452,1085400
2021-12-31,126.48609924316406,128.00611597001952,126.28025571722316,126.66026895895138,1194700
2022-01-03,126.90569305419922,128.7265506696283,125.77358984425072,127.04818896704911,2128100
2022-01-04,129.02734375,129.7398593574353,128.09317192160557,128.4335867838121,1834100
2022-01-05,127.48358154296875,131.28362864657674,127.42817050621656,129.72402600630434,2324400
2022-01-06,129.16986083984375,130.24654069788673,127.2698311656411,128.11693029572677,1715700
2022-01-07,127.67361450195312,129.7557145360947,127.49944478472192,128.90862734776042,1457100
2022-01-10,127.36482238769531,127.45190721971139,124.36436396824513,126.90564891706651,1753600
2022-01-11,128.116943359375,128.73444974445113,125.14024560362289,127.38067831254207,1267700
2022-01-12,128.1960906982422,129.55777440393982,128.06150722593708,128.7185997648507,931100
2022-01-13,129.0352783203125,130.02487334126093,128.4494337191048,128.59192960371303,1246800
2022-01-14,123.26393127441406,128.32273963053115,120.71473399148657,128.32273963053115,2539700
2022-01-18,121.83101654052734,122.155606592761,119.43223927844149,122.14768210172025,2753000
2022-01-19,117.63514709472656,122.62270886843781,117.58764846221801,122.62270886843781,2198900
2022-01-20,116.71678924560547,120.92851144931903,116.5267947329682,119.13932800188658,1976000
2022-01-21,116.34471893310547,116.80388041685934,114.44468914370277,116.49512723708388,2515300
2022-01-24,115.66390228271484,115.76681197842122,109.0534009160495,113.1147038502538,3755400
2022-01-25,116.20221710205078,117.92807728330092,111.49965913077793,112.97217716137834,2614100
2022-01-26,115.252197265625,120.23183415183772,113.8113411005099,118.04681266981407,2029400
2022-01-27,113.91426086425781,118.32390204876204,113.28884213009094,116.93846902799581,1810000
2022-01-28,115.9013442993164,115.93301809940675,110.57336899556084,113.65298769351355,2631400
2022-01-31,116.53473663330078,116.85141436786003,113.69262191574613,114.68221718620558,2108000
2022-02-01,116.66139221191406,117.69057357232151,114.82469783580001,116.5347211349368,1510600
2022-02-02,118.39515686035156,118.73557176679796,116.30513255095396,117.1759689665258,1871200
2022-02-03,115.23635864257812,118.11014643844358,115.06218895313069,117.14430073515042,1539100
2022-02-04,114.9355239868164,116.22595982342308,112.22008091373223,114.18343414978264,1934900
2022-02-07,117.8963851928711,118.59306391910884,114.70593196796726,115.22051652165494,3230700
2022-02-08,112.44965362548828,114.47635433091286,109.06920580608585,110.68421952945211,4550300
2022-02-09,113.28092956542969,114.03301943988235,111.98258125247418,113.4076006398689,2604000
2022-02-10,113.98552703857422,116.77223042849347,111.83216697545741,112.41801166675303,2722300
2022-02-11,112.28340911865234,115.89344976478826,111.29381411346083,113.88259802944664,2157600
2022-02-14,110.75548553466797,112.6555154908997,110.09048048599543,112.25175293419069,2070800
2022-02-15,111.87968444824219,113.13052219220008,111.26216590929927,112.50510332022114,1619900
2022-02-16,113.89051055908203,114.23092544281357,111.8717343303892,112.44965443161705,1712500
2022-02-17,113.74009704589844,116.19429764136389,113.22551244363208,113.24926175881251,3546800
2022-02-18,111.58673858642578,114.0884378429744,111.22257436250855,113.39968353424804,1751100
2022-02-22,109.29088592529297,111.14340506456547,108.24586769492281,110.82673946264514,2314400
2022-02-23,106.14000701904297,111.08798201441081,105.6333227827009,110.13796115128652,1978500
2022-02-24,109.10880279541016,109.39379458648203,102.4033054528325,102.86246694734939,3105900
2022-02-25,110.59713745117188,110.95338924375989,108.99003609881618,109.76587521512164,1785600
2022-02-28,108.9029541015625,110.75547313548135,108.1112780617663,109.08503620831067,2381900
2022-03-01,106.55961608886719,109.52047719941288,105.64126884302091,109.12463911896391,2182100
2022-03-02,109.86087799072266,110.62088015885261,107.60459663905247,107.6125090499646,2096500
2022-03-03,110.36756134033203,111.57882473383968,108.90295581170278,110.88214594227317,1890100
2022-03-04,108.37255096435547,109.18006404415677,105.94211139203924,108.9742205077256,2315100
2022-03-07,101.54829406738281,107.58086192563701,101.49287094342675,107.54127570567103,3966300
2022-03-08,104.018310546875,105.99750057332442,101.41370178727516,102.0628698343416,3123900
2022-03-09,106.28726196289062,108.49205908327633,106.18303127515932,106.95269905543246,1728000
2022-03-10,106.31932830810547,106.57588016168982,103.80185131196086,104.24281319086258,1565700
2022-03-11,104.26687622070312,107.50591866601576,104.22678654837752,107.44177763702487,2548200
2022-03-14,102.7756118774414,106.26319251722173,101.62911719337627,105.13274226266635,2455800
2022-03-15,103.32881927490234,104.25082041546035,101.8455872832412,103.10433182792042,1883600
2022-03-16,105.2930908203125,106.19906588385079,102.8557810559621,105.14075743083455,2550300
2022-03-17,105.54963684082031,106.15897036513685,104.17866087840349,104.61962270951474,2045100
2022-03-18,104.90023040771484,105.47748733265807,103.80184453586509,103.93012657110764,4175500
2022-03-21,103.47313690185547,105.68595941643296,102.59923838623003,105.54965209413407,2679100
2022-03-22,106.50371551513672,107.794524395829,104.91626514250481,105.14876561901062,2501100
2022-03-23,104.23479461669922,106.3914892082343,104.130576154005,105.88639850870904,1206000
2022-03-24,104.33101654052734,104.65170944965159,103.46513100551151,104.25083719642113,1473800
2022-03-25,104.36305236816406,105.17280969390107,103.93812887475636,104.63564248966203,2055800
2022-03-28,105.62982940673828,105.66991907525437,103.95418647214933,104.87618767977312,1631900
2022-03-29,110.7048568725586,110.98546004360698,107.10502048143583,107.37761061341908,2468200
2022-03-30,108.0671157836914,111.16184947062376,107.70633327215315,110.52046377617705,1346200
2022-03-31,105.47747802734375,108.56419847219513,105.46946498846609,107.93883889761777,2331900
2022-04-01,106.63200378417969,106.84045292129845,105.23696414258897,106.04673380537231,1572800
2022-04-04,107.8586654663086,108.14729391908423,105.14876567267338,106.31931779605449,1722800
2022-04-05,104.6917953491211,108.74060740757928,104.47532091475524,107.83463223315728,1719300
2022-04-06,102.51104736328125,104.3710881529451,101.23627048841725,104.22678002198955,2327100
2022-04-07,100.62693786621094,102.23843965019839,98.99939776935817,102.15826643634426,2542700
2022-04-08,102.1983642578125,103.04019836252522,100.61090758278482,101.0919530211244,1804800
2022-04-11,101.64515686035156,103.50520979187036,101.2843743171179,101.99792636347748,1084200
2022-04-12,101.16410827636719,103.36088621183232,100.78728743101738,101.32445470906636,1460000
2022-04-13,102.28655242919922,103.19252751959083,100.82737786003528,101.01979480409416,1661400
2022-04-14,102.5270767211914,103.78581524653328,102.37474943712718,102.62328825598827,1788800
2022-04-18,102.53508758544922,103.51321670122176,101.90170879545182,102.15826675066889,1206700
2022-04-19,105.28507232666016,105.62981651981109,102.53508288612764,103.24062181825684,1470700
2022-04-20,106.30329132080078,107.0328816901201,105.06058500426057,105.60577757961043,1645700
2022-04-21,104.90825653076172,108.07514437037018,104.6757438107951,107.63418251668205,1499600
2022-04-22,100.923583984375,104.90023551826758,100.7953080597072,104.90023551826758,1988500
2022-04-25,101.25231170654297,101.58102376452021,99.36019423330944,100.92359353174075,2053600
2022-04-26,99.5205307006836,101.78946883282163,99.4403574836209,101.12401950923496,1889200
2022-04-27,97.91703796386719,100.37839294157519,97.86091610249238,99.89734754167337,2032100
2022-04-28,99.74502563476562,100.25814157116649,96.86676000334336,97.82885085488886,2313100
2022-04-29,94.60585021972656,99.4002849815869,94.4294654524893,99.02346409100277,3160500
2022-05-02,93.67581176757812,95.47172360866682,90.92583437686112,95.15102462869925,2818500
2022-05-03,96.90684509277344,97.57228827719048,93.2027838673436,94.3893682372294,1894500
2022-05-04,99.8813247680664,100.36237021334826,95.87260252934315,96.79460986761444,1623900
2022-05-05,98.08539581298828,99.64880088540937,97.10727289427972,99.17576856241857,2037600
2022-05-06,97.3478012084961,98.5824882884371,95.11895280948443,97.17141646610106,2366500
2022-05-09,94.75817108154297,96.83468610833705,94.29315786892428,95.88060833017532,2810200
2022-05-10,95.46371459960938,101.0117849105454,94.55774554296106,97.1233254217682,3139200
2022-05-11,90.6051254272461,96.20931639451604,90.42072154608755,95.39955293548492,3323500
2022-05-12,92.69767761230469,93.22682566638402,89.12991182860041,90.38865012738094,2754300
2022-05-13,93.6277084350586,94.34927960595192,92.34491864059504,93.80409317870188,2662900
2022-05-16,93.69987487792969,94.71006846792564,92.60148279338846,93.6437530118188,1564700
2022-05-17,96.81864929199219,96.94692520707584,94.75014740366174,95.31136600119763,1752000
2022-05-18,91.13428497314453,95.96078971268528,90.72539973104534,95.66414208102319,2031800
2022-05-19,88.22394561767578,91.90394910668205,88.11972105823763,90.21226810384546,2629100
2022-05-20,87.26187133789062,89.15398890998712,84.76043232970056,88.99364245139941,3296800
2022-05-23,86.40399932861328,88.56069392248091,85.97106269517342,88.03955879067192,1842900
2022-05-24,86.4681167602539,86.69260417317473,82.94845996681734,85.81068671520438,2605200
2022-05-25,87.54247283935547,88.40835214104548,85.69845827587022,85.92294572878335,2324700
2022-05-26,89.81941986083984,90.4527986405896,88.19187978531184,88.19187978531184,2086600
2022-05-27,91.18238830566406,91.91197248892664,90.12408600034296,90.53297121781829,1436500
2022-05-31,91.91999816894531,92.43311410389218,89.88356662601427,90.59711866420051,3700300
2022-06-01,89.12992095947266,92.43310999611911,88.04756727344522,92.1845711965313,2685800
2022-06-02,90.05191802978516,90.05993718536205,88.0876469742672,88.79317974444653,1531800
2022-06-03,88.15178680419922,89.48268533060245,87.85514531630304,89.23414654521402,1392500
2022-06-06,87.88721466064453,89.0737928301759,87.47832334426776,88.79318354122076,1917800
2022-06-07,90.01984405517578,90.0599337146918,87.03735444515179,87.26184185806572,2546800
2022-06-08,87.81372833251953,89.7837761341517,87.6102108436519,88.88830042530624,1603500
2022-06-09,84.55745697021484,87.47182298211386,84.53302965198375,87.3497174452659,2100900
2022-06-10,82.43272399902344,84.12598475675428,82.40016045606659,83.21423039740553,2792100
2022-06-13,79.08689880371094,80.38940951314412,77.71111856735224,80.0230805110995,3667000
2022-06-14,78.56590270996094,80.03122508175144,77.92278662151148,79.16831281133499,2491000
2022-06-15,79.371826171875,80.53594653749695,78.12630004722338,79.38810483933642,2597900
2022-06-16,77.02730560302734,77.93092379951048,76.11554496750654,77.58087345122547,3000200
2022-06-17,77.89836883544922,79.24972195408859,77.28781626845183,77.85766284663796,3631600
2022-06-21,78.63101196289062,80.29985781233908,78.53332754573782,79.52649385919607,2221100
2022-06-22,78.1100082397461,79.55091551127929,77.1982538821177,77.45061357598117,2730400
2022-06-23,78.72056579589844,78.99735282301555,77.49132457895769,78.2239826035699,2372500
2022-06-24,81.09767150878906,81.83032968349995,79.36369809445515,79.71374851140338,4455200
2022-06-27,81.50467681884766,82.57924878824663,80.38939887200486,81.35814399525415,1783300
2022-06-28,80.79644012451172,83.42588871726191,80.70689193581721,82.5711128109455,1497500
2022-06-29,79.17646026611328,80.5929405118252,78.4926381472738,80.34871699562639,1866900
2022-06-30,77.27154541015625,78.50079320714303,75.87134360869258,77.33667251972736,3121400
2022-07-01,77.89021301269531,78.1262940433418,76.3516213050862,76.80749848930792,1709200
2022-07-05,79.42882537841797,79.45324648951554,76.12370251148151,77.39364997545465,1907200
2022-07-06,78.49263000488281,80.16147603377988,78.15886452562023,79.55092351748019,1406000
2022-07-07,79.6811752319336,80.00680449808567,78.67987253627841,78.99735936278972,1378200
2022-07-08,79.52650451660156,79.9579606458081,78.29725701219049,79.77886424254616,1423400
2022-07-11,79.14386749267578,79.37994848159849,77.9309052213954,78.9484924783762,1032400
2022-07-12,79.45323944091797,80.70690812322917,78.9485199607106,79.12761016315915,1660400
2022-07-13,77.79251861572266,79.08689300232999,77.3692049952817,78.16699002903671,1821400
2022-07-14,76.52257537841797,77.24709713779157,75.75734763715832,76.53071781696734,1692000
2022-07-15,78.44378662109375,78.76127342796549,77.13313340878274,78.08559382939794,2034700
2022-07-18,80.29985809326172,80.45453336877573,79.20900735883441,79.21714358638513,1727400
2022-07-19,83.25493621826172,83.4910172637098,80.70689935260964,81.3662940655383,1990100
2022-07-20,84.21553802490234,84.92378115248026,82.66066757284243,82.89674861536841,2077800
2022-07-21,84.85865783691406,84.87494271552906,83.0351427163031,83.39333551549615,1552700
2022-07-22,84.40278625488281,85.78670290837529,84.07715698027816,85.49363718231729,1627800
2022-07-25,84.68770599365234,85.17614677966839,83.93876304103698,84.42720382705302,1172100
2022-07-26,83.50731658935547,84.48419827461963,83.08399663777533,83.8492245581117,1376400
2022-07-27,84.76097106933594,85.15986363233453,83.38519077482529,83.83293176145929,1275700
2022-07-28,87.47996520996094,87.56137097128321,85.29825726787202,85.41222657589549,1696300
2022-07-29,88.4405746459961,88.94530034093232,87.47997168522195,87.68348920902274,2460200
2022-08-01,88.43242645263672,88.89644612827914,87.1706216136814,87.86257990741323,1650100
2022-08-02,85.86812591552734,90.32922705482632,85.68088704004745,89.45002976371335,2594000
2022-08-03,87.04850769042969,88.22077050944439,86.77172065333505,86.84499018495416,2241800
2022-08-04,86.14488983154297,87.43926440145893,85.43664667359941,86.69031525790453,1416100
2022-08-05,86.69843292236328,86.79612353339654,85.37150139617461,85.63200348140366,1277500
2022-08-08,88.60338592529297,89.66167953035125,87.60208318916209,87.60208318916209,1645700
2022-08-09,87.92769622802734,88.64407554151389,87.18688959914287,88.48940026496422,1495700
2022-08-10,90.67110443115234,90.78507372179821,89.31160917069052,89.96286758369023,1581500
2022-08-11,92.86095428466797,93.46336427837441,91.74567627326637,91.80266091847022,1948600
2022-08-12,94.30999755859375,94.42396684879533,92.9179387618227,93.47150654745626,1491100
2022-08-15,92.19343566894531,94.12278397580832,92.07132391595317,93.80529714454579,1989100
2022-08-16,93.227294921875,93.87855341498413,91.68056686974809,91.68056686974809,1567600
2022-08-17,91.85965728759766,92.49463711487422,90.9967450612755,91.82709995263494,1579800
2022-08-18,92.2585678100586,92.38067956972786,91.40379170323583,91.85966898108151,1146700
2022-08-19,90.3698959350586,91.87592391784499,89.75934354656194,91.67240645501276,1459700
2022-08-22,86.89382934570312,89.54769926289927,86.24257707758055,89.12438559916265,1722100
2022-08-23,86.9752426147461,88.20449014983659,86.88570062174189,87.22760855785076,1313900
2022-08-24,86.84498596191406,87.66719838309442,86.22629103631274,86.78800131158638,1070000
2022-08-25,88.11492156982422,88.13934267234735,87.01592848026154,87.23573082469022,1332100
2022-08-26,85.35523986816406,88.36730265150722,85.3470974289693,88.32659666639476,1538400
2022-08-29,84.37837219238281,85.55877142417685,83.80851936152246,84.59816839984995,1771700
2022-08-30,84.49232482910156,85.51805475337811,83.92247211078742,84.70398476509601,1592700
2022-08-31,83.01886749267578,85.257560158784,82.84790731443289,84.97263066895361,2294500
2022-09-01,82.48971557617188,82.57112133497225,80.38941346047133,82.37574627167909,2114600
2022-09-02,81.83846282958984,84.46791187838758,81.54539710864454,83.78408979256129,1908300
2022-09-06,82.25364685058594,82.83977833913588,80.44641016451102,82.50600660393185,1839900
2022-09-07,84.22367858886719,84.24809969429843,82.14780388601848,82.47342690624973,2056900
2022-09-08,84.91097259521484,84.95237263325143,82.60063819728435,83.38730841493124,1868000
2022-09-09,85.92952728271484,86.20279414464312,84.96067893703236,85.6645429578002,1441400
2022-09-12,87.15506744384766,87.62707088180848,85.98747633442044,86.7244703654911,1668300
2022-09-13,83.14718627929688,85.37470835446122,82.84079561928422,84.58803799952263,2172100
2022-09-14,82.83250427246094,82.97327578328083,81.43305274635308,82.71657404970064,1961600
2022-09-15,82.42676544189453,83.81793471880212,82.31083519529595,83.25484224201276,2019200
2022-09-16,82.55924224853516,82.64205497049306,80.82856502446222,82.1617689811214,2630700
2022-09-19,83.0395278930664,83.0395278930664,81.15151408638228,81.40821583375947,1288800
2022-09-20,81.41650390625,82.65033646597774,81.06043065935519,82.01272016316447,1525400
2022-09-21,79.20553588867188,82.83250948107708,79.17241206326844,82.39362985049816,1790000
2022-09-22,76.33212280273438,79.32148067857536,75.96776697414106,79.155861521158,2789000
2022-09-23,74.67595672607422,75.35497936434065,73.31791144954137,75.15624272618857,3334500
2022-09-26,72.34078216552734,74.0963070717696,71.23115608470025,74.02177688237033,3618400
2022-09-27,73.72366333007812,74.48549233380248,72.8210628117419,73.20197731360408,2611900
2022-09-28,76.62194061279297,76.98629640420856,74.03006266149599,74.96578711395738,2864600
2022-09-29,73.80647277832031,75.70276914814563,73.2516629147321,75.56199762772303,2924900
2022-09-30,74.31988525390625,74.94922532696889,73.21026548707967,74.23707884585895,3000300
2022-10-03,75.33841705322266,76.10852859714159,73.78991142985006,75.80213795959155,2247500
2022-10-04,79.3877182006836,79.4374007827,76.45632582495878,76.45632582495878,2520100
2022-10-05,79.30489349365234,79.64440793340717,76.04227597371371,77.23470198604426,2246500
2022-10-06,78.40230560302734,79.78519223564378,77.97170848018374,78.85775033483473,1596100
2022-10-07,76.6302261352539,78.09591925903753,76.20790520763173,77.40862033170961,1811700
2022-10-10,76.62194061279297,77.84749698172998,76.25758482137739,77.37549348727079,1425700
2022-10-11,78.51822662353516,79.44567473319708,75.6282409236294,76.77926694592698,2178100
2022-10-12,77.57421875,78.46026048909403,76.83723105662848,78.26980008488952,1912200
2022-10-13,79.35459899902344,80.01705662951177,75.16452621436794,76.03400935668164,1788200
2022-10-14,79.37943267822266,81.14323376841618,78.78321644555898,80.33999836150672,2161700
2022-10-17,82.10380554199219,82.74970435301407,80.8202841381342,81.1515160795547,3178200
2022-10-18,81.69804382324219,83.69370522792744,80.59670038268617,82.9318762401523,2307700
2022-10-19,81.1763687133789,82.51785542061941,80.53046981209727,81.06043846533989,2128000
2022-10-20,81.40821075439453,83.58605631539639,81.31712182048143,81.84709035358135,2096500
2022-10-21,83.66887664794922,83.69371793993098,80.55530625917514,81.25089402328578,2364600
2022-10-24,84.78677368164062,85.17597074548864,82.83251214407643,84.09946849730154,1470400
2022-10-25,87.64363861083984,87.99971185964328,84.91927171194678,85.0931670681916,2379000
2022-10-26,87.38694763183594,88.35579601524961,87.04743941375055,87.56084300954673,1650200
2022-10-27,88.09909057617188,89.20043424054604,87.93347774264214,88.52141151471471,1463800
2022-10-28,90.22722625732422,90.35143901180422,87.41176453257793,87.72643768629032,1454000
2022-10-31,90.24382019042969,90.72409997418674,88.91061592256797,89.31637182043562,2144100
2022-11-01,94.26824188232422,94.83133425153075,90.64126846514665,91.0884306099039,2451000
2022-11-02,92.42163848876953,95.51864349391079,92.31399079506623,93.92045525349583,3161100
2022-11-03,93.2248764038086,93.90389904511098,90.10302370683118,91.2457735961935,1563000
2022-11-04,95.70082092285156,95.89955755556873,93.2579972626268,94.52495356249975,1588700
2022-11-07,96.77732849121094,97.00918896185634,95.03836232592244,96.47093783058723,1522100
2022-11-08,95.57660675048828,97.27416643358897,94.9307079653783,96.76903916467506,1848600
2022-11-09,93.50639343261719,96.10655304178898,93.2082853981382,94.89756215427845,1740100
2022-11-10,99.4023208618164,100.43741666429567,97.28244668001034,97.4894658405062,2990900
2022-11-11,99.53482055664062,101.00880244496847,99.31124261902985,99.46029668334506,1999000
2022-11-14,97.3238525390625,99.01312974781295,97.30729378503132,98.49971992471346,1551600
2022-11-15,99.5016860961914,100.13930229075278,98.09395210242624,98.96343504909657,1692200
2022-11-16,95.71736907958984,98.590795829927,95.65940397155954,98.53283072189669,1832500
2022-11-17,95.88301086425781,95.9492585227389,93.953590455636,94.38419391803865,1817200
2022-11-18,97.63024139404297,98.11052738252471,96.67795195280466,97.71304779812377,1507700
2022-11-21,97.0340347290039,97.8289876583428,96.10658648591306,97.00091090056591,1315200
2022-11-22,98.85579681396484,99.08766360305052,97.27417355990558,97.65508809396029,1541600
2022-11-23,99.04625701904297,99.51826049689805,98.036002409456,98.54112971424948,1116000
2022-11-25,99.94884490966797,99.94884490966797,99.12905082972915,99.34435251860512,548200
2022-11-28,95.858154296875,99.46028644294002,95.64285259998174,99.20358470438646,1735800
2022-11-29,97.26588439941406,97.43977974109214,95.66769618183152,96.15626469983297,1765200
2022-11-30,98.90548706054688,99.11250624390019,96.41297432401034,97.16652086619983,2503100
2022-12-01,98.54940795898438,100.03166598188005,97.50602956789395,99.51825616327791,1848600
2022-12-02,98.82266998291016,99.3940449254854,97.29901189300793,97.39010083509163,1738100
2022-12-05,97.45633697509766,98.83922337941699,97.19962893331088,98.11051824654932,1455800
2022-12-06,97.92835235595703,98.58253370738447,96.64483094327777,97.83726341349727,2218400
2022-12-07,98.58253479003906,99.65903072172166,97.10027672195268,97.390102306724,2318300
2022-12-08,98.47323608398438,99.75964256851894,97.99398648357517,99.6083002518259,1976400
2022-12-09,98.16214752197266,98.84318477969529,97.61563321214112,98.20418955146472,1162600
2022-12-12,99.73440551757812,99.82689283190926,97.15318323286306,98.16212758866051,1698000
2022-12-13,101.09648132324219,102.5342299391563,99.77644267017166,101.28145595477123,2386400
2022-12-14,100.65087890625,102.41653502302034,100.03710635477944,101.21420615615114,1779900
2022-12-15,99.38968658447266,99.89415880134023,98.22939984420603,99.47376421816521,1928300
2022-12-16,97.80060577392578,98.30507804341019,96.56464454412557,97.5988181490746,3919600
2022-12-19,97.21204376220703,98.22939786320806,96.00971502198541,97.67447394554632,1368100
2022-12-20,97.24566650390625,97.53994139421914,95.68179832714459,96.69074264099207,1146300
2022-12-21,97.99396514892578,99.29718431171388,97.75853882943785,98.37231765092945,1335300
2022-12-22,97.83421325683594,97.90147791960051,95.89199262616566,97.09432121055947,1081600
2022-12-23,99.13745880126953,99.17108472471264,97.2372733911038,97.68289064591991,680200
2022-12-27,99.29720306396484,99.65874267592312,98.49004620313737,99.26357072625797,1234200
2022-12-28,96.74120330810547,99.96142748392985,96.54782538432687,99.49899085800271,983700
2022-12-29,98.64138793945312,98.92725960093598,96.9682192402596,97.48950443489089,972800
2022-12-30,98.7759017944336,99.09539932859461,97.29611124967079,98.00237098246191,1265300
2023-01-03,98.82636260986328,100.2052563745301,97.71652113062629,99.32242515514754,1313800
2023-01-04,101.87002563476562,102.83692811226467,99.22153829165086,99.9025755115585,1808700
2023-01-05,98.7254409790039,100.69289053755742,98.51524373296718,100.55836122103268,1390600
2023-01-06,99.94461059570312,100.49952811030114,99.02814706797582,99.06177940442302,1501000
2023-01-09,99.48217010498047,100.55837917043526,98.88521058944575,99.91097435955487,1474900
2023-01-10,98.2462158203125,99.0281500256047,97.06070639502512,98.88521740246942,1329100
2023-01-11,102.03816986083984,102.26518010464761,98.49844837488956,99.04496259517525,1660600
2023-01-12,105.9310302734375,106.30097957680515,102.11384650822959,102.57628313743913,2304200
2023-01-13,105.577880859375,106.04031740323025,104.40077490523458,104.51848485917749,1560400
2023-01-17,105.1154556274414,105.6199342440131,104.64461576100072,105.09864266708799,2021200
2023-01-18,102.7864761352539,105.82172555516517,102.52583354500128,105.61152826245504,1483900
2023-01-19,101.67662048339844,102.3324349186911,100.92831873905561,101.81114339629137,1274300
2023-01-20,103.96357727050781,104.13173253072503,101.23942228377467,102.30722165704914,1651900
2023-01-23,105.07341766357422,105.34246992618164,103.6524819938631,104.14014122443652,1097900
2023-01-24,105.47700500488281,105.6451666975857,103.58522926128595,105.03979743328067,1353500
2023-01-25,105.25839233398438,105.55266724401625,104.67824578655589,105.09864034794768,1016900
2023-01-26,106.2168960571289,106.28416072941855,104.99774792704996,105.89739207110921,1205800
2023-01-27,108.1338882446289,108.3609048971855,106.06554779816409,106.22529336749488,1480600
2023-01-30,105.89739990234375,108.33569634281646,105.84695460175213,107.16699342317172,1429900
2023-01-31,108.00776672363281,108.2179639855795,105.66195809583104,106.04872028804759,3802900
2023-02-01,108.4029312133789,109.26053967740006,106.67931742774087,107.53692589176202,1467100
2023-02-02,110.8075942993164,111.89221946640332,108.89059610059317,109.30258739475065,2066900
2023-02-03,109.142822265625,109.54639740902186,107.78915141000519,109.31097750625516,1391800
2023-02-06,108.15911865234375,108.92423987848763,107.43603945071568,107.99096338370516,1379600
2023-02-07,105.85536193847656,107.49489831840799,103.59363692974482,107.49489831840799,2443100
2023-02-08,104.45964813232422,105.64516398021354,103.70293657140684,105.1827273555661,1614400
2023-02-09,104.60258483886719,105.76287159659535,104.27467115752052,105.41814495414205,1750000
2023-02-10,104.55213165283203,104.80437096886357,102.99667297653698,103.92153977746547,1171500
2023-02-13,105.75445556640625,105.81331054881835,104.40078455621591,104.67824650817809,1338400
2023-02-14,105.44336700439453,106.8054412783668,104.6698361359808,105.35928296031707,1387900
2023-02-15,105.53585052490234,105.56107958757872,103.88790457254498,104.36715412800243,859700
2023-02-16,104.55213165283203,105.4854081415515,103.72816186125861,104.26626641506108,959500
2023-02-17,103.97199249267578,104.66143935980688,102.9041866478468,104.33352567991709,1292400
2023-02-21,101.41597747802734,103.29934315312319,100.94513124821984,102.76123867452438,1612400
2023-02-22,101.81956481933594,102.64354100911096,101.21419560476036,101.94568447482455,1399500
2023-02-23,102.82850646972656,103.49272419423284,101.71025546010495,102.81168709598295,1053000
2023-02-24,102.433349609375,103.0218994825353,101.1385334737098,101.3571404614747,1047600
2023-02-27,103.00508117675781,104.37556519013256,102.56786722391224,103.77019597216928,1330200
2023-02-28,102.65194702148438,104.32512209384157,102.58468876284606,103.05552864687583,2118700
2023-03-01,101.94567108154297,102.69397281383058,100.34817062288994,102.69397281383058,1655500
2023-03-02,103.29094696044922,103.42547630502953,101.05445113185519,101.28146138244422,1277700
2023-03-03,104.32511138916016,104.61938628648355,103.1900474053633,104.05605913807712,1060900
2023-03-06,104.13172912597656,105.35928044661908,103.85426718244942,104.62779803240798,779000
2023-03-07,101.40758514404297,104.32512467192342,100.67609623638106,104.07288534798138,1376100
2023-03-08,102.72762298583984,103.0639399431292,101.60937182910553,101.63459447832754,1244200
2023-03-09,100.09925842285156,102.9153461123942,100.0053881821373,102.83001130555263,1054200
2023-03-10,95.14977264404297,99.84325918702267,94.83402666005237,99.84325918702267,2845600
2023-03-13,95.08149719238281,96.7199490278706,92.63235487357534,93.77585568252134,2279900
2023-03-14,95.74710845947266,98.55466713201054,94.74867758044984,97.30876076397188,2467000
2023-03-15,93.60519409179688,94.04893906050826,91.86433642569021,93.80999896115372,2499900
2023-03-16,93.1870346069336,94.28787126735219,90.27707648247763,92.36780868745139,2496700
2023-03-17,89.01409912109375,92.38487955664138,88.94583517744165,92.38487955664138,3489000
2023-03-20,91.41205596923828,91.79606591289014,89.15918287572076,89.79920378889345,2393000
2023-03-21,93.11876678466797,94.50120761781218,92.74328581239246,92.82862062137455,2114000
2023-03-22,89.01409912109375,92.61528420155354,88.94583517744165,92.23980321363712,1648900
2023-03-23,87.36712646484375,90.23442091807482,86.65884154272133,89.34692439582425,2180300
2023-03-24,88.30581665039062,88.4338156172629,85.60919223071141,86.49668862792372,2022700
2023-03-27,88.15220642089844,89.77358734261456,87.83646046223998,89.60291772263244,2225600
2023-03-28,88.8775634765625,89.20183836390547,87.22204079192838,87.8364618505814,1190500
2023-03-29,90.95975494384766,91.38643548643584,89.99545926142459,90.39654001315802,1580100
2023-03-30,91.78752136230469,92.58968291055308,91.17310030497646,92.12033168325269,1438800
2023-03-31,95.55085754394531,95.65325672429141,92.34221751030157,92.34221751030157,3298500
2023-04-03,95.93486022949219,97.12103172332733,94.76575960484216,96.02019504353082,2154700
2023-04-04,94.98763275146484,96.20793952355886,93.99773714850545,96.08846947683323,1228000
2023-04-05,93.8270492553711,94.72308100425732,92.85421813347494,94.32200025019641,1563400
2023-04-06,93.67344665527344,94.3561381509885,92.78595682572394,94.13426243828681,1145100
2023-04-10,93.49424743652344,94.07453329090212,92.09473564254466,93.4259834911952,1098800
2023-04-11,94.00626373291016,94.77428352937301,93.3065013670712,94.21960401206731,1106500
2023-04-12,93.45158386230469,95.19244143620395,93.30650751484129,95.06443595814993,1317700
2023-04-13,92.96517944335938,93.45159511000574,91.99234811006664,93.30651874508115,1244500
2023-04-14,91.78752136230469,94.32200496846929,91.01096611696894,93.50277906224122,1803800
2023-04-17,95.02176666259766,95.03030209742516,92.09473753716125,92.18007235354887,1464800
2023-04-18,94.9791030883789,95.6276529053794,94.50975182944376,95.31191343175867,984800
2023-04-19,95.62763977050781,95.99458529237486,93.85265368649421,94.13425789254654,1070900
2023-04-20,94.52681732177734,95.20950888648011,93.76732637412589,94.85963417977617,998100
2023-04-21,94.43295288085938,94.94496829528381,93.69052629803495,94.87669783719276,770400
2023-04-24,94.06600189208984,94.69748731650817,92.8627595523581,94.53534661553269,854200
2023-04-25,93.20411682128906,93.75880293623986,92.59823111470976,93.25531641291757,809300
2023-04-26,92.4531478881836,93.91240124752359,91.84726222659928,93.22117425872328,966400
2023-04-27,94.38174438476562,94.86815999270871,92.5470165616017,92.73475706126904,970000
2023-04-28,96.70288848876953,96.99303467499139,94.33054545420156,94.33054545420156,1430200
2023-05-01,96.84795379638672,98.09386027746274,96.4298086614503,96.4298086614503,1332500
2023-05-02,95.61913299560547,96.38715293080728,93.56252920791358,96.01167839889057,1700400
2023-05-03,91.81311798095703,96.42980467501289,91.6168485731457,96.42980467501289,2092300
2023-05-04,92.03499603271484,92.33367112435076,90.30267399059785,91.65098613070134,1621200
2023-05-05,93.48571014404297,94.21106576942822,92.65794884388876,93.31503401942804,1340700
2023-05-08,92.16299438476562,93.63077644814945,92.06912414741237,93.22969570866339,1149600
2023-05-09,90.87442016601562,91.77045190998378,89.50050829759961,91.56564707245303,1434700
2023-05-10,90.9085693359375,91.90700039651455,89.64559838169373,91.55712568333882,1364700
2023-05-11,90.66962432861328,90.98537030539585,89.32984755190034,89.98693278824034,1177900
2023-05-12,90.75495147705078,91.07923286111759,90.11493065350228,90.81468649349017,1010000
2023-05-15,91.24991607666016,91.76193150968568,90.36241962112216,90.98537618023335,936200
2023-05-16,88.51914978027344,91.32670207031988,88.49354347834185,91.20723203715316,1472800
2023-05-17,90.7123031616211,90.8317732153524,88.61302876461764,89.4578610868128,1212600
2023-05-18,90.06373596191406,91.05363150389834,89.57732037002764,90.44774587264534,1394400
2023-05-19,89.91014862060547,91.40353092104749,89.09945797604614,90.90004435994221,1615900
2023-05-22,90.43921661376953,90.45628097191775,89.07383357927526,89.73092530398567,1338400
2023-05-23,88.8604965209961,91.13044036424294,88.7836971405969,90.49895491976524,1329900
2023-05-24,87.17938995361328,88.5959662679226,86.99164943362089,88.32289092355998,1107800
2023-05-25,86.4028091430664,87.33296959293708,85.4811776163229,87.15376454784167,1391100
2023-05-26,87.35005187988281,87.53779238327738,86.10414532446246,86.53082591922131,1057500
2023-05-30,88.3314208984375,88.63009602058379,87.59752973508984,87.87914049766893,1135100
2023-05-31,89.73092651367188,89.97840202924452,88.08393922844135,88.28020864762141,3061900
2023-06-01,88.237548828125,89.89306511850292,87.64019208549796,89.79920137687117,1413000
2023-06-02,90.89149475097656,91.48884493096695,89.54318261827977,89.65411722009837,1517300
2023-06-05,90.9256362915039,92.0094021249295,90.77203101874926,91.06217069471407,1145900
2023-06-06,93.16143798828125,93.52838355425608,90.85736541815122,91.05363484260921,1295500
2023-06-07,96.17379760742188,96.6004781762403,93.08463445597889,93.86118970570145,1832400
2023-06-08,95.18473815917969,95.8527962730004,93.90936050487338,95.53178073343712,1295300
2023-06-09,96.04365539550781,96.31261684326545,94.86371471294973,95.1673810771692,1093700
2023-06-12,95.4016342163086,96.91126172739085,94.66417291958537,96.30394221698023,1480200
2023-06-13,96.26925659179688,97.24964588915533,95.17607463469683,95.54047303325521,1530900
2023-06-14,96.2171859741211,97.56196681957277,95.24546811049002,96.98067432600425,1529800
2023-06-15,96.23453521728516,96.26056225145733,95.07195022901861,95.85279435061591,1409300
2023-06-16,97.85694885253906,98.29075037775506,96.18247470043387,97.37109326246865,3047300
2023-06-20,96.06970977783203,97.58801544941475,95.50576634738668,97.58801544941475,1793000
2023-06-21,96.06970977783203,96.64232447479948,95.13269668902629,95.64457942390193,1539700
2023-06-22,94.63814544677734,96.23453193489395,93.46688261397432,96.10439014918558,1167200
2023-06-23,93.4755630493164,94.25640722088535,92.53855666272051,93.70114172538895,3287400
2023-06-26,96.36467742919922,96.43408726681976,92.86823794532384,93.31938865128441,1567600
2023-06-27,98.09986877441406,98.29074248927598,95.73130972434134,96.34731366568134,1348700
2023-06-28,97.85694885253906,98.28207249385066,96.89390893701668,98.20399139656905,1394400
2023-06-29,99.56613159179688,99.56613159179688,97.17154523092049,97.4491779525231,1304700
2023-06-30,100.19080352783203,101.38809335868521,98.87204317974917,100.85017708258746,3148100
2023-07-03,101.54426574707031,102.14291399321013,99.76567677713136,99.85243576167531,1032700
2023-07-05,102.55936431884766,103.26212072991767,100.26021472031073,100.9456219814164,1748000
2023-07-06,103.3315200805664,103.43563482764475,101.23192232579697,102.0648204445662,1855200
2023-07-07,102.85433959960938,103.73061387481533,102.2643692873703,102.45523638958635,1440200
2023-07-10,104.93658447265625,104.9973164203563,102.56803189306846,102.96712849499534,1456600
2023-07-11,106.72384643554688,106.95809633207821,104.875847816959,105.4397910884496,1649600
2023-07-12,106.22933197021484,108.1380562554836,106.19462704984619,107.92115546764458,1955300
2023-07-13,105.70875549316406,106.2813766999887,104.99732123635191,106.21196686535187,1601800
2023-07-14,105.222900390625,105.56126506198405,104.35529731138925,105.42245201133514,905600
2023-07-17,105.54391479492188,105.83022539666564,103.9561995881095,104.3813232390318,1188200
2023-07-18,105.4311294555664,105.89096467471272,104.71102388825281,105.09276476437579,1325200
2023-07-19,107.07089233398438,107.72159460177099,105.81286397802548,105.84756889328838,1377900
2023-07-20,107.36588287353516,107.55675661328503,105.77816762301902,107.01016242776744,1186100
2023-07-21,107.27912139892578,108.34626947289654,107.10559681259458,107.7302720848146,1131500
2023-07-24,107.9384994506836,108.32024029447955,107.11427257532809,107.30514630686908,1021300
2023-07-25,107.31382751464844,108.72801815778881,107.27912259699463,108.38097560053686,1213600
2023-07-26,107.73027801513672,108.19878449509201,106.75856675533595,107.11428059314544,989200
2023-07-27,106.71517944335938,108.9362412225455,106.69783029414721,108.42435857970872,1412400
2023-07-28,107.99922943115234,108.28553340395875,107.19235833843778,107.80835570309081,1069200
2023-07-31,108.10334014892578,108.91888914498188,107.56543048708969,107.99923201787934,1301400
2023-08-01,108.83213806152344,109.04036095801483,107.59146532864776,107.96453493697504,1406600
2023-08-02,107.63483428955078,108.10334073967819,107.1142737736157,107.76497607335608,1107100
2023-08-03,102.69818878173828,103.83474680703546,99.036902374989,102.92376083821965,2965500
2023-08-04,102.62876892089844,104.87585771631716,102.06482559617655,103.0625704600251,1537400
2023-08-07,103.81739044189453,104.06898951669476,102.68950376071827,102.83699469954223,1048700
2023-08-08,103.24476623535156,103.76532675805913,102.25569925642135,102.87169664720868,889800
2023-08-09,103.07124328613281,103.7219455628905,102.47259507334425,103.09727031811738,1002900
2023-08-10,103.1146240234375,104.485438469018,102.64611756915228,103.72195014682329,1185300
2023-08-11,103.1319808959961,103.24476691388334,102.1082089929189,102.23834415998643,884800
2023-08-14,103.26211547851562,103.71327278608315,102.54200995410228,102.5853861364505,792300
2023-08-15,102.26437377929688,102.81963920117222,101.53558377603174,102.16893691435399,842300
2023-08-16,100.3035888671875,102.30774978906408,100.26888395096759,102.30774978906408,1172900
2023-08-17,99.03689575195312,101.17987648022333,98.98483506454241,100.53784541668675,1193700
2023-08-18,100.29491424560547,100.58990273342681,98.28207537438078,98.47294911015585,1170300
2023-08-21,97.79621887207031,100.64195587567606,97.69210412098006,100.23418137468022,1417800
2023-08-22,96.24320983886719,98.50765440508538,96.14777297061384,98.50765440508538,1753600
2023-08-23,96.85919952392578,97.49255263382308,95.9221866843321,96.45142505006822,1991700
2023-08-24,96.00896453857422,97.63137813835648,95.74000306997333,96.84186274034572,1751500
2023-08-25,96.06970977783203,96.64232447479948,95.3582753850619,96.22587862596632,1080900
2023-08-28,96.8852310180664,97.82224390082266,96.408053312073,96.408053312073,900400
2023-08-29,98.49898529052734,98.55103936174143,96.30395036384276,96.89392077498732,1085900
2023-08-30,98.48162841796875,99.18438480140317,97.72681134811552,98.5163333358192,774600
2023-08-31,98.46426391601562,98.78527941319483,97.85694445571517,98.40353196998558,1573400
2023-09-01,99.69628143310547,99.95655840728884,99.1930700160162,99.21909705150586,1306000
2023-09-05,99.7222900390625,100.26887754119159,99.24510574565062,99.60082614970048,2187400
2023-09-06,100.42505645751953,100.60725230990997,99.12365183819962,99.22776659068823,1921600
2023-09-07,100.95431518554688,101.31597215396546,99.80761224881913,100.26629207755947,1581900
2023-09-08,101.1042709350586,101.21893920600117,100.47799333882718,100.95431183643699,1022500
2023-09-11,101.21012115478516,101.74819189583116,100.65441172884182,101.21012115478516,1349900
2023-09-12,101.86283874511719,102.39208663254414,100.70730667601195,100.77787485560275,1314000
2023-09-13,101.236572265625,101.89813392302709,100.79553116069027,101.89813392302709,1451900
2023-09-14,103.53880310058594,103.77696905608767,101.88931374321679,102.06572748601198,1627000
2023-09-15,102.68318939208984,103.51234206173106,102.52441433113677,103.43295789613099,2880800
2023-09-18,100.77788543701172,102.63025660237605,100.7690627311985,102.61261792050234,1334700
2023-09-19,100.78671264648438,101.30713790692296,100.15161239460792,100.56619209956911,1130500
2023-09-20,100.34567260742188,102.3127121379206,100.31921121827439,101.72171868111627,1560600
2023-09-21,98.47565460205078,100.24864167835821,98.43154780089644,99.7282096896995,2385700
2023-09-22,98.51094055175781,99.56943650186123,98.22867451641336,98.67853832359621,1585600
2023-09-25,98.90787506103516,99.3753842819078,97.84055640231342,98.10518375527884,1576500
2023-09-26,96.2792739868164,98.32570443248481,96.17342169954362,97.93758610890443,2228000
2023-09-27,95.4324722290039,97.36422760716059,95.33544265181877,96.65856590824934,2376000
2023-09-28,95.99700927734375,96.20870712506218,95.01789747823534,95.84705691561625,1984000
2023-09-29,95.29134368896484,97.62886298020084,94.47100693331608,97.16136046790433,2228800
2023-10-02,92.29224395751953,95.44127665762527,91.98351658098996,94.82382190456613,2077700
2023-10-03,91.18083190917969,92.1334754919208,90.06940654460372,91.73654122659138,2202500
2023-10-04,92.12466430664062,92.27461666091807,90.66040466909976,91.62187773719346,1295900
2023-10-05,92.21287536621094,92.51278008838719,91.38371593236542,91.87768654793985,1083500
2023-10-06,92.09819793701172,92.92735055859943,90.69568385825009,91.5336591854219,1123800
2023-10-09,93.00674438476562,93.35957186223521,91.17201189101165,91.46310061670154,882100
2023-10-10,93.6330337524414,94.40044101575846,92.6362764861967,93.00675615201742,1019100
2023-10-11,95.55596923828125,95.80295118500895,94.4710051382951,94.47982784489346,1479000
2023-10-12,94.6915283203125,95.34426730186912,94.20638712000489,95.30898993400423,1604400
2023-10-13,94.40924835205078,95.28250776767824,93.84471633288226,95.16783951463707,1499600
2023-10-16,95.55596923828125,96.08521722837679,94.48865055149183,95.26488048831506,1235800
2023-10-17,97.16134643554688,97.80526261164631,94.99142523748479,94.99142523748479,1470500
2023-10-18,95.7500228881836,96.74677332426387,95.58242512123756,96.59682096949791,1294700
2023-10-19,93.9417495727539,96.1469549617857,93.88000409105113,95.25605010028607,1571600
2023-10-20,93.6330337524414,94.73563658341752,93.57128826309689,94.3122341352311,1506700
2023-10-23,92.80386352539062,94.10052538125433,92.46867472629263,92.83914761946717,1560600
2023-10-24,93.47425079345703,94.64742172182987,93.28901434104338,93.63302585691916,1521500
2023-10-25,92.60100555419922,93.48308788029092,92.40694636569839,93.262567298768,1465200
2023-10-26,93.78296661376953,94.55038044720432,92.68918671729813,92.68918671729813,1388500
2023-10-27,92.21287536621094,94.09170805742654,91.78065696611736,94.09170805742654,1744800
2023-10-30,92.90972900390625,94.10936145388553,91.94825581057921,93.12142686868089,1458400
2023-10-31,96.93201446533203,97.117250923671,92.55688746856706,93.86237211321017,2384200
2023-11-01,99.22541809082031,99.53414549401462,96.99375135233376,97.90229488019958,2080800
2023-11-02,102.1803970336914,102.621438125991,100.61911452804212,100.77788959046009,2049500
2023-11-03,103.98866271972656,105.6910815154087,103.81224898401186,104.11215368067738,1956400
2023-11-06,103.27418518066406,103.99749231259905,102.4891325641646,103.94456280457732,1225500
2023-11-07,101.65116119384766,103.09777561076251,100.95431537732405,103.09777561076251,1661200
2023-11-08,101.82756805419922,102.28624782239028,101.34242016786482,102.0128045026852,911300
2023-11-09,100.37214660644531,102.23334081417818,100.0457737298664,102.23334081417818,1204700
2023-11-10,101.73053741455078,101.91577386110232,100.02811857176437,101.26303494519411,906900
2023-11-13,101.91578674316406,102.06573911459971,100.08105399814579,101.06016586064334,1321700
2023-11-14,106.54670715332031,108.0815282596477,104.61494502879852,104.63259044103096,2105700
2023-11-15,106.32618713378906,107.05831696073301,105.59405730684512,106.29090303890288,1623400
2023-11-16,106.22032928466797,106.55552480365058,105.60287448088836,106.37910433846167,1271600
2023-11-17,107.3317642211914,107.41997109676608,106.41439790975777,107.03185276853367,1121300
2023-11-20,108.27560424804688,108.39909523385984,106.22917354489105,107.27003094656753,1283500
2023-11-21,107.39350891113281,107.75516584698777,106.81133142309893,107.75516584698777,1213700
2023-11-22,106.82014465332031,108.24029742174862,106.29089672099202,108.24029742174862,1190200
2023-11-24,106.5907974243164,107.17297483890763,105.81456760128042,106.90834751777483,767600
2023-11-27,107.35820770263672,107.78161005642256,105.77927999314164,106.59079388066641,1027500
2023-11-28,107.70223236083984,107.95803699949103,106.29090222496517,107.17298440110595,1149700
2023-11-29,108.28441619873047,109.82806009780346,108.12564112849283,108.64606641275584,1151700
2023-11-30,110.16325378417969,110.33966754567332,108.05507770448872,108.07271638873664,2300500
2023-12-01,113.62983703613281,113.70922120494926,109.9427263901946,110.29556062102513,1833600
2023-12-04,115.42046356201172,115.4910182950572,112.5536896249281,113.01236941700952,1920900
2023-12-05,115.35871124267578,115.57041582014173,114.15026291263553,114.5824745848071,1668700
2023-12-06,116.19669342041016,117.29929625565148,115.738020331795,115.90560465676558,1769800
2023-12-07,117.55707550048828,117.63762141443242,115.52544206886274,116.34883216540968,1983700
2023-12-08,118.92642211914062,118.95327075970822,116.66209572140365,117.07378398109377,1394100
2023-12-11,120.62689208984375,120.65374072870594,118.353620841808,118.58631359744012,1452900
2023-12-12,120.36734771728516,120.93118277592053,120.08988902844133,120.29574679659764,1330500
2023-12-13,124.63645935058594,124.94971170742946,119.13226938562153,120.36736151017153,2192300
2023-12-14,131.1877899169922,131.19673491117106,125.76414633203315,125.93419681678924,2874700
2023-12-15,129.1919403076172,131.03561935417594,128.36853667192332,130.2748716358298,3723300
2023-12-18,128.53860473632812,130.00638944932604,128.21640742584182,130.00638944932604,1425900
2023-12-19,129.91690063476562,130.53444662785188,128.431212253787,128.79816185206712,1318900
2023-12-20,128.97714233398438,131.48311964723558,128.9055414214369,129.9168855335133,1215800
2023-12-21,127.28561401367188,129.94373822794392,126.23847624084927,129.83634368400666,2114000
2023-12-22,127.35723114013672,128.2969744886448,127.07082744454269,127.44672205264995,1191500
2023-12-26,128.57443237304688,128.780276514511,127.08874378086995,127.35724385818212,786300
2023-12-27,128.58335876464844,129.22775339437334,128.05531733810363,128.75340924422574,1185300
2023-12-28,129.12930297851562,129.1919589048827,127.83156873377182,127.98371556804724,997500
2023-12-29,127.66152954101562,128.97716754623943,127.42883677210814,128.60127292424409,1227800
2024-01-02,128.0105743408203,128.9055654296362,126.19374352304244,127.07083096626756,1162900
2024-01-03,125.37928771972656,127.08872383192218,124.72594810412308,126.71282924528131,1248500
2024-01-04,125.53144073486328,126.56068864427142,124.82440380870479,125.33454160981059,1162300
2024-01-05,125.88048553466797,127.04397662925176,124.18895299891633,124.89600357500447,1187200
2024-01-08,127.35723114013672,127.53622662164305,125.53144172192447,126.12213910172724,1232800
2024-01-09,127.22296142578125,127.4288191823594,125.52248403865116,126.2026722622075,897800
2024-01-10,129.4873046875,130.04220845116964,127.42883610025677,127.56307930151861,1675700
2024-01-11,129.2188262939453,129.99746422248452,127.74208270613512,128.68182614265413,1554900
2024-01-12,131.22360229492188,131.2325609468601,129.27252807981282,130.22121654451587,1641900
2024-01-16,130.248046875,131.13409293396887,129.4425603897408,130.33755144290865,1934700
2024-01-17,127.19610595703125,130.52547329227974,126.0952709425229,128.54755099462935,1591800
2024-01-18,126.93657684326172,127.95686605046171,125.21819573937115,127.50042555077297,1214600
2024-01-19,126.74864196777344,127.57203218488343,125.46881118166759,127.4825412640017,1550500
2024-01-22,127.10662841796875,128.8339545305585,126.96342657728837,127.83156895875426,1611800
2024-01-23,127.62572479248047,128.4312112471181,126.27427961342683,127.72417435084543,1138600
2024-01-24,126.63227844238281,128.98609542902506,126.05948476250109,128.959246792193,1364600
2024-01-25,127.83158111572266,128.79817314752069,126.88289272983212,128.440168511773,1139000
2024-01-26,127.05292510986328,128.2343060981911,126.84706735247887,128.16270518125023,1010300
2024-01-29,126.8470687866211,126.96342198502529,125.48669231879988,126.96342198502529,1305400
2024-01-30,124.6185531616211,126.65913157211382,124.6006495176051,126.45327380712762,2234500
2024-01-31,124.0547103881836,125.82678884910351,123.14181569041529,125.0302473582852,2292600
2024-02-01,124.76173400878906,124.77963765175238,122.38106844084113,123.79515579242182,2139500
2024-02-02,123.455078125,124.39482153874478,121.25339394584027,122.95388527939767,2028700
2024-02-05,122.4258041381836,123.52665282223194,120.95801954926371,122.04096459077655,2333000
2024-02-06,128.332763671875,129.55889701697592,122.83751927567415,123.05232203992047,3199700
2024-02-07,128.3775177001953,129.49625650662273,127.49147164917215,128.87871050043805,1803100
2024-02-08,128.9682159423828,129.4783537402048,126.90077514263791,128.0374176014927,1226900
2024-02-09,131.5010223388672,131.89482056768895,128.93240251425107,130.01534764351095,2222400
2024-02-12,130.40020751953125,132.00224932192376,129.87216601981845,131.5547537479676,1554500
2024-02-13,128.44912719726562,128.4759758378938,125.5672547470095,127.52728745174996,1567200
2024-02-14,127.85840606689453,129.25458974642612,126.94551148547852,128.92344746913355,1454000
2024-02-15,132.4586639404297,132.9598567000326,129.02190188331392,129.02190188331392,1474900
2024-02-16,134.21286010742188,134.83935109357733,130.55233643653207,130.87453375176622,1792800
2024-02-20,133.26417541503906,134.4724189178249,132.40499156741976,133.44318456840068,1221900
2024-02-21,134.49923706054688,135.07203071456698,132.6197506282895,133.48789293060594,1038300
2024-02-22,135.60008239746094,137.03207346959692,134.2575958885131,135.11679326309047,1658300
2024-02-23,134.56190490722656,135.81488686879513,134.55294625690735,135.5284831881628,854900
2024-02-26,133.82801818847656,135.69854631129095,133.80116954797532,134.59771108129937,1108900
2024-02-27,133.98016357421875,135.922292602662,133.5237230342002,134.4992600457098,1250900
2024-02-28,134.12338256835938,135.25106657066888,132.7451021210922,133.34474458984675,1613300
2024-02-29,132.58396911621094,135.47478628611742,131.71582673455666,135.2957908134677,3365300
2024-03-01,134.6424560546875,134.8751488118865,130.96404228452334,132.40497842457498,1240500
2024-03-04,136.40560913085938,136.69199920731884,134.15917252710773,134.64247541232544,1440800
2024-03-05,134.12338256835938,137.3811500092911,133.7922401924829,135.84176404370427,1696200
2024-03-06,136.32504272460938,136.7009373252698,134.2665605868675,134.7766983818782,1863300
2024-03-07,135.71759033203125,137.19534811048493,134.09478752336818,136.88710840012487,1878700
2024-03-08,136.85992431640625,137.71211409482365,136.0802501430481,136.45194449488642,1044600
2024-03-11,135.8082733154297,137.50360577737746,134.2398639174741,136.54261488806853,1237500
2024-03-12,136.53353881835938,137.276941301485,135.57253420159583,135.8082583183911,2038100
2024-03-13,137.34042358398438,138.899771974311,135.90799825642497,136.4972809406493,1161800
2024-03-14,135.40936279296875,136.8055164400533,134.04040595609146,136.55167032240158,1549900
2024-03-15,136.68768310546875,137.14098176976557,134.43931177038073,134.43931177038073,2985200
2024-03-18,137.75747680664062,138.02945880252395,136.5607753917645,136.89621201432587,1152900
2024-03-19,139.70664978027344,139.8063760368427,138.0294392380389,138.2560885635529,1536300
2024-03-20,140.8852081298828,141.2569163251146,138.70938024766372,138.89069693225258,1995300
2024-03-21,141.2569580078125,143.07922788463097,140.36849630765258,141.61053048884617,1451700
2024-03-22,137.67584228515625,141.49262233275437,137.5579802301684,141.25689822277863,1367000
2024-03-25,136.9506072998047,139.11737463164948,136.85995585580204,138.38303291740615,1084400
2024-03-26,136.59703063964844,138.23796974480254,136.58796964560125,137.20444924669795,1475700
2024-03-27,139.91514587402344,139.94234268301435,137.54892665678796,137.98408943421768,1330000
2024-03-28,141.87339782714844,142.20883435735635,140.25058112644362,140.33217155267118,1904800
2024-04-01,139.14456176757812,141.65584037922287,138.71845989303117,141.50172048491964,928800
2024-04-02,136.02586364746094,138.15637300570856,135.4456418825562,138.03851092056948,1595700
2024-04-03,135.76292419433594,136.79644439946736,135.44560965611126,136.06210291602855,1253000
2024-04-04,134.13107299804688,137.57614563908544,133.65057751699854,136.89619763757432,1172800
2024-04-05,136.1255645751953,136.50634757422043,133.87720738386525,134.19452193852766,918000
2024-04-08,136.31597900390625,136.5879609774266,135.31871637885754,136.26158537591775,1000000
2024-04-09,136.161865234375,136.96873636415785,134.04949163986967,136.45196920788086,1008000
2024-04-10,131.9552459716797,133.2698093516299,131.05770962248891,132.61705815832346,1474600
2024-04-11,133.1428680419922,134.35770499453915,131.13928210263876,132.7983566722704,1333600
2024-04-12,131.28436279296875,133.04316390222067,130.38684025113875,132.49013895378144,1128000
2024-04-15,129.09039306640625,132.58079831495792,128.1565989246316,132.58079831495792,1237700
2024-04-16,127.24092864990234,128.80027701530116,126.50657326251394,128.68241494690992,1301600
2024-04-17,127.77582550048828,128.90907212393722,127.04148390186567,127.793961319865,1019700
2024-04-18,127.25904846191406,128.79119999053756,126.92361191431337,128.42856663278417,1046100
2024-04-19,127.3225326538086,128.28352362091798,126.76950772301842,128.138464726447,1116100
2024-04-22,129.10853576660156,130.07858776644056,127.0505558476014,127.83023014509189,984400
2024-04-23,130.35057067871094,130.97612508663013,129.19918812838975,129.19918812838975,877400
2024-04-24,129.47116088867188,130.30522876196576,128.39230786589238,129.7340818579357,1110000
2024-04-25,129.39865112304688,130.29618758527994,127.45853311902718,128.04782976603735,1741000
2024-04-26,129.0631866455078,130.9670464272774,129.01785401573684,129.68874096904858,1026200
2024-04-29,131.30247497558594,131.31153596755672,129.37141850049449,130.40493876175987,1111000
2024-04-30,127.40409851074219,131.01235135460703,127.13211659448457,129.94257333985524,1835400
2024-05-01,127.08682250976562,129.48025303180276,126.2436935306127,127.2318814202368,1355900
2024-05-02,128.15660095214844,128.72776170494907,126.29807363239422,128.32885666068054,1829400
2024-05-03,129.5799560546875,130.97612375776353,128.63710087229097,129.64342451099918,1257400
2024-05-06,130.9489288330078,131.8645872140788,130.09672507558616,130.8038699309832,1598800
2024-05-07,134.13107299804688,137.33136048513973,131.22090329838264,133.05221995561016,2682400
2024-05-08,134.067626953125,135.11926941587402,133.02503165064272,133.1882263749038,1490800
2024-05-09,135.2008514404297,136.24343273772234,134.09480169593297,134.66594855288866,1364800
2024-05-10,133.92254638671875,135.98958700247022,133.81375914386115,135.7266798877056,1305300
2024-05-13,133.24261474609375,134.82916012180962,132.36321420258216,134.31239298788765,1381700
2024-05-14,135.57257080078125,135.73576552827825,133.56899826858637,133.76845080576126,1087800
2024-05-15,136.2162322998047,138.02036574762315,135.9442503670999,137.7937164426318,1005600
2024-05-16,134.77476501464844,137.33136234142714,134.5118440370402,136.21625147727778,1802200
2024-05-17,134.89259338378906,135.67226754116922,134.2670529263349,135.67226754116922,1258400
2024-05-20,132.69866943359375,135.0558284276862,132.46295906761642,134.8654368690885,851700
2024-05-21,134.14920043945312,134.30332031680697,132.33600588200545,132.54451938271046,1101900
2024-05-22,132.53546142578125,134.36679184415212,132.0277691514393,133.71404068183332,734400
2024-05-23,131.14837646484375,132.79837645459574,131.0577111960713,132.6170597506286,1091000
2024-05-24,134.067626953125,134.412124555759,132.37228042075523,132.9796990142603,1410900
2024-05-28,133.43296813964844,135.46375083074705,133.12472841428513,134.99231641728971,1187200
2024-05-29,133.36045837402344,133.60522966651337,131.98242670784379,132.41758950584622,1131000
2024-05-30,134.57530212402344,134.96513231334333,133.73215946224707,134.26706236964353,1088100
2024-05-31,137.17724609375,137.34044081411088,134.89261684374418,135.47283860826872,2376200
2024-06-03,137.44017028808594,138.02039206616087,135.95335111717029,137.21352093987576,1770900
2024-06-04,138.22889709472656,138.71845356998787,137.00498515620697,137.00498515620697,1208100
2024-06-05,139.11734008789062,139.17173370750174,137.66679284181663,138.60058686800932,1480600
2024-06-06,139.41653442382812,140.1599508645371,138.52807292579067,138.5371339188808,1686200
2024-06-07,139.42572021484375,140.16055786290363,137.26715126750443,137.83664378721622,1776400
2024-06-10,139.6553497314453,140.30752179350392,138.2591736812872,138.88377654332714,1962400
2024-06-11,138.49798583984375,139.05829792751283,138.36939031230634,138.92052201081606,2294100
2024-06-12,140.68411254882812,142.26400834101779,140.3809915405273,141.59346155787043,1818000
2024-06-13,139.49920654296875,141.9149806007303,139.30632024346238,140.730065570461,1073400
2024-06-14,136.7068328857422,139.47164381747976,136.2108115392444,138.4704347509151,1299200
2024-06-17,135.64132690429688,136.15570905945827,135.08101476759694,136.04548831645585,1211000
2024-06-18,134.95242309570312,136.45883402863842,134.69523201075293,135.76074594318257,1143100
2024-06-20,134.32781982421875,135.50355449969814,133.6480925210129,134.5299005355539,1555000
2024-06-21,134.2543182373047,134.6309244274533,133.0969444837613,134.52068967920175,2538500
2024-06-24,138.19485473632812,138.39693540999767,134.19000486447922,134.33697517548623,2240800
2024-06-25,135.82504272460938,138.29592734351905,135.0350946384434,138.0754858414304,1885600
2024-06-26,135.56785583496094,136.61499504996561,134.3645658791769,135.03509882860922,1674600
2024-06-27,137.60699462890625,137.76314533648392,135.26470598351938,135.83421246417666,1641300
2024-06-28,139.43492126464844,139.9768586247693,137.50597409855948,138.48882247804318,3709800
2024-07-01,134.5850067138672,139.0674897684779,133.9971393944496,138.31429133540965,1452500
2024-07-02,135.7423553466797,136.3210422283909,134.19001461157973,134.52988523245298,1142300
2024-07-03,136.1832733154297,137.09263655335374,135.39332523428672,136.43128401956596,619500
2024-07-05,134.1900177001953,136.03629912115548,133.5929700264277,135.94443916402432,962800
2024-07-08,134.90647888183594,135.88013274584762,134.41047156057277,134.81463294167833,784300
2024-07-09,135.5494842529297,137.02832597704509,134.32781959678564,134.69523142630229,1334100
2024-07-10,136.34861755371094,136.431283115921,134.56664068368912,136.02712167952058,719800
2024-07-11,136.6792755126953,138.9756342611752,136.25673933599595,138.35101739334067,1384500
2024-07-12,137.3038787841797,138.48880775089813,136.2108097740257,137.68966537319966,1140700
2024-07-15,137.83663940429688,137.96523493742862,136.1373422890463,137.6896690761858,1187400
2024-07-16,139.1685333251953,139.20528291742767,137.53352686742522,138.54393041587315,1584600
2024-07-17,142.2823944091797,142.9070113295171,138.6725248807511,138.6725248807511,1794100
2024-07-18,140.63819885253906,145.30440161420785,140.31670301432075,141.87823821039623,1226600
2024-07-19,140.9505157470703,141.68535344656226,140.23405284442808,141.4006071667767,993100
2024-07-22,144.8910675048828,145.08395380533682,140.97806293389348,141.189338046017,1708700
2024-07-23,144.0460205078125,145.5891670970627,143.2009480241408,144.2113516355763,1764900
2024-07-24,137.6804656982422,144.21130964469694,137.47838503479613,144.17457407673382,1905900
2024-07-25,137.14773559570312,139.96767102978947,136.36698198551318,138.30510944212708,1118100
2024-07-26,140.03195190429688,140.76678949766904,137.58862286307547,138.04789460695042,1032400
2024-07-29,140.38099670410156,141.25361017568625,138.6541305384547,140.2615815709015,784900
2024-07-30,142.19972229003906,143.04478065961789,140.36263522159933,140.84946217346692,964800
2024-07-31,140.9413299560547,143.191758936629,140.55554333217304,141.79556876267915,1770100
2024-08-01,140.9413299560547,143.853111439244,139.17772795436886,142.38343609657443,1266500
2024-08-02,138.76437377929688,140.57389158631153,137.3957389135893,139.61861250980252,1432900
2024-08-05,135.99037170410156,139.43490992347665,133.8685384035044,136.5139342251984,2049300
2024-08-06,142.8702392578125,143.67856196311297,135.15448003473503,137.88255514926365,1586200
2024-08-07,140.4636688232422,144.11028760018354,140.197297378094,144.11028760018354,1569200
2024-08-08,142.5211944580078,142.83349584395674,140.5922477502343,140.87699395600302,988800
2024-08-09,145.7453155517578,146.7189695534226,142.09869623286073,142.69575799967305,1477700
2024-08-12,140.6290283203125,146.67303276922658,139.40736367165798,144.75328004242493,2035700
2024-08-13,143.2193145751953,143.40302048964344,140.3626434555589,141.75883363391782,1287300
2024-08-14,144.0460205078125,144.92781455428013,142.74167620364534,143.1182824602589,960200
2024-08-15,145.0012969970703,148.161089305118,144.6706207319057,145.12989254375302,1853500
2024-08-16,143.93576049804688,146.2137444037718,143.1641873387328,145.1666053973138,1422600
2024-08-19,146.8659210205078,146.90265659387046,144.1654008628498,144.5236322705476,968400
2024-08-20,146.41583251953125,147.28846008240637,145.44217862396735,146.9669642417827,910200
2024-08-21,148.01409912109375,148.03247391554638,146.0392362012145,146.60872868649173,882600
2024-08-22,148.99696350097656,149.22659940094263,147.6926192552097,148.24375102147354,881000
2024-08-23,152.93748474121094,153.36002089606328,149.19900616436817,149.40108684505483,1325800
2024-08-26,153.72744750976562,154.39798036993744,152.89156952404363,153.85604304481038,1173600
2024-08-27,154.3612518310547,155.4083909543939,152.47823468389427,152.7629809519105,1404200
2024-08-28,154.04893493652344,155.04094957216242,152.41391462907671,154.35204195438672,909900
2024-08-29,152.0189666748047,154.61844675966717,151.4770293114932,154.31532568801924,1296200
2024-08-30,153.71829223632812,153.8560681835796,151.541334158704,152.97426007357694,1747100
2024-09-03,150.56764221191406,152.28531399624706,149.67665393485575,150.68705734673452,1867200
2024-09-04,151.63316345214844,152.88238317929327,150.3931241143413,150.64113478507505,1258400
2024-09-05,150.8064727783203,153.3049123467579,150.5217265213648,153.06609607031248,1013500
2024-09-06,151.10040283203125,151.85361521509915,149.12553995151333,151.16470760340295,1443600
2024-09-09,150.61672973632812,151.06320468394952,148.3286059488774,150.76555471886857,1406600
2024-09-10,152.50491333007812,152.6444278778136,149.87263005186296,151.42595351848647,1155000
2024-09-11,151.9654541015625,152.69095823396557,148.88670965895122,151.05391162322377,1566600
2024-09-12,152.30029296875,153.0816028750744,150.14237319768395,150.68185314045047,1356000
2024-09-13,152.56072998046875,154.26287854734434,151.24923636771888,153.23972448220638,2512400
2024-09-16,153.3792266845703,155.14649136447312,152.8211543062308,154.30936150786724,1794000
2024-09-17,152.86767578125,154.69073222884262,152.4677103958891,153.3978452915639,1288100
2024-09-18,152.86767578125,154.93257638506668,152.0770554428335,153.3978452915639,1786900
2024-09-19,155.38832092285156,155.72317002611527,152.85835307435497,154.93256394391696,1599300
2024-09-20,154.91395568847656,155.92779922672085,153.9745104455465,154.7930336213119,6736200
2024-09-23,156.40216064453125,156.5416893799035,154.40237650543864,154.40237650543864,2274400
2024-09-24,158.22525024414062,158.93214766696605,155.56506383153925,156.16034960674284,1546700
2024-09-25,157.28579711914062,158.75539758328378,156.35566233828877,158.33683977044652,1349400
2024-09-26,154.7837371826172,157.55553494324516,154.2907668685947,157.55553494324516,1085300
2024-09-27,155.992919921875,156.9416472378447,154.78374179395902,155.73246910992873,1397200
2024-09-30,157.21139526367188,157.26720108345953,154.52330613295933,155.4069313959704,1599400
2024-10-01,157.70437622070312,157.89969660311954,154.70004444695738,157.19279918363006,1327100
2024-10-02,156.7649383544922,157.8811116495778,155.79760425051538,156.73703544138834,1321400
2024-10-03,156.58822631835938,156.69054173175056,155.0069855309079,156.44869755860785,1126700
2024-10-04,157.73226928710938,157.87178383727,155.39763592712254,156.58820739759796,1211100
2024-10-07,155.79757690429688,156.90443957224488,155.0534662357601,156.71841545329332,1069300
2024-10-08,155.54644775390625,157.17418374938418,154.79304079255067,156.56030553185136,1087400
2024-10-09,157.40672302246094,157.62996050482292,154.54190586610972,155.15579829805614,805300
2024-10-10,156.1045379638672,157.3974248739773,155.39764056739259,156.45799375847042,741900
2024-10-11,158.84841918945312,159.52741361598717,157.05326584722087,157.13697457253386,1135400
2024-10-14,159.685546875,160.24363347131742,157.6578596809946,158.41126665111094,888800
2024-10-15,162.42945861816406,164.35483043933115,159.98319934235957,159.98319934235957,1374000
2024-10-16,162.80149841308594,163.5083957756039,161.88997025223074,162.5038626472425,1264000
2024-10-17,162.1690216064453,162.86662276473047,160.80172220078788,162.24341990705832,1070800
2024-10-18,164.55946350097656,164.7082884900531,161.2295788822332,162.6340916534531,1060400
2024-10-21,162.03880310058594,164.43853859265872,161.51791564778455,163.96417491496655,1032000
2024-10-22,162.63409423828125,163.26657916281064,161.4249160200977,162.19692969637848,928100
2024-10-23,161.6760711669922,163.05266698157027,160.43898992415953,161.4156203118447,908900
2024-10-24,161.28538513183594,163.00614036484876,160.6063906323839,161.703957188813,1047200
2024-10-25,158.6066131591797,161.89928458571,158.067133193517,161.61094502657178,954900
2024-10-28,160.4668731689453,161.77835256079575,159.51813161916957,159.5832478731581,1101500
2024-10-29,159.964599609375,160.70871038411568,159.05307136150225,160.00181295411494,857700
2024-10-30,160.05760192871094,161.45280416219754,159.61114118795993,160.19711647496717,929400
2024-10-31,157.3043975830078,159.6762442331549,157.22068885473618,158.53218236858274,1794900
2024-11-01,155.98362731933594,159.40653129455413,154.40240075258495,155.43485110845916,1433600
2024-11-04,160.13201904296875,160.13201904296875,155.9929218026153,156.80213457973738,1215900
2024-11-05,162.20623779296875,162.20623779296875,158.98796453326872,159.053080794059,894600
2024-11-06,161.48072814941406,166.22442203955194,159.40653119885187,163.98279341889648,1967000
2024-11-07,163.47119140625,164.59666076116,161.65743138139823,161.93647466046713,1278200
2024-11-08,166.51275634765625,166.92201798082405,163.95488533309,163.95488533309,972000
2024-11-11,168.670654296875,169.15432840432192,166.0290746664212,166.34531711667302,1491200
2024-11-12,165.7686309814453,170.06584936586628,165.71282516233302,168.53113256935342,1516500
2024-11-13,166.65225219726562,168.5311284873479,166.02906357772065,166.84758675215866,1197200
2024-11-14,165.8523712158203,168.15910206461805,165.45241997438572,166.6895012397215,1187600
2024-11-15,167.6754150390625,168.214894960517,164.168802645974,165.54539826360147,1127500
2024-11-18,168.21490478515625,168.60555974570204,166.72668324644923,166.72668324644923,1125600
2024-11-19,168.54974365234375,169.03340355913258,166.60575101507717,167.21964342684555,1160400
2024-11-20,168.27072143554688,168.65208018087762,166.82900938830306,167.84285310300183,1139300
2024-11-21,169.0985107421875,169.99143220893092,167.69399810034417,168.3264971492907,883800
2024-11-22,168.484619140625,171.10760612083763,168.0288479737334,170.289082945271,1836500
2024-11-25,167.52659606933594,170.12166617481716,167.4893969184351,169.41476876584397,4564900
2024-11-26,170.64254760742188,171.0890083661184,167.4149785088054,167.97305090899317,1358500
2024-11-27,170.91229248046875,173.00509606186225,170.40071543313715,170.45652125780376,903000
2024-11-29,170.7727508544922,173.0050686437713,170.7727508544922,171.8144972637917,1291400
2024-12-02,168.69854736328125,170.3727928738731,168.1218683179172,170.3634966350782,1687800
2024-12-03,168.01023864746094,170.05653218843526,166.88476939392388,169.95421680175005,1651400
2024-12-04,168.8287811279297,168.92180029531917,166.76388050792715,168.63346074623698,1128400
2024-12-05,169.1729278564453,170.02865019911474,167.7684151761911,168.01955555490068,1209300
2024-12-06,170.99600219726562,171.1262205198114,169.39616898157038,170.21469226199102,1419400
2024-12-09,171.3441162109375,172.0309564303309,169.63170313411294,170.91130393498065,1638400
2024-12-10,168.6343994140625,170.65730579846834,167.63706606621395,170.65730579846834,1925500
2024-12-11,166.1881103515625,169.22715735130342,165.6329786659649,168.63439667592252,1777000
2024-12-12,166.7244110107422,169.21775877143708,166.09402132665934,166.18811533903673,1509100
2024-12-13,168.9824981689453,169.18949346188091,165.80231081086868,167.1665875275971,1462400
2024-12-16,171.1747589111328,171.9745148375873,168.24862790358875,168.74729451669094,1499700
2024-12-17,169.3212432861328,171.82398015418042,169.1048299458262,169.7069942507539,1681100
2024-12-18,161.37075805664062,170.54436275283538,161.26726040374777,168.8790110063704,1852100
2024-12-19,159.25376892089844,163.93937417068594,159.01854829273861,162.3869094107945,2057400
2024-12-20,161.46485900878906,163.8452907711495,160.2605304632758,160.94737072203054,4887000
2024-12-23,161.24847412109375,161.5965961095342,159.5360607965629,160.89093411778953,1388500
2024-12-24,163.10198974609375,163.19606938357327,160.42987249191935,160.787412441834,441700
2024-12-26,163.525390625,164.08991154290882,161.93529681294257,162.42455976051295,469900
2024-12-27,161.84121704101562,163.98642830243898,161.19202008186434,162.16112804835254,734400
2024-12-30,160.7686004638672,161.38018274962977,158.54811701994902,160.015905891742,852000
2024-12-31,162.02938842773438,162.36810671618898,160.42047296839303,162.0858390830221,1376100
2025-01-02,163.2713623046875,163.93939529168708,161.43664404001203,162.30225434035302,1154500
2025-01-03,165.6612091064453,165.8305610861117,163.35603521163787,163.76062220205645,896900
2025-01-06,164.09933471679688,165.50124057690542,163.64770074019424,164.80499665391852,2050700
2025-01-07,163.87351989746094,166.2539517149861,162.92323364464855,164.47568418417225,2317800
2025-01-08,164.36277770996094,164.64504535103512,162.5562849065062,163.54421447190154,1319700
2025-01-10,160.85330200195312,164.50391687237743,160.04414235954465,162.170531951581,2010300
2025-01-13,162.5845184326172,162.84796441577535,159.79949958057895,160.55220854248626,1257000
2025-01-14,163.3090057373047,164.38161136620727,162.49042808283426,163.37486005621054,1067900
2025-01-15,161.59658813476562,166.47977117373128,160.76860684449235,166.1692781898788,1204400
2025-01-16,162.49984741210938,162.92324172965124,160.64630745888428,161.85063609207128,1195800
2025-01-17,163.84530639648438,165.33190272715802,162.33988839266217,163.23373840809228,1302400
2025-01-21,165.55770874023438,166.11282602904612,163.71357252585585,163.71357252585585,1078300
2025-01-22,162.67860412597656,165.09667942300493,162.39635081690932,165.09667942300493,1517100
2025-01-23,164.52272033691406,164.65444331729879,162.0576126939738,163.0643495390438,902100
2025-01-24,163.9487762451172,166.01871488160097,163.67592663604532,164.03345222482284,1050700
2025-01-27,166.2539520263672,166.45154368870726,163.98642152187563,164.29691450170773,1186100
2025-01-28,165.23779296875,166.92198081513234,164.98376501074225,165.5012389407994,786600
2025-01-29,163.36546325683594,166.68677794703086,162.53748190968358,165.59535059973553,689200
2025-01-30,165.3977508544922,166.77144580829443,164.1651969089237,164.7673612165575,1093600
2025-01-31,163.58184814453125,166.63971657087058,162.89500787172994,165.47301698747557,1504200
2025-02-03,163.158447265625,163.78883685450322,160.50515156998713,161.9352970730982,1306100
2025-02-04,163.10198974609375,163.39366102871764,161.2484500426856,161.2484500426856,1041100
2025-02-05,168.521484375,169.87635762664678,165.56711356222044,168.00399606961696,1998200
2025-02-06,169.518798828125,170.7325452966581,167.27949387702472,170.6290476470679,1382900
2025-02-07,169.3024139404297,170.2056531785187,168.69083164867658,169.83870954615838,1082100
2025-02-10,169.88575744628906,170.23387940898698,168.18276226255327,170.08334910632746,1492000
2025-02-11,173.4799346923828,173.63988300817334,169.1424654243679,169.6787610294622,2155800
2025-02-12,173.0094757080078,173.52694958869412,170.25268256509173,170.25268256509173,1395300
2025-02-13,175.21115112304688,176.0391323683522,172.81189772847597,173.65870064482783,1355200
2025-02-14,174.11032104492188,177.01764471714733,174.05387038825398,175.81331618580356,998000
2025-02-18,175.04177856445312,175.94503210505437,173.9973983878492,174.43961432296163,1135200
2025-02-19,174.9382781982422,175.54986044379692,173.3858277993874,174.53370561015956,783100
2025-02-20,175.6721954345703,176.406082709318,174.46785250611532,174.46785250611532,940600
2025-02-21,172.93423461914062,176.41549756643903,171.03364763880714,176.14264791383079,1367600
2025-02-24,173.7339630126953,175.1735122145266,173.00007574731973,173.51756403873298,1657000
2025-02-25,172.93423461914062,175.23939424932945,172.23797628698898,173.8751172728283,1356700
2025-02-26,173.3482208251953,175.0982630903112,172.36029119288756,173.76219712251697,1078300
2025-02-27,171.7863311767578,175.09824164684375,171.72988052297856,174.1008941220747,954100
2025-02-28,175.08883666992188,175.22997767160675,171.5323016497422,172.82130619610317,2573100
2025-03-03,176.67892456054688,178.899407958724,175.05120176459997,176.21788694139798,2047200
2025-03-04,172.7272186279297,176.74479109854283,171.92746272525716,176.44370179414386,2894800
2025-03-05,172.5390625,173.46112346401648,170.13040524729504,171.3065085430869,1772800
2025-03-06,164.2216339111328,170.89250209975972,164.01465295838454,170.45968980992814,1949500
2025-03-07,160.98501586914062,165.2095694831004,159.6207246369232,164.01465893823513,1898700
2025-03-10,157.45095825195312,161.41366978644328,156.2888312838385,160.27058383402823,2140500
2025-03-11,155.726806640625,158.09872133417753,152.68809299761804,157.74627357556452,2565500
2025-03-12,157.96536254882812,159.4513757985271,156.22215022587295,156.6603407012307,2003000
2025-03-13,151.91651916503906,159.59426437687216,150.71628098612285,158.11778609392564,1832900
2025-03-14,153.56446838378906,153.57398889160555,151.18303326828237,153.26915821996002,1887500
2025-03-17,158.94651794433594,159.8419399410648,153.93598331524737,154.55515067802665,2279300
2025-03-18,156.9842071533203,160.11816939846116,156.75558414750054,158.66073225728567,1340200
2025-03-19,156.9842071533203,158.13681362006943,155.13621116120848,156.9842071533203,1674500
2025-03-20,156.6508026123047,157.65100829096454,154.50751095880213,156.8222735028508,1445800
2025-03-21,154.41226196289062,156.13641869729133,152.3261224320516,155.5553479354372,3094000
2025-03-24,158.24159240722656,158.5368880294039,154.02169645265795,154.79327908741195,1300500
2025-03-25,157.89866638183594,160.69923636278054,156.46028482552225,158.40352945621018,1661800
2025-03-26,160.46109008789062,160.55635330354085,158.3082780443798,158.3082780443798,1630100
2025-03-27,157.98440551757812,161.51844695825184,157.6129022347421,160.47062426736548,1665700
2025-03-28,156.48886108398438,159.43231135950947,155.37435120883777,158.9750798931964,1309300
2025-03-31,158.20350646972656,158.87030542510394,155.8220712468594,155.9077994264521,2409200
2025-04-01,158.5749969482422,159.55614701784032,155.91730731496108,158.73693278607504,1483200
2025-04-02,162.32815551757812,162.75681095462355,157.717700372002,157.95584389648582,1417900
2025-04-03,145.915283203125,157.17471523500208,144.6769485899805,155.97447718767114,3770000
2025-04-04,139.1234588623047,143.56245793273888,135.979961229826,140.86667131790767,3680100
2025-04-07,136.54196166992188,143.39097145674313,131.56000342792404,133.36036781198072,3557400
2025-04-08,133.7128143310547,142.88610705524167,131.96008157294074,141.46676649251407,2703600
2025-04-09,145.915283203125,146.92502388626193,129.8739399972678,132.60783735221094,4323400
2025-04-10,140.68565368652344,144.7912452221363,136.31334259883772,142.88609725868716,2325500
2025-04-11,141.1714630126953,141.95258066468497,135.55128226179045,139.80928917804954,1713000
2025-04-14,142.76226806640625,144.686471715141,141.63823766549407,143.819625842157,1406900
2025-04-15,142.2859649658203,144.5435750906668,141.7906369816165,142.50506743761702,1203500
2025-04-16,141.02859497070312,144.05777355792526,139.87597394237292,142.17168095578455,1435900
2025-04-17,143.26712036132812,144.85793169421243,141.77158677534237,142.019250776777,1267300
2025-04-21,140.21888732910156,141.67632435964256,138.9233861313845,141.26672452399237,1701000
2025-04-22,143.56243896484375,144.9627094215834,140.98095693895198,142.25740265523922,1495900
2025-04-23,146.01055908203125,150.79248520581464,145.6009591897296,145.734318984331,1862300
2025-04-24,148.79205322265625,149.8398904179014,144.63883007578764,145.40089216913634,1696800
2025-04-25,149.23023986816406,150.28759754379544,148.163347150465,148.91588871755744,1421800
2025-04-28,150.99249267578125,151.47831469628096,148.77299361198618,149.4683830658142,1551700
2025-04-29,149.36363220214844,150.95442931585941,147.934770952514,149.72560050150196,1284300
2025-04-30,149.9160919189453,150.4114199044065,145.89622871350144,148.1061927047414,2279600
2025-05-01,151.33541870117188,153.22152558641386,149.55411006690164,150.72577195491561,1365700
2025-05-02,154.097900390625,154.7265881853198,152.18321734391017,153.47871856818023,1321300
2025-05-05,153.23106384277344,154.5265651455229,152.70714520285148,153.04055193783634,991100
2025-05-06,152.5737762451172,153.71686214115877,150.7448359044255,152.20227296552554,1139400
2025-05-07,153.81211853027344,155.77441856284364,152.95480778006564,153.25010338213443,1629300
2025-05-08,155.27908325195312,156.57458447957038,152.74524744649835,154.2217255254778,1387000
2025-05-09,155.4505615234375,157.26044640413446,154.79328310340892,155.6029768598466,1612100
2025-05-12,163.30929565429688,163.97609457490853,161.28030829896124,161.36603647408424,2804900
2025-05-13,153.2501220703125,160.03244484338686,152.86908371865687,159.79430132427467,3838100
2025-05-14,153.535888671875,154.23127824017942,150.7067569264559,153.22155200526092,2179200
2025-05-15,155.29815673828125,155.6982361221924,153.30728032722536,153.69783920263657,1279200
2025-05-16,157.2890167236328,157.5938473853283,154.84090906306702,155.76490702053326,1352600
2025-05-19,156.6889190673828,157.17472662612684,154.66945208987573,155.0695314679815,1591400
2025-05-20,155.21243286132812,155.86971134424354,154.19317155358908,155.70777548448766,1661800
2025-05-21,150.6210174560547,154.31700974817787,150.46861664127212,153.81214661983665,2158200
2025-05-22,150.4590606689453,151.53547394215988,148.56344770794885,150.48763672618767,1903800
2025-05-23,149.3350372314453,150.50669923795604,148.6491827556521,148.83017414997622,1268500
2025-05-27,152.61190795898438,153.2310753302294,149.78276162643644,151.04015192138678,1929600
2025-05-28,153.56446838378906,153.58350939942207,151.3259135611622,152.6118943375864,1488400
2025-05-29,155.4886474609375,156.83178026786538,153.5739789842348,154.04074546940757,1337300
2025-05-30,155.33627319335938,155.5458261334696,153.3644377313802,154.42179561639918,3546200
2025-06-02,155.183837890625,155.2028789058329,151.98318858543766,154.44083131398563,1156200
2025-06-03,154.107421875,155.9554177764228,153.63113487092716,154.71706865880822,1651900
2025-06-04,153.95501708984375,154.7456553149716,152.78335504941114,153.85976840358097,994700
2025-06-05,153.1262664794922,154.269352342454,152.81191532353074,153.95500118649255,1065900
2025-06-06,154.41226196289062,155.04094979995887,153.00244187946066,154.4884550972839,1303800
2025-06-09,154.8175811767578,156.07218365957038,153.83319895474798,154.11307940580068,1139000
2025-06-10,155.27117919921875,155.49314270199235,153.69809957205166,154.41226158319824,1328400
2025-06-11,154.12271118164062,156.2458764961917,153.46646624251875,155.7826439082293,1486300
2025-06-12,153.24449157714844,153.80423771652656,152.43383084807618,153.7559956720499,1565000
2025-06-13,151.42051696777344,152.57862070151987,150.01151333809634,151.98026317884404,2090700
2025-06-16,152.34698486328125,154.14202783639234,151.74864211421072,152.6461562378165,1753200
2025-06-17,151.64248657226562,152.9742822289062,150.96692119069306,152.26013498972353,1388000
2025-06-18,151.613525390625,153.0321890363315,150.79320446795975,151.64247650781095,1476100
2025-06-20,151.777587890625,153.3217014816628,151.17923043671502,152.31802838378317,2806500
2025-06-23,153.52438354492188,153.98761617835427,150.4747380292004,152.08641414472348,1340500
2025-06-24,154.52806091308594,155.2904796757283,153.23486179967523,154.01657149172348,1559200
2025-06-25,151.90304565429688,154.39294496260698,151.56527769161164,154.00692022642392,1380400
2025-06-26,154.99130249023438,155.13605808486813,152.08641260011916,152.43384075313992,1788200
2025-06-27,154.89479064941406,156.4292588730334,153.92006860771056,155.21326768701618,2029000
2025-06-30,155.1457061767578,155.30976742875453,152.48210010908764,154.74037577901888,2060200
2025-07-01,158.5331268310547,159.9807416363247,154.4122458954676,154.74036838377964,1772300
2025-07-02,160.0482940673828,160.5211868857399,157.46189594061278,158.64893599277067,1589400
2025-07-03,160.9168701171875,161.94949437379537,159.90353678903614,160.37641487651373,925300
2025-07-07,159.27622985839844,162.03634942420425,158.49452019664605,160.17375872159914,1277600
2025-07-08,157.7417755126953,159.74913671199909,157.46190976356448,158.53314543420495,1790400
2025-07-09,157.23989868164062,158.9866994231351,157.23025321847913,158.87088023570746,1427100
2025-07-10,157.7417755126953,158.899864547628,157.07587026798623,157.29784850015662,1061500
2025-07-11,156.10113525390625,156.74773478893192,155.33873124272668,156.34240439649344,1112300
2025-07-14,156.7573699951172,156.88283465334007,155.08779176092295,155.69579467274292,1434000
2025-07-15,154.3446807861328,157.24957053611456,153.76564370963112,157.24957053611456,1532200
2025-07-16,155.83090209960938,156.2555381115745,153.78494465203033,155.1264003847937,1438900
2025-07-17,157.04690551757812,157.48118702725205,155.715109869638,156.04323236797836,1054200
2025-07-18,157.17237854003906,158.0891983816295,156.39066883588404,157.21097512534897,950800
2025-07-21,158.0409393310547,159.1218351408825,156.7380947515136,157.3943397736409,1502800
2025-07-22,159.78773498535156,160.0676007116445,157.71281152142865,158.0023374380109,1654000
2025-07-23,159.9517822265625,160.94580982991332,159.34377932757954,160.55012493610224,1040600
2025-07-24,159.19903564453125,161.0809319893126,159.04461986088262,159.57541491348752,1339300
2025-07-25,161.27394104003906,161.38010004837736,158.5331272031769,159.74911834113422,1374700
2025-07-28,159.50784301757812,161.6696196826375,159.33413631570934,160.9554577700798,1090200
2025-07-29,162.2100830078125,162.2872909059252,160.29923538870042,161.05199398792337,1125600
2025-07-30,159.68157958984375,162.82772398234334,158.6006837918505,162.47065035514834,1085200
2025-07-31,158.0698699951172,160.2026954928205,157.7224418736872,158.51381165479378,1739400
2025-08-01,155.06849670410156,157.64526411318386,154.1227257856739,157.25922464838695,2149800
2025-08-04,158.21466064453125,159.4499575182412,154.89479477422316,155.67650446647238,1847300
2025-08-05,163.39710998535156,163.63837912530417,154.40260410538664,154.40260410538664,2645200
2025-08-06,161.6792755126953,165.5781930759227,161.45731202633178,164.06301580272452,1844700
2025-08-07,160.54049682617188,162.99178488826644,159.33415108724935,162.89527133879258,1399500
2025-08-08,159.17005920410156,161.3704471598673,159.0542547370239,160.53082059585844,1109100
2025-08-11,159.43063354492188,159.83596390448378,157.5873339108509,158.76472840924922,1190800
2025-08-12,163.3102569580078,163.5032693251786,159.59470630489676,160.23166036987004,1242600
2025-08-13,166.56256103515625,166.84244148587308,163.20409870785244,163.37780542134584,1660300
2025-08-14,166.17654418945312,166.50466670334274,164.5359168941046,165.462382195193,1889000
2025-08-15,167.2284698486328,167.3442743268065,165.2404144351842,166.4178090496169,1581600
2025-08-18,166.53359985351562,168.0294713859982,166.28268526277552,167.33461512221143,1187900
2025-08-19,168.7725830078125,169.9885740963126,166.08001132669966,166.5625495766297,1907500
2025-08-20,168.0487823486328,169.37093249399044,167.41182829905497,169.03314981518113,1017400
2025-08-21,167.37322998046875,168.1066976311718,166.4274590226627,167.1223153623285,810700
2025-08-22,170.39390563964844,171.68710462420458,168.0005200266656,168.84979206471388,1313800
2025-08-25,170.2491455078125,171.24317310493933,169.79555838377615,170.4132067424365,1408400
2025-08-26,170.65447998046875,171.59060536748123,169.8534647149891,170.21053830920457,2020200
2025-08-27,171.9476776123047,172.3819590905449,170.23948809026786,170.45180609756727,1754600
2025-08-28,173.09613037109375,173.26983708143524,170.89575701803784,172.74870222451125,1438700
2025-08-29,174.35073852539062,174.65955537360833,173.1540382645346,173.71378444819788,1716900
2025-09-02,172.62322998046875,172.96101264805455,170.8281870896017,171.27212876192317,2825700
2025-09-03,173.57867431640625,173.95505359367556,171.62921550100876,172.42058536526218,1590500
2025-09-04,175.1807098388672,175.56673459133563,173.4242633455649,174.50515915909722,2103600
2025-09-05,175.8852081298828,178.32685071899107,174.49549548728046,176.4160031983629,1829500
2025-09-08,176.1747283935547,176.54144747153637,173.81993923875814,175.42196985730328,2369300
2025-09-09,175.18836975097656,176.15518757238257,173.97740736974694,175.24696206111003,1889400
2025-09-10,175.03211975097656,175.65712924983183,173.82117222898307,174.7196224522499,2223300
2025-09-11,179.59274291992188,179.84666281412723,175.45206047610563,175.77433310239547,1786300
2025-09-12,178.1962432861328,180.17869603960546,177.834914084204,179.59274310005398,1547300
2025-09-15,179.45602416992188,179.92479248587395,177.00481798604073,177.94233971654248,1570800
2025-09-16,177.26849365234375,179.7587712479496,177.00481334421085,178.98726606155387,1348600
2025-09-17,177.30755615234375,179.8368904070807,176.43840204969118,177.28802041368792,1706300
2025-09-18,175.87197875976562,178.55756902809966,174.49499980948332,177.73724684974502,1898600
2025-09-19,176.4872283935547,178.039984286288,175.82314741277062,176.13565961582242,7083300
2025-09-22,176.89739990234375,177.18060106431176,174.21180946748342,175.530196186976,1401800
2025-09-23,179.81736755371094,180.34471328028536,176.38956817606905,176.4872319668506,1386200
2025-09-24,178.84078979492188,180.35447424681934,178.2060049557175,179.7587757860096,1531200
2025-09-25,178.3329620361328,179.4755568466442,178.20600209005306,178.80171544268572,1303600
2025-09-26,181.0478515625,181.52638029696922,177.9521001204907,178.5380530646815,1368100
2025-09-29,181.49708557128906,181.97559940812974,180.49121110023717,181.12598104361467,1282600
2025-09-30,183.27444458007812,183.73343756519435,180.95995881784663,181.809577155597,1812200
2025-10-01,181.40916442871094,184.01662648285486,180.08101745604654,183.26467198393092,1836400
2025-10-02,180.67674255371094,181.43847242141288,179.57321922821566,181.40917626507064,1494100
2025-10-03,180.8916015625,182.86429397969377,180.36425581605167,180.85254498555685,1146500
2025-10-06,174.97354125976562,180.91113941859558,174.954005520364,180.1201133389655,1568000
2025-10-07,174.72938537597656,175.5106509860989,173.17662947550227,175.04189758058635,1601000
2025-10-08,174.05555725097656,174.1825172064594,172.79577772087376,173.6649318668184,1318500
2025-10-09,174.6512451171875,175.09070233547632,173.32309814323392,174.53406049935074,923300
2025-10-10,171.1941680908203,176.0282273883334,171.18439277154408,175.40321791210908,1621100
2025-10-13,172.36607360839844,173.5184288741836,171.43832718398787,172.34653786959115,1124000
2025-10-14,171.71176147460938,172.4051237115075,170.55939135068834,172.11216214741086,1528600
2025-10-15,174.1824951171875,174.97352110570446,172.49301893792278,172.5906678208772,1409400
2025-10-16,172.6004638671875,175.14933397038405,171.9461581573543,174.3778287249696,1069200
2025-10-17,173.9188232421875,174.5536080684352,172.2293469811136,172.29769971235137,1045500
2025-10-20,174.28993225097656,175.23721440418643,173.02037746716314,174.44618835697875,685200
2025-10-21,174.53407287597656,176.438397557869,173.89930294914643,174.46570524312298,1073300
2025-10-22,175.76455688476562,176.8192632286719,174.63173739070524,175.80362836124482,919800
2025-10-23,174.52432250976562,176.37981540383473,173.8309453285233,175.68643822259241,1168200
2025-10-24,173.9188232421875,175.6278352413588,173.8797666673948,175.3055626190611,1229500
2025-10-27,175.56924438476562,175.73526090646536,173.55749548470712,174.34852151808914,1005000
2025-10-28,172.62974548339844,175.1493192158015,172.4734893833885,175.1493192158015,962300
2025-10-29,169.57305908203125,172.44420173032833,168.3523361806398,171.57504762059372,2293400
2025-10-30,169.2898406982422,171.5457340062248,169.06521697823447,169.9441463186362,1571500
2025-10-31,171.6433868408203,172.3270035329003,168.15701025765892,169.50469300314055,1912300
2025-11-03,172.53208923339844,173.53796370638057,169.7293142360019,170.37385950065138,1965500
2025-11-04,178.3134307861328,180.6865238380047,173.88953221559655,173.88953221559655,2382100
2025-11-05,177.1512908935547,179.81736027973997,177.10247390154098,178.57710171371613,1809900
2025-11-06,176.50677490234375,178.28413973610216,175.5790135562964,177.28802565484247,1099500
2025-11-07,179.29977416992188,179.38766263682538,176.46768828024022,177.2001219739059,1040800
2025-11-10,178.65524291992188,180.49121495745962,178.0302333818201,180.0615181060016,1282300
2025-11-11,180.6669921875,181.33105830340773,179.55369348034665,179.55369348034665,1251700
2025-11-12,179.50485229492188,181.02831203625908,179.46579572011413,180.02243759418639,1480000
2025-11-13,179.30953979492188,180.8037033812764,178.49897802889262,178.7138264440523,1467800
2025-11-14,178.4501495361328,179.75877579016168,177.2294266546374,179.5243916324097,792100
2025-11-17,176.75091552734375,179.32908169646745,175.64737725713235,179.32908169646745,1418200
2025-11-18,177.66888427734375,177.89350801701087,175.56924687741144,176.04777561244734,945400
2025-11-19,175.9110565185547,178.31343082688238,175.88176036123866,177.85443782706156,1132400
2025-11-20,175.8524627685547,179.81736830791826,175.7059670817679,178.42085358117652,1184700
2025-11-21,178.7919464111328,179.17281132962208,176.08682050722626,176.46768542571553,1331500
2025-11-24,178.3817901611328,179.19235191243135,177.20989921881517,178.79195124587392,1425900
2025-11-25,180.79393005371094,182.3271501054354,178.89936592879963,179.13373516394677,1368100
2025-11-26,181.2138671875,182.53225385468858,180.2568246247111,180.2568246247111,1180100
2025-11-28,181.95608520507812,182.8154640195592,180.10057740045588,180.72558694798894,506300
2025-12-01,180.8037109375,181.88771347696243,180.33495751274407,180.6669905677211,1073300
2025-12-02,177.9032745361328,181.51661141642157,177.10248804549292,181.22364983533558,1242700
2025-12-03,178.03021240234375,179.3290632224995,178.00091624786964,178.22552506597145,1791700
2025-12-04,179.02633666992188,179.61227469455284,177.90326271192583,177.95209460599557,1285800
2025-12-05,178.2841339111328,179.41696832720766,177.88373322764738,178.41109385989708,1642400
2025-12-08,175.8524627685547,178.8407900016158,175.7352632388448,177.98139632362088,1840000
2025-12-09,176.8094940185547,178.08880913369603,176.23331643105462,176.29190874145783,1522600
2025-12-10,179.57754516601562,181.10986419925007,177.21481333137586,177.28402194051026,2038500
2025-12-11,179.77528381347656,180.9121574576081,179.0832580286641,180.22014675749753,1451500
2025-12-12,179.94334411621094,181.3471415734203,179.56767469642884,180.45740059257355,1239800
2025-12-15,182.0688018798828,182.25663658263042,180.18058945764324,180.56613934260355,1498900
2025-12-16,180.447509765625,182.75092855144078,180.17070549893222,182.60264593882007,1583400
2025-12-17,182.1182403564453,182.7410575310925,180.31899744510986,180.8923820514244,1442600
2025-12-18,182.9585418701172,184.94560433072112,181.45587934069604,182.8794527807054,1144300
2025-12-19,182.82012939453125,183.40340955849234,181.85131442232233,182.918994530037,4492200
2025-12-22,184.5303955078125,184.8368562973307,181.5349660523199,182.06879854298043,1160900
2025-12-23,185.45968627929688,185.59808842236058,183.65056285479832,184.4216626639679,937900
2025-12-24,186.1417999267578,186.89313876992387,185.74636954539827,186.01329334940212,437200
2025-12-26,185.56842041015625,186.7547265750788,184.27335354880694,186.17146151432456,492000
2025-12-29,185.4794464111328,186.55702211092742,184.95549436582357,186.37906787938158,746400
2025-12-30,184.69845581054688,185.80567288827802,184.1151907488636,185.27184039285802,768400
2025-12-31,182.99807739257812,184.86651374630515,182.9387643471743,184.54027691188278,1096500
2026-01-02,181.87109375,183.73953020105935,180.7935331431604,182.36538926704958,987600
2026-01-05,181.02090454101562,183.0870561783445,180.9714719724566,180.9714719724566,1480600
2026-01-06,184.1745147705078,184.83686896074553,179.92357025845013,180.07185288137566,1204000
2026-01-07,181.851318359375,185.5585347505747,181.8117813551378,184.52051114409835,1203600
2026-01-08,182.86956787109375,185.30150848691846,181.26805520012522,181.26805520012522,1630900
2026-01-09,182.58287048339844,183.90757877607894,182.02926194823056,182.61252700601807,1169300
2026-01-12,182.72128295898438,183.00796772210043,181.02090517061447,182.10836134388666,1344200
2026-01-13,182.2764129638672,183.79883646289647,180.68478085434944,182.75093241899688,1369000
2026-01-14,183.6011199951172,183.95701335514858,180.1805885301097,182.06880094262914,1886100
2026-01-15,180.2300262451172,184.81708796950176,179.28098731439036,184.81708796950176,2103900
2026-01-16,182.81024169921875,182.99807639844465,178.11443455737597,179.51823193487851,1707200
2026-01-20,182.21710205078125,183.73952556763356,181.20873499771187,183.73952556763356,3051300
2026-01-21,183.05740356445312,184.33269447088765,182.45436241843655,183.67032519051173,2352300
2026-01-22,182.9882049560547,185.78590428524336,181.77222713302567,182.80037024755254,1440400
2026-01-23,182.62242126464844,183.64066884395473,181.50532363071866,182.4642581603104,833500
2026-01-26,183.215576171875,183.86804986762962,181.6338245005975,183.07717403199086,976900
2026-01-27,182.45436096191406,183.65056276435598,181.07033953195852,183.36386291369945,1021700
2026-01-28,181.66348266601562,183.63078425079684,181.26805228697413,182.64219321849106,1326400
2026-01-29,187.63458251953125,187.63458251953125,181.6437232271526,183.21557936135054,1687300
2026-01-30,189.12734985351562,190.0566278466563,187.12051124479785,187.6840153794606,3019700
2026-02-02,189.0383758544922,191.29236217097088,188.4452152092286,189.7303865508318,2151400
2026-02-03,187.2589111328125,189.35471928975977,184.07564680874998,188.3661282595466,2276900
2026-02-04,193.3585205078125,194.34711156117996,188.04979137833402,188.20796956720136,1989100
2026-02-05,195.00946044921875,195.67181462678343,192.1722090303801,194.3174497476364,1877600
2026-02-06,197.32276916503906,199.10222089304983,195.5729588754802,197.70831905073493,2322300
2026-02-09,194.3273468017578,197.71820680785555,194.26801866856573,197.35243295236566,1384700
2026-02-10,194.0604248046875,196.35394818095602,192.9433120987231,194.94027022978182,1693200
2026-02-11,192.54788208007812,194.59425769941373,191.66803665331702,193.7539643618903,1354400
2026-02-12,189.2459716796875,195.0885482270349,189.21631515586964,192.17220773556477,2334400
2026-02-13,194.58436584472656,195.82998505825964,189.00871327961931,191.78665154044154,1873500
2026-02-17,199.70526123046875,199.7843503201383,194.56459107956093,194.85129091520065,1761200
2026-02-18,197.35243225097656,200.683979196744,196.4824673170092,199.40870340463454,1687900
2026-02-19,197.44140625,198.9440688738053,196.5615608164941,196.937230243621,1203100
2026-02-20,199.3988037109375,200.4862598558775,196.72961100073223,197.79729110175467,1420300
2026-02-23,197.78741455078125,201.2771396788116,197.51059518454215,199.7744770899659,1356400
2026-02-24,197.10528564453125,199.11212424144338,196.00794899085054,197.92581801482422,1137900
2026-02-25,198.69691467285156,199.18131461876553,196.2451980806306,197.60945851624533,1144700
2026-02-26,200.28854370117188,201.7219976418701,199.23074408487838,199.556980926781,1103200
2026-02-27,201.5242919921875,202.77979176729232,200.14025546851042,200.91135528232525,2113500
2026-03-02,200.84214782714844,202.15697564536077,198.11362705849373,200.16989811432725,1547500
2026-03-03,199.6459503173828,200.95089768381976,195.0687842247055,197.77751392249473,1507800
2026-03-04,200.7828369140625,201.57369764149652,199.3098309025189,199.3098309025189,1121700
2026-03-05,198.7364501953125,200.14024762402292,197.42162233746993,199.20108917833588,1505500
2026-03-06,192.60719299316406,197.7182068295435,191.24293253893555,196.78892884389234,1766200
2026-03-09,190.6300048828125,191.0254352500575,184.97526313993956,189.80947254031258,2370900
2026-03-10,192.07000732421875,194.6699981689453,189.52000427246094,190.11000061035156,1596600
2026-03-11,189.55999755859375,191.0399932861328,188.35000610351562,189.58999633789062,1605800
2026-03-12,187.57000732421875,188.38999938964844,185.77000427246094,188.22000122070312,2192000
2026-03-13,186.82000732421875,190.0,186.3699951171875,189.4199981689453,1404100
2026-03-16,189.3300018310547,190.7899932861328,188.22000122070312,189.6999969482422,1327600
2026-03-17,190.52999877929688,191.91000366210938,190.0800018310547,191.47000122070312,1380600
2026-03-18,189.89999389648438,192.2100067138672,189.77000427246094,190.97000122070312,1732500
2026-03-19,191.30999755859375,192.22000122070312,189.5,189.5,1257500
2026-03-20,184.52000427246094,191.94000244140625,183.2100067138672,191.7100067138672,3861000
2026-03-23,181.49000549316406,186.66000366210938,181.36000061035156,185.9499969482422,2550600
2026-03-24,178.27000427246094,182.05999755859375,177.8800048828125,180.2899932861328,3100000
2026-03-25,181.57000732421875,183.30999755859375,179.0500030517578,179.2100067138672,1749800
2026-03-26,181.8000030517578,182.8300018310547,181.02999877929688,181.16000366210938,1478400
2026-03-27,180.19000244140625,182.13999938964844,179.13999938964844,180.89999389648438,1991400
2026-03-30,182.35000610351562,184.25,181.75999450683594,182.16000366210938,1822700
2026-03-31,186.52999877929688,187.52000427246094,183.3000030517578,184.75999450683594,2296000
2026-04-01,188.08999633789062,188.8000030517578,186.02000427246094,186.66000366210938,1988700
2026-04-02,188.6699981689453,189.25,186.07000732421875,187.5,1299900
2026-04-06,190.22999572753906,190.6199951171875,187.22999572753906,188.47000122070312,1031300
2026-04-07,190.57000732421875,191.0800018310547,188.75,190.08999633789062,883700
2026-04-08,194.0399932861328,195.22000122070312,192.50999450683594,192.6199951171875,1547800
2026-04-09,198.97000122070312,199.6300048828125,193.5,193.74000549316406,1226700
2026-04-10,200.57000732421875,200.6300048828125,198.3300018310547,199.38999938964844,1107600
2026-04-13,200.7100067138672,200.75999450683594,197.3800048828125,200.60000610351562,1372200
2026-04-14,202.9600067138672,203.0500030517578,199.94000244140625,200.47999572753906,2263800
2026-04-15,201.61000061035156,202.52000427246094,199.13999938964844,202.4499969482422,1267200
2026-04-16,201.35000610351562,203.2899932861328,200.89999389648438,201.27000427246094,1436000
2026-04-17,206.22999572753906,206.72999572753906,201.3699951171875,202.10000610351562,1345900
2026-04-20,207.55999755859375,208.1999969482422,205.08999633789062,205.3300018310547,992900
2026-04-21,204.75999450683594,208.27999877929688,204.64999389648438,207.07000732421875,1365400
2026-04-22,201.67999267578125,205.66000366210938,201.38999938964844,205.39999389648438,1186100
2026-04-23,203.66000366210938,204.5800018310547,201.75999450683594,202.7100067138672,806500
2026-04-24,201.16000366210938,203.67999267578125,200.64999389648438,203.14999389648438,1045900
2026-04-27,201.2899932861328,202.0500030517578,198.89999389648438,200.55999755859375,1399000
2026-04-28,202.75,204.0,200.6300048828125,203.25999450683594,1410100
2026-04-29,200.08999633789062,203.17999267578125,198.41000366210938,202.0,1049800
2026-04-30,203.7100067138672,203.9499969482422,199.92999267578125,200.36000061035156,1394400
2026-05-01,202.44000244140625,203.82000732421875,201.38999938964844,203.82000732421875,1014400
2026-05-04,201.50999450683594,202.74000549316406,200.4199981689453,201.41000366210938,850600
2026-05-05,202.30999755859375,203.4499969482422,201.7899932861328,202.19000244140625,967600
2026-05-06,205.50999450683594,206.24000549316406,203.16000366210938,203.72999572753906,1129900
2026-05-07,201.39999389648438,206.02000427246094,200.8000030517578,205.24000549316406,1409500
2026-05-08,202.1199951171875,203.74000549316406,201.6699981689453,202.22999572753906,1081600
